pair_id	specimen_id	tumor	source_platform	target_platform	gene	IDW_spatial_pearson	MAP_spatial_pearson	delta_spatial_pearson_MAP_minus_IDW	IDW_log1p_RMSE	MAP_log1p_RMSE	delta_RMSE_MAP_minus_IDW	IDW_residual_pearson	MAP_residual_pearson	source_guard_supported	source_spatial_score	representative_source_only_pool
COAD_VisiumHD_FFPE_to_CosMx6K	Benchmark_03	COAD	Visium HD FFPE	CosMx 6K	A2M	0.0048749266667161	0.298922333308097	0.2940474066413809	0.3816057929592261	0.2241922200596579	-0.1574135728995682		0.7920192495627737	True	0.0546387881040573	False
COAD_VisiumHD_FFPE_to_CosMx6K	Benchmark_03	COAD	Visium HD FFPE	CosMx 6K	AAAS	0.0039660340885173	0.0185231854960017	0.0145571514074844	0.2018571775698605	0.1765002190287416	-0.025356958541118885		0.4852708506089256	True	-0.0057154288515448	False
COAD_VisiumHD_FFPE_to_CosMx6K	Benchmark_03	COAD	Visium HD FFPE	CosMx 6K	AAMP	0.0033941025197748	0.0883852222398817	0.0849911197201069	0.2750529647257528	0.227759147475821	-0.04729381724993181		0.5633733334982655	True	0.0171602144837379	False
COAD_VisiumHD_FFPE_to_CosMx6K	Benchmark_03	COAD	Visium HD FFPE	CosMx 6K	ABAT	0.0106766888847547	0.0678644318544783	0.05718774296972359	0.2108954869780401	0.1856757477223037	-0.025219739255736395		0.4743502165336087	True	0.022504337131977	False
COAD_VisiumHD_FFPE_to_CosMx6K	Benchmark_03	COAD	Visium HD FFPE	CosMx 6K	ABI1	0.0022327011381701	-0.0130623032606673	-0.0152950043988374	0.2743140207233801	0.2536823281435433	-0.020631692579836824		0.3860064910146645	True	0.0110592823475599	False
COAD_VisiumHD_FFPE_to_CosMx6K	Benchmark_03	COAD	Visium HD FFPE	CosMx 6K	ABL1	0.0040792392256005	0.0010408688748316	-0.0030383703507689003	0.2219229642283873	0.18789470826593	-0.034028255962457316		0.5311238484212525	True	0.001209196052514	False
COAD_VisiumHD_FFPE_to_CosMx6K	Benchmark_03	COAD	Visium HD FFPE	CosMx 6K	ABR	0.0045953201801981	0.0312017687525848	0.026606448572386702	0.2462376712550247	0.2112310264236077	-0.035006644831416994		0.5137288964854099	True	0.0154617307707667	False
COAD_VisiumHD_FFPE_to_CosMx6K	Benchmark_03	COAD	Visium HD FFPE	CosMx 6K	ACAA1	-0.0001943225728464	0.0990946174333259	0.0992889400061723	0.2463815091549325	0.2080714553557607	-0.03831005379917182		0.536583171143128	True	0.0139509234577417	False
COAD_VisiumHD_FFPE_to_CosMx6K	Benchmark_03	COAD	Visium HD FFPE	CosMx 6K	ACAA2	0.0007212925862551	0.0964081653729985	0.0956868727867434	0.2044945903990997	0.1759109308534637	-0.028583659545635992		0.5098960430956333	True	0.0137162273749709	False
COAD_VisiumHD_FFPE_to_CosMx6K	Benchmark_03	COAD	Visium HD FFPE	CosMx 6K	ACAP2	0.0022853117454061	-0.0013482380184124	-0.0036335497638185	0.2072652725899895	0.178310080588724	-0.028955192001265506		0.5098140163854801	True	0.0067536500282585	False
COAD_VisiumHD_FFPE_to_CosMx6K	Benchmark_03	COAD	Visium HD FFPE	CosMx 6K	ACAT2	-8.503506567470439e-05	0.1786436468485318	0.1787286819142065	0.2271858980445389	0.1760505404573476	-0.05113535758719129		0.6535117638174599	True	0.0755639150738716	False
COAD_VisiumHD_FFPE_to_CosMx6K	Benchmark_03	COAD	Visium HD FFPE	CosMx 6K	ACBD5	0.0039241190452793	0.0563873217485142	0.0524632027032349	0.2112556362910628	0.1829512939616958	-0.028304342329367016		0.5001890577041401	True	0.0086944084614515	False
COAD_VisiumHD_FFPE_to_CosMx6K	Benchmark_03	COAD	Visium HD FFPE	CosMx 6K	ACKR3	0.0025389099072555	0.0595372443712284	0.0569983344639729	0.2443008744380517	0.2136251593186995	-0.030675715119352215		0.4862900356776677	True	0.0219673011451959	False
COAD_VisiumHD_FFPE_to_CosMx6K	Benchmark_03	COAD	Visium HD FFPE	CosMx 6K	ACLY	-0.0025682071545616	0.170791126636161	0.1733593337907226	0.2555315995890532	0.2316287908924882	-0.023902808696564998		0.4244887042250778	True	0.0116538414731621	False
COAD_VisiumHD_FFPE_to_CosMx6K	Benchmark_03	COAD	Visium HD FFPE	CosMx 6K	ACOT13	0.0055907794207981	0.0440895748753702	0.0384987954545721	0.2332272835437031	0.204750859154057	-0.028476424389646093		0.478749757540766	True	0.0178766958415508	False
COAD_VisiumHD_FFPE_to_CosMx6K	Benchmark_03	COAD	Visium HD FFPE	CosMx 6K	ACOX1	0.0017669106236337	0.0686307327331962	0.0668638221095625	0.1910880185373428	0.1531865438761424	-0.03790147466120042		0.5992715628773577	True	0.0006638361373916	False
COAD_VisiumHD_FFPE_to_CosMx6K	Benchmark_03	COAD	Visium HD FFPE	CosMx 6K	ACSL3	0.0044709097596358	0.0659895655161821	0.061518655756546296	0.2198535179140558	0.1924069439442999	-0.02744657396975589		0.4842304884990812	True	0.0118599776178598	False
COAD_VisiumHD_FFPE_to_CosMx6K	Benchmark_03	COAD	Visium HD FFPE	CosMx 6K	ACSL4	-0.0053860938355595	0.1316875809737945	0.13707367480935398	0.2275013798836865	0.19654801059632	-0.0309533692873665		0.5038205797242481	True	0.0344372577965259	False
COAD_VisiumHD_FFPE_to_CosMx6K	Benchmark_03	COAD	Visium HD FFPE	CosMx 6K	ACSL5	0.0032882241245522	0.0852224617106484	0.0819342375860962	0.2415897285297047	0.2023078717086364	-0.0392818568210683		0.5502814468354978	True	0.0191036257892847	False
COAD_VisiumHD_FFPE_to_CosMx6K	Benchmark_03	COAD	Visium HD FFPE	CosMx 6K	ACTA2	0.0262990907608726	0.4932007448243414	0.4669016540634688	0.601265504739663	0.4986673656470267	-0.10259813909263632		0.6069365642484456	True	0.0590296760201454	False
COAD_VisiumHD_FFPE_to_CosMx6K	Benchmark_03	COAD	Visium HD FFPE	CosMx 6K	ACTG2	0.0101233006733963	0.2498864393314486	0.2397631386580523	0.3732591158005572	0.2764648963132152	-0.09679421948734201		0.6811012735200336	True	0.0637495294213295	False
COAD_VisiumHD_FFPE_to_CosMx6K	Benchmark_03	COAD	Visium HD FFPE	CosMx 6K	ACTN1	0.002871922140828	0.2206859550504187	0.2178140329095907	0.2777721668202847	0.2228098930059616	-0.054962273814323115		0.5938812744360122	True	0.0085634570568799	False
COAD_VisiumHD_FFPE_to_CosMx6K	Benchmark_03	COAD	Visium HD FFPE	CosMx 6K	ACTN4	-0.0041779467878284	0.1887301939328838	0.1929081407207122	0.4053834934140398	0.345291199333544	-0.06009229408049577		0.5239287882110623	True	0.0218315050005912	False
COAD_VisiumHD_FFPE_to_CosMx6K	Benchmark_03	COAD	Visium HD FFPE	CosMx 6K	ACTR10	0.0008505913468411	-0.0067531062469235	-0.0076036975937645995	0.2327120793275547	0.2088474195998811	-0.0238646597276736		0.4430528712758653	True	0.0043996376916766	False
COAD_VisiumHD_FFPE_to_CosMx6K	Benchmark_03	COAD	Visium HD FFPE	CosMx 6K	ACTR1B	0.0052753027768414	0.0346690375130423	0.029393734736200904	0.2555324699393753	0.2273695869693107	-0.028162882970064584		0.4563726049377114	True	0.010540073737502	False
COAD_VisiumHD_FFPE_to_CosMx6K	Benchmark_03	COAD	Visium HD FFPE	CosMx 6K	ACTR3	-0.0020132135870566	0.1162560507247667	0.1182692643118233	0.2449655544524347	0.2218984454473408	-0.0230671090050939		0.4330532816835922	True	0.0113062197342515	False
COAD_VisiumHD_FFPE_to_CosMx6K	Benchmark_03	COAD	Visium HD FFPE	CosMx 6K	ACVR1B	0.0092088985354984	0.0540779060378494	0.044869007502351	0.2313540909172783	0.206709389693074	-0.024644701224204285		0.4471872678813915	True	0.0182142369449138	False
COAD_VisiumHD_FFPE_to_CosMx6K	Benchmark_03	COAD	Visium HD FFPE	CosMx 6K	ADAM9	-0.0008917714808395	0.1071031578868939	0.1079949293677334	0.2572152533319207	0.2251277757291225	-0.0320874776027982		0.4860828244830912	True	0.0045899432152509	False
COAD_VisiumHD_FFPE_to_CosMx6K	Benchmark_03	COAD	Visium HD FFPE	CosMx 6K	ADAR	0.0034958505230558	0.0261111675343473	0.0226153170112915	0.2721136414181167	0.2070897748710829	-0.06502386654703382		0.6532025405969786	True	0.0227503795176744	False
COAD_VisiumHD_FFPE_to_CosMx6K	Benchmark_03	COAD	Visium HD FFPE	CosMx 6K	ADD1	0.0039237509849396	-0.0035689262534516	-0.0074926772383912	0.2441287669178592	0.2139212224037774	-0.030207544514081808		0.4820877196956416	True	0.0030767214484512	False
COAD_VisiumHD_FFPE_to_CosMx6K	Benchmark_03	COAD	Visium HD FFPE	CosMx 6K	ADD3	0.0176236447808669	0.0908871119839826	0.07326346720311569	0.3059514992864863	0.2473099163730884	-0.05864158291339788		0.6844771792277187	True	0.0573648996651172	False
COAD_VisiumHD_FFPE_to_CosMx6K	Benchmark_03	COAD	Visium HD FFPE	CosMx 6K	ADIPOR1	-0.0001286801965001	0.0388781512666574	0.0390068314631575	0.1980860831130849	0.1502116141107694	-0.04787446900231551		0.6508465596584546	True	0.0048234239220619	False
COAD_VisiumHD_FFPE_to_CosMx6K	Benchmark_03	COAD	Visium HD FFPE	CosMx 6K	ADRM1	-0.0010302250109955	0.1187686599765387	0.1197988849875342	0.2699983550770198	0.2336042103943152	-0.036394144682704604		0.501668046458459	True	0.0001472023286623	False
COAD_VisiumHD_FFPE_to_CosMx6K	Benchmark_03	COAD	Visium HD FFPE	CosMx 6K	AEBP2	0.0012714922765216	0.0234055773654508	0.0221340850889292	0.2019893129436931	0.1567281768714857	-0.045261136072207386		0.6507405260089738	True	0.0169064179062843	False
COAD_VisiumHD_FFPE_to_CosMx6K	Benchmark_03	COAD	Visium HD FFPE	CosMx 6K	AFDN	0.0074320082260431	0.0640581431072904	0.0566261348812473	0.2755770234170651	0.2291143132559611	-0.04646271016110398		0.5812803780173443	True	0.0141318254172801	False
COAD_VisiumHD_FFPE_to_CosMx6K	Benchmark_03	COAD	Visium HD FFPE	CosMx 6K	AFF1	0.0053797690098025	-0.0157271187749235	-0.021106887784725997	0.2223664401856124	0.1869263280313589	-0.03544011215425352		0.5450757317015432	True	-0.0003628401318565	False
COAD_VisiumHD_FFPE_to_CosMx6K	Benchmark_03	COAD	Visium HD FFPE	CosMx 6K	AGFG1	0.0043622119556063	0.0639040828353715	0.059541870879765195	0.242074752637017	0.2081435828958371	-0.033931169741179906		0.512522610889143	True	0.0132789816707372	False
COAD_VisiumHD_FFPE_to_CosMx6K	Benchmark_03	COAD	Visium HD FFPE	CosMx 6K	AGPAT2	-0.0012248472225267	0.1499926734620911	0.1512175206846178	0.2649686224131419	0.2310355714017617	-0.033933051011380194		0.4889645687042255	True	0.0281788054853677	False
COAD_VisiumHD_FFPE_to_CosMx6K	Benchmark_03	COAD	Visium HD FFPE	CosMx 6K	AGPS	0.0018473623612569	0.0541356889684216	0.052288326607164703	0.251494799539956	0.2203878019692276	-0.031106997570728406		0.4817235579808794	True	0.0147514715790748	False
COAD_VisiumHD_FFPE_to_CosMx6K	Benchmark_03	COAD	Visium HD FFPE	CosMx 6K	AGR2	-0.0103659261603047	0.3846130706277116	0.3949789967880163	0.5136201064217547	0.3563665482237543	-0.1572535581980004		0.7241716669223986	True	0.1252487748861313	False
COAD_VisiumHD_FFPE_to_CosMx6K	Benchmark_03	COAD	Visium HD FFPE	CosMx 6K	AGRN	0.0015886127026633	0.1270336299246687	0.1254450172220054	0.2366965851698409	0.1866116819887291	-0.050084903181111806		0.6103062993794649	True	0.0054163136519491	False
COAD_VisiumHD_FFPE_to_CosMx6K	Benchmark_03	COAD	Visium HD FFPE	CosMx 6K	AGT	-0.0132161297321974	0.1569109155951587	0.17012704532735612	0.3419616595949756	0.2958436730418272	-0.046117986553148416		0.5316361517658736	True	0.0577334240078926	False
COAD_VisiumHD_FFPE_to_CosMx6K	Benchmark_03	COAD	Visium HD FFPE	CosMx 6K	AIG1	0.0085164542808141	0.0695313521370202	0.061014897856206105	0.2312734721246863	0.2080288062607286	-0.02324466586395771		0.4342029158645823	True	0.0261190887540578	False
COAD_VisiumHD_FFPE_to_CosMx6K	Benchmark_03	COAD	Visium HD FFPE	CosMx 6K	AKAP1	0.0128341732980131	0.1115898028981346	0.09875562960012149	0.2766641791664092	0.2178524146808385	-0.05881176448557068		0.7044282884893466	True	0.0443749539554119	False
COAD_VisiumHD_FFPE_to_CosMx6K	Benchmark_03	COAD	Visium HD FFPE	CosMx 6K	AKAP13	0.0011454282341828	0.0011454282341828	0.0	0.2334485049258643	0.2334485049258643	0.0			False	0.0114029729738831	False
COAD_VisiumHD_FFPE_to_CosMx6K	Benchmark_03	COAD	Visium HD FFPE	CosMx 6K	AKAP9	0.000231888579343	-0.0168575785151592	-0.017089467094502202	0.2155872166988411	0.1777678832298723	-0.03781933346896879		0.5683856135974575	True	0.0007442872156389	False
COAD_VisiumHD_FFPE_to_CosMx6K	Benchmark_03	COAD	Visium HD FFPE	CosMx 6K	AKR1A1	-0.0024457827798997	0.0999898790180291	0.10243566179792879	0.2525063357370523	0.2111605852711835	-0.041345750465868775		0.5457374129740056	True	0.0023635858669877	False
COAD_VisiumHD_FFPE_to_CosMx6K	Benchmark_03	COAD	Visium HD FFPE	CosMx 6K	AKT1	0.0031444662392127	0.0451491130478111	0.0420046468085984	0.2730940110673009	0.2088161375999115	-0.06427787346738942		0.6520960014822867	True	0.0039211930707097	False
COAD_VisiumHD_FFPE_to_CosMx6K	Benchmark_03	COAD	Visium HD FFPE	CosMx 6K	ALDH1A1	0.0464295452543171	0.2772615322327085	0.2308319869783914	0.3996313317428378	0.3294679165502177	-0.07016341519262015		0.5969762914090707	True	0.1033806800842285	False
COAD_VisiumHD_FFPE_to_CosMx6K	Benchmark_03	COAD	Visium HD FFPE	CosMx 6K	ALDH2	-0.0074800902722209	0.1682425932124901	0.175722683484711	0.3011099972331184	0.2638481535941694	-0.037261843638948966		0.4945396277070389	True	0.010548903606832	False
COAD_VisiumHD_FFPE_to_CosMx6K	Benchmark_03	COAD	Visium HD FFPE	CosMx 6K	ALDH3A2	0.0046794319045614	0.0463144692817288	0.041635037377167394	0.2116293701381646	0.1801361549775273	-0.0314932151606373		0.5287279770108778	True	-0.0005906400037929	False
COAD_VisiumHD_FFPE_to_CosMx6K	Benchmark_03	COAD	Visium HD FFPE	CosMx 6K	ALDH9A1	0.0037099760734791	0.0157834121349584	0.012073436061479299	0.2002192394244368	0.1731689946263099	-0.0270502447981269		0.5019023375986701	True	0.0094680599868297	False
COAD_VisiumHD_FFPE_to_CosMx6K	Benchmark_03	COAD	Visium HD FFPE	CosMx 6K	ALG13	0.0025907795021646	-0.0331772448476733	-0.035768024349837904	0.1972232014039285	0.1690940932597905	-0.028129108144137993		0.5144350859316872	True	-0.0070924581959843	False
COAD_VisiumHD_FFPE_to_CosMx6K	Benchmark_03	COAD	Visium HD FFPE	CosMx 6K	ALKBH5	0.00145824247291	0.00145824247291	0.0	0.1842513018657296	0.1842513018657296	0.0			False	-0.0014042682014405	False
COAD_VisiumHD_FFPE_to_CosMx6K	Benchmark_03	COAD	Visium HD FFPE	CosMx 6K	ANAPC11	0.0134114007262505	0.1247380954960685	0.111326694769818	0.3086224094365414	0.2498873622641736	-0.0587350471723678		0.6043132078514349	True	0.0114170191809535	False
COAD_VisiumHD_FFPE_to_CosMx6K	Benchmark_03	COAD	Visium HD FFPE	CosMx 6K	ANAPC16	0.0036552356310234	0.0097472088052038	0.0060919731741804	0.2193885527471113	0.1653420130928919	-0.054046539654219405		0.6730865827186576	True	0.0024361100513488	False
COAD_VisiumHD_FFPE_to_CosMx6K	Benchmark_03	COAD	Visium HD FFPE	CosMx 6K	ANAPC5	0.0028941563267972	0.0002278955112029	-0.0026662608155943	0.2199199958008114	0.1752608786835779	-0.0446591171172335		0.6114017672956569	True	0.0166239012032747	False
COAD_VisiumHD_FFPE_to_CosMx6K	Benchmark_03	COAD	Visium HD FFPE	CosMx 6K	ANG	0.0033978283571355	0.0514982114581642	0.0481003831010287	0.2157661693880658	0.1909452391069587	-0.0248209302811071		0.4651828996319555	True	0.0172410998493433	False
COAD_VisiumHD_FFPE_to_CosMx6K	Benchmark_03	COAD	Visium HD FFPE	CosMx 6K	ANKLE2	0.0031923244547629	0.019235153586755	0.0160428291319921	0.2207210018136778	0.1971092905191507	-0.023611711294527105		0.4492987948236625	True	0.0180058870464563	False
COAD_VisiumHD_FFPE_to_CosMx6K	Benchmark_03	COAD	Visium HD FFPE	CosMx 6K	ANKRD28	0.0020839431252977	-0.0078951613163361	-0.0099791044416338	0.202244261650773	0.1745996149243097	-0.0276446467264633		0.5044641496697395	True	0.0028550014831125	False
COAD_VisiumHD_FFPE_to_CosMx6K	Benchmark_03	COAD	Visium HD FFPE	CosMx 6K	ANXA2	-0.009304713994067	0.1643865370056584	0.17369125099972538	0.3438245329061238	0.2376458138672877	-0.1061787190388361		0.7268560937620593	True	0.0248181577771902	False
COAD_VisiumHD_FFPE_to_CosMx6K	Benchmark_03	COAD	Visium HD FFPE	CosMx 6K	ANXA4	-0.0041600995884381	0.2777253968373023	0.2818854964257404	0.3472942390656108	0.3031703945326314	-0.044123844532979406		0.4909024988514651	True	0.0466366820037364	False
COAD_VisiumHD_FFPE_to_CosMx6K	Benchmark_03	COAD	Visium HD FFPE	CosMx 6K	ANXA5	0.0110282405699662	0.2040807086864386	0.1930524681164724	0.4513413578254807	0.409417888858973	-0.04192346896650767		0.4388744214552149	True	0.0168654173612594	False
COAD_VisiumHD_FFPE_to_CosMx6K	Benchmark_03	COAD	Visium HD FFPE	CosMx 6K	AP1B1	-0.0032526246053164	0.1335578461360098	0.13681047074132618	0.2368051223593661	0.2003415757623105	-0.03646354659705561		0.5324219218173174	True	0.013988240621984	False
COAD_VisiumHD_FFPE_to_CosMx6K	Benchmark_03	COAD	Visium HD FFPE	CosMx 6K	AP1G2	0.0101283373939979	0.0608052382361416	0.0506769008421437	0.2657157679775616	0.2366050025882486	-0.02911076538931298		0.4536023876805234	True	0.007462409324944	False
COAD_VisiumHD_FFPE_to_CosMx6K	Benchmark_03	COAD	Visium HD FFPE	CosMx 6K	AP1M1	0.0065387569672962	0.0499205379293187	0.0433817809620225	0.2063372238313645	0.1762603046792483	-0.03007691915211619		0.5202986797836829	True	0.0166769903153181	False
COAD_VisiumHD_FFPE_to_CosMx6K	Benchmark_03	COAD	Visium HD FFPE	CosMx 6K	AP1S1	-0.0009191605834888	0.1584472171275076	0.15936637771099638	0.2929274408805493	0.2710949545453669	-0.021832486335182366		0.3812748393698453	True	0.0061477841809391	False
COAD_VisiumHD_FFPE_to_CosMx6K	Benchmark_03	COAD	Visium HD FFPE	CosMx 6K	AP2A1	0.0020168201569908	0.0020168201569908	0.0	0.2484965513815439	0.2484965513815439	0.0			False	0.0052838586270809	False
COAD_VisiumHD_FFPE_to_CosMx6K	Benchmark_03	COAD	Visium HD FFPE	CosMx 6K	AP3B1	0.0029090542964284	-0.0023576858758099	-0.0052667401722383	0.1945524005777588	0.1589817578452301	-0.03557064273252869		0.5779456541100528	True	0.0017156531102955	False
COAD_VisiumHD_FFPE_to_CosMx6K	Benchmark_03	COAD	Visium HD FFPE	CosMx 6K	AP3D1	0.003210025252116	0.0583167040184625	0.0551066787663465	0.2498526631085378	0.2025269848122449	-0.04732567829629289		0.5886027027296835	True	0.0109003577381372	False
COAD_VisiumHD_FFPE_to_CosMx6K	Benchmark_03	COAD	Visium HD FFPE	CosMx 6K	APBB2	0.0052831466666072	0.0250594517241319	0.0197763050575247	0.2140451067142382	0.1868542673064322	-0.027190839407806006		0.4884190103883686	True	0.0298509057611227	False
COAD_VisiumHD_FFPE_to_CosMx6K	Benchmark_03	COAD	Visium HD FFPE	CosMx 6K	APCDD1	0.0049087723468666	0.1015057693467158	0.09659699699984921	0.2403728802455159	0.2065073292207001	-0.03386555102481581		0.5151962345116652	True	0.0193354971706867	False
COAD_VisiumHD_FFPE_to_CosMx6K	Benchmark_03	COAD	Visium HD FFPE	CosMx 6K	APEH	0.0012949157650699	0.1022531905544045	0.1009582747893346	0.240436214413658	0.2072542063011173	-0.03318200811254071		0.506997207168343	True	0.018347093835473	False
COAD_VisiumHD_FFPE_to_CosMx6K	Benchmark_03	COAD	Visium HD FFPE	CosMx 6K	APEX1	0.010364287068659	0.1220528445788508	0.1116885575101918	0.3037117924094595	0.2482414716220962	-0.0554703207873633		0.5945494500887477	True	0.0286686606705188	False
COAD_VisiumHD_FFPE_to_CosMx6K	Benchmark_03	COAD	Visium HD FFPE	CosMx 6K	APH1A	0.0036929299801116	0.0673805583810304	0.0636876284009188	0.2600573111689134	0.2264191324253932	-0.03363817874352021		0.4919427182952779	True	0.0021492333617061	False
COAD_VisiumHD_FFPE_to_CosMx6K	Benchmark_03	COAD	Visium HD FFPE	CosMx 6K	API5	0.0044801404439405	0.0028654023405452	-0.0016147381033953002	0.1891296839828439	0.1568599925158067	-0.032269691467037204		0.5573527810331516	True	0.0053179361857473	False
COAD_VisiumHD_FFPE_to_CosMx6K	Benchmark_03	COAD	Visium HD FFPE	CosMx 6K	APLP2	0.0086746555797445	0.2308380340200113	0.2221633784402668	0.4108729510197009	0.3536947389310764	-0.0571782120886245		0.5073079417886435	True	0.0191829577088356	False
COAD_VisiumHD_FFPE_to_CosMx6K	Benchmark_03	COAD	Visium HD FFPE	CosMx 6K	APOA1	0.0754391724046888	0.4632837439408972	0.38784457153620844	0.6060327020643619	0.4870940740562509	-0.118938628008111		0.6009754122477965	True	0.229151040315628	True
COAD_VisiumHD_FFPE_to_CosMx6K	Benchmark_03	COAD	Visium HD FFPE	CosMx 6K	APOB	0.004698700889796	0.1304435815195779	0.12574488062978192	0.2160258629052358	0.1692456182092418	-0.04678024469599398		0.6681560872293395	True	0.0519124716520309	False
COAD_VisiumHD_FFPE_to_CosMx6K	Benchmark_03	COAD	Visium HD FFPE	CosMx 6K	APOE	0.0085711978822295	0.3610621492053029	0.3524909513230734	0.3982671871805536	0.314883606665876	-0.08338358051467759		0.6140343501598976	True	0.0407979786396026	False
COAD_VisiumHD_FFPE_to_CosMx6K	Benchmark_03	COAD	Visium HD FFPE	CosMx 6K	APP	0.0049271082330011	0.2916154197891347	0.2866883115561336	0.4360477284177182	0.3283971054306789	-0.10765062298703931		0.6426345464261609	True	0.0284439008682966	False
COAD_VisiumHD_FFPE_to_CosMx6K	Benchmark_03	COAD	Visium HD FFPE	CosMx 6K	APRT	0.0009621590257188	0.2480798799394149	0.2471177209136961	0.3581473859836157	0.3193884231458938	-0.0387589628377219		0.4543071243380057	True	0.0435116738080978	False
COAD_VisiumHD_FFPE_to_CosMx6K	Benchmark_03	COAD	Visium HD FFPE	CosMx 6K	AREG	-0.0048260646620253	0.1703443494345428	0.17517041409656808	0.3190547153287738	0.2708501414745392	-0.0482045738542346		0.545435466214416	True	0.0739724561572074	False
COAD_VisiumHD_FFPE_to_CosMx6K	Benchmark_03	COAD	Visium HD FFPE	CosMx 6K	ARF1	0.0018381445012376	0.1430297390273209	0.14119159452608332	0.3996041887980632	0.374537743606917	-0.025066445191146203		0.3686963682863601	True	-0.0029485740233212	False
COAD_VisiumHD_FFPE_to_CosMx6K	Benchmark_03	COAD	Visium HD FFPE	CosMx 6K	ARF5	0.0074264154644559	0.0979303991365237	0.0905039836720678	0.2542689373515042	0.2293028248275979	-0.024966112523906292		0.4330673934552836	True	0.010520533658564	False
COAD_VisiumHD_FFPE_to_CosMx6K	Benchmark_03	COAD	Visium HD FFPE	CosMx 6K	ARF6	0.0043645737032291	0.1257233486846366	0.12135877498140751	0.3197362393633609	0.2877581366119266	-0.031978102751434256		0.4417698404085854	True	0.0124560575932264	False
COAD_VisiumHD_FFPE_to_CosMx6K	Benchmark_03	COAD	Visium HD FFPE	CosMx 6K	ARFGAP3	-0.0013837383577937	0.0248389131034776	0.0262226514612713	0.2241049486191357	0.1967114073391644	-0.027393541279971317		0.4854618523882213	True	-0.003857561154291	False
COAD_VisiumHD_FFPE_to_CosMx6K	Benchmark_03	COAD	Visium HD FFPE	CosMx 6K	ARHGAP12	0.0082790162110679	0.0303546562322646	0.0220756400211967	0.2137890969466921	0.1830692959652601	-0.03071980098143201		0.5194969583738086	True	0.0094700390473008	False
COAD_VisiumHD_FFPE_to_CosMx6K	Benchmark_03	COAD	Visium HD FFPE	CosMx 6K	ARHGDIB	-0.0010429991021433	0.1724237078010638	0.17346670690320712	0.2307606821856097	0.1801606837594039	-0.0505999984262058		0.6225086128919473	True	0.0125257661566138	False
COAD_VisiumHD_FFPE_to_CosMx6K	Benchmark_03	COAD	Visium HD FFPE	CosMx 6K	ARHGEF12	0.0023842405247123	0.0070683982706315	0.0046841577459192	0.2011100963568956	0.1674346666352926	-0.033675429721603006		0.5524095574013597	True	0.000409674597904	False
COAD_VisiumHD_FFPE_to_CosMx6K	Benchmark_03	COAD	Visium HD FFPE	CosMx 6K	ARHGEF7	0.0006726051839589	-0.0086900613936691	-0.009362666577628	0.2272207289452592	0.2007761382823684	-0.026444590662890788		0.4683186912421753	True	-0.0020242200698703	False
COAD_VisiumHD_FFPE_to_CosMx6K	Benchmark_03	COAD	Visium HD FFPE	CosMx 6K	ARID1A	0.0010527936539154	-0.0288705409580928	-0.0299233346120082	0.1981728463038806	0.1654963635176051	-0.032676482786275496		0.5495191323784322	True	0.0069632953964173	False
COAD_VisiumHD_FFPE_to_CosMx6K	Benchmark_03	COAD	Visium HD FFPE	CosMx 6K	ARID1B	0.0027380572815602	0.0098365099322764	0.0070984526507162	0.2279834629340212	0.2025721051817898	-0.025411357752231384		0.458813697816833	True	0.0094303097575902	False
COAD_VisiumHD_FFPE_to_CosMx6K	Benchmark_03	COAD	Visium HD FFPE	CosMx 6K	ARID5B	0.0051509566408835	-0.0380830983503695	-0.043234054991253	0.2641950475247638	0.2028963914912961	-0.06129865603346771		0.6608662557454412	True	0.0243966244161129	False
COAD_VisiumHD_FFPE_to_CosMx6K	Benchmark_03	COAD	Visium HD FFPE	CosMx 6K	ARPC1B	-0.0001778909671958	0.1458303944632854	0.14600828543048122	0.2641546191457111	0.2321765253964302	-0.0319780937492809		0.4880782403348392	True	0.0091299815103411	False
COAD_VisiumHD_FFPE_to_CosMx6K	Benchmark_03	COAD	Visium HD FFPE	CosMx 6K	ARPC4	-0.0001825975109277	0.0988858106447875	0.0990684081557152	0.2747160262180468	0.2361203444166623	-0.03859568180138451		0.5111513639902334	True	0.0091757914051413	False
COAD_VisiumHD_FFPE_to_CosMx6K	Benchmark_03	COAD	Visium HD FFPE	CosMx 6K	ARPC5L	-0.0008841343199363	0.1078889763237832	0.1087731106437195	0.2995522194238355	0.2829868892833236	-0.01656533014051187		0.3384088073959833	True	0.0019206025172024	False
COAD_VisiumHD_FFPE_to_CosMx6K	Benchmark_03	COAD	Visium HD FFPE	CosMx 6K	ARPP19	0.0038355393059921	0.0081400816516691	0.004304542345676999	0.213770288044557	0.1677922463727597	-0.04597804167179731		0.6258661052452155	True	0.0123977633193135	False
COAD_VisiumHD_FFPE_to_CosMx6K	Benchmark_03	COAD	Visium HD FFPE	CosMx 6K	ARRB1	0.0037384567881321	0.008086318602995	0.004347861814862899	0.2152301951436565	0.1894728127233961	-0.025757382420260377		0.4744682257256196	True	0.0087220603600144	False
COAD_VisiumHD_FFPE_to_CosMx6K	Benchmark_03	COAD	Visium HD FFPE	CosMx 6K	ARRB2	0.0035982699604242	0.0156122313166231	0.0120139613561989	0.2858959467636552	0.2614401236796099	-0.024455823084045314		0.4102582507554724	True	-0.0029505444690585	False
COAD_VisiumHD_FFPE_to_CosMx6K	Benchmark_03	COAD	Visium HD FFPE	CosMx 6K	ASH1L	0.0052708868587494	-0.0270577046435996	-0.032328591502349	0.2115024825963923	0.1778519156731806	-0.033650566923211694		0.5433226836338668	True	0.0150853982195258	False
COAD_VisiumHD_FFPE_to_CosMx6K	Benchmark_03	COAD	Visium HD FFPE	CosMx 6K	ASL	-0.000276753970211	0.1671405703006942	0.16741732427090522	0.2384100431384232	0.2081455437578617	-0.0302644993805615		0.4872746446542239	True	0.002548505552113	False
COAD_VisiumHD_FFPE_to_CosMx6K	Benchmark_03	COAD	Visium HD FFPE	CosMx 6K	ASXL1	0.0066975829032734	0.0219501189647315	0.0152525360614581	0.2786030640100735	0.2256900893526487	-0.05291297465742481		0.621574792871515	True	0.0300290342420339	False
COAD_VisiumHD_FFPE_to_CosMx6K	Benchmark_03	COAD	Visium HD FFPE	CosMx 6K	ATF4	0.003462473137257	0.0255368889855603	0.022074415848303303	0.2817392708869002	0.2407908438757703	-0.04094842701112991		0.5183914428779203	True	0.0003461560700088	False
COAD_VisiumHD_FFPE_to_CosMx6K	Benchmark_03	COAD	Visium HD FFPE	CosMx 6K	ATF6B	0.0037805713215256	-0.0003725036146362	-0.0041530749361618	0.2388709049999242	0.204380711481925	-0.0344901935179992		0.5179713889333657	True	-0.0010820174356922	False
COAD_VisiumHD_FFPE_to_CosMx6K	Benchmark_03	COAD	Visium HD FFPE	CosMx 6K	ATF7IP	0.0033583797613608	-0.005604125190012	-0.0089625049513728	0.2333640944523808	0.2101984223579948	-0.023165672094385997		0.4367514115833995	True	0.001813597860746	False
COAD_VisiumHD_FFPE_to_CosMx6K	Benchmark_03	COAD	Visium HD FFPE	CosMx 6K	ATP11B	0.002251470244251	0.0258823646321437	0.0236308943878927	0.2284991293456636	0.1795367069963531	-0.0489624223493105		0.6310938353274924	True	0.002435999456793	False
COAD_VisiumHD_FFPE_to_CosMx6K	Benchmark_03	COAD	Visium HD FFPE	CosMx 6K	ATP1A1	0.0077651601458855	0.1616667920678934	0.1539016319220079	0.3547556868692841	0.3280647745716624	-0.026690912297621716		0.3796082299595618	True	0.0193861983716487	False
COAD_VisiumHD_FFPE_to_CosMx6K	Benchmark_03	COAD	Visium HD FFPE	CosMx 6K	ATP1B1	-0.0103935037417012	0.241416884559087	0.2518103883007882	0.3155156113453928	0.2807919989093938	-0.034723612435998974		0.4675373386898624	True	0.0220238771289587	False
COAD_VisiumHD_FFPE_to_CosMx6K	Benchmark_03	COAD	Visium HD FFPE	CosMx 6K	ATP1B3	-0.0037756379574333	0.1390053782526041	0.1427810162100374	0.3241080252120509	0.3047176827917506	-0.0193903424203003		0.3555853698444372	True	-0.0050208251923322	False
COAD_VisiumHD_FFPE_to_CosMx6K	Benchmark_03	COAD	Visium HD FFPE	CosMx 6K	ATP2A2	0.0016906428445331	0.056590680247721	0.0549000374031879	0.2560018724938828	0.2195567881410638	-0.036445084352818985		0.5137562660295686	True	0.0066984333097934	False
COAD_VisiumHD_FFPE_to_CosMx6K	Benchmark_03	COAD	Visium HD FFPE	CosMx 6K	ATP2A3	-0.0092961507948935	0.1205441941538839	0.1298403449487774	0.2890169533082894	0.2576616815234553	-0.031355271784834104		0.4754188849610761	True	0.0360932759940624	False
COAD_VisiumHD_FFPE_to_CosMx6K	Benchmark_03	COAD	Visium HD FFPE	CosMx 6K	ATP2B4	0.0019330679054139	0.070493797531086	0.06856072962567211	0.2206736806441334	0.1858632673505447	-0.03481041329358869		0.5397372067440496	True	0.0041052461601793	False
COAD_VisiumHD_FFPE_to_CosMx6K	Benchmark_03	COAD	Visium HD FFPE	CosMx 6K	ATP5F1B	0.0057752975743921	0.2507072496712076	0.2449319520968155	0.4308313104372505	0.3789796994744672	-0.05185161096278329		0.4734628197653028	True	0.0334264189004898	False
COAD_VisiumHD_FFPE_to_CosMx6K	Benchmark_03	COAD	Visium HD FFPE	CosMx 6K	ATP5F1C	0.0051196919556788	0.1231417057413654	0.11802201378568661	0.2530699565100295	0.2268321333441514	-0.02623782316587811		0.4418199839713287	True	0.0116258319467306	False
COAD_VisiumHD_FFPE_to_CosMx6K	Benchmark_03	COAD	Visium HD FFPE	CosMx 6K	ATP5F1D	-0.0013482478160971	0.2625325349597591	0.2638807827758562	0.4195738642596826	0.4010190317336752	-0.018554832526007425		0.3139709788828205	True	0.0062964116223156	False
COAD_VisiumHD_FFPE_to_CosMx6K	Benchmark_03	COAD	Visium HD FFPE	CosMx 6K	ATP5F1E	0.0060198325243167	0.0429552858353102	0.0369354533109935	0.2389760635184543	0.1822944815109126	-0.0566815820075417		0.667986578119922	True	0.0106018111109733	False
COAD_VisiumHD_FFPE_to_CosMx6K	Benchmark_03	COAD	Visium HD FFPE	CosMx 6K	ATP5IF1	-0.0027647376401977	0.1565013974267965	0.1592661350669942	0.388113927331486	0.3725407648189635	-0.015573162512522498		0.3227730612883943	True	0.003202743595466	False
COAD_VisiumHD_FFPE_to_CosMx6K	Benchmark_03	COAD	Visium HD FFPE	CosMx 6K	ATP5ME	0.0130985393700286	0.2785538509102524	0.26545531154022384	0.4397082008160414	0.3979312610526718	-0.0417769397633696		0.4254920088368356	True	0.0308958180248737	False
COAD_VisiumHD_FFPE_to_CosMx6K	Benchmark_03	COAD	Visium HD FFPE	CosMx 6K	ATP6AP1	0.004881402640358	0.0612219669270869	0.0563405642867289	0.285576746239283	0.2324209338658028	-0.05315581237348019		0.5894360133417833	True	0.0123424176126718	False
COAD_VisiumHD_FFPE_to_CosMx6K	Benchmark_03	COAD	Visium HD FFPE	CosMx 6K	ATP6V0D1	0.0002053739993199	0.0935244606873569	0.093319086688037	0.2305579821634767	0.1934279177595399	-0.03713006440393679		0.5424009558565759	True	0.006207154598087	False
COAD_VisiumHD_FFPE_to_CosMx6K	Benchmark_03	COAD	Visium HD FFPE	CosMx 6K	ATP6V1A	0.0006452157748269	0.0751655243635578	0.0745203085887309	0.2298626687900213	0.1973346780084315	-0.0325279907815898		0.512768184038128	True	0.0072621442377567	False
COAD_VisiumHD_FFPE_to_CosMx6K	Benchmark_03	COAD	Visium HD FFPE	CosMx 6K	ATP6V1B2	0.0026982051503439	0.1070474983253627	0.1043492931750188	0.2587168885494143	0.2267491471909958	-0.03196774135841854		0.4820668134705301	True	0.001512911519967	False
COAD_VisiumHD_FFPE_to_CosMx6K	Benchmark_03	COAD	Visium HD FFPE	CosMx 6K	ATP9A	0.0140472402211474	0.0775388551617224	0.06349161494057501	0.2898209275805656	0.2576762646479021	-0.03214466293266349		0.4553318494845956	True	0.0383218191564083	False
COAD_VisiumHD_FFPE_to_CosMx6K	Benchmark_03	COAD	Visium HD FFPE	CosMx 6K	AURKB	0.0115452585182375	0.0924021151481224	0.0808568566298849	0.2387693529025783	0.2162357809750077	-0.022533571927570606		0.4203056603720102	True	-0.0002198116853833	False
COAD_VisiumHD_FFPE_to_CosMx6K	Benchmark_03	COAD	Visium HD FFPE	CosMx 6K	AUTS2	0.004036535205158	-0.0383806727494688	-0.0424172079546268	0.166597775526063	0.1312667427447873	-0.035331032781275695		0.630293743534437	True	0.009499336592853	False
COAD_VisiumHD_FFPE_to_CosMx6K	Benchmark_03	COAD	Visium HD FFPE	CosMx 6K	B2M	0.001841032259759	0.4811632585228513	0.4793222262630923	0.9407724684090168	0.923781669840452	-0.01699079856856489		0.4556556884898116	True	0.0631792023777961	False
COAD_VisiumHD_FFPE_to_CosMx6K	Benchmark_03	COAD	Visium HD FFPE	CosMx 6K	B4GALT1	-0.0027679216314024	0.1112526370002895	0.1140205586316919	0.2810584346667958	0.2283296687039628	-0.05272876596283302		0.588365589270997	True	0.0332231633365154	False
COAD_VisiumHD_FFPE_to_CosMx6K	Benchmark_03	COAD	Visium HD FFPE	CosMx 6K	BABAM1	0.0026080920200298	0.0295527858650475	0.0269446938450177	0.213526380775453	0.1840473736809268	-0.029479007094526194		0.5067563690146165	True	-0.0025432235561311	False
COAD_VisiumHD_FFPE_to_CosMx6K	Benchmark_03	COAD	Visium HD FFPE	CosMx 6K	BANF1	0.0087550450271506	0.1576431641002687	0.1488881190731181	0.3912186192083132	0.3725689668629908	-0.0186496523453224		0.3199078282330879	True	0.0124035589396953	False
COAD_VisiumHD_FFPE_to_CosMx6K	Benchmark_03	COAD	Visium HD FFPE	CosMx 6K	BAX	0.0021750895563033	0.1689390262488031	0.1667639366924998	0.3188164474063657	0.2992747347790725	-0.019541712627293206		0.3487434967127036	True	0.0127067258581519	False
COAD_VisiumHD_FFPE_to_CosMx6K	Benchmark_03	COAD	Visium HD FFPE	CosMx 6K	BCAM	0.0352688034888527	0.1483027713296271	0.11303396784077441	0.3249972119766009	0.2713110594624365	-0.05368615251416442		0.5800161780492331	True	0.0803569853305816	False
COAD_VisiumHD_FFPE_to_CosMx6K	Benchmark_03	COAD	Visium HD FFPE	CosMx 6K	BCAR1	0.0030559492343478	0.0920578992780433	0.0890019500436955	0.2649371587957574	0.2418284663521572	-0.0231086924436002		0.4168021042282974	True	0.0041633495129644	False
COAD_VisiumHD_FFPE_to_CosMx6K	Benchmark_03	COAD	Visium HD FFPE	CosMx 6K	BCCIP	0.0010503602735585	0.0395025002051643	0.038452139931605796	0.1908629918172012	0.156874087759481	-0.033988904057720204		0.5747636285453439	True	0.0086945723742246	False
COAD_VisiumHD_FFPE_to_CosMx6K	Benchmark_03	COAD	Visium HD FFPE	CosMx 6K	BCL2L1	0.0011596669877002	0.0721392199568452	0.070979552969145	0.2545169269270146	0.2194505770152056	-0.035066349911809014		0.5061534469854696	True	-0.0066090603359043	False
COAD_VisiumHD_FFPE_to_CosMx6K	Benchmark_03	COAD	Visium HD FFPE	CosMx 6K	BEX3	0.0311420505290763	0.1552621087414621	0.1241200582123858	0.3809528463804716	0.3365180363418813	-0.04443481003859029		0.4670690185711859	True	0.044949322938919	False
COAD_VisiumHD_FFPE_to_CosMx6K	Benchmark_03	COAD	Visium HD FFPE	CosMx 6K	BGN	0.010886014844812	0.5501567160701107	0.5392707012252987	0.4463427636169648	0.3405883881868987	-0.1057543754300661		0.6698589789327655	True	0.1167732700705528	False
COAD_VisiumHD_FFPE_to_CosMx6K	Benchmark_03	COAD	Visium HD FFPE	CosMx 6K	BHLHE40	-0.0001304101939658	0.1523382419683871	0.15246865216235292	0.343782647700723	0.2633117434217732	-0.08047090427894976		0.6423816282903396	True	0.0289421044290065	False
COAD_VisiumHD_FFPE_to_CosMx6K	Benchmark_03	COAD	Visium HD FFPE	CosMx 6K	BIN1	0.0162540694476673	0.0941287552586621	0.0778746858109948	0.2886660616029191	0.2490072937441949	-0.039658767858724187		0.5111637451510795	True	0.020413439720869	False
COAD_VisiumHD_FFPE_to_CosMx6K	Benchmark_03	COAD	Visium HD FFPE	CosMx 6K	BIRC6	0.0011705328314255	0.0157570177586476	0.014586484927222101	0.2087210246782692	0.1771841675443343	-0.03153685713393489		0.5285019287848335	True	-0.006530721206218	False
COAD_VisiumHD_FFPE_to_CosMx6K	Benchmark_03	COAD	Visium HD FFPE	CosMx 6K	BLVRB	0.0106276861592219	0.0995209931808678	0.0888933070216459	0.2562538252198357	0.2268461452358326	-0.029407679984003093		0.4643582553114252	True	-0.0026360505726188	False
COAD_VisiumHD_FFPE_to_CosMx6K	Benchmark_03	COAD	Visium HD FFPE	CosMx 6K	BMP4	0.0023063767849493	0.0874335316886506	0.0851271549037013	0.2268927530594634	0.2011694515922397	-0.025723301467223708		0.4681822604772674	True	0.0271077584475278	False
COAD_VisiumHD_FFPE_to_CosMx6K	Benchmark_03	COAD	Visium HD FFPE	CosMx 6K	BMPR2	0.003997528596365	-0.0111238882911754	-0.015121416887540401	0.2348078371643199	0.1995540576708276	-0.035253779493492315		0.5265022606889147	True	-0.0009081127354875	False
COAD_VisiumHD_FFPE_to_CosMx6K	Benchmark_03	COAD	Visium HD FFPE	CosMx 6K	BNIP3L	-0.0027480869698105	0.0788374815092682	0.0815855684790787	0.2172736320760734	0.1870165397186265	-0.03025709235744689		0.5107705239395883	True	0.0057525802403688	False
COAD_VisiumHD_FFPE_to_CosMx6K	Benchmark_03	COAD	Visium HD FFPE	CosMx 6K	BRD2	-0.0009476547394747	0.0146052610713714	0.015552915810846099	0.2094357814701217	0.1643647614752652	-0.04507101999485652		0.6124103007383066	True	0.0028902750927954	False
COAD_VisiumHD_FFPE_to_CosMx6K	Benchmark_03	COAD	Visium HD FFPE	CosMx 6K	BRD4	0.0049852904761064	0.0129300964637468	0.0079448059876404	0.2233859524301998	0.1760509158784572	-0.04733503655174259		0.6263096037084672	True	0.0021794345229864	False
COAD_VisiumHD_FFPE_to_CosMx6K	Benchmark_03	COAD	Visium HD FFPE	CosMx 6K	BRD7	0.004684659305635	0.031720678927593	0.027036019621957997	0.2038592632558005	0.169086391814251	-0.0347728714415495		0.5615912822404328	True	0.0198406111449003	False
COAD_VisiumHD_FFPE_to_CosMx6K	Benchmark_03	COAD	Visium HD FFPE	CosMx 6K	BRI3	0.0064876345314419	0.0367101678758218	0.0302225333443799	0.3143758992428139	0.2395504288149316	-0.07482547042788229		0.6672608271658003	True	0.012134457938373	False
COAD_VisiumHD_FFPE_to_CosMx6K	Benchmark_03	COAD	Visium HD FFPE	CosMx 6K	BSG	0.0026832726203359	0.2399493421124044	0.2372660694920685	0.3840675715203093	0.3401847483386409	-0.04388282318166842		0.4668991092189953	True	0.0069966302253305	False
COAD_VisiumHD_FFPE_to_CosMx6K	Benchmark_03	COAD	Visium HD FFPE	CosMx 6K	BST2	0.004283066299053	0.1989055544128952	0.1946224881138422	0.2605864760640866	0.2076064947609775	-0.052979981303109075		0.6046697064724322	True	0.0205066688358783	False
COAD_VisiumHD_FFPE_to_CosMx6K	Benchmark_03	COAD	Visium HD FFPE	CosMx 6K	BTBD1	0.0035867391615562	0.0205530339294488	0.0169662947678926	0.1920194680782798	0.1597407534376355	-0.0322787146406443		0.5538341469299931	True	-0.0023788854014128	False
COAD_VisiumHD_FFPE_to_CosMx6K	Benchmark_03	COAD	Visium HD FFPE	CosMx 6K	BTG1	-0.004112080683618	0.0982922453865975	0.1024043260702155	0.2743797175557013	0.241271207400473	-0.03310851015522828		0.4871009438026503	True	0.0036236415617167	False
COAD_VisiumHD_FFPE_to_CosMx6K	Benchmark_03	COAD	Visium HD FFPE	CosMx 6K	BTG2	-0.0077879629430651	0.1530420455738067	0.16083000851687182	0.4302703953966445	0.384154264952805	-0.0461161304438395		0.4987852159284162	True	0.0405859500169754	False
COAD_VisiumHD_FFPE_to_CosMx6K	Benchmark_03	COAD	Visium HD FFPE	CosMx 6K	BUB3	0.0046451793209276	0.0625786183246994	0.05793343900377179	0.2610389070940125	0.2400929870556699	-0.020945920038342614		0.392618399890606	True	0.0022470143157988	False
COAD_VisiumHD_FFPE_to_CosMx6K	Benchmark_03	COAD	Visium HD FFPE	CosMx 6K	C11orf96	-0.0104769544850651	0.4532680130832816	0.46374496756834666	0.4508531932602374	0.3586968149919867	-0.09215637826825068		0.6533326588456448	True	0.0786121189594268	False
COAD_VisiumHD_FFPE_to_CosMx6K	Benchmark_03	COAD	Visium HD FFPE	CosMx 6K	C1QA	0.0070845492928761	0.5077627013604042	0.5006781520675282	0.3166133549809344	0.2306226984960883	-0.0859906564848461		0.6911577083878411	True	0.0184475034475326	False
COAD_VisiumHD_FFPE_to_CosMx6K	Benchmark_03	COAD	Visium HD FFPE	CosMx 6K	C1QB	0.004834133400051	0.477897991412818	0.473063858012767	0.2772639615796311	0.1848731341862887	-0.09239082739334242		0.7404380376766301	True	0.0336313657462596	False
COAD_VisiumHD_FFPE_to_CosMx6K	Benchmark_03	COAD	Visium HD FFPE	CosMx 6K	C1QBP	-0.0002625285856001	0.3010466332009895	0.3013091617865896	0.3486178503584851	0.3288376370528807	-0.019780213305604366		0.3379600977551457	True	0.0200615618377923	False
COAD_VisiumHD_FFPE_to_CosMx6K	Benchmark_03	COAD	Visium HD FFPE	CosMx 6K	C1QC	0.0033385161569258	0.4796435918798105	0.47630507572288466	0.339116264057462	0.2421976234232409	-0.09691864063422109		0.7239115610337366	True	0.0353283733129501	False
COAD_VisiumHD_FFPE_to_CosMx6K	Benchmark_03	COAD	Visium HD FFPE	CosMx 6K	C1R	0.0060755770536504	0.4568325882512806	0.4507570111976302	0.3889335789740034	0.2361609723888142	-0.15277260658518918		0.7799262800461171	True	0.0875103175640106	False
COAD_VisiumHD_FFPE_to_CosMx6K	Benchmark_03	COAD	Visium HD FFPE	CosMx 6K	C1S	0.0052971142692917	0.4809095823737104	0.4756124681044187	0.3943059934474309	0.2762686740982981	-0.11803731934913281		0.7175420802787951	True	0.0919754430651664	False
COAD_VisiumHD_FFPE_to_CosMx6K	Benchmark_03	COAD	Visium HD FFPE	CosMx 6K	C2	0.0027771015607135	0.1056730637280054	0.10289596216729191	0.2343638490389845	0.2070551821156067	-0.0273086669233778		0.4699928696368649	True	-0.00052538147429	False
COAD_VisiumHD_FFPE_to_CosMx6K	Benchmark_03	COAD	Visium HD FFPE	CosMx 6K	C3	0.0049402402820537	0.1601005068283244	0.15516026654627071	0.2372373592168355	0.1822581838031944	-0.05497917541364111		0.6393320781200155	True	0.114601194858551	False
COAD_VisiumHD_FFPE_to_CosMx6K	Benchmark_03	COAD	Visium HD FFPE	CosMx 6K	CA8	0.0101330020657167	0.1677953984958059	0.1576623964300892	0.2324840625039173	0.2105422912000708	-0.021941771303846475		0.4181557850555578	True	0.0249439179897308	False
COAD_VisiumHD_FFPE_to_CosMx6K	Benchmark_03	COAD	Visium HD FFPE	CosMx 6K	CAB39	0.0004454328538155	0.0399976615572891	0.0395522287034736	0.2478373112653493	0.210426422615661	-0.037410888649688306		0.52700529771821	True	0.0126393716782331	False
COAD_VisiumHD_FFPE_to_CosMx6K	Benchmark_03	COAD	Visium HD FFPE	CosMx 6K	CALCOCO2	0.0045989082198529	0.0012263521645325	-0.0033725560553204002	0.2510986595433058	0.1939445428094549	-0.0571541167338509		0.6510692440200289	True	0.0228346176445484	False
COAD_VisiumHD_FFPE_to_CosMx6K	Benchmark_03	COAD	Visium HD FFPE	CosMx 6K	CALD1	0.0078058183241299	0.5042656299176408	0.4964598115935109	0.5613699905389266	0.3919298025401971	-0.16944018799872945		0.7168719304422495	True	0.0959243029356002	False
COAD_VisiumHD_FFPE_to_CosMx6K	Benchmark_03	COAD	Visium HD FFPE	CosMx 6K	CALM2	0.0119937863281326	0.2150950842587065	0.20310129793057388	0.5469091976558608	0.5180914827976407	-0.028817714858220045		0.326908844527022	True	0.0091749709099531	False
COAD_VisiumHD_FFPE_to_CosMx6K	Benchmark_03	COAD	Visium HD FFPE	CosMx 6K	CALM3	0.0219984912710514	0.1716744181576245	0.1496759268865731	0.3462435430094824	0.3007154777972925	-0.04552806521218988		0.4952520857297867	True	0.0298187583684921	False
COAD_VisiumHD_FFPE_to_CosMx6K	Benchmark_03	COAD	Visium HD FFPE	CosMx 6K	CALML4	0.0043243493952746	0.0309338406058327	0.0266094912105581	0.196936269320199	0.1478555105979948	-0.049080758722204215		0.6933956080357052	True	0.0198725163936615	False
COAD_VisiumHD_FFPE_to_CosMx6K	Benchmark_03	COAD	Visium HD FFPE	CosMx 6K	CALU	0.0001891577483842	0.2211784556687974	0.2209892979204132	0.3627218009833012	0.2752913677502362	-0.08743043323306499		0.6405776923907487	True	0.0112957237288355	False
COAD_VisiumHD_FFPE_to_CosMx6K	Benchmark_03	COAD	Visium HD FFPE	CosMx 6K	CAMK2N1	-7.05003915661376e-05	0.015829071741716	0.01589957213328214	0.2109155524080718	0.1677321467050095	-0.04318340570306231		0.6120404860688076	True	0.0101000228896737	False
COAD_VisiumHD_FFPE_to_CosMx6K	Benchmark_03	COAD	Visium HD FFPE	CosMx 6K	CAMKK2	0.002793378495753	0.0224866629275773	0.0196932844318243	0.2072783714494105	0.1814890592075493	-0.025789312241861206		0.4831402293956815	True	0.0065075973980128	False
COAD_VisiumHD_FFPE_to_CosMx6K	Benchmark_03	COAD	Visium HD FFPE	CosMx 6K	CAND1	0.0082127672636484	0.0354012921816245	0.027188524917976103	0.2539928190777054	0.2062061178331458	-0.04778670124455958		0.604975589339195	True	0.0388257205486297	False
COAD_VisiumHD_FFPE_to_CosMx6K	Benchmark_03	COAD	Visium HD FFPE	CosMx 6K	CANT1	-0.0052946593462276	0.0856782340062352	0.0909728933524628	0.2492573858004708	0.2103020366869437	-0.038955349113527105		0.5360701254618798	True	0.0042642164044082	False
COAD_VisiumHD_FFPE_to_CosMx6K	Benchmark_03	COAD	Visium HD FFPE	CosMx 6K	CANX	0.0109597279928648	0.1045334677578468	0.09357373976498201	0.3704687330916182	0.3530198929258124	-0.017448840165805835		0.3062256432450598	True	0.0189494285732507	False
COAD_VisiumHD_FFPE_to_CosMx6K	Benchmark_03	COAD	Visium HD FFPE	CosMx 6K	CAPG	0.002261919380016	0.1941197203242631	0.19185780094424712	0.3193685259005812	0.2659486133739742	-0.053419912526606994		0.5545950831129743	True	0.0224344637244939	False
COAD_VisiumHD_FFPE_to_CosMx6K	Benchmark_03	COAD	Visium HD FFPE	CosMx 6K	CAPN1	0.0017808457549567	0.0962498743324606	0.0944690285775039	0.2875968090097343	0.2450826455903615	-0.04251416341937278		0.5229999516604291	True	0.0127709554508328	False
COAD_VisiumHD_FFPE_to_CosMx6K	Benchmark_03	COAD	Visium HD FFPE	CosMx 6K	CAPN2	-0.0002511112220017	0.0453152198253942	0.0455663310473959	0.2765355000332525	0.2102991155350539	-0.0662363844981986		0.6361754338025069	True	0.0129450727254152	False
COAD_VisiumHD_FFPE_to_CosMx6K	Benchmark_03	COAD	Visium HD FFPE	CosMx 6K	CAPN7	0.0050831413874355	-0.0153251113735562	-0.020408252760991702	0.2070314096291817	0.1767842240534562	-0.030247185575725505		0.5210649442951699	True	0.0092358188703656	False
COAD_VisiumHD_FFPE_to_CosMx6K	Benchmark_03	COAD	Visium HD FFPE	CosMx 6K	CAPNS1	0.0052224836839619	0.0663998327370131	0.061177349053051194	0.3144610998639308	0.2798837035230205	-0.03457739634091028		0.4573771767130227	True	0.0081857163459062	False
COAD_VisiumHD_FFPE_to_CosMx6K	Benchmark_03	COAD	Visium HD FFPE	CosMx 6K	CAPZB	0.0003725408543551	0.2299076138697445	0.22953507301538942	0.3392653359346484	0.2925791260655506	-0.04668620986909783		0.5150210082248594	True	0.0183706060051918	False
COAD_VisiumHD_FFPE_to_CosMx6K	Benchmark_03	COAD	Visium HD FFPE	CosMx 6K	CARHSP1	0.0117309688428538	0.1351719810247807	0.1234410121819269	0.3172967346728634	0.2880535142457731	-0.029243220427090322		0.4186581397402211	True	0.0143735613673925	False
COAD_VisiumHD_FFPE_to_CosMx6K	Benchmark_03	COAD	Visium HD FFPE	CosMx 6K	CARM1	0.001268698898365	0.0345995603909136	0.0333308614925486	0.215854380479563	0.1853671245651178	-0.030487255914445205		0.5133524076610799	True	0.0130458706989884	False
COAD_VisiumHD_FFPE_to_CosMx6K	Benchmark_03	COAD	Visium HD FFPE	CosMx 6K	CARMIL1	0.0001145168957717	0.0352844243826017	0.03516990748683	0.1949311925985224	0.1667398000306583	-0.0281913925678641		0.5214245299613915	True	0.0122482553124427	False
COAD_VisiumHD_FFPE_to_CosMx6K	Benchmark_03	COAD	Visium HD FFPE	CosMx 6K	CASP3	0.0011854502013069	0.1064243609173575	0.1052389107160506	0.2562512468110209	0.2308336826694411	-0.025417564141579807		0.4337919630135689	True	0.0076835383661091	False
COAD_VisiumHD_FFPE_to_CosMx6K	Benchmark_03	COAD	Visium HD FFPE	CosMx 6K	CASP4	-3.3076122147289245e-05	-3.3076122147289245e-05	0.0	0.2227125927613401	0.2227125927613401	0.0			False	-0.0006955986027605	False
COAD_VisiumHD_FFPE_to_CosMx6K	Benchmark_03	COAD	Visium HD FFPE	CosMx 6K	CAST	-0.002901317420491	0.0715232912374733	0.0744246086579643	0.2799285392592131	0.207456782170896	-0.07247175708831713		0.6755478145288434	True	0.0037340554408729	False
COAD_VisiumHD_FFPE_to_CosMx6K	Benchmark_03	COAD	Visium HD FFPE	CosMx 6K	CBFB	0.0040233269112177	-0.0036577367064122	-0.0076810636176299005	0.2566147543331958	0.2309188663710784	-0.025695887962117414		0.4419394445289992	True	0.0127410711720585	False
COAD_VisiumHD_FFPE_to_CosMx6K	Benchmark_03	COAD	Visium HD FFPE	CosMx 6K	CCDC12	0.0061804492647118	0.0886377455517706	0.0824572962870588	0.257211751380472	0.2338999435000254	-0.023311807880446567		0.4177728911963896	True	-0.001012354157865	False
COAD_VisiumHD_FFPE_to_CosMx6K	Benchmark_03	COAD	Visium HD FFPE	CosMx 6K	CCN1	0.0202663974341748	0.4309242653585241	0.4106578679243493	0.5082079329356944	0.344191921136025	-0.16401601179966946		0.7301754249566534	True	0.1639094352722168	False
COAD_VisiumHD_FFPE_to_CosMx6K	Benchmark_03	COAD	Visium HD FFPE	CosMx 6K	CCN2	0.0230173444903055	0.4065493664905871	0.3835320220002816	0.5098285001127018	0.3706660524389294	-0.13916244767377234		0.6847169782102174	True	0.0924913436174392	False
COAD_VisiumHD_FFPE_to_CosMx6K	Benchmark_03	COAD	Visium HD FFPE	CosMx 6K	CCNA2	0.0117705086334826	0.0455214196306296	0.033750910997147	0.2039659614071802	0.1706773918002524	-0.033288569606927804		0.5597588401355231	True	0.0316954813897609	False
COAD_VisiumHD_FFPE_to_CosMx6K	Benchmark_03	COAD	Visium HD FFPE	CosMx 6K	CCNB1	0.0086424612483875	0.1035539022314164	0.09491144098302891	0.2253979644152587	0.1815955964331746	-0.04380236798208409		0.6156368742252671	True	0.0268472004681825	False
COAD_VisiumHD_FFPE_to_CosMx6K	Benchmark_03	COAD	Visium HD FFPE	CosMx 6K	CCNC	0.0036625503110114	0.0079060806122614	0.004243530301250001	0.1907591020582106	0.158831858660131	-0.03192724339807959		0.555698190669098	True	0.004309759940952	False
COAD_VisiumHD_FFPE_to_CosMx6K	Benchmark_03	COAD	Visium HD FFPE	CosMx 6K	CCND1	-0.0054910347329736	0.2117349746281539	0.21722600936112751	0.3184290967235463	0.2627498348401495	-0.05567926188339678		0.5684409897982237	True	0.0269685890525579	False
COAD_VisiumHD_FFPE_to_CosMx6K	Benchmark_03	COAD	Visium HD FFPE	CosMx 6K	CCND2	0.0265984410156451	0.1608378737503465	0.1342394327347014	0.4880725769199383	0.4455115198312968	-0.042561057088641496		0.4061802962925974	True	0.0473314672708511	False
COAD_VisiumHD_FFPE_to_CosMx6K	Benchmark_03	COAD	Visium HD FFPE	CosMx 6K	CCNG1	0.0060570799080804	0.0778032306219126	0.07174615071383221	0.2537226572712701	0.202179069779739	-0.05154358749153107		0.6423780958558529	True	0.0317530818283557	False
COAD_VisiumHD_FFPE_to_CosMx6K	Benchmark_03	COAD	Visium HD FFPE	CosMx 6K	CCNG2	0.0042636858377825	-0.0073682548983929	-0.0116319407361754	0.2473374098928503	0.2184473148359202	-0.028890095056930104		0.4693977523964155	True	0.0027873578947037	False
COAD_VisiumHD_FFPE_to_CosMx6K	Benchmark_03	COAD	Visium HD FFPE	CosMx 6K	CCNK	0.0023326120591928	0.0261707133634995	0.0238381013043067	0.2134171109647564	0.1815051629145532	-0.0319119480502032		0.5262129170268866	True	0.0076264208182692	False
COAD_VisiumHD_FFPE_to_CosMx6K	Benchmark_03	COAD	Visium HD FFPE	CosMx 6K	CCT2	0.0052301746048262	0.163928652801452	0.1586984781966258	0.2914193918859643	0.2742210382708545	-0.017198353615109796		0.3373129185716444	True	0.01273750141263	False
COAD_VisiumHD_FFPE_to_CosMx6K	Benchmark_03	COAD	Visium HD FFPE	CosMx 6K	CCT6A	0.0024975285366712	0.1113573493341673	0.10885982079749609	0.2548830977616069	0.2191936783551809	-0.035689419406426004		0.511374029011789	True	0.0224939733743667	False
COAD_VisiumHD_FFPE_to_CosMx6K	Benchmark_03	COAD	Visium HD FFPE	CosMx 6K	CD14	-0.0007277018569761	0.457742319801226	0.4584700216582021	0.3082175712341042	0.2569099507823311	-0.05130762045177312		0.5744164449872379	True	0.0118157835677266	False
COAD_VisiumHD_FFPE_to_CosMx6K	Benchmark_03	COAD	Visium HD FFPE	CosMx 6K	CD151	0.0007970360864928	0.1552800461499993	0.1544830100635065	0.3696239003007346	0.3134825299593484	-0.05614137034138622		0.5311113217879723	True	0.0162590444087982	False
COAD_VisiumHD_FFPE_to_CosMx6K	Benchmark_03	COAD	Visium HD FFPE	CosMx 6K	CD164	0.0051920200009741	0.0361436839192255	0.030951663918251396	0.238721282391603	0.2155677199053448	-0.023153562486258217		0.4292626117576661	True	-0.0053378124721348	False
COAD_VisiumHD_FFPE_to_CosMx6K	Benchmark_03	COAD	Visium HD FFPE	CosMx 6K	CD24	-0.0238592163318387	0.1466141985110234	0.1704734148428621	0.3119309252885047	0.2194631389597706	-0.09246778632873409		0.7089415591360932	True	0.1552811712026596	False
COAD_VisiumHD_FFPE_to_CosMx6K	Benchmark_03	COAD	Visium HD FFPE	CosMx 6K	CD276	0.0015284749345958	0.099329501381427	0.0978010264468312	0.2360370726530553	0.1806116354430101	-0.0554254372100452		0.6456875589831035	True	0.0171046145260334	False
COAD_VisiumHD_FFPE_to_CosMx6K	Benchmark_03	COAD	Visium HD FFPE	CosMx 6K	CD320	0.0032896063989033	0.0676244092114742	0.0643348028125709	0.1762399795033652	0.1489463863587107	-0.027293593144654515		0.5358694243177569	True	0.0045407875441014	False
COAD_VisiumHD_FFPE_to_CosMx6K	Benchmark_03	COAD	Visium HD FFPE	CosMx 6K	CD4	-0.0003938232659816	0.207850932881336	0.2082447561473176	0.2096739567486709	0.1631135806182327	-0.0465603761304382		0.6266146866494114	True	0.0106237651780247	False
COAD_VisiumHD_FFPE_to_CosMx6K	Benchmark_03	COAD	Visium HD FFPE	CosMx 6K	CD44	-0.0057374192680781	0.2228045602133489	0.22854197948142702	0.3105461137724277	0.2381579808100521	-0.07238813296237559		0.6366485567903346	True	0.0493914894759655	False
COAD_VisiumHD_FFPE_to_CosMx6K	Benchmark_03	COAD	Visium HD FFPE	CosMx 6K	CD46	0.0046640132426224	0.0471787444910576	0.042514731248435196	0.2747971646858598	0.2300812267261692	-0.04471593795969059		0.552935248766214	True	0.0099604194983839	False
COAD_VisiumHD_FFPE_to_CosMx6K	Benchmark_03	COAD	Visium HD FFPE	CosMx 6K	CD47	0.0047495653131002	-0.0018602718254876	-0.0066098371385878004	0.2517696732364041	0.1909460726391955	-0.060823600597208594		0.6841878659671036	True	0.0179089549928903	False
COAD_VisiumHD_FFPE_to_CosMx6K	Benchmark_03	COAD	Visium HD FFPE	CosMx 6K	CD55	-0.0176481058529047	0.2530021121702164	0.2706502180231211	0.362348615766233	0.2091666423245637	-0.1531819734416693		0.8072951821245009	True	0.1822637468576431	True
COAD_VisiumHD_FFPE_to_CosMx6K	Benchmark_03	COAD	Visium HD FFPE	CosMx 6K	CD63	0.0061307060119735	0.1550291265657409	0.1488984205537674	0.4623891126773953	0.3918506370637866	-0.07053847561360871		0.5255263999411703	True	0.0122103998437523	False
COAD_VisiumHD_FFPE_to_CosMx6K	Benchmark_03	COAD	Visium HD FFPE	CosMx 6K	CD68	-0.0064331247282071	0.2755155712431826	0.2819486959713897	0.3251240678566067	0.2580801013924635	-0.06704396646414318		0.6089213203376485	True	0.0218033920973539	False
COAD_VisiumHD_FFPE_to_CosMx6K	Benchmark_03	COAD	Visium HD FFPE	CosMx 6K	CD81	0.0024832366219837	0.2516819081092885	0.2491986714873048	0.4801373041932053	0.4633494761789292	-0.01678782801427614		0.2965719526717639	True	0.0099743511527776	False
COAD_VisiumHD_FFPE_to_CosMx6K	Benchmark_03	COAD	Visium HD FFPE	CosMx 6K	CD9	0.0252287773072505	0.2374009241267503	0.21217214681949978	0.4927199376996893	0.4098620691614429	-0.0828578685382464		0.6867173963532064	True	0.088522583246231	False
COAD_VisiumHD_FFPE_to_CosMx6K	Benchmark_03	COAD	Visium HD FFPE	CosMx 6K	CD99	0.0081825222986894	0.0860275917827742	0.07784506948408479	0.3975348565563116	0.3741711306988398	-0.023363725857471818		0.3615113557743134	True	0.004527770448476	False
COAD_VisiumHD_FFPE_to_CosMx6K	Benchmark_03	COAD	Visium HD FFPE	CosMx 6K	CDC16	0.0077241165068927	0.0305478381988133	0.0228237216919206	0.2524262519393316	0.2238817563216431	-0.028544495617688515		0.4612885470466324	True	0.0234948601573705	False
COAD_VisiumHD_FFPE_to_CosMx6K	Benchmark_03	COAD	Visium HD FFPE	CosMx 6K	CDC25B	0.002224573592132	-0.0124958716560365	-0.0147204452481685	0.2455656200397968	0.2220414808065875	-0.023524139233209285		0.4299577870431402	True	0.0122322216629982	False
COAD_VisiumHD_FFPE_to_CosMx6K	Benchmark_03	COAD	Visium HD FFPE	CosMx 6K	CDC37	-0.0020078307175361	0.1151095958187281	0.1171174265362642	0.3223997891540796	0.2811694145373862	-0.04123037461669338		0.4903349298138844	True	0.0093342354521155	False
COAD_VisiumHD_FFPE_to_CosMx6K	Benchmark_03	COAD	Visium HD FFPE	CosMx 6K	CDC42BPB	0.004226353838895	-0.001993492376761	-0.006219846215655999	0.2087532703161114	0.1766940154171105	-0.03205925489900091		0.5325894090880414	True	-0.0028061044868081	False
COAD_VisiumHD_FFPE_to_CosMx6K	Benchmark_03	COAD	Visium HD FFPE	CosMx 6K	CDC5L	0.0005038462263148	-0.0083393353778341	-0.008843181604148901	0.2280934174722682	0.1975644905715884	-0.030528926900679793		0.5001542089935692	True	0.0156501717865467	False
COAD_VisiumHD_FFPE_to_CosMx6K	Benchmark_03	COAD	Visium HD FFPE	CosMx 6K	CDC73	0.004044606280331	-0.0056543075171859	-0.0096989137975169	0.1786011647136318	0.1461903439907668	-0.032410820722865		0.5741737835209096	True	0.0051200878806412	False
COAD_VisiumHD_FFPE_to_CosMx6K	Benchmark_03	COAD	Visium HD FFPE	CosMx 6K	CDH1	0.0163463739835527	0.2217802138081981	0.2054338398246454	0.3466215353332446	0.3256685824976772	-0.020952952835567362		0.3351325492697068	True	0.0199166499078273	False
COAD_VisiumHD_FFPE_to_CosMx6K	Benchmark_03	COAD	Visium HD FFPE	CosMx 6K	CDK1	0.0154126866566174	0.0805516332544339	0.06513894659781651	0.2600333197107271	0.2108010847378224	-0.04923223497290469		0.6222161638918667	True	0.0448011234402656	False
COAD_VisiumHD_FFPE_to_CosMx6K	Benchmark_03	COAD	Visium HD FFPE	CosMx 6K	CDK16	0.001156983200629	0.0244653691634885	0.0233083859628595	0.2022318556279106	0.1619895635959723	-0.0402422920319383		0.6024202579273265	True	0.0295505635440349	False
COAD_VisiumHD_FFPE_to_CosMx6K	Benchmark_03	COAD	Visium HD FFPE	CosMx 6K	CDK2	0.0059421714939809	0.0421771257391567	0.036234954245175796	0.1919338435286381	0.1633548661468147	-0.02857897738182341		0.5279028309146271	True	0.0322780348360538	False
COAD_VisiumHD_FFPE_to_CosMx6K	Benchmark_03	COAD	Visium HD FFPE	CosMx 6K	CDK4	0.0105374407871405	0.1231749519222758	0.1126375111351353	0.2961018091935162	0.2400333308698035	-0.0560684783237127		0.6173718399933588	True	0.046554684638977	False
COAD_VisiumHD_FFPE_to_CosMx6K	Benchmark_03	COAD	Visium HD FFPE	CosMx 6K	CDK5RAP3	0.0032075579572832	-0.0278262036053319	-0.0310337615626151	0.2501797341563687	0.1974977530381155	-0.052681981118253174		0.6197708027741822	True	-0.0049192067235708	False
COAD_VisiumHD_FFPE_to_CosMx6K	Benchmark_03	COAD	Visium HD FFPE	CosMx 6K	CDK9	0.0032613042584846	0.0132009965556363	0.0099396922971517	0.228317991745356	0.2007258920350155	-0.02759209971034049		0.4773058755153355	True	0.0155952684581279	False
COAD_VisiumHD_FFPE_to_CosMx6K	Benchmark_03	COAD	Visium HD FFPE	CosMx 6K	CDKN1A	-0.0176249488608573	0.3281449015454809	0.34576985040633823	0.4151149053343038	0.371654306373971	-0.043460598960332775		0.4663976960612425	True	0.0685843378305435	False
COAD_VisiumHD_FFPE_to_CosMx6K	Benchmark_03	COAD	Visium HD FFPE	CosMx 6K	CDKN1B	0.0055656858298111	0.0257232384176395	0.0201575525878284	0.3057002576369494	0.254988376191606	-0.05071188144534339		0.5515769134655115	True	0.0094645041972398	False
COAD_VisiumHD_FFPE_to_CosMx6K	Benchmark_03	COAD	Visium HD FFPE	CosMx 6K	CDS2	0.0024219675565992	0.0469005780080607	0.0444786104514615	0.2465557847382418	0.2259072010813902	-0.0206485836568516		0.401147704419392	True	0.0231925901025533	False
COAD_VisiumHD_FFPE_to_CosMx6K	Benchmark_03	COAD	Visium HD FFPE	CosMx 6K	CDT1	0.0098495511939806	0.0974593565599323	0.0876098053659517	0.2430087611429474	0.2096205239797125	-0.033388237163234885		0.5088899630188414	True	0.016908073797822	False
COAD_VisiumHD_FFPE_to_CosMx6K	Benchmark_03	COAD	Visium HD FFPE	CosMx 6K	CDX2	0.0202951552420588	0.1429433161276908	0.12264816088563199	0.2761016776018414	0.2331194172997284	-0.042982260302112996		0.5431206582836906	True	0.0348588824272155	False
COAD_VisiumHD_FFPE_to_CosMx6K	Benchmark_03	COAD	Visium HD FFPE	CosMx 6K	CEBPA	-0.0031791927947213	0.292116766519359	0.29529595931408026	0.3007105513213298	0.2779538274150643	-0.022756723906265486		0.3807702867593572	True	0.0189412012696266	False
COAD_VisiumHD_FFPE_to_CosMx6K	Benchmark_03	COAD	Visium HD FFPE	CosMx 6K	CEBPB	-0.021481382781797	0.2233802927129532	0.2448616754947502	0.4509918542390662	0.4156239504513946	-0.03536790378767157		0.4605207857069924	True	0.0498545281589031	False
COAD_VisiumHD_FFPE_to_CosMx6K	Benchmark_03	COAD	Visium HD FFPE	CosMx 6K	CEBPD	-0.0151962920481466	0.2787920550750009	0.2939883471231475	0.4329816562695485	0.3677269614033052	-0.0652546948662433		0.534217240448821	True	0.0307710971683263	False
COAD_VisiumHD_FFPE_to_CosMx6K	Benchmark_03	COAD	Visium HD FFPE	CosMx 6K	CEBPG	0.0053190204611848	0.0964051784474176	0.09108615798623279	0.2653723438990535	0.2302634270977925	-0.03510891680126102		0.4984589716321798	True	0.0186888854950666	False
COAD_VisiumHD_FFPE_to_CosMx6K	Benchmark_03	COAD	Visium HD FFPE	CosMx 6K	CEMIP2	0.0019880742278328	0.0127629822158809	0.0107749079880481	0.2375347749067387	0.2099476832166125	-0.027587091690126186		0.4674204321276251	True	0.0121587375178933	False
COAD_VisiumHD_FFPE_to_CosMx6K	Benchmark_03	COAD	Visium HD FFPE	CosMx 6K	CENPM	0.007605682015974	0.037116728719594	0.029511046703619998	0.2139152918282762	0.179990260868143	-0.03392503096013322		0.5465205349214963	True	0.0293426886200904	False
COAD_VisiumHD_FFPE_to_CosMx6K	Benchmark_03	COAD	Visium HD FFPE	CosMx 6K	CENPT	0.0003883871979555	-0.019458246963727	-0.0198466341616825	0.1963424561810204	0.1680579309643322	-0.0282845252166882		0.5170007310744128	True	0.0039378372021019	False
COAD_VisiumHD_FFPE_to_CosMx6K	Benchmark_03	COAD	Visium HD FFPE	CosMx 6K	CENPU	0.0066194790379683	0.0410829769918247	0.0344634979538564	0.2430265862865103	0.2103614306012615	-0.0326651556852488		0.5041970782662422	True	0.0331670567393302	False
COAD_VisiumHD_FFPE_to_CosMx6K	Benchmark_03	COAD	Visium HD FFPE	CosMx 6K	CEP57	0.0054907600594652	-0.0019125853265251	-0.0074033453859903	0.223214094115187	0.1980504539620101	-0.025163640153176903		0.4607701762119315	True	0.0028497625607997	False
COAD_VisiumHD_FFPE_to_CosMx6K	Benchmark_03	COAD	Visium HD FFPE	CosMx 6K	CERS2	0.0064152062885584	0.0643284587768388	0.05791325248828041	0.2558636214779647	0.2219697775493602	-0.033893843928604506		0.4988083337004474	True	0.013567816466093	False
COAD_VisiumHD_FFPE_to_CosMx6K	Benchmark_03	COAD	Visium HD FFPE	CosMx 6K	CERS6	0.0110322418054887	0.0431387948763208	0.0321065530708321	0.2294563829668637	0.1982565635566933	-0.031199819410170387		0.507627168398595	True	0.0406054444611072	False
COAD_VisiumHD_FFPE_to_CosMx6K	Benchmark_03	COAD	Visium HD FFPE	CosMx 6K	CFB	-0.0053479937955502	0.2699682983977602	0.2753162921933104	0.3867760102175432	0.28900264047503	-0.09777336974251322		0.6955049702982882	True	0.1126589998602867	False
COAD_VisiumHD_FFPE_to_CosMx6K	Benchmark_03	COAD	Visium HD FFPE	CosMx 6K	CFLAR	0.0003896638429902	-0.0064666813141669	-0.0068563451571571005	0.2342757707946348	0.1730913377192845	-0.06118443307535029		0.6662551902604517	True	0.0045564752072095	False
COAD_VisiumHD_FFPE_to_CosMx6K	Benchmark_03	COAD	Visium HD FFPE	CosMx 6K	CHCHD3	0.0095332106143197	0.107602972502705	0.09806976188838529	0.2879324032842272	0.2660922551788376	-0.02184014810538959		0.3822715855881279	True	0.0095089804381132	False
COAD_VisiumHD_FFPE_to_CosMx6K	Benchmark_03	COAD	Visium HD FFPE	CosMx 6K	CHD3	0.0038457558310587	-0.0383725547062818	-0.0422183105373405	0.2277727276378335	0.1923864998180078	-0.0353862278198257		0.534173216197446	True	0.0080497246235609	False
COAD_VisiumHD_FFPE_to_CosMx6K	Benchmark_03	COAD	Visium HD FFPE	CosMx 6K	CHD4	0.0034151276211302	0.0425284611260031	0.0391133335048729	0.2505206474722371	0.2198054539058258	-0.030715193566411336		0.4797045956627729	True	0.0038100876845419	False
COAD_VisiumHD_FFPE_to_CosMx6K	Benchmark_03	COAD	Visium HD FFPE	CosMx 6K	CHID1	0.0039686264272879	0.0247988575703417	0.020830231143053803	0.1877107122463973	0.1322758010866921	-0.0554349111597052		0.7317786084152752	True	0.0054990579374134	False
COAD_VisiumHD_FFPE_to_CosMx6K	Benchmark_03	COAD	Visium HD FFPE	CosMx 6K	CHKA	0.0033150099370301	0.0316971477122688	0.0283821377752387	0.1866873499699292	0.1582652820580565	-0.028422067911872684		0.5353849652152887	True	0.0046337824314832	False
COAD_VisiumHD_FFPE_to_CosMx6K	Benchmark_03	COAD	Visium HD FFPE	CosMx 6K	CHMP1A	0.0021012299178246	0.0724232655217159	0.07032203560389129	0.2301950274804863	0.2062264108736631	-0.023968616606823173		0.4456994415556526	True	0.0049452064558863	False
COAD_VisiumHD_FFPE_to_CosMx6K	Benchmark_03	COAD	Visium HD FFPE	CosMx 6K	CHMP1B	-0.0021221867980015	0.0982846984995742	0.1004068852975757	0.2802709201788777	0.2429147755617721	-0.037356144617105624		0.501008564076139	True	0.0047189681790769	False
COAD_VisiumHD_FFPE_to_CosMx6K	Benchmark_03	COAD	Visium HD FFPE	CosMx 6K	CHMP2A	0.0001346426244325	0.1107182040817553	0.1105835614573228	0.2550475777512068	0.2238145675072704	-0.031233010243936377		0.4806367658064222	True	0.0124977082014083	False
COAD_VisiumHD_FFPE_to_CosMx6K	Benchmark_03	COAD	Visium HD FFPE	CosMx 6K	CHMP3	0.00908782258529	0.0432877969266912	0.0341999743414012	0.3602882016779583	0.3160043490220501	-0.044283852655908174		0.4805218195150505	True	0.0149823203682899	False
COAD_VisiumHD_FFPE_to_CosMx6K	Benchmark_03	COAD	Visium HD FFPE	CosMx 6K	CHMP4A	0.0016753227391447	0.0223768137385884	0.0207014909994437	0.2144088208384828	0.1814716780289324	-0.0329371428095504		0.5331162126849612	True	0.0057524289004504	False
COAD_VisiumHD_FFPE_to_CosMx6K	Benchmark_03	COAD	Visium HD FFPE	CosMx 6K	CHMP4B	0.0020357800708676	0.1877244545600979	0.1856886744892303	0.3476733244927883	0.3063941065660255	-0.04127921792676281		0.4736701474148898	True	0.0017542493296787	False
COAD_VisiumHD_FFPE_to_CosMx6K	Benchmark_03	COAD	Visium HD FFPE	CosMx 6K	CHMP7	-0.0030480184063794	0.0601289063768916	0.063176924783271	0.1799312244237982	0.150290445217966	-0.02964077920583219		0.548942823300712	True	0.0081785814836621	False
COAD_VisiumHD_FFPE_to_CosMx6K	Benchmark_03	COAD	Visium HD FFPE	CosMx 6K	CHPT1	0.008828236966301	0.0184590375411551	0.0096308005748541	0.2195681677783018	0.1625236461078367	-0.05704452167046509		0.774425149467126	True	0.0388715155422687	False
COAD_VisiumHD_FFPE_to_CosMx6K	Benchmark_03	COAD	Visium HD FFPE	CosMx 6K	CIB1	-0.0064725907594796	0.1358624467788122	0.1423350375382918	0.2884253108599858	0.2573377090568303	-0.031087601803155507		0.4592463882845894	True	0.0010277508990839	False
COAD_VisiumHD_FFPE_to_CosMx6K	Benchmark_03	COAD	Visium HD FFPE	CosMx 6K	CIC	0.003406780166569	-0.0036351999396251	-0.0070419801061941	0.2322807548084843	0.2082402905671607	-0.02404046424132361		0.4455081394342136	True	0.0025849079247564	False
COAD_VisiumHD_FFPE_to_CosMx6K	Benchmark_03	COAD	Visium HD FFPE	CosMx 6K	CKAP4	0.0045564883008753	0.0654129649554037	0.0608564766545284	0.3112901835204059	0.2530304771884393	-0.05825970633196659		0.5852669962335414	True	0.0003765788278542	False
COAD_VisiumHD_FFPE_to_CosMx6K	Benchmark_03	COAD	Visium HD FFPE	CosMx 6K	CKAP5	0.0067262655322427	0.0326020985655615	0.025875833033318803	0.2264404321646988	0.1890891410972732	-0.0373512910674256		0.5573104081221852	True	0.0104739107191562	False
COAD_VisiumHD_FFPE_to_CosMx6K	Benchmark_03	COAD	Visium HD FFPE	CosMx 6K	CKB	-0.0185732416677382	0.3057286695598978	0.324301911227636	0.4128918488863508	0.3154769839320051	-0.0974148649543457		0.6484716140768438	True	0.2496408820152282	True
COAD_VisiumHD_FFPE_to_CosMx6K	Benchmark_03	COAD	Visium HD FFPE	CosMx 6K	CKS1B	0.0137402239503902	0.0908439224941965	0.0771036985438063	0.3620965962514152	0.3420310241527071	-0.02006557209870813		0.3192913545936347	True	0.0129760494455695	False
COAD_VisiumHD_FFPE_to_CosMx6K	Benchmark_03	COAD	Visium HD FFPE	CosMx 6K	CLDN3	0.0078418644939288	0.1972759532194533	0.1894340887255245	0.3083031203623638	0.2786599844133753	-0.029643135948988486		0.4296844528426322	True	0.0039614820852875	False
COAD_VisiumHD_FFPE_to_CosMx6K	Benchmark_03	COAD	Visium HD FFPE	CosMx 6K	CLDN4	-0.0177411698091992	0.3918299273468753	0.4095710971560745	0.4172159980531777	0.3272728514819383	-0.08994314657123942		0.6237921118424405	True	0.0624986663460731	False
COAD_VisiumHD_FFPE_to_CosMx6K	Benchmark_03	COAD	Visium HD FFPE	CosMx 6K	CLDN7	0.0123252552526068	0.3411530125231997	0.3288277572705929	0.4557536960294022	0.3615393204699468	-0.09421437555945539		0.6306956506542363	True	0.052456047385931	False
COAD_VisiumHD_FFPE_to_CosMx6K	Benchmark_03	COAD	Visium HD FFPE	CosMx 6K	CLIC4	0.0040422181179316	0.1418947118461567	0.1378524937282251	0.2541304919958242	0.2070623274715053	-0.04706816452431892		0.5784525502672361	True	0.0199095141142606	False
COAD_VisiumHD_FFPE_to_CosMx6K	Benchmark_03	COAD	Visium HD FFPE	CosMx 6K	CLIP1	0.0020659217503758	-0.0109472068710231	-0.0130131286213989	0.1997753451523792	0.1624330623078176	-0.03734228284456162		0.5797325558621271	True	-0.0064623653888702	False
COAD_VisiumHD_FFPE_to_CosMx6K	Benchmark_03	COAD	Visium HD FFPE	CosMx 6K	CLSTN1	0.0037555357289543	-0.0080511925679195	-0.0118067282968738	0.2484507430743019	0.205792609384623	-0.04265813368967891		0.5590379953554457	True	0.0082164201885461	False
COAD_VisiumHD_FFPE_to_CosMx6K	Benchmark_03	COAD	Visium HD FFPE	CosMx 6K	CLTA	0.0040726127674018	0.1484432223070793	0.14437060953967748	0.3365781512080792	0.2899229419344168	-0.0466552092736624		0.5081245896246713	True	0.0174233056604862	False
COAD_VisiumHD_FFPE_to_CosMx6K	Benchmark_03	COAD	Visium HD FFPE	CosMx 6K	CLTB	-0.0075694935990943	0.1111871199741078	0.1187566135732021	0.2288203794713551	0.1874804589054792	-0.041339920565875904		0.57163629423452	True	0.0019776106346398	False
COAD_VisiumHD_FFPE_to_CosMx6K	Benchmark_03	COAD	Visium HD FFPE	CosMx 6K	CLU	0.0223476875193056	0.2256052888699737	0.2032576013506681	0.3082785003303871	0.2419276917901705	-0.0663508085402166		0.6900312664529783	True	0.0859232172369957	False
COAD_VisiumHD_FFPE_to_CosMx6K	Benchmark_03	COAD	Visium HD FFPE	CosMx 6K	CMIP	-0.003207018895843	0.0387726729921139	0.0419796918879569	0.2477253621693676	0.1830395428196846	-0.06468581934968301		0.6834061890834181	True	0.0146138770505785	False
COAD_VisiumHD_FFPE_to_CosMx6K	Benchmark_03	COAD	Visium HD FFPE	CosMx 6K	CMTM4	0.0053434224959126	0.0918718691571099	0.0865284466611973	0.243003644719173	0.216423567322718	-0.026580077396454987		0.4532314488686379	True	0.0150450309738516	False
COAD_VisiumHD_FFPE_to_CosMx6K	Benchmark_03	COAD	Visium HD FFPE	CosMx 6K	CMTM6	0.001672687376981	0.0457792150237447	0.0441065276467637	0.2369100361314487	0.202512480042128	-0.03439755608932071		0.5187795976793217	True	0.0071475799195468	False
COAD_VisiumHD_FFPE_to_CosMx6K	Benchmark_03	COAD	Visium HD FFPE	CosMx 6K	CNN2	0.0005789479982298	0.1644758633485677	0.1638969153503379	0.3494931847077095	0.282960790468851	-0.06653239423885854		0.5822850623927055	True	0.0105370208621025	False
COAD_VisiumHD_FFPE_to_CosMx6K	Benchmark_03	COAD	Visium HD FFPE	CosMx 6K	CNOT2	0.0038829498595458	0.0027774143071044	-0.0011055355524414003	0.2024101893359425	0.1737104281209123	-0.02869976121503018		0.5137237658606907	True	-0.0089108934625983	False
COAD_VisiumHD_FFPE_to_CosMx6K	Benchmark_03	COAD	Visium HD FFPE	CosMx 6K	CNOT6L	0.0025220560675449	-0.038089111011316	-0.0406111670788609	0.2365814298142826	0.2135222531831837	-0.023059176631098882		0.4346455103856975	True	-0.0063214949332177	False
COAD_VisiumHD_FFPE_to_CosMx6K	Benchmark_03	COAD	Visium HD FFPE	CosMx 6K	CNPY3	0.0049143342524297	0.0598733475135844	0.054959013261154696	0.2783681816186882	0.2463457574501444	-0.03202242416854381		0.4669144627360594	True	-0.0046391058713197	False
COAD_VisiumHD_FFPE_to_CosMx6K	Benchmark_03	COAD	Visium HD FFPE	CosMx 6K	COL12A1	0.0066525926297653	0.4756277138826655	0.4689751212529002	0.4238583622919116	0.2882978245650631	-0.1355605377268485		0.7315977301649385	True	0.0951951369643211	False
COAD_VisiumHD_FFPE_to_CosMx6K	Benchmark_03	COAD	Visium HD FFPE	CosMx 6K	COL14A1	0.0055965008876604	0.1491284770358953	0.1435319761482349	0.2115290820269793	0.1461856450379503	-0.06534343698902897		0.7164828577912712	True	0.0617818087339401	False
COAD_VisiumHD_FFPE_to_CosMx6K	Benchmark_03	COAD	Visium HD FFPE	CosMx 6K	COL18A1	0.0048672782260655	0.4080477259124156	0.40318044768635014	0.3998781492927008	0.3009432462577202	-0.09893490303498065		0.6668715136037375	True	0.0439675003290176	False
COAD_VisiumHD_FFPE_to_CosMx6K	Benchmark_03	COAD	Visium HD FFPE	CosMx 6K	COL1A2	0.0140841812430309	0.8388550777484991	0.8247708965054682	1.120099867019045	0.3934467650199664	-0.7266531019990785		0.9340984956038784	True	0.3323677182197571	True
COAD_VisiumHD_FFPE_to_CosMx6K	Benchmark_03	COAD	Visium HD FFPE	CosMx 6K	COL27A1	0.0148708182820821	0.030604111021435	0.0157332927393529	0.2919253185992394	0.2617694172223766	-0.030155901376862804		0.4398714962116367	True	0.0311481151729822	False
COAD_VisiumHD_FFPE_to_CosMx6K	Benchmark_03	COAD	Visium HD FFPE	CosMx 6K	COL2A1	0.0465736980283661	0.2609507438268312	0.21437704579846512	0.3996257538795587	0.3261161367155202	-0.07350961716403848		0.6292671246762594	True	0.1115597039461135	False
COAD_VisiumHD_FFPE_to_CosMx6K	Benchmark_03	COAD	Visium HD FFPE	CosMx 6K	COL4A2	0.0023297392570757	0.6245872486435169	0.6222575093864412	0.5861202809965583	0.3397785991063086	-0.24634168189024974		0.8163307908124212	True	0.0750294476747512	False
COAD_VisiumHD_FFPE_to_CosMx6K	Benchmark_03	COAD	Visium HD FFPE	CosMx 6K	COL5A1	0.0010807710795479	0.4497401210999454	0.4486593500203975	0.4496673590039341	0.2485687150418085	-0.20109864396212562		0.8229072703803891	True	0.0961992666125297	False
COAD_VisiumHD_FFPE_to_CosMx6K	Benchmark_03	COAD	Visium HD FFPE	CosMx 6K	COL5A2	0.0056831760068109	0.4034692502540764	0.3977860742472655	0.3331976776737274	0.2163171001650357	-0.11688057750869169		0.7517181806675461	True	0.07711161673069	False
COAD_VisiumHD_FFPE_to_CosMx6K	Benchmark_03	COAD	Visium HD FFPE	CosMx 6K	COL6A1	0.0020471014656149	0.5636367181666351	0.5615896167010201	0.4907712515166622	0.3537957613933837	-0.13697549012327848		0.7241422846754424	True	0.0752962380647659	False
COAD_VisiumHD_FFPE_to_CosMx6K	Benchmark_03	COAD	Visium HD FFPE	CosMx 6K	COL6A2	0.002304076057694	0.5732001281236482	0.5708960520659542	0.5150840012469983	0.2864827756368647	-0.22860122561013357		0.8199113988960867	True	0.0889864712953567	False
COAD_VisiumHD_FFPE_to_CosMx6K	Benchmark_03	COAD	Visium HD FFPE	CosMx 6K	COL6A3	0.0094324439063014	0.6290949623453314	0.61966251843903	0.6073696176227151	0.3227474337543623	-0.2846221838683528		0.8354441003772832	True	0.1071742847561836	False
COAD_VisiumHD_FFPE_to_CosMx6K	Benchmark_03	COAD	Visium HD FFPE	CosMx 6K	COMT	0.006686709085989	0.2993107186223218	0.2926240095363328	0.4077309050688842	0.3643230043036059	-0.043407900765278284		0.4468528158611114	True	0.0264721885323524	False
COAD_VisiumHD_FFPE_to_CosMx6K	Benchmark_03	COAD	Visium HD FFPE	CosMx 6K	COPB1	0.0011022664402956	0.026300253221806	0.0251979867815104	0.2431777688783748	0.1965355195214455	-0.046642249356929316		0.5900027743116261	True	0.0140035804361104	False
COAD_VisiumHD_FFPE_to_CosMx6K	Benchmark_03	COAD	Visium HD FFPE	CosMx 6K	COPS2	0.0028020831487734	0.0347549061349052	0.0319528229861318	0.2072206371199207	0.1663273038101761	-0.040893333309744595		0.6052877523118432	True	0.0049494039267301	False
COAD_VisiumHD_FFPE_to_CosMx6K	Benchmark_03	COAD	Visium HD FFPE	CosMx 6K	COPS5	0.0031783840188458	0.0684226864968342	0.06524430247798839	0.2228869084788901	0.1998849096739148	-0.023001998804975277		0.4416598380936646	True	-0.004836827982217	False
COAD_VisiumHD_FFPE_to_CosMx6K	Benchmark_03	COAD	Visium HD FFPE	CosMx 6K	COPS6	-0.0001626438966518	0.0712812885456121	0.0714439324422639	0.2581585116560917	0.2309505911545848	-0.027207920501506916		0.4477547047802273	True	0.017873678356409	False
COAD_VisiumHD_FFPE_to_CosMx6K	Benchmark_03	COAD	Visium HD FFPE	CosMx 6K	COPS7A	0.001200990499617	0.0197894715114901	0.0185884810118731	0.1812733096101063	0.1505728778220033	-0.030700431788103		0.5560585044397858	True	0.0024438365362584	False
COAD_VisiumHD_FFPE_to_CosMx6K	Benchmark_03	COAD	Visium HD FFPE	CosMx 6K	CORO1A	0.0003120172913747	0.1765526693121689	0.1762406520207942	0.2738337761094904	0.2274027145472656	-0.04643106156222479		0.5664062082299686	True	0.0268472433090209	False
COAD_VisiumHD_FFPE_to_CosMx6K	Benchmark_03	COAD	Visium HD FFPE	CosMx 6K	CORO1C	-0.0017762809643276	0.1383024113518341	0.1400786923161617	0.2820590421425129	0.242309018860445	-0.039750023282067865		0.5134341768668197	True	0.0010182494297623	False
COAD_VisiumHD_FFPE_to_CosMx6K	Benchmark_03	COAD	Visium HD FFPE	CosMx 6K	COTL1	-0.0014608806878934	0.2277577652621763	0.22921864595006972	0.3678020784956951	0.3357370881987085	-0.03206499029698656		0.4415669093887717	True	0.0290376991033554	False
COAD_VisiumHD_FFPE_to_CosMx6K	Benchmark_03	COAD	Visium HD FFPE	CosMx 6K	COX14	7.833312964474959e-05	0.0614873773983014	0.061409044268656655	0.2106892862732724	0.1777413475601157	-0.03294793871315671		0.535932098891723	True	0.0061330706812441	False
COAD_VisiumHD_FFPE_to_CosMx6K	Benchmark_03	COAD	Visium HD FFPE	CosMx 6K	COX4I1	0.0052304927691434	0.2982450812513212	0.2930145884821778	0.4284949210604003	0.3972011000893095	-0.03129382097109085		0.3906188333268642	True	0.0003891434462275	False
COAD_VisiumHD_FFPE_to_CosMx6K	Benchmark_03	COAD	Visium HD FFPE	CosMx 6K	COX6A1	0.0129747481695322	0.340091090994846	0.3271163428253138	0.5548664780146719	0.504580937590232	-0.05028554042443989		0.4234196896654654	True	0.0236717984080314	False
COAD_VisiumHD_FFPE_to_CosMx6K	Benchmark_03	COAD	Visium HD FFPE	CosMx 6K	COX6C	0.0031996931405528	0.2588574299805188	0.255657736839966	0.3610280292690525	0.3323703685658705	-0.028657660703181986		0.3939342140336003	True	0.0194761641323566	False
COAD_VisiumHD_FFPE_to_CosMx6K	Benchmark_03	COAD	Visium HD FFPE	CosMx 6K	COX7A2L	0.0020070734325711	0.0373210278441338	0.035313954411562695	0.2259201900547031	0.1837532402969827	-0.042166949757720396		0.5833710858207818	True	0.0187732055783271	False
COAD_VisiumHD_FFPE_to_CosMx6K	Benchmark_03	COAD	Visium HD FFPE	CosMx 6K	COX7C	0.01219745355786	0.2632295982092629	0.2510321446514029	0.3879372497300849	0.3442128203227036	-0.043724429407381304		0.4608089554494098	True	0.0265446584671735	False
COAD_VisiumHD_FFPE_to_CosMx6K	Benchmark_03	COAD	Visium HD FFPE	CosMx 6K	COX8A	0.0032274621488637	0.3117758186111794	0.3085483564623157	0.5314879741173572	0.508020407289029	-0.02346756682832818		0.3220209878225562	True	0.0100984135642647	False
COAD_VisiumHD_FFPE_to_CosMx6K	Benchmark_03	COAD	Visium HD FFPE	CosMx 6K	CPD	0.0070882668836666	0.0458747881503418	0.0387865212666752	0.2385731880660387	0.2180709194471839	-0.02050226861885479		0.4033473602844988	True	0.0126312682405114	False
COAD_VisiumHD_FFPE_to_CosMx6K	Benchmark_03	COAD	Visium HD FFPE	CosMx 6K	CPNE1	0.0112813029652432	0.0612120089874229	0.0499307060221797	0.3480588739442182	0.2874313936409861	-0.06062748030323212		0.6241702663287213	True	0.0505713522434234	False
COAD_VisiumHD_FFPE_to_CosMx6K	Benchmark_03	COAD	Visium HD FFPE	CosMx 6K	CPNE3	0.0014068847616815	0.0414752905524483	0.0400684057907668	0.2051321971501946	0.1770725322558534	-0.028059664894341196		0.5051254659404127	True	0.0140526965260505	False
COAD_VisiumHD_FFPE_to_CosMx6K	Benchmark_03	COAD	Visium HD FFPE	CosMx 6K	CPSF7	0.0025190081174883	0.0047678191380282	0.0022488110205399004	0.2363195343082335	0.2056007344439642	-0.030718799864269286		0.4931161844958134	True	0.0056273932568728	False
COAD_VisiumHD_FFPE_to_CosMx6K	Benchmark_03	COAD	Visium HD FFPE	CosMx 6K	CREB3L1	-0.0079922716048397	0.1084188203286781	0.1164110919335178	0.2467234552177596	0.2086999703076958	-0.0380234849100638		0.5399102329882781	True	0.0052559184841811	False
COAD_VisiumHD_FFPE_to_CosMx6K	Benchmark_03	COAD	Visium HD FFPE	CosMx 6K	CREBBP	0.0059797157422152	-0.0002001257851604	-0.0061798415273756	0.1868663274451273	0.1506650006223939	-0.03620132682273339		0.5979819418374164	True	0.0072477576322853	False
COAD_VisiumHD_FFPE_to_CosMx6K	Benchmark_03	COAD	Visium HD FFPE	CosMx 6K	CREG1	0.0053650176798854	0.1304457144320523	0.1250806967521669	0.3096031209810234	0.268703230720699	-0.04089989026032437		0.496730943345461	True	0.0054760416969656	False
COAD_VisiumHD_FFPE_to_CosMx6K	Benchmark_03	COAD	Visium HD FFPE	CosMx 6K	CRIP1	0.0055321357803237	0.2154055464069988	0.2098734106266751	0.3817405457040564	0.3524853148678473	-0.029255230836209123		0.4139290511922505	True	0.004791771993041	False
COAD_VisiumHD_FFPE_to_CosMx6K	Benchmark_03	COAD	Visium HD FFPE	CosMx 6K	CRK	0.0017766810766644	0.0565218393470736	0.054745158270409204	0.2683308971569437	0.2411895894931488	-0.027141307663794884		0.4419649918219801	True	-0.0012637367472052	False
COAD_VisiumHD_FFPE_to_CosMx6K	Benchmark_03	COAD	Visium HD FFPE	CosMx 6K	CRKL	0.0063629396448183	0.0471639214340535	0.0408009817892352	0.2308945474962417	0.1971536817870066	-0.033740865709235096		0.5232043128202949	True	0.007813561707735	False
COAD_VisiumHD_FFPE_to_CosMx6K	Benchmark_03	COAD	Visium HD FFPE	CosMx 6K	CRLS1	0.0136790182580493	0.0563125040693624	0.0426334858113131	0.293855386626867	0.2395910284952149	-0.05426435813165209		0.6424252597196387	True	0.0483691729605197	False
COAD_VisiumHD_FFPE_to_CosMx6K	Benchmark_03	COAD	Visium HD FFPE	CosMx 6K	CSK	0.0005182208730694	0.0878052559880387	0.08728703511496931	0.2493583802548684	0.2264048741414234	-0.022953506113444988		0.4249175361209353	True	0.0090547939762473	False
COAD_VisiumHD_FFPE_to_CosMx6K	Benchmark_03	COAD	Visium HD FFPE	CosMx 6K	CSNK1D	0.0032174656854251	0.0470368904685452	0.0438194247831201	0.2822178541192854	0.2462999420581259	-0.03591791206115952		0.4884343741650936	True	-0.008076393045485	False
COAD_VisiumHD_FFPE_to_CosMx6K	Benchmark_03	COAD	Visium HD FFPE	CosMx 6K	CSNK1E	0.0022519886771701	0.0022519886771701	0.0	0.288332193310764	0.288332193310764	0.0			False	0.0044248970225453	False
COAD_VisiumHD_FFPE_to_CosMx6K	Benchmark_03	COAD	Visium HD FFPE	CosMx 6K	CSNK1G2	0.0005099329948793	0.0938759435340737	0.09336601053919441	0.2754067853119944	0.2542041513325189	-0.021202633979475527		0.3900615013781184	True	0.0009449829813092	False
COAD_VisiumHD_FFPE_to_CosMx6K	Benchmark_03	COAD	Visium HD FFPE	CosMx 6K	CSNK2A2	0.0025231203742702	0.0500650515418	0.0475419311675298	0.2266264612899652	0.1947288123855695	-0.0318976489043957		0.5127140388559017	True	0.0136589761823415	False
COAD_VisiumHD_FFPE_to_CosMx6K	Benchmark_03	COAD	Visium HD FFPE	CosMx 6K	CSNK2B	0.0029249525075116	0.102428619812858	0.0995036673053464	0.2836802820845213	0.2581924095888262	-0.025487872495695063		0.4166725460314236	True	0.0193823091685771	False
COAD_VisiumHD_FFPE_to_CosMx6K	Benchmark_03	COAD	Visium HD FFPE	CosMx 6K	CST3	0.0276592605288952	0.4169459291767833	0.3892866686478881	0.6163184594149047	0.4934988328394239	-0.12281962657548079		0.6239023870252494	True	0.1013123765587806	False
COAD_VisiumHD_FFPE_to_CosMx6K	Benchmark_03	COAD	Visium HD FFPE	CosMx 6K	CTBP2	0.0068216337932807	0.0704869778861989	0.0636653440929182	0.3291087775213991	0.2963057080748754	-0.032803069446523725		0.434300840652635	True	0.0038351160474121	False
COAD_VisiumHD_FFPE_to_CosMx6K	Benchmark_03	COAD	Visium HD FFPE	CosMx 6K	CTDSP2	0.0065043387815398	0.0399985103069309	0.033494171525391095	0.248897009474389	0.210236255183616	-0.03866075429077301		0.5343808376529936	True	-0.0021462216973304	False
COAD_VisiumHD_FFPE_to_CosMx6K	Benchmark_03	COAD	Visium HD FFPE	CosMx 6K	CTNNA1	0.0017622862399993	0.1078613011994114	0.1060990149594121	0.3231917803244633	0.2805960414233261	-0.04259573890113716		0.4961642075818764	True	0.0156478583812713	False
COAD_VisiumHD_FFPE_to_CosMx6K	Benchmark_03	COAD	Visium HD FFPE	CosMx 6K	CTNNAL1	0.0034872024092144	0.0423112092473445	0.0388240068381301	0.1983039063254537	0.1730634003097809	-0.025240506015672792		0.4889402519299762	True	0.0124359121546149	False
COAD_VisiumHD_FFPE_to_CosMx6K	Benchmark_03	COAD	Visium HD FFPE	CosMx 6K	CTNNB1	0.0087233619204625	0.1388938284214673	0.1301704665010048	0.3079615787960283	0.276794331628884	-0.031167247167144307		0.4384138791916699	True	0.0320807062089443	False
COAD_VisiumHD_FFPE_to_CosMx6K	Benchmark_03	COAD	Visium HD FFPE	CosMx 6K	CTNND1	0.0034266792051745	0.0114926339424748	0.0080659547373003	0.3128126145288029	0.2387964286758656	-0.07401618585293729		0.7883327580561768	True	0.0240417812019586	False
COAD_VisiumHD_FFPE_to_CosMx6K	Benchmark_03	COAD	Visium HD FFPE	CosMx 6K	CTSA	0.0018183116738709	0.1163031138255953	0.1144848021517244	0.3034431526898341	0.2509992521342191	-0.052443900555614986		0.5621724919372673	True	0.0120191965252161	False
COAD_VisiumHD_FFPE_to_CosMx6K	Benchmark_03	COAD	Visium HD FFPE	CosMx 6K	CTSB	-0.0039313041631825	0.4448155321024685	0.448746836265651	0.5947739813782836	0.4560959841819607	-0.13867799719632296		0.6420250523050867	True	0.0486272871494293	False
COAD_VisiumHD_FFPE_to_CosMx6K	Benchmark_03	COAD	Visium HD FFPE	CosMx 6K	CTSC	0.0014796783147024	0.031625353799704	0.030145675485001598	0.3420878051526636	0.2972274027037317	-0.04486040244893191		0.5068928049080349	True	0.0328733548521995	False
COAD_VisiumHD_FFPE_to_CosMx6K	Benchmark_03	COAD	Visium HD FFPE	CosMx 6K	CTSD	-0.0027781010422053	0.3494539493029615	0.3522320503451668	0.4185380620899812	0.3887963796913	-0.02974168239868119		0.398633927209033	True	0.0006146235973574	False
COAD_VisiumHD_FFPE_to_CosMx6K	Benchmark_03	COAD	Visium HD FFPE	CosMx 6K	CTSH	-0.0050169207655153	0.1064272567418671	0.11144417750738239	0.3814487799397606	0.3065194087119693	-0.07492937122779131		0.6152892961151591	True	0.0802978947758674	False
COAD_VisiumHD_FFPE_to_CosMx6K	Benchmark_03	COAD	Visium HD FFPE	CosMx 6K	CTSK	0.0016846514942258	0.2762617282560527	0.2745770767618269	0.3009654913354618	0.2007785994247649	-0.1001868919106969		0.7335046578271476	True	0.0808369666337966	False
COAD_VisiumHD_FFPE_to_CosMx6K	Benchmark_03	COAD	Visium HD FFPE	CosMx 6K	CTSL	-0.0016991503873508	0.2462236587956837	0.2479228091830345	0.3050776714487158	0.2755780654883606	-0.02949960596035517		0.4434983521968063	True	0.0179898887872695	False
COAD_VisiumHD_FFPE_to_CosMx6K	Benchmark_03	COAD	Visium HD FFPE	CosMx 6K	CTSS	-0.0021520536167499	0.2867759272841057	0.28892798090085564	0.302745456385348	0.253880135288389	-0.048865321096959013		0.5588913163292193	True	0.0215610768646001	False
COAD_VisiumHD_FFPE_to_CosMx6K	Benchmark_03	COAD	Visium HD FFPE	CosMx 6K	CTSZ	0.0016711932918025	0.236881020743189	0.23520982745138652	0.3549420561911851	0.2758340851373987	-0.07910797105378636		0.6187455684057387	True	0.0083159385249018	False
COAD_VisiumHD_FFPE_to_CosMx6K	Benchmark_03	COAD	Visium HD FFPE	CosMx 6K	CTTN	-0.001455707296074	0.1255238863539843	0.1269795936500583	0.325467760496094	0.2437776301354105	-0.08169013036068348		0.6867450764014742	True	0.0212161373347044	False
COAD_VisiumHD_FFPE_to_CosMx6K	Benchmark_03	COAD	Visium HD FFPE	CosMx 6K	CUL1	0.0029596513194612	0.0197981425009172	0.016838491181456	0.197829770070069	0.1694588009077727	-0.028370969162296283		0.5163410999899326	True	-0.0077024037018418	False
COAD_VisiumHD_FFPE_to_CosMx6K	Benchmark_03	COAD	Visium HD FFPE	CosMx 6K	CUL3	0.0040338296788432	0.0272237544062716	0.0231899247274284	0.2236011921171333	0.1949863370341553	-0.028614855082978008		0.4895836016556226	True	0.0092920362949371	False
COAD_VisiumHD_FFPE_to_CosMx6K	Benchmark_03	COAD	Visium HD FFPE	CosMx 6K	CUL4A	0.0055341218768171	0.0721831181187466	0.0666489962419295	0.2148543922727	0.182254167460579	-0.03260022481212102		0.5338466805664608	True	0.0072109089232981	False
COAD_VisiumHD_FFPE_to_CosMx6K	Benchmark_03	COAD	Visium HD FFPE	CosMx 6K	CUX1	0.0019447460629331	0.0072236165599123	0.005278870496979201	0.2219806643949096	0.1810007351497969	-0.040979929245112706		0.5777685963975236	True	0.0001244492596015	False
COAD_VisiumHD_FFPE_to_CosMx6K	Benchmark_03	COAD	Visium HD FFPE	CosMx 6K	CWC15	0.0042726095079763	0.0354789654309406	0.031206355922964297	0.2431283101829632	0.2133013456182771	-0.029826964564686087		0.4799258092630815	True	0.0122022591531276	False
COAD_VisiumHD_FFPE_to_CosMx6K	Benchmark_03	COAD	Visium HD FFPE	CosMx 6K	CXCL1	-0.0245639143747475	0.3063956382802035	0.330959552654951	0.3824928454548824	0.3277737113297967	-0.05471913412508567		0.5636957980765381	True	0.1011082753539085	False
COAD_VisiumHD_FFPE_to_CosMx6K	Benchmark_03	COAD	Visium HD FFPE	CosMx 6K	CXCL14	0.0023398070731467	0.5296110543208802	0.5272712472477334	0.6761833362352535	0.5800376537625	-0.09614568247275346		0.5749350003156172	True	0.0737983435392379	False
COAD_VisiumHD_FFPE_to_CosMx6K	Benchmark_03	COAD	Visium HD FFPE	CosMx 6K	CXCL16	9.830927112461962e-05	0.0612556406705826	0.06115733139945798	0.1919017395679245	0.1625335681168563	-0.02936817145106821		0.5317587154978137	True	0.020299082621932	False
COAD_VisiumHD_FFPE_to_CosMx6K	Benchmark_03	COAD	Visium HD FFPE	CosMx 6K	CXCL2	-0.0204848092001487	0.2893430842169064	0.30982789341705513	0.3369076009902803	0.2691511569840438	-0.06775644400623648		0.6018776347703019	True	0.1006268262863159	False
COAD_VisiumHD_FFPE_to_CosMx6K	Benchmark_03	COAD	Visium HD FFPE	CosMx 6K	CXCL3	-0.0194958834947797	0.248857539772452	0.2683534232672317	0.3042297328478123	0.2269989486272629	-0.07723078422054941		0.6744417622637922	True	0.1436753123998642	False
COAD_VisiumHD_FFPE_to_CosMx6K	Benchmark_03	COAD	Visium HD FFPE	CosMx 6K	CXCR4	0.0035216711894114	0.1093099114342481	0.10578824024483671	0.2617165353784306	0.2166418614124443	-0.0450746739659863		0.5674663590886452	True	0.0403875336050987	False
COAD_VisiumHD_FFPE_to_CosMx6K	Benchmark_03	COAD	Visium HD FFPE	CosMx 6K	CXXC5	0.008317219766419	0.0616345523450519	0.0533173325786329	0.2234088123242043	0.1901749669010641	-0.033233845423140174		0.5273858257270304	True	0.0092487009242177	False
COAD_VisiumHD_FFPE_to_CosMx6K	Benchmark_03	COAD	Visium HD FFPE	CosMx 6K	CYB5B	0.0071026249445841	0.1548673073644888	0.1477646824199047	0.3065386868491335	0.2518760357775346	-0.0546626510715989		0.5862836493522282	True	0.0221191458404064	False
COAD_VisiumHD_FFPE_to_CosMx6K	Benchmark_03	COAD	Visium HD FFPE	CosMx 6K	CYB5R3	-0.0011250183759594	0.1434463045036368	0.1445713228795962	0.2948229728213098	0.234907502316101	-0.05991547050520882		0.5977102468086695	True	0.0030619553290307	False
COAD_VisiumHD_FFPE_to_CosMx6K	Benchmark_03	COAD	Visium HD FFPE	CosMx 6K	CYBA	-0.0061282533385083	0.3209909767504317	0.32711923008894	0.3109966022592274	0.2631810384923007	-0.047815563766926694		0.5656823782269025	True	0.0486287660896778	False
COAD_VisiumHD_FFPE_to_CosMx6K	Benchmark_03	COAD	Visium HD FFPE	CosMx 6K	CYC1	-0.0023155024087448	0.2324268847467412	0.234742387155486	0.3419404543718196	0.276996340304976	-0.06494411406684358		0.598478362174924	True	0.0495379641652107	False
COAD_VisiumHD_FFPE_to_CosMx6K	Benchmark_03	COAD	Visium HD FFPE	CosMx 6K	CYFIP1	0.0025368761679659	0.0624424981578221	0.0599056219898562	0.226269603604328	0.1924897846613553	-0.03377981894297269		0.5253603862421128	True	-0.0088477851822972	False
COAD_VisiumHD_FFPE_to_CosMx6K	Benchmark_03	COAD	Visium HD FFPE	CosMx 6K	CYSTM1	0.0008872283318517	0.1841092517340291	0.1832220234021774	0.275369217766079	0.2476574384989157	-0.027711779267163283		0.4400983238460027	True	0.0096479803323745	False
COAD_VisiumHD_FFPE_to_CosMx6K	Benchmark_03	COAD	Visium HD FFPE	CosMx 6K	CYTH1	-0.0019909356025721	0.0135354127336429	0.015526348336214999	0.2116903873139379	0.1758594718961567	-0.03583091541778122		0.5545915334663244	True	0.003865547478199	False
COAD_VisiumHD_FFPE_to_CosMx6K	Benchmark_03	COAD	Visium HD FFPE	CosMx 6K	CYTH2	0.0015819376813262	-0.0281549820653365	-0.029736919746662697	0.233222930727606	0.1965941620825678	-0.036628768645038196		0.5369326896118952	True	0.0054753012955188	False
COAD_VisiumHD_FFPE_to_CosMx6K	Benchmark_03	COAD	Visium HD FFPE	CosMx 6K	DAB2	0.0063668717844709	0.0248345462470403	0.0184676744625694	0.2227633423556423	0.1868459335655737	-0.035917408790068606		0.5439427364488124	True	0.0185973737388849	False
COAD_VisiumHD_FFPE_to_CosMx6K	Benchmark_03	COAD	Visium HD FFPE	CosMx 6K	DACH1	0.0307177434742938	0.1566905882626593	0.1259728447883655	0.3629952467297352	0.3198008128298783	-0.04319443389985689		0.4723330767249826	True	0.0669549480080604	False
COAD_VisiumHD_FFPE_to_CosMx6K	Benchmark_03	COAD	Visium HD FFPE	CosMx 6K	DBI	0.0016520180276927	0.3192021109823774	0.31755009295468467	0.3720167187595464	0.3352033574510144	-0.03681336130853197		0.4361678204969388	True	0.0282487347722053	False
COAD_VisiumHD_FFPE_to_CosMx6K	Benchmark_03	COAD	Visium HD FFPE	CosMx 6K	DCAF12	0.0035778186845315	0.034425631165842	0.030847812481310497	0.2041701075169551	0.1763830511507204	-0.027787056366234714		0.5035510585536017	True	0.0014554216759279	False
COAD_VisiumHD_FFPE_to_CosMx6K	Benchmark_03	COAD	Visium HD FFPE	CosMx 6K	DCN	0.0029061862875491	0.536986298078762	0.5340801117912128	0.4309686819846901	0.3494174164511025	-0.0815512655335876		0.6259761902107037	True	0.0978046283125877	False
COAD_VisiumHD_FFPE_to_CosMx6K	Benchmark_03	COAD	Visium HD FFPE	CosMx 6K	DCTN1	0.0043043317924998	0.0462770947574623	0.041972762964962496	0.2779147130425642	0.2472319441049525	-0.03068276893761171		0.4590787430283383	True	-0.0014542090939357	False
COAD_VisiumHD_FFPE_to_CosMx6K	Benchmark_03	COAD	Visium HD FFPE	CosMx 6K	DCTN2	0.0010221246397645	0.0020698167737814	0.0010476921340169	0.210277722505158	0.1650262536519657	-0.04525146885319231		0.6209555580992511	True	-0.0063066435977816	False
COAD_VisiumHD_FFPE_to_CosMx6K	Benchmark_03	COAD	Visium HD FFPE	CosMx 6K	DCTN4	0.0041488828539971	0.0054233081023003	0.0012744252483032	0.2084428584873464	0.1747808487147087	-0.0336620097726377		0.5456412658886561	True	0.0044398345053195	False
COAD_VisiumHD_FFPE_to_CosMx6K	Benchmark_03	COAD	Visium HD FFPE	CosMx 6K	DCTN6	0.0040606834990769	0.0483906953906883	0.0443300118916114	0.206872691019674	0.1815189302137188	-0.025353760805955222		0.4797482960203423	True	0.0080217542126774	False
COAD_VisiumHD_FFPE_to_CosMx6K	Benchmark_03	COAD	Visium HD FFPE	CosMx 6K	DCXR	0.0040121472285983	0.13207209500847	0.1280599477798717	0.2402528236855709	0.217375915490286	-0.0228769081952849		0.425615296314327	True	0.0084843346849083	False
COAD_VisiumHD_FFPE_to_CosMx6K	Benchmark_03	COAD	Visium HD FFPE	CosMx 6K	DDAH1	0.0010035420928053	0.0504427245608255	0.0494391824680202	0.2230623008275132	0.1912632908547255	-0.0317990099727877		0.5145561718193267	True	0.0042580934241414	False
COAD_VisiumHD_FFPE_to_CosMx6K	Benchmark_03	COAD	Visium HD FFPE	CosMx 6K	DDAH2	0.0130437222733275	0.0534843301495027	0.0404406078761752	0.2845429621564118	0.2418694344130582	-0.04267352774335359		0.5291080812852786	True	0.0291506946086883	False
COAD_VisiumHD_FFPE_to_CosMx6K	Benchmark_03	COAD	Visium HD FFPE	CosMx 6K	DDB1	0.0011987624082062	0.1073565268315537	0.1061577644233475	0.2570177162739741	0.2134795742219063	-0.04353814205206777		0.5600619142793836	True	0.0066628786735236	False
COAD_VisiumHD_FFPE_to_CosMx6K	Benchmark_03	COAD	Visium HD FFPE	CosMx 6K	DDIT4	-0.005985541651407	0.1706377069418248	0.1766232485932318	0.2830349488973547	0.2453657990595904	-0.03766914983776429		0.5072695826617288	True	0.0652670413255691	False
COAD_VisiumHD_FFPE_to_CosMx6K	Benchmark_03	COAD	Visium HD FFPE	CosMx 6K	DDR1	0.0039828589290089	0.1258659499409475	0.12188309101193859	0.2535094589147846	0.2066784922889519	-0.04683096662583269		0.5946421534663204	True	0.0145516125485301	False
COAD_VisiumHD_FFPE_to_CosMx6K	Benchmark_03	COAD	Visium HD FFPE	CosMx 6K	DDRGK1	0.0049913068976625	0.170436488410444	0.1654451815127815	0.3198226386437891	0.2903198246672923	-0.029502813976496844		0.4193268172445145	True	0.0053854053840041	False
COAD_VisiumHD_FFPE_to_CosMx6K	Benchmark_03	COAD	Visium HD FFPE	CosMx 6K	DDT	0.0055683251671951	0.1362397848810186	0.1306714597138235	0.2946378778139206	0.2656191223579078	-0.02901875545601279		0.4336457561900714	True	0.0170173533260822	False
COAD_VisiumHD_FFPE_to_CosMx6K	Benchmark_03	COAD	Visium HD FFPE	CosMx 6K	DDX23	0.0034345268268853	0.0393115357987923	0.035877008971907	0.1961908133575349	0.1625929481082387	-0.0335978652492962		0.5616290764524758	True	0.0149542642757296	False
COAD_VisiumHD_FFPE_to_CosMx6K	Benchmark_03	COAD	Visium HD FFPE	CosMx 6K	DDX24	-0.0009509355688773	0.029996014602491	0.0309469501713683	0.23177749376573	0.2024079491385293	-0.029369544627200705		0.4880963650836018	True	-0.006367212627083	False
COAD_VisiumHD_FFPE_to_CosMx6K	Benchmark_03	COAD	Visium HD FFPE	CosMx 6K	DDX39A	0.0021357359389461	0.082561538349493	0.08042580241054689	0.2212118574633388	0.1893489415621685	-0.0318629159011703		0.5176336997429394	True	0.0120870601385831	False
COAD_VisiumHD_FFPE_to_CosMx6K	Benchmark_03	COAD	Visium HD FFPE	CosMx 6K	DDX42	0.0061947780189074	0.0247730168534946	0.018578238834587202	0.2688234288341367	0.2415098581563933	-0.02731357067774337		0.4385494756288627	True	0.0138374231755733	False
COAD_VisiumHD_FFPE_to_CosMx6K	Benchmark_03	COAD	Visium HD FFPE	CosMx 6K	DDX46	0.0009025030278699	0.0252889449847469	0.024386441956877	0.2183450633242107	0.1763942160576302	-0.04195084726658049		0.5955804206673699	True	-0.0017651958623901	False
COAD_VisiumHD_FFPE_to_CosMx6K	Benchmark_03	COAD	Visium HD FFPE	CosMx 6K	DDX6	0.0055935173404647	-0.003089420239374	-0.0086829375798387	0.2709576477862945	0.2415787083089329	-0.029378939477361588		0.4539201239692669	True	-0.0048008090816438	False
COAD_VisiumHD_FFPE_to_CosMx6K	Benchmark_03	COAD	Visium HD FFPE	CosMx 6K	DERL1	-0.0048625183051105	0.0337279551352889	0.038590473440399405	0.2122580773416877	0.1796119795799642	-0.0326460977617235		0.533641034344524	True	0.0128807388246059	False
COAD_VisiumHD_FFPE_to_CosMx6K	Benchmark_03	COAD	Visium HD FFPE	CosMx 6K	DERL3	-0.0160374029549671	0.1427750339300952	0.1588124368850623	0.2525673547765369	0.1912882717684526	-0.06127908300808432		0.6684990427246341	True	0.1002087518572807	False
COAD_VisiumHD_FFPE_to_CosMx6K	Benchmark_03	COAD	Visium HD FFPE	CosMx 6K	DHCR24	0.008579235828847	0.229659740712974	0.22108050488412698	0.300800615795407	0.2485392777577313	-0.052261338037675714		0.5760136442022843	True	0.034058753401041	False
COAD_VisiumHD_FFPE_to_CosMx6K	Benchmark_03	COAD	Visium HD FFPE	CosMx 6K	DHX15	0.0043358658458339	0.0864246372602486	0.0820887714144147	0.3168048778382286	0.2697238569134467	-0.04708102092478189		0.527973656126759	True	0.0187804345041513	False
COAD_VisiumHD_FFPE_to_CosMx6K	Benchmark_03	COAD	Visium HD FFPE	CosMx 6K	DHX36	0.0033754784698331	0.0214578078402157	0.0180823293703826	0.2260042236562255	0.1904745576863355	-0.03552966596988999		0.539842037855532	True	0.0164685938507318	False
COAD_VisiumHD_FFPE_to_CosMx6K	Benchmark_03	COAD	Visium HD FFPE	CosMx 6K	DHX9	0.0061097737068948	0.055490600662157	0.0493808269552622	0.218573363995916	0.1696888524986805	-0.04888451149723552		0.6612396602164452	True	0.0315972790122032	False
COAD_VisiumHD_FFPE_to_CosMx6K	Benchmark_03	COAD	Visium HD FFPE	CosMx 6K	DIAPH1	0.0031721591767722	0.077702511430368	0.07453035225359579	0.244842185382251	0.2129589638298445	-0.0318832215524065		0.4934863670715894	True	0.0208467748016119	False
COAD_VisiumHD_FFPE_to_CosMx6K	Benchmark_03	COAD	Visium HD FFPE	CosMx 6K	DICER1	0.0036972105350128	0.027620910700765	0.0239237001657522	0.1962719006432526	0.1618306694887235	-0.0344412311545291		0.5723115297335857	True	0.0055382763966917	False
COAD_VisiumHD_FFPE_to_CosMx6K	Benchmark_03	COAD	Visium HD FFPE	CosMx 6K	DIDO1	0.0098565903382291	0.0203134560572037	0.010456865718974601	0.2528078897315992	0.2167395729102638	-0.03606831682133538		0.5196509350020977	True	0.0295493751764297	False
COAD_VisiumHD_FFPE_to_CosMx6K	Benchmark_03	COAD	Visium HD FFPE	CosMx 6K	DIS3	0.0052099719344285	0.0620825709387155	0.056872599004287	0.2360584796107359	0.2098955595867204	-0.02616292002401549		0.4571260034790569	True	0.0034540158230811	False
COAD_VisiumHD_FFPE_to_CosMx6K	Benchmark_03	COAD	Visium HD FFPE	CosMx 6K	DKC1	0.0054280649518393	0.0884011657694106	0.0829731008175713	0.2245284176330328	0.1912403662072578	-0.03328805142577501		0.527448599104559	True	0.0230532605201005	False
COAD_VisiumHD_FFPE_to_CosMx6K	Benchmark_03	COAD	Visium HD FFPE	CosMx 6K	DLD	0.0033655439192131	0.0730729076843018	0.06970736376508871	0.2066905921590187	0.1708205007463172	-0.035870091412701505		0.564954390460458	True	0.0073945359326899	False
COAD_VisiumHD_FFPE_to_CosMx6K	Benchmark_03	COAD	Visium HD FFPE	CosMx 6K	DLG1	0.0052282660308263	0.0035380366796533	-0.0016902293511730005	0.244038770532953	0.2076827976042643	-0.036355972928688696		0.5264430123346437	True	0.0134543776512146	False
COAD_VisiumHD_FFPE_to_CosMx6K	Benchmark_03	COAD	Visium HD FFPE	CosMx 6K	DNAH14	0.0046236379822319	0.0115822100026395	0.006958572020407601	0.2147242032579671	0.1888286344876534	-0.02589556877031368		0.4775463800240292	True	0.0072434255853295	False
COAD_VisiumHD_FFPE_to_CosMx6K	Benchmark_03	COAD	Visium HD FFPE	CosMx 6K	DNAJA1	0.0041134887429411	0.0899736540399253	0.0858601652969842	0.3177500174401048	0.299386376527678	-0.01836364091242676		0.3374854238420211	True	0.0155654903501272	False
COAD_VisiumHD_FFPE_to_CosMx6K	Benchmark_03	COAD	Visium HD FFPE	CosMx 6K	DNAJA2	0.0041685492266103	0.080730310628775	0.07656176140216471	0.2532790944406187	0.2088156946454448	-0.044463399795173886		0.567692574421535	True	0.0135498326271772	False
COAD_VisiumHD_FFPE_to_CosMx6K	Benchmark_03	COAD	Visium HD FFPE	CosMx 6K	DNAJB1	0.0008089952473903	0.1286735800907704	0.1278645848433801	0.2746089365911739	0.248796243421813	-0.025812693169360912		0.4275951914567241	True	0.0150301326066255	False
COAD_VisiumHD_FFPE_to_CosMx6K	Benchmark_03	COAD	Visium HD FFPE	CosMx 6K	DNAJB11	-0.0039154150419035	0.0425387271257661	0.0464541421676696	0.235689219914025	0.1889998405574142	-0.0466893793566108		0.593429269571001	True	-0.0039140884764492	False
COAD_VisiumHD_FFPE_to_CosMx6K	Benchmark_03	COAD	Visium HD FFPE	CosMx 6K	DNAJC1	0.0001865838116231	0.0001865838116231	0.0	0.2237336806022898	0.2237336806022898	0.0			False	0.01004268694669	False
COAD_VisiumHD_FFPE_to_CosMx6K	Benchmark_03	COAD	Visium HD FFPE	CosMx 6K	DNAJC3	0.0021684206627108	0.0225399677014652	0.0203715470387544	0.228205364587182	0.1850408988235081	-0.04316446576367389		0.5836161793561795	True	0.0080074127763509	False
COAD_VisiumHD_FFPE_to_CosMx6K	Benchmark_03	COAD	Visium HD FFPE	CosMx 6K	DNAJC5	0.0026540741198414	0.1087990030416746	0.10614492892183319	0.2983994524426949	0.2762561191488822	-0.022143333293812684		0.3833724769729869	True	0.0009674767497926	False
COAD_VisiumHD_FFPE_to_CosMx6K	Benchmark_03	COAD	Visium HD FFPE	CosMx 6K	DNAJC7	0.0010992512156038	0.0222198092441622	0.0211205580285584	0.2207519405635426	0.1815536818336578	-0.039198258729884805		0.5739853536756815	True	0.0030836809892207	False
COAD_VisiumHD_FFPE_to_CosMx6K	Benchmark_03	COAD	Visium HD FFPE	CosMx 6K	DNM1L	0.0031489145800116	0.0351755433383549	0.032026628758343306	0.2387231741477215	0.2097703162415108	-0.028952857906210716		0.4771724970855477	True	0.0245800819247961	False
COAD_VisiumHD_FFPE_to_CosMx6K	Benchmark_03	COAD	Visium HD FFPE	CosMx 6K	DNM2	-0.0041229844096138	0.0534004145512932	0.057523398960906996	0.2890152744648641	0.2357736464940873	-0.05324162797077678		0.5737457167579844	True	0.022216010838747	False
COAD_VisiumHD_FFPE_to_CosMx6K	Benchmark_03	COAD	Visium HD FFPE	CosMx 6K	DNMT1	0.0024467080103283	0.0305820383513507	0.0281353303410224	0.1917718566055334	0.1552842776675456	-0.03648757893798779		0.5915627626070289	True	0.0096208788454532	False
COAD_VisiumHD_FFPE_to_CosMx6K	Benchmark_03	COAD	Visium HD FFPE	CosMx 6K	DNMT3A	0.0112422867481307	0.0159848729450043	0.004742586196873601	0.2191262370554987	0.1752372267820069	-0.04388901027349179		0.6219755392484724	True	0.0254256390035152	False
COAD_VisiumHD_FFPE_to_CosMx6K	Benchmark_03	COAD	Visium HD FFPE	CosMx 6K	DOCK1	0.0043014579577795	-0.0244432372849604	-0.0287446952427399	0.2233552012877421	0.1940424116860007	-0.029312789601741412		0.4952961578711024	True	0.0163931380957365	False
COAD_VisiumHD_FFPE_to_CosMx6K	Benchmark_03	COAD	Visium HD FFPE	CosMx 6K	DOCK9	0.0046323024980437	0.0510334045576668	0.0464011020596231	0.1988521362822272	0.1681689247955426	-0.030683211486684597		0.5355404513132942	True	-0.0009296495118178	False
COAD_VisiumHD_FFPE_to_CosMx6K	Benchmark_03	COAD	Visium HD FFPE	CosMx 6K	DPP7	0.0005573135593688	-0.0311946211304407	-0.0317519346898095	0.2375221863068276	0.1957545654275231	-0.041767620879304496		0.563802019450347	True	0.0086367456242442	False
COAD_VisiumHD_FFPE_to_CosMx6K	Benchmark_03	COAD	Visium HD FFPE	CosMx 6K	DPY30	0.0097257003672995	0.1182378368319611	0.1085121364646616	0.3080042936065976	0.2781465533182323	-0.029857740288365298		0.4271651175948635	True	0.0173615086823701	False
COAD_VisiumHD_FFPE_to_CosMx6K	Benchmark_03	COAD	Visium HD FFPE	CosMx 6K	DRAM1	0.0055079532925733	0.0104252755650122	0.0049173222724389	0.2373996019691986	0.2126065404228132	-0.024793061546385387		0.4461605997057863	True	0.0047742873430252	False
COAD_VisiumHD_FFPE_to_CosMx6K	Benchmark_03	COAD	Visium HD FFPE	CosMx 6K	DRAP1	-0.0001784350023599	0.0928128404013943	0.0929912754037542	0.2687999654009939	0.2229980322460208	-0.04580193315497308		0.5547053145655044	True	0.0044761439785361	False
COAD_VisiumHD_FFPE_to_CosMx6K	Benchmark_03	COAD	Visium HD FFPE	CosMx 6K	DSP	0.0094534310683618	0.1065073262476305	0.0970538951792687	0.2861867708930499	0.2289596791156047	-0.0572270917774452		0.6390270094356867	True	0.0430956222116947	False
COAD_VisiumHD_FFPE_to_CosMx6K	Benchmark_03	COAD	Visium HD FFPE	CosMx 6K	DST	0.0049025595293958	-0.0129884010257681	-0.0178909605551639	0.252516214571009	0.1954533953691183	-0.057062819201890685		0.704333948188909	True	0.0521206781268119	False
COAD_VisiumHD_FFPE_to_CosMx6K	Benchmark_03	COAD	Visium HD FFPE	CosMx 6K	DTX4	0.0004192324891207	0.0461461378253931	0.0457269053362724	0.2101369315755478	0.1822459469726847	-0.0278909846028631		0.4989828626633901	True	0.0146744959056377	False
COAD_VisiumHD_FFPE_to_CosMx6K	Benchmark_03	COAD	Visium HD FFPE	CosMx 6K	DUSP1	0.0088224121256919	0.3237719292502131	0.3149495171245212	0.4995792623309109	0.4314798823370623	-0.06809937999384857		0.5600625692801046	True	0.0601900331676006	False
COAD_VisiumHD_FFPE_to_CosMx6K	Benchmark_03	COAD	Visium HD FFPE	CosMx 6K	DUSP16	0.0093682188088158	0.0447236621983814	0.0353554433895656	0.279344819196175	0.2311829273836294	-0.0481618918125456		0.5863269360195176	True	0.0324300900101661	False
COAD_VisiumHD_FFPE_to_CosMx6K	Benchmark_03	COAD	Visium HD FFPE	CosMx 6K	DVL3	0.005202638440444	-0.0106583064389404	-0.0158609448793844	0.2720635261203937	0.2403434095978246	-0.03172011652256909		0.4695021117842475	True	0.0060849636793136	False
COAD_VisiumHD_FFPE_to_CosMx6K	Benchmark_03	COAD	Visium HD FFPE	CosMx 6K	DYNC1I2	0.0068331139769314	0.0228476308400666	0.0160145168631352	0.2597176285116205	0.2169627970233429	-0.042754831488277606		0.5514195181680517	True	0.0145352631807327	False
COAD_VisiumHD_FFPE_to_CosMx6K	Benchmark_03	COAD	Visium HD FFPE	CosMx 6K	DYNC1LI2	0.0029356323991587	-0.0198672042384309	-0.0228028366375896	0.2828542038868833	0.23372718742891	-0.04912701645797332		0.5628383054225939	True	-0.0001589397434145	False
COAD_VisiumHD_FFPE_to_CosMx6K	Benchmark_03	COAD	Visium HD FFPE	CosMx 6K	DYNLL2	0.0043035807180866	0.0330235875598396	0.028720006841753	0.2279509966423847	0.1697514721082081	-0.058199524534176594		0.6984351757506764	True	0.0106268916279077	False
COAD_VisiumHD_FFPE_to_CosMx6K	Benchmark_03	COAD	Visium HD FFPE	CosMx 6K	DYNLT1	0.0020038013066719	0.0414620085295981	0.0394582072229262	0.2613190786646232	0.2320404164952669	-0.029278662169356262		0.4625119076004387	True	0.0059103053063154	False
COAD_VisiumHD_FFPE_to_CosMx6K	Benchmark_03	COAD	Visium HD FFPE	CosMx 6K	E2F4	0.0020738836276971	0.0507167005182361	0.048642816890539	0.2007013329364424	0.1694613453129532	-0.0312399876234892		0.5358111072650913	True	0.0030172911938279	False
COAD_VisiumHD_FFPE_to_CosMx6K	Benchmark_03	COAD	Visium HD FFPE	CosMx 6K	EBP	0.0013583792723661	0.2425976169229427	0.24123923765057662	0.2494184415839496	0.2196384314335634	-0.0297800101503862		0.4721826042832945	True	0.0237217545509338	False
COAD_VisiumHD_FFPE_to_CosMx6K	Benchmark_03	COAD	Visium HD FFPE	CosMx 6K	ECHS1	0.0056619276328479	0.1237866492630025	0.1181247216301546	0.2871206035120162	0.233852592005935	-0.05326801150608118		0.5892182430705186	True	0.0104729188606143	False
COAD_VisiumHD_FFPE_to_CosMx6K	Benchmark_03	COAD	Visium HD FFPE	CosMx 6K	ECI1	0.0067612807786264	0.0883292116534387	0.0815679308748123	0.2375360615771778	0.2068784236512853	-0.03065763792589249		0.4913608874403162	True	0.0026162331923842	False
COAD_VisiumHD_FFPE_to_CosMx6K	Benchmark_03	COAD	Visium HD FFPE	CosMx 6K	ECSIT	0.0030374849819833	0.054063394891824	0.0510259099098407	0.2166447947034333	0.1909964140728697	-0.0256483806305636		0.4719159783465549	True	0.0037077746819704	False
COAD_VisiumHD_FFPE_to_CosMx6K	Benchmark_03	COAD	Visium HD FFPE	CosMx 6K	EDEM1	-0.0070134987968712	0.0440209788202742	0.0510344776171454	0.2352164164680659	0.187112470448784	-0.04810394601928189		0.6007855867798008	True	0.0232837181538343	False
COAD_VisiumHD_FFPE_to_CosMx6K	Benchmark_03	COAD	Visium HD FFPE	CosMx 6K	EDEM3	-0.0051328614723507	-0.0011075070197919	0.0040253544525587995	0.1797959115194159	0.1338717977292482	-0.0459241137901677		0.6635476385296207	True	-0.0029561752453446	False
COAD_VisiumHD_FFPE_to_CosMx6K	Benchmark_03	COAD	Visium HD FFPE	CosMx 6K	EDIL3	0.002195482463711	0.1065221263095491	0.1043266438458381	0.2180153707060045	0.1777021055843679	-0.040313265121636604		0.5777404721256968	True	0.0095609659329056	False
COAD_VisiumHD_FFPE_to_CosMx6K	Benchmark_03	COAD	Visium HD FFPE	CosMx 6K	EFNA1	0.0041882658383296	0.0886666523634852	0.0844783865251556	0.1885203329036817	0.1591346446310496	-0.029385688272632104		0.5387457870759762	True	0.0143127683550119	False
COAD_VisiumHD_FFPE_to_CosMx6K	Benchmark_03	COAD	Visium HD FFPE	CosMx 6K	EFNA2	0.0029841909846141	0.0896104924045653	0.0866263014199512	0.1695347989858478	0.1381927924766205	-0.031342006509227305		0.58621402886961	True	0.0164784546941518	False
COAD_VisiumHD_FFPE_to_CosMx6K	Benchmark_03	COAD	Visium HD FFPE	CosMx 6K	EFTUD2	0.0079207740501006	0.0666589122016944	0.0587381381515938	0.2264498900994125	0.1989071965181161	-0.027542693581296407		0.4779305107676931	True	0.0149826351553201	False
COAD_VisiumHD_FFPE_to_CosMx6K	Benchmark_03	COAD	Visium HD FFPE	CosMx 6K	EGLN1	0.002260009944613	0.0134109649139617	0.0111509549693487	0.1922252725844023	0.1615686781257391	-0.0306565944586632		0.5409165797734254	True	0.0069753644056618	False
COAD_VisiumHD_FFPE_to_CosMx6K	Benchmark_03	COAD	Visium HD FFPE	CosMx 6K	EGR1	-0.00808311316475	0.2067619955330266	0.2148451086977766	0.4848818702935202	0.347640958418646	-0.1372409118748742		0.6978730131934267	True	0.1362252235412597	False
COAD_VisiumHD_FFPE_to_CosMx6K	Benchmark_03	COAD	Visium HD FFPE	CosMx 6K	EHBP1L1	0.0003838501097408	0.0255745811099358	0.025190731000194998	0.2854806523008034	0.2309572793862688	-0.054523372914534574		0.5808828435522303	True	0.0021938509307801	False
COAD_VisiumHD_FFPE_to_CosMx6K	Benchmark_03	COAD	Visium HD FFPE	CosMx 6K	EHD1	-0.0038740839982424	0.0732145111375822	0.07708859513582461	0.2447113668772856	0.2165627608502854	-0.0281486060270002		0.4679403003986706	True	0.003287493949756	False
COAD_VisiumHD_FFPE_to_CosMx6K	Benchmark_03	COAD	Visium HD FFPE	CosMx 6K	EHMT1	0.0026694800481462	-0.0251008420977136	-0.0277703221458598	0.2589544612580925	0.2236152806005527	-0.035339180657539826		0.5038165395037157	True	0.0066636749543249	False
COAD_VisiumHD_FFPE_to_CosMx6K	Benchmark_03	COAD	Visium HD FFPE	CosMx 6K	EHMT2	0.0060631127781682	0.0266465434570003	0.0205834306788321	0.187456651982582	0.1585778635249601	-0.0288787884576219		0.5366221136967991	True	0.0065477164462208	False
COAD_VisiumHD_FFPE_to_CosMx6K	Benchmark_03	COAD	Visium HD FFPE	CosMx 6K	EIF1AY	0.0030529128906275	0.0151057776360072	0.0120528647453797	0.1901061096143258	0.1475499956803309	-0.042556113933994916		0.6406316057267947	True	-0.0015947585925459	False
COAD_VisiumHD_FFPE_to_CosMx6K	Benchmark_03	COAD	Visium HD FFPE	CosMx 6K	EIF2A	0.0007782776152335	0.0432991349354993	0.0425208573202658	0.2195049973064265	0.1949059496462102	-0.02459904766021631		0.4595820695537446	True	0.0091322660446167	False
COAD_VisiumHD_FFPE_to_CosMx6K	Benchmark_03	COAD	Visium HD FFPE	CosMx 6K	EIF2AK1	0.0037958285660132	0.0495079019305278	0.0457120733645146	0.2668095972932201	0.2333685918068296	-0.033441005486390535		0.4847707790109872	True	0.0125836636871099	False
COAD_VisiumHD_FFPE_to_CosMx6K	Benchmark_03	COAD	Visium HD FFPE	CosMx 6K	EIF2AK2	0.0067272579759343	-0.0025635946742019	-0.0092908526501362	0.2250530568095851	0.1932939542760634	-0.03175910253352168		0.5124066907372521	True	0.0061173331923782	False
COAD_VisiumHD_FFPE_to_CosMx6K	Benchmark_03	COAD	Visium HD FFPE	CosMx 6K	EIF2S1	0.004146387595391	0.0843347591222303	0.0801883715268393	0.2407283784641619	0.20908523824253	-0.031643140221631894		0.4955994698856978	True	0.0117441667243838	False
COAD_VisiumHD_FFPE_to_CosMx6K	Benchmark_03	COAD	Visium HD FFPE	CosMx 6K	EIF3A	0.0005984579854861	0.0883270439911757	0.0877285860056896	0.28135066558757	0.2117183375841074	-0.06963232800346258		0.6773722702843588	True	0.0109975300729274	False
COAD_VisiumHD_FFPE_to_CosMx6K	Benchmark_03	COAD	Visium HD FFPE	CosMx 6K	EIF3D	0.0018811055482964	0.128634800239348	0.1267536946910516	0.2752124264953627	0.2524470043124002	-0.022765422182962514		0.3995237421850503	True	-0.0028392530512064	False
COAD_VisiumHD_FFPE_to_CosMx6K	Benchmark_03	COAD	Visium HD FFPE	CosMx 6K	EIF3J	0.0062498094623651	0.1181938644166078	0.1119440549542427	0.3035846167351098	0.2810919474831775	-0.022492669251932274		0.3803156274171542	True	0.0060895481146872	False
COAD_VisiumHD_FFPE_to_CosMx6K	Benchmark_03	COAD	Visium HD FFPE	CosMx 6K	EIF4A1	-0.0001526189264505	0.3207395745014777	0.32089219342792824	0.5729220869366864	0.477040621445656	-0.09588146549103044		0.5542024250928219	True	0.0757263973355293	False
COAD_VisiumHD_FFPE_to_CosMx6K	Benchmark_03	COAD	Visium HD FFPE	CosMx 6K	EIF4A2	0.0037305459160379	0.0316133049092362	0.027882758993198302	0.3326687603114802	0.3062019341491311	-0.026466826162349077		0.3947009532417819	True	0.0006763308774679	False
COAD_VisiumHD_FFPE_to_CosMx6K	Benchmark_03	COAD	Visium HD FFPE	CosMx 6K	EIF4A3	0.0053979709037287	0.0859502389387805	0.08055226803505179	0.243985068251981	0.1893976532036553	-0.054587415048325705		0.657087646684352	True	0.0182595122605562	False
COAD_VisiumHD_FFPE_to_CosMx6K	Benchmark_03	COAD	Visium HD FFPE	CosMx 6K	EIF4E	0.0024546601482216	0.0825333331409037	0.0800786729926821	0.2605707007213388	0.2386664593292124	-0.021904241392126406		0.4024474607624934	True	0.005032705143094	False
COAD_VisiumHD_FFPE_to_CosMx6K	Benchmark_03	COAD	Visium HD FFPE	CosMx 6K	EIF4E2	0.0012174334632553	0.042402373054441	0.0411849395911857	0.2141424947791272	0.1626020145604033	-0.0515404802187239		0.6601715592787871	True	0.013892788439989	False
COAD_VisiumHD_FFPE_to_CosMx6K	Benchmark_03	COAD	Visium HD FFPE	CosMx 6K	EIF4EBP2	0.0080020201383117	0.0205388474706473	0.012536827332335602	0.3329817579884772	0.2615905058915515	-0.0713912520969257		0.7327320900838039	True	0.0568793639540672	False
COAD_VisiumHD_FFPE_to_CosMx6K	Benchmark_03	COAD	Visium HD FFPE	CosMx 6K	EIF5B	0.0016490316023081	0.0782168228622438	0.0765677912599357	0.2227770668638925	0.1906619659541716	-0.03211510090972092		0.5174784320713403	True	-0.0046624648384749	False
COAD_VisiumHD_FFPE_to_CosMx6K	Benchmark_03	COAD	Visium HD FFPE	CosMx 6K	EIF6	0.0043026732704606	0.2150476463966684	0.2107449731262078	0.3318504016459085	0.2828019385124064	-0.049048463133502085		0.5243595191081878	True	0.0197925847023725	False
COAD_VisiumHD_FFPE_to_CosMx6K	Benchmark_03	COAD	Visium HD FFPE	CosMx 6K	ELAVL1	0.0105739261070527	0.0883180402821608	0.0777441141751081	0.2762827894943619	0.2327510779543779	-0.043531711539984		0.5431195344397644	True	0.0151395369321107	False
COAD_VisiumHD_FFPE_to_CosMx6K	Benchmark_03	COAD	Visium HD FFPE	CosMx 6K	ELF3	-0.0188181445428335	0.4280105551804765	0.44682869972330996	0.4866553716460871	0.3727524519567443	-0.1139029196893428		0.6460192234431731	True	0.098569706082344	False
COAD_VisiumHD_FFPE_to_CosMx6K	Benchmark_03	COAD	Visium HD FFPE	CosMx 6K	ELL2	0.0006324959544326	-0.0049986020524697	-0.0056310980069023	0.205156839888781	0.1665421809504668	-0.0386146589383142		0.5809275544241332	True	0.0089244954288005	False
COAD_VisiumHD_FFPE_to_CosMx6K	Benchmark_03	COAD	Visium HD FFPE	CosMx 6K	ELOVL5	0.0017224611453869	0.084101907355979	0.0823794462105921	0.2251281755264463	0.1986552979009104	-0.02647287762553588		0.4719681793099236	True	0.0023165019229054	False
COAD_VisiumHD_FFPE_to_CosMx6K	Benchmark_03	COAD	Visium HD FFPE	CosMx 6K	ELP3	0.0034187687516347	0.0969244516704756	0.0935056829188409	0.2276456786488232	0.2053007997341921	-0.022344878914631106		0.4303013750692691	True	0.012968473136425	False
COAD_VisiumHD_FFPE_to_CosMx6K	Benchmark_03	COAD	Visium HD FFPE	CosMx 6K	ELP5	0.0057185321029424	0.0265671385305496	0.020848606427607202	0.2299518354015197	0.2043015913648413	-0.0256502440366784		0.4584582459488082	True	0.01537003275007	False
COAD_VisiumHD_FFPE_to_CosMx6K	Benchmark_03	COAD	Visium HD FFPE	CosMx 6K	EMD	0.0069168151680024	0.0535673228802686	0.0466505077122662	0.2461346415745144	0.1997024770141454	-0.046432164560369		0.5925956393056467	True	0.0080330157652497	False
COAD_VisiumHD_FFPE_to_CosMx6K	Benchmark_03	COAD	Visium HD FFPE	CosMx 6K	EML4	0.0055499313104869	0.0649085359380462	0.0593586046275593	0.2478248199116141	0.2064561451300771	-0.041368674781536996		0.5540618976923107	True	0.0057660001330077	False
COAD_VisiumHD_FFPE_to_CosMx6K	Benchmark_03	COAD	Visium HD FFPE	CosMx 6K	EMP1	-0.0001070524825158	0.1759820883171924	0.1760891407997082	0.2960549543258715	0.2487291834383515	-0.04732577088751999		0.5524786970180873	True	0.014818862080574	False
COAD_VisiumHD_FFPE_to_CosMx6K	Benchmark_03	COAD	Visium HD FFPE	CosMx 6K	ENAH	0.0047258282060163	0.03002610884328	0.0253002806372637	0.1939895745525185	0.1540488084080212	-0.03994076614449729		0.6086488770593937	True	0.0019946002867072	False
COAD_VisiumHD_FFPE_to_CosMx6K	Benchmark_03	COAD	Visium HD FFPE	CosMx 6K	ENG	-0.000663567368034	0.1269196383801854	0.1275832057482194	0.2548749836258018	0.1911899415030733	-0.06368504212272849		0.6580598280202591	True	0.0319100581109523	False
COAD_VisiumHD_FFPE_to_CosMx6K	Benchmark_03	COAD	Visium HD FFPE	CosMx 6K	ENY2	0.0023947072595675	0.03764290578976	0.035248198530192495	0.1936929381526715	0.16156544015991	-0.03212749799276149		0.5515393578954981	True	-0.0040875026024878	False
COAD_VisiumHD_FFPE_to_CosMx6K	Benchmark_03	COAD	Visium HD FFPE	CosMx 6K	EP300	0.0021832538203028	-0.003516967484184	-0.0057002213044868005	0.2210781317204126	0.179549568418952	-0.0415285633014606		0.5890334245140759	True	0.025055956095457	False
COAD_VisiumHD_FFPE_to_CosMx6K	Benchmark_03	COAD	Visium HD FFPE	CosMx 6K	EPAS1	-0.0005995220043549	0.1304030669431974	0.1310025889475523	0.3134299836243858	0.2431030485405227	-0.07032693508386309		0.6246391535810737	True	0.021140145137906	False
COAD_VisiumHD_FFPE_to_CosMx6K	Benchmark_03	COAD	Visium HD FFPE	CosMx 6K	EPB41L2	0.0012530320836747	0.046583955027432	0.0453309229437573	0.2512472945863119	0.2063301748721361	-0.04491711971417581		0.5663641405255049	True	0.0072394348680973	False
COAD_VisiumHD_FFPE_to_CosMx6K	Benchmark_03	COAD	Visium HD FFPE	CosMx 6K	EPB41L5	0.0046402293351968	-0.0090231340348467	-0.0136633633700435	0.235097215298012	0.213375031808978	-0.021722183489034014		0.4157393430398322	True	0.0166977532207965	False
COAD_VisiumHD_FFPE_to_CosMx6K	Benchmark_03	COAD	Visium HD FFPE	CosMx 6K	EPCAM	0.0161611943617783	0.403494700628632	0.3873335062668537	0.6806476497233136	0.5210668603026994	-0.15958078942061416		0.747866881938104	True	0.1221932098269462	False
COAD_VisiumHD_FFPE_to_CosMx6K	Benchmark_03	COAD	Visium HD FFPE	CosMx 6K	EPHX2	0.0109253563902132	0.0816820460256334	0.0707566896354202	0.2666962191346141	0.2381655010041006	-0.0285307181305135		0.4460092239641455	True	0.0205829013139009	False
COAD_VisiumHD_FFPE_to_CosMx6K	Benchmark_03	COAD	Visium HD FFPE	CosMx 6K	EPN1	0.0021524079898581	0.1296218807623538	0.1274694727724957	0.344909913517624	0.3118353255881587	-0.03307458792946533		0.4317140874549156	True	-0.0025958269834518	False
COAD_VisiumHD_FFPE_to_CosMx6K	Benchmark_03	COAD	Visium HD FFPE	CosMx 6K	ERAP1	0.0074954879793593	0.0245017957998784	0.0170063078205191	0.2500768558015058	0.2264560426414401	-0.0236208131600657		0.4250831916707204	True	0.0159139614552259	False
COAD_VisiumHD_FFPE_to_CosMx6K	Benchmark_03	COAD	Visium HD FFPE	CosMx 6K	ERBB2	0.0073135880150398	0.0954633362675968	0.088149748252557	0.2851319189628012	0.2532493206956334	-0.03188259826716783		0.4574469107817455	True	0.0239243675023317	False
COAD_VisiumHD_FFPE_to_CosMx6K	Benchmark_03	COAD	Visium HD FFPE	CosMx 6K	ERBB3	0.0231679206537998	0.1745261703341067	0.1513582496803069	0.3181764770560911	0.2696561517176953	-0.04852032533839579		0.5434925174498239	True	0.0414537228643894	False
COAD_VisiumHD_FFPE_to_CosMx6K	Benchmark_03	COAD	Visium HD FFPE	CosMx 6K	ERBIN	0.0023891856752026	0.0023891856752026	0.0	0.2082809539986992	0.2082809539986992	0.0			False	0.0084800766780972	False
COAD_VisiumHD_FFPE_to_CosMx6K	Benchmark_03	COAD	Visium HD FFPE	CosMx 6K	ERCC6L2	0.0035496501885398	-0.0083210455926082	-0.011870695781148	0.1823314623898618	0.1470518292954248	-0.03527963309443702		0.595036582334414	True	0.0070635606534779	False
COAD_VisiumHD_FFPE_to_CosMx6K	Benchmark_03	COAD	Visium HD FFPE	CosMx 6K	EREG	0.0044883305324363	0.1316197496842793	0.127131419151843	0.2365084349476399	0.1977225735961284	-0.03878586135151149		0.5645815341937246	True	0.0320022888481617	False
COAD_VisiumHD_FFPE_to_CosMx6K	Benchmark_03	COAD	Visium HD FFPE	CosMx 6K	ERG28	0.0079021571538896	0.157982673970425	0.15008051681653542	0.2428195453851102	0.2100518240080888	-0.032767721377021386		0.5020392247071607	True	0.0232050269842147	False
COAD_VisiumHD_FFPE_to_CosMx6K	Benchmark_03	COAD	Visium HD FFPE	CosMx 6K	ERLEC1	-0.001282581511223	-0.001282581511223	0.0	0.2479776270311163	0.2479776270311163	0.0			False	0.0150693114846944	False
COAD_VisiumHD_FFPE_to_CosMx6K	Benchmark_03	COAD	Visium HD FFPE	CosMx 6K	ERO1A	-3.0028750192331464e-05	0.0961504407135195	0.09618046946371182	0.2494935094885664	0.1922544676031371	-0.057239041885429304		0.6561857340603074	True	0.0138162784278392	False
COAD_VisiumHD_FFPE_to_CosMx6K	Benchmark_03	COAD	Visium HD FFPE	CosMx 6K	ERP44	0.0007958680674889	0.0670768680583217	0.06628099999083281	0.2287731568505066	0.1959614666919593	-0.03281169015854729		0.5157855339091465	True	-0.0017152038635686	False
COAD_VisiumHD_FFPE_to_CosMx6K	Benchmark_03	COAD	Visium HD FFPE	CosMx 6K	ESRRA	-0.0012534862416512	0.1212832667994138	0.122536753041065	0.2421631142105944	0.2200745044736575	-0.02208860973693688		0.4203621312517846	True	0.0145963318645954	False
COAD_VisiumHD_FFPE_to_CosMx6K	Benchmark_03	COAD	Visium HD FFPE	CosMx 6K	ESYT1	0.0038838027350232	0.0217419736479063	0.0178581709128831	0.2296570746743952	0.1909013537046313	-0.0387557209697639		0.55724019398701	True	0.0010799401206895	False
COAD_VisiumHD_FFPE_to_CosMx6K	Benchmark_03	COAD	Visium HD FFPE	CosMx 6K	ESYT2	0.0048090201917311	0.0048090201917311	0.0	0.2672188615811077	0.2672188615811077	0.0			False	0.0080957133322954	False
COAD_VisiumHD_FFPE_to_CosMx6K	Benchmark_03	COAD	Visium HD FFPE	CosMx 6K	ETFA	0.0038686643147279	0.0811435502127725	0.0772748858980446	0.2660432444224179	0.2232796189816386	-0.0427636254407793		0.5487301228821678	True	0.0058418065309524	False
COAD_VisiumHD_FFPE_to_CosMx6K	Benchmark_03	COAD	Visium HD FFPE	CosMx 6K	ETFB	0.018370660712823	0.2862674887179168	0.2678968280050938	0.3771485546171304	0.319864135868843	-0.057284418748287436		0.5298410582157574	True	0.0390484258532524	False
COAD_VisiumHD_FFPE_to_CosMx6K	Benchmark_03	COAD	Visium HD FFPE	CosMx 6K	ETNK1	0.0042708087664615	0.0328681081649465	0.028597299398485	0.2671213589200607	0.2290406204512768	-0.03808073846878393		0.5162178415572093	True	0.0039824149571359	False
COAD_VisiumHD_FFPE_to_CosMx6K	Benchmark_03	COAD	Visium HD FFPE	CosMx 6K	ETS1	0.0023829220859682	0.04955826468273	0.0471753425967618	0.2190388461841156	0.1631301878557844	-0.055908658328331196		0.6600630058830856	True	0.0155283920466899	False
COAD_VisiumHD_FFPE_to_CosMx6K	Benchmark_03	COAD	Visium HD FFPE	CosMx 6K	ETS2	-0.0082021824581083	0.1089252794150835	0.1171274618731918	0.2956071432414627	0.2295189663437349	-0.06608817689772781		0.6222991654063939	True	0.0403584763407707	False
COAD_VisiumHD_FFPE_to_CosMx6K	Benchmark_03	COAD	Visium HD FFPE	CosMx 6K	ETV6	-0.0020802093175726	0.0399626540435472	0.0420428633611198	0.2077882539608081	0.1778433676865828	-0.029944886274225313		0.5174610661188352	True	-0.0138528337702155	False
COAD_VisiumHD_FFPE_to_CosMx6K	Benchmark_03	COAD	Visium HD FFPE	CosMx 6K	EVL	0.0010546907740863	0.0898732133810234	0.0888185226069371	0.2325550008322229	0.1911786067354513	-0.0413763940967716		0.5707644153591902	True	0.0178119018673896	False
COAD_VisiumHD_FFPE_to_CosMx6K	Benchmark_03	COAD	Visium HD FFPE	CosMx 6K	EWSR1	0.0081327581089363	0.0342135401330624	0.0260807820241261	0.278510065896418	0.2474902787734658	-0.031019787122952225		0.4583426395033178	True	0.0178605206310749	False
COAD_VisiumHD_FFPE_to_CosMx6K	Benchmark_03	COAD	Visium HD FFPE	CosMx 6K	EXOC4	0.0043321519548686	-0.0120473885186787	-0.0163795404735473	0.2400208246741746	0.2155157168368425	-0.02450510783733209		0.4414912914292541	True	0.0043507521040737	False
COAD_VisiumHD_FFPE_to_CosMx6K	Benchmark_03	COAD	Visium HD FFPE	CosMx 6K	EXOC7	0.0029659772419031	-0.0132109661235896	-0.016176943365492698	0.2439063811695907	0.2149912981003972	-0.02891508306919352		0.4728136974414197	True	0.00151201733388	False
COAD_VisiumHD_FFPE_to_CosMx6K	Benchmark_03	COAD	Visium HD FFPE	CosMx 6K	EXT1	-0.0008453921736492	0.0633376591797181	0.06418305135336731	0.2374941207789814	0.1902372395845615	-0.0472568811944199		0.5962931414740961	True	0.0024314073380082	False
COAD_VisiumHD_FFPE_to_CosMx6K	Benchmark_03	COAD	Visium HD FFPE	CosMx 6K	EZH2	0.0029429662500386	0.0284353042302979	0.0254923379802593	0.2062209480952446	0.1765856101368632	-0.029635337958381414		0.5207599784040935	True	0.0062943869270384	False
COAD_VisiumHD_FFPE_to_CosMx6K	Benchmark_03	COAD	Visium HD FFPE	CosMx 6K	EZR	-0.0036841143927872	0.1203169005220183	0.12400101491480549	0.2780723482462784	0.2278973464741312	-0.050175001772147204		0.5748261898669776	True	0.0037468918599188	False
COAD_VisiumHD_FFPE_to_CosMx6K	Benchmark_03	COAD	Visium HD FFPE	CosMx 6K	F11R	0.0031393631264437	0.2193984162348439	0.2162590531084002	0.3056034683893688	0.265279994493413	-0.04032347389595581		0.495061076582006	True	0.00771957449615	False
COAD_VisiumHD_FFPE_to_CosMx6K	Benchmark_03	COAD	Visium HD FFPE	CosMx 6K	F3	-0.0083546855491421	0.2226824231094138	0.2310371086585559	0.4070680616423145	0.28259014691365	-0.12447791472866454		0.7154943245214728	True	0.0444165840744972	False
COAD_VisiumHD_FFPE_to_CosMx6K	Benchmark_03	COAD	Visium HD FFPE	CosMx 6K	FABP1	-0.0204228724360929	0.3589061557154946	0.37932902815158753	0.4133918714196012	0.3112675021930812	-0.10212436922652002		0.6611979579322694	True	0.0927611887454986	False
COAD_VisiumHD_FFPE_to_CosMx6K	Benchmark_03	COAD	Visium HD FFPE	CosMx 6K	FADS1	0.0055135410275356	0.1054225878541834	0.09990904682664781	0.2244577822712869	0.1967227002044806	-0.027735082066806305		0.4814849908686127	True	0.0278674345463514	False
COAD_VisiumHD_FFPE_to_CosMx6K	Benchmark_03	COAD	Visium HD FFPE	CosMx 6K	FADS2	0.0073646963579832	0.3027895077865895	0.29542481142860627	0.3618622780503503	0.3033923288895711	-0.058469949160779244		0.5456361492758067	True	0.0609768852591514	False
COAD_VisiumHD_FFPE_to_CosMx6K	Benchmark_03	COAD	Visium HD FFPE	CosMx 6K	FAM3C	0.0132387811697435	-0.0204433399310123	-0.0336821211007558	0.2623296074271466	0.211817044829745	-0.05051256259740161		0.6067967761554878	True	0.0458136796951293	False
COAD_VisiumHD_FFPE_to_CosMx6K	Benchmark_03	COAD	Visium HD FFPE	CosMx 6K	FAM91A1	0.0032178144347825	0.0673987458462348	0.0641809314114523	0.2591441956998254	0.2358707857230715	-0.023273409976753895		0.4170856884308633	True	0.0011217782739549	False
COAD_VisiumHD_FFPE_to_CosMx6K	Benchmark_03	COAD	Visium HD FFPE	CosMx 6K	FAR1	0.0026621953866765	0.0324149059628923	0.029752710576215802	0.2348427290834587	0.2032275414308451	-0.03161518765261362		0.5022025179771781	True	0.0132451495155692	False
COAD_VisiumHD_FFPE_to_CosMx6K	Benchmark_03	COAD	Visium HD FFPE	CosMx 6K	FASN	-0.009857335716926	0.3812701283402709	0.3911274640571969	0.389604687480569	0.2978685186556647	-0.09173616882490426		0.6653716686945685	True	0.1275356113910675	False
COAD_VisiumHD_FFPE_to_CosMx6K	Benchmark_03	COAD	Visium HD FFPE	CosMx 6K	FBLN1	0.0013276700847481	0.2835852390776658	0.2822575689929177	0.3443921751316396	0.2846406100085258	-0.0597515651231138		0.5669476310523537	True	0.0352332517504692	False
COAD_VisiumHD_FFPE_to_CosMx6K	Benchmark_03	COAD	Visium HD FFPE	CosMx 6K	FBN1	0.0067176995378095	0.2087996668464292	0.2020819673086197	0.2493762345545515	0.1628385827161037	-0.08653765183844778		0.7495073551314781	True	0.0443085357546806	False
COAD_VisiumHD_FFPE_to_CosMx6K	Benchmark_03	COAD	Visium HD FFPE	CosMx 6K	FBXW2	0.0019838847538207	-0.0124377288563954	-0.0144216136102161	0.2092575705882164	0.1692060770131015	-0.040051493575114894		0.5878694292772934	True	-0.0077871559187769	False
COAD_VisiumHD_FFPE_to_CosMx6K	Benchmark_03	COAD	Visium HD FFPE	CosMx 6K	FCGBP	-0.0318860958898514	0.3603655256093597	0.3922516214992111	0.5864629978331856	0.2125483363263155	-0.37391466150687		0.9316203914894252	True	0.369534283876419	True
COAD_VisiumHD_FFPE_to_CosMx6K	Benchmark_03	COAD	Visium HD FFPE	CosMx 6K	FCGRT	0.016527036531812	0.2209293301579935	0.20440229362618148	0.4163655157800848	0.3937721040495973	-0.02259341173048751		0.3236236844580638	True	0.0195275302976369	False
COAD_VisiumHD_FFPE_to_CosMx6K	Benchmark_03	COAD	Visium HD FFPE	CosMx 6K	FDFT1	-0.0044800635577548	0.2854536676574905	0.2899337312152453	0.279684405742912	0.244526564720423	-0.03515784102248898		0.4842228059146157	True	0.0509767569601535	False
COAD_VisiumHD_FFPE_to_CosMx6K	Benchmark_03	COAD	Visium HD FFPE	CosMx 6K	FDPS	-0.0006395742464914	0.2706147681050674	0.2712543423515588	0.3132923762723621	0.2817142473945693	-0.03157812887779282		0.4373779269408973	True	0.027048697695136	False
COAD_VisiumHD_FFPE_to_CosMx6K	Benchmark_03	COAD	Visium HD FFPE	CosMx 6K	FGFR3	0.0145769294574222	0.1274453893824685	0.1128684599250463	0.3048230821813746	0.2804130035339513	-0.024410078647423283		0.3808033076157825	True	0.0296571347862482	False
COAD_VisiumHD_FFPE_to_CosMx6K	Benchmark_03	COAD	Visium HD FFPE	CosMx 6K	FLII	0.0020718479998577	0.0261187028289146	0.0240468548290569	0.2268510670735196	0.1939884469820373	-0.0328626200914823		0.5180539398708919	True	-0.0018293361645191	False
COAD_VisiumHD_FFPE_to_CosMx6K	Benchmark_03	COAD	Visium HD FFPE	CosMx 6K	FLNB	0.0003160105632393	0.062050874333587	0.061734863770347696	0.2517188146860392	0.2290767954054409	-0.02264201928059828		0.4147271312259251	True	0.0175432655960321	False
COAD_VisiumHD_FFPE_to_CosMx6K	Benchmark_03	COAD	Visium HD FFPE	CosMx 6K	FLOT1	0.0012081649949424	0.0371955500756436	0.035987385080701206	0.1826889969489767	0.1484607867605028	-0.034228210188473884		0.5820790846241348	True	-0.0063079004175961	False
COAD_VisiumHD_FFPE_to_CosMx6K	Benchmark_03	COAD	Visium HD FFPE	CosMx 6K	FLOT2	0.0008965507234218	0.0507395963667747	0.0498430456433529	0.2269358301417903	0.1927542535318321	-0.034181576609958214		0.5277105163796675	True	0.001822275458835	False
COAD_VisiumHD_FFPE_to_CosMx6K	Benchmark_03	COAD	Visium HD FFPE	CosMx 6K	FN1	0.0015887606590634	0.2941884372609528	0.2925996766018894	0.4585934877482613	0.370455816351282	-0.08813767139697931		0.5904763758521887	True	0.083072692155838	False
COAD_VisiumHD_FFPE_to_CosMx6K	Benchmark_03	COAD	Visium HD FFPE	CosMx 6K	FNBP1	0.0018069613384511	0.0495137745384946	0.047706813200043496	0.2364934378748616	0.2010170750295044	-0.03547636284535721		0.526944249517723	True	0.01182755921036	False
COAD_VisiumHD_FFPE_to_CosMx6K	Benchmark_03	COAD	Visium HD FFPE	CosMx 6K	FNTA	0.0047833095258213	0.0839026357827393	0.07911932625691799	0.2336250105528715	0.2114557940017739	-0.022169216551097604		0.4225366608863409	True	0.00469800690189	False
COAD_VisiumHD_FFPE_to_CosMx6K	Benchmark_03	COAD	Visium HD FFPE	CosMx 6K	FOS	0.0196950997380853	0.3372846739670313	0.317589574228946	0.5280625338787706	0.4433853007405785	-0.08467723313819203		0.5726755537805236	True	0.0680318623781204	False
COAD_VisiumHD_FFPE_to_CosMx6K	Benchmark_03	COAD	Visium HD FFPE	CosMx 6K	FOXF1	-0.0034751888678312	0.2750027206866486	0.2784779095544798	0.2701784451987934	0.2343019689431811	-0.03587647625561233		0.5193348934543671	True	0.0162728372961282	False
COAD_VisiumHD_FFPE_to_CosMx6K	Benchmark_03	COAD	Visium HD FFPE	CosMx 6K	FOXM1	0.0077021557159256	0.0384500022469368	0.030747846531011203	0.2040314618702449	0.1755780565328974	-0.028453405337347498		0.51203777010446	True	0.0145813403651118	False
COAD_VisiumHD_FFPE_to_CosMx6K	Benchmark_03	COAD	Visium HD FFPE	CosMx 6K	FOXO3	0.0057974428589884	0.0367086602595877	0.0309112174005993	0.2269518666149872	0.1907775484321291	-0.0361743181828581		0.5463285082279722	True	0.0129596497863531	False
COAD_VisiumHD_FFPE_to_CosMx6K	Benchmark_03	COAD	Visium HD FFPE	CosMx 6K	FOXP1	0.0068982041751565	0.0026492661119784	-0.004248938063178101	0.2227032815199301	0.1807733807256407	-0.041929900794289404		0.5998222216960409	True	0.0151971783488988	False
COAD_VisiumHD_FFPE_to_CosMx6K	Benchmark_03	COAD	Visium HD FFPE	CosMx 6K	FSTL1	0.0142255934048381	0.5422545761885336	0.5280289827836955	0.4126235409467118	0.31117012947892	-0.1014534114677918		0.6762880745450278	True	0.0451583974063396	False
COAD_VisiumHD_FFPE_to_CosMx6K	Benchmark_03	COAD	Visium HD FFPE	CosMx 6K	FUCA2	0.003054959580924	0.0693876293512828	0.0663326697703588	0.235762044794041	0.1937215434459206	-0.0420405013481204		0.5793098436734486	True	0.0231438018381595	False
COAD_VisiumHD_FFPE_to_CosMx6K	Benchmark_03	COAD	Visium HD FFPE	CosMx 6K	FUS	0.0165244101175306	0.1492736690020382	0.13274925888450761	0.3927611358758369	0.3589177764400198	-0.033843359435817066		0.4017656831621706	True	0.030934490263462	False
COAD_VisiumHD_FFPE_to_CosMx6K	Benchmark_03	COAD	Visium HD FFPE	CosMx 6K	FZD5	0.0055457494793522	0.0947933363050158	0.0892475868256636	0.2344137756077985	0.2081300973622222	-0.026283678245576286		0.4585639970467376	True	0.0332854203879833	False
COAD_VisiumHD_FFPE_to_CosMx6K	Benchmark_03	COAD	Visium HD FFPE	CosMx 6K	FZR1	0.0069310404193578	0.0225352276794377	0.015604187260079899	0.2191452496706549	0.1899158211755938	-0.029229428495061105		0.49981302987213	True	0.0188011266291141	False
COAD_VisiumHD_FFPE_to_CosMx6K	Benchmark_03	COAD	Visium HD FFPE	CosMx 6K	G3BP2	0.0044556165033021	0.1162041577366312	0.1117485412333291	0.2967296958399413	0.2543636144073692	-0.04236608143257209		0.5146069069206289	True	-0.0001598765520611	False
COAD_VisiumHD_FFPE_to_CosMx6K	Benchmark_03	COAD	Visium HD FFPE	CosMx 6K	GABARAP	0.0099811023897024	0.0542411623144431	0.0442600599247407	0.4169368856994851	0.3848224023289395	-0.03211448337054562		0.4020875891622989	True	0.0024505464825779	False
COAD_VisiumHD_FFPE_to_CosMx6K	Benchmark_03	COAD	Visium HD FFPE	CosMx 6K	GALC	0.0054653794093323	0.1420664117027164	0.13660103229338408	0.2554073561849368	0.2166987325193914	-0.03870862366554542		0.5337130189701963	True	0.0483503825962543	False
COAD_VisiumHD_FFPE_to_CosMx6K	Benchmark_03	COAD	Visium HD FFPE	CosMx 6K	GANAB	0.0043232707776995	0.083980416694495	0.0796571459167955	0.2697865636842672	0.2506319813600708	-0.019154582324196368		0.3738542208785987	True	-0.004860792774707	False
COAD_VisiumHD_FFPE_to_CosMx6K	Benchmark_03	COAD	Visium HD FFPE	CosMx 6K	GAS6	-0.0007394906428516	0.0613436155167602	0.0620831061596118	0.2375528714746038	0.2115543228553869	-0.02599854861921691		0.4624891399690219	True	0.0133480671793222	False
COAD_VisiumHD_FFPE_to_CosMx6K	Benchmark_03	COAD	Visium HD FFPE	CosMx 6K	GATAD2A	-0.0001676048207944	0.1061346168794426	0.10630222170023701	0.2622395039677123	0.2349051291745492	-0.027334374793163085		0.4453536274498951	True	0.0113195972517132	False
COAD_VisiumHD_FFPE_to_CosMx6K	Benchmark_03	COAD	Visium HD FFPE	CosMx 6K	GCLC	-0.0008760284899004	0.0504515959146356	0.051327624404536	0.2029721299900204	0.1740556314047631	-0.0289164985852573		0.5143275036393088	True	0.003806683467701	False
COAD_VisiumHD_FFPE_to_CosMx6K	Benchmark_03	COAD	Visium HD FFPE	CosMx 6K	GDF15	-0.0092555472114774	0.2319267569067779	0.24118230411825528	0.3144901786239329	0.2821962761085014	-0.032293902515431516		0.4461104850199703	True	0.0309247020632028	False
COAD_VisiumHD_FFPE_to_CosMx6K	Benchmark_03	COAD	Visium HD FFPE	CosMx 6K	GDI2	0.0056975985087938	0.12886819105421	0.1231705925454162	0.3416968493521352	0.3212996267069143	-0.02039722264522087		0.3508897583984866	True	-0.0044758268631994	False
COAD_VisiumHD_FFPE_to_CosMx6K	Benchmark_03	COAD	Visium HD FFPE	CosMx 6K	GFPT1	-0.0032179539870919	0.0935373249774817	0.0967552789645736	0.2771961623500018	0.257811011225719	-0.019385151124282796		0.3798322486524271	True	0.0146570419892668	False
COAD_VisiumHD_FFPE_to_CosMx6K	Benchmark_03	COAD	Visium HD FFPE	CosMx 6K	GGA2	0.0046408759930585	0.0410818103845552	0.0364409343914967	0.2256528280170321	0.194470865969789	-0.031181962047243106		0.5071586960317026	True	0.0063963495194911	False
COAD_VisiumHD_FFPE_to_CosMx6K	Benchmark_03	COAD	Visium HD FFPE	CosMx 6K	GGNBP2	0.0036804076294281	0.0116777761522647	0.0079973685228366	0.2291265121202489	0.1978755730230628	-0.0312509390971861		0.5043896162236812	True	0.0111640198156237	False
COAD_VisiumHD_FFPE_to_CosMx6K	Benchmark_03	COAD	Visium HD FFPE	CosMx 6K	GHITM	0.0005486533109582	0.1007881315291192	0.100239478218161	0.2175694962587142	0.19084778059859	-0.026721715660124185		0.4816498496230757	True	-0.0018636800814419	False
COAD_VisiumHD_FFPE_to_CosMx6K	Benchmark_03	COAD	Visium HD FFPE	CosMx 6K	GLB1	0.004414463676487	0.0722310274715952	0.0678165637951082	0.224980875075341	0.2007797601729036	-0.0242011149024374		0.450783081046572	True	-0.0029633089434355	False
COAD_VisiumHD_FFPE_to_CosMx6K	Benchmark_03	COAD	Visium HD FFPE	CosMx 6K	GLO1	0.0092829483150666	0.0838079121021226	0.074524963787056	0.2282509143402969	0.2004627267652452	-0.027788187575051693		0.4777457070062678	True	0.0191646609455347	False
COAD_VisiumHD_FFPE_to_CosMx6K	Benchmark_03	COAD	Visium HD FFPE	CosMx 6K	GLS	0.0138410348538832	0.0178657290765444	0.004024694222661199	0.3107245862840623	0.2844168650232623	-0.0263077212608		0.4005313934874472	True	0.0207691416144371	False
COAD_VisiumHD_FFPE_to_CosMx6K	Benchmark_03	COAD	Visium HD FFPE	CosMx 6K	GLUL	0.0059817878267548	0.2157691578397188	0.20978737001296402	0.4025314963237261	0.3537269303614017	-0.04880456596232441		0.4829291089245052	True	0.0237103626132011	False
COAD_VisiumHD_FFPE_to_CosMx6K	Benchmark_03	COAD	Visium HD FFPE	CosMx 6K	GNA13	0.0003910984147701	0.0445210787697426	0.0441299803549725	0.2177394656055305	0.1867788340344759	-0.03096063157105461		0.5141277836151903	True	-0.0036427187733352	False
COAD_VisiumHD_FFPE_to_CosMx6K	Benchmark_03	COAD	Visium HD FFPE	CosMx 6K	GNAI2	-0.0008928733126179	0.1914151768257717	0.19230805013838959	0.3103044783813557	0.2799030175270982	-0.030401460854257545		0.4491624566326284	True	-0.0036203623749315	False
COAD_VisiumHD_FFPE_to_CosMx6K	Benchmark_03	COAD	Visium HD FFPE	CosMx 6K	GNAI3	-0.0009220958801114	0.0686023630360602	0.0695244589161716	0.2427834067337487	0.2114961531753295	-0.031287253558419215		0.4930566659810252	True	0.0012768141459673	False
COAD_VisiumHD_FFPE_to_CosMx6K	Benchmark_03	COAD	Visium HD FFPE	CosMx 6K	GNAQ	0.0007740948158561	-0.015188999177901	-0.0159630939937571	0.2490762029350293	0.22057174211805	-0.0285044608169793		0.4660624564430666	True	-0.0027286412660032	False
COAD_VisiumHD_FFPE_to_CosMx6K	Benchmark_03	COAD	Visium HD FFPE	CosMx 6K	GNB1	-0.0013091861988281	0.109771486340479	0.11108067253930709	0.268593542578502	0.2420359503782221	-0.026557592200279895		0.4466149255028066	True	-0.0146973384544253	False
COAD_VisiumHD_FFPE_to_CosMx6K	Benchmark_03	COAD	Visium HD FFPE	CosMx 6K	GNB2	0.0063345351641992	0.0998804953655359	0.09354596020133671	0.3068310591248981	0.2790037500774831	-0.027827309047414983		0.4193744623381658	True	0.019026568159461	False
COAD_VisiumHD_FFPE_to_CosMx6K	Benchmark_03	COAD	Visium HD FFPE	CosMx 6K	GNG10	0.0059717737387818	0.0480195338974709	0.0420477601586891	0.2493261735370727	0.2133763157710164	-0.0359498577660563		0.5171147891406926	True	-0.0010521202348172	False
COAD_VisiumHD_FFPE_to_CosMx6K	Benchmark_03	COAD	Visium HD FFPE	CosMx 6K	GNG12	-0.0009405753347188	0.0381818357997424	0.0391224111344612	0.2029668522982316	0.1649077589416704	-0.03805909335656121		0.5795182280493951	True	0.0131595600396394	False
COAD_VisiumHD_FFPE_to_CosMx6K	Benchmark_03	COAD	Visium HD FFPE	CosMx 6K	GNPAT	0.0052360188822102	0.0621742595901512	0.056938240707941	0.2149136103155361	0.182245921635888	-0.032667688679648116		0.533806282370062	True	0.0058409795165061	False
COAD_VisiumHD_FFPE_to_CosMx6K	Benchmark_03	COAD	Visium HD FFPE	CosMx 6K	GNS	0.0025009988769214	0.0736578652551243	0.0711568663782029	0.2335475723484383	0.1911618794823429	-0.04238569286609539		0.5710870668199028	True	0.0155578246340155	False
COAD_VisiumHD_FFPE_to_CosMx6K	Benchmark_03	COAD	Visium HD FFPE	CosMx 6K	GOLM1	8.392173605795044e-05	0.1794851890020102	0.17940126726595224	0.3546728226193759	0.3050543045961152	-0.04961851802326067		0.5121379360442214	True	0.0312224794179201	False
COAD_VisiumHD_FFPE_to_CosMx6K	Benchmark_03	COAD	Visium HD FFPE	CosMx 6K	GORASP2	0.0005828631542363	0.0421102077743879	0.0415273446201516	0.2233589127838234	0.1955479644739565	-0.027810948309866884		0.4834549502400317	True	0.0108746914193034	False
COAD_VisiumHD_FFPE_to_CosMx6K	Benchmark_03	COAD	Visium HD FFPE	CosMx 6K	GOT2	0.0056705599275419	0.1197449031221622	0.1140743431946203	0.2752413575223556	0.2523756976250877	-0.02286565989726791		0.4001652230772182	True	0.0046012578532099	False
COAD_VisiumHD_FFPE_to_CosMx6K	Benchmark_03	COAD	Visium HD FFPE	CosMx 6K	GPCPD1	0.001463881097917	0.0136300269999717	0.0121661459020547	0.2401189198090459	0.2141068620429527	-0.026012057766093194		0.4541352176295969	True	-0.001123962807469	False
COAD_VisiumHD_FFPE_to_CosMx6K	Benchmark_03	COAD	Visium HD FFPE	CosMx 6K	GPI	-0.0021162278341241	0.1889249505288492	0.1910411783629733	0.25279134487238	0.231276785577263	-0.021514559295116975		0.4064370835273516	True	0.0015135795110836	False
COAD_VisiumHD_FFPE_to_CosMx6K	Benchmark_03	COAD	Visium HD FFPE	CosMx 6K	GPR160	0.0088270289434844	0.0320078645135981	0.023180835570113696	0.2250288861641429	0.1815073717801975	-0.043521514383945414		0.6226623991282426	True	0.0349050909280777	False
COAD_VisiumHD_FFPE_to_CosMx6K	Benchmark_03	COAD	Visium HD FFPE	CosMx 6K	GPX2	-0.0172364906480361	0.2262937097964858	0.2435302004445219	0.2701390018237202	0.2067024516227231	-0.06343655020099709		0.6485184960370026	True	0.1210445761680603	False
COAD_VisiumHD_FFPE_to_CosMx6K	Benchmark_03	COAD	Visium HD FFPE	CosMx 6K	GPX4	0.0052288058695528	0.0426732463839369	0.0374444405143841	0.2574485732249201	0.2098408159162644	-0.047607757308655685		0.5817249167446912	True	-0.0014278598828241	False
COAD_VisiumHD_FFPE_to_CosMx6K	Benchmark_03	COAD	Visium HD FFPE	CosMx 6K	GRB2	0.0003936509118413	0.0792409639941314	0.0788473130822901	0.2352764176643118	0.1943614856088957	-0.040914932055416076		0.5608229057822463	True	-0.0042441091500222	False
COAD_VisiumHD_FFPE_to_CosMx6K	Benchmark_03	COAD	Visium HD FFPE	CosMx 6K	GRK2	-0.0016634167300721	-0.0016634167300721	0.0	0.2547786304292482	0.2547786304292482	0.0			False	-0.0106780091300606	False
COAD_VisiumHD_FFPE_to_CosMx6K	Benchmark_03	COAD	Visium HD FFPE	CosMx 6K	GRN	0.004218809109797	0.2729695274965653	0.2687507183867683	0.3196963573851649	0.2769951220636891	-0.042701235321475794		0.5120692237325928	True	0.0002794147876556	False
COAD_VisiumHD_FFPE_to_CosMx6K	Benchmark_03	COAD	Visium HD FFPE	CosMx 6K	GRSF1	0.0003879100729655	0.0775129673315958	0.0771250572586303	0.2230161669371244	0.1965645703353778	-0.02645159660174659		0.4727102950548482	True	0.004992960486561	False
COAD_VisiumHD_FFPE_to_CosMx6K	Benchmark_03	COAD	Visium HD FFPE	CosMx 6K	GSDMD	0.001045378057191	0.0960994015051851	0.0950540234479941	0.2724218350081558	0.2511248536307751	-0.02129698137738073		0.3935817980446501	True	0.0085164839401841	False
COAD_VisiumHD_FFPE_to_CosMx6K	Benchmark_03	COAD	Visium HD FFPE	CosMx 6K	GSR	-0.0015939045095568	0.1170779411853523	0.1186718456949091	0.2332431235885677	0.186664412216685	-0.046578711371882686		0.6057518399974858	True	0.0118464650586247	False
COAD_VisiumHD_FFPE_to_CosMx6K	Benchmark_03	COAD	Visium HD FFPE	CosMx 6K	GTF2A1	0.0020140082679727	-0.0087355525499195	-0.0107495608178922	0.2134380855032259	0.1874280993901715	-0.026009986113054412		0.4787615717823871	True	0.0112870475277304	False
COAD_VisiumHD_FFPE_to_CosMx6K	Benchmark_03	COAD	Visium HD FFPE	CosMx 6K	GTF2I	0.0070460784924062	0.055434067948234	0.0483879894558278	0.3274283859189347	0.3062354062833402	-0.021192979635594522		0.3570732453060742	True	0.0137414317578077	False
COAD_VisiumHD_FFPE_to_CosMx6K	Benchmark_03	COAD	Visium HD FFPE	CosMx 6K	HACD3	0.0155859959319198	0.1236937748500731	0.1081077789181533	0.2807116247817336	0.2496559101138329	-0.03105571466790072		0.4547195410283235	True	0.0244323872029781	False
COAD_VisiumHD_FFPE_to_CosMx6K	Benchmark_03	COAD	Visium HD FFPE	CosMx 6K	HADHA	0.0072464372130875	0.0591643929234607	0.0519179557103732	0.2674538391385264	0.2222584255938977	-0.04519541354462869		0.5593066164100946	True	0.0100514665246009	False
COAD_VisiumHD_FFPE_to_CosMx6K	Benchmark_03	COAD	Visium HD FFPE	CosMx 6K	HAT1	0.0065203951411552	0.0467010750776378	0.0401806799364826	0.2219968333538262	0.199781633225232	-0.02221520012859418		0.4347761270972669	True	0.0085373288020491	False
COAD_VisiumHD_FFPE_to_CosMx6K	Benchmark_03	COAD	Visium HD FFPE	CosMx 6K	HDAC1	-0.0031123023725135	0.0657404314207387	0.0688527337932522	0.2249182546189769	0.1934406011362332	-0.0314776534827437		0.5104029972548296	True	0.0148784462362527	False
COAD_VisiumHD_FFPE_to_CosMx6K	Benchmark_03	COAD	Visium HD FFPE	CosMx 6K	HDAC2	0.0080703212751975	0.0904386127090693	0.08236829143387181	0.252102004516696	0.2277352654431192	-0.02436673907357681		0.426877414988378	True	0.0217706710100173	False
COAD_VisiumHD_FFPE_to_CosMx6K	Benchmark_03	COAD	Visium HD FFPE	CosMx 6K	HDGF	0.0052789451971979	0.2645667372221093	0.2592877920249114	0.3768425365510034	0.3418994108230579	-0.0349431257279455		0.4226155540227549	True	0.0259503256529569	False
COAD_VisiumHD_FFPE_to_CosMx6K	Benchmark_03	COAD	Visium HD FFPE	CosMx 6K	HEBP2	0.0004730652487639	0.0797655416274781	0.07929247637871421	0.2348768646111413	0.2075200311846	-0.0273568334265413		0.468997463996493	True	0.0111859049648046	False
COAD_VisiumHD_FFPE_to_CosMx6K	Benchmark_03	COAD	Visium HD FFPE	CosMx 6K	HELLS	0.0128005257083045	0.0593840327523988	0.0465835070440943	0.2519178458447541	0.2049534359398971	-0.04696440990485698		0.614571737155627	True	0.0374637618660926	False
COAD_VisiumHD_FFPE_to_CosMx6K	Benchmark_03	COAD	Visium HD FFPE	CosMx 6K	HERC2	0.0039376435462488	0.0009320931632216	-0.0030055503830272	0.1884216239647866	0.1485992016036633	-0.039822422361123294		0.6274704022603323	True	0.0291480012238025	False
COAD_VisiumHD_FFPE_to_CosMx6K	Benchmark_03	COAD	Visium HD FFPE	CosMx 6K	HEXB	0.0006832924400877	0.0892161954968518	0.08853290305676409	0.2200483461377017	0.1828638806304115	-0.03718446550729018		0.5547553470624086	True	-0.0057600913569331	False
COAD_VisiumHD_FFPE_to_CosMx6K	Benchmark_03	COAD	Visium HD FFPE	CosMx 6K	HMGB2	0.042274378283538	0.2257119460985544	0.1834375678150164	0.4353289805532959	0.3933308600480647	-0.04199812050523116		0.4201810696502349	True	0.0309442542493343	False
COAD_VisiumHD_FFPE_to_CosMx6K	Benchmark_03	COAD	Visium HD FFPE	CosMx 6K	HMGCR	0.0061882945159428	0.1416138140171459	0.1354255195012031	0.2284669859774068	0.1900638607042762	-0.03840312527313061		0.5643644856267228	True	0.0264246817678213	False
COAD_VisiumHD_FFPE_to_CosMx6K	Benchmark_03	COAD	Visium HD FFPE	CosMx 6K	HMGN1	0.0079282735774049	0.0617328106366588	0.0538045370592539	0.3694163667867134	0.3422793899920446	-0.02713697679466881		0.3877116551688682	True	0.0094195567071437	False
COAD_VisiumHD_FFPE_to_CosMx6K	Benchmark_03	COAD	Visium HD FFPE	CosMx 6K	HNRNPD	0.0237621823373117	0.1168744113386071	0.0931122290012954	0.3972546035208374	0.3392687569948546	-0.05798584652598282		0.534703082766838	True	0.0384844280779361	False
COAD_VisiumHD_FFPE_to_CosMx6K	Benchmark_03	COAD	Visium HD FFPE	CosMx 6K	HNRNPF	0.0040449664521896	0.1672527794802836	0.163207813028094	0.3104383987997838	0.2472083138090082	-0.06323008499077559		0.6220489224237628	True	0.0068700164556503	False
COAD_VisiumHD_FFPE_to_CosMx6K	Benchmark_03	COAD	Visium HD FFPE	CosMx 6K	HNRNPUL1	0.003715339010974	0.0708479589904589	0.0671326199794849	0.2959643008484937	0.2653487606769502	-0.0306155401715435		0.446023050059684	True	0.0102113084867596	False
COAD_VisiumHD_FFPE_to_CosMx6K	Benchmark_03	COAD	Visium HD FFPE	CosMx 6K	HOXA10	0.0093232399537303	0.0669105157671887	0.057587275813458405	0.23530587585481	0.209472486604073	-0.025833389250737		0.4534452336144377	True	0.0018095117993652	False
COAD_VisiumHD_FFPE_to_CosMx6K	Benchmark_03	COAD	Visium HD FFPE	CosMx 6K	HOXA9	0.0071317016780839	7.853566388736959e-05	-0.00705316601419653	0.2354301433575152	0.2032169287286118	-0.03221321462890339		0.5098433685102852	True	0.0212041307240724	False
COAD_VisiumHD_FFPE_to_CosMx6K	Benchmark_03	COAD	Visium HD FFPE	CosMx 6K	HSP90AA1	0.0173087320094684	0.3008323909853803	0.28352365897591186	0.5272450206687512	0.4571731725588613	-0.07007184810988992		0.4921471713218626	True	0.0504766330122947	False
COAD_VisiumHD_FFPE_to_CosMx6K	Benchmark_03	COAD	Visium HD FFPE	CosMx 6K	HSP90AB1	0.0164485208093706	0.312357918670271	0.2959093978609004	0.5603743497582989	0.4754727474543621	-0.08490160230393684		0.5250238364055999	True	0.0648047551512718	False
COAD_VisiumHD_FFPE_to_CosMx6K	Benchmark_03	COAD	Visium HD FFPE	CosMx 6K	HSP90B1	0.0054470159932844	0.0601050041901488	0.054657988196864404	0.413911071481672	0.3962002643136534	-0.017710807168018594		0.3075018908129434	True	0.034029696136713	False
COAD_VisiumHD_FFPE_to_CosMx6K	Benchmark_03	COAD	Visium HD FFPE	CosMx 6K	HSPA8	-0.008295389958855	0.255714563253706	0.264009953212561	0.5018379493970163	0.4219805614125988	-0.0798573879844175		0.5420150477384205	True	0.0390566661953926	False
COAD_VisiumHD_FFPE_to_CosMx6K	Benchmark_03	COAD	Visium HD FFPE	CosMx 6K	HSPA9	0.004421876048597	0.2132726383856655	0.20885076233706848	0.329878220763992	0.3084190245203427	-0.02145919624364928		0.3551803684887767	True	0.0044237663969397	False
COAD_VisiumHD_FFPE_to_CosMx6K	Benchmark_03	COAD	Visium HD FFPE	CosMx 6K	HSPB1	0.0034759780677989	0.320768123215899	0.31729214514810006	0.4290271944666403	0.406038871095439	-0.02298832337120127		0.3723116011587732	True	0.0115316584706306	False
COAD_VisiumHD_FFPE_to_CosMx6K	Benchmark_03	COAD	Visium HD FFPE	CosMx 6K	HSPD1	0.0189901281009536	0.3658950647041703	0.34690493660321675	0.5066173381567616	0.4399186579996384	-0.06669868015712316		0.4859799535980385	True	0.0906039252877235	False
COAD_VisiumHD_FFPE_to_CosMx6K	Benchmark_03	COAD	Visium HD FFPE	CosMx 6K	HSPE1	0.0135578019892174	0.1964920522564131	0.1829342502671957	0.3616484555260619	0.3176396281885349	-0.04400882733752698		0.4736956195562967	True	0.0372397750616073	False
COAD_VisiumHD_FFPE_to_CosMx6K	Benchmark_03	COAD	Visium HD FFPE	CosMx 6K	ID1	-0.0461808546314127	0.3659214514169518	0.4121023060483645	0.4181775889404133	0.3391060049953961	-0.07907158394501718		0.597582500813355	True	0.1687841862440109	True
COAD_VisiumHD_FFPE_to_CosMx6K	Benchmark_03	COAD	Visium HD FFPE	CosMx 6K	ID2	-0.0008200107882213	0.1230056014040663	0.1238256121922876	0.2877745713513813	0.2668561733526096	-0.02091839799877171		0.3798207391777154	True	0.0115816136822104	False
COAD_VisiumHD_FFPE_to_CosMx6K	Benchmark_03	COAD	Visium HD FFPE	CosMx 6K	ID3	-0.0020960329578591	0.4140490438429695	0.4161450768008286	0.4447406612016049	0.4187123894871447	-0.026028271714460205		0.4014611673994572	True	0.022016242146492	False
COAD_VisiumHD_FFPE_to_CosMx6K	Benchmark_03	COAD	Visium HD FFPE	CosMx 6K	IER3	-0.0069886295267293	0.3010978556193358	0.30808648514606507	0.3855898375880378	0.3448581697534253	-0.04073166783461246		0.5028741747644002	True	0.0720117539167404	False
COAD_VisiumHD_FFPE_to_CosMx6K	Benchmark_03	COAD	Visium HD FFPE	CosMx 6K	IFNGR1	-0.0003837302546668	0.153811443459942	0.15419517371460878	0.230125741850345	0.1894188495719432	-0.040706892278401824		0.5689415490126335	True	0.042752206325531	False
COAD_VisiumHD_FFPE_to_CosMx6K	Benchmark_03	COAD	Visium HD FFPE	CosMx 6K	IGBP1	0.0059587549785866	0.0309637077779503	0.0250049527993637	0.2259754890665721	0.1927815964699988	-0.03319389259657332		0.5233241254554353	True	0.0173621345311403	False
COAD_VisiumHD_FFPE_to_CosMx6K	Benchmark_03	COAD	Visium HD FFPE	CosMx 6K	IGFBP3	0.0031482502731753	0.2010365240428059	0.19788827376963058	0.2969890534944057	0.2223971975421989	-0.0745918559522068		0.6628331989797082	True	0.0452824346721172	False
COAD_VisiumHD_FFPE_to_CosMx6K	Benchmark_03	COAD	Visium HD FFPE	CosMx 6K	IGFBP5	0.0117208685638792	0.3905667974029927	0.3788459288391135	0.4773627121934201	0.4172037961678054	-0.060158916025614684		0.5325600616361239	True	0.0587215237319469	False
COAD_VisiumHD_FFPE_to_CosMx6K	Benchmark_03	COAD	Visium HD FFPE	CosMx 6K	IGFBP7	0.0218279293235239	0.6687085728824621	0.6468806435589382	0.6541558513122054	0.4442092436940063	-0.20994660761819917		0.7705763168906646	True	0.0812712833285331	False
COAD_VisiumHD_FFPE_to_CosMx6K	Benchmark_03	COAD	Visium HD FFPE	CosMx 6K	IGHA1	-0.050773033420362	0.4612934465071811	0.5120664799275432	1.2279991983807634	0.6387608041351848	-0.5892383942455787		0.85796580506922	True	0.3578939437866211	True
COAD_VisiumHD_FFPE_to_CosMx6K	Benchmark_03	COAD	Visium HD FFPE	CosMx 6K	IL32	-0.0052851528043201	0.2298664511578462	0.2351516039621663	0.3898566301721777	0.3726288431177534	-0.017227787054424293		0.3267611907433942	True	0.0334227122366428	False
COAD_VisiumHD_FFPE_to_CosMx6K	Benchmark_03	COAD	Visium HD FFPE	CosMx 6K	ILF2	0.0095769050584123	0.1068067601509914	0.0972298550925791	0.2923124517726801	0.2479441777319213	-0.044368274040758826		0.535331700540982	True	0.0275788735598325	False
COAD_VisiumHD_FFPE_to_CosMx6K	Benchmark_03	COAD	Visium HD FFPE	CosMx 6K	ILF3	0.0144785740181022	0.1244813447672304	0.1100027707491282	0.3479397229529996	0.2946746833013463	-0.0532650396516533		0.5419928585367327	True	0.0410935059189796	False
COAD_VisiumHD_FFPE_to_CosMx6K	Benchmark_03	COAD	Visium HD FFPE	CosMx 6K	IMPDH2	0.0068822977025034	0.1856738663932579	0.1787915686907545	0.3029703893927103	0.2444363234337805	-0.05853406595892982		0.6266997232542468	True	0.0628906264901161	False
COAD_VisiumHD_FFPE_to_CosMx6K	Benchmark_03	COAD	Visium HD FFPE	CosMx 6K	INPPL1	0.0017613463727443	-0.0239381246147497	-0.025699470987494002	0.2156420597274335	0.1862435663972885	-0.029398493330144992		0.5039386029826092	True	0.0058733285404741	False
COAD_VisiumHD_FFPE_to_CosMx6K	Benchmark_03	COAD	Visium HD FFPE	CosMx 6K	IQGAP1	0.0019744686283291	0.0104872643329122	0.008512795704583099	0.256205597009718	0.2333993741753036	-0.022806222834414414		0.4177066583335856	True	-0.0048220730386674	False
COAD_VisiumHD_FFPE_to_CosMx6K	Benchmark_03	COAD	Visium HD FFPE	CosMx 6K	IRF1	-0.0025954226650353	0.0485633833144501	0.0511588059794854	0.2358617634512317	0.2023549069803563	-0.033506856470875396		0.5180676560015401	True	0.012240539304912	False
COAD_VisiumHD_FFPE_to_CosMx6K	Benchmark_03	COAD	Visium HD FFPE	CosMx 6K	ITGA1	0.0054221009327887	0.1616230780630327	0.156200977130244	0.2771243790636347	0.2178741698188831	-0.05925020924475158		0.6141690920020377	True	0.0015068466309458	False
COAD_VisiumHD_FFPE_to_CosMx6K	Benchmark_03	COAD	Visium HD FFPE	CosMx 6K	ITGA9	0.0131113712140797	-0.0079463362304089	-0.0210577074444886	0.2705608402946212	0.241632765092128	-0.028928075202493186		0.4488539089670769	True	0.0086317528039217	False
COAD_VisiumHD_FFPE_to_CosMx6K	Benchmark_03	COAD	Visium HD FFPE	CosMx 6K	ITGB1	0.0013375095157469	0.2681863679539403	0.2668488584381934	0.3280976074574173	0.2907634711776428	-0.0373341362797745		0.4816827475257862	True	0.0110751241445541	False
COAD_VisiumHD_FFPE_to_CosMx6K	Benchmark_03	COAD	Visium HD FFPE	CosMx 6K	ITM2B	0.0112372530462498	0.1898740708541109	0.1786368178078611	0.4498024772286078	0.4080139071078916	-0.041788570120716184		0.4413556714438849	True	0.0095032704994082	False
COAD_VisiumHD_FFPE_to_CosMx6K	Benchmark_03	COAD	Visium HD FFPE	CosMx 6K	ITM2C	-0.0116262652599443	0.1694826950553883	0.1811089603153326	0.3547954086685735	0.2916032439704631	-0.0631921646981104		0.5722306687129125	True	0.0418147630989551	False
COAD_VisiumHD_FFPE_to_CosMx6K	Benchmark_03	COAD	Visium HD FFPE	CosMx 6K	JCHAIN	-0.0453320274657655	0.3861526930149597	0.43148472048072517	0.4888132088707934	0.3193955749960216	-0.16941763387477177		0.7682150658210908	True	0.2507601082324981	True
COAD_VisiumHD_FFPE_to_CosMx6K	Benchmark_03	COAD	Visium HD FFPE	CosMx 6K	JUN	0.0100318814392726	0.2157422485601516	0.20571036712087898	0.3398388843356907	0.2836438569821786	-0.05619502735351212		0.5571442886346326	True	0.0401741005480289	False
COAD_VisiumHD_FFPE_to_CosMx6K	Benchmark_03	COAD	Visium HD FFPE	CosMx 6K	JUNB	-0.017165663848805	0.2821369895037136	0.2993026533525186	0.4024643842588805	0.3051022244186725	-0.09736215984020796		0.6423290716345427	True	0.0500845424830913	False
COAD_VisiumHD_FFPE_to_CosMx6K	Benchmark_03	COAD	Visium HD FFPE	CosMx 6K	JUND	0.0040679102921134	0.2770810483185608	0.2730131380264474	0.5862517143140713	0.5384617641660991	-0.04778995014797216		0.4141741028846191	True	0.0206874758005142	False
COAD_VisiumHD_FFPE_to_CosMx6K	Benchmark_03	COAD	Visium HD FFPE	CosMx 6K	KIAA1217	0.0021970632009182	0.0125872631062882	0.01039019990537	0.2258129870519673	0.1806935989472884	-0.045119388104678915		0.6083671782776372	True	0.0229141619056463	False
COAD_VisiumHD_FFPE_to_CosMx6K	Benchmark_03	COAD	Visium HD FFPE	CosMx 6K	KIF16B	0.0037699520402976	0.0521151519756002	0.048345199935302605	0.2079237475086345	0.1833286439222075	-0.024595103586426997		0.471489792037777	True	0.0020396385807543	False
COAD_VisiumHD_FFPE_to_CosMx6K	Benchmark_03	COAD	Visium HD FFPE	CosMx 6K	KIF22	0.0073498241461541	0.0601638536434479	0.0528140294972938	0.2194243469999876	0.1885931980080417	-0.030831148991945917		0.5143959059371764	True	0.0141143007203936	False
COAD_VisiumHD_FFPE_to_CosMx6K	Benchmark_03	COAD	Visium HD FFPE	CosMx 6K	KIF5B	-0.0001739453577672	0.1027166954812395	0.1028906408390067	0.2675018519132974	0.2079788509579366	-0.05952300095536078		0.6325527647620098	True	0.0147435097023844	False
COAD_VisiumHD_FFPE_to_CosMx6K	Benchmark_03	COAD	Visium HD FFPE	CosMx 6K	KLF3	0.0019970073551442	0.0755870658369552	0.073590058481811	0.2439642914726259	0.210161465435563	-0.033802826037062916		0.5087508282552808	True	0.023929288610816	False
COAD_VisiumHD_FFPE_to_CosMx6K	Benchmark_03	COAD	Visium HD FFPE	CosMx 6K	KLF5	0.011388872234636	0.3040246768574041	0.29263580462276806	0.3765969286221367	0.3534971669056107	-0.023099761716525946		0.3403036655028157	True	0.0113256201148033	False
COAD_VisiumHD_FFPE_to_CosMx6K	Benchmark_03	COAD	Visium HD FFPE	CosMx 6K	KLHL5	0.0015891693612149	0.0701039412920832	0.06851477193086829	0.2130676071842579	0.1803473544738508	-0.0327202527104071		0.5337859805984496	True	0.0129902772605419	False
COAD_VisiumHD_FFPE_to_CosMx6K	Benchmark_03	COAD	Visium HD FFPE	CosMx 6K	KMT2C	0.0010125642803445	-0.0147627342957149	-0.0157752985760594	0.2000855791570001	0.1440833774725921	-0.056002201684408004		0.711875167681739	True	-0.0046506985090672	False
COAD_VisiumHD_FFPE_to_CosMx6K	Benchmark_03	COAD	Visium HD FFPE	CosMx 6K	KRT8	-0.0329071034728195	0.4753735471430693	0.5082806506158888	0.6189727572741271	0.4453829264328017	-0.17358983084132545		0.7154922691308904	True	0.1065526381134986	False
COAD_VisiumHD_FFPE_to_CosMx6K	Benchmark_03	COAD	Visium HD FFPE	CosMx 6K	LAMA4	0.0045853822404168	0.4048232830744442	0.4002379008340274	0.3410359300089614	0.2861801108224546	-0.05485581918650678		0.5707485488508571	True	0.0199513956904411	False
COAD_VisiumHD_FFPE_to_CosMx6K	Benchmark_03	COAD	Visium HD FFPE	CosMx 6K	LAMA5	0.0056205767079003	0.0743282426847606	0.0687076659768603	0.2503023651652818	0.2095429850437582	-0.04075938012152361		0.5559582944127331	True	0.02586330473423	False
COAD_VisiumHD_FFPE_to_CosMx6K	Benchmark_03	COAD	Visium HD FFPE	CosMx 6K	LAMB1	0.004770432821707	0.2815242477066763	0.27675381488496925	0.3535632727963734	0.2868477787922038	-0.0667154940041696		0.5835648062191802	True	0.0150469727814197	False
COAD_VisiumHD_FFPE_to_CosMx6K	Benchmark_03	COAD	Visium HD FFPE	CosMx 6K	LAMB3	0.0079483182660961	0.151365251676289	0.1434169334101929	0.2688382021663625	0.2228704525167996	-0.045967749649562906		0.5726640035395569	True	0.037240345031023	False
COAD_VisiumHD_FFPE_to_CosMx6K	Benchmark_03	COAD	Visium HD FFPE	CosMx 6K	LAMC1	0.001574656207	0.1696107126539312	0.1680360564469312	0.3098880959197859	0.2216041774471703	-0.0882839184726156		0.6977727649098008	True	0.0235115755349397	False
COAD_VisiumHD_FFPE_to_CosMx6K	Benchmark_03	COAD	Visium HD FFPE	CosMx 6K	LAMP1	0.0102057386645983	0.1231218218569739	0.1129160831923756	0.3508165702280204	0.283318558803103	-0.06749801142491735		0.6048366480748525	True	0.0107394661754369	False
COAD_VisiumHD_FFPE_to_CosMx6K	Benchmark_03	COAD	Visium HD FFPE	CosMx 6K	LAMP2	0.0029178891118147	0.0029178891118147	0.0	0.2219536413506388	0.2219536413506388	0.0			False	-0.0041222381405532	False
COAD_VisiumHD_FFPE_to_CosMx6K	Benchmark_03	COAD	Visium HD FFPE	CosMx 6K	LAMTOR1	0.0018072616340547	0.063845743292639	0.062038481658584305	0.258979385813276	0.2071159722892592	-0.0518634135240168		0.6039144524930902	True	0.0070494599640369	False
COAD_VisiumHD_FFPE_to_CosMx6K	Benchmark_03	COAD	Visium HD FFPE	CosMx 6K	LAMTOR2	0.0017301019975507	0.1056086678534388	0.10387856585588809	0.2361446296289267	0.2126169387840166	-0.023527690844910104		0.4362463169133784	True	0.0137592116370797	False
COAD_VisiumHD_FFPE_to_CosMx6K	Benchmark_03	COAD	Visium HD FFPE	CosMx 6K	LAMTOR3	0.0050972233353226	0.0287872892682615	0.0236900659329389	0.2109952426467603	0.1847616662105079	-0.026233576436252404		0.4829688314987709	True	-0.0007410905091091	False
COAD_VisiumHD_FFPE_to_CosMx6K	Benchmark_03	COAD	Visium HD FFPE	CosMx 6K	LAMTOR4	0.0046362778708811	0.0448351572915959	0.0401988794207148	0.2825559498420747	0.2466826623089209	-0.0358732875331538		0.4889381005182044	True	-0.0068935388699173	False
COAD_VisiumHD_FFPE_to_CosMx6K	Benchmark_03	COAD	Visium HD FFPE	CosMx 6K	LANCL1	0.0056032237159091	0.0279726425358198	0.0223694188199107	0.2044142435099289	0.1798299182854698	-0.024584325224459108		0.47549417497718	True	0.0052609299309551	False
COAD_VisiumHD_FFPE_to_CosMx6K	Benchmark_03	COAD	Visium HD FFPE	CosMx 6K	LAPTM4A	0.0060289091105372	0.0851449387487795	0.0791160296382423	0.2848698921578655	0.2515113982335791	-0.033358493924286414		0.4739230522543877	True	0.0043348665349185	False
COAD_VisiumHD_FFPE_to_CosMx6K	Benchmark_03	COAD	Visium HD FFPE	CosMx 6K	LAPTM4B	0.0101191457975494	0.2068866538193825	0.1967675080218331	0.3308925112041212	0.2786277326185685	-0.05226477858555273		0.5465689962752485	True	0.0374935790896415	False
COAD_VisiumHD_FFPE_to_CosMx6K	Benchmark_03	COAD	Visium HD FFPE	CosMx 6K	LAPTM5	0.0052516433337503	0.3914158575996527	0.3861642142659024	0.3091995615084381	0.2481823323140413	-0.06101722919439678		0.6065763147290654	True	0.0161736886948347	False
COAD_VisiumHD_FFPE_to_CosMx6K	Benchmark_03	COAD	Visium HD FFPE	CosMx 6K	LBR	0.0074617565853797	0.0880406513962342	0.08057889481085449	0.2423889156887683	0.2032191597686092	-0.039169755920159116		0.5553408367116167	True	0.0112951090559363	False
COAD_VisiumHD_FFPE_to_CosMx6K	Benchmark_03	COAD	Visium HD FFPE	CosMx 6K	LCN2	-0.0199610629308895	0.5217193541474542	0.5416804170783437	0.7057843509888304	0.3711153132478724	-0.334669037740958		0.8462441560254144	True	0.3085909485816955	True
COAD_VisiumHD_FFPE_to_CosMx6K	Benchmark_03	COAD	Visium HD FFPE	CosMx 6K	LCOR	0.0068295936960258	0.0308807449679431	0.0240511512719173	0.2456997022138654	0.2048093670404098	-0.04089033517345558		0.5623542491783146	True	0.0313574559986591	False
COAD_VisiumHD_FFPE_to_CosMx6K	Benchmark_03	COAD	Visium HD FFPE	CosMx 6K	LCP1	0.0013542087803065	0.1869981929327081	0.1856439841524016	0.2840464826737022	0.2229987075391347	-0.061047775134567495		0.6182513403700628	True	0.0192561540752649	False
COAD_VisiumHD_FFPE_to_CosMx6K	Benchmark_03	COAD	Visium HD FFPE	CosMx 6K	LDB1	0.0037242566075361	-0.0325918845309644	-0.0363161411385005	0.2163638784531041	0.1795705161629753	-0.03679336229012878		0.5565950397940078	True	0.0015139306196942	False
COAD_VisiumHD_FFPE_to_CosMx6K	Benchmark_03	COAD	Visium HD FFPE	CosMx 6K	LDLR	-0.0104347307064161	0.2497186686878111	0.2601533993942272	0.3132191485290359	0.2578442118101214	-0.05537493671891447		0.5686277564178701	True	0.0250193197280168	False
COAD_VisiumHD_FFPE_to_CosMx6K	Benchmark_03	COAD	Visium HD FFPE	CosMx 6K	LGALS1	0.002998693449911	0.526526202301008	0.523527508851097	0.5795826888865273	0.3700281118053618	-0.20955457708116548		0.7626543808750738	True	0.0910846218466758	False
COAD_VisiumHD_FFPE_to_CosMx6K	Benchmark_03	COAD	Visium HD FFPE	CosMx 6K	LGALS2	0.036856426923929	0.2188440867915274	0.1819876598675984	0.3630654157675177	0.3067383998769379	-0.05632701589057981		0.5488208195097032	True	0.0820744633674621	False
COAD_VisiumHD_FFPE_to_CosMx6K	Benchmark_03	COAD	Visium HD FFPE	CosMx 6K	LGALS3	-0.0090831421710612	0.2742531100154399	0.2833362521865011	0.490553476735822	0.3832875690381535	-0.10726590769766853		0.7116485140019982	True	0.0892326235771179	False
COAD_VisiumHD_FFPE_to_CosMx6K	Benchmark_03	COAD	Visium HD FFPE	CosMx 6K	LGALS3BP	0.0047001579022979	0.2253902234875269	0.220690065585229	0.3845355570740396	0.3303592791836548	-0.05417627789038476		0.5147397597973222	True	0.012822650372982	False
COAD_VisiumHD_FFPE_to_CosMx6K	Benchmark_03	COAD	Visium HD FFPE	CosMx 6K	LGMN	-0.0006136362471939	0.1671969137311024	0.1678105499782963	0.2680521057102653	0.2169461568510832	-0.05110594885918207		0.5851750633170254	True	0.0032656225375831	False
COAD_VisiumHD_FFPE_to_CosMx6K	Benchmark_03	COAD	Visium HD FFPE	CosMx 6K	LGR4	0.0015030396399197	0.0499801538445314	0.048477114204611704	0.2313180445852052	0.1999019795821257	-0.0314160650030795		0.5042608373387623	True	0.0027054981328547	False
COAD_VisiumHD_FFPE_to_CosMx6K	Benchmark_03	COAD	Visium HD FFPE	CosMx 6K	LGR5	0.0192205654121828	0.0603684697925907	0.0411479043804079	0.2624696591223019	0.2156320838286785	-0.046837575293623424		0.6210496535679307	True	0.0724454373121261	False
COAD_VisiumHD_FFPE_to_CosMx6K	Benchmark_03	COAD	Visium HD FFPE	CosMx 6K	LIG1	0.0120547399988703	0.0800130736407878	0.0679583336419175	0.2696131347143229	0.2404918968632417	-0.0291212378510812		0.4501100650486357	True	0.0199574287980794	False
COAD_VisiumHD_FFPE_to_CosMx6K	Benchmark_03	COAD	Visium HD FFPE	CosMx 6K	LIMK2	3.466253705105948e-05	0.0377158609505092	0.03768119841345814	0.2093060235419522	0.1753565030032092	-0.033949520538743005		0.5476687714508477	True	0.0030211301054805	False
COAD_VisiumHD_FFPE_to_CosMx6K	Benchmark_03	COAD	Visium HD FFPE	CosMx 6K	LITAF	-0.00267432501489	0.1339577751184916	0.13663210013338162	0.317107491658289	0.2549056417886925	-0.06220184986959648		0.5875704169316877	True	0.0017702878685668	False
COAD_VisiumHD_FFPE_to_CosMx6K	Benchmark_03	COAD	Visium HD FFPE	CosMx 6K	LMAN1	-0.0040725531964244	-0.0066478246734732	-0.0025752714770488003	0.2633148340527557	0.2138200751376703	-0.049494758915085396		0.5763455665218278	True	0.0240004528313875	False
COAD_VisiumHD_FFPE_to_CosMx6K	Benchmark_03	COAD	Visium HD FFPE	CosMx 6K	LMAN2	0.0051154160513749	0.0823800299777358	0.0772646139263609	0.3249256412600562	0.2618022692851747	-0.06312337197488149		0.6047832088552534	True	0.0077225780114531	False
COAD_VisiumHD_FFPE_to_CosMx6K	Benchmark_03	COAD	Visium HD FFPE	CosMx 6K	LMNA	0.0075932467166642	0.345032537656037	0.33743929093937275	0.5474476380981097	0.4458874855998538	-0.1015601524982559		0.5866096497761283	True	0.027994230389595	False
COAD_VisiumHD_FFPE_to_CosMx6K	Benchmark_03	COAD	Visium HD FFPE	CosMx 6K	LMNB1	0.0241106463269424	0.1163311485026614	0.09222050217571899	0.3299429956795608	0.2851608276236606	-0.04478216805590024		0.5068707763491447	True	0.0221402253955602	False
COAD_VisiumHD_FFPE_to_CosMx6K	Benchmark_03	COAD	Visium HD FFPE	CosMx 6K	LMO7	0.0098661939660925	0.0767125207395518	0.06684632677345931	0.2618067018808918	0.2283688097136667	-0.03343789216722509		0.4899034533982065	True	0.0243517830967903	False
COAD_VisiumHD_FFPE_to_CosMx6K	Benchmark_03	COAD	Visium HD FFPE	CosMx 6K	LOXL2	0.0015390905536841	0.4277578516531315	0.4262187610994474	0.3426590891762525	0.2462164274610289	-0.09644266171522359		0.6951422031653405	True	0.0547257326543331	False
COAD_VisiumHD_FFPE_to_CosMx6K	Benchmark_03	COAD	Visium HD FFPE	CosMx 6K	LRBA	0.0071974972606678	0.0148996093958307	0.0077021121351629	0.2202856551637009	0.1967780894166668	-0.02350756574703411		0.4484600727792441	True	0.013037122786045	False
COAD_VisiumHD_FFPE_to_CosMx6K	Benchmark_03	COAD	Visium HD FFPE	CosMx 6K	LRIG1	0.0105739112253515	0.0014215667588839	-0.0091523444664676	0.2405194942461308	0.200332768800852	-0.04018672544527882		0.5621686525636282	True	0.0143970670178532	False
COAD_VisiumHD_FFPE_to_CosMx6K	Benchmark_03	COAD	Visium HD FFPE	CosMx 6K	LRP1	0.0061879655860309	0.1676382865663909	0.16145032098036	0.3263021387920428	0.2713841544059713	-0.05491798438607148		0.5531365131042711	True	0.0207581855356693	False
COAD_VisiumHD_FFPE_to_CosMx6K	Benchmark_03	COAD	Visium HD FFPE	CosMx 6K	LRP5	0.0049287467527381	0.058214896066169	0.053286149313430904	0.2320411100536921	0.1969289656419801	-0.03511214441171201		0.5345224720901972	True	0.0135080711916089	False
COAD_VisiumHD_FFPE_to_CosMx6K	Benchmark_03	COAD	Visium HD FFPE	CosMx 6K	LRP6	0.004052373063694	0.0115725599764207	0.0075201869127267005	0.2176317067454619	0.1936712024036557	-0.023960504341806188		0.4553054039100863	True	0.0166541952639818	False
COAD_VisiumHD_FFPE_to_CosMx6K	Benchmark_03	COAD	Visium HD FFPE	CosMx 6K	LRPAP1	-0.0009365663162527	0.1181240514614511	0.1190606177777038	0.3159458467746515	0.271704797359689	-0.044241049414962486		0.5099561205645645	True	0.0042787306010723	False
COAD_VisiumHD_FFPE_to_CosMx6K	Benchmark_03	COAD	Visium HD FFPE	CosMx 6K	LRPPRC	0.0075353759128959	0.1611116457696228	0.1535762698567269	0.299012067637307	0.2504665589472548	-0.0485455086900522		0.5587290506498086	True	0.046968474984169	False
COAD_VisiumHD_FFPE_to_CosMx6K	Benchmark_03	COAD	Visium HD FFPE	CosMx 6K	LRRC41	0.0029365799778382	0.0029365799778382	0.0	0.224814919639371	0.224814919639371	0.0			False	0.01987786591053	False
COAD_VisiumHD_FFPE_to_CosMx6K	Benchmark_03	COAD	Visium HD FFPE	CosMx 6K	LSM6	0.0089562164843762	0.0810954554508028	0.0721392389664266	0.2232886880483477	0.1841041877909227	-0.03918450025742501		0.5769342115149121	True	0.0147765465080738	False
COAD_VisiumHD_FFPE_to_CosMx6K	Benchmark_03	COAD	Visium HD FFPE	CosMx 6K	LSM7	0.0107939411321127	0.2135142748748174	0.20272033374270468	0.3250637315279457	0.2796734480372564	-0.0453902834906893		0.5096594320200277	True	0.0253098011016845	False
COAD_VisiumHD_FFPE_to_CosMx6K	Benchmark_03	COAD	Visium HD FFPE	CosMx 6K	LSM8	0.0020618841729846	0.0035048926652227	0.0014430084922381	0.1956542209210335	0.1664810191602881	-0.029173201760745393		0.5259156153931842	True	-0.0050122360698878	False
COAD_VisiumHD_FFPE_to_CosMx6K	Benchmark_03	COAD	Visium HD FFPE	CosMx 6K	LSR	0.0074770416429964	0.2121818998974481	0.2047048582544517	0.2954195434016399	0.2652388600044282	-0.030180683397211694		0.4365988748373531	True	-0.0040699141100049	False
COAD_VisiumHD_FFPE_to_CosMx6K	Benchmark_03	COAD	Visium HD FFPE	CosMx 6K	LTA4H	0.0057122622283919	0.0568677055187326	0.051155443290340705	0.2272975313920721	0.1734887863855081	-0.05380874500656399		0.6923727652825505	True	0.0355909988284111	False
COAD_VisiumHD_FFPE_to_CosMx6K	Benchmark_03	COAD	Visium HD FFPE	CosMx 6K	LTBR	0.0009124896115323	0.0998264065434401	0.0989139169319078	0.2549933723674083	0.226739370164688	-0.028254002202720313		0.4594814583225639	True	0.0190486796200275	False
COAD_VisiumHD_FFPE_to_CosMx6K	Benchmark_03	COAD	Visium HD FFPE	CosMx 6K	LUM	-0.0077766104915209	0.560019675592991	0.5677962860845119	0.5111739221431819	0.3538649966917412	-0.1573089254514407		0.7505898771789589	True	0.1503088325262069	False
COAD_VisiumHD_FFPE_to_CosMx6K	Benchmark_03	COAD	Visium HD FFPE	CosMx 6K	LY6E	0.0019541415866251	0.1612777213931074	0.1593235798064823	0.2987713983575045	0.2577440502258213	-0.04102734813168318		0.5057457656893792	True	0.0241806395351886	False
COAD_VisiumHD_FFPE_to_CosMx6K	Benchmark_03	COAD	Visium HD FFPE	CosMx 6K	LYZ	-0.0043607794753924	0.3484359211247593	0.35279670060015167	0.3907332683684228	0.2923347641716363	-0.09839850419678653		0.6579111024511858	True	0.0230518579483032	False
COAD_VisiumHD_FFPE_to_CosMx6K	Benchmark_03	COAD	Visium HD FFPE	CosMx 6K	MAGED1	0.001033242695644	0.0721271371396002	0.0710938944439562	0.245584701816075	0.2036978387454177	-0.04188686307065731		0.5568603347640109	True	0.0014447676949203	False
COAD_VisiumHD_FFPE_to_CosMx6K	Benchmark_03	COAD	Visium HD FFPE	CosMx 6K	MAGED2	0.0073401241962517	0.038760558522712	0.0314204343264603	0.3553820810340696	0.295050207551069	-0.06033187348300062		0.5635299205145823	True	0.0226107593625783	False
COAD_VisiumHD_FFPE_to_CosMx6K	Benchmark_03	COAD	Visium HD FFPE	CosMx 6K	MAGT1	0.0030871770513568	-0.0027951341612733	-0.0058823112126301005	0.2133407507291103	0.1855969197828777	-0.02774383094623259		0.493245902173224	True	0.0021864050067961	False
COAD_VisiumHD_FFPE_to_CosMx6K	Benchmark_03	COAD	Visium HD FFPE	CosMx 6K	MAML1	0.0034900426760547	-0.005651061348013	-0.0091411040240677	0.2258782357786011	0.2013128202598522	-0.024565415518748912		0.4534768716139141	True	0.0034578114282339	False
COAD_VisiumHD_FFPE_to_CosMx6K	Benchmark_03	COAD	Visium HD FFPE	CosMx 6K	MAN1A1	-0.0007338930532474	0.0363207313538302	0.0370546244070776	0.2378245100466795	0.1988503296321765	-0.03897418041450301		0.5471408709601846	True	0.0043873493559658	False
COAD_VisiumHD_FFPE_to_CosMx6K	Benchmark_03	COAD	Visium HD FFPE	CosMx 6K	MAN2A1	0.005030367176761	0.0103413078266858	0.005310940649924801	0.2318138951916306	0.2009048612146306	-0.030909033976999983		0.4990430650269967	True	0.0145963933318853	False
COAD_VisiumHD_FFPE_to_CosMx6K	Benchmark_03	COAD	Visium HD FFPE	CosMx 6K	MANF	-0.0009230633131302	0.0871695813393788	0.088092644652509	0.3062252563314586	0.2524934891202641	-0.05373176721119449		0.5628076546990488	True	0.0281158816069364	False
COAD_VisiumHD_FFPE_to_CosMx6K	Benchmark_03	COAD	Visium HD FFPE	CosMx 6K	MAP2K2	-0.0004565581698116	0.0746900772988399	0.07514663546865151	0.2442683895616858	0.2032361841375353	-0.04103220542415051		0.5529838222375028	True	0.0044089825823903	False
COAD_VisiumHD_FFPE_to_CosMx6K	Benchmark_03	COAD	Visium HD FFPE	CosMx 6K	MAP3K20	0.0041332407988109	0.061419472467208	0.057286231668397095	0.2090065846852404	0.1778373851559272	-0.031169199529313185		0.5250054932741408	True	0.0001745697518344	False
COAD_VisiumHD_FFPE_to_CosMx6K	Benchmark_03	COAD	Visium HD FFPE	CosMx 6K	MAP4	0.0040163159031793	0.0049580699879105	0.0009417540847311999	0.2202793117286029	0.1358140816642815	-0.08446523006432141		0.8940814505744257	True	0.0080456342548131	False
COAD_VisiumHD_FFPE_to_CosMx6K	Benchmark_03	COAD	Visium HD FFPE	CosMx 6K	MAP4K4	0.0024046338152786	0.0300172444630115	0.027612610647732898	0.2542211102268472	0.2147384469074535	-0.03948266331939368		0.5349943991162129	True	0.0089580938220024	False
COAD_VisiumHD_FFPE_to_CosMx6K	Benchmark_03	COAD	Visium HD FFPE	CosMx 6K	MAP7	0.0052574400520553	0.1127893634844003	0.107531923432345	0.256643457183096	0.2178570228459706	-0.03878643433712539		0.529465406081578	True	-0.0029210401698946	False
COAD_VisiumHD_FFPE_to_CosMx6K	Benchmark_03	COAD	Visium HD FFPE	CosMx 6K	MAPK1	0.0046591289165266	0.037573815240162	0.032914686323635395	0.2408511903841699	0.2063395232094423	-0.03451166717472762		0.5160440023014145	True	0.0046005728654563	False
COAD_VisiumHD_FFPE_to_CosMx6K	Benchmark_03	COAD	Visium HD FFPE	CosMx 6K	MAPK13	0.0054696889832197	0.1538888483216563	0.1484191593384366	0.2897482996436718	0.2457940099802799	-0.04395428966339193		0.5336152366919548	True	0.0206520315259695	False
COAD_VisiumHD_FFPE_to_CosMx6K	Benchmark_03	COAD	Visium HD FFPE	CosMx 6K	MAPK14	0.0041704653645804	0.0303439395541224	0.026173474189542002	0.2387939813824426	0.2164601057804099	-0.022333875602032704		0.420587440714403	True	0.0088048754259943	False
COAD_VisiumHD_FFPE_to_CosMx6K	Benchmark_03	COAD	Visium HD FFPE	CosMx 6K	MAPK3	0.001121255099338	0.0461507635062425	0.0450295084069045	0.2111297782996406	0.1695073861520178	-0.04162239214762281		0.5969932950005095	True	-0.0095408074557781	False
COAD_VisiumHD_FFPE_to_CosMx6K	Benchmark_03	COAD	Visium HD FFPE	CosMx 6K	MAPKAPK2	-0.0030373286510368	-0.0046004471907463	-0.0015631185397095002	0.2523255657013274	0.1835561096105715	-0.06876945609075591		0.6774789678581263	True	0.0046114968135952	False
COAD_VisiumHD_FFPE_to_CosMx6K	Benchmark_03	COAD	Visium HD FFPE	CosMx 6K	MAPRE1	0.0068389097729884	0.13189219466761	0.1250532848946216	0.2902715080289061	0.2644439598459241	-0.025827548182981996		0.4117538062597343	True	-0.0015320956008508	False
COAD_VisiumHD_FFPE_to_CosMx6K	Benchmark_03	COAD	Visium HD FFPE	CosMx 6K	MARCKS	0.008181189367463	0.159758756678792	0.151577567311329	0.4193774416122111	0.3793394778667943	-0.040037963745416794		0.4431340807794074	True	0.0102557614445686	False
COAD_VisiumHD_FFPE_to_CosMx6K	Benchmark_03	COAD	Visium HD FFPE	CosMx 6K	MARCKSL1	-0.0029711868360075	0.1691343506791053	0.1721055375151128	0.303521752446955	0.2742824622413963	-0.02923929020555871		0.4436720395884482	True	-0.0002861250541172	False
COAD_VisiumHD_FFPE_to_CosMx6K	Benchmark_03	COAD	Visium HD FFPE	CosMx 6K	MAVS	0.0070545744854218	0.0662021963428273	0.0591476218574055	0.2103556396829826	0.175096211865834	-0.03525942781714861		0.5606975028122794	True	0.0114193903282284	False
COAD_VisiumHD_FFPE_to_CosMx6K	Benchmark_03	COAD	Visium HD FFPE	CosMx 6K	MAX	0.0023957097655227	0.0149720621424479	0.0125763523769252	0.3035461328626496	0.2825277466691995	-0.02101838619345009		0.3776336910081066	True	-0.0015020716236904	False
COAD_VisiumHD_FFPE_to_CosMx6K	Benchmark_03	COAD	Visium HD FFPE	CosMx 6K	MBIP	0.0103649472963122	0.001895394660975	-0.0084695526353372	0.2343436648970732	0.1992330612808637	-0.03511060361620949		0.539594988685987	True	0.0379634052515029	False
COAD_VisiumHD_FFPE_to_CosMx6K	Benchmark_03	COAD	Visium HD FFPE	CosMx 6K	MBNL1	-0.0006087383969793	-0.0126977666587077	-0.012089028261728401	0.2363632163129211	0.1879379271556877	-0.0484252891572334		0.6037348855195567	True	0.000387153122574	False
COAD_VisiumHD_FFPE_to_CosMx6K	Benchmark_03	COAD	Visium HD FFPE	CosMx 6K	MBNL3	0.0056001954321748	0.0833208110912366	0.0777206156590618	0.2158311817239346	0.1879353224778708	-0.027895859246063803		0.4928777932293578	True	0.0254877284169197	False
COAD_VisiumHD_FFPE_to_CosMx6K	Benchmark_03	COAD	Visium HD FFPE	CosMx 6K	MBOAT7	0.0049138562690078	0.0853487229853422	0.0804348667163344	0.2442085176458257	0.2149892898749222	-0.029219227770903522		0.4738261139372703	True	0.0119966678321361	False
COAD_VisiumHD_FFPE_to_CosMx6K	Benchmark_03	COAD	Visium HD FFPE	CosMx 6K	MBTPS1	-0.0013610240909376	-0.0013610240909376	0.0	0.231967984682183	0.231967984682183	0.0			False	-0.0073361047543585	False
COAD_VisiumHD_FFPE_to_CosMx6K	Benchmark_03	COAD	Visium HD FFPE	CosMx 6K	MCAM	0.0028411780769597	0.3639108819813631	0.3610697039044034	0.2653581945912203	0.1909404879079485	-0.0744177066832718		0.6927800054182968	True	0.0422671511769294	False
COAD_VisiumHD_FFPE_to_CosMx6K	Benchmark_03	COAD	Visium HD FFPE	CosMx 6K	MCL1	-0.0061768938621405	0.2594342024765229	0.26561109633866337	0.5217541311744645	0.442151765523698	-0.07960236565076645		0.5465121675441823	True	0.0273316148668527	False
COAD_VisiumHD_FFPE_to_CosMx6K	Benchmark_03	COAD	Visium HD FFPE	CosMx 6K	MCM2	0.0113406016308948	0.0647186908499663	0.0533780892190715	0.215068285605588	0.1802737767191009	-0.03479450888648711		0.555528858744963	True	0.033841997385025	False
COAD_VisiumHD_FFPE_to_CosMx6K	Benchmark_03	COAD	Visium HD FFPE	CosMx 6K	MCM3	0.0109645435689715	0.1174820840303241	0.1065175404613526	0.2508448566705358	0.2251879138324678	-0.025656942838067992		0.4384200496133887	True	0.0250012278556823	False
COAD_VisiumHD_FFPE_to_CosMx6K	Benchmark_03	COAD	Visium HD FFPE	CosMx 6K	MCM4	0.0092915503083627	0.0676729241350462	0.05838137382668351	0.2670298743873074	0.2237397171852813	-0.043290157202026114		0.567379771348224	True	0.04469695687294	False
COAD_VisiumHD_FFPE_to_CosMx6K	Benchmark_03	COAD	Visium HD FFPE	CosMx 6K	MCM5	0.0069411859765535	0.0493564696432523	0.0424152836666988	0.22052455710924	0.1933437639050628	-0.027180793204177184		0.4809046518084622	True	0.0087159499526023	False
COAD_VisiumHD_FFPE_to_CosMx6K	Benchmark_03	COAD	Visium HD FFPE	CosMx 6K	MCM6	0.0093184991208211	0.0497910355294979	0.040472536408676804	0.2271620787326224	0.2017892858748458	-0.025372792857776605		0.45826170552518	True	0.0243577267974615	False
COAD_VisiumHD_FFPE_to_CosMx6K	Benchmark_03	COAD	Visium HD FFPE	CosMx 6K	MCM7	0.0169490172809319	0.1307883114777759	0.113839294196844	0.2878754683443035	0.2452101943857755	-0.04266527395852801		0.5296825321945263	True	0.044392205774784	False
COAD_VisiumHD_FFPE_to_CosMx6K	Benchmark_03	COAD	Visium HD FFPE	CosMx 6K	MCRS1	0.0017962339427984	0.0266582483966894	0.024862014453891	0.1911322392417366	0.1507473229580337	-0.040384916283702915		0.6189549470199277	True	0.0009652021108195	False
COAD_VisiumHD_FFPE_to_CosMx6K	Benchmark_03	COAD	Visium HD FFPE	CosMx 6K	MDH2	-0.0006941297434642	0.2539432983043065	0.25463742804777073	0.3497810672653451	0.3255013746432917	-0.024279692622053373		0.3728724010389789	True	0.0289763230830431	False
COAD_VisiumHD_FFPE_to_CosMx6K	Benchmark_03	COAD	Visium HD FFPE	CosMx 6K	MDK	0.0230372039853382	0.1866964408442581	0.1636592368589199	0.3845728352707807	0.3558336820793714	-0.028739153191409295		0.3804164385179888	True	0.0160384774208068	False
COAD_VisiumHD_FFPE_to_CosMx6K	Benchmark_03	COAD	Visium HD FFPE	CosMx 6K	MDM2	0.0018877353391719	0.0885520518358601	0.0866643164966882	0.2124026782730524	0.1690543394606629	-0.0433483388123895		0.6058759519614787	True	0.0126514695584774	False
COAD_VisiumHD_FFPE_to_CosMx6K	Benchmark_03	COAD	Visium HD FFPE	CosMx 6K	MDM4	0.0065169021171606	-0.0320866277110196	-0.038603529828180196	0.2504439100632513	0.197133424518204	-0.053310485545047276		0.6339268803410064	True	0.0108928950503468	False
COAD_VisiumHD_FFPE_to_CosMx6K	Benchmark_03	COAD	Visium HD FFPE	CosMx 6K	MEA1	0.0016258975998417	0.0603422169973677	0.058716319397526	0.2283613040935711	0.2060057319095828	-0.022355572183988315		0.4333531152204931	True	0.0129953892901539	False
COAD_VisiumHD_FFPE_to_CosMx6K	Benchmark_03	COAD	Visium HD FFPE	CosMx 6K	MED13L	0.0007149131620808	-0.016836794381222	-0.017551707543302802	0.1839595051214679	0.1515364148782871	-0.0324230902431808		0.5680635473562261	True	0.0022635967470705	False
COAD_VisiumHD_FFPE_to_CosMx6K	Benchmark_03	COAD	Visium HD FFPE	CosMx 6K	MED25	0.0014895316033035	0.0055927754941631	0.0041032438908596	0.234055666490838	0.2074909831985106	-0.026564683292327418		0.4628769371110874	True	0.0003417019906919	False
COAD_VisiumHD_FFPE_to_CosMx6K	Benchmark_03	COAD	Visium HD FFPE	CosMx 6K	MEF2D	-0.0025565119329369	0.0663389242055071	0.06889543613844401	0.2279963039810456	0.1988503069109348	-0.029145997070110785		0.4963829154789251	True	-0.0078704403713345	False
COAD_VisiumHD_FFPE_to_CosMx6K	Benchmark_03	COAD	Visium HD FFPE	CosMx 6K	MFAP2	0.0002084425708916	0.1519824997643991	0.1517740571935075	0.2275535612429678	0.1866217594106398	-0.040931801832328		0.5717169812619424	True	0.020250029861927	False
COAD_VisiumHD_FFPE_to_CosMx6K	Benchmark_03	COAD	Visium HD FFPE	CosMx 6K	MFGE8	-0.0011689799118447	0.3131572343964348	0.3143262143082795	0.3131683140791952	0.2778078485392158	-0.0353604655399794		0.4820056948483118	True	0.0121361557394266	False
COAD_VisiumHD_FFPE_to_CosMx6K	Benchmark_03	COAD	Visium HD FFPE	CosMx 6K	MGAT1	-0.0006379544724998	0.0915631385490812	0.092201093021581	0.2677168302884312	0.2309123459351826	-0.036804484353248595		0.5082463901768886	True	0.0005770343123003	False
COAD_VisiumHD_FFPE_to_CosMx6K	Benchmark_03	COAD	Visium HD FFPE	CosMx 6K	MGAT4A	0.0029756509225142	0.0200481950037339	0.0170725440812197	0.2027944795013232	0.1675861866202374	-0.03520829288108582		0.5653131457807853	True	0.0096332794055342	False
COAD_VisiumHD_FFPE_to_CosMx6K	Benchmark_03	COAD	Visium HD FFPE	CosMx 6K	MGST3	0.017021003834963	0.1015919130155917	0.0845709091806287	0.3438454283696975	0.2986561424900097	-0.04518928587968779		0.4961677294397644	True	0.0285964198410511	False
COAD_VisiumHD_FFPE_to_CosMx6K	Benchmark_03	COAD	Visium HD FFPE	CosMx 6K	MIB1	0.0077837794839984	0.0076248886812357	-0.00015889080276270014	0.2425757084149216	0.2202738861472581	-0.0223018222676635		0.4218671390988824	True	-0.0034137740731239	False
COAD_VisiumHD_FFPE_to_CosMx6K	Benchmark_03	COAD	Visium HD FFPE	CosMx 6K	MIF	0.0008911235865932	0.3783306470505433	0.3774395234639501	0.5167359782307	0.4730561441963742	-0.04367983403432585		0.4112316695180607	True	0.0267649628221988	False
COAD_VisiumHD_FFPE_to_CosMx6K	Benchmark_03	COAD	Visium HD FFPE	CosMx 6K	MKI67	0.009826383817417	0.0484580474601201	0.038631663642703096	0.2119072655896242	0.172704958619851	-0.0392023069697732		0.5992577778170985	True	0.0329792350530624	False
COAD_VisiumHD_FFPE_to_CosMx6K	Benchmark_03	COAD	Visium HD FFPE	CosMx 6K	MKNK2	0.0044716405371724	0.1256040069324843	0.1211323663953119	0.2526750267205602	0.2247942799885489	-0.027880746732011297		0.4575522058608153	True	0.0237918645143508	False
COAD_VisiumHD_FFPE_to_CosMx6K	Benchmark_03	COAD	Visium HD FFPE	CosMx 6K	MLEC	0.0437757953684058	0.2319486270500194	0.18817283168161358	0.4799007523199789	0.4037692670576587	-0.07613148526232022		0.5779958147472587	True	0.1024003028869628	False
COAD_VisiumHD_FFPE_to_CosMx6K	Benchmark_03	COAD	Visium HD FFPE	CosMx 6K	MLLT3	0.0010902388986327	0.017250581951449	0.0161603430528163	0.1814448744260819	0.1517753324221387	-0.0296695420039432		0.5501982096621159	True	0.005826270673424	False
COAD_VisiumHD_FFPE_to_CosMx6K	Benchmark_03	COAD	Visium HD FFPE	CosMx 6K	MLX	-0.0005376319507659	0.0631329950664198	0.06367062701718569	0.240999231310644	0.2199868110605019	-0.021012420250142078		0.4140133034919171	True	0.0105697307735681	False
COAD_VisiumHD_FFPE_to_CosMx6K	Benchmark_03	COAD	Visium HD FFPE	CosMx 6K	MMP11	0.0042293964902338	0.1986010219604099	0.1943716254701761	0.27808280960809	0.2286834407605688	-0.04939936884752122		0.5756541266021806	True	0.0896064192056655	False
COAD_VisiumHD_FFPE_to_CosMx6K	Benchmark_03	COAD	Visium HD FFPE	CosMx 6K	MMP14	0.0104707623323679	0.4679607133841815	0.4574899510518136	0.4477766615145644	0.3288891916509974	-0.11888746986356702		0.6819689243573863	True	0.091244600713253	False
COAD_VisiumHD_FFPE_to_CosMx6K	Benchmark_03	COAD	Visium HD FFPE	CosMx 6K	MMP2	0.0034324797155639	0.554120726897303	0.550688247181739	0.5684963588449584	0.3157379121960317	-0.2527584466489267		0.8221288446919	True	0.2083842009305954	True
COAD_VisiumHD_FFPE_to_CosMx6K	Benchmark_03	COAD	Visium HD FFPE	CosMx 6K	MOGS	0.0009152896002562	0.0263292690440187	0.025413979443762502	0.2504214483165078	0.2270657469689254	-0.023355701347582414		0.4245019790469186	True	-0.0075346236117184	False
COAD_VisiumHD_FFPE_to_CosMx6K	Benchmark_03	COAD	Visium HD FFPE	CosMx 6K	MPC2	0.0072928561888072	0.064886064737637	0.0575932085488298	0.2031570122389522	0.1662886244908487	-0.0368683877481035		0.5873757127014791	True	0.0040171649307012	False
COAD_VisiumHD_FFPE_to_CosMx6K	Benchmark_03	COAD	Visium HD FFPE	CosMx 6K	MPV17	0.0029676480208683	0.0029676480208683	0.0	0.2225623167843519	0.2225623167843519	0.0			False	-0.0088908541947603	False
COAD_VisiumHD_FFPE_to_CosMx6K	Benchmark_03	COAD	Visium HD FFPE	CosMx 6K	MPZL1	0.003472763958527	0.0581197777882364	0.0546470138297094	0.2457619796842588	0.223342220106287	-0.02241975957797182		0.4179756776085994	True	0.0097881592810153	False
COAD_VisiumHD_FFPE_to_CosMx6K	Benchmark_03	COAD	Visium HD FFPE	CosMx 6K	MRC2	-0.0043345627934164	0.2170841567448906	0.221418719538307	0.2495177659044714	0.1876906301554476	-0.06182713574902379		0.6555667854664741	True	0.0412277355790138	False
COAD_VisiumHD_FFPE_to_CosMx6K	Benchmark_03	COAD	Visium HD FFPE	CosMx 6K	MS4A6A	0.0011853019819506	0.2163119552065176	0.215126653224567	0.221708158895155	0.1729709087565225	-0.048737250138632504		0.6260275120984445	True	0.009300242178142	False
COAD_VisiumHD_FFPE_to_CosMx6K	Benchmark_03	COAD	Visium HD FFPE	CosMx 6K	MSH6	0.0046928883802177	0.0089993949091492	0.004306506528931499	0.2110347725540931	0.1853039920822343	-0.025730780471858783		0.4789530929466117	True	0.0147248385474085	False
COAD_VisiumHD_FFPE_to_CosMx6K	Benchmark_03	COAD	Visium HD FFPE	CosMx 6K	MSL1	0.0048809594384165	-0.0057552771995767	-0.0106362366379932	0.208144015167717	0.1822345159736713	-0.0259094991940457		0.4832598549931027	True	-0.000216275191633	False
COAD_VisiumHD_FFPE_to_CosMx6K	Benchmark_03	COAD	Visium HD FFPE	CosMx 6K	MSN	0.0013449268219183	0.2811797724808506	0.2798348456589323	0.2777106657341934	0.2201017454324591	-0.057608920301734284		0.611324483118335	True	0.0346453487873077	False
COAD_VisiumHD_FFPE_to_CosMx6K	Benchmark_03	COAD	Visium HD FFPE	CosMx 6K	MTA1	0.0053761121768693	0.0635874537898561	0.0582113416129868	0.2406080360117274	0.2025962147186507	-0.0380118212930767		0.5441485602601063	True	0.0264008603990077	False
COAD_VisiumHD_FFPE_to_CosMx6K	Benchmark_03	COAD	Visium HD FFPE	CosMx 6K	MUC2	-0.0435331457721397	0.4516385156769386	0.49517166144907826	0.5792007757743548	0.2976528892446226	-0.2815478865297322		0.8661349256458328	True	0.3527842760086059	True
COAD_VisiumHD_FFPE_to_CosMx6K	Benchmark_03	COAD	Visium HD FFPE	CosMx 6K	MVD	-0.0035990452964429	0.2209826819308291	0.224581727227272	0.2555677204722569	0.2262994397174748	-0.029268280754782106		0.4633444774220958	True	0.0346650443971157	False
COAD_VisiumHD_FFPE_to_CosMx6K	Benchmark_03	COAD	Visium HD FFPE	CosMx 6K	MXRA8	0.0023012229325432	0.2504686056139107	0.2481673826813675	0.2656814819786977	0.2231668426627016	-0.04251463931599608		0.5498919262572892	True	0.02214708738029	False
COAD_VisiumHD_FFPE_to_CosMx6K	Benchmark_03	COAD	Visium HD FFPE	CosMx 6K	MYBL2	0.0095618845962091	0.0732431158027321	0.063681231206523	0.2387169089253972	0.19906777945922	-0.03964912946617721		0.5620552340405872	True	0.0252837818115949	False
COAD_VisiumHD_FFPE_to_CosMx6K	Benchmark_03	COAD	Visium HD FFPE	CosMx 6K	MYC	-0.0145878555292133	0.2994335628040744	0.3140214183332877	0.3389943653634005	0.2786016247259682	-0.060392740637432274		0.5706323994234812	True	0.0610845722258091	False
COAD_VisiumHD_FFPE_to_CosMx6K	Benchmark_03	COAD	Visium HD FFPE	CosMx 6K	MYDGF	-0.0045228137369478	0.0648465201494543	0.0693693338864021	0.2681637771614462	0.2235615270967612	-0.04460225006468499		0.5488951403676655	True	0.0067806513980031	False
COAD_VisiumHD_FFPE_to_CosMx6K	Benchmark_03	COAD	Visium HD FFPE	CosMx 6K	MYH9	0.0012272679227526	0.3062587057463639	0.3050314378236113	0.5768466876933349	0.5410319120142314	-0.03581477567910352		0.4036062102994235	True	0.0093215703964233	False
COAD_VisiumHD_FFPE_to_CosMx6K	Benchmark_03	COAD	Visium HD FFPE	CosMx 6K	MYL6	0.0190419498986173	0.2198214975034604	0.2007795476048431	0.6319835137211419	0.5653880944997225	-0.06659541922141943		0.4582881720193685	True	0.0407983623445034	False
COAD_VisiumHD_FFPE_to_CosMx6K	Benchmark_03	COAD	Visium HD FFPE	CosMx 6K	MYL9	0.0147827386793663	0.4771329428757744	0.4623502041964081	0.5331604813151427	0.4603976533377599	-0.07276282797738282		0.5614701957104618	True	0.0625782310962677	False
COAD_VisiumHD_FFPE_to_CosMx6K	Benchmark_03	COAD	Visium HD FFPE	CosMx 6K	MYO10	0.0057867100238596	0.0299655621829878	0.0241788521591282	0.2434947471181418	0.2104603991500268	-0.033034347968115024		0.5033278489631303	True	-0.0083632552996277	False
COAD_VisiumHD_FFPE_to_CosMx6K	Benchmark_03	COAD	Visium HD FFPE	CosMx 6K	MYO1B	0.0009929579142409	0.0651424691462356	0.06414951123199471	0.2201745071709645	0.1783156608146915	-0.041858846356273016		0.5855353582648305	True	0.0162715911865234	False
COAD_VisiumHD_FFPE_to_CosMx6K	Benchmark_03	COAD	Visium HD FFPE	CosMx 6K	MYO1D	0.0057633843617713	0.0460159164380352	0.040252532076263906	0.2592433194848921	0.2059008723623248	-0.053342447122567305		0.6364621647809825	True	0.0245754327625036	False
COAD_VisiumHD_FFPE_to_CosMx6K	Benchmark_03	COAD	Visium HD FFPE	CosMx 6K	MYO1E	0.000875541397297	0.0378110349596294	0.036935493562332396	0.2449675296149582	0.2084896806005188	-0.0364778490144394		0.5247432362235901	True	-0.0086473384872078	False
COAD_VisiumHD_FFPE_to_CosMx6K	Benchmark_03	COAD	Visium HD FFPE	CosMx 6K	MYO6	0.0088087627784907	0.0695268108151763	0.060718048036685596	0.2598773426406791	0.2098780414758143	-0.049999301164864784		0.6199483311359639	True	0.0304557736963033	False
COAD_VisiumHD_FFPE_to_CosMx6K	Benchmark_03	COAD	Visium HD FFPE	CosMx 6K	MYO9B	0.0044040294839794	0.0517717491492042	0.0473677196652248	0.1876860639405472	0.1504829298447917	-0.03720313409575551		0.5945091799421057	True	0.0148938903585076	False
COAD_VisiumHD_FFPE_to_CosMx6K	Benchmark_03	COAD	Visium HD FFPE	CosMx 6K	MZB1	-0.0106222623061528	0.3613674757230354	0.3719897380291882	0.3246914806198183	0.2269712746298142	-0.09772020599000408		0.7228243712645809	True	0.1239005476236343	False
COAD_VisiumHD_FFPE_to_CosMx6K	Benchmark_03	COAD	Visium HD FFPE	CosMx 6K	NBEAL2	0.0026461136059951	0.0509861093961175	0.0483399957901224	0.2308900656631836	0.1926728756106838	-0.038217190052499794		0.5538096031885631	True	0.0008406008128076	False
COAD_VisiumHD_FFPE_to_CosMx6K	Benchmark_03	COAD	Visium HD FFPE	CosMx 6K	NBL1	0.0060298955655095	0.2939241975057547	0.28789430194024523	0.285362303398578	0.2443484911296799	-0.04101381226889808		0.5352852192346694	True	0.0193475782871246	False
COAD_VisiumHD_FFPE_to_CosMx6K	Benchmark_03	COAD	Visium HD FFPE	CosMx 6K	NCBP2	0.0015025197117629	0.0468565453940802	0.0453540256823173	0.190453102574036	0.1416427550608249	-0.04881034751321109		0.6877442133498969	True	0.0154271749779582	False
COAD_VisiumHD_FFPE_to_CosMx6K	Benchmark_03	COAD	Visium HD FFPE	CosMx 6K	NCK2	0.012677410333664	0.0260551098807828	0.013377699547118801	0.2461339685950895	0.2233463218219944	-0.022787646773095083		0.4212746797919078	True	-0.0086610587313771	False
COAD_VisiumHD_FFPE_to_CosMx6K	Benchmark_03	COAD	Visium HD FFPE	CosMx 6K	NCKAP1	0.003195561774254	0.0514159436499222	0.0482203818756682	0.2137685874248765	0.1897834263421504	-0.02398516108272611		0.4602380870906141	True	0.0060515007935464	False
COAD_VisiumHD_FFPE_to_CosMx6K	Benchmark_03	COAD	Visium HD FFPE	CosMx 6K	NCOA7	-0.0046603899669455	0.1590022875327529	0.1636626774996984	0.2716967586854749	0.2387853437171965	-0.032911414968278374		0.4820082031328219	True	0.0073681217618286	False
COAD_VisiumHD_FFPE_to_CosMx6K	Benchmark_03	COAD	Visium HD FFPE	CosMx 6K	NCOR1	0.0030085931538465	0.0223107316050808	0.019302138451234296	0.2365268201551739	0.1897013548992709	-0.046825465255903004		0.6070431091723126	True	0.0167525522410869	False
COAD_VisiumHD_FFPE_to_CosMx6K	Benchmark_03	COAD	Visium HD FFPE	CosMx 6K	NCOR2	0.0059436665649233	0.0065977373327948	0.0006540707678714995	0.28165340638786	0.24704266121533	-0.034610745172530016		0.4811444470053845	True	0.0065839015878736	False
COAD_VisiumHD_FFPE_to_CosMx6K	Benchmark_03	COAD	Visium HD FFPE	CosMx 6K	NCSTN	0.0006880829665636	-0.0060954357153099	-0.006783518681873499	0.2511001812911386	0.2309853156517748	-0.020114865639363794		0.3979468702481991	True	-0.0071233380585908	False
COAD_VisiumHD_FFPE_to_CosMx6K	Benchmark_03	COAD	Visium HD FFPE	CosMx 6K	NDUFA1	0.000120556896539	0.1079201172005789	0.1077995603040399	0.3104391844679038	0.2773945891139373	-0.03304459535396653		0.4603991777642643	True	0.0150904562324285	False
COAD_VisiumHD_FFPE_to_CosMx6K	Benchmark_03	COAD	Visium HD FFPE	CosMx 6K	NDUFA10	0.0058262423998263	0.0739609275886385	0.06813468518881219	0.2523885197206428	0.2238218884619122	-0.0285666312587306		0.4620803982354231	True	0.0195307228714227	False
COAD_VisiumHD_FFPE_to_CosMx6K	Benchmark_03	COAD	Visium HD FFPE	CosMx 6K	NDUFA11	0.003121947305949	0.1449381632322456	0.1418162159262966	0.3631891182748824	0.3485568542024331	-0.01463226407244933		0.2960854527262476	True	-0.0021599878091365	False
COAD_VisiumHD_FFPE_to_CosMx6K	Benchmark_03	COAD	Visium HD FFPE	CosMx 6K	NDUFA13	0.0086936703001077	0.1882701945005904	0.1795765242004827	0.3807475151774401	0.3539790626755488	-0.026768452501891304		0.3781101680176616	True	-0.00178130378481	False
COAD_VisiumHD_FFPE_to_CosMx6K	Benchmark_03	COAD	Visium HD FFPE	CosMx 6K	NDUFA2	0.0054436607892879	0.1201783784320804	0.1147347176427925	0.2975448499514816	0.2659619415530725	-0.031582908398409104		0.4507951749014323	True	0.0114147253334522	False
COAD_VisiumHD_FFPE_to_CosMx6K	Benchmark_03	COAD	Visium HD FFPE	CosMx 6K	NDUFA3	0.0017073575538778	0.1292827971123173	0.1275754395584395	2.107593132414689	2.106839925465424	-0.0007532069492648397		0.091516060320081	True	0.0140550499781966	False
COAD_VisiumHD_FFPE_to_CosMx6K	Benchmark_03	COAD	Visium HD FFPE	CosMx 6K	NDUFA4	0.0110714179405734	0.1071710282442817	0.0960996103037083	0.3696598077728115	0.3018680812127732	-0.06779172656003829		0.5893593958893416	True	0.0476511567831039	False
COAD_VisiumHD_FFPE_to_CosMx6K	Benchmark_03	COAD	Visium HD FFPE	CosMx 6K	NDUFA8	0.0011690278572582	0.0894115929684712	0.088242565111213	0.2390344948288394	0.2078799240995378	-0.03115457072930161		0.4936899160303919	True	0.0054990267381072	False
COAD_VisiumHD_FFPE_to_CosMx6K	Benchmark_03	COAD	Visium HD FFPE	CosMx 6K	NDUFAB1	0.0017668647965235	0.1102917938602508	0.1085249290637273	0.2763719337579874	0.2305635120399097	-0.045808421718077696		0.5540139929738693	True	0.0333648920059204	False
COAD_VisiumHD_FFPE_to_CosMx6K	Benchmark_03	COAD	Visium HD FFPE	CosMx 6K	NDUFB1	0.0101290631813291	0.0588694306670572	0.0487403674857281	0.3174972662963229	0.2929857730782697	-0.024511493218053237		0.387091646784424	True	0.0168035477399826	False
COAD_VisiumHD_FFPE_to_CosMx6K	Benchmark_03	COAD	Visium HD FFPE	CosMx 6K	NDUFB10	0.0026958109265968	0.1249641732857909	0.1222683623591941	0.284956363578349	0.2405263950501369	-0.04442996852821213		0.5365041727987487	True	0.0178251527249813	False
COAD_VisiumHD_FFPE_to_CosMx6K	Benchmark_03	COAD	Visium HD FFPE	CosMx 6K	NDUFB11	0.0056301180599024	0.1361065831631895	0.1304764651032871	0.2948282974147808	0.2679545741532015	-0.026873723261579274		0.4198872146813159	True	0.0192767605185508	False
COAD_VisiumHD_FFPE_to_CosMx6K	Benchmark_03	COAD	Visium HD FFPE	CosMx 6K	NDUFB2	0.003461831563662	0.1072808446329316	0.10381901306926959	0.3029859092323284	0.2756259323503315	-0.027359976881996872		0.4201098638417871	True	0.0041121887043118	False
COAD_VisiumHD_FFPE_to_CosMx6K	Benchmark_03	COAD	Visium HD FFPE	CosMx 6K	NDUFB5	0.0011164034317416	0.0191543658351152	0.0180379624033736	0.2161240845454618	0.158210190875247	-0.05791389367021482		0.7098509551014845	True	0.0085764368996024	False
COAD_VisiumHD_FFPE_to_CosMx6K	Benchmark_03	COAD	Visium HD FFPE	CosMx 6K	NDUFB6	0.0008816223664921	0.1328661220161522	0.13198449964966008	0.2889439211854218	0.2581497140285688	-0.030794207156852993		0.4524440780230206	True	0.0145957982167601	False
COAD_VisiumHD_FFPE_to_CosMx6K	Benchmark_03	COAD	Visium HD FFPE	CosMx 6K	NDUFB7	0.0059063384147724	0.1368141946988063	0.1309078562840339	0.3577682160410955	0.3182283040077021	-0.03953991203339341		0.4613353236221839	True	0.004075504373759	False
COAD_VisiumHD_FFPE_to_CosMx6K	Benchmark_03	COAD	Visium HD FFPE	CosMx 6K	NDUFB8	0.0029944128366427	0.1511198927874628	0.1481254799508201	0.3147988496131794	0.2809293594489306	-0.03386949016424878		0.4519267590758413	True	0.0147137809544801	False
COAD_VisiumHD_FFPE_to_CosMx6K	Benchmark_03	COAD	Visium HD FFPE	CosMx 6K	NDUFB9	-0.0014415652681002	0.2107293909641544	0.2121709562322546	0.3031125314661858	0.2443911071941303	-0.058721424272055484		0.5984706765634435	True	0.0538203120231628	False
COAD_VisiumHD_FFPE_to_CosMx6K	Benchmark_03	COAD	Visium HD FFPE	CosMx 6K	NDUFC1	0.0032380595378298	0.0811891695076979	0.07795110996986811	0.223582064845558	0.1845347828171913	-0.039047282028366714		0.5669067566922825	True	0.0267799440771341	False
COAD_VisiumHD_FFPE_to_CosMx6K	Benchmark_03	COAD	Visium HD FFPE	CosMx 6K	NDUFC2	0.0033522905632293	0.0112834478388921	0.0079311572756628	0.2344162311495557	0.1712606892023908	-0.06315554194716491		0.727455305271962	True	0.0162780750542879	False
COAD_VisiumHD_FFPE_to_CosMx6K	Benchmark_03	COAD	Visium HD FFPE	CosMx 6K	NDUFS2	0.0005047153269411	0.0822028617928402	0.0816981464658991	0.2055385904325186	0.1647455548097213	-0.04079303562279729		0.6011861278158844	True	0.0043347021564841	False
COAD_VisiumHD_FFPE_to_CosMx6K	Benchmark_03	COAD	Visium HD FFPE	CosMx 6K	NDUFS3	0.0030626097422834	0.1383423636233818	0.1352797538810984	0.2532688355986359	0.2276821508299633	-0.025586684768672596		0.4386232486437856	True	0.0043998043984174	False
COAD_VisiumHD_FFPE_to_CosMx6K	Benchmark_03	COAD	Visium HD FFPE	CosMx 6K	NDUFS4	0.0034387178517008	0.0345516770182736	0.0311129591665728	0.1951404954831654	0.1534863308324432	-0.04165416465072219		0.6226821466182393	True	-0.0039249947294592	False
COAD_VisiumHD_FFPE_to_CosMx6K	Benchmark_03	COAD	Visium HD FFPE	CosMx 6K	NDUFS6	0.0034710193418058	0.2165642483678284	0.2130932290260226	0.3614925947041447	0.3243528687252916	-0.037139725978853066		0.4459617528178257	True	0.0121718039736151	False
COAD_VisiumHD_FFPE_to_CosMx6K	Benchmark_03	COAD	Visium HD FFPE	CosMx 6K	NDUFS7	0.0005856094163276	0.1021564240191995	0.1015708146028719	0.2394136982194412	0.2149574081916391	-0.024456290027802086		0.4431919425277162	True	0.0019282075809314	False
COAD_VisiumHD_FFPE_to_CosMx6K	Benchmark_03	COAD	Visium HD FFPE	CosMx 6K	NDUFV1	-0.0001790094470642	0.1026899871478107	0.1028689965948749	0.2605276552483225	0.2072583553373797	-0.053269299910942786		0.6123064551253922	True	0.0130997318774461	False
COAD_VisiumHD_FFPE_to_CosMx6K	Benchmark_03	COAD	Visium HD FFPE	CosMx 6K	NDUFV2	0.000589598221334	0.0922785895998404	0.09168899137850639	0.3076708211864105	0.2539856229393772	-0.05368519824703327		0.5751886010150596	True	0.0245334766805171	False
COAD_VisiumHD_FFPE_to_CosMx6K	Benchmark_03	COAD	Visium HD FFPE	CosMx 6K	NECTIN2	0.000460347678111	0.1026316240358103	0.1021712763576993	0.2736889553589772	0.2380171044296965	-0.035671850929280685		0.4937943812389864	True	0.0104455584660172	False
COAD_VisiumHD_FFPE_to_CosMx6K	Benchmark_03	COAD	Visium HD FFPE	CosMx 6K	NECTIN3	0.011488933863387	0.0489932571228854	0.0375043232594984	0.2339261223208202	0.1978491824771852	-0.036076939843635		0.5482307980165755	True	0.0320550911128521	False
COAD_VisiumHD_FFPE_to_CosMx6K	Benchmark_03	COAD	Visium HD FFPE	CosMx 6K	NEO1	0.006284525559392	0.0142365185134428	0.007951992954050802	0.2082296245154283	0.1810782888605573	-0.027151335654871017		0.4941533996791779	True	0.0080161998048424	False
COAD_VisiumHD_FFPE_to_CosMx6K	Benchmark_03	COAD	Visium HD FFPE	CosMx 6K	NES	-0.0028700261113293	0.0976187403392578	0.1004887664505871	0.2056742555129268	0.1617365400384577	-0.04393771547446912		0.6160304152950314	True	0.0177446920424699	False
COAD_VisiumHD_FFPE_to_CosMx6K	Benchmark_03	COAD	Visium HD FFPE	CosMx 6K	NFE2L2	0.0024355479994328	0.0659515858225528	0.06351603782312	0.2249639874470324	0.1954047768134585	-0.02955921063357389		0.4957568193549662	True	-0.0048158206045627	False
COAD_VisiumHD_FFPE_to_CosMx6K	Benchmark_03	COAD	Visium HD FFPE	CosMx 6K	NFKB2	-0.0009603779045339	0.0659946088321432	0.0669549867366771	0.2272657410878152	0.1963252335656944	-0.030940507522120797		0.506269514122328	True	0.0047837826423347	False
COAD_VisiumHD_FFPE_to_CosMx6K	Benchmark_03	COAD	Visium HD FFPE	CosMx 6K	NFKBIA	-0.0188478226828649	0.2477807627062803	0.2666285853891452	0.4046143120518117	0.3493204211108878	-0.05529389094092391		0.5127672935646105	True	0.0739014148712158	False
COAD_VisiumHD_FFPE_to_CosMx6K	Benchmark_03	COAD	Visium HD FFPE	CosMx 6K	NFKBIZ	-0.0020635422059944	0.1015011976053246	0.103564739811319	0.272922529635736	0.2326367791062509	-0.040285750529485076		0.5229213704091223	True	0.0032044223044067	False
COAD_VisiumHD_FFPE_to_CosMx6K	Benchmark_03	COAD	Visium HD FFPE	CosMx 6K	NHP2	0.0073155882958905	0.1314365544961558	0.12412096620026529	0.2934456417371177	0.2520864535233341	-0.04135918821378359		0.5123575031680437	True	0.0281264148652553	False
COAD_VisiumHD_FFPE_to_CosMx6K	Benchmark_03	COAD	Visium HD FFPE	CosMx 6K	NID1	0.0009585044157637	0.248829398186912	0.2478708937711483	0.2586438196292759	0.2235039725174932	-0.035139847111782696		0.518784142441439	True	0.0117350788787007	False
COAD_VisiumHD_FFPE_to_CosMx6K	Benchmark_03	COAD	Visium HD FFPE	CosMx 6K	NISCH	0.0070008825298147	-0.0588512102909112	-0.0658520928207259	0.2506165539517081	0.2279264473741587	-0.022690106577549413		0.4192160491176352	True	0.0087047815322875	False
COAD_VisiumHD_FFPE_to_CosMx6K	Benchmark_03	COAD	Visium HD FFPE	CosMx 6K	NME1	0.0007087718344574	0.1458416566752709	0.14513288484081352	0.2497955241182445	0.2149714979831646	-0.0348240261350799		0.5093773320211943	True	0.0248712804168462	False
COAD_VisiumHD_FFPE_to_CosMx6K	Benchmark_03	COAD	Visium HD FFPE	CosMx 6K	NONO	0.0128008899697697	0.0887581478333575	0.0759572578635878	0.3790653485435585	0.3609288312127727	-0.018136517330785806		0.3082820430777517	True	0.0071867015212774	False
COAD_VisiumHD_FFPE_to_CosMx6K	Benchmark_03	COAD	Visium HD FFPE	CosMx 6K	NOP10	0.0010668539652224	0.1156911299788871	0.1146242760136647	0.2567287107531859	0.2370719707831322	-0.019656739970053683		0.3895849166810383	True	0.0033723877277225	False
COAD_VisiumHD_FFPE_to_CosMx6K	Benchmark_03	COAD	Visium HD FFPE	CosMx 6K	NOTCH3	0.0065009163340954	0.2079368868220996	0.2014359704880042	0.2823380504657665	0.2173037962460078	-0.0650342542197587		0.6360120702916161	True	0.021301819011569	False
COAD_VisiumHD_FFPE_to_CosMx6K	Benchmark_03	COAD	Visium HD FFPE	CosMx 6K	NPC2	0.0135827592912558	0.1919019717103329	0.1783192124190771	0.3856418310475781	0.3117652017577066	-0.07387662928987149		0.6039824131767704	True	0.0437001772224903	False
COAD_VisiumHD_FFPE_to_CosMx6K	Benchmark_03	COAD	Visium HD FFPE	CosMx 6K	NPDC1	-0.0080490318855105	0.1187349886906134	0.1267840205761239	0.2304027642742636	0.1809158178873912	-0.0494869463868724		0.617615003553687	True	0.0591068714857101	False
COAD_VisiumHD_FFPE_to_CosMx6K	Benchmark_03	COAD	Visium HD FFPE	CosMx 6K	NPEPPS	0.0017063582853592	0.0440023289707402	0.042295970685381	0.2533100814551093	0.2224355763550688	-0.0308745051000405		0.4788635002006747	True	-0.0068567325361073	False
COAD_VisiumHD_FFPE_to_CosMx6K	Benchmark_03	COAD	Visium HD FFPE	CosMx 6K	NPLOC4	0.0030925832370369	0.0033030821053609	0.00021049886832399988	0.1781969470638981	0.1371127900831509	-0.041084156980747216		0.6412360988316546	True	0.0020114635117352	False
COAD_VisiumHD_FFPE_to_CosMx6K	Benchmark_03	COAD	Visium HD FFPE	CosMx 6K	NPTN	0.0024022237525077	0.0403625102906514	0.037960286538143706	0.227906399028971	0.1991469474855844	-0.028759451543386605		0.4870756376252809	True	-0.0006856405525468	False
COAD_VisiumHD_FFPE_to_CosMx6K	Benchmark_03	COAD	Visium HD FFPE	CosMx 6K	NR4A1	-0.0031381260922687	0.131246051378004	0.1343841774702727	0.3500063673205296	0.2774964294710125	-0.07250993784951709		0.6199126369300239	True	0.0413532182574272	False
COAD_VisiumHD_FFPE_to_CosMx6K	Benchmark_03	COAD	Visium HD FFPE	CosMx 6K	NSFL1C	0.0061186910143678	0.0833728437032921	0.0772541526889243	0.2575243387046134	0.2366373776309896	-0.020886961073623783		0.3949637506440698	True	-0.0008934376528486	False
COAD_VisiumHD_FFPE_to_CosMx6K	Benchmark_03	COAD	Visium HD FFPE	CosMx 6K	NUCB2	-0.0016269412786422	-0.0016269412786422	0.0	0.1693938804569702	0.1693938804569702	0.0			False	-0.0046039153821766	False
COAD_VisiumHD_FFPE_to_CosMx6K	Benchmark_03	COAD	Visium HD FFPE	CosMx 6K	NUMA1	0.0065786114895721	-0.017969307836581	-0.0245479193261531	0.2890930641261827	0.255531153093859	-0.0335619110323237		0.4675067254996028	True	0.0075227566994726	False
COAD_VisiumHD_FFPE_to_CosMx6K	Benchmark_03	COAD	Visium HD FFPE	CosMx 6K	NUMB	0.0021432620340839	-0.0037548214296088	-0.005898083463692701	0.2347732854812234	0.2075509762971787	-0.027222309184044696		0.4681099478583426	True	-0.0005252103437669	False
COAD_VisiumHD_FFPE_to_CosMx6K	Benchmark_03	COAD	Visium HD FFPE	CosMx 6K	NUP107	0.0021254614226095	0.0206692436540942	0.0185437822314847	0.2075415604513634	0.1812758221768225	-0.0262657382745409		0.4872749050259304	True	0.0176515411585569	False
COAD_VisiumHD_FFPE_to_CosMx6K	Benchmark_03	COAD	Visium HD FFPE	CosMx 6K	NUP153	0.0031679832510301	0.0220526400392306	0.0188846567882005	0.1905446849247809	0.1617498108849541	-0.028794874039826807		0.531275388470251	True	0.0097491815686225	False
COAD_VisiumHD_FFPE_to_CosMx6K	Benchmark_03	COAD	Visium HD FFPE	CosMx 6K	NUP160	0.004366496127154	0.0671956004858862	0.06282910435873221	0.2278262645655518	0.2018555627333462	-0.025970701832205595		0.4630479556048097	True	0.0053814235143363	False
COAD_VisiumHD_FFPE_to_CosMx6K	Benchmark_03	COAD	Visium HD FFPE	CosMx 6K	NUP188	0.0085489270870429	0.0397805538356528	0.0312316267486099	0.2352271322177176	0.20932744357101	-0.025899688646707608		0.4556103372543342	True	0.0008646846399642	False
COAD_VisiumHD_FFPE_to_CosMx6K	Benchmark_03	COAD	Visium HD FFPE	CosMx 6K	NUP205	0.0073095811542472	0.0347555586936	0.027445977539352802	0.2140955426235511	0.1906874286755173	-0.0234081139480338		0.4540272420335315	True	0.0074396268464624	False
COAD_VisiumHD_FFPE_to_CosMx6K	Benchmark_03	COAD	Visium HD FFPE	CosMx 6K	NUP50	-0.0009116965388959	0.0264467158773603	0.027358412416256202	0.3070912963582886	0.286285635018962	-0.020805661339326598		0.3662923517123024	True	0.0048432322219014	False
COAD_VisiumHD_FFPE_to_CosMx6K	Benchmark_03	COAD	Visium HD FFPE	CosMx 6K	NUP54	0.0038518673736369	-0.00048751952222	-0.004339386895856901	0.2164914417592692	0.1910676489635683	-0.025423792795700922		0.4700688303519372	True	0.0064802612178027	False
COAD_VisiumHD_FFPE_to_CosMx6K	Benchmark_03	COAD	Visium HD FFPE	CosMx 6K	NUP62	0.006314452874494	0.0282956935472822	0.0219812406727882	0.2246417171103812	0.1995732688874238	-0.025068448222957396		0.4586815120845979	True	0.0096706682816147	False
COAD_VisiumHD_FFPE_to_CosMx6K	Benchmark_03	COAD	Visium HD FFPE	CosMx 6K	NUP85	0.0045578413967741	0.0086249511068888	0.004067109710114701	0.2069713534874252	0.1816414462176076	-0.025329907269817598		0.4793986623932985	True	-0.0004501679795794	False
COAD_VisiumHD_FFPE_to_CosMx6K	Benchmark_03	COAD	Visium HD FFPE	CosMx 6K	NUP88	0.0028980284530049	0.0369647699748494	0.034066741521844496	0.1791712533194145	0.1513316304232851	-0.0278396228961294		0.5384714504424998	True	0.0033152655232697	False
COAD_VisiumHD_FFPE_to_CosMx6K	Benchmark_03	COAD	Visium HD FFPE	CosMx 6K	NUSAP1	0.0109145347839866	0.0622128755705904	0.0512983407866038	0.2206005369728493	0.1822938842417496	-0.03830665273109968		0.5742309727441244	True	0.0234080422669649	False
COAD_VisiumHD_FFPE_to_CosMx6K	Benchmark_03	COAD	Visium HD FFPE	CosMx 6K	OARD1	0.0063782172908492	0.0284797957198317	0.0221015784289825	0.232466950362619	0.2046088109125441	-0.027858139450074898		0.4748825801419677	True	0.0176497008651494	False
COAD_VisiumHD_FFPE_to_CosMx6K	Benchmark_03	COAD	Visium HD FFPE	CosMx 6K	ODC1	0.0079871171114131	0.2043889724515347	0.1964018553401216	0.3208566894594163	0.2920428503109875	-0.028813839148428833		0.4120203740873171	True	0.0277757886797189	False
COAD_VisiumHD_FFPE_to_CosMx6K	Benchmark_03	COAD	Visium HD FFPE	CosMx 6K	OGA	0.0013138948768379	-0.0147301168678133	-0.0160440117446512	0.2381249847160276	0.172508256717583	-0.06561672799844462		0.7252212458997878	True	0.0149015067145228	False
COAD_VisiumHD_FFPE_to_CosMx6K	Benchmark_03	COAD	Visium HD FFPE	CosMx 6K	OGDH	0.002545554761062	0.061168039566074	0.058622484805012004	0.2574757061852697	0.2228596032312096	-0.03461610295406012		0.5007247784331951	True	-0.0022537296172231	False
COAD_VisiumHD_FFPE_to_CosMx6K	Benchmark_03	COAD	Visium HD FFPE	CosMx 6K	OGT	0.0005129544776689	-0.0271421589429274	-0.0276551134205963	0.2601953561424595	0.2308310518567526	-0.029364304285706883		0.4633154512200745	True	0.0172911062836647	False
COAD_VisiumHD_FFPE_to_CosMx6K	Benchmark_03	COAD	Visium HD FFPE	CosMx 6K	OLFM4	0.0049385241131286	0.2583288211126113	0.2533902969994827	0.6905828363144187	0.4401390038975167	-0.25044383241690205		0.8414300906389242	True	0.3907787203788757	True
COAD_VisiumHD_FFPE_to_CosMx6K	Benchmark_03	COAD	Visium HD FFPE	CosMx 6K	OPTN	-0.0003777138206683	-0.0226084628794767	-0.0222307490588084	0.2460606040892067	0.2059859303184665	-0.04007467377074023		0.5459685570549723	True	0.0043160836212337	False
COAD_VisiumHD_FFPE_to_CosMx6K	Benchmark_03	COAD	Visium HD FFPE	CosMx 6K	ORMDL2	0.0018722344246241	0.1001824693147164	0.0983102348900923	0.2367521676307938	0.211514465388677	-0.0252377022421168		0.4491493688208205	True	0.0019245650619268	False
COAD_VisiumHD_FFPE_to_CosMx6K	Benchmark_03	COAD	Visium HD FFPE	CosMx 6K	OS9	0.0037573543396566	0.0037573543396566	0.0	0.2984972187562604	0.2984972187562604	0.0			False	-0.0006938299629837	False
COAD_VisiumHD_FFPE_to_CosMx6K	Benchmark_03	COAD	Visium HD FFPE	CosMx 6K	OSBP	-0.0001159266801746	0.0368834806778779	0.0369994073580525	0.2031862389823868	0.175144290647503	-0.0280419483348838		0.5067522756956291	True	0.0020060783717781	False
COAD_VisiumHD_FFPE_to_CosMx6K	Benchmark_03	COAD	Visium HD FFPE	CosMx 6K	OSBPL2	0.0015458627233594	0.027822788173072	0.0262769254497126	0.2248156854509018	0.1992997962731603	-0.025515889177741502		0.4632139188251045	True	-0.0066203693859279	False
COAD_VisiumHD_FFPE_to_CosMx6K	Benchmark_03	COAD	Visium HD FFPE	CosMx 6K	OSBPL8	0.0014561122093828	0.0227800664387132	0.0213239542293304	0.2146040129160328	0.1868296610123111	-0.027774351903721683		0.4930793287206242	True	-0.0032007535919547	False
COAD_VisiumHD_FFPE_to_CosMx6K	Benchmark_03	COAD	Visium HD FFPE	CosMx 6K	P2RX4	0.0050163746111494	0.0180025415174082	0.012986166906258801	0.2080479146699753	0.1820365938916461	-0.02601132077832921		0.4842989258349657	True	0.0100280614569783	False
COAD_VisiumHD_FFPE_to_CosMx6K	Benchmark_03	COAD	Visium HD FFPE	CosMx 6K	P4HA1	-0.0008062980362459	0.0597228193614062	0.0605291173976521	0.2109402824369101	0.1833015593210161	-0.027638723115893993		0.4951353640320294	True	0.0204702857881784	False
COAD_VisiumHD_FFPE_to_CosMx6K	Benchmark_03	COAD	Visium HD FFPE	CosMx 6K	P4HB	-0.0071135699036077	0.2340460267908676	0.24115959669447531	0.5063302805766854	0.4856474974340176	-0.020682783142667804		0.3344994574243625	True	0.0031283071730285	False
COAD_VisiumHD_FFPE_to_CosMx6K	Benchmark_03	COAD	Visium HD FFPE	CosMx 6K	PA2G4	0.0059245859720086	0.1907137435702025	0.1847891575981939	0.376209562195148	0.3331107449281768	-0.04309881726697118		0.462888998668271	True	0.0264313649386167	False
COAD_VisiumHD_FFPE_to_CosMx6K	Benchmark_03	COAD	Visium HD FFPE	CosMx 6K	PAFAH1B1	0.0023476436755119	-0.0234688884414968	-0.0258165321170087	0.2736543448185585	0.227169403814603	-0.046484941003955504		0.5610222495286336	True	0.0068426211364567	False
COAD_VisiumHD_FFPE_to_CosMx6K	Benchmark_03	COAD	Visium HD FFPE	CosMx 6K	PAFAH1B2	0.0019818042592476	0.059114305983201	0.0571325017239534	0.2447962927697217	0.2002468089444122	-0.04454948382530949		0.5799651188040079	True	-0.0009018301498144	False
COAD_VisiumHD_FFPE_to_CosMx6K	Benchmark_03	COAD	Visium HD FFPE	CosMx 6K	PAN3	0.004730031810664	0.0133399717026428	0.0086099398919788	0.2615490922135424	0.2378557794221076	-0.0236933127914348		0.4152642888060631	True	0.0022429961245507	False
COAD_VisiumHD_FFPE_to_CosMx6K	Benchmark_03	COAD	Visium HD FFPE	CosMx 6K	PARD3	0.0053013962272407	0.0243972868855221	0.0190958906582814	0.2150352173513814	0.1863909302444519	-0.028644287106929484		0.5000226775834471	True	0.0272836871445179	False
COAD_VisiumHD_FFPE_to_CosMx6K	Benchmark_03	COAD	Visium HD FFPE	CosMx 6K	PARP4	0.0024685774804011	0.0331213813519892	0.0306528038715881	0.2094910397193427	0.1673669036576614	-0.04212413606168128		0.6124132992460639	True	0.01738266274333	False
COAD_VisiumHD_FFPE_to_CosMx6K	Benchmark_03	COAD	Visium HD FFPE	CosMx 6K	PBRM1	0.0002488082513714	-0.0439817270406108	-0.0442305352919822	0.1888351756975844	0.1530262146167961	-0.03580896108078829		0.58839579202255	True	0.0156562849879264	False
COAD_VisiumHD_FFPE_to_CosMx6K	Benchmark_03	COAD	Visium HD FFPE	CosMx 6K	PCK2	0.0041367835135207	0.0944002983611841	0.0902635148476634	0.1856572076748786	0.159112045848161	-0.026545161826717595		0.5170060349822632	True	0.0086108837276697	False
COAD_VisiumHD_FFPE_to_CosMx6K	Benchmark_03	COAD	Visium HD FFPE	CosMx 6K	PCM1	0.0026345077141611	0.0320002338264212	0.0293657261122601	0.2247769289294287	0.1789366371024347	-0.04584029182699398		0.6232064827832299	True	0.0112873679026961	False
COAD_VisiumHD_FFPE_to_CosMx6K	Benchmark_03	COAD	Visium HD FFPE	CosMx 6K	PCNA	0.0117626177444399	0.1774231262360591	0.1656605084916192	0.3421182488911483	0.3255502774704896	-0.01656797142065869		0.3053200028511147	True	0.0231756791472435	False
COAD_VisiumHD_FFPE_to_CosMx6K	Benchmark_03	COAD	Visium HD FFPE	CosMx 6K	PCSK6	0.0036630812992454	0.0418364555761583	0.038173374276912905	0.2070164344232265	0.163606169926061	-0.04341026449716551		0.6118727215437822	True	0.0120250964537262	False
COAD_VisiumHD_FFPE_to_CosMx6K	Benchmark_03	COAD	Visium HD FFPE	CosMx 6K	PDCD4	0.0178104054461712	0.0956172510517559	0.0778068456055847	0.3355160917066871	0.2684764873344476	-0.06703960437223949		0.6484214621395531	True	0.0387306287884712	False
COAD_VisiumHD_FFPE_to_CosMx6K	Benchmark_03	COAD	Visium HD FFPE	CosMx 6K	PDE4D	-0.0012895389339826	-0.0295573837712591	-0.028267844837276502	0.205090249511631	0.1628575033019206	-0.0422327462097104		0.6037423259348758	True	0.0007252673967741	False
COAD_VisiumHD_FFPE_to_CosMx6K	Benchmark_03	COAD	Visium HD FFPE	CosMx 6K	PDGFA	0.0050885372419212	0.060162149570634	0.0550736123287128	0.274283325947853	0.2469723702843242	-0.027310955663528785		0.4336386167095378	True	0.0241602379828691	False
COAD_VisiumHD_FFPE_to_CosMx6K	Benchmark_03	COAD	Visium HD FFPE	CosMx 6K	PDHA1	0.0020698231248797	0.1146724900367475	0.1126026669118678	0.263819355662558	0.2073265221301303	-0.05649283353242768		0.6392390783066824	True	0.0147418333217501	False
COAD_VisiumHD_FFPE_to_CosMx6K	Benchmark_03	COAD	Visium HD FFPE	CosMx 6K	PDHB	0.0023101211683199	0.0858135400235564	0.0835034188552365	0.2436662493495382	0.2074805248388616	-0.036185724510676615		0.5255151086386176	True	0.0243464950472116	False
COAD_VisiumHD_FFPE_to_CosMx6K	Benchmark_03	COAD	Visium HD FFPE	CosMx 6K	PDIA3	0.0103581630611367	0.1313965269721271	0.12103836391099039	0.362687873235253	0.3133556645586026	-0.04933220867665039		0.5043342292226832	True	0.0224036555737257	False
COAD_VisiumHD_FFPE_to_CosMx6K	Benchmark_03	COAD	Visium HD FFPE	CosMx 6K	PDIA6	0.0024714374761987	0.1312181881812721	0.12874675070507338	0.3601012829180627	0.3369280552715328	-0.023173227646529904		0.3649445347321525	True	0.0143430344760417	False
COAD_VisiumHD_FFPE_to_CosMx6K	Benchmark_03	COAD	Visium HD FFPE	CosMx 6K	PDLIM1	0.0013187339310711	0.1430730423369305	0.1417543084058594	0.2778461111087374	0.2533969500190388	-0.024449161089698634		0.4220433706058205	True	0.0073930495418608	False
COAD_VisiumHD_FFPE_to_CosMx6K	Benchmark_03	COAD	Visium HD FFPE	CosMx 6K	PDXK	0.0010380264122421	0.0233605692069522	0.0223225427947101	0.2045694387962157	0.1699031192726655	-0.034666319523550204		0.5546793834721382	True	-0.0136807337403297	False
COAD_VisiumHD_FFPE_to_CosMx6K	Benchmark_03	COAD	Visium HD FFPE	CosMx 6K	PDZD8	0.0088924774354014	0.0864957237469028	0.0776032463115014	0.2830798487582172	0.2582916882264405	-0.024788160531776682		0.4038937527114628	True	0.0254765823483467	False
COAD_VisiumHD_FFPE_to_CosMx6K	Benchmark_03	COAD	Visium HD FFPE	CosMx 6K	PEBP1	0.0086251403244954	0.1787801712523978	0.1701550309279024	0.342554308392157	0.3237157524371815	-0.018838555954975522		0.3368940012724833	True	0.0015728132566437	False
COAD_VisiumHD_FFPE_to_CosMx6K	Benchmark_03	COAD	Visium HD FFPE	CosMx 6K	PERP	-8.971440495310595e-05	0.2251757127949589	0.22526542719991202	0.3169753256767928	0.2616935938082791	-0.055281731868513706		0.5689708380284887	True	0.0301846899092197	False
COAD_VisiumHD_FFPE_to_CosMx6K	Benchmark_03	COAD	Visium HD FFPE	CosMx 6K	PFN1	-0.0049354941844316	0.3465665194628662	0.35150201364729783	0.6651821647020127	0.5411010389545073	-0.1240811257475054		0.5857179600065765	True	0.063782624900341	False
COAD_VisiumHD_FFPE_to_CosMx6K	Benchmark_03	COAD	Visium HD FFPE	CosMx 6K	PGLS	0.0054068956107052	0.0780156366232962	0.072608741012591	0.251642833066201	0.2272202763622119	-0.0244225567039891		0.4312972737533538	True	0.0112700462341308	False
COAD_VisiumHD_FFPE_to_CosMx6K	Benchmark_03	COAD	Visium HD FFPE	CosMx 6K	PGRMC1	0.0051921080366564	0.0373082479867093	0.0321161399500529	0.2394629112054908	0.1787509448926635	-0.0607119663128273		0.785409959978348	True	0.0349599681794643	False
COAD_VisiumHD_FFPE_to_CosMx6K	Benchmark_03	COAD	Visium HD FFPE	CosMx 6K	PHGDH	0.0074557567636946	0.1243486868871061	0.1168929301234115	0.2579365987739299	0.2266116452113804	-0.03132495356254947		0.4764919880532383	True	0.0238406863063573	False
COAD_VisiumHD_FFPE_to_CosMx6K	Benchmark_03	COAD	Visium HD FFPE	CosMx 6K	PHLDA1	-0.0068662606225741	0.2579118018717396	0.26477806249431374	0.3157097494875261	0.2774198044261934	-0.03828994506133271		0.4999010019230244	True	0.0371603108942508	False
COAD_VisiumHD_FFPE_to_CosMx6K	Benchmark_03	COAD	Visium HD FFPE	CosMx 6K	PI3	-0.0392951577135586	0.4255915547874628	0.4648867125010214	0.5850477756450693	0.3610952108387282	-0.22395256480634107		0.7915895322266953	True	0.278210312128067	True
COAD_VisiumHD_FFPE_to_CosMx6K	Benchmark_03	COAD	Visium HD FFPE	CosMx 6K	PIK3C2A	0.0027041650185305	0.0336539262496241	0.0309497612310936	0.1834920615657594	0.1445098018270695	-0.038982259738689906		0.6306447875103761	True	0.0041483705863356	False
COAD_VisiumHD_FFPE_to_CosMx6K	Benchmark_03	COAD	Visium HD FFPE	CosMx 6K	PIK3R2	0.0044116991568718	0.0668957226683437	0.062484023511471906	0.2334157003608496	0.2036749324276232	-0.029740767933226414		0.4885374605760211	True	0.0081762820482254	False
COAD_VisiumHD_FFPE_to_CosMx6K	Benchmark_03	COAD	Visium HD FFPE	CosMx 6K	PIM2	-0.0024334806145493	0.3964847757441483	0.3989182563586976	0.3265704084898174	0.2876827233109664	-0.038887685178850995		0.5151365464043312	True	0.067243605852127	False
COAD_VisiumHD_FFPE_to_CosMx6K	Benchmark_03	COAD	Visium HD FFPE	CosMx 6K	PITPNB	0.0017519725773363	0.0279112778492295	0.0261593052718932	0.2085908782193098	0.1832686873656776	-0.025322190853632187		0.478119112389991	True	0.0040736147202551	False
COAD_VisiumHD_FFPE_to_CosMx6K	Benchmark_03	COAD	Visium HD FFPE	CosMx 6K	PJA2	0.0050078994825453	-0.0185407220028556	-0.0235486214854009	0.2468884107771701	0.1998378877067294	-0.04705052307044072		0.5866620234944443	True	-0.0076250382699072	False
COAD_VisiumHD_FFPE_to_CosMx6K	Benchmark_03	COAD	Visium HD FFPE	CosMx 6K	PKM	-0.0081784600234549	0.3092750877814456	0.3174535478049005	0.5252397334249885	0.4997282964935812	-0.02551143693140734		0.357390601897292	True	0.0125422133132815	False
COAD_VisiumHD_FFPE_to_CosMx6K	Benchmark_03	COAD	Visium HD FFPE	CosMx 6K	PKP3	-0.0028208481862817	0.1016009415248134	0.1044217897110951	0.2252910482997937	0.1955623225679625	-0.029728725731831218		0.4965995256764171	True	0.0113095119595527	False
COAD_VisiumHD_FFPE_to_CosMx6K	Benchmark_03	COAD	Visium HD FFPE	CosMx 6K	PLA2G12A	0.0028076623829074	0.0037369207399248	0.0009292583570174001	0.2240127024117575	0.1931393172259329	-0.03087338518582461		0.5095574602024353	True	0.0106323510408401	False
COAD_VisiumHD_FFPE_to_CosMx6K	Benchmark_03	COAD	Visium HD FFPE	CosMx 6K	PLAT	0.0033223054113764	0.2888294165865435	0.2855071111751671	0.3263128454378028	0.2939681862459987	-0.032344659191804126		0.4740303048044595	True	0.0097600808367133	False
COAD_VisiumHD_FFPE_to_CosMx6K	Benchmark_03	COAD	Visium HD FFPE	CosMx 6K	PLAU	-0.0062960647644824	0.3107354904253528	0.3170315551898352	0.3339732093834682	0.2894170673086142	-0.04455614207485398		0.5221237856440671	True	0.0375605672597885	False
COAD_VisiumHD_FFPE_to_CosMx6K	Benchmark_03	COAD	Visium HD FFPE	CosMx 6K	PLBD1	0.0081519189430896	0.0701566147990088	0.062004695855919195	0.2374553033116734	0.1890037284961514	-0.04845157481552198		0.6406487600743777	True	0.0393646210432052	False
COAD_VisiumHD_FFPE_to_CosMx6K	Benchmark_03	COAD	Visium HD FFPE	CosMx 6K	PLD1	0.0115131956753531	-0.0034976940595034	-0.0150108897348565	0.2472237450506264	0.2213712354399694	-0.025852509610656993		0.4436246451238417	True	0.0170302633196115	False
COAD_VisiumHD_FFPE_to_CosMx6K	Benchmark_03	COAD	Visium HD FFPE	CosMx 6K	PLEKHA5	0.0052294427541369	0.0109200697345129	0.005690626980376	0.2036305178410833	0.1746410351776883	-0.02898948266339499		0.5166430303353557	True	0.0106438640505075	False
COAD_VisiumHD_FFPE_to_CosMx6K	Benchmark_03	COAD	Visium HD FFPE	CosMx 6K	PLEKHA6	0.0036136728488723	0.051244821235278	0.047631148386405704	0.2271654416055929	0.2003284662330639	-0.026836975372528993		0.4712496145176695	True	0.012869257479906	False
COAD_VisiumHD_FFPE_to_CosMx6K	Benchmark_03	COAD	Visium HD FFPE	CosMx 6K	PLIN3	-0.0007085263545378	0.0867836283280882	0.087492154682626	0.2058349165487947	0.1779630909750077	-0.027871825573787007		0.5026768902084271	True	0.0084081441164016	False
COAD_VisiumHD_FFPE_to_CosMx6K	Benchmark_03	COAD	Visium HD FFPE	CosMx 6K	PLOD2	0.0051760444543263	0.1296416637918935	0.12446561933756721	0.2412243886077189	0.1970763116597568	-0.04414807694796208		0.5740907945784978	True	0.0158517844974994	False
COAD_VisiumHD_FFPE_to_CosMx6K	Benchmark_03	COAD	Visium HD FFPE	CosMx 6K	PLPP1	0.0137577547113477	0.0456381695586103	0.0318804148472626	0.3161001441170661	0.2643504015261715	-0.0517497425908946		0.5588303553999207	True	0.0373095758259296	False
COAD_VisiumHD_FFPE_to_CosMx6K	Benchmark_03	COAD	Visium HD FFPE	CosMx 6K	PLSCR1	-0.000566491218752	0.0964514670341301	0.0970179582528821	0.2535721028799003	0.2294519447402274	-0.024120158139672887		0.4334329147102676	True	0.0102130323648452	False
COAD_VisiumHD_FFPE_to_CosMx6K	Benchmark_03	COAD	Visium HD FFPE	CosMx 6K	PLTP	-0.0008662459939491	0.176799690455739	0.17766593644968812	0.2456984175996512	0.2199805866237462	-0.025717830975904993		0.4567468923336261	True	0.0129933841526508	False
COAD_VisiumHD_FFPE_to_CosMx6K	Benchmark_03	COAD	Visium HD FFPE	CosMx 6K	PNPLA2	-0.0005265007899492	0.0126398503932851	0.0131663511832343	0.2355500626830449	0.1976320207847314	-0.03791804189831349		0.5442194633933067	True	0.0065438821911811	False
COAD_VisiumHD_FFPE_to_CosMx6K	Benchmark_03	COAD	Visium HD FFPE	CosMx 6K	POLD2	0.0038478692687332	0.0887015876448208	0.0848537183760876	0.2475558469237024	0.2144124264235687	-0.03314342050013369		0.500229875385861	True	0.011362767778337	False
COAD_VisiumHD_FFPE_to_CosMx6K	Benchmark_03	COAD	Visium HD FFPE	CosMx 6K	POLR1D	0.0027726188166729	0.0281852552049561	0.0254126363882832	0.2163425831098059	0.1629915235375126	-0.0533510595722933		0.6923620026469233	True	0.0202474575489759	False
COAD_VisiumHD_FFPE_to_CosMx6K	Benchmark_03	COAD	Visium HD FFPE	CosMx 6K	POLR2A	0.0061110941984117	0.0432595931878726	0.0371484989894609	0.2410309815331824	0.2106064795794582	-0.030424501953724203		0.4863010282624981	True	0.0130528276786208	False
COAD_VisiumHD_FFPE_to_CosMx6K	Benchmark_03	COAD	Visium HD FFPE	CosMx 6K	POLR2E	-0.0003697542478676	0.1000183305047426	0.1003880847526102	0.2242002251966695	0.1961836476989799	-0.0280165774976896		0.4845767402022503	True	0.0015741062816232	False
COAD_VisiumHD_FFPE_to_CosMx6K	Benchmark_03	COAD	Visium HD FFPE	CosMx 6K	POLR2I	0.0042909083439272	0.0607781329326324	0.0564872245887052	0.212178114891551	0.1702375685669913	-0.04194054632455971		0.607719160142415	True	0.0055009345524013	False
COAD_VisiumHD_FFPE_to_CosMx6K	Benchmark_03	COAD	Visium HD FFPE	CosMx 6K	PON2	0.0047273919089933	0.1172069792967692	0.1124795873877759	0.3163099665882856	0.2566443827184475	-0.05966558386983811		0.629167113924843	True	0.0286300089210271	False
COAD_VisiumHD_FFPE_to_CosMx6K	Benchmark_03	COAD	Visium HD FFPE	CosMx 6K	POSTN	0.016070392133225	0.610004043301807	0.593933651168582	0.5101480177635075	0.4677923691494526	-0.042355648614054886		0.473574751830322	True	0.02266526222229	False
COAD_VisiumHD_FFPE_to_CosMx6K	Benchmark_03	COAD	Visium HD FFPE	CosMx 6K	PPIA	0.0063570778570214	0.2406015820339916	0.2342445041769702	0.428211194038181	0.4066035530667802	-0.021607640971400777		0.3279975333798305	True	0.0046041961759328	False
COAD_VisiumHD_FFPE_to_CosMx6K	Benchmark_03	COAD	Visium HD FFPE	CosMx 6K	PPIF	-0.0009209535727023	0.1402424526709927	0.141163406243695	0.2716883841009546	0.2485856636581943	-0.023102720442760294		0.4045102535212325	True	0.0067551396787166	False
COAD_VisiumHD_FFPE_to_CosMx6K	Benchmark_03	COAD	Visium HD FFPE	CosMx 6K	PPIL1	0.005683929718204	0.0943198870787854	0.0886359573605814	0.2336188467262246	0.2102245708182828	-0.023394275907941797		0.4344945273090971	True	4.116052514291368e-05	False
COAD_VisiumHD_FFPE_to_CosMx6K	Benchmark_03	COAD	Visium HD FFPE	CosMx 6K	PPM1A	0.0022993934522975	0.0230404742866091	0.0207410808343116	0.2416591057991565	0.2122172597860481	-0.029441846013108397		0.4786914716363047	True	0.0162075255066156	False
COAD_VisiumHD_FFPE_to_CosMx6K	Benchmark_03	COAD	Visium HD FFPE	CosMx 6K	PPM1B	0.0054835717388728	0.010776847449648	0.0052932757107752	0.1933093307180702	0.1567268278112371	-0.0365825029068331		0.5897714319479879	True	0.0076958029530942	False
COAD_VisiumHD_FFPE_to_CosMx6K	Benchmark_03	COAD	Visium HD FFPE	CosMx 6K	PPP1CA	0.0008415512290557	0.1334192913577588	0.1325777401287031	0.3081030090794483	0.2735206904236778	-0.034582318655770494		0.4629697711503453	True	0.0090361917391419	False
COAD_VisiumHD_FFPE_to_CosMx6K	Benchmark_03	COAD	Visium HD FFPE	CosMx 6K	PPP1CC	0.0019089479423695	0.1166828039206561	0.1147738559782866	0.281158917599317	0.2614903790931287	-0.01966853850618827		0.3733937060557911	True	0.0058000404387712	False
COAD_VisiumHD_FFPE_to_CosMx6K	Benchmark_03	COAD	Visium HD FFPE	CosMx 6K	PPP1R10	0.0015501898320505	-0.0069119588939924	-0.0084621487260429	0.2109084483363532	0.1796550945809083	-0.031253353755444885		0.5231253151319586	True	-0.0043404474854469	False
COAD_VisiumHD_FFPE_to_CosMx6K	Benchmark_03	COAD	Visium HD FFPE	CosMx 6K	PPP1R12A	0.002145914690279	-0.0244423981925856	-0.0265883128828646	0.2074545662645939	0.1692446109594448	-0.03820995530514912		0.5791463935950417	True	0.0101920971646904	False
COAD_VisiumHD_FFPE_to_CosMx6K	Benchmark_03	COAD	Visium HD FFPE	CosMx 6K	PPP1R12B	-0.0003694926665269	0.0471901085115328	0.0475596011780597	0.2254732730983854	0.1821342695800739	-0.04333900351831152		0.5855168174349585	True	0.0004472479631658	False
COAD_VisiumHD_FFPE_to_CosMx6K	Benchmark_03	COAD	Visium HD FFPE	CosMx 6K	PPP1R15B	0.0003159893143179	0.0066630784914899	0.006347089177172	0.2080787752202287	0.1787046532125755	-0.029374122007653186		0.5118180226240525	True	0.0081585114821791	False
COAD_VisiumHD_FFPE_to_CosMx6K	Benchmark_03	COAD	Visium HD FFPE	CosMx 6K	PPP1R7	0.0036010988065979	0.0400426095811699	0.036441510774572	0.2095578303289911	0.1652887117130212	-0.04426911861596991		0.6196384608447509	True	0.0080562084913253	False
COAD_VisiumHD_FFPE_to_CosMx6K	Benchmark_03	COAD	Visium HD FFPE	CosMx 6K	PPP1R9B	0.0018860315393922	0.0790138302166709	0.0771277986772787	0.2539508092853055	0.2309758067578705	-0.022975002527435007		0.4349627794542728	True	0.0061617321334779	False
COAD_VisiumHD_FFPE_to_CosMx6K	Benchmark_03	COAD	Visium HD FFPE	CosMx 6K	PPP2R1B	0.0024968184815065	0.0422059728604889	0.0397091543789824	0.2367351983169345	0.2135781027705163	-0.023157095546418177		0.4308870390001296	True	0.0247067008167505	False
COAD_VisiumHD_FFPE_to_CosMx6K	Benchmark_03	COAD	Visium HD FFPE	CosMx 6K	PPP2R2A	0.0032537829001837	0.1004192771733677	0.097165494273184	0.2207727099730984	0.1943555892657465	-0.026417120707351888		0.4740525992266576	True	0.0184713806957006	False
COAD_VisiumHD_FFPE_to_CosMx6K	Benchmark_03	COAD	Visium HD FFPE	CosMx 6K	PPP2R5A	0.0046000385600453	0.0147466936538104	0.0101466550937651	0.2104318522255755	0.1771516730915487	-0.03328017913402681		0.5427436777178581	True	0.0053338445723056	False
COAD_VisiumHD_FFPE_to_CosMx6K	Benchmark_03	COAD	Visium HD FFPE	CosMx 6K	PPP2R5C	-0.0004775399401806	-0.0045965157218976	-0.004118975781717	0.2334250572124744	0.2085205242818565	-0.024904532930617895		0.4545969467377075	True	-0.0016511286376044	False
COAD_VisiumHD_FFPE_to_CosMx6K	Benchmark_03	COAD	Visium HD FFPE	CosMx 6K	PPP2R5D	0.0044073820212607	0.0171832365235337	0.012775854502273	0.1897625937619099	0.1589741643137481	-0.03078842944816179		0.547286674958006	True	0.0064277257770299	False
COAD_VisiumHD_FFPE_to_CosMx6K	Benchmark_03	COAD	Visium HD FFPE	CosMx 6K	PPP3CA	-0.0007665100128111	0.0250971428170629	0.025863652829874	0.2199492613570364	0.1831195071660445	-0.03682975419099191		0.5530041657134258	True	-0.0022932030260562	False
COAD_VisiumHD_FFPE_to_CosMx6K	Benchmark_03	COAD	Visium HD FFPE	CosMx 6K	PPP3CB	0.0019794377846368	-0.0426257719005178	-0.0446052096851546	0.2320312036154412	0.2020503491116942	-0.02998085450374699		0.4921342164811344	True	-0.0022549573332071	False
COAD_VisiumHD_FFPE_to_CosMx6K	Benchmark_03	COAD	Visium HD FFPE	CosMx 6K	PPP3R1	0.002879608633101	0.0047621212408756	0.0018825126077746	0.2081848603716898	0.1649132747841122	-0.0432715855875776		0.6159551153786877	True	0.0012442248407751	False
COAD_VisiumHD_FFPE_to_CosMx6K	Benchmark_03	COAD	Visium HD FFPE	CosMx 6K	PPP4C	0.0018877575088804	0.0662234728666939	0.0643357153578135	0.2664074983798006	0.2250920388878568	-0.04131545949194379		0.535500958464273	True	0.009725360199809	False
COAD_VisiumHD_FFPE_to_CosMx6K	Benchmark_03	COAD	Visium HD FFPE	CosMx 6K	PPP6C	0.0024471151210744	0.0178605115883824	0.015413396467308	0.2296680451073893	0.1980504765025689	-0.0316175686048204		0.5061979946087494	True	0.0049835476092994	False
COAD_VisiumHD_FFPE_to_CosMx6K	Benchmark_03	COAD	Visium HD FFPE	CosMx 6K	PPP6R3	0.0011541230915892	0.0144719765603415	0.0133178534687523	0.2065721560935902	0.1735934608853989	-0.0329786952081913		0.5432687113837308	True	-0.0037818232085555	False
COAD_VisiumHD_FFPE_to_CosMx6K	Benchmark_03	COAD	Visium HD FFPE	CosMx 6K	PPT1	0.0046446936949435	0.0883837647087331	0.0837390710137896	0.2213020409947397	0.1720826500138539	-0.04921939098088582		0.6265767670347926	True	0.0157477837055921	False
COAD_VisiumHD_FFPE_to_CosMx6K	Benchmark_03	COAD	Visium HD FFPE	CosMx 6K	PRCC	0.0018051472258505	0.0296248210411319	0.027819673815281398	0.2048276696297643	0.1756883697353801	-0.029139299894384185		0.5140773060864146	True	-0.0056205918081104	False
COAD_VisiumHD_FFPE_to_CosMx6K	Benchmark_03	COAD	Visium HD FFPE	CosMx 6K	PRDM1	-0.003359879814401	0.0560114846254176	0.0593713644398186	0.2544351967694214	0.1801751634040841	-0.07426003336533729		0.6887205045135038	True	0.0115847056731581	False
COAD_VisiumHD_FFPE_to_CosMx6K	Benchmark_03	COAD	Visium HD FFPE	CosMx 6K	PRDX2	0.018954515814137	0.2806508607448638	0.2616963449307268	0.453310475889005	0.373708140589214	-0.07960233529979105		0.5834683910260651	True	0.0688575208187103	False
COAD_VisiumHD_FFPE_to_CosMx6K	Benchmark_03	COAD	Visium HD FFPE	CosMx 6K	PRDX4	-0.0036174790006211	0.0925886727118762	0.09620615171249729	0.2798564661134002	0.2224847336917473	-0.057371732421652916		0.6021640651941388	True	0.0032553805503994	False
COAD_VisiumHD_FFPE_to_CosMx6K	Benchmark_03	COAD	Visium HD FFPE	CosMx 6K	PRDX5	0.0028078165137534	0.1303657603631384	0.127557943849385	0.2631299431257116	0.2301405617251556	-0.03298938140055599		0.4853377905607843	True	0.0011168391210958	False
COAD_VisiumHD_FFPE_to_CosMx6K	Benchmark_03	COAD	Visium HD FFPE	CosMx 6K	PREP	0.0031530573974726	0.1139488041299739	0.1107957467325013	0.2580334291023095	0.2300338839936374	-0.027999545108672086		0.4522445217537365	True	0.0011008204892277	False
COAD_VisiumHD_FFPE_to_CosMx6K	Benchmark_03	COAD	Visium HD FFPE	CosMx 6K	PRKAA1	0.0011125419603878	0.0279983387314565	0.026885796771068702	0.2006024498728517	0.1552036383853466	-0.0453988114875051		0.6425400151252958	True	-0.0066705853678286	False
COAD_VisiumHD_FFPE_to_CosMx6K	Benchmark_03	COAD	Visium HD FFPE	CosMx 6K	PRKAB1	0.0041685980193121	0.0662385052899291	0.062069907270616995	0.2406960143021525	0.2132469761041708	-0.027449038197981723		0.4639691792386157	True	0.008290278725326	False
COAD_VisiumHD_FFPE_to_CosMx6K	Benchmark_03	COAD	Visium HD FFPE	CosMx 6K	PRKACA	0.0065814288403083	0.0393989463298554	0.032817517489547095	0.2537046952837262	0.2020551179612646	-0.05164957732246159		0.6062909893376296	True	0.0122186318039894	False
COAD_VisiumHD_FFPE_to_CosMx6K	Benchmark_03	COAD	Visium HD FFPE	CosMx 6K	PRKAR1A	0.001557712116048	0.1882796815447005	0.18672196942865252	0.3723537915203636	0.3349617957183341	-0.037391995802029454		0.4534215023916289	True	0.0047438666224479	False
COAD_VisiumHD_FFPE_to_CosMx6K	Benchmark_03	COAD	Visium HD FFPE	CosMx 6K	PRKCD	0.0006077415517871	0.0711409637223081	0.070533222170521	0.2065988247703333	0.1801863519552766	-0.02641247281505671		0.4898167998416495	True	-0.0050945947878062	False
COAD_VisiumHD_FFPE_to_CosMx6K	Benchmark_03	COAD	Visium HD FFPE	CosMx 6K	PRKDC	0.00556422768608	0.1100810131743905	0.10451678548831049	0.2691680064801386	0.2235418939540039	-0.045626112526134716		0.5694863475095207	True	0.0260934736579656	False
COAD_VisiumHD_FFPE_to_CosMx6K	Benchmark_03	COAD	Visium HD FFPE	CosMx 6K	PRMT1	-0.0023291667839167	0.1909727723092792	0.1933019390931959	0.2926519886560638	0.262862291070387	-0.02978969758567679		0.4380657292585498	True	0.0238540824502706	False
COAD_VisiumHD_FFPE_to_CosMx6K	Benchmark_03	COAD	Visium HD FFPE	CosMx 6K	PRPF19	0.0048956194322101	0.0854530231270619	0.0805574036948518	0.243770021467834	0.2037112696048693	-0.0400587518629647		0.5560959091647437	True	0.0115542523562908	False
COAD_VisiumHD_FFPE_to_CosMx6K	Benchmark_03	COAD	Visium HD FFPE	CosMx 6K	PRPF3	0.0031476006933081	-0.0228832199045187	-0.026030820597826798	0.2105759604604257	0.1857462996281081	-0.024829660832317607		0.4710350037814095	True	0.0099661741405725	False
COAD_VisiumHD_FFPE_to_CosMx6K	Benchmark_03	COAD	Visium HD FFPE	CosMx 6K	PRPF31	0.0048158466488387	0.0187997407632425	0.013983894114403799	0.1729671843270824	0.1389256251919937	-0.03404155913508872		0.5973696780360085	True	0.0105510177090764	False
COAD_VisiumHD_FFPE_to_CosMx6K	Benchmark_03	COAD	Visium HD FFPE	CosMx 6K	PRPF40A	0.0074200215999111	0.0748734764309463	0.0674534548310352	0.2740044382265682	0.2226578400037652	-0.05134659822280302		0.5989664708375875	True	0.0094052487984299	False
COAD_VisiumHD_FFPE_to_CosMx6K	Benchmark_03	COAD	Visium HD FFPE	CosMx 6K	PRPF6	0.0100848441117426	0.0676835650090508	0.057598720897308206	0.2637665204372252	0.2285156847663616	-0.035250835670863595		0.5011179934687775	True	0.016730410978198	False
COAD_VisiumHD_FFPE_to_CosMx6K	Benchmark_03	COAD	Visium HD FFPE	CosMx 6K	PRPS2	0.005713118453636	0.0658074027073061	0.060094284253670104	0.2038760234304477	0.1788446101415496	-0.025031413288898102		0.480011975553906	True	0.0091293463483452	False
COAD_VisiumHD_FFPE_to_CosMx6K	Benchmark_03	COAD	Visium HD FFPE	CosMx 6K	PSAP	0.0033599515281313	0.4285308836982344	0.4251709321701031	0.5235916219767647	0.4196327709259167	-0.10395885105084796		0.6025096625309263	True	0.0152764143422245	False
COAD_VisiumHD_FFPE_to_CosMx6K	Benchmark_03	COAD	Visium HD FFPE	CosMx 6K	PSAT1	0.002969066762876	0.1498567330539823	0.1468876662911063	0.2561861446783992	0.2345832275332503	-0.021602917145148864		0.39798031927908	True	0.0115363346412777	False
COAD_VisiumHD_FFPE_to_CosMx6K	Benchmark_03	COAD	Visium HD FFPE	CosMx 6K	PSEN1	0.0021726172237333	0.0493797740301171	0.0472071568063838	0.2380519428047945	0.2062428486008525	-0.031809094203941984		0.499803962566292	True	0.0134569825604557	False
COAD_VisiumHD_FFPE_to_CosMx6K	Benchmark_03	COAD	Visium HD FFPE	CosMx 6K	PSMA2	0.0043156138621083	0.0525279826620174	0.0482123687999091	0.2085110040354551	0.1842683494485989	-0.024242654586856205		0.4676421611900153	True	0.0152706680819392	False
COAD_VisiumHD_FFPE_to_CosMx6K	Benchmark_03	COAD	Visium HD FFPE	CosMx 6K	PSMA4	0.0095950184765124	0.0721638614350731	0.0625688429585607	0.259343439832803	0.2273434906103961	-0.0319999492224069		0.4810181389586466	True	0.0214099884033203	False
COAD_VisiumHD_FFPE_to_CosMx6K	Benchmark_03	COAD	Visium HD FFPE	CosMx 6K	PSMB10	-0.0008657505935873	0.0645123635734579	0.0653781141670452	0.2684344798408428	0.2284466146365856	-0.03998786520425718		0.5246434330746884	True	-0.0028581924270838	False
COAD_VisiumHD_FFPE_to_CosMx6K	Benchmark_03	COAD	Visium HD FFPE	CosMx 6K	PSMB2	0.0001632755181833	0.0001632755181833	0.0	0.2515664106192512	0.2515664106192512	0.0			False	0.0014894752530381	False
COAD_VisiumHD_FFPE_to_CosMx6K	Benchmark_03	COAD	Visium HD FFPE	CosMx 6K	PSMB5	0.003866514490063	0.0855422453402398	0.08167573085017679	0.2722364026756142	0.2286060618902462	-0.04363034078536801		0.547363549720724	True	0.0290129836648702	False
COAD_VisiumHD_FFPE_to_CosMx6K	Benchmark_03	COAD	Visium HD FFPE	CosMx 6K	PSMB8	0.0013343937953406	0.030690180521366	0.0293557867260254	0.2216797270799143	0.1593015981994766	-0.0623781288804377		0.6869477565993966	True	0.0109411273151636	False
COAD_VisiumHD_FFPE_to_CosMx6K	Benchmark_03	COAD	Visium HD FFPE	CosMx 6K	PSMB9	-0.0003469477396398	0.1268088609377124	0.1271558086773522	0.2854488761210034	0.2552668955207518	-0.030181980600251568		0.466998529929347	True	0.0099650146439671	False
COAD_VisiumHD_FFPE_to_CosMx6K	Benchmark_03	COAD	Visium HD FFPE	CosMx 6K	PSMC2	0.0043695989523883	0.029790637661685	0.0254210387092967	0.2534132706625947	0.2327897815051722	-0.020623489157422514		0.3997034412782855	True	0.007173569407314	False
COAD_VisiumHD_FFPE_to_CosMx6K	Benchmark_03	COAD	Visium HD FFPE	CosMx 6K	PSMC3	0.0025512196294629	0.0908718483865996	0.0883206287571367	0.2444195264735477	0.2130056733457341	-0.03141385312781361		0.4906967682427194	True	0.0052581052295863	False
COAD_VisiumHD_FFPE_to_CosMx6K	Benchmark_03	COAD	Visium HD FFPE	CosMx 6K	PSMC4	0.0011077896779388	0.0998116343246614	0.0987038446467226	0.2433047942342328	0.2172197597155724	-0.0260850345186604		0.4530090146297023	True	-0.0002832582977134	False
COAD_VisiumHD_FFPE_to_CosMx6K	Benchmark_03	COAD	Visium HD FFPE	CosMx 6K	PSMC5	0.0043820368595782	0.0671167390479934	0.06273470218841519	0.2730880507901757	0.2371483106621494	-0.03593974012802628		0.4958844392728985	True	0.007151847705245	False
COAD_VisiumHD_FFPE_to_CosMx6K	Benchmark_03	COAD	Visium HD FFPE	CosMx 6K	PSMD1	0.0041926126444134	0.049364491460259	0.0451718788158456	0.2007970602307088	0.1655205391364873	-0.035276521094221525		0.5685775260535598	True	0.0074144997633993	False
COAD_VisiumHD_FFPE_to_CosMx6K	Benchmark_03	COAD	Visium HD FFPE	CosMx 6K	PSMD12	0.0001178223544194	0.0326222240716564	0.032504401717237	0.2155378190079361	0.1888885269785206	-0.02664929202941549		0.4817102509617323	True	0.0055590863339602	False
COAD_VisiumHD_FFPE_to_CosMx6K	Benchmark_03	COAD	Visium HD FFPE	CosMx 6K	PSMD13	0.0006153857933548	0.0531353059724176	0.0525199201790628	0.2378450682024752	0.1957901796675195	-0.0420548885349557		0.5671254917756732	True	-0.0050644660368561	False
COAD_VisiumHD_FFPE_to_CosMx6K	Benchmark_03	COAD	Visium HD FFPE	CosMx 6K	PSMD3	0.004100480436481	0.0666032873924553	0.06250280695597431	0.2436570411412595	0.2080945603392252	-0.03556248080203431		0.52027781744022	True	0.009013021364808	False
COAD_VisiumHD_FFPE_to_CosMx6K	Benchmark_03	COAD	Visium HD FFPE	CosMx 6K	PSMD4	0.0074189142416091	0.0793612464879081	0.07194233224629899	0.2802083494988935	0.2577873685355081	-0.022420980963385406		0.3958238900739148	True	0.0042391968891024	False
COAD_VisiumHD_FFPE_to_CosMx6K	Benchmark_03	COAD	Visium HD FFPE	CosMx 6K	PSMD6	0.0015484374945552	0.0499145212794368	0.0483660837848816	0.21920418954771	0.1887651337037855	-0.030439055843924506		0.5084039008152631	True	0.0088208196684718	False
COAD_VisiumHD_FFPE_to_CosMx6K	Benchmark_03	COAD	Visium HD FFPE	CosMx 6K	PSMD7	0.0025161709498158	0.0907951520813674	0.08827898113155161	0.2185123979566777	0.1891152529495513	-0.029397145007126396		0.5009667370073574	True	0.0011904711136594	False
COAD_VisiumHD_FFPE_to_CosMx6K	Benchmark_03	COAD	Visium HD FFPE	CosMx 6K	PSMD9	0.002540770577095	0.0300393665408246	0.027498595963729597	0.2153764967894973	0.1838131423639693	-0.03156335442552799		0.5210713065507321	True	-0.0014380087377503	False
COAD_VisiumHD_FFPE_to_CosMx6K	Benchmark_03	COAD	Visium HD FFPE	CosMx 6K	PSME1	0.0130642463403885	0.0598681752380194	0.046803928897630895	0.4046279488871819	0.32949440055484	-0.07513354833234193		0.5975593150598337	True	0.0108347134664654	False
COAD_VisiumHD_FFPE_to_CosMx6K	Benchmark_03	COAD	Visium HD FFPE	CosMx 6K	PSMF1	0.0075899665048425	0.0901102270673032	0.0825202605624607	0.2992421157168998	0.2485346964979648	-0.050707419218934985		0.5660798380451199	True	0.0104169100522995	False
COAD_VisiumHD_FFPE_to_CosMx6K	Benchmark_03	COAD	Visium HD FFPE	CosMx 6K	PTBP1	0.005423061032028	0.1621736498305428	0.1567505887985148	0.3400780464300516	0.3202740059415387	-0.019804040488512864		0.3377804691565025	True	-8.515022636856884e-05	False
COAD_VisiumHD_FFPE_to_CosMx6K	Benchmark_03	COAD	Visium HD FFPE	CosMx 6K	PTDSS1	0.0022595334836779	0.073473710003389	0.0712141765197111	0.2160735699051631	0.1917428541506106	-0.024330715754552507		0.4616729976684017	True	-0.0080453911796212	False
COAD_VisiumHD_FFPE_to_CosMx6K	Benchmark_03	COAD	Visium HD FFPE	CosMx 6K	PTEN	0.0105720039587882	-0.1093920892328116	-0.1199640931915998	0.8989708391776743	0.8951729098312087	-0.0037979293464656116		0.1411218462634506	True	-0.0019476609304547	False
COAD_VisiumHD_FFPE_to_CosMx6K	Benchmark_03	COAD	Visium HD FFPE	CosMx 6K	PTGES2	0.0004027312194662	0.1004054830651478	0.1000027518456816	0.2222929798429856	0.1866441547146223	-0.03564882512836329		0.5447646612129615	True	0.0068448265083134	False
COAD_VisiumHD_FFPE_to_CosMx6K	Benchmark_03	COAD	Visium HD FFPE	CosMx 6K	PTK2	0.0091808126996654	0.0999918835902152	0.0908110708905498	0.7276045094049142	0.719764283792756	-0.007840225612158136		0.1671301849893903	True	0.0076686330139636	False
COAD_VisiumHD_FFPE_to_CosMx6K	Benchmark_03	COAD	Visium HD FFPE	CosMx 6K	PTK2B	-0.0024403008731109	0.0855876552232141	0.088027956096325	0.1994207845280229	0.1649091646441889	-0.034511619883834		0.5605705548582295	True	0.0015553918201476	False
COAD_VisiumHD_FFPE_to_CosMx6K	Benchmark_03	COAD	Visium HD FFPE	CosMx 6K	PTPN1	-0.0007771109619543	-0.0007771109619543	0.0	0.2645029984365874	0.2645029984365874	0.0			False	-0.0067082154564559	False
COAD_VisiumHD_FFPE_to_CosMx6K	Benchmark_03	COAD	Visium HD FFPE	CosMx 6K	PTPN12	0.0035503632333812	0.0085076192161485	0.004957255982767299	0.1793227305412509	0.1460933715487016	-0.03322935899254928		0.5805389155037975	True	0.0240167565643787	False
COAD_VisiumHD_FFPE_to_CosMx6K	Benchmark_03	COAD	Visium HD FFPE	CosMx 6K	PTPRF	-8.457488809619e-05	0.0821129859701738	0.08219756085826999	0.2143573794888403	0.1844505089497296	-0.029906870539110675		0.5095550267945321	True	0.0067186495289206	False
COAD_VisiumHD_FFPE_to_CosMx6K	Benchmark_03	COAD	Visium HD FFPE	CosMx 6K	PTPRG	0.003950582385354	0.026759985494489	0.022809403109135	0.2141363032438669	0.175800006171353	-0.0383362970725139		0.5752088405974717	True	0.0122569538652896	False
COAD_VisiumHD_FFPE_to_CosMx6K	Benchmark_03	COAD	Visium HD FFPE	CosMx 6K	PTPRK	0.0048382332670019	0.0466537592763806	0.041815526009378705	0.2213242764190996	0.1764383991115196	-0.04488587730758001		0.6226092270930743	True	0.0218638367950916	False
COAD_VisiumHD_FFPE_to_CosMx6K	Benchmark_03	COAD	Visium HD FFPE	CosMx 6K	PUF60	0.0049103743691452	0.1298618565084455	0.12495148213930031	0.2667717796472121	0.2319373306843512	-0.03483444896286089		0.4940878832275525	True	0.0219306237995624	False
COAD_VisiumHD_FFPE_to_CosMx6K	Benchmark_03	COAD	Visium HD FFPE	CosMx 6K	PXDN	0.0008461551314557	0.1781574607400263	0.1773113056085706	0.233692056178821	0.1898611614570419	-0.04383089472177909		0.5866268479445496	True	0.0143369287252426	False
COAD_VisiumHD_FFPE_to_CosMx6K	Benchmark_03	COAD	Visium HD FFPE	CosMx 6K	PXN	-0.0010720499877416	0.039777105082323	0.040849155070064605	0.257238651435715	0.2271963031206329	-0.030042348315082096		0.4708012765977236	True	0.0024599274620413	False
COAD_VisiumHD_FFPE_to_CosMx6K	Benchmark_03	COAD	Visium HD FFPE	CosMx 6K	PYGB	-0.0007689587851654	0.090204867138155	0.0909738259233204	0.2552764961457164	0.2137565567784394	-0.04151993936727699		0.5444800817813122	True	0.0059837028384208	False
COAD_VisiumHD_FFPE_to_CosMx6K	Benchmark_03	COAD	Visium HD FFPE	CosMx 6K	RAB10	0.002390011133066	0.0430777801400311	0.0406877690069651	0.2304948603406065	0.1875318132953959	-0.04296304704521062		0.5840568011148786	True	-0.001009676256217	False
COAD_VisiumHD_FFPE_to_CosMx6K	Benchmark_03	COAD	Visium HD FFPE	CosMx 6K	RAB11A	0.0011292182407526	0.0875749727039025	0.08644575446314991	0.2691022726601262	0.2497249280890772	-0.019377344571049004		0.3746020915191929	True	0.023554565384984	False
COAD_VisiumHD_FFPE_to_CosMx6K	Benchmark_03	COAD	Visium HD FFPE	CosMx 6K	RAB11B	0.0033127660551641	0.0102617028934322	0.006948936838268101	0.2593682924217864	0.2173555267802023	-0.04201276564158407		0.5438182544240727	True	0.0069140177220106	False
COAD_VisiumHD_FFPE_to_CosMx6K	Benchmark_03	COAD	Visium HD FFPE	CosMx 6K	RAB11FIP1	0.0029487224363038	0.1740754937758626	0.17112677133955878	0.278750004917635	0.2403921494095472	-0.03835785550808782		0.5063960094680308	True	0.0226501300930976	False
COAD_VisiumHD_FFPE_to_CosMx6K	Benchmark_03	COAD	Visium HD FFPE	CosMx 6K	RAB14	0.0020848539291062	0.0375828121221077	0.0354979581930015	0.2283363252605714	0.1962540850700493	-0.03208224019052211		0.5108940197876796	True	0.0047214203514158	False
COAD_VisiumHD_FFPE_to_CosMx6K	Benchmark_03	COAD	Visium HD FFPE	CosMx 6K	RAB18	0.0010863047515929	0.0148172098713274	0.0137309051197345	0.1781519846081762	0.1377048724047829	-0.04044711220339328		0.6367536061271621	True	0.0031010049860924	False
COAD_VisiumHD_FFPE_to_CosMx6K	Benchmark_03	COAD	Visium HD FFPE	CosMx 6K	RAB1B	0.0016213332410804	0.0972954758288862	0.09567414258780581	0.2838864298689266	0.2634120215793483	-0.020474408289578305		0.3852154062632562	True	-0.0031314042862504	False
COAD_VisiumHD_FFPE_to_CosMx6K	Benchmark_03	COAD	Visium HD FFPE	CosMx 6K	RAB27A	-0.0047077622250386	0.0515860087147037	0.056293770939742305	0.2355244851644511	0.2023743049703439	-0.033150180194107204		0.5156362084763816	True	0.006036662030965	False
COAD_VisiumHD_FFPE_to_CosMx6K	Benchmark_03	COAD	Visium HD FFPE	CosMx 6K	RAB2A	0.0032070225280079	0.0844752179455766	0.08126819541756869	0.2894228268636202	0.2528535201432108	-0.03656930672040942		0.4870661731394193	True	0.0036211414262652	False
COAD_VisiumHD_FFPE_to_CosMx6K	Benchmark_03	COAD	Visium HD FFPE	CosMx 6K	RAB3IP	0.0096215452774693	0.0179518631440099	0.0083303178665406	0.2392826786838649	0.1960299177874384	-0.04325276089642652		0.6162712794251712	True	0.045324258506298	False
COAD_VisiumHD_FFPE_to_CosMx6K	Benchmark_03	COAD	Visium HD FFPE	CosMx 6K	RAB4A	0.0037031885762707	0.034035539145038	0.030332350568767298	0.2332870186828881	0.1918550788937629	-0.04143193978912518		0.5759853914901774	True	0.0011540804989635	False
COAD_VisiumHD_FFPE_to_CosMx6K	Benchmark_03	COAD	Visium HD FFPE	CosMx 6K	RAB5A	0.0046905096020172	0.0083569500000232	0.0036664403980060005	0.2099119681436018	0.1829978446377582	-0.0269141235058436		0.4899561084454467	True	-0.0022156292106956	False
COAD_VisiumHD_FFPE_to_CosMx6K	Benchmark_03	COAD	Visium HD FFPE	CosMx 6K	RAB5B	0.0010671398194509	0.0295966558013168	0.0285295159818659	0.2302457678231408	0.1976782416367546	-0.0325675261863862		0.5124000094057948	True	0.0111654046922922	False
COAD_VisiumHD_FFPE_to_CosMx6K	Benchmark_03	COAD	Visium HD FFPE	CosMx 6K	RAB5C	-0.0004207612018527	0.1192201051091603	0.119640866311013	0.2554362976862668	0.2037888029525452	-0.0516474947337216		0.5989143649242653	True	0.0040068812668323	False
COAD_VisiumHD_FFPE_to_CosMx6K	Benchmark_03	COAD	Visium HD FFPE	CosMx 6K	RAB6A	0.000451794257861	0.0388994163141412	0.038447622056280197	0.2223493752721877	0.1857171423386343	-0.036632232933553416		0.5488408098021795	True	0.0125378454104065	False
COAD_VisiumHD_FFPE_to_CosMx6K	Benchmark_03	COAD	Visium HD FFPE	CosMx 6K	RAB7A	0.0019837546603419	0.1363678013401573	0.1343840466798154	0.2891231476235482	0.2636617362520341	-0.025461411371514087		0.4166435076794068	True	-0.0029220313299447	False
COAD_VisiumHD_FFPE_to_CosMx6K	Benchmark_03	COAD	Visium HD FFPE	CosMx 6K	RAB8A	0.0019137465726878	0.0546940520018677	0.0527803054291799	0.2322333322784693	0.1902410968252597	-0.0419922354532096		0.5727524399452489	True	-0.0053089801222085	False
COAD_VisiumHD_FFPE_to_CosMx6K	Benchmark_03	COAD	Visium HD FFPE	CosMx 6K	RAC1	-0.0024395787887338	0.1206252710747832	0.123064849863517	0.3604096245340933	0.3299958196226825	-0.030413804911410824		0.4174641715758755	True	0.0065461308695375	False
COAD_VisiumHD_FFPE_to_CosMx6K	Benchmark_03	COAD	Visium HD FFPE	CosMx 6K	RACK1	0.0134150334830722	0.2403669345898865	0.2269519011068143	0.458892354651392	0.3892152462183909	-0.06967710843300112		0.529779907494336	True	0.0402297638356685	False
COAD_VisiumHD_FFPE_to_CosMx6K	Benchmark_03	COAD	Visium HD FFPE	CosMx 6K	RAD21	0.005524415647076	0.0667156714643677	0.0611912558172917	0.2567665262784732	0.234415550619286	-0.022350975659187172		0.4075474430631781	True	0.0096645532175898	False
COAD_VisiumHD_FFPE_to_CosMx6K	Benchmark_03	COAD	Visium HD FFPE	CosMx 6K	RAD23A	0.0059467737812536	0.0571999043204414	0.0512531305391878	0.2682958145769271	0.2374229048523994	-0.030872909724527692		0.4656499171798299	True	0.0053923241794109	False
COAD_VisiumHD_FFPE_to_CosMx6K	Benchmark_03	COAD	Visium HD FFPE	CosMx 6K	RAD23B	0.0045187427895414	0.1004963111209753	0.09597756833143391	0.3063204311087056	0.275415662161358	-0.030904768947347616		0.4379057259550684	True	0.0029042512178421	False
COAD_VisiumHD_FFPE_to_CosMx6K	Benchmark_03	COAD	Visium HD FFPE	CosMx 6K	RAE1	0.0069922752979235	0.0719586055275582	0.0649663302296347	0.23480500945868	0.2116268104371628	-0.023178199021517187		0.4304106143453171	True	0.0082445256412029	False
COAD_VisiumHD_FFPE_to_CosMx6K	Benchmark_03	COAD	Visium HD FFPE	CosMx 6K	RANGAP1	0.0029986957409127	0.0895780705733816	0.0865793748324689	0.2054895888886061	0.1788554337796656	-0.026634155108940516		0.4923631761453013	True	0.0119153819978237	False
COAD_VisiumHD_FFPE_to_CosMx6K	Benchmark_03	COAD	Visium HD FFPE	CosMx 6K	RAP1A	0.0004177886838381	0.0606578680537455	0.0602400793699074	0.2331771452308772	0.2003269770773062	-0.032850168153571		0.5128325188567399	True	-0.0074721546843647	False
COAD_VisiumHD_FFPE_to_CosMx6K	Benchmark_03	COAD	Visium HD FFPE	CosMx 6K	RAPGEF1	0.0020112222040781	0.021882405226865	0.019871183022786898	0.2091168957423636	0.1717831039616298	-0.037333791780733816		0.5684149304055893	True	-0.0052230972796678	False
COAD_VisiumHD_FFPE_to_CosMx6K	Benchmark_03	COAD	Visium HD FFPE	CosMx 6K	RB1	0.0059343803141878	0.0038072978810786	-0.0021270824331092	0.2006969933295249	0.1691723750274618	-0.0315246183020631		0.540164775763172	True	0.0259544532746076	False
COAD_VisiumHD_FFPE_to_CosMx6K	Benchmark_03	COAD	Visium HD FFPE	CosMx 6K	RBBP7	0.0047734308044558	0.0383653206307186	0.033591889826262794	0.2017716557675022	0.1732457493409899	-0.028525906426512287		0.5132337669438964	True	0.0095111364498734	False
COAD_VisiumHD_FFPE_to_CosMx6K	Benchmark_03	COAD	Visium HD FFPE	CosMx 6K	RBM17	0.003918200420904	0.0153922190323246	0.0114740186114206	0.2474120612424001	0.2150101247439131	-0.032401936498486994		0.4948098538581921	True	-0.0051044137217104	False
COAD_VisiumHD_FFPE_to_CosMx6K	Benchmark_03	COAD	Visium HD FFPE	CosMx 6K	RBM25	0.0019603967737316	-0.0147498877644435	-0.0167102845381751	0.2574922657428473	0.2117210944841157	-0.04577117125873159		0.5803860685270519	True	0.0170764792710542	False
COAD_VisiumHD_FFPE_to_CosMx6K	Benchmark_03	COAD	Visium HD FFPE	CosMx 6K	RBM47	-0.0037758875505381	0.149946785417822	0.1537226729683601	0.2642273246831584	0.2357288778413217	-0.028498446841836694		0.4540997859203697	True	0.0066685187630355	False
COAD_VisiumHD_FFPE_to_CosMx6K	Benchmark_03	COAD	Visium HD FFPE	CosMx 6K	RBM5	0.008348627919639	-0.0302986181975201	-0.0386472461171591	0.2610443606926474	0.2249853885434324	-0.036058972149215024		0.5099677026478762	True	0.0227078069001436	False
COAD_VisiumHD_FFPE_to_CosMx6K	Benchmark_03	COAD	Visium HD FFPE	CosMx 6K	RBP4	0.0014372661751018	0.4765740713863595	0.4751368052112577	0.5470496682086691	0.4188556028538315	-0.12819406535483757		0.6595529046806529	True	0.1703241020441055	True
COAD_VisiumHD_FFPE_to_CosMx6K	Benchmark_03	COAD	Visium HD FFPE	CosMx 6K	RBX1	0.0106670015801773	0.095461261587279	0.08479426000710169	0.2994713908566557	0.2695048096183233	-0.0299665812383324		0.4358492823658854	True	0.0155991753563284	False
COAD_VisiumHD_FFPE_to_CosMx6K	Benchmark_03	COAD	Visium HD FFPE	CosMx 6K	REEP5	-0.0012199412073464	0.0240191566180112	0.0252390978253576	0.3018022039219182	0.2805044831802686	-0.021297720741649595		0.3825697192041818	True	0.009009807370603	False
COAD_VisiumHD_FFPE_to_CosMx6K	Benchmark_03	COAD	Visium HD FFPE	CosMx 6K	RERE	0.0022368922853849	-0.0435717128815448	-0.0458086051669297	0.2092997688963297	0.1748073195767545	-0.03449244931957521		0.5486085352951833	True	0.0036340653896331	False
COAD_VisiumHD_FFPE_to_CosMx6K	Benchmark_03	COAD	Visium HD FFPE	CosMx 6K	RGS1	0.0068021256050301	0.2861268559326628	0.2793247303276327	0.3463712664676824	0.277894569978088	-0.06847669648959442		0.604876288738377	True	0.0445624142885208	False
COAD_VisiumHD_FFPE_to_CosMx6K	Benchmark_03	COAD	Visium HD FFPE	CosMx 6K	RGS5	0.0095399949576604	0.3282070381232028	0.3186670431655424	0.3961497987221034	0.3110932528020007	-0.0850565459201027		0.6405039298846701	True	0.0316382683813571	False
COAD_VisiumHD_FFPE_to_CosMx6K	Benchmark_03	COAD	Visium HD FFPE	CosMx 6K	RHOA	0.0030555956634782	0.1572179131963773	0.15416231753289908	0.4179101798073401	0.3673865383964053	-0.050523641410934794		0.4811530209191876	True	0.0166151691228151	False
COAD_VisiumHD_FFPE_to_CosMx6K	Benchmark_03	COAD	Visium HD FFPE	CosMx 6K	RHOB	-0.0191275852260001	0.2236945864311081	0.2428221716571082	0.475166061525984	0.3943916460845882	-0.0807744154413958		0.5579645151908782	True	0.052608273923397	False
COAD_VisiumHD_FFPE_to_CosMx6K	Benchmark_03	COAD	Visium HD FFPE	CosMx 6K	RHOBTB3	0.0032894086932153	0.0292415290845395	0.025952120391324197	0.2145551477915749	0.1905067221235683	-0.02404842566800658		0.4598313503424918	True	0.0058194049634039	False
COAD_VisiumHD_FFPE_to_CosMx6K	Benchmark_03	COAD	Visium HD FFPE	CosMx 6K	RHOC	-0.0045605050733778	0.1823366323735109	0.18689713744688868	0.3985605016599655	0.3345447892105618	-0.06401571244940368		0.5418222195852108	True	0.015072489157319	False
COAD_VisiumHD_FFPE_to_CosMx6K	Benchmark_03	COAD	Visium HD FFPE	CosMx 6K	RNASE1	0.0014947066702816	0.1266746222155159	0.1251799155452343	0.2217764779573417	0.1780452633719468	-0.04373121458539492		0.5950349128603781	True	-0.0021731231827288	False
COAD_VisiumHD_FFPE_to_CosMx6K	Benchmark_03	COAD	Visium HD FFPE	CosMx 6K	RNF114	0.0062881257166804	0.1009333456440027	0.0946452199273223	0.2800808883105364	0.2439289509730237	-0.03615193733751271		0.4914567733485418	True	0.017785707488656	False
COAD_VisiumHD_FFPE_to_CosMx6K	Benchmark_03	COAD	Visium HD FFPE	CosMx 6K	RNF126	-0.0013941630547009	0.0997044913567183	0.1010986544114192	0.2688670024457017	0.2453313100730574	-0.02353569237264433		0.4101520966909713	True	0.0012158514000475	False
COAD_VisiumHD_FFPE_to_CosMx6K	Benchmark_03	COAD	Visium HD FFPE	CosMx 6K	RNF19A	0.002516355404204	0.002516355404204	0.0	0.2220144663223482	0.2220144663223482	0.0			False	0.0004333900578785	False
COAD_VisiumHD_FFPE_to_CosMx6K	Benchmark_03	COAD	Visium HD FFPE	CosMx 6K	RNF213	0.0002213943367929	0.0404359655603624	0.0402145712235695	0.248949929268913	0.2094752067815847	-0.03947472248732828		0.5388209687528764	True	0.0103328675031661	False
COAD_VisiumHD_FFPE_to_CosMx6K	Benchmark_03	COAD	Visium HD FFPE	CosMx 6K	RNF5	0.0023880302453751	0.0129004592992846	0.0105124290539095	0.2080417430762022	0.165078588655218	-0.04296315442098422		0.6205323514357844	True	0.0088254753500223	False
COAD_VisiumHD_FFPE_to_CosMx6K	Benchmark_03	COAD	Visium HD FFPE	CosMx 6K	RNF7	0.0063251521765397	0.033115385797382	0.026790233620842298	0.3015686099338832	0.2344786783588441	-0.06708993157503909		0.6632089201361596	True	0.0213442798703908	False
COAD_VisiumHD_FFPE_to_CosMx6K	Benchmark_03	COAD	Visium HD FFPE	CosMx 6K	ROCK1	0.0001954741524884	0.0001954741524884	0.0	0.1825264176629052	0.1825264176629052	0.0			False	0.0077360454015433	False
COAD_VisiumHD_FFPE_to_CosMx6K	Benchmark_03	COAD	Visium HD FFPE	CosMx 6K	ROCK2	0.0052705697372156	0.0570352256087577	0.051764655871542095	0.2481842601280948	0.21150553214833	-0.03667872797976479		0.5264093754291775	True	0.0067516309209167	False
COAD_VisiumHD_FFPE_to_CosMx6K	Benchmark_03	COAD	Visium HD FFPE	CosMx 6K	ROMO1	0.0171456059186589	0.2827654322629776	0.26561982634431874	0.4334282164007894	0.3776883066599033	-0.05573990974088611		0.4892692957374455	True	0.0341593027114868	False
COAD_VisiumHD_FFPE_to_CosMx6K	Benchmark_03	COAD	Visium HD FFPE	CosMx 6K	RPA1	0.0108505827877475	0.0520510340256281	0.0412004512378806	0.220457002913274	0.1891872718080864	-0.031269731105187604		0.5152259865190341	True	0.0115906428545713	False
COAD_VisiumHD_FFPE_to_CosMx6K	Benchmark_03	COAD	Visium HD FFPE	CosMx 6K	RPIA	0.0065766935768908	0.0850357891655022	0.0784590955886114	0.2220559757995036	0.192978977713315	-0.029076998086188605		0.4953767508458318	True	0.0012421942083165	False
COAD_VisiumHD_FFPE_to_CosMx6K	Benchmark_03	COAD	Visium HD FFPE	CosMx 6K	RPN1	0.0006342440366131	0.0837556660084669	0.0831214219718538	0.2442970296426035	0.2099512226005481	-0.03434580704205539		0.5110692352667271	True	0.0001734903635224	False
COAD_VisiumHD_FFPE_to_CosMx6K	Benchmark_03	COAD	Visium HD FFPE	CosMx 6K	RPN2	0.0053030854674588	0.1613525865797449	0.1560495011122861	0.3507965368762323	0.3298187844226816	-0.020977752453550713		0.3527667859111186	True	0.0025529458653181	False
COAD_VisiumHD_FFPE_to_CosMx6K	Benchmark_03	COAD	Visium HD FFPE	CosMx 6K	RRBP1	0.0458357182984922	0.2377548932160176	0.1919191749175254	0.5758831592437275	0.4910531103822032	-0.08483004886152429		0.5565135243057321	True	0.059585977345705	False
COAD_VisiumHD_FFPE_to_CosMx6K	Benchmark_03	COAD	Visium HD FFPE	CosMx 6K	RSU1	-0.0004848014625661	0.0826506496171828	0.0831354510797489	0.2214664872433545	0.196261203250866	-0.025205283992488503		0.4672987913719336	True	0.0038626578170806	False
COAD_VisiumHD_FFPE_to_CosMx6K	Benchmark_03	COAD	Visium HD FFPE	CosMx 6K	RTN3	0.0047017652705906	0.0336208151350831	0.0289190498644925	0.2610318281082983	0.2031140630521014	-0.05791776505619689		0.6585303940935503	True	0.0105532091110944	False
COAD_VisiumHD_FFPE_to_CosMx6K	Benchmark_03	COAD	Visium HD FFPE	CosMx 6K	RTN4	0.0042883379660109	0.1203083055568328	0.1160199675908219	0.3358235550192375	0.2960561370715659	-0.03976741794767158		0.4747269834666006	True	0.0088949017226696	False
COAD_VisiumHD_FFPE_to_CosMx6K	Benchmark_03	COAD	Visium HD FFPE	CosMx 6K	RUFY1	0.0038288151674759	-7.313630749436343e-05	-0.0039019514749702635	0.1969501396255339	0.1645164231212707	-0.03243371650426319		0.5492148602416745	True	0.0017646747874096	False
COAD_VisiumHD_FFPE_to_CosMx6K	Benchmark_03	COAD	Visium HD FFPE	CosMx 6K	RUNX1	0.0006600440151098	0.1285750655097084	0.1279150214945986	0.2796200875167108	0.2458817242670946	-0.03373836324961621		0.4873696309545964	True	0.0054951892234385	False
COAD_VisiumHD_FFPE_to_CosMx6K	Benchmark_03	COAD	Visium HD FFPE	CosMx 6K	RXRA	0.0058289183485804	0.0649453264391177	0.059116408090537295	0.2445367966837725	0.205750720371589	-0.038786076312183504		0.5437579366006311	True	0.00625168858096	False
COAD_VisiumHD_FFPE_to_CosMx6K	Benchmark_03	COAD	Visium HD FFPE	CosMx 6K	RYBP	0.0044035809890966	0.0044035809890966	0.0	0.2189455593136335	0.2189455593136335	0.0			False	0.0003341703559271	False
COAD_VisiumHD_FFPE_to_CosMx6K	Benchmark_03	COAD	Visium HD FFPE	CosMx 6K	S100A10	0.0494907667829563	0.2787142045040404	0.22922343772108408	0.6031963288115418	0.5110620649698329	-0.09213426384170897		0.5322409373399534	True	0.0893779471516609	False
COAD_VisiumHD_FFPE_to_CosMx6K	Benchmark_03	COAD	Visium HD FFPE	CosMx 6K	S100A14	0.0099307969817941	0.3492967429353437	0.3393659459535496	0.3884013534270168	0.3457508658872652	-0.04265048753975159		0.4548288833091748	True	0.0347540713846683	False
COAD_VisiumHD_FFPE_to_CosMx6K	Benchmark_03	COAD	Visium HD FFPE	CosMx 6K	S100A16	0.0007872744134608	0.1138622082527229	0.1130749338392621	0.272787458245027	0.2146363331603159	-0.05815112508471107		0.6232179305013912	True	-0.0001989310694625	False
COAD_VisiumHD_FFPE_to_CosMx6K	Benchmark_03	COAD	Visium HD FFPE	CosMx 6K	S100A4	0.0020863859145037	0.2291067554309497	0.227020369516446	0.3290430845694838	0.2944373324554596	-0.03460575211402417		0.4717249012593816	True	0.0226499419659376	False
COAD_VisiumHD_FFPE_to_CosMx6K	Benchmark_03	COAD	Visium HD FFPE	CosMx 6K	S100A6	-0.0136353511447288	0.4019107340267955	0.4155460851715243	0.6688246605363968	0.4482603796402067	-0.22056428089619007		0.7497791903172026	True	0.211544930934906	True
COAD_VisiumHD_FFPE_to_CosMx6K	Benchmark_03	COAD	Visium HD FFPE	CosMx 6K	S100A9	-0.0444147172935142	0.3697039190270265	0.4141186363205407	0.4107272157079137	0.287367873698745	-0.1233593420091687		0.7276624622735633	True	0.3613762557506561	True
COAD_VisiumHD_FFPE_to_CosMx6K	Benchmark_03	COAD	Visium HD FFPE	CosMx 6K	SAMD1	0.0033085663060789	0.0980131109571012	0.09470454465102231	0.2564339438834632	0.2285832481701538	-0.027850695713309392		0.4524070262480124	True	0.0024563719052821	False
COAD_VisiumHD_FFPE_to_CosMx6K	Benchmark_03	COAD	Visium HD FFPE	CosMx 6K	SAMHD1	-6.122926478490446e-05	0.0869089707936018	0.0869702000583867	0.2206311045827344	0.1731398112070939	-0.04749129337564051		0.6141500086752425	True	0.0058798175305128	False
COAD_VisiumHD_FFPE_to_CosMx6K	Benchmark_03	COAD	Visium HD FFPE	CosMx 6K	SAT1	-0.0235439800316587	0.2259097792519391	0.2494537592835978	0.4674356721052822	0.3096068015994806	-0.15782887050580158		0.749528915373396	True	0.0923459753394126	False
COAD_VisiumHD_FFPE_to_CosMx6K	Benchmark_03	COAD	Visium HD FFPE	CosMx 6K	SBNO2	-0.0047191469625265	0.0996421328140545	0.104361279776581	0.2305484366806604	0.194179826188695	-0.03636861049196541		0.5383976414064509	True	0.0139664551243186	False
COAD_VisiumHD_FFPE_to_CosMx6K	Benchmark_03	COAD	Visium HD FFPE	CosMx 6K	SCAP	0.0052488642275953	0.1006010273220839	0.0953521630944886	0.2280759375137867	0.1986571242429438	-0.029418813270842892		0.4912741617898991	True	0.0161832347512245	False
COAD_VisiumHD_FFPE_to_CosMx6K	Benchmark_03	COAD	Visium HD FFPE	CosMx 6K	SCARB1	0.0055645973935041	0.0975285501049336	0.0919639527114295	0.2202920143080138	0.1939256545061351	-0.02636635980187868		0.4740504481208293	True	0.0189437884837389	False
COAD_VisiumHD_FFPE_to_CosMx6K	Benchmark_03	COAD	Visium HD FFPE	CosMx 6K	SCARB2	0.016027875505879	0.0020740313857509	-0.013953844120128098	0.3184134098668456	0.2606836234304492	-0.05772978643639637		0.5987330655509148	True	0.03967996686697	False
COAD_VisiumHD_FFPE_to_CosMx6K	Benchmark_03	COAD	Visium HD FFPE	CosMx 6K	SCCPDH	0.0095062439298114	0.0905636397521905	0.0810573958223791	0.2472678611332153	0.214201865945508	-0.03306599518770731		0.5019652016752701	True	0.0174995232373476	False
COAD_VisiumHD_FFPE_to_CosMx6K	Benchmark_03	COAD	Visium HD FFPE	CosMx 6K	SCP2	0.0019366564410195	-0.0030550359042232	-0.0049916923452427	0.287432517246274	0.2477241177671282	-0.03970839947914581		0.5066942597780935	True	0.0019348261412233	False
COAD_VisiumHD_FFPE_to_CosMx6K	Benchmark_03	COAD	Visium HD FFPE	CosMx 6K	SCRIB	0.0038059076307003	0.1016243409489439	0.09781843331824361	0.2088977755979986	0.1770386994186153	-0.0318590761793833		0.5331358347354749	True	0.017224047333002	False
COAD_VisiumHD_FFPE_to_CosMx6K	Benchmark_03	COAD	Visium HD FFPE	CosMx 6K	SDF2L1	-0.0055351177732921	0.0569261228134714	0.0624612405867635	0.2390755615309523	0.2035273262038242	-0.035548235327128114		0.5250250394275451	True	-0.0024766509886831	False
COAD_VisiumHD_FFPE_to_CosMx6K	Benchmark_03	COAD	Visium HD FFPE	CosMx 6K	SDHA	0.0049593901794487	0.1465974555338181	0.1416380653543694	0.3180886133816986	0.2943362845449087	-0.023752328836789904		0.3867528271493989	True	-0.0006757347728125	False
COAD_VisiumHD_FFPE_to_CosMx6K	Benchmark_03	COAD	Visium HD FFPE	CosMx 6K	SEC11A	0.0075405942995343	0.0499017489497647	0.0423611546502304	0.3120661371322005	0.2432436238502951	-0.06882251328190539		0.6600773079162243	True	0.0208586789667606	False
COAD_VisiumHD_FFPE_to_CosMx6K	Benchmark_03	COAD	Visium HD FFPE	CosMx 6K	SEC11C	-0.0065252066442716	0.1441407110566807	0.15066591770095228	0.2228029624788765	0.1899471963600366	-0.03285576611883989		0.533880931915141	True	0.0244381725788116	False
COAD_VisiumHD_FFPE_to_CosMx6K	Benchmark_03	COAD	Visium HD FFPE	CosMx 6K	SEC13	0.0003369591075169	0.1203849236024248	0.1200479644949079	0.3089021868491422	0.2774540607889062	-0.031448126060236004		0.4469269831467375	True	0.0112640038132667	False
COAD_VisiumHD_FFPE_to_CosMx6K	Benchmark_03	COAD	Visium HD FFPE	CosMx 6K	SEC22B	0.0001623520229588	-0.0051610905821056	-0.0053234426050644	0.2955592396951687	0.2692537046558338	-0.02630553503933486		0.4222188674467935	True	-0.0110575845465064	False
COAD_VisiumHD_FFPE_to_CosMx6K	Benchmark_03	COAD	Visium HD FFPE	CosMx 6K	SEC23A	0.0022305740687676	0.0336587875254476	0.031428213456679996	0.2149159019271251	0.1691944659345417	-0.04572143599258338		0.6271805555178851	True	0.0240023396909236	False
COAD_VisiumHD_FFPE_to_CosMx6K	Benchmark_03	COAD	Visium HD FFPE	CosMx 6K	SEC23B	0.0029982991481958	0.082567222094206	0.0795689229460102	0.2543268088695761	0.2278169070604803	-0.026509901809095793		0.4456770061992466	True	0.0002772506268229	False
COAD_VisiumHD_FFPE_to_CosMx6K	Benchmark_03	COAD	Visium HD FFPE	CosMx 6K	SEC24C	0.0016211105997129	-0.000970189215823	-0.0025912998155359	0.2212003502563821	0.1928113830665191	-0.028388967189863		0.4901891329918901	True	0.0109802698716521	False
COAD_VisiumHD_FFPE_to_CosMx6K	Benchmark_03	COAD	Visium HD FFPE	CosMx 6K	SEC31A	0.0026359390868861	-0.0765285378785642	-0.0791644769654503	0.2679556915352841	0.2083348903928755	-0.059620801142408586		0.6327299687055654	True	0.0052657206542789	False
COAD_VisiumHD_FFPE_to_CosMx6K	Benchmark_03	COAD	Visium HD FFPE	CosMx 6K	SEC63	0.000318892534616	0.0165246090316238	0.0162057164970078	0.2626320883483494	0.2411220637990007	-0.021510024549348694		0.4010496061223452	True	0.0076950648799538	False
COAD_VisiumHD_FFPE_to_CosMx6K	Benchmark_03	COAD	Visium HD FFPE	CosMx 6K	SEH1L	0.0022881620243626	0.0543919854380904	0.0521038234137278	0.2147727076872382	0.1894768553500246	-0.025295852337213598		0.4705198227371337	True	0.0136855859309434	False
COAD_VisiumHD_FFPE_to_CosMx6K	Benchmark_03	COAD	Visium HD FFPE	CosMx 6K	SEL1L	-0.0020141621171253	-0.0031253044789082	-0.0011111423617829004	0.250127667420027	0.2055669683347089	-0.04456069908531812		0.5665352457861151	True	0.0257633235305547	False
COAD_VisiumHD_FFPE_to_CosMx6K	Benchmark_03	COAD	Visium HD FFPE	CosMx 6K	SELENOP	-0.0014637793203967	0.1416548379093384	0.1431186172297351	0.3484547054034609	0.2422232923117631	-0.10623141309169781		0.7129433831071242	True	0.0541342943906784	False
COAD_VisiumHD_FFPE_to_CosMx6K	Benchmark_03	COAD	Visium HD FFPE	CosMx 6K	SELENOS	-0.0041167918966316	0.0287383951661114	0.032855187062743	0.3437759155819797	0.3205441714873265	-0.023231744094653173		0.3895481238993036	True	0.0117261530831456	False
COAD_VisiumHD_FFPE_to_CosMx6K	Benchmark_03	COAD	Visium HD FFPE	CosMx 6K	SELENOW	0.0009961641014975	0.0959665246369183	0.0949703605354208	0.3054265267350515	0.2102011008895951	-0.0952254258454564		0.7148908020369544	True	0.0322535522282123	False
COAD_VisiumHD_FFPE_to_CosMx6K	Benchmark_03	COAD	Visium HD FFPE	CosMx 6K	SEM1	0.0052271780608865	0.154191958658882	0.1489647805979955	0.267952679430267	0.2313227704530274	-0.03662990897723961		0.5047763211848144	True	0.0116895725950598	False
COAD_VisiumHD_FFPE_to_CosMx6K	Benchmark_03	COAD	Visium HD FFPE	CosMx 6K	SERINC1	0.0058490352902487	-0.0167359034729969	-0.022584938763245598	0.2459912249489255	0.1908571164928378	-0.05513410845608771		0.635576377692133	True	0.0067008598707616	False
COAD_VisiumHD_FFPE_to_CosMx6K	Benchmark_03	COAD	Visium HD FFPE	CosMx 6K	SERINC3	0.0012112171560226	0.0230617167522902	0.0218504995962676	0.2453790334179031	0.220061742826239	-0.0253172905916641		0.4443207444924834	True	0.0076304022222757	False
COAD_VisiumHD_FFPE_to_CosMx6K	Benchmark_03	COAD	Visium HD FFPE	CosMx 6K	SERINC5	0.017626987527919	0.1253908509877646	0.1077638634598456	0.2929100429535696	0.2454261333763079	-0.0474839095772617		0.5660448682124043	True	0.0344881936907768	False
COAD_VisiumHD_FFPE_to_CosMx6K	Benchmark_03	COAD	Visium HD FFPE	CosMx 6K	SERPINA1	-0.005986811139101	0.4113876832411232	0.41737449438022417	0.5599879497048608	0.4009342486659439	-0.15905370103891686		0.7897188328782269	True	0.2136385291814804	True
COAD_VisiumHD_FFPE_to_CosMx6K	Benchmark_03	COAD	Visium HD FFPE	CosMx 6K	SERPINB1	-0.010201052784871	0.2050451759301286	0.2152462287149996	0.3113408148900135	0.2447160938819977	-0.06662472100801578		0.618504357028829	True	0.0731572955846786	False
COAD_VisiumHD_FFPE_to_CosMx6K	Benchmark_03	COAD	Visium HD FFPE	CosMx 6K	SERPINB6	0.0034265679410925	0.0734502825375319	0.0700237145964394	0.2682240197769864	0.229795342110987	-0.03842867766599939		0.5151674429045431	True	0.0124262254685163	False
COAD_VisiumHD_FFPE_to_CosMx6K	Benchmark_03	COAD	Visium HD FFPE	CosMx 6K	SERPINH1	-0.0024360467099429	0.3692313550504623	0.3716674017604052	0.3897902585633695	0.2955847095790976	-0.09420554898427191		0.6478919472417034	True	0.0506903566420078	False
COAD_VisiumHD_FFPE_to_CosMx6K	Benchmark_03	COAD	Visium HD FFPE	CosMx 6K	SESN1	0.0173493194163348	0.0823352665669609	0.0649859471506261	0.2947481880734711	0.2506135696577226	-0.044134618415748506		0.5476569326761865	True	0.0504065491259098	False
COAD_VisiumHD_FFPE_to_CosMx6K	Benchmark_03	COAD	Visium HD FFPE	CosMx 6K	SETD3	0.0015938716626036	0.0395542839509752	0.037960412288371596	0.2481109031502671	0.2279116190717148	-0.020199284078552288		0.4000163063045494	True	0.0080766826868057	False
COAD_VisiumHD_FFPE_to_CosMx6K	Benchmark_03	COAD	Visium HD FFPE	CosMx 6K	SETD5	0.0018727661881157	-0.0100710059613615	-0.0119437721494772	0.2257075081873307	0.1956285352263271	-0.03007897296100362		0.4989637562745412	True	0.0067964144982397	False
COAD_VisiumHD_FFPE_to_CosMx6K	Benchmark_03	COAD	Visium HD FFPE	CosMx 6K	SF3B3	0.0074274710764243	0.0876324221451864	0.0802049510687621	0.2649601901308427	0.2209797662998177	-0.04398042383102502		0.5638544831701502	True	0.004100193735212	False
COAD_VisiumHD_FFPE_to_CosMx6K	Benchmark_03	COAD	Visium HD FFPE	CosMx 6K	SFXN1	0.0009954684775821	0.0632031954057566	0.0622077269281745	0.2134539459376621	0.1828911691006302	-0.030562776837031902		0.5166300315477645	True	0.0061365263536572	False
COAD_VisiumHD_FFPE_to_CosMx6K	Benchmark_03	COAD	Visium HD FFPE	CosMx 6K	SGCB	0.0059651114165843	0.036625240446309	0.0306601290297247	0.2472185261385879	0.2174192919897599	-0.029799234148828013		0.4772551523516456	True	0.0007452435675077	False
COAD_VisiumHD_FFPE_to_CosMx6K	Benchmark_03	COAD	Visium HD FFPE	CosMx 6K	SGK1	-0.0018308740104725	0.2112408011529223	0.21307167516339479	0.2909834012281053	0.2560793248307439	-0.03490407639736137		0.4850730498080169	True	0.0270619746297597	False
COAD_VisiumHD_FFPE_to_CosMx6K	Benchmark_03	COAD	Visium HD FFPE	CosMx 6K	SH3BGRL	0.0011336572390566	0.0502956704080642	0.049162013169007604	0.2192527805466758	0.1808245439595023	-0.03842823658717351		0.5630582662183153	True	0.0061563621275126	False
COAD_VisiumHD_FFPE_to_CosMx6K	Benchmark_03	COAD	Visium HD FFPE	CosMx 6K	SH3BGRL3	-0.0056585108597616	0.2501213733927632	0.2557798842525248	0.3900814385692147	0.3118060524890795	-0.07827538608013518		0.6026310635480112	True	0.0474749729037284	False
COAD_VisiumHD_FFPE_to_CosMx6K	Benchmark_03	COAD	Visium HD FFPE	CosMx 6K	SH3GLB1	-0.0001351071437105	0.0672058361061059	0.0673409432498164	0.2203000658613021	0.1812110724220297	-0.03908899343927241		0.5651003640652303	True	-0.004442963283509	False
COAD_VisiumHD_FFPE_to_CosMx6K	Benchmark_03	COAD	Visium HD FFPE	CosMx 6K	SH3GLB2	0.0029604105457045	0.0537974276105337	0.0508370170648292	0.244956342048131	0.2214642736457633	-0.0234920684023677		0.4285362371792326	True	0.0053572608157992	False
COAD_VisiumHD_FFPE_to_CosMx6K	Benchmark_03	COAD	Visium HD FFPE	CosMx 6K	SH3PXD2A	0.0030602457932672	0.0409880082767779	0.0379277624835107	0.2692429901661732	0.2327522466871076	-0.03649074347906561		0.5031321934834199	True	0.0151046132668852	False
COAD_VisiumHD_FFPE_to_CosMx6K	Benchmark_03	COAD	Visium HD FFPE	CosMx 6K	SHISA5	0.0036371392358229	0.0576369037046762	0.0539997644688533	0.2373121209902156	0.2048382377728299	-0.0324738832173857		0.5049002480076255	True	0.0017679695738479	False
COAD_VisiumHD_FFPE_to_CosMx6K	Benchmark_03	COAD	Visium HD FFPE	CosMx 6K	SHOC2	0.0006190846614762	-0.0141126345932616	-0.014731719254737801	0.1849511599021951	0.1532661388815983	-0.03168502102059681		0.5595627461715642	True	0.0081519717350602	False
COAD_VisiumHD_FFPE_to_CosMx6K	Benchmark_03	COAD	Visium HD FFPE	CosMx 6K	SHTN1	0.0133930952566624	0.0565717866655264	0.043178691408863996	0.250407873700086	0.2207536413832247	-0.02965423231686129		0.4721896831586121	True	0.0147395152598619	False
COAD_VisiumHD_FFPE_to_CosMx6K	Benchmark_03	COAD	Visium HD FFPE	CosMx 6K	SIGIRR	0.0013132636280196	0.0095807846473556	0.008267521019336	0.2260654188588253	0.1982486219048808	-0.02781679695394451		0.4805659357568406	True	0.0010293247178196	False
COAD_VisiumHD_FFPE_to_CosMx6K	Benchmark_03	COAD	Visium HD FFPE	CosMx 6K	SIGMAR1	0.0152629813808402	0.160202826750714	0.1449398453698738	0.5594759508400001	0.5472471344831848	-0.012228816356815275		0.2090738331301869	True	0.0175493583083152	False
COAD_VisiumHD_FFPE_to_CosMx6K	Benchmark_03	COAD	Visium HD FFPE	CosMx 6K	SIVA1	0.020913558076146	0.1431676011750685	0.12225404309892249	0.3338320867218723	0.2955537116751602	-0.03827837504671211		0.4633585073324649	True	0.0258624050766229	False
COAD_VisiumHD_FFPE_to_CosMx6K	Benchmark_03	COAD	Visium HD FFPE	CosMx 6K	SKI	0.0013433410368142	0.0828615156717555	0.08151817463494129	0.2549983897996037	0.2140444753634274	-0.0409539144361763		0.5418899401243408	True	0.0149066150188446	False
COAD_VisiumHD_FFPE_to_CosMx6K	Benchmark_03	COAD	Visium HD FFPE	CosMx 6K	SKIL	0.000660908919779	0.0115109563184668	0.010850047398687801	0.2440587490454005	0.2117952073254787	-0.032263541719921796		0.4978092547877101	True	-0.0033817216753959	False
COAD_VisiumHD_FFPE_to_CosMx6K	Benchmark_03	COAD	Visium HD FFPE	CosMx 6K	SLC11A2	0.0025020320440657	0.0382934753700783	0.035791443326012605	0.2094607194187539	0.1792598648627839	-0.03020085455597002		0.520209318626478	True	0.0343160927295684	False
COAD_VisiumHD_FFPE_to_CosMx6K	Benchmark_03	COAD	Visium HD FFPE	CosMx 6K	SLC12A2	0.0274955429454816	0.1422336336206547	0.1147380906751731	0.3425045328909419	0.2828510711137368	-0.0596534617772051		0.6164673088000108	True	0.058332409709692	False
COAD_VisiumHD_FFPE_to_CosMx6K	Benchmark_03	COAD	Visium HD FFPE	CosMx 6K	SLC25A1	0.0137379275975525	0.2698726935030832	0.2561347659055307	0.3706903543087	0.3319892648804557	-0.038701089428244295		0.4409958580305019	True	0.0257979929447174	False
COAD_VisiumHD_FFPE_to_CosMx6K	Benchmark_03	COAD	Visium HD FFPE	CosMx 6K	SLC25A11	0.0031783597966924	0.0528417241447233	0.049663364348030904	0.1999726081539035	0.1607182520677673	-0.0392543560861362		0.6002283620846736	True	0.0018302099779248	False
COAD_VisiumHD_FFPE_to_CosMx6K	Benchmark_03	COAD	Visium HD FFPE	CosMx 6K	SLC25A6	0.0096547432875483	0.3420276965961208	0.3323729533085725	0.50019034851968	0.460355192105332	-0.03983515641434804		0.4044190728365894	True	0.0193175449967384	False
COAD_VisiumHD_FFPE_to_CosMx6K	Benchmark_03	COAD	Visium HD FFPE	CosMx 6K	SLC2A1	-0.0077551575475958	0.1221422162413087	0.12989737378890448	0.2258111510786379	0.186126615143207	-0.03968453593543089		0.5664763457293829	True	0.0358548574149608	False
COAD_VisiumHD_FFPE_to_CosMx6K	Benchmark_03	COAD	Visium HD FFPE	CosMx 6K	SLC38A2	0.0016851281877162	0.054019008014261	0.052333879826544805	0.2381481690844194	0.2016797770489124	-0.036468392035507		0.5325415791857769	True	0.0081805409863591	False
COAD_VisiumHD_FFPE_to_CosMx6K	Benchmark_03	COAD	Visium HD FFPE	CosMx 6K	SLC3A2	0.0045757484432587	0.074300741120733	0.0697249926774743	0.3137884442264562	0.268272123169764	-0.04551632105669218		0.5211057178961059	True	0.027812635526061	False
COAD_VisiumHD_FFPE_to_CosMx6K	Benchmark_03	COAD	Visium HD FFPE	CosMx 6K	SLC40A1	-0.0013268143151038	0.0951213852405306	0.0964481995556344	0.3079823376587927	0.2242304956049841	-0.08375184205380859		0.6734870849406268	True	0.0270687844604253	False
COAD_VisiumHD_FFPE_to_CosMx6K	Benchmark_03	COAD	Visium HD FFPE	CosMx 6K	SLC44A1	0.0062045608278128	0.0319186569503704	0.0257140961225576	0.2726249403402969	0.2185111970937635	-0.0541137432465334		0.6157736227232062	True	0.0152489189058542	False
COAD_VisiumHD_FFPE_to_CosMx6K	Benchmark_03	COAD	Visium HD FFPE	CosMx 6K	SLC44A2	0.006838481754699	0.0247230346758431	0.017884552921144103	0.2699559100801786	0.2214026705548161	-0.0485532395253625		0.5786120202855538	True	0.010752092115581	False
COAD_VisiumHD_FFPE_to_CosMx6K	Benchmark_03	COAD	Visium HD FFPE	CosMx 6K	SLC4A4	0.0051191596978355	0.0224470273802301	0.0173278676823946	0.1945344588230965	0.1666511891440798	-0.027883269679016692		0.5201439904024182	True	0.0357057228684425	False
COAD_VisiumHD_FFPE_to_CosMx6K	Benchmark_03	COAD	Visium HD FFPE	CosMx 6K	SLC7A2	0.0112205062984093	0.1214891090637542	0.11026860276534489	0.2336718883523645	0.2097896514703946	-0.023882236881969887		0.4355718344210355	True	0.0200234651565551	False
COAD_VisiumHD_FFPE_to_CosMx6K	Benchmark_03	COAD	Visium HD FFPE	CosMx 6K	SLC9A3R1	0.0059100906324978	0.1488937324642196	0.1429836418317218	0.3042906645541636	0.2569785083351797	-0.04731215621898388		0.5411847198633724	True	0.0234526172280311	False
COAD_VisiumHD_FFPE_to_CosMx6K	Benchmark_03	COAD	Visium HD FFPE	CosMx 6K	SLMAP	0.0004295603719708	0.0057141899715227	0.005284629599551899	0.2130170395104084	0.1820729604849823	-0.03094407902542609		0.5186521945152242	True	-0.0031185573898255	False
COAD_VisiumHD_FFPE_to_CosMx6K	Benchmark_03	COAD	Visium HD FFPE	CosMx 6K	SLPI	-0.0070364019565857	0.2605522136996711	0.2675886156562568	0.2639144059749179	0.2254666667505225	-0.0384477392243954		0.5273356501675263	True	0.0749983191490173	False
COAD_VisiumHD_FFPE_to_CosMx6K	Benchmark_03	COAD	Visium HD FFPE	CosMx 6K	SMAD2	0.0030904958995671	-0.0073610434392396	-0.0104515393388067	0.2421782774546478	0.2136151530910306	-0.028563124363617187		0.4747612189453006	True	-0.0067132799886167	False
COAD_VisiumHD_FFPE_to_CosMx6K	Benchmark_03	COAD	Visium HD FFPE	CosMx 6K	SMAD3	0.0032697875252788	0.0023880618060903	-0.0008817257191885003	0.2088524110089741	0.1750312065482749	-0.033821204460699195		0.5469341470275527	True	0.0070232176221907	False
COAD_VisiumHD_FFPE_to_CosMx6K	Benchmark_03	COAD	Visium HD FFPE	CosMx 6K	SMAD5	0.0064224666841527	0.0341519749772585	0.027729508293105797	0.2195137520750455	0.1909256934250016	-0.028588058650043907		0.4941405789933094	True	0.0071899052709341	False
COAD_VisiumHD_FFPE_to_CosMx6K	Benchmark_03	COAD	Visium HD FFPE	CosMx 6K	SMARCA2	0.001967007944264	-0.043436992217848	-0.045404000162112	0.2427479829479328	0.2154467864649121	-0.02730119648302068		0.4644588335453766	True	-0.0010486561805009	False
COAD_VisiumHD_FFPE_to_CosMx6K	Benchmark_03	COAD	Visium HD FFPE	CosMx 6K	SMARCA4	0.0042853572928532	0.0891508507933607	0.0848654935005075	0.2559456998828585	0.22446367774197	-0.031482022140888466		0.4802824735219621	True	0.0205004923045635	False
COAD_VisiumHD_FFPE_to_CosMx6K	Benchmark_03	COAD	Visium HD FFPE	CosMx 6K	SMARCA5	0.0058001992073533	0.0358744878552664	0.030074288647913103	0.2603965708100488	0.2113695786979423	-0.04902699211210651		0.5969312574213133	True	0.0257812067866325	False
COAD_VisiumHD_FFPE_to_CosMx6K	Benchmark_03	COAD	Visium HD FFPE	CosMx 6K	SMARCB1	0.0045042572134162	0.0308005952639639	0.0262963380505477	0.2313630902941193	0.1902916998462568	-0.04107139044786251		0.5710599148764344	True	0.0071832812391221	False
COAD_VisiumHD_FFPE_to_CosMx6K	Benchmark_03	COAD	Visium HD FFPE	CosMx 6K	SMARCC1	0.0064595692369885	0.0595946799515234	0.0531351107145349	0.2684341645248315	0.2262540565033227	-0.04218010802150879		0.5427889122289786	True	0.0206890366971492	False
COAD_VisiumHD_FFPE_to_CosMx6K	Benchmark_03	COAD	Visium HD FFPE	CosMx 6K	SMARCE1	0.0085114636166444	0.0114344741745176	0.002923010557873199	0.2709806414309004	0.2470547402655903	-0.0239259011653101		0.412414436788573	True	0.0028329214546829	False
COAD_VisiumHD_FFPE_to_CosMx6K	Benchmark_03	COAD	Visium HD FFPE	CosMx 6K	SMC1A	0.0061829861962926	0.031195901210895	0.0250129150146024	0.2178610661871204	0.1711878992902284	-0.04667316689689199		0.6359489608573409	True	0.0176722723990678	False
COAD_VisiumHD_FFPE_to_CosMx6K	Benchmark_03	COAD	Visium HD FFPE	CosMx 6K	SMC3	0.0048194647731871	0.0181632534366332	0.013343788663446099	0.191954466868669	0.1605375805543011	-0.0314168863143679		0.550772848489921	True	0.0081128114834427	False
COAD_VisiumHD_FFPE_to_CosMx6K	Benchmark_03	COAD	Visium HD FFPE	CosMx 6K	SMC4	0.0063392508149692	0.0386826376389104	0.0323433868239412	0.2389944100978488	0.2082129834766493	-0.03078142662119951		0.4917793530721216	True	0.0164495408535003	False
COAD_VisiumHD_FFPE_to_CosMx6K	Benchmark_03	COAD	Visium HD FFPE	CosMx 6K	SMIM24	0.0102029485379825	0.1935129929370643	0.1833100443990818	0.2753320157034105	0.2485339885356254	-0.026798027167785093		0.4264406732545251	True	0.0156389102339744	False
COAD_VisiumHD_FFPE_to_CosMx6K	Benchmark_03	COAD	Visium HD FFPE	CosMx 6K	SNAP29	0.0029491739170692	0.0316928166913523	0.0287436427742831	0.184867303820583	0.1543889717007981	-0.0304783321197849		0.5494607246648056	True	0.002312293741852	False
COAD_VisiumHD_FFPE_to_CosMx6K	Benchmark_03	COAD	Visium HD FFPE	CosMx 6K	SNF8	0.0004058602195426	0.0504566086802516	0.050050748460709	0.2022062412255219	0.1494871633447098	-0.05271907788081209		0.6800991340036643	True	-0.0079559404402971	False
COAD_VisiumHD_FFPE_to_CosMx6K	Benchmark_03	COAD	Visium HD FFPE	CosMx 6K	SNRNP200	0.0078980460363608	0.0801036058866098	0.072205559850249	0.264606845975613	0.2279574557806368	-0.036649390194976206		0.5090124009353434	True	0.0078411912545561	False
COAD_VisiumHD_FFPE_to_CosMx6K	Benchmark_03	COAD	Visium HD FFPE	CosMx 6K	SNRNP40	0.0024029849294398	0.026365463272443	0.0239624783430032	0.208352120698968	0.1841144162230092	-0.0242377044759588		0.4688901785338474	True	0.0161728747189044	False
COAD_VisiumHD_FFPE_to_CosMx6K	Benchmark_03	COAD	Visium HD FFPE	CosMx 6K	SNRNP70	0.0022898682803101	-0.0157757028647877	-0.018065571145097797	0.3947013998031178	0.3780167316325948	-0.016684668170522998		0.3124245646949199	True	0.0086155990138649	False
COAD_VisiumHD_FFPE_to_CosMx6K	Benchmark_03	COAD	Visium HD FFPE	CosMx 6K	SNRPF	0.0074377808558539	0.2731304317893376	0.2656926509334837	0.3670329148848358	0.3457215294433653	-0.021311385441470487		0.3372346392286821	True	0.0092207221314311	False
COAD_VisiumHD_FFPE_to_CosMx6K	Benchmark_03	COAD	Visium HD FFPE	CosMx 6K	SNU13	0.0027969706295888	0.1284772495776706	0.1256802789480818	0.3205592194181265	0.2667519616610929	-0.0538072577570336		0.558848289325191	True	0.0343908555805683	False
COAD_VisiumHD_FFPE_to_CosMx6K	Benchmark_03	COAD	Visium HD FFPE	CosMx 6K	SNX1	0.0013730435172711	0.0061971198868842	0.0048240763696131	0.2296002284426282	0.1966897801540809	-0.032910448288547306		0.5154384731296722	True	0.0032491530291736	False
COAD_VisiumHD_FFPE_to_CosMx6K	Benchmark_03	COAD	Visium HD FFPE	CosMx 6K	SNX5	0.0162803266008678	0.1400470487004139	0.1237667220995461	0.3396433003116111	0.3018730724140259	-0.03777022789758522		0.4524881165184908	True	0.0303910952061414	False
COAD_VisiumHD_FFPE_to_CosMx6K	Benchmark_03	COAD	Visium HD FFPE	CosMx 6K	SNX6	0.0056675657809894	0.0164745748183175	0.010807009037328098	0.2405969599084016	0.2144481343749674	-0.0261488255334342		0.4546932654680508	True	-0.0024069701321423	False
COAD_VisiumHD_FFPE_to_CosMx6K	Benchmark_03	COAD	Visium HD FFPE	CosMx 6K	SOCS3	-0.0063720479921594	0.1632954596786068	0.16966750767076622	0.263624453837341	0.2038410180307454	-0.05978343580659562		0.6320208436585851	True	0.0464432872831821	False
COAD_VisiumHD_FFPE_to_CosMx6K	Benchmark_03	COAD	Visium HD FFPE	CosMx 6K	SOD2	-0.0358221585317567	0.2599232600203047	0.2957454185520614	0.373322413935959	0.3042548130232203	-0.06906760091273867		0.5985604583287409	True	0.1294557303190231	False
COAD_VisiumHD_FFPE_to_CosMx6K	Benchmark_03	COAD	Visium HD FFPE	CosMx 6K	SORT1	0.000811097845185	0.043680030581465	0.04286893273628	0.194647141154087	0.1654573787616906	-0.0291897623923964		0.5262184938724007	True	-0.0049543506465852	False
COAD_VisiumHD_FFPE_to_CosMx6K	Benchmark_03	COAD	Visium HD FFPE	CosMx 6K	SOX9	0.0067764097183701	0.3250453937697281	0.31826898405135795	0.384897753442889	0.3314101659471374	-0.05348758749575161		0.5037960842403149	True	0.039661020040512	False
COAD_VisiumHD_FFPE_to_CosMx6K	Benchmark_03	COAD	Visium HD FFPE	CosMx 6K	SP1	0.0072934866151471	-0.0088307775073718	-0.0161242641225189	0.2228720038482315	0.1967338093470427	-0.02613819450118879		0.4701079955671788	True	0.0012208964908495	False
COAD_VisiumHD_FFPE_to_CosMx6K	Benchmark_03	COAD	Visium HD FFPE	CosMx 6K	SP100	0.0001755513380091	-0.0127569227721086	-0.012932474110117699	0.1954404521821049	0.1605490431929989	-0.034891408989106004		0.5677044922611663	True	-0.0077456925064325	False
COAD_VisiumHD_FFPE_to_CosMx6K	Benchmark_03	COAD	Visium HD FFPE	CosMx 6K	SPAG9	0.0007980812322203	0.034672301757247	0.0338742205250267	0.2127950466043361	0.1694182109274434	-0.04337683567689268		0.6052573662182359	True	0.0054520722478628	False
COAD_VisiumHD_FFPE_to_CosMx6K	Benchmark_03	COAD	Visium HD FFPE	CosMx 6K	SPARC	0.0096523936987233	0.7051958951916025	0.6955435014928792	0.8937500603262941	0.42531566728252	-0.4684343930437741		0.8734190429518138	True	0.2314189672470092	True
COAD_VisiumHD_FFPE_to_CosMx6K	Benchmark_03	COAD	Visium HD FFPE	CosMx 6K	SPG21	0.0028364207426195	0.038664041839663	0.0358276210970435	0.2425547723991247	0.1927926262280064	-0.04976214617111832		0.6118117888001059	True	0.0027575651183724	False
COAD_VisiumHD_FFPE_to_CosMx6K	Benchmark_03	COAD	Visium HD FFPE	CosMx 6K	SPINT2	0.0190840142092973	0.3269894256808784	0.3079054114715811	0.4304238557623391	0.3437189999015229	-0.08670485586081622		0.6267654351618641	True	0.0546461455523967	False
COAD_VisiumHD_FFPE_to_CosMx6K	Benchmark_03	COAD	Visium HD FFPE	CosMx 6K	SPON2	0.00627370614719	0.504611012729962	0.498337306582772	0.4214218674904785	0.3515863707992789	-0.0698354966911996		0.5930510287206007	True	0.0820769891142845	False
COAD_VisiumHD_FFPE_to_CosMx6K	Benchmark_03	COAD	Visium HD FFPE	CosMx 6K	SPOP	0.0020945079912792	0.0039505650520754	0.0018560570607962	0.204022118284834	0.1774508824459645	-0.0265712358388695		0.4935008545361882	True	0.0143900066614151	False
COAD_VisiumHD_FFPE_to_CosMx6K	Benchmark_03	COAD	Visium HD FFPE	CosMx 6K	SPRY2	0.0066547146739168	0.0739343168228527	0.0672796021489359	0.2486719402411441	0.214992846790132	-0.03367909345101211		0.5030719725049565	True	0.0107403555884957	False
COAD_VisiumHD_FFPE_to_CosMx6K	Benchmark_03	COAD	Visium HD FFPE	CosMx 6K	SPRY4	-0.0055407561502344	0.1508736385767851	0.15641439472701948	0.2441891689208833	0.2144463441992417	-0.02974282472164161		0.4852414421379414	True	0.0014100115513429	False
COAD_VisiumHD_FFPE_to_CosMx6K	Benchmark_03	COAD	Visium HD FFPE	CosMx 6K	SPTBN1	0.0013450747780418	0.1193513260065063	0.1180062512284645	0.3745098387438879	0.3533649905658618	-0.021144848178026088		0.3481487173112216	True	0.0075876927003264	False
COAD_VisiumHD_FFPE_to_CosMx6K	Benchmark_03	COAD	Visium HD FFPE	CosMx 6K	SPTLC1	0.0093647136340754	0.0169849234835897	0.0076202098495142985	0.3341205529214971	0.3190948692429887	-0.015025683678508428		0.3028841422742446	True	0.007424724753946	False
COAD_VisiumHD_FFPE_to_CosMx6K	Benchmark_03	COAD	Visium HD FFPE	CosMx 6K	SQSTM1	-0.0058374251711524	0.1990104336182118	0.2048478587893642	0.4600722934428466	0.379781901677227	-0.08029039176561964		0.5665092514564184	True	0.0245529096573591	False
COAD_VisiumHD_FFPE_to_CosMx6K	Benchmark_03	COAD	Visium HD FFPE	CosMx 6K	SREBF2	0.0110120376684545	0.1076822110558547	0.0966701733874002	0.2473222460820162	0.2091317755223742	-0.038190470559642004		0.5402871923055746	True	0.0103356493636965	False
COAD_VisiumHD_FFPE_to_CosMx6K	Benchmark_03	COAD	Visium HD FFPE	CosMx 6K	SRI	-0.0061632976635952	0.1684831636213737	0.17464646128496888	0.3025482194431929	0.2532546049323805	-0.04929361451081238		0.5468719292745815	True	0.0250727031379938	False
COAD_VisiumHD_FFPE_to_CosMx6K	Benchmark_03	COAD	Visium HD FFPE	CosMx 6K	SRPK1	0.0037492850650997	0.1289523766471998	0.1252030915821001	0.2573447864390448	0.2329454077351586	-0.0243993787038862		0.4222299920981213	True	0.014604547061026	False
COAD_VisiumHD_FFPE_to_CosMx6K	Benchmark_03	COAD	Visium HD FFPE	CosMx 6K	SRSF2	0.0114229937504041	0.1462688044902816	0.1348458107398775	0.5576156015380511	0.5277448854486201	-0.029870716089431038		0.3327006357620032	True	0.0171837713569402	False
COAD_VisiumHD_FFPE_to_CosMx6K	Benchmark_03	COAD	Visium HD FFPE	CosMx 6K	SRSF5	0.0064532893973854	-0.0389544944808676	-0.045407783878253005	0.337832550453693	0.3169038332310173	-0.020928717222675697		0.3561488461110634	True	0.0102622527629137	False
COAD_VisiumHD_FFPE_to_CosMx6K	Benchmark_03	COAD	Visium HD FFPE	CosMx 6K	SRSF9	0.0046947337429858	0.1275144362342936	0.12281970249130779	0.2847969539107892	0.2592697788247751	-0.025527175086014098		0.4175889665381251	True	0.0006666055414825	False
COAD_VisiumHD_FFPE_to_CosMx6K	Benchmark_03	COAD	Visium HD FFPE	CosMx 6K	SSBP1	0.0043178057706626	0.1771282443439098	0.1728104385732472	0.3175236358894044	0.2964052386360181	-0.021118397253386323		0.3599479755230898	True	0.006457329262048	False
COAD_VisiumHD_FFPE_to_CosMx6K	Benchmark_03	COAD	Visium HD FFPE	CosMx 6K	SSR2	0.0033566731168181	0.0033566731168181	0.0	0.3143323676748145	0.3143323676748145	0.0			False	-0.0030964205507189	False
COAD_VisiumHD_FFPE_to_CosMx6K	Benchmark_03	COAD	Visium HD FFPE	CosMx 6K	SSR3	0.0036991304764605	0.0069747219478754	0.0032755914714149	0.2269804525592081	0.1991086225359102	-0.027871830023297905		0.4817991493797652	True	-0.0037764720618724	False
COAD_VisiumHD_FFPE_to_CosMx6K	Benchmark_03	COAD	Visium HD FFPE	CosMx 6K	STARD10	0.0119158543046283	0.12822935407168	0.11631349976705171	0.338991009331311	0.2709708271731072	-0.06802018215820377		0.7489081309053407	True	0.0639015510678291	False
COAD_VisiumHD_FFPE_to_CosMx6K	Benchmark_03	COAD	Visium HD FFPE	CosMx 6K	STAU1	0.0057358105770999	0.0896941666971071	0.0839583561200072	0.2766367069009212	0.2536079294389526	-0.023028777461968575		0.400305717323997	True	0.0081134410575032	False
COAD_VisiumHD_FFPE_to_CosMx6K	Benchmark_03	COAD	Visium HD FFPE	CosMx 6K	STK24	0.0029614518935213	0.0932552025341241	0.0902937506406028	0.3091477351422739	0.2728661604943736	-0.03628157464790027		0.4696915997260645	True	0.0050996574573218	False
COAD_VisiumHD_FFPE_to_CosMx6K	Benchmark_03	COAD	Visium HD FFPE	CosMx 6K	STK25	0.0030539096620807	0.0246677529705256	0.0216138433084449	0.2844843251780985	0.2586686416097473	-0.025815683568351233		0.4177158834235484	True	-0.0013428479433059	False
COAD_VisiumHD_FFPE_to_CosMx6K	Benchmark_03	COAD	Visium HD FFPE	CosMx 6K	STT3A	0.0060568953523658	0.0888460856672007	0.0827891903148349	0.3402041709544411	0.2894237573226215	-0.05078041363181962		0.5300439913487615	True	0.0230303071439266	False
COAD_VisiumHD_FFPE_to_CosMx6K	Benchmark_03	COAD	Visium HD FFPE	CosMx 6K	STT3B	0.0078384896525404	0.0255278745446124	0.017689384892072	0.2926029840550062	0.2346691944045777	-0.057933789650428474		0.6311845857702738	True	-0.0006415740353986	False
COAD_VisiumHD_FFPE_to_CosMx6K	Benchmark_03	COAD	Visium HD FFPE	CosMx 6K	STUB1	0.0004530914696442	0.0447692920965414	0.0443162006268972	0.2270567725303228	0.1973085574075202	-0.029748215122802596		0.4948785870963081	True	0.000483887590235	False
COAD_VisiumHD_FFPE_to_CosMx6K	Benchmark_03	COAD	Visium HD FFPE	CosMx 6K	STX4	0.0030758684830558	0.0030758684830558	0.0	0.2309392083575588	0.2309392083575588	0.0			False	-0.0052550719119608	False
COAD_VisiumHD_FFPE_to_CosMx6K	Benchmark_03	COAD	Visium HD FFPE	CosMx 6K	SUCLG1	0.0164622264993332	0.187921802384565	0.17145957588523178	0.3397470871883169	0.2964001105410823	-0.043346976647234636		0.4866077324242582	True	0.0308406315743923	False
COAD_VisiumHD_FFPE_to_CosMx6K	Benchmark_03	COAD	Visium HD FFPE	CosMx 6K	SUCLG2	0.0025351692332936	0.0654739723811493	0.0629388031478557	0.2309555365997378	0.2047506626652128	-0.026204873934525003		0.4640245642131076	True	-0.007642317097634	False
COAD_VisiumHD_FFPE_to_CosMx6K	Benchmark_03	COAD	Visium HD FFPE	CosMx 6K	SUGT1	0.0069520930221971	0.058826789012908	0.0518746959907109	0.2123697306297328	0.1627502114720608	-0.04961951915767199		0.6827125099563742	True	0.0202013812959194	False
COAD_VisiumHD_FFPE_to_CosMx6K	Benchmark_03	COAD	Visium HD FFPE	CosMx 6K	SULF2	0.0009044326199622	0.1026274874455537	0.10172305482559149	0.2661803456682216	0.2349461184935261	-0.031234227174695484		0.4806509826430552	True	0.0208907052874565	False
COAD_VisiumHD_FFPE_to_CosMx6K	Benchmark_03	COAD	Visium HD FFPE	CosMx 6K	SUMF2	0.0047133087425324	0.1268776108799698	0.1221643021374374	0.3049146345976152	0.2600093163101389	-0.04490531828747629		0.5227454613945639	True	0.0079500041902065	False
COAD_VisiumHD_FFPE_to_CosMx6K	Benchmark_03	COAD	Visium HD FFPE	CosMx 6K	SUMO3	0.006012916538272	0.0287507238126316	0.0227378072743596	0.264898728735103	0.2192903999834788	-0.04560832875162421		0.5585514974857976	True	0.0034101284109055	False
COAD_VisiumHD_FFPE_to_CosMx6K	Benchmark_03	COAD	Visium HD FFPE	CosMx 6K	SURF4	-0.0006939849302903	0.056621339646117	0.0573153245764073	0.250266446138456	0.2019538393815055	-0.04831260675695051		0.5920060719863015	True	-0.0003026978229172	False
COAD_VisiumHD_FFPE_to_CosMx6K	Benchmark_03	COAD	Visium HD FFPE	CosMx 6K	SUZ12	0.0028419425166267	0.0187506784563648	0.0159087359397381	0.1914963581501778	0.1568450787182266	-0.034651279431951204		0.579259182914041	True	0.0111740278080105	False
COAD_VisiumHD_FFPE_to_CosMx6K	Benchmark_03	COAD	Visium HD FFPE	CosMx 6K	SYNE2	0.002122445695049	-0.0141789839905428	-0.016301429685591798	0.2145614064723735	0.1804738658961319	-0.03408754057624161		0.5424395620727137	True	0.0132268657907843	False
COAD_VisiumHD_FFPE_to_CosMx6K	Benchmark_03	COAD	Visium HD FFPE	CosMx 6K	TAB2	0.0001598031588058	-0.0145767313503687	-0.0147365345091745	0.2018332772343901	0.1615122594910905	-0.0403210177432996		0.6020437579657657	True	0.0049819503910839	False
COAD_VisiumHD_FFPE_to_CosMx6K	Benchmark_03	COAD	Visium HD FFPE	CosMx 6K	TACC1	0.0021078934627373	0.0171831115868865	0.0150752181241492	0.2178074504559703	0.1699935659160159	-0.047813884539954415		0.6215001721284398	True	0.0091990316286683	False
COAD_VisiumHD_FFPE_to_CosMx6K	Benchmark_03	COAD	Visium HD FFPE	CosMx 6K	TACC3	0.0062092620123922	0.0425861436173488	0.0363768816049566	0.2268069404800678	0.1987746434472418	-0.028032297032826003		0.4817727399788876	True	0.0319568663835525	False
COAD_VisiumHD_FFPE_to_CosMx6K	Benchmark_03	COAD	Visium HD FFPE	CosMx 6K	TADA3	0.0029688251353549	0.0401121061328956	0.0371432809975407	0.2174694284169221	0.1853471566337239	-0.03212227178319821		0.5224349377894515	True	-0.0021158410236239	False
COAD_VisiumHD_FFPE_to_CosMx6K	Benchmark_03	COAD	Visium HD FFPE	CosMx 6K	TAF10	-0.0037506042343316	0.0836947053179583	0.08744530955228991	0.2721730468912984	0.2259378790888736	-0.04623516780242479		0.5543923754732069	True	0.0218603108078241	False
COAD_VisiumHD_FFPE_to_CosMx6K	Benchmark_03	COAD	Visium HD FFPE	CosMx 6K	TAF4	0.0053472256045505	0.0423859188755638	0.0370386932710133	0.192270967094381	0.1640559826904102	-0.0282149844039708		0.5244063070295945	True	0.0182135552167892	False
COAD_VisiumHD_FFPE_to_CosMx6K	Benchmark_03	COAD	Visium HD FFPE	CosMx 6K	TAF7	0.007717452782984	0.0378584504044003	0.0301409976214163	0.2508126923666248	0.2093339092783701	-0.0414787830882547		0.5597136209128662	True	0.0129532506689429	False
COAD_VisiumHD_FFPE_to_CosMx6K	Benchmark_03	COAD	Visium HD FFPE	CosMx 6K	TAGLN	0.0291172350319791	0.5223485564525859	0.4932313214206068	0.7338327994857824	0.4554098586403993	-0.2784229408453831		0.7825106256084448	True	0.2016642093658447	True
COAD_VisiumHD_FFPE_to_CosMx6K	Benchmark_03	COAD	Visium HD FFPE	CosMx 6K	TALDO1	-0.0014958850001823	0.1244880316287631	0.1259839166289454	0.2557419426483375	0.2264444016402403	-0.0292975410080972		0.4666673034124087	True	0.0100039718672633	False
COAD_VisiumHD_FFPE_to_CosMx6K	Benchmark_03	COAD	Visium HD FFPE	CosMx 6K	TAOK1	0.0020916582164644	-0.0133259641487691	-0.0154176223652335	0.1997545277168858	0.1542569294221591	-0.04549759829472669		0.6399985397876661	True	-0.0029066868592053	False
COAD_VisiumHD_FFPE_to_CosMx6K	Benchmark_03	COAD	Visium HD FFPE	CosMx 6K	TAP1	0.0002617214191185	0.0477313358265045	0.047469614407386	0.2310075387536565	0.1616664322853073	-0.0693411064683492		0.7045340078579974	True	0.0044942148961126	False
COAD_VisiumHD_FFPE_to_CosMx6K	Benchmark_03	COAD	Visium HD FFPE	CosMx 6K	TAP2	0.0003384713272838	0.070083741804459	0.0697452704771752	0.2166913039334674	0.1811054633431967	-0.0355858405902707		0.5484264403361382	True	0.0002802127273753	False
COAD_VisiumHD_FFPE_to_CosMx6K	Benchmark_03	COAD	Visium HD FFPE	CosMx 6K	TAPBP	-0.0031761348113784	0.0327497901263657	0.0359259249377441	0.4130094244100974	0.3424584726781817	-0.07055095173191572		0.5477267388044665	True	0.0186171494424343	False
COAD_VisiumHD_FFPE_to_CosMx6K	Benchmark_03	COAD	Visium HD FFPE	CosMx 6K	TAX1BP1	0.0025800822552629	0.0430461845592905	0.0404661023040276	0.2302815273968468	0.200561167309705	-0.029720360087141795		0.4915524535351036	True	-0.0007581641548313	False
COAD_VisiumHD_FFPE_to_CosMx6K	Benchmark_03	COAD	Visium HD FFPE	CosMx 6K	TBL1XR1	0.0055511585650064	0.0278781011193951	0.0223269425543887	0.2124285491077903	0.1589514391555349	-0.05347710995225541		0.6925301560540418	True	0.0084759118035435	False
COAD_VisiumHD_FFPE_to_CosMx6K	Benchmark_03	COAD	Visium HD FFPE	CosMx 6K	TCERG1	0.0086447640903166	0.0467717540286295	0.0381269899383129	0.2582297432785466	0.2225678336244027	-0.0356619096541439		0.5105505237330916	True	0.032018594443798	False
COAD_VisiumHD_FFPE_to_CosMx6K	Benchmark_03	COAD	Visium HD FFPE	CosMx 6K	TCF3	-1.4045725386049284e-05	-0.0149495700345795	-0.01493552430919345	0.4428318501425625	0.4329958366635408	-0.009836013479021688		0.2515339001558444	True	-0.0011015468044206	False
COAD_VisiumHD_FFPE_to_CosMx6K	Benchmark_03	COAD	Visium HD FFPE	CosMx 6K	TCF7L2	0.0002905421696603	0.0302739400853327	0.029983397915672397	0.2078373868495616	0.1811137384828023	-0.026723648366759306		0.4906153840678433	True	0.0124574713408946	False
COAD_VisiumHD_FFPE_to_CosMx6K	Benchmark_03	COAD	Visium HD FFPE	CosMx 6K	TCIRG1	-0.0006688437888584	0.0235147399043885	0.024183583693246902	0.2478338111345911	0.2158428725859259	-0.03199093854866519		0.4939361361873073	True	0.0053006722591817	False
COAD_VisiumHD_FFPE_to_CosMx6K	Benchmark_03	COAD	Visium HD FFPE	CosMx 6K	TDP2	0.0014645306176401	0.0608499109902899	0.0593853803726498	0.2049456945763407	0.1669347547281146	-0.03801093984822612		0.5863125947137832	True	0.0224077627062797	False
COAD_VisiumHD_FFPE_to_CosMx6K	Benchmark_03	COAD	Visium HD FFPE	CosMx 6K	TECR	0.0111749524432491	0.2402262780998059	0.2290513256565568	0.3506176647671404	0.3302600333003787	-0.020357631466761728		0.335124507990405	True	0.0229401811957359	False
COAD_VisiumHD_FFPE_to_CosMx6K	Benchmark_03	COAD	Visium HD FFPE	CosMx 6K	TES	0.0010924285448813	0.0455365847104182	0.0444441561655369	0.2499821129002261	0.2102899528409375	-0.039692160059288606		0.5402936545497916	True	0.0140570765361189	False
COAD_VisiumHD_FFPE_to_CosMx6K	Benchmark_03	COAD	Visium HD FFPE	CosMx 6K	TFDP1	0.0068290683626261	0.0596410456940139	0.0528119773313878	0.2288970494436104	0.1871146069153869	-0.041782442528223496		0.5909909805312792	True	0.0188809242099523	False
COAD_VisiumHD_FFPE_to_CosMx6K	Benchmark_03	COAD	Visium HD FFPE	CosMx 6K	TFF1	0.0052162580450432	0.2016566691861833	0.1964404111411401	0.2848368318204364	0.2363984076481964	-0.04843842417224001		0.5596067365246136	True	0.0405710600316524	False
COAD_VisiumHD_FFPE_to_CosMx6K	Benchmark_03	COAD	Visium HD FFPE	CosMx 6K	TFF3	-0.0268804774364292	0.3308096213967545	0.3576900988331837	0.5555306629456112	0.4319406502518523	-0.12359001269375886		0.6619033360781879	True	0.2395673096179962	True
COAD_VisiumHD_FFPE_to_CosMx6K	Benchmark_03	COAD	Visium HD FFPE	CosMx 6K	TFRC	-0.0033219510146658	0.1393156684754729	0.1426376194901387	0.2651645953838608	0.2255771078665987	-0.03958748751726207		0.5258676792354896	True	0.0096458308398723	False
COAD_VisiumHD_FFPE_to_CosMx6K	Benchmark_03	COAD	Visium HD FFPE	CosMx 6K	TGFBI	-0.0001602526736967	0.2584261279906458	0.2585863806643425	0.2884697244517393	0.2112877097126548	-0.07718201473908451		0.673346525517572	True	0.0266024358570575	False
COAD_VisiumHD_FFPE_to_CosMx6K	Benchmark_03	COAD	Visium HD FFPE	CosMx 6K	TGFBR1	0.0009437252340235	0.0454928033270133	0.044549078092989795	0.1995465229063144	0.165392736157585	-0.034153786748729376		0.5580383783072873	True	-0.0039381519891321	False
COAD_VisiumHD_FFPE_to_CosMx6K	Benchmark_03	COAD	Visium HD FFPE	CosMx 6K	TGFBR2	0.0009420437839469	0.0316505145886812	0.030708470804734298	0.2389396107796967	0.1852592990088572	-0.053680311770839484		0.6255558077936845	True	-0.0107289962470531	False
COAD_VisiumHD_FFPE_to_CosMx6K	Benchmark_03	COAD	Visium HD FFPE	CosMx 6K	TGIF1	0.0037359283160084	0.0512380442595047	0.0475021159434963	0.2589029710310061	0.2339718408992166	-0.02493113013178952		0.4288654823658918	True	0.0088311852887272	False
COAD_VisiumHD_FFPE_to_CosMx6K	Benchmark_03	COAD	Visium HD FFPE	CosMx 6K	TGM2	-0.0075856484678958	0.1402556082256713	0.1478412566935671	0.2627453776139724	0.2288661180694702	-0.03387925954450219		0.494944013737511	True	0.0092703569680452	False
COAD_VisiumHD_FFPE_to_CosMx6K	Benchmark_03	COAD	Visium HD FFPE	CosMx 6K	TGOLN2	0.0009874162986953	0.089973718511511	0.0889863022128157	0.2922561617118176	0.2337276452968583	-0.05852851641495932		0.60056842827171	True	0.0054782684892416	False
COAD_VisiumHD_FFPE_to_CosMx6K	Benchmark_03	COAD	Visium HD FFPE	CosMx 6K	THBS1	0.0058725649156696	0.3996441442645116	0.393771579348842	0.4660548223867506	0.4262797396917518	-0.0397750826949988		0.4550136428203896	True	0.0235031321644783	False
COAD_VisiumHD_FFPE_to_CosMx6K	Benchmark_03	COAD	Visium HD FFPE	CosMx 6K	THBS2	0.0059485844920134	0.4145200456334483	0.4085714611414349	0.3647093858887524	0.2861162691932268	-0.0785931166955256		0.6436419926455907	True	0.1498941630125045	False
COAD_VisiumHD_FFPE_to_CosMx6K	Benchmark_03	COAD	Visium HD FFPE	CosMx 6K	THRAP3	0.002953678641838	0.0230533883830192	0.0200997097411812	0.2219821089292522	0.1949385321251088	-0.027043576804143377		0.4792709009961994	True	-0.0094026364386081	False
COAD_VisiumHD_FFPE_to_CosMx6K	Benchmark_03	COAD	Visium HD FFPE	CosMx 6K	THY1	0.0006444064319391	0.3771027742856891	0.37645836785375003	0.3366879649131287	0.2503328322741606	-0.0863551326389681		0.6706051329630002	True	0.06308364123106	False
COAD_VisiumHD_FFPE_to_CosMx6K	Benchmark_03	COAD	Visium HD FFPE	CosMx 6K	TIAL1	0.0044527214391069	0.0094362741366547	0.0049835526975477995	0.2354447049006103	0.184921050238083	-0.05052365466252731		0.6356110674031867	True	-0.0043398574925959	False
COAD_VisiumHD_FFPE_to_CosMx6K	Benchmark_03	COAD	Visium HD FFPE	CosMx 6K	TIMP1	-0.0052419399945332	0.3745087470273058	0.379750687021839	0.452777894135958	0.3095483906233879	-0.14322950351257008		0.7187601421162	True	0.05693094804883	False
COAD_VisiumHD_FFPE_to_CosMx6K	Benchmark_03	COAD	Visium HD FFPE	CosMx 6K	TK1	0.0134546582216724	0.1144602970016108	0.1010056387799384	0.3018378187582989	0.2752974924224307	-0.026540326335868225		0.4061406689635978	True	0.022087600082159	False
COAD_VisiumHD_FFPE_to_CosMx6K	Benchmark_03	COAD	Visium HD FFPE	CosMx 6K	TLE5	0.0045667492336241	0.0864061799659028	0.0818394307322787	0.3629930419440797	0.3328424817884245	-0.030150560155655204		0.4126262352602179	True	0.012408616952598	False
COAD_VisiumHD_FFPE_to_CosMx6K	Benchmark_03	COAD	Visium HD FFPE	CosMx 6K	TLN1	0.0017034017086491	0.134102593584204	0.1323991918755549	0.2595246570786556	0.2281978517287275	-0.03132680534992807		0.4840040492993087	True	0.0111851394176483	False
COAD_VisiumHD_FFPE_to_CosMx6K	Benchmark_03	COAD	Visium HD FFPE	CosMx 6K	TM7SF2	0.0021619638372697	0.0871051595237844	0.0849431956865147	0.2073295262320425	0.1811654962733626	-0.02616402995867992		0.4869110906408648	True	0.0355569869279861	False
COAD_VisiumHD_FFPE_to_CosMx6K	Benchmark_03	COAD	Visium HD FFPE	CosMx 6K	TMBIM1	0.0012311605173732	0.1209650909564414	0.1197339304390682	0.2351129441411248	0.2129642210011504	-0.022148723139974402		0.4226998391142645	True	-0.0025808226782828	False
COAD_VisiumHD_FFPE_to_CosMx6K	Benchmark_03	COAD	Visium HD FFPE	CosMx 6K	TMED2	0.0002467781383494	0.0853980675291371	0.0851512893907877	0.3047459261742676	0.2762875964888981	-0.028458329685369488		0.4305321043320848	True	-0.0027270058635622	False
COAD_VisiumHD_FFPE_to_CosMx6K	Benchmark_03	COAD	Visium HD FFPE	CosMx 6K	TMEM179B	0.0003846198000879	0.0673513901338802	0.0669667703337923	0.2578881016210781	0.2316882924005455	-0.02619980922053261		0.4409155110233469	True	0.0243902653455734	False
COAD_VisiumHD_FFPE_to_CosMx6K	Benchmark_03	COAD	Visium HD FFPE	CosMx 6K	TMEM45B	-0.000167450101596	0.1726705615835485	0.17283801168514448	0.3334224328206785	0.2754678240699171	-0.057954608750761416		0.5859318018214216	True	0.0614752285182476	False
COAD_VisiumHD_FFPE_to_CosMx6K	Benchmark_03	COAD	Visium HD FFPE	CosMx 6K	TMEM63A	0.0044616881344497	0.0615251717518515	0.0570634836174018	0.2801536083534431	0.2448223859437294	-0.0353312224097137		0.4869047159685559	True	0.0151479411870241	False
COAD_VisiumHD_FFPE_to_CosMx6K	Benchmark_03	COAD	Visium HD FFPE	CosMx 6K	TMPRSS2	-0.006894654047941	0.1144070230962299	0.1213016771441709	0.231114989221433	0.1977454515047974	-0.03336953771663562		0.518182166057212	True	0.0214712265878915	False
COAD_VisiumHD_FFPE_to_CosMx6K	Benchmark_03	COAD	Visium HD FFPE	CosMx 6K	TMSB10	-0.0027614002708459	0.2985546157414309	0.3013160160122768	0.7225885284218005	0.5893547310315688	-0.13323379739023178		0.5882271413411468	True	0.0244511365890502	False
COAD_VisiumHD_FFPE_to_CosMx6K	Benchmark_03	COAD	Visium HD FFPE	CosMx 6K	TMSB4X	0.0064380532942642	0.2750491131636496	0.2686110598693854	1.0418522634478171	0.8266008780237137	-0.21525138542410338		0.5745847602072809	True	0.0891510546207428	False
COAD_VisiumHD_FFPE_to_CosMx6K	Benchmark_03	COAD	Visium HD FFPE	CosMx 6K	TMTC4	0.0067325546754641	0.0312346439811803	0.0245020893057162	0.2122022366316353	0.1884443671596735	-0.02375786947196179		0.4592025056573033	True	0.0078569753095507	False
COAD_VisiumHD_FFPE_to_CosMx6K	Benchmark_03	COAD	Visium HD FFPE	CosMx 6K	TNFAIP3	-0.0040434548654862	0.1519105710040098	0.155954025869496	0.2918804820512103	0.2418472999221845	-0.0500331821290258		0.5598580600646612	True	0.0426417365670204	False
COAD_VisiumHD_FFPE_to_CosMx6K	Benchmark_03	COAD	Visium HD FFPE	CosMx 6K	TNFRSF10B	0.0003187161791299	0.1590146017495962	0.1586958855704663	0.2620614804021823	0.2274448396993476	-0.03461664070283471		0.4964176284966039	True	0.0177975464612245	False
COAD_VisiumHD_FFPE_to_CosMx6K	Benchmark_03	COAD	Visium HD FFPE	CosMx 6K	TNFRSF12A	0.0003889628702443	0.1342377500077895	0.1338487871375452	0.2774758145450327	0.2515430464814225	-0.025932768063610168		0.4317383733087329	True	0.0158771108835935	False
COAD_VisiumHD_FFPE_to_CosMx6K	Benchmark_03	COAD	Visium HD FFPE	CosMx 6K	TNFRSF1A	-0.0011144934143542	0.1040616315758041	0.1051761249901583	0.2839639361469679	0.2375306364334176	-0.04643329971355031		0.5453795209150382	True	0.0046179830096662	False
COAD_VisiumHD_FFPE_to_CosMx6K	Benchmark_03	COAD	Visium HD FFPE	CosMx 6K	TNFSF13	-0.0038612137535256	0.1005591808072459	0.1044203945607715	0.2290758657995706	0.1926818825734281	-0.036393983226142484		0.5416974016786414	True	0.0195659510791301	False
COAD_VisiumHD_FFPE_to_CosMx6K	Benchmark_03	COAD	Visium HD FFPE	CosMx 6K	TNIK	0.0083326091970798	-0.022420944862541	-0.030753554059620797	0.2589452960339906	0.2233225916584348	-0.035622704375555786		0.5080761440543674	True	0.0197616759687662	False
COAD_VisiumHD_FFPE_to_CosMx6K	Benchmark_03	COAD	Visium HD FFPE	CosMx 6K	TNIP1	-0.0014055081409225	0.103173842846823	0.1045793509877455	0.2434850844523892	0.1922750701724246	-0.051210014279964605		0.6144379426188517	True	0.0064698965288698	False
COAD_VisiumHD_FFPE_to_CosMx6K	Benchmark_03	COAD	Visium HD FFPE	CosMx 6K	TNKS	0.0011535945836845	0.0107741112643688	0.0096205166806843	0.1833284798661323	0.1472913592350572	-0.03603712063107509		0.6000535911781725	True	0.0063180453144013	False
COAD_VisiumHD_FFPE_to_CosMx6K	Benchmark_03	COAD	Visium HD FFPE	CosMx 6K	TNRC6B	0.0007151759411059	-0.0351428443058444	-0.0358580202469503	0.178228786608365	0.1456631497428642	-0.03256563686550079		0.575602224731428	True	-0.001004654332064	False
COAD_VisiumHD_FFPE_to_CosMx6K	Benchmark_03	COAD	Visium HD FFPE	CosMx 6K	TNS3	0.0049044288020417	0.1074902983188136	0.1025858695167719	0.3100281154167081	0.2762956293802207	-0.03373248603648743		0.4599179534123176	True	0.0122885322198271	False
COAD_VisiumHD_FFPE_to_CosMx6K	Benchmark_03	COAD	Visium HD FFPE	CosMx 6K	TOMM22	0.0076754507795656	0.1296192164177708	0.12194376563820519	0.2943756820804691	0.2722000368004674	-0.02217564528000171		0.3805727727080519	True	0.0103758312761783	False
COAD_VisiumHD_FFPE_to_CosMx6K	Benchmark_03	COAD	Visium HD FFPE	CosMx 6K	TOMM5	0.0122426129573891	0.1753111420877299	0.1630685291303408	0.3398522726079302	0.297951878915672	-0.04190039369225823		0.4793156909590446	True	0.0253101382404565	False
COAD_VisiumHD_FFPE_to_CosMx6K	Benchmark_03	COAD	Visium HD FFPE	CosMx 6K	TOP2A	0.0184739306565577	0.0777035779908988	0.05922964733434111	0.296361056235541	0.2335986830155209	-0.0627623732200201		0.6973782411414823	True	0.0489393882453441	False
COAD_VisiumHD_FFPE_to_CosMx6K	Benchmark_03	COAD	Visium HD FFPE	CosMx 6K	TP53	0.0134338184591641	0.1180686092149257	0.1046347907557616	0.3098661900450495	0.2534480649678624	-0.05641812507718713		0.6056799145560756	True	0.036212034523487	False
COAD_VisiumHD_FFPE_to_CosMx6K	Benchmark_03	COAD	Visium HD FFPE	CosMx 6K	TP53BP2	0.0025138658898936	-0.0030404687315536	-0.0055543346214472	0.1948542669123454	0.1666060515408654	-0.02824821537147998		0.5188690606510487	True	0.0027527657803148	False
COAD_VisiumHD_FFPE_to_CosMx6K	Benchmark_03	COAD	Visium HD FFPE	CosMx 6K	TP53I3	-0.0037966330936036	0.0587736655640494	0.062570298657653	0.2071640154133557	0.1792919802322758	-0.02787203518107989		0.5026516279635492	True	0.0050931680016219	False
COAD_VisiumHD_FFPE_to_CosMx6K	Benchmark_03	COAD	Visium HD FFPE	CosMx 6K	TPD52	-0.0119134942682267	0.1072512175310628	0.1191647117992895	0.2564462104926799	0.2000678235613615	-0.056378386931318414		0.6188318770714033	True	0.05080296844244	False
COAD_VisiumHD_FFPE_to_CosMx6K	Benchmark_03	COAD	Visium HD FFPE	CosMx 6K	TPM1	0.0137639806042824	0.2664565881817546	0.2526926075774722	0.5242921122445352	0.3561109583953019	-0.16818115384923332		0.7346440896820579	True	0.0532132983207702	False
COAD_VisiumHD_FFPE_to_CosMx6K	Benchmark_03	COAD	Visium HD FFPE	CosMx 6K	TPM2	0.0168406635192393	0.5192773449797233	0.502436681460484	0.5800326993042699	0.4389789236491601	-0.14105377565510985		0.6815466766846016	True	0.1052878722548484	False
COAD_VisiumHD_FFPE_to_CosMx6K	Benchmark_03	COAD	Visium HD FFPE	CosMx 6K	TPP1	0.002847190885064	0.1349297949655734	0.1320826040805094	0.2855712197688711	0.224703136566065	-0.06086808320280612		0.6095768967321644	True	0.0149432914331555	False
COAD_VisiumHD_FFPE_to_CosMx6K	Benchmark_03	COAD	Visium HD FFPE	CosMx 6K	TPP2	0.0039596080223881	0.043740202882687	0.0397805948602989	0.2366910681993335	0.2091106701620341	-0.027580398037299392		0.4683126998902342	True	-0.0006877871928736	False
COAD_VisiumHD_FFPE_to_CosMx6K	Benchmark_03	COAD	Visium HD FFPE	CosMx 6K	TPR	0.0022989441644901	0.0317205933731432	0.029421649208653103	0.2154109148549491	0.1654025159696506	-0.05000839888529848		0.6617194450382345	True	0.0063380282372236	False
COAD_VisiumHD_FFPE_to_CosMx6K	Benchmark_03	COAD	Visium HD FFPE	CosMx 6K	TPST1	0.0083509882672716	0.0192817820565848	0.0109307937893132	0.2254883231113018	0.202324369324767	-0.023163953786534797		0.4408955188161375	True	-0.0036354174371808	False
COAD_VisiumHD_FFPE_to_CosMx6K	Benchmark_03	COAD	Visium HD FFPE	CosMx 6K	TPX2	0.0149854327223664	0.0997733024628091	0.08478786974044271	0.267178370325312	0.216184178987487	-0.050994191337824984		0.6235046309597884	True	0.0505534037947654	False
COAD_VisiumHD_FFPE_to_CosMx6K	Benchmark_03	COAD	Visium HD FFPE	CosMx 6K	TRA2A	0.0038307682390113	-0.0030703670508509	-0.006901135289862199	0.2813167395756021	0.2317863373321431	-0.049530402243459004		0.5725496560854074	True	0.0114755518734455	False
COAD_VisiumHD_FFPE_to_CosMx6K	Benchmark_03	COAD	Visium HD FFPE	CosMx 6K	TRA2B	0.0047799000233755	0.1024043511941153	0.0976244511707398	0.2811911508509317	0.2566263351832094	-0.02456481566772234		0.4112920034939575	True	0.0048978338018059	False
COAD_VisiumHD_FFPE_to_CosMx6K	Benchmark_03	COAD	Visium HD FFPE	CosMx 6K	TRAM1	0.0024740893306784	0.0557936535843821	0.0533195642537037	0.3180075782942806	0.2544100465115418	-0.0635975317827388		0.5986972476257062	True	0.0168389324098825	False
COAD_VisiumHD_FFPE_to_CosMx6K	Benchmark_03	COAD	Visium HD FFPE	CosMx 6K	TRAP1	0.0041705891934103	0.1775631701344991	0.1733925809410888	0.2551053137957441	0.2169513578399089	-0.03815395595583518		0.5282268070637604	True	0.0338225588202476	False
COAD_VisiumHD_FFPE_to_CosMx6K	Benchmark_03	COAD	Visium HD FFPE	CosMx 6K	TRAPPC1	0.0051830135609128	0.0665927862011632	0.061409772640250396	0.2611336255104237	0.2358766772280141	-0.025256948282409597		0.4307119285010002	True	0.0021899181883782	False
COAD_VisiumHD_FFPE_to_CosMx6K	Benchmark_03	COAD	Visium HD FFPE	CosMx 6K	TRBC2	0.0013965489107251	0.0686815059377235	0.0672849570269984	0.2554234715962497	0.1983921360559726	-0.05703133554027706		0.6283803958753306	True	0.0303469449281692	False
COAD_VisiumHD_FFPE_to_CosMx6K	Benchmark_03	COAD	Visium HD FFPE	CosMx 6K	TRIB3	-0.0021342015209651	0.1617619362396417	0.1638961377606068	0.2429938054557188	0.2137308662499475	-0.029262939205771304		0.4737027275598353	True	0.0355266965925693	False
COAD_VisiumHD_FFPE_to_CosMx6K	Benchmark_03	COAD	Visium HD FFPE	CosMx 6K	TRIM2	0.0090839790721177	0.1192896793916179	0.1102057003195002	0.2553318780566047	0.2092675342472534	-0.04606434380935129		0.5979768185686387	True	0.0277269054204225	False
COAD_VisiumHD_FFPE_to_CosMx6K	Benchmark_03	COAD	Visium HD FFPE	CosMx 6K	TRIM24	0.0089151509921556	0.0504733697277396	0.041558218735584004	0.2438408300772005	0.2161666801958803	-0.027674149881320192		0.4614766588995298	True	0.0254816971719265	False
COAD_VisiumHD_FFPE_to_CosMx6K	Benchmark_03	COAD	Visium HD FFPE	CosMx 6K	TRIM8	-0.0001039216535983	0.039592007453763	0.0396959291073613	0.2248940431077209	0.188887062096304	-0.036006981011416916		0.5411812186270724	True	-0.0048990999348461	False
COAD_VisiumHD_FFPE_to_CosMx6K	Benchmark_03	COAD	Visium HD FFPE	CosMx 6K	TRIP12	0.0001237175844888	0.0050649328693485	0.0049412152848597	0.2388384558901639	0.196773229976089	-0.04206522591407488		0.5654294250465297	True	-0.0023239192087203	False
COAD_VisiumHD_FFPE_to_CosMx6K	Benchmark_03	COAD	Visium HD FFPE	CosMx 6K	TRMT112	0.0039363988211594	0.1180163026920249	0.1140799038708655	0.3321696381346921	0.3108194529759719	-0.02135018515872017		0.3644474670641014	True	0.0070960745215415	False
COAD_VisiumHD_FFPE_to_CosMx6K	Benchmark_03	COAD	Visium HD FFPE	CosMx 6K	TSC22D1	0.0023665628480039	-0.0116074126440034	-0.0139739754920073	0.2059844584001983	0.1763934145403581	-0.02959104385984021		0.5159955115746011	True	0.015703136101365	False
COAD_VisiumHD_FFPE_to_CosMx6K	Benchmark_03	COAD	Visium HD FFPE	CosMx 6K	TSG101	0.0016112156183401	0.0277730951993794	0.0261618795810393	0.2146121390800393	0.1895218736107187	-0.025090265469320583		0.4689304101722178	True	-0.0002542970760259	False
COAD_VisiumHD_FFPE_to_CosMx6K	Benchmark_03	COAD	Visium HD FFPE	CosMx 6K	TSPAN3	-0.0010037824089946	0.089431069144899	0.0904348515538936	0.3287319265429771	0.2510624240474461	-0.077669502495531		0.6504336925695255	True	0.0175666064023971	False
COAD_VisiumHD_FFPE_to_CosMx6K	Benchmark_03	COAD	Visium HD FFPE	CosMx 6K	TTC3	0.0021857159481747	0.0021857159481747	0.0	0.2410208431521949	0.2410208431521949	0.0			False	0.0073502170853316	False
COAD_VisiumHD_FFPE_to_CosMx6K	Benchmark_03	COAD	Visium HD FFPE	CosMx 6K	TTR	0.0077268312348687	0.1433376590235481	0.1356108277886794	0.2134307492292653	0.1825266977812394	-0.03090405144802591		0.5208781171977341	True	0.0396867357194423	False
COAD_VisiumHD_FFPE_to_CosMx6K	Benchmark_03	COAD	Visium HD FFPE	CosMx 6K	TUBA1C	0.006348082679436	0.2082572834037471	0.2019092007243111	0.355911713750322	0.3145754293924803	-0.0413362843578417		0.465600032884176	True	0.0348769985139369	False
COAD_VisiumHD_FFPE_to_CosMx6K	Benchmark_03	COAD	Visium HD FFPE	CosMx 6K	TUBB	0.02451398230142	0.1817552078606648	0.1572412255592448	0.5265787281556704	0.5050925023782756	-0.021486225777394785		0.2917971869338552	True	0.0141684170812368	False
COAD_VisiumHD_FFPE_to_CosMx6K	Benchmark_03	COAD	Visium HD FFPE	CosMx 6K	TUBB4B	0.0158675812175014	0.3272788196354012	0.31141123841789975	0.471068649677903	0.4363625972319436	-0.03470605244595942		0.3726090603146244	True	0.0258763395249843	False
COAD_VisiumHD_FFPE_to_CosMx6K	Benchmark_03	COAD	Visium HD FFPE	CosMx 6K	TUBGCP3	0.0072658575268629	0.0269804105653122	0.0197145530384493	0.2211898582952869	0.1878229823622244	-0.033366875933062506		0.5328386616407975	True	0.0164017081260681	False
COAD_VisiumHD_FFPE_to_CosMx6K	Benchmark_03	COAD	Visium HD FFPE	CosMx 6K	TXN2	0.0042479522739406	0.0718943283005565	0.0676463760266159	0.2191350441451945	0.1948974557409552	-0.024237588404239285		0.4569781461136215	True	0.0042878151871263	False
COAD_VisiumHD_FFPE_to_CosMx6K	Benchmark_03	COAD	Visium HD FFPE	CosMx 6K	TXNIP	-0.0022735541886265	0.1195675957120168	0.1218411499006433	0.2514483840122113	0.2172808280712377	-0.03416755594097362		0.5278585234871058	True	0.0304805431514978	False
COAD_VisiumHD_FFPE_to_CosMx6K	Benchmark_03	COAD	Visium HD FFPE	CosMx 6K	TXNL4A	-0.0010893269609676	-0.0010893269609676	0.0	0.206434218765488	0.206434218765488	0.0			False	0.0074466275982558	False
COAD_VisiumHD_FFPE_to_CosMx6K	Benchmark_03	COAD	Visium HD FFPE	CosMx 6K	TXNRD1	-0.0011977358238722	0.0568333116733653	0.058031047497237497	0.2153080724764313	0.1801620147297347	-0.0351460577466966		0.5469985106379457	True	-0.0036036830861121	False
COAD_VisiumHD_FFPE_to_CosMx6K	Benchmark_03	COAD	Visium HD FFPE	CosMx 6K	TYMP	0.002242464561511	0.2422650117431044	0.2400225471815934	0.2762497423150259	0.2326259582490923	-0.04362378406593362		0.5502851961666538	True	0.0335129089653492	False
COAD_VisiumHD_FFPE_to_CosMx6K	Benchmark_03	COAD	Visium HD FFPE	CosMx 6K	TYMS	0.0199776661366505	0.1093875805133096	0.0894099143766591	0.2734659457517723	0.2273835211974358	-0.046082424554336504		0.5731911414982102	True	0.038603451102972	False
COAD_VisiumHD_FFPE_to_CosMx6K	Benchmark_03	COAD	Visium HD FFPE	CosMx 6K	UBB	0.0339394138114937	0.2451259940957279	0.2111865802842342	0.9398678613871976	0.915131798386116	-0.024736063001081554		0.2600555830052936	True	0.0399993956089019	False
COAD_VisiumHD_FFPE_to_CosMx6K	Benchmark_03	COAD	Visium HD FFPE	CosMx 6K	UBE2A	0.0023298446120735	0.0169205666161562	0.0145907220040827	0.2041988918432555	0.1755020780283446	-0.028696813814910876		0.5108462450472274	True	0.0066233142279088	False
COAD_VisiumHD_FFPE_to_CosMx6K	Benchmark_03	COAD	Visium HD FFPE	CosMx 6K	UBE2B	0.0031607381822641	0.0331708316983726	0.0300100935161085	0.225196758544338	0.1820443086468173	-0.04315244989752068		0.5943092672229968	True	0.0016989476280286	False
COAD_VisiumHD_FFPE_to_CosMx6K	Benchmark_03	COAD	Visium HD FFPE	CosMx 6K	UBE2C	0.0139803425176619	0.1424395663068041	0.1284592237891422	0.3132060969016761	0.2854704193055691	-0.02773567759610701		0.4030251332332588	True	0.0346095003187656	False
COAD_VisiumHD_FFPE_to_CosMx6K	Benchmark_03	COAD	Visium HD FFPE	CosMx 6K	UBE2D2	0.0012211669582229	0.0408659872126578	0.0396448202544349	0.2375245763539606	0.2113397893937887	-0.026184786960171902		0.4564028894963299	True	0.0098852477967739	False
COAD_VisiumHD_FFPE_to_CosMx6K	Benchmark_03	COAD	Visium HD FFPE	CosMx 6K	UBE2H	0.0041996879263714	0.0192613552714455	0.015061667345074099	0.2528822970946603	0.2285957004722799	-0.02428659662238042		0.431594813762929	True	0.0171931628137826	False
COAD_VisiumHD_FFPE_to_CosMx6K	Benchmark_03	COAD	Visium HD FFPE	CosMx 6K	UBE2I	0.0106062137008896	0.1384963939779281	0.1278901802770385	0.3271690418685579	0.2752925107325021	-0.05187653113605578		0.5459799953432157	True	0.0067010726779699	False
COAD_VisiumHD_FFPE_to_CosMx6K	Benchmark_03	COAD	Visium HD FFPE	CosMx 6K	UBE2J1	-0.0048682606185563	0.0059514043588403	0.0108196649773966	0.2465782198639343	0.204856030538132	-0.041722189325802295		0.5549825788669095	True	0.0144150042906403	False
COAD_VisiumHD_FFPE_to_CosMx6K	Benchmark_03	COAD	Visium HD FFPE	CosMx 6K	UBE2L3	0.00340693089042	0.0173458684763548	0.0139389375859348	0.2210745631397706	0.1965960478572074	-0.0244785152825632		0.4575730293812412	True	0.007394743617624	False
COAD_VisiumHD_FFPE_to_CosMx6K	Benchmark_03	COAD	Visium HD FFPE	CosMx 6K	UBE2Q1	0.0027733388630633	0.0280556703207568	0.0252823314576935	0.2386464730711296	0.200274419008629	-0.038372054062500605		0.5436457700408658	True	-0.0020532845519483	False
COAD_VisiumHD_FFPE_to_CosMx6K	Benchmark_03	COAD	Visium HD FFPE	CosMx 6K	UBE2R2	0.0076649534738257	0.0634382947695972	0.055773341295771495	0.3215484179250747	0.2891119018300697	-0.03243651609500503		0.4384501102727522	True	0.0114191127941012	False
COAD_VisiumHD_FFPE_to_CosMx6K	Benchmark_03	COAD	Visium HD FFPE	CosMx 6K	UBE2V1	0.005679885489882	0.0581999916722521	0.0525201061823701	0.2733819023614162	0.2177108508841431	-0.05567105147727308		0.6359388086602769	True	0.0288032125681638	False
COAD_VisiumHD_FFPE_to_CosMx6K	Benchmark_03	COAD	Visium HD FFPE	CosMx 6K	UBE2Z	0.0014040657695663	0.0139727605292558	0.0125686947596895	0.2341756107279012	0.2054006436204221	-0.028774967107479094		0.4803591991306491	True	0.0105007076635956	False
COAD_VisiumHD_FFPE_to_CosMx6K	Benchmark_03	COAD	Visium HD FFPE	CosMx 6K	UBE3A	0.0031242371936537	0.0152680612431209	0.012143824049467199	0.2298734682415418	0.2031646060734004	-0.026708862168141417		0.4676935428085921	True	0.0046911477111279	False
COAD_VisiumHD_FFPE_to_CosMx6K	Benchmark_03	COAD	Visium HD FFPE	CosMx 6K	UBE3C	0.0038931607154565	0.0173606595253234	0.0134674988098669	0.2235064683021233	0.1877516308131624	-0.03575483748896091		0.5426509687287888	True	0.0080116558820009	False
COAD_VisiumHD_FFPE_to_CosMx6K	Benchmark_03	COAD	Visium HD FFPE	CosMx 6K	UBXN4	0.0023511357261519	-0.0032713167653062	-0.0056224524914581	0.2810892508584457	0.2506174551242128	-0.03047179573423292		0.4549334722436335	True	0.0044738934375345	False
COAD_VisiumHD_FFPE_to_CosMx6K	Benchmark_03	COAD	Visium HD FFPE	CosMx 6K	UBXN6	0.0016177692191288	0.0437968691620364	0.0421790999429076	0.2610975070927798	0.2200915817649226	-0.041005925327857184		0.5357823341755716	True	0.0102990856394171	False
COAD_VisiumHD_FFPE_to_CosMx6K	Benchmark_03	COAD	Visium HD FFPE	CosMx 6K	UCHL3	0.0025059097570814	0.1529494103255853	0.1504435005685039	0.2833554149616455	0.2579798796920683	-0.0253755352695772		0.4108876445749283	True	0.0130716022104024	False
COAD_VisiumHD_FFPE_to_CosMx6K	Benchmark_03	COAD	Visium HD FFPE	CosMx 6K	UFM1	0.0043642269704147	0.0134486380151978	0.009084411044783101	0.2160441670706306	0.189869056258587	-0.0261751108120436		0.4774227659654307	True	0.0009409047779627	False
COAD_VisiumHD_FFPE_to_CosMx6K	Benchmark_03	COAD	Visium HD FFPE	CosMx 6K	UGCG	0.00273900786225	0.0219592959560393	0.0192202880937893	0.2138674947641902	0.1723048699061669	-0.04156262485802331		0.587723500431588	True	0.019873721525073	False
COAD_VisiumHD_FFPE_to_CosMx6K	Benchmark_03	COAD	Visium HD FFPE	CosMx 6K	UGGT1	0.0013410913669134	0.0403179136073416	0.0389768222404282	0.2071872266552563	0.1791342315630415	-0.02805299509221479		0.5024516832899167	True	0.0070412950590252	False
COAD_VisiumHD_FFPE_to_CosMx6K	Benchmark_03	COAD	Visium HD FFPE	CosMx 6K	UGT8	0.0089420276410151	0.0610800985928005	0.0521380709517854	0.2154760220132907	0.1883126781181136	-0.027163343895177078		0.4889983720818722	True	0.0255854744464159	False
COAD_VisiumHD_FFPE_to_CosMx6K	Benchmark_03	COAD	Visium HD FFPE	CosMx 6K	UQCR10	0.0068701933645085	0.0680174534895043	0.0611472601249958	0.2426302376339197	0.1907426858702205	-0.05188755176369919		0.6345405677033642	True	0.0049196244217455	False
COAD_VisiumHD_FFPE_to_CosMx6K	Benchmark_03	COAD	Visium HD FFPE	CosMx 6K	UQCR11	0.0019562229764202	0.0881536688581028	0.0861974458816826	0.2168842670695473	0.1830452806400963	-0.03383898642945102		0.536088552794159	True	0.005647012963891	False
COAD_VisiumHD_FFPE_to_CosMx6K	Benchmark_03	COAD	Visium HD FFPE	CosMx 6K	UQCRC1	0.0062132307587508	0.1717800813782295	0.1655668506194787	0.2974643849172354	0.2474701745867022	-0.04999421033053322		0.5595090917995088	True	0.0130988005548715	False
COAD_VisiumHD_FFPE_to_CosMx6K	Benchmark_03	COAD	Visium HD FFPE	CosMx 6K	USF2	0.0031021670777905	0.0123241767890343	0.0092220097112438	0.2672328620376562	0.2398994279760406	-0.02733343406161562		0.4459371080660588	True	0.0001197506862808	False
COAD_VisiumHD_FFPE_to_CosMx6K	Benchmark_03	COAD	Visium HD FFPE	CosMx 6K	USP10	0.0050274851628105	0.0370011379971054	0.0319736528342949	0.2201338303448082	0.1886526388919411	-0.031481191452867124		0.517733768010938	True	0.0104570239782333	False
COAD_VisiumHD_FFPE_to_CosMx6K	Benchmark_03	COAD	Visium HD FFPE	CosMx 6K	USP22	0.009691572853	0.0548735891154845	0.0451820162624845	0.2539543293037423	0.2178775195713725	-0.03607680973236979		0.5139860731289353	True	0.0014342605136334	False
COAD_VisiumHD_FFPE_to_CosMx6K	Benchmark_03	COAD	Visium HD FFPE	CosMx 6K	USP9X	0.0013186813079981	0.0153951404028995	0.0140764590949014	0.2082090175645311	0.1825897717908101	-0.025619245773721017		0.4807550780917448	True	0.012663934379816	False
COAD_VisiumHD_FFPE_to_CosMx6K	Benchmark_03	COAD	Visium HD FFPE	CosMx 6K	VAMP3	-0.0001389722930493	0.0647413581956298	0.0648803304886791	0.2154309144118056	0.1809490571161456	-0.03448185729566		0.5413563727534314	True	0.0017670973902568	False
COAD_VisiumHD_FFPE_to_CosMx6K	Benchmark_03	COAD	Visium HD FFPE	CosMx 6K	VAMP8	0.0010679851208829	0.1776802168798903	0.1766122317590074	0.3590944080162951	0.3387392734262397	-0.02035513459005539		0.3458108051104099	True	-0.0022584258113056	False
COAD_VisiumHD_FFPE_to_CosMx6K	Benchmark_03	COAD	Visium HD FFPE	CosMx 6K	VAPB	0.0067486279973774	0.066777826143964	0.0600291981465866	0.2337380740980116	0.2102155937626866	-0.023522480335325002		0.4352584329906388	True	0.0028553367592394	False
COAD_VisiumHD_FFPE_to_CosMx6K	Benchmark_03	COAD	Visium HD FFPE	CosMx 6K	VASP	-0.0032253232241361	0.1348464639501213	0.1380717871742574	0.3136885897275863	0.2752411410814169	-0.03844744864616939		0.489023506674942	True	-0.0009469207143411	False
COAD_VisiumHD_FFPE_to_CosMx6K	Benchmark_03	COAD	Visium HD FFPE	CosMx 6K	VCAN	0.0014756386762666	0.3307422874591064	0.3292666487828398	0.290603846200279	0.2072402719411636	-0.08336357425911542		0.6938952325436906	True	0.0300374832004308	False
COAD_VisiumHD_FFPE_to_CosMx6K	Benchmark_03	COAD	Visium HD FFPE	CosMx 6K	VDAC1	0.0113730795072092	0.1480161918067935	0.1366431122995843	0.30431065491366	0.2719902369913931	-0.03232041792226692		0.4455563936444464	True	0.0206308830529451	False
COAD_VisiumHD_FFPE_to_CosMx6K	Benchmark_03	COAD	Visium HD FFPE	CosMx 6K	VDAC2	-0.0001564412982306	0.103658644353969	0.1038150856521996	0.2526807786456885	0.2186844341180009	-0.0339963445276876		0.5010495483205422	True	0.0018774032359942	False
COAD_VisiumHD_FFPE_to_CosMx6K	Benchmark_03	COAD	Visium HD FFPE	CosMx 6K	VDAC3	0.0029554469585215	0.0772929576761943	0.0743375107176728	0.2081243239277422	0.1645340053615439	-0.0435903185661983		0.6209795827338437	True	0.0024496980477124	False
COAD_VisiumHD_FFPE_to_CosMx6K	Benchmark_03	COAD	Visium HD FFPE	CosMx 6K	VEGFA	-0.0043855910280063	0.1459910442796045	0.1503766353076108	0.3402698213159295	0.3033993680194761	-0.03687045329645339		0.4526678623468752	True	0.0257973298430442	False
COAD_VisiumHD_FFPE_to_CosMx6K	Benchmark_03	COAD	Visium HD FFPE	CosMx 6K	VEGFB	0.0027923219204631	-0.0176275460474341	-0.020419867967897198	0.2612371104349235	0.226505492864345	-0.034731617570578494		0.4983783028340994	True	0.0131101766601204	False
COAD_VisiumHD_FFPE_to_CosMx6K	Benchmark_03	COAD	Visium HD FFPE	CosMx 6K	VHL	0.0028660545415976	0.0477936823999993	0.0449276278584017	0.1997718061596793	0.1681357690556304	-0.031636037104048886		0.5400231509306931	True	0.0128278490155935	False
COAD_VisiumHD_FFPE_to_CosMx6K	Benchmark_03	COAD	Visium HD FFPE	CosMx 6K	VIM	0.0031647962812848	0.5598700668793268	0.556705270598042	0.6675901800469636	0.3976777977946562	-0.2699123822523074		0.7988694723044604	True	0.1048311069607734	False
COAD_VisiumHD_FFPE_to_CosMx6K	Benchmark_03	COAD	Visium HD FFPE	CosMx 6K	VMP1	-0.0010697672703735	0.1436641762754931	0.1447339435458666	0.3104311901213434	0.2757954256267136	-0.034635764494629795		0.4665841660732701	True	-0.0038730623200535	False
COAD_VisiumHD_FFPE_to_CosMx6K	Benchmark_03	COAD	Visium HD FFPE	CosMx 6K	VPS25	0.0093649529980737	0.0923111560399446	0.08294620304187089	0.2581591515158471	0.2217099236902414	-0.03644922782560572		0.5147233336963974	True	0.01602996699512	False
COAD_VisiumHD_FFPE_to_CosMx6K	Benchmark_03	COAD	Visium HD FFPE	CosMx 6K	VPS28	0.0024482991308198	0.0688932943579282	0.0664449952271084	0.2856338175136211	0.2653750139384497	-0.020258803575171402		0.3767569819869876	True	0.0163070019334554	False
COAD_VisiumHD_FFPE_to_CosMx6K	Benchmark_03	COAD	Visium HD FFPE	CosMx 6K	VPS36	0.00385459964367	0.0235319196672792	0.0196773200236092	0.2204957357932512	0.1844370827072659	-0.036058653085985326		0.5490658153345542	True	0.0021901656873524	False
COAD_VisiumHD_FFPE_to_CosMx6K	Benchmark_03	COAD	Visium HD FFPE	CosMx 6K	VTI1B	0.0042249207741893	0.0355992613247769	0.0313743405505876	0.2263753185351439	0.1995629592402934	-0.026812359294850485		0.4725619969689661	True	-0.0008369404822587	False
COAD_VisiumHD_FFPE_to_CosMx6K	Benchmark_03	COAD	Visium HD FFPE	CosMx 6K	WASL	0.0039682063790735	0.0190194687250026	0.0150512623459291	0.2280642941390619	0.1941473022066378	-0.03391699193242409		0.525130469421972	True	0.0187632218003273	False
COAD_VisiumHD_FFPE_to_CosMx6K	Benchmark_03	COAD	Visium HD FFPE	CosMx 6K	WDR82	0.0055727985465706	0.0615976436989672	0.0560248451523966	0.2753494790033629	0.2365372640968364	-0.03881221490652648		0.5119806478481869	True	0.0202333182096481	False
COAD_VisiumHD_FFPE_to_CosMx6K	Benchmark_03	COAD	Visium HD FFPE	CosMx 6K	WSB1	0.0053150008173574	-0.062666814584676	-0.06798181540203341	0.2994199261031732	0.2430418588193398	-0.056378067283833405		0.5823929223283668	True	0.0063707432709634	False
COAD_VisiumHD_FFPE_to_CosMx6K	Benchmark_03	COAD	Visium HD FFPE	CosMx 6K	XBP1	-0.0213261783251255	0.1765730913008758	0.19789926962600132	0.4391935990364953	0.2562135875855317	-0.1829800114509636		0.7810510704038655	True	0.1556899547576904	False
COAD_VisiumHD_FFPE_to_CosMx6K	Benchmark_03	COAD	Visium HD FFPE	CosMx 6K	XRCC6	0.0038938819711444	0.1651036290386366	0.1612097470674922	0.3474333947082597	0.3303672949946863	-0.01706609971357337		0.3158948638505512	True	0.0086862184107303	False
COAD_VisiumHD_FFPE_to_CosMx6K	Benchmark_03	COAD	Visium HD FFPE	CosMx 6K	YAP1	0.0035653993092715	0.0823032749165546	0.07873787560728311	0.2554317589012184	0.2174944246156913	-0.03793733428552709		0.5267017563693946	True	0.0088572381064295	False
COAD_VisiumHD_FFPE_to_CosMx6K	Benchmark_03	COAD	Visium HD FFPE	CosMx 6K	YBX1	0.00551221844348	0.1728823894633175	0.1673701710198375	0.3818828152698897	0.3434855025837683	-0.0383973126861214		0.4473794101343256	True	0.0130832120776176	False
COAD_VisiumHD_FFPE_to_CosMx6K	Benchmark_03	COAD	Visium HD FFPE	CosMx 6K	YBX3	0.0033539418188413	0.1543106540089268	0.1509567121900855	0.3291617069948607	0.2820327139715438	-0.04712899302331691		0.5154763995267518	True	0.0104745458811521	False
COAD_VisiumHD_FFPE_to_CosMx6K	Benchmark_03	COAD	Visium HD FFPE	CosMx 6K	YES1	0.0043919233871113	0.0323875743929274	0.0279956510058161	0.2338002964254007	0.2058631946409208	-0.027937101784479917		0.4740721519582862	True	0.0005287440144456	False
COAD_VisiumHD_FFPE_to_CosMx6K	Benchmark_03	COAD	Visium HD FFPE	CosMx 6K	YPEL5	0.0007063972228527	0.0007063972228527	0.0	0.2232142462514749	0.2232142462514749	0.0			False	0.0110330879688262	False
COAD_VisiumHD_FFPE_to_CosMx6K	Benchmark_03	COAD	Visium HD FFPE	CosMx 6K	YWHAE	0.0208636917106035	0.2431307952781322	0.22226710356752868	0.4419821037075075	0.3892095817432265	-0.052772521964281005		0.4697321277030147	True	0.0345870666205883	False
COAD_VisiumHD_FFPE_to_CosMx6K	Benchmark_03	COAD	Visium HD FFPE	CosMx 6K	YWHAG	-0.0028348986441768	0.1450165465819727	0.14785144522614949	0.2823099618111607	0.2511521254527493	-0.031157836358411406		0.4597778744894021	True	0.0142331030219793	False
COAD_VisiumHD_FFPE_to_CosMx6K	Benchmark_03	COAD	Visium HD FFPE	CosMx 6K	YWHAH	0.0052556855312021	0.1020541144011964	0.09679842886999429	0.3009050888085204	0.2741180811700927	-0.02678700763842773		0.4171520058140687	True	0.0205472949892282	False
COAD_VisiumHD_FFPE_to_CosMx6K	Benchmark_03	COAD	Visium HD FFPE	CosMx 6K	YWHAQ	0.0127559691086783	0.1683997908802217	0.1556438217715434	0.4018404271997186	0.3718544323229475	-0.02998599487677106		0.3834986800317426	True	0.0344353504478931	False
COAD_VisiumHD_FFPE_to_CosMx6K	Benchmark_03	COAD	Visium HD FFPE	CosMx 6K	YWHAZ	0.0039081008514545	0.2606358871313978	0.2567277862799433	0.5119796154673145	0.4514839045820504	-0.06049571088526412		0.4734582261056257	True	0.0205186009407043	False
COAD_VisiumHD_FFPE_to_CosMx6K	Benchmark_03	COAD	Visium HD FFPE	CosMx 6K	YY1	0.0063627169411905	0.1068952884137381	0.1005325714725476	0.30548272427711	0.2880819025181722	-0.017400821758937812		0.339346264637788	True	-0.0057820403017103	False
COAD_VisiumHD_FFPE_to_CosMx6K	Benchmark_03	COAD	Visium HD FFPE	CosMx 6K	ZC3H12A	-0.0058451611202412	0.129365419784835	0.1352105809050762	0.2470499413480589	0.2116801089428716	-0.03536983240518732		0.5161598040991268	True	0.0232840534299612	False
COAD_VisiumHD_FFPE_to_CosMx6K	Benchmark_03	COAD	Visium HD FFPE	CosMx 6K	ZFHX3	0.0030151998060592	0.0054324244406556	0.0024172246345963997	0.1951014693098879	0.1668163430674934	-0.028285126242394487		0.5214453761277258	True	0.0149717694148421	False
COAD_VisiumHD_FFPE_to_CosMx6K	Benchmark_03	COAD	Visium HD FFPE	CosMx 6K	ZFP36	-0.0062901162339883	0.2238382183239399	0.23012833455792822	0.4043299104649934	0.2869179034440525	-0.1174120070209409		0.6833183938397944	True	0.0433094948530197	False
COAD_VisiumHD_FFPE_to_CosMx6K	Benchmark_03	COAD	Visium HD FFPE	CosMx 6K	ZFP36L1	0.0012630621557707	0.2055429164978105	0.2042798543420398	0.3644000301012551	0.3119223533652681	-0.05247767673598702		0.5221315955013947	True	0.0182992238551378	False
COAD_VisiumHD_FFPE_to_CosMx6K	Benchmark_03	COAD	Visium HD FFPE	CosMx 6K	ZFP36L2	0.0106123620075822	0.1299060662403181	0.11929370423273591	0.4353363026732429	0.3692341645824364	-0.0661021380908065		0.5323044242330114	True	0.0270639397203922	False
COAD_VisiumHD_FFPE_to_CosMx6K	Benchmark_03	COAD	Visium HD FFPE	CosMx 6K	ZNF706	0.0002277012925034	0.1036042595514887	0.10337655825898531	0.2824943547374247	0.2636233922437901	-0.01887096249363457		0.3700224672166393	True	0.009895303286612	False
COAD_VisiumHD_FFPE_to_CosMx6K	Benchmark_03	COAD	Visium HD FFPE	CosMx 6K	ZNRF2	0.0010533319392223	0.0060208377490749	0.0049675058098526	0.182209918717336	0.146490050461475	-0.03571986825586099		0.5973175583318348	True	0.0033928805496543	False
COAD_VisiumHD_FFPE_to_CosMx6K	Benchmark_03	COAD	Visium HD FFPE	CosMx 6K	ZWINT	0.0128491521293312	0.0950072177194699	0.0821580655901387	0.2409566982705772	0.2082351197146458	-0.032721578555931385		0.5055678586975024	True	0.0213007275015115	False
COAD_VisiumHD_FFPE_to_CosMx6K	Benchmark_03	COAD	Visium HD FFPE	CosMx 6K	ZYX	0.002575736079403	0.1834842521372132	0.1809085160578102	0.3490911241819568	0.3028202375126846	-0.046270886669272204		0.5082295126936328	True	0.0064884149469435	False
HCC_VisiumHD_FFPE_to_CosMx6K	Benchmark_01	HCC	Visium HD FFPE	CosMx 6K	A2M	0.0018584583109665	0.1275403151277836	0.1256818568168171	0.4170748130269822	0.3213692172733899	-0.09570559575359228		0.6218718058348789	True	0.0099630337208509	False
HCC_VisiumHD_FFPE_to_CosMx6K	Benchmark_01	HCC	Visium HD FFPE	CosMx 6K	AASS	0.0002440318722635	0.1132495702525329	0.1130055383802694	0.2959061099542809	0.2646462053896329	-0.031259904564648		0.4573517668779464	True	0.0065223718993365	False
HCC_VisiumHD_FFPE_to_CosMx6K	Benchmark_01	HCC	Visium HD FFPE	CosMx 6K	ABAT	-0.0057874917127909	-0.0057874917127909	0.0	0.2038857237020144	0.2038857237020144	0.0			False	0.0043340749107301	False
HCC_VisiumHD_FFPE_to_CosMx6K	Benchmark_01	HCC	Visium HD FFPE	CosMx 6K	ACAA1	-0.0008069009203875	0.0791987185180537	0.0800056194384412	0.2940110594433883	0.2402900874035186	-0.0537209720398697		0.567881176003873	True	-0.0010542817180976	False
HCC_VisiumHD_FFPE_to_CosMx6K	Benchmark_01	HCC	Visium HD FFPE	CosMx 6K	ACAA2	0.0008838487473178	0.0008838487473178	0.0	0.228115122500634	0.228115122500634	0.0			False	0.0075001469813287	False
HCC_VisiumHD_FFPE_to_CosMx6K	Benchmark_01	HCC	Visium HD FFPE	CosMx 6K	ACAT1	0.0010104604540854	0.0010104604540854	0.0	0.2004036881059599	0.2004036881059599	0.0			False	-0.0008492460474371	False
HCC_VisiumHD_FFPE_to_CosMx6K	Benchmark_01	HCC	Visium HD FFPE	CosMx 6K	ACAT2	0.0006333717778389	0.0006333717778389	0.0	0.1526284931949313	0.1526284931949313	0.0			False	-0.0120080541819334	False
HCC_VisiumHD_FFPE_to_CosMx6K	Benchmark_01	HCC	Visium HD FFPE	CosMx 6K	ACOT13	7.568789159311243e-05	7.568789159311243e-05	0.0	0.2128350212290913	0.2128350212290913	0.0			False	0.0061147636733949	False
HCC_VisiumHD_FFPE_to_CosMx6K	Benchmark_01	HCC	Visium HD FFPE	CosMx 6K	ACOX1	-0.0013670652080297	-0.0013670652080297	0.0	0.1690284930453463	0.1690284930453463	0.0			False	-0.0011613309616222	False
HCC_VisiumHD_FFPE_to_CosMx6K	Benchmark_01	HCC	Visium HD FFPE	CosMx 6K	ACY1	-0.0004727284464766	-0.0004727284464766	0.0	0.2346699984123816	0.2346699984123816	0.0			False	-0.0051652058027684	False
HCC_VisiumHD_FFPE_to_CosMx6K	Benchmark_01	HCC	Visium HD FFPE	CosMx 6K	ADH1B	0.0010434562842115	0.021815892505604	0.0207724362213925	0.3248094806910496	0.2100127276932639	-0.11479675299778569		0.8701922433361907	True	0.0039066863246262	False
HCC_VisiumHD_FFPE_to_CosMx6K	Benchmark_01	HCC	Visium HD FFPE	CosMx 6K	ADH1C	0.0004327973270249	0.0004327973270249	0.0	0.36730423178322	0.36730423178322	0.0			False	-0.0060060052201151	False
HCC_VisiumHD_FFPE_to_CosMx6K	Benchmark_01	HCC	Visium HD FFPE	CosMx 6K	ADH4	-0.0018628775135509	-0.0018628775135509	0.0	0.3943086645084862	0.3943086645084862	0.0			False	0.0063466965220868	False
HCC_VisiumHD_FFPE_to_CosMx6K	Benchmark_01	HCC	Visium HD FFPE	CosMx 6K	AGT	-0.0100966238760324	0.2300305981330715	0.2401272220091039	0.7867944443214357	0.7337962842385016	-0.05299816008293412		0.4340423921798693	True	0.0233762059360742	True
HCC_VisiumHD_FFPE_to_CosMx6K	Benchmark_01	HCC	Visium HD FFPE	CosMx 6K	ALAD	-0.0011272626127216	-0.0011272626127216	0.0	0.2348255471808882	0.2348255471808882	0.0			False	-0.0099167414009571	False
HCC_VisiumHD_FFPE_to_CosMx6K	Benchmark_01	HCC	Visium HD FFPE	CosMx 6K	ALDH1A1	-0.0001550286459823	0.0721574931458766	0.0723125217918589	0.3600962692159323	0.3037509900531472	-0.05634527916278509		0.5301214865096208	True	-0.0045357812196016	False
HCC_VisiumHD_FFPE_to_CosMx6K	Benchmark_01	HCC	Visium HD FFPE	CosMx 6K	ALDH1L1	-0.0005744509543486	0.0881353458309063	0.08870979678525491	0.2930038967234524	0.2219748636575882	-0.0710290330658642		0.6433829329965117	True	0.0036344157997518	False
HCC_VisiumHD_FFPE_to_CosMx6K	Benchmark_01	HCC	Visium HD FFPE	CosMx 6K	ALDH2	-0.0043045558892486	-0.0043045558892486	0.0	0.3117629194833697	0.3117629194833697	0.0			False	0.0075261015444993	False
HCC_VisiumHD_FFPE_to_CosMx6K	Benchmark_01	HCC	Visium HD FFPE	CosMx 6K	ALDH3A2	-0.0004607510009854	-0.0004607510009854	0.0	0.1865051079078492	0.1865051079078492	0.0			False	0.0163723472505807	True
HCC_VisiumHD_FFPE_to_CosMx6K	Benchmark_01	HCC	Visium HD FFPE	CosMx 6K	ALDH9A1	-0.0018040658857562	-0.0018040658857562	0.0	0.189877290189527	0.189877290189527	0.0			False	-0.0098458835855126	False
HCC_VisiumHD_FFPE_to_CosMx6K	Benchmark_01	HCC	Visium HD FFPE	CosMx 6K	ALDOB	-0.0006623099186061	0.2767184109394647	0.2773807208580708	1.0385704609683817	1.0106510395915695	-0.027919421376812137		0.3809515575445643	True	0.00386573234573	False
HCC_VisiumHD_FFPE_to_CosMx6K	Benchmark_01	HCC	Visium HD FFPE	CosMx 6K	AMBP	-0.0125009214772202	0.225170235848041	0.2376711573252612	0.8251894657224516	0.723870472225489	-0.1013189934969626		0.4443544837739336	True	0.0212168302386999	True
HCC_VisiumHD_FFPE_to_CosMx6K	Benchmark_01	HCC	Visium HD FFPE	CosMx 6K	ANAPC11	0.0001488092769148	0.0001488092769148	0.0	0.1751867216234263	0.1751867216234263	0.0			False	0.0051921820268034	False
HCC_VisiumHD_FFPE_to_CosMx6K	Benchmark_01	HCC	Visium HD FFPE	CosMx 6K	ANG	-0.0067702856860858	0.145949914861395	0.1527202005474808	0.581967593812976	0.4759622315399286	-0.10600536227304741		0.5443747675823314	True	0.0094590494409203	False
HCC_VisiumHD_FFPE_to_CosMx6K	Benchmark_01	HCC	Visium HD FFPE	CosMx 6K	ANGPTL3	-0.0019983250710546	-0.0019983250710546	0.0	0.1717005994557685	0.1717005994557685	0.0			False	-0.007801791653037	False
HCC_VisiumHD_FFPE_to_CosMx6K	Benchmark_01	HCC	Visium HD FFPE	CosMx 6K	ANPEP	-0.0029744813454123	-0.0029744813454123	0.0	0.2635578300104874	0.2635578300104874	0.0			False	0.007653382141143	False
HCC_VisiumHD_FFPE_to_CosMx6K	Benchmark_01	HCC	Visium HD FFPE	CosMx 6K	APLP2	-0.0015015030702345	-0.0015015030702345	0.0	0.2300354504595755	0.2300354504595755	0.0			False	-0.0097806556150317	False
HCC_VisiumHD_FFPE_to_CosMx6K	Benchmark_01	HCC	Visium HD FFPE	CosMx 6K	APOA1	-0.0154353061436642	0.2090046260086142	0.2244399321522784	1.0808666452375228	1.0006211923489126	-0.08024545288861029		0.3831637043334948	True	0.0452448911964893	True
HCC_VisiumHD_FFPE_to_CosMx6K	Benchmark_01	HCC	Visium HD FFPE	CosMx 6K	APOB	-0.0057524464814472	0.2076989444826442	0.2134513909640914	0.7225522625767417	0.6007714721913751	-0.1217807903853666		0.52212948921254	True	0.0024573993869125	False
HCC_VisiumHD_FFPE_to_CosMx6K	Benchmark_01	HCC	Visium HD FFPE	CosMx 6K	APOC1	-0.0153718769069913	0.2197720211968085	0.2351438981037998	1.0686365159476208	1.057448018803717	-0.011188497143903797		0.3656801142682257	True	0.0061579793691635	False
HCC_VisiumHD_FFPE_to_CosMx6K	Benchmark_01	HCC	Visium HD FFPE	CosMx 6K	APOE	-0.0238230263885413	0.1081691398190871	0.1319921662076284	0.954469374443272	0.8710223461252542	-0.08344702831801776		0.3911681444545193	True	0.048420812934637	True
HCC_VisiumHD_FFPE_to_CosMx6K	Benchmark_01	HCC	Visium HD FFPE	CosMx 6K	APOM	0.0003823812935095	0.0003823812935095	0.0	0.2013005686507895	0.2013005686507895	0.0			False	0.0065667857415974	False
HCC_VisiumHD_FFPE_to_CosMx6K	Benchmark_01	HCC	Visium HD FFPE	CosMx 6K	APP	-0.0011315686935552	0.2231537001801553	0.2242852688737105	0.297274738481613	0.2668713222723518	-0.030403416209261236		0.4577560569854485	True	0.0067291371524333	False
HCC_VisiumHD_FFPE_to_CosMx6K	Benchmark_01	HCC	Visium HD FFPE	CosMx 6K	AQP9	0.0016123149642882	0.1039065544054228	0.10229423944113461	0.3635436683211923	0.3112436316045187	-0.052300036716673604		0.5134101257888188	True	0.009944281540811	False
HCC_VisiumHD_FFPE_to_CosMx6K	Benchmark_01	HCC	Visium HD FFPE	CosMx 6K	ARG1	0.0018516800645539	0.1269673512023661	0.1251156711378122	0.4301320142028066	0.3529413244068188	-0.07719068979598781		0.5525087245793107	True	-0.0027390122413635	False
HCC_VisiumHD_FFPE_to_CosMx6K	Benchmark_01	HCC	Visium HD FFPE	CosMx 6K	ASL	0.0005797855424668	0.1041111249137354	0.1035313393712686	0.2863521627158371	0.260265994559849	-0.026086168155988076		0.4313590914667689	True	-0.0072026387788355	False
HCC_VisiumHD_FFPE_to_CosMx6K	Benchmark_01	HCC	Visium HD FFPE	CosMx 6K	ASS1	0.0017582615761197	0.0850285834926268	0.0832703219165071	0.360925193781993	0.3321624259061813	-0.028762767875811723		0.4164857409984143	True	0.0069465138949453	False
HCC_VisiumHD_FFPE_to_CosMx6K	Benchmark_01	HCC	Visium HD FFPE	CosMx 6K	ATP5F1B	-0.0021918884840039	-0.0021918884840039	0.0	0.2648380184714671	0.2648380184714671	0.0			False	-0.0101284384727478	False
HCC_VisiumHD_FFPE_to_CosMx6K	Benchmark_01	HCC	Visium HD FFPE	CosMx 6K	ATP5F1E	-0.0005617216286374	-0.0005617216286374	0.0	0.1344199826731257	0.1344199826731257	0.0			False	-0.0076394584029912	False
HCC_VisiumHD_FFPE_to_CosMx6K	Benchmark_01	HCC	Visium HD FFPE	CosMx 6K	ATP5IF1	-0.0001803546172737	-0.0001803546172737	0.0	0.2750923135237605	0.2750923135237605	0.0			False	-0.0115382308140397	False
HCC_VisiumHD_FFPE_to_CosMx6K	Benchmark_01	HCC	Visium HD FFPE	CosMx 6K	AZGP1	-0.0002084925425205	0.2006130333545207	0.2008215258970412	0.6319396392268688	0.5542222781015556	-0.07771736112531324		0.4768519023505082	True	0.0124401068314909	False
HCC_VisiumHD_FFPE_to_CosMx6K	Benchmark_01	HCC	Visium HD FFPE	CosMx 6K	B2M	-0.0023295551016403	0.1794019718316688	0.1817315269333091	0.6369616901251822	0.6135154695003838	-0.023446220624798397		0.3881260606433004	True	-0.0099915973842144	False
HCC_VisiumHD_FFPE_to_CosMx6K	Benchmark_01	HCC	Visium HD FFPE	CosMx 6K	BLVRB	-0.0011912596404412	-0.0011912596404412	0.0	0.2171323660448653	0.2171323660448653	0.0			False	-0.0006237985217012	False
HCC_VisiumHD_FFPE_to_CosMx6K	Benchmark_01	HCC	Visium HD FFPE	CosMx 6K	BRI3	-0.0025420918426896	-0.0025420918426896	0.0	0.2430075455739605	0.2430075455739605	0.0			False	-0.0039241365157067	False
HCC_VisiumHD_FFPE_to_CosMx6K	Benchmark_01	HCC	Visium HD FFPE	CosMx 6K	BST2	-0.0038327521796502	-0.0038327521796502	0.0	0.2572631617317673	0.2572631617317673	0.0			False	0.0072942487895488	False
HCC_VisiumHD_FFPE_to_CosMx6K	Benchmark_01	HCC	Visium HD FFPE	CosMx 6K	C1QA	0.0006734287834377	0.4847347645868197	0.484061335803382	0.2626930930741937	0.1974558847808672	-0.06523720829332649		0.6615486668383225	True	0.0095053203403949	False
HCC_VisiumHD_FFPE_to_CosMx6K	Benchmark_01	HCC	Visium HD FFPE	CosMx 6K	C1R	-0.0022251987807226	-0.0022251987807226	0.0	0.4691000492645926	0.4691000492645926	0.0			False	0.0223041791468858	True
HCC_VisiumHD_FFPE_to_CosMx6K	Benchmark_01	HCC	Visium HD FFPE	CosMx 6K	C1S	-0.0053554841538148	0.1033223301232179	0.1086778142770327	0.4546779897285901	0.3578633228529485	-0.09681466687564161		0.5959633592704668	True	0.0035858410410583	False
HCC_VisiumHD_FFPE_to_CosMx6K	Benchmark_01	HCC	Visium HD FFPE	CosMx 6K	C2	-0.0013283563291813	-0.0013283563291813	0.0	0.2694364675433676	0.2694364675433676	0.0			False	-0.0002509815385565	False
HCC_VisiumHD_FFPE_to_CosMx6K	Benchmark_01	HCC	Visium HD FFPE	CosMx 6K	C3	-0.0047598946564269	0.2415379033954772	0.2462977980519041	0.8461140295043967	0.7604133701549248	-0.08570065934947191		0.4191844954774228	True	0.0135491294786334	False
HCC_VisiumHD_FFPE_to_CosMx6K	Benchmark_01	HCC	Visium HD FFPE	CosMx 6K	C4BPA	0.004615013347597	0.0849449686254623	0.08032995527786531	0.3505180044743008	0.2830869035625792	-0.06743110091172161		0.5744002088782117	True	-0.0034944203216582	False
HCC_VisiumHD_FFPE_to_CosMx6K	Benchmark_01	HCC	Visium HD FFPE	CosMx 6K	C5	0.0023319325547562	0.0737275856297127	0.0713956530749565	0.278211418785495	0.2076925743452598	-0.07051884444023518		0.6559354868408129	True	0.0020719070453196	False
HCC_VisiumHD_FFPE_to_CosMx6K	Benchmark_01	HCC	Visium HD FFPE	CosMx 6K	C6	-0.0001822682603492	0.0673206602743202	0.0675029285346694	0.2419932669516698	0.2102449205574642	-0.03174834639420562		0.4975755127642501	True	-0.010627195239067	False
HCC_VisiumHD_FFPE_to_CosMx6K	Benchmark_01	HCC	Visium HD FFPE	CosMx 6K	C8A	-5.735299068169642e-05	0.0711064693836048	0.0711638223742865	0.3255049640100929	0.2341387819021915	-0.09136618210790137		0.6993679417106469	True	-0.0032188878394663	False
HCC_VisiumHD_FFPE_to_CosMx6K	Benchmark_01	HCC	Visium HD FFPE	CosMx 6K	C8B	0.0002893439211338	0.0578150856019766	0.057525741680842804	0.2378404240501968	0.1952202851960426	-0.04262013885415422		0.5658775235658203	True	-0.0025498536415398	False
HCC_VisiumHD_FFPE_to_CosMx6K	Benchmark_01	HCC	Visium HD FFPE	CosMx 6K	C8G	0.0001598185032552	0.0001598185032552	0.0	0.1988131695712039	0.1988131695712039	0.0			False	0.0014057257212698	False
HCC_VisiumHD_FFPE_to_CosMx6K	Benchmark_01	HCC	Visium HD FFPE	CosMx 6K	C9	0.0004403568899059	0.0004403568899059	0.0	0.3482771983422731	0.3482771983422731	0.0			False	0.0040836269035935	False
HCC_VisiumHD_FFPE_to_CosMx6K	Benchmark_01	HCC	Visium HD FFPE	CosMx 6K	CADM1	-0.0025724595234388	-0.0025724595234388	0.0	0.1983474980016911	0.1983474980016911	0.0			False	0.0156090585514903	False
HCC_VisiumHD_FFPE_to_CosMx6K	Benchmark_01	HCC	Visium HD FFPE	CosMx 6K	CALCOCO2	-0.000862472144058	-0.000862472144058	0.0	0.1681277209158935	0.1681277209158935	0.0			False	-0.0145303104072809	False
HCC_VisiumHD_FFPE_to_CosMx6K	Benchmark_01	HCC	Visium HD FFPE	CosMx 6K	CALD1	-0.0023231894553625	-0.0023231894553625	0.0	0.3336794653286626	0.3336794653286626	0.0			False	0.0024967934004962	False
HCC_VisiumHD_FFPE_to_CosMx6K	Benchmark_01	HCC	Visium HD FFPE	CosMx 6K	CAST	0.0008093243230267	0.0008093243230267	0.0	0.1784083353753395	0.1784083353753395	0.0			False	-0.005118369590491	False
HCC_VisiumHD_FFPE_to_CosMx6K	Benchmark_01	HCC	Visium HD FFPE	CosMx 6K	CAT	-0.0057518787519789	0.1034803169165691	0.109232195668548	0.4205485863797682	0.3748556189117065	-0.04569296746806173		0.4673511820219592	True	0.0051721520721912	False
HCC_VisiumHD_FFPE_to_CosMx6K	Benchmark_01	HCC	Visium HD FFPE	CosMx 6K	CCL16	-7.18264065049572e-05	-7.18264065049572e-05	0.0	0.2215392234840647	0.2215392234840647	0.0			False	-0.0093513187021017	False
HCC_VisiumHD_FFPE_to_CosMx6K	Benchmark_01	HCC	Visium HD FFPE	CosMx 6K	CCNG1	-0.0006297559996744	-0.0006297559996744	0.0	0.1620527436486049	0.1620527436486049	0.0			False	0.0082078613340854	False
HCC_VisiumHD_FFPE_to_CosMx6K	Benchmark_01	HCC	Visium HD FFPE	CosMx 6K	CD46	0.001299151651336	0.001299151651336	0.0	0.1982271334448173	0.1982271334448173	0.0			False	-0.0068664797581732	False
HCC_VisiumHD_FFPE_to_CosMx6K	Benchmark_01	HCC	Visium HD FFPE	CosMx 6K	CD74	6.474467498060382e-06	0.4766819411920103	0.4766754667245122	0.4533970949453001	0.3531818006633465	-0.10021529428195364		0.6630237032477074	True	0.0098573733121156	False
HCC_VisiumHD_FFPE_to_CosMx6K	Benchmark_01	HCC	Visium HD FFPE	CosMx 6K	CD81	-0.0014221885609475	-0.0014221885609475	0.0	0.367447026312017	0.367447026312017	0.0			False	0.0102480566129088	False
HCC_VisiumHD_FFPE_to_CosMx6K	Benchmark_01	HCC	Visium HD FFPE	CosMx 6K	CERS2	0.0025758150493556	0.0025758150493556	0.0	0.2670501955571613	0.2670501955571613	0.0			False	-0.0130408788099884	False
HCC_VisiumHD_FFPE_to_CosMx6K	Benchmark_01	HCC	Visium HD FFPE	CosMx 6K	CFB	-0.0067657469281895	0.1464051299985429	0.1531708769267324	0.5630759565961144	0.4560210409419036	-0.10705491565421082		0.5567645722503891	True	0.03409443795681	True
HCC_VisiumHD_FFPE_to_CosMx6K	Benchmark_01	HCC	Visium HD FFPE	CosMx 6K	CFH	0.0010298362510978	0.0664085453963863	0.0653787091452885	0.3424590933911705	0.241629923134429	-0.10082917025674148		0.7289480596396322	True	-0.0031598603818565	False
HCC_VisiumHD_FFPE_to_CosMx6K	Benchmark_01	HCC	Visium HD FFPE	CosMx 6K	CFI	-0.0014265843492437	0.0852427141821539	0.0866692985313976	0.3390713877874698	0.28944088296145	-0.04963050482601983		0.5185595949266824	True	0.0055587450042366	False
HCC_VisiumHD_FFPE_to_CosMx6K	Benchmark_01	HCC	Visium HD FFPE	CosMx 6K	CFL2	-0.0010960086724932	-0.0010960086724932	0.0	0.1642064346313524	0.1642064346313524	0.0			False	0.0070332256145775	False
HCC_VisiumHD_FFPE_to_CosMx6K	Benchmark_01	HCC	Visium HD FFPE	CosMx 6K	CHI3L1	0.0012000851749677	0.1454942577754807	0.144294172600513	0.5060223043785439	0.439301631387699	-0.06672067299084489		0.4994353974162683	True	0.0096591226756572	False
HCC_VisiumHD_FFPE_to_CosMx6K	Benchmark_01	HCC	Visium HD FFPE	CosMx 6K	CHID1	0.0013211406080428	0.0013211406080428	0.0	0.1410776823287852	0.1410776823287852	0.0			False	-0.0002604723558761	False
HCC_VisiumHD_FFPE_to_CosMx6K	Benchmark_01	HCC	Visium HD FFPE	CosMx 6K	CHPT1	-0.0004460588287532	0.0101642601262985	0.010610318955051701	0.2221327426157455	0.1340831439204648	-0.0880495986952807		0.8458480830382913	True	-0.0095050232484936	False
HCC_VisiumHD_FFPE_to_CosMx6K	Benchmark_01	HCC	Visium HD FFPE	CosMx 6K	CLDN1	-0.0020879748193016	-0.0020879748193016	0.0	0.2054881767037981	0.2054881767037981	0.0			False	0.0049862028099596	False
HCC_VisiumHD_FFPE_to_CosMx6K	Benchmark_01	HCC	Visium HD FFPE	CosMx 6K	CLU	-0.009490928239512	0.1082301932037378	0.11772112144324981	0.5446767262866653	0.4271375621435231	-0.1175391641431422		0.6071205076699803	True	0.0131854470819234	False
HCC_VisiumHD_FFPE_to_CosMx6K	Benchmark_01	HCC	Visium HD FFPE	CosMx 6K	COL18A1	0.0023569577905153	0.0023569577905153	0.0	0.5379290834810947	0.5379290834810947	0.0			False	-0.0065986290574073	False
HCC_VisiumHD_FFPE_to_CosMx6K	Benchmark_01	HCC	Visium HD FFPE	CosMx 6K	COMT	-0.0011458547201523	-0.0011458547201523	0.0	0.2900342358102818	0.2900342358102818	0.0			False	0.0043607302941381	False
HCC_VisiumHD_FFPE_to_CosMx6K	Benchmark_01	HCC	Visium HD FFPE	CosMx 6K	COX6A1	-0.0049152780961365	-0.0049152780961365	0.0	0.3213783366571577	0.3213783366571577	0.0			False	0.0004685117455665	False
HCC_VisiumHD_FFPE_to_CosMx6K	Benchmark_01	HCC	Visium HD FFPE	CosMx 6K	COX6C	-0.0022179190604839	-0.0022179190604839	0.0	0.2403310009109528	0.2403310009109528	0.0			False	0.0037452389951795	False
HCC_VisiumHD_FFPE_to_CosMx6K	Benchmark_01	HCC	Visium HD FFPE	CosMx 6K	COX7C	-0.0013993726280771	-0.0013993726280771	0.0	0.2401308031581913	0.2401308031581913	0.0			False	0.0071003590710461	False
HCC_VisiumHD_FFPE_to_CosMx6K	Benchmark_01	HCC	Visium HD FFPE	CosMx 6K	CPB2	0.0006092999087165	0.0711265524677519	0.0705172525590354	0.3908772367267695	0.2788838400605834	-0.11199339666618607		0.7314523567928445	True	-0.0023889404255896	False
HCC_VisiumHD_FFPE_to_CosMx6K	Benchmark_01	HCC	Visium HD FFPE	CosMx 6K	CREG1	0.0017453362933678	0.117840107359456	0.1160947710660882	0.2336936110796718	0.2034502386720548	-0.030243372407616986		0.4959053544470328	True	0.0050574084743857	False
HCC_VisiumHD_FFPE_to_CosMx6K	Benchmark_01	HCC	Visium HD FFPE	CosMx 6K	CRLS1	0.0014764364738052	0.0014764364738052	0.0	0.1893293032715429	0.1893293032715429	0.0			False	-0.0041201044805347	False
HCC_VisiumHD_FFPE_to_CosMx6K	Benchmark_01	HCC	Visium HD FFPE	CosMx 6K	CST3	-0.0001861923363661	0.1409150501861931	0.1411012425225592	0.3487719527483644	0.2981707918087006	-0.050601160939663825		0.5186519349504364	True	-0.0039720311760902	False
HCC_VisiumHD_FFPE_to_CosMx6K	Benchmark_01	HCC	Visium HD FFPE	CosMx 6K	CTSA	-0.0006921214444422	-0.0006921214444422	0.0	0.1872343858017976	0.1872343858017976	0.0			False	0.0076000825501978	False
HCC_VisiumHD_FFPE_to_CosMx6K	Benchmark_01	HCC	Visium HD FFPE	CosMx 6K	CTSB	0.0005863232397394	0.3900111574813923	0.3894248342416529	0.3213910320330543	0.2636578391178116	-0.057733192915242704		0.5777473499831792	True	-0.002760307630524	False
HCC_VisiumHD_FFPE_to_CosMx6K	Benchmark_01	HCC	Visium HD FFPE	CosMx 6K	CTSD	0.0005332609806241	0.2069409475175492	0.20640768653692512	0.4119655404951818	0.3968748848799873	-0.015090655615194515		0.3176086539584595	True	0.0119747845456004	False
HCC_VisiumHD_FFPE_to_CosMx6K	Benchmark_01	HCC	Visium HD FFPE	CosMx 6K	CTSZ	-0.0024363812080336	0.1317405475682768	0.1341769287763104	0.2457202328997991	0.184738895974953	-0.06098133692484611		0.6528044020142988	True	0.0107577675953507	False
HCC_VisiumHD_FFPE_to_CosMx6K	Benchmark_01	HCC	Visium HD FFPE	CosMx 6K	CTTN	-0.0003731070747386	-0.0003731070747386	0.0	0.1622583922315762	0.1622583922315762	0.0			False	0.0050410293042659	False
HCC_VisiumHD_FFPE_to_CosMx6K	Benchmark_01	HCC	Visium HD FFPE	CosMx 6K	CXCL13	-0.001470039017776	-0.001470039017776	0.0	0.1834052694147444	0.1834052694147444	0.0			False	0.006492898799479	False
HCC_VisiumHD_FFPE_to_CosMx6K	Benchmark_01	HCC	Visium HD FFPE	CosMx 6K	CXCL2	0.0011978590758575	0.0498309254294333	0.048633066353575796	0.1913577436989786	0.1582395354890774	-0.03311820820990119		0.5602737378612476	True	0.0066193137317895	False
HCC_VisiumHD_FFPE_to_CosMx6K	Benchmark_01	HCC	Visium HD FFPE	CosMx 6K	CYP27A1	-0.0047158255556715	-0.0047158255556715	0.0	0.3403702218381496	0.3403702218381496	0.0			False	0.0044718165881931	False
HCC_VisiumHD_FFPE_to_CosMx6K	Benchmark_01	HCC	Visium HD FFPE	CosMx 6K	CYP2E1	0.00316800506228	0.1121849858570382	0.1090169807947582	0.4201451207055892	0.3351522501684556	-0.08499287053713356		0.584373830223206	True	0.0099411951377987	False
HCC_VisiumHD_FFPE_to_CosMx6K	Benchmark_01	HCC	Visium HD FFPE	CosMx 6K	CYP4A11	0.0023602092382883	0.081676296480673	0.0793160872423847	0.2579280354760722	0.238884041388713	-0.019043994087359184		0.3948552018392843	True	0.0011735614389181	False
HCC_VisiumHD_FFPE_to_CosMx6K	Benchmark_01	HCC	Visium HD FFPE	CosMx 6K	CYP8B1	-0.0033195132099443	0.0960342055196281	0.0993537187295724	0.3078472571368774	0.2823955085026303	-0.025451748634247096		0.4164221008757946	True	-0.0020586338359862	False
HCC_VisiumHD_FFPE_to_CosMx6K	Benchmark_01	HCC	Visium HD FFPE	CosMx 6K	DBI	-0.0002633082398945	-0.0002633082398945	0.0	0.2387895259727992	0.2387895259727992	0.0			False	0.0038910538423806	False
HCC_VisiumHD_FFPE_to_CosMx6K	Benchmark_01	HCC	Visium HD FFPE	CosMx 6K	DCXR	-0.0011516943845646	0.1125997569553485	0.1137514513399131	0.4067863636042179	0.3642052585078331	-0.0425811050963848		0.4593599358340028	True	-0.0086262049153447	False
HCC_VisiumHD_FFPE_to_CosMx6K	Benchmark_01	HCC	Visium HD FFPE	CosMx 6K	DDT	3.7393992676326765e-05	0.0822133534060027	0.08217595941332638	0.3452339668244553	0.2937808644280897	-0.05145310239636558		0.5219179371346115	True	0.0087391352280974	False
HCC_VisiumHD_FFPE_to_CosMx6K	Benchmark_01	HCC	Visium HD FFPE	CosMx 6K	DECR1	-0.000620765023874	0.0295095985470499	0.0301303635709239	0.2702907686282649	0.1998716811453032	-0.07041908748296169		0.6680954925523946	True	0.013246264308691	False
HCC_VisiumHD_FFPE_to_CosMx6K	Benchmark_01	HCC	Visium HD FFPE	CosMx 6K	DEFB1	-0.0033669649157596	0.0545589828318931	0.0579259477476527	0.2696706148172039	0.2276003194838046	-0.04207029533339929		0.5335748324970413	True	0.0051697543822228	False
HCC_VisiumHD_FFPE_to_CosMx6K	Benchmark_01	HCC	Visium HD FFPE	CosMx 6K	DHCR24	-0.0044384153248913	-0.0044384153248913	0.0	0.3050386075430158	0.3050386075430158	0.0			False	0.0177752133458852	True
HCC_VisiumHD_FFPE_to_CosMx6K	Benchmark_01	HCC	Visium HD FFPE	CosMx 6K	DHRS2	0.0008606621404859	0.0837670808475262	0.0829064187070403	0.2680301285847093	0.2436281233081618	-0.02440200527654751		0.4302640844205102	True	-0.0005601755110546	False
HCC_VisiumHD_FFPE_to_CosMx6K	Benchmark_01	HCC	Visium HD FFPE	CosMx 6K	DLD	0.0018806070458534	0.0018806070458534	0.0	0.1668358563276058	0.1668358563276058	0.0			False	-0.0040080728940665	False
HCC_VisiumHD_FFPE_to_CosMx6K	Benchmark_01	HCC	Visium HD FFPE	CosMx 6K	DNAJB1	0.0009965910396334	0.0009965910396334	0.0	0.2667184410767713	0.2667184410767713	0.0			False	0.0083906082436442	False
HCC_VisiumHD_FFPE_to_CosMx6K	Benchmark_01	HCC	Visium HD FFPE	CosMx 6K	DNAJB11	0.0008126779452159	0.0008126779452159	0.0	0.1867846225953154	0.1867846225953154	0.0			False	0.0022077006287872	False
HCC_VisiumHD_FFPE_to_CosMx6K	Benchmark_01	HCC	Visium HD FFPE	CosMx 6K	DNAJC3	-0.0009763029193302	-0.0009763029193302	0.0	0.1636610519405123	0.1636610519405123	0.0			False	0.0059061851352453	False
HCC_VisiumHD_FFPE_to_CosMx6K	Benchmark_01	HCC	Visium HD FFPE	CosMx 6K	DUSP1	-0.0004707098218999	0.1521334686164757	0.1526041784383756	0.2861096684632838	0.2484267487388277	-0.03768291972445609		0.5035675321190837	True	0.0136958379298448	False
HCC_VisiumHD_FFPE_to_CosMx6K	Benchmark_01	HCC	Visium HD FFPE	CosMx 6K	DYNLL2	0.0002732828372566	0.0002732828372566	0.0	0.1571715655081488	0.1571715655081488	0.0			False	-0.0016597514040768	False
HCC_VisiumHD_FFPE_to_CosMx6K	Benchmark_01	HCC	Visium HD FFPE	CosMx 6K	EBP	-0.0006667985043699	-0.0006667985043699	0.0	0.2273917569385058	0.2273917569385058	0.0			False	0.0048488620668649	False
HCC_VisiumHD_FFPE_to_CosMx6K	Benchmark_01	HCC	Visium HD FFPE	CosMx 6K	ECHS1	-0.0007374085267294	0.0429646727967544	0.0437020813234838	0.3068384427789757	0.2199720713957904	-0.08686637138318531		0.7031862908615705	True	0.0062411953695118	False
HCC_VisiumHD_FFPE_to_CosMx6K	Benchmark_01	HCC	Visium HD FFPE	CosMx 6K	ECI2	-0.0011074893000311	-0.0011074893000311	0.0	0.2698850969955069	0.2698850969955069	0.0			False	-0.0204479321837425	False
HCC_VisiumHD_FFPE_to_CosMx6K	Benchmark_01	HCC	Visium HD FFPE	CosMx 6K	EHHADH	0.0021788548364002	0.0530098806603076	0.0508310258239074	0.2084343926232476	0.1626206806710833	-0.0458137119521643		0.6197029713493558	True	0.0205744989216327	True
HCC_VisiumHD_FFPE_to_CosMx6K	Benchmark_01	HCC	Visium HD FFPE	CosMx 6K	EIF4EBP2	-0.0008910523575915	-0.0008910523575915	0.0	0.1557834430312204	0.1557834430312204	0.0			False	0.0032120554242283	False
HCC_VisiumHD_FFPE_to_CosMx6K	Benchmark_01	HCC	Visium HD FFPE	CosMx 6K	EPAS1	0.0019045263296675	0.2272591189079248	0.2253545925782573	0.2459981745006896	0.2032397604748369	-0.042758414025852676		0.5639046326459548	True	0.0089437756687402	False
HCC_VisiumHD_FFPE_to_CosMx6K	Benchmark_01	HCC	Visium HD FFPE	CosMx 6K	ERG28	-0.0003420929584341	-0.0003420929584341	0.0	0.2163217850977661	0.2163217850977661	0.0			False	0.0001454746088711	False
HCC_VisiumHD_FFPE_to_CosMx6K	Benchmark_01	HCC	Visium HD FFPE	CosMx 6K	ERP44	-0.0029774908356972	-0.0029774908356972	0.0	0.181794044206549	0.181794044206549	0.0			False	-0.0003844862512778	False
HCC_VisiumHD_FFPE_to_CosMx6K	Benchmark_01	HCC	Visium HD FFPE	CosMx 6K	ERRFI1	-0.0010290718198511	0.0694777637122248	0.0705068355320759	0.2706024422459768	0.2170329124184943	-0.053569529827482504		0.588811840352065	True	-0.0017764730146154	False
HCC_VisiumHD_FFPE_to_CosMx6K	Benchmark_01	HCC	Visium HD FFPE	CosMx 6K	ETFA	0.0007737106983081	0.0007737106983081	0.0	0.252758378789148	0.252758378789148	0.0			False	0.0041344026103615	False
HCC_VisiumHD_FFPE_to_CosMx6K	Benchmark_01	HCC	Visium HD FFPE	CosMx 6K	ETFB	-0.0023450692417002	-0.0023450692417002	0.0	0.2654968335484222	0.2654968335484222	0.0			False	0.0050747501663863	False
HCC_VisiumHD_FFPE_to_CosMx6K	Benchmark_01	HCC	Visium HD FFPE	CosMx 6K	ETFDH	0.0022735445541709	0.0022735445541709	0.0	0.2029165938819241	0.2029165938819241	0.0			False	-0.00636642659083	False
HCC_VisiumHD_FFPE_to_CosMx6K	Benchmark_01	HCC	Visium HD FFPE	CosMx 6K	F10	-0.0043202052498119	-0.0043202052498119	0.0	0.2472324002099603	0.2472324002099603	0.0			False	-0.003489697817713	False
HCC_VisiumHD_FFPE_to_CosMx6K	Benchmark_01	HCC	Visium HD FFPE	CosMx 6K	F2	-0.0033902276375155	0.1028879869447681	0.10627821458228359	0.322445243569206	0.2909646010866038	-0.031480642482602184		0.445976164838403	True	-0.0070330463349819	False
HCC_VisiumHD_FFPE_to_CosMx6K	Benchmark_01	HCC	Visium HD FFPE	CosMx 6K	FABP1	-0.0008264933608662	0.1652866595321148	0.166113152892981	0.690583694959319	0.5941414447239959	-0.09644225023532316		0.4802501105446174	True	0.018570551648736	True
HCC_VisiumHD_FFPE_to_CosMx6K	Benchmark_01	HCC	Visium HD FFPE	CosMx 6K	FAM3C	-0.0021012780941129	-0.0021012780941129	0.0	0.1654168014025795	0.1654168014025795	0.0			False	-0.0010823721531778	False
HCC_VisiumHD_FFPE_to_CosMx6K	Benchmark_01	HCC	Visium HD FFPE	CosMx 6K	FASN	0.0010827302955742	0.1076305151094686	0.1065477848138944	0.3397925563550099	0.3104246568553619	-0.029367899499647965		0.4247275681128563	True	-0.001009116647765	False
HCC_VisiumHD_FFPE_to_CosMx6K	Benchmark_01	HCC	Visium HD FFPE	CosMx 6K	FBP1	-0.0029385461733851	0.0956151340117025	0.0985536801850876	0.3856581135024537	0.3045155404936941	-0.0811425730087596		0.5976190379906279	True	0.0131539739668369	False
HCC_VisiumHD_FFPE_to_CosMx6K	Benchmark_01	HCC	Visium HD FFPE	CosMx 6K	FGA	0.0010496974826521	0.1962537788878195	0.1952040814051674	0.6817741919885072	0.5981257990841395	-0.08364839290436765		0.4670337115742566	True	0.0157382618635892	False
HCC_VisiumHD_FFPE_to_CosMx6K	Benchmark_01	HCC	Visium HD FFPE	CosMx 6K	FGG	0.0044578985579288	0.0044578985579288	0.0	0.848780589605845	0.848780589605845	0.0			False	0.0095611261203885	False
HCC_VisiumHD_FFPE_to_CosMx6K	Benchmark_01	HCC	Visium HD FFPE	CosMx 6K	FN1	-0.0046068496045341	-0.0046068496045341	0.0	0.4096842453069879	0.4096842453069879	0.0			False	0.0099838394671678	False
HCC_VisiumHD_FFPE_to_CosMx6K	Benchmark_01	HCC	Visium HD FFPE	CosMx 6K	FUCA1	-7.343327313916043e-05	0.1073542355872586	0.10742766886039776	0.1621722782050775	0.1224712195404908	-0.039701058664586716		0.6521967589056561	True	0.0110440030694007	False
HCC_VisiumHD_FFPE_to_CosMx6K	Benchmark_01	HCC	Visium HD FFPE	CosMx 6K	GADD45G	-0.0015279727028432	-0.0015279727028432	0.0	0.2159470720727473	0.2159470720727473	0.0			False	0.0004472479631658	False
HCC_VisiumHD_FFPE_to_CosMx6K	Benchmark_01	HCC	Visium HD FFPE	CosMx 6K	GATM	-0.0040542706572382	0.1656125513029361	0.1696668219601743	0.6357939941448767	0.5343864134385092	-0.10140758070636746		0.5094432248228083	True	0.0053830468095839	False
HCC_VisiumHD_FFPE_to_CosMx6K	Benchmark_01	HCC	Visium HD FFPE	CosMx 6K	GC	0.0070836149617401	0.2006598900975888	0.1935762751358487	0.7259524116483819	0.6159828859930042	-0.10996952565537765		0.4855081549821639	True	0.0157511457800865	False
HCC_VisiumHD_FFPE_to_CosMx6K	Benchmark_01	HCC	Visium HD FFPE	CosMx 6K	GCLC	-0.0007688997134672	-0.0007688997134672	0.0	0.1918447980203013	0.1918447980203013	0.0			False	0.0007711834623478	False
HCC_VisiumHD_FFPE_to_CosMx6K	Benchmark_01	HCC	Visium HD FFPE	CosMx 6K	GJB1	-0.0017256326996166	0.0433400820601668	0.045065714759783396	0.2019323616251965	0.1570967262154894	-0.044835635409707114		0.6235767855675484	True	-0.0044107087887823	False
HCC_VisiumHD_FFPE_to_CosMx6K	Benchmark_01	HCC	Visium HD FFPE	CosMx 6K	GLUL	0.0027475712928124	0.1471679023516623	0.1444203310588499	0.2965408549923788	0.2727761249304327	-0.023764730061946127		0.4139928429137514	True	0.0013240166008472	False
HCC_VisiumHD_FFPE_to_CosMx6K	Benchmark_01	HCC	Visium HD FFPE	CosMx 6K	GOT2	-0.0011624983124315	-0.0011624983124315	0.0	0.3181513463730922	0.3181513463730922	0.0			False	-0.0013976884074509	False
HCC_VisiumHD_FFPE_to_CosMx6K	Benchmark_01	HCC	Visium HD FFPE	CosMx 6K	GPX3	-0.0016261609518713	-0.0016261609518713	0.0	0.2747024838969574	0.2747024838969574	0.0			False	0.0089199459180235	False
HCC_VisiumHD_FFPE_to_CosMx6K	Benchmark_01	HCC	Visium HD FFPE	CosMx 6K	GPX4	-0.0020649348721705	-0.0020649348721705	0.0	0.25181035677871	0.25181035677871	0.0			False	-0.0034637348726391	False
HCC_VisiumHD_FFPE_to_CosMx6K	Benchmark_01	HCC	Visium HD FFPE	CosMx 6K	HADHA	0.002433443654823	0.002433443654823	0.0	0.2179395833580965	0.2179395833580965	0.0			False	-0.0161720700562	False
HCC_VisiumHD_FFPE_to_CosMx6K	Benchmark_01	HCC	Visium HD FFPE	CosMx 6K	HEBP2	-0.0004111568823194	-0.0004111568823194	0.0	0.211013750730526	0.211013750730526	0.0			False	-0.0019040390616282	False
HCC_VisiumHD_FFPE_to_CosMx6K	Benchmark_01	HCC	Visium HD FFPE	CosMx 6K	HMGCS2	0.0013362168151064	0.1614886784730302	0.1601524616579238	0.5454563900952942	0.5002175148849577	-0.04523887521033654		0.4339853175998452	True	0.0102427778765559	False
HCC_VisiumHD_FFPE_to_CosMx6K	Benchmark_01	HCC	Visium HD FFPE	CosMx 6K	HP	0.0171509555367921	0.2372607017217141	0.220109746184922	1.156625115919508	1.0941462540786286	-0.06247886184087936		0.3592488546055117	True	0.055823091417551	True
HCC_VisiumHD_FFPE_to_CosMx6K	Benchmark_01	HCC	Visium HD FFPE	CosMx 6K	HPX	-0.0048321586140373	0.1631794331095239	0.1680115917235612	0.5990637996467821	0.4977385919453277	-0.10132520770145442		0.5231479771548404	True	0.0179491136223077	True
HCC_VisiumHD_FFPE_to_CosMx6K	Benchmark_01	HCC	Visium HD FFPE	CosMx 6K	HSD11B1	-0.0022486334081063	0.1078145394806441	0.1100631728887504	0.3724749597343324	0.3232295192689653	-0.04924544046536711		0.4988351121407771	True	-0.0004829769313801	False
HCC_VisiumHD_FFPE_to_CosMx6K	Benchmark_01	HCC	Visium HD FFPE	CosMx 6K	HSP90AA1	0.0007914090491639	0.0007914090491639	0.0	0.4367751237057427	0.4367751237057427	0.0			False	-0.003432820783928	False
HCC_VisiumHD_FFPE_to_CosMx6K	Benchmark_01	HCC	Visium HD FFPE	CosMx 6K	HSP90AB1	-2.292624756286117e-05	-2.292624756286117e-05	0.0	0.3105419124308416	0.3105419124308416	0.0			False	0.0072287367656826	False
HCC_VisiumHD_FFPE_to_CosMx6K	Benchmark_01	HCC	Visium HD FFPE	CosMx 6K	HSP90B1	-0.0013174216199989	-0.0013174216199989	0.0	0.3854937690986913	0.3854937690986913	0.0			False	-0.0139625808224082	False
HCC_VisiumHD_FFPE_to_CosMx6K	Benchmark_01	HCC	Visium HD FFPE	CosMx 6K	HSPA8	-0.0038624250204167	-0.0038624250204167	0.0	0.3296751251767044	0.3296751251767044	0.0			False	0.0101527869701385	False
HCC_VisiumHD_FFPE_to_CosMx6K	Benchmark_01	HCC	Visium HD FFPE	CosMx 6K	HSPB1	-0.0006735726725599	-0.0006735726725599	0.0	0.393303193489693	0.393303193489693	0.0			False	-0.0005954090156592	False
HCC_VisiumHD_FFPE_to_CosMx6K	Benchmark_01	HCC	Visium HD FFPE	CosMx 6K	HSPD1	-0.0010358438630407	-0.0010358438630407	0.0	0.3009194005454487	0.3009194005454487	0.0			False	0.0074098724871873	False
HCC_VisiumHD_FFPE_to_CosMx6K	Benchmark_01	HCC	Visium HD FFPE	CosMx 6K	HSPE1	0.0024591218070487	0.0024591218070487	0.0	0.2261953693838412	0.2261953693838412	0.0			False	0.008017199113965	False
HCC_VisiumHD_FFPE_to_CosMx6K	Benchmark_01	HCC	Visium HD FFPE	CosMx 6K	ID2	-0.0006565808082126	-0.0006565808082126	0.0	0.2713457972865445	0.2713457972865445	0.0			False	0.0001193168136524	False
HCC_VisiumHD_FFPE_to_CosMx6K	Benchmark_01	HCC	Visium HD FFPE	CosMx 6K	IFI6	0.0010085112734645	0.0010085112734645	0.0	0.3119741104151712	0.3119741104151712	0.0			False	-0.0145465703681111	False
HCC_VisiumHD_FFPE_to_CosMx6K	Benchmark_01	HCC	Visium HD FFPE	CosMx 6K	IGFBP7	0.0016535099686727	0.5160468806959181	0.5143933707272453	0.3808875371099069	0.2980305230525301	-0.08285701405737683		0.6297223077575814	True	0.0069656027480959	False
HCC_VisiumHD_FFPE_to_CosMx6K	Benchmark_01	HCC	Visium HD FFPE	CosMx 6K	INSIG1	-0.001347789093823	-0.001347789093823	0.0	0.2326953686312022	0.2326953686312022	0.0			False	-0.0012780497781932	False
HCC_VisiumHD_FFPE_to_CosMx6K	Benchmark_01	HCC	Visium HD FFPE	CosMx 6K	ITM2B	-0.0027170851190304	-0.0027170851190304	0.0	0.3587944380620444	0.3587944380620444	0.0			False	0.0071782362647354	False
HCC_VisiumHD_FFPE_to_CosMx6K	Benchmark_01	HCC	Visium HD FFPE	CosMx 6K	KLKB1	0.0028958765681097	0.0432104565535711	0.0403145799854614	0.216968366090882	0.1767798442753368	-0.04018852181554519		0.5748136653386601	True	0.0115651478990912	False
HCC_VisiumHD_FFPE_to_CosMx6K	Benchmark_01	HCC	Visium HD FFPE	CosMx 6K	LAMP1	-0.0020389841466476	-0.0020389841466476	0.0	0.2969192376521637	0.2969192376521637	0.0			False	0.0075784064829349	False
HCC_VisiumHD_FFPE_to_CosMx6K	Benchmark_01	HCC	Visium HD FFPE	CosMx 6K	LAPTM4A	-0.0014533851976435	-0.0014533851976435	0.0	0.2121788661906488	0.2121788661906488	0.0			False	0.0046878801658749	False
HCC_VisiumHD_FFPE_to_CosMx6K	Benchmark_01	HCC	Visium HD FFPE	CosMx 6K	LEPR	0.0017874502338838	0.056248075775499	0.0544606255416152	0.2284143862429304	0.19503873287922	-0.0333756533637104		0.5202427483252435	True	0.0030395456124097	False
HCC_VisiumHD_FFPE_to_CosMx6K	Benchmark_01	HCC	Visium HD FFPE	CosMx 6K	LGMN	0.0002823066557098	0.3378494449554883	0.3375671382997785	0.2282593401694116	0.1842781692153223	-0.043981170954089294		0.591703053609035	True	-0.0062898406758904	False
HCC_VisiumHD_FFPE_to_CosMx6K	Benchmark_01	HCC	Visium HD FFPE	CosMx 6K	LMAN1	0.0022874717633553	0.0022874717633553	0.0	0.2186750649853603	0.2186750649853603	0.0			False	-0.0070138508453965	False
HCC_VisiumHD_FFPE_to_CosMx6K	Benchmark_01	HCC	Visium HD FFPE	CosMx 6K	LMAN2	-0.0001152492991634	-0.0001152492991634	0.0	0.2295204307456893	0.2295204307456893	0.0			False	-0.0066368826664984	False
HCC_VisiumHD_FFPE_to_CosMx6K	Benchmark_01	HCC	Visium HD FFPE	CosMx 6K	LRP1	0.0002004197402936	0.0002004197402936	0.0	0.2592047184012162	0.2592047184012162	0.0			False	0.0152440555393695	False
HCC_VisiumHD_FFPE_to_CosMx6K	Benchmark_01	HCC	Visium HD FFPE	CosMx 6K	MAN1A1	0.0006130672796059	0.0006130672796059	0.0	0.2429559094263223	0.2429559094263223	0.0			False	0.0069289696402847	False
HCC_VisiumHD_FFPE_to_CosMx6K	Benchmark_01	HCC	Visium HD FFPE	CosMx 6K	MANF	0.0004233287450119	0.0004233287450119	0.0	0.2247430320641049	0.2247430320641049	0.0			False	-0.001815196708776	False
HCC_VisiumHD_FFPE_to_CosMx6K	Benchmark_01	HCC	Visium HD FFPE	CosMx 6K	MASP2	-0.0006419128359242	-0.0006419128359242	0.0	0.3033803214782526	0.3033803214782526	0.0			False	0.0013294233940541	False
HCC_VisiumHD_FFPE_to_CosMx6K	Benchmark_01	HCC	Visium HD FFPE	CosMx 6K	METTL7A	-0.003737504441594	-0.003737504441594	0.0	0.4510404342751872	0.4510404342751872	0.0			False	0.0136386277154088	False
HCC_VisiumHD_FFPE_to_CosMx6K	Benchmark_01	HCC	Visium HD FFPE	CosMx 6K	MGST1	-0.0001877101276418	-0.0001877101276418	0.0	0.3442049461052926	0.3442049461052926	0.0			False	0.0046910238452255	False
HCC_VisiumHD_FFPE_to_CosMx6K	Benchmark_01	HCC	Visium HD FFPE	CosMx 6K	MLXIPL	0.0028464814460047	0.1361789761415537	0.133332494695549	0.345045333096955	0.2871058156534652	-0.057939517443489796		0.5474397422050847	True	0.006644588895142	False
HCC_VisiumHD_FFPE_to_CosMx6K	Benchmark_01	HCC	Visium HD FFPE	CosMx 6K	MPC1	-0.0012118640368202	-0.0012118640368202	0.0	0.178719405340763	0.178719405340763	0.0			False	0.0070422319695353	False
HCC_VisiumHD_FFPE_to_CosMx6K	Benchmark_01	HCC	Visium HD FFPE	CosMx 6K	MPC2	-0.0010411077667708	-0.0010411077667708	0.0	0.1543116001647677	0.1543116001647677	0.0			False	-0.0003364032017998	False
HCC_VisiumHD_FFPE_to_CosMx6K	Benchmark_01	HCC	Visium HD FFPE	CosMx 6K	MRC1	-0.0008576933403704	-0.0008576933403704	0.0	0.2144295304861529	0.2144295304861529	0.0			False	0.0047237309627234	False
HCC_VisiumHD_FFPE_to_CosMx6K	Benchmark_01	HCC	Visium HD FFPE	CosMx 6K	MT1X	0.0003182479281179	0.0003182479281179	0.0	0.4034427076632184	0.4034427076632184	0.0			False	0.0179892368614673	True
HCC_VisiumHD_FFPE_to_CosMx6K	Benchmark_01	HCC	Visium HD FFPE	CosMx 6K	MT2A	-0.0003092263918014	-0.0003092263918014	0.0	0.3488141269919944	0.3488141269919944	0.0			False	0.0140739753842353	False
HCC_VisiumHD_FFPE_to_CosMx6K	Benchmark_01	HCC	Visium HD FFPE	CosMx 6K	MYL6	0.000122100002211	0.0994125105028545	0.09929041050064351	0.3073205424336622	0.2735923313870727	-0.03372821104658952		0.4693903583419482	True	0.0117426048964262	False
HCC_VisiumHD_FFPE_to_CosMx6K	Benchmark_01	HCC	Visium HD FFPE	CosMx 6K	NDRG2	-0.0001641527217854	-0.0001641527217854	0.0	0.2072588752191655	0.2072588752191655	0.0			False	-0.0072385529056191	False
HCC_VisiumHD_FFPE_to_CosMx6K	Benchmark_01	HCC	Visium HD FFPE	CosMx 6K	NDUFA1	4.082622082535904e-05	4.082622082535904e-05	0.0	0.2393945945062039	0.2393945945062039	0.0			False	0.0012543920893222	False
HCC_VisiumHD_FFPE_to_CosMx6K	Benchmark_01	HCC	Visium HD FFPE	CosMx 6K	NDUFA4	-0.0042824249174439	-0.0042824249174439	0.0	0.350062241026819	0.350062241026819	0.0			False	0.0172186382114887	True
HCC_VisiumHD_FFPE_to_CosMx6K	Benchmark_01	HCC	Visium HD FFPE	CosMx 6K	NDUFA5	-0.0008993059093874	-0.0008993059093874	0.0	0.1474001176123739	0.1474001176123739	0.0			False	0.0027931800577789	False
HCC_VisiumHD_FFPE_to_CosMx6K	Benchmark_01	HCC	Visium HD FFPE	CosMx 6K	NDUFAB1	-0.0009687121698508	-0.0009687121698508	0.0	0.1833650388655196	0.1833650388655196	0.0			False	0.0019538037013262	False
HCC_VisiumHD_FFPE_to_CosMx6K	Benchmark_01	HCC	Visium HD FFPE	CosMx 6K	NDUFB10	-0.000379225585711	-0.000379225585711	0.0	0.1824236825508793	0.1824236825508793	0.0			False	0.0109662394970655	False
HCC_VisiumHD_FFPE_to_CosMx6K	Benchmark_01	HCC	Visium HD FFPE	CosMx 6K	NDUFB2	-0.0019562694884663	-0.0019562694884663	0.0	0.2170479192043341	0.2170479192043341	0.0			False	0.0044516958296298	False
HCC_VisiumHD_FFPE_to_CosMx6K	Benchmark_01	HCC	Visium HD FFPE	CosMx 6K	NDUFB5	-0.0023963358930717	-0.0023963358930717	0.0	0.1941940528512092	0.1941940528512092	0.0			False	-0.0024321335367858	False
HCC_VisiumHD_FFPE_to_CosMx6K	Benchmark_01	HCC	Visium HD FFPE	CosMx 6K	NDUFB6	6.854121444173525e-05	6.854121444173525e-05	0.0	0.1901349447412094	0.1901349447412094	0.0			False	0.0116008883342146	False
HCC_VisiumHD_FFPE_to_CosMx6K	Benchmark_01	HCC	Visium HD FFPE	CosMx 6K	NDUFB7	-0.0010710751682572	-0.0010710751682572	0.0	0.2413479427699125	0.2413479427699125	0.0			False	0.0051834736950695	False
HCC_VisiumHD_FFPE_to_CosMx6K	Benchmark_01	HCC	Visium HD FFPE	CosMx 6K	NDUFB9	-0.0017118860264637	-0.0017118860264637	0.0	0.1825896838847729	0.1825896838847729	0.0			False	0.0037542942445725	False
HCC_VisiumHD_FFPE_to_CosMx6K	Benchmark_01	HCC	Visium HD FFPE	CosMx 6K	NDUFC2	-0.0006097610622801	-0.0006097610622801	0.0	0.150410777861533	0.150410777861533	0.0			False	-0.0043815937824547	False
HCC_VisiumHD_FFPE_to_CosMx6K	Benchmark_01	HCC	Visium HD FFPE	CosMx 6K	NDUFV1	-0.0020344576187447	-0.0020344576187447	0.0	0.1780942381726962	0.1780942381726962	0.0			False	0.0025145148392766	False
HCC_VisiumHD_FFPE_to_CosMx6K	Benchmark_01	HCC	Visium HD FFPE	CosMx 6K	NDUFV2	-0.000315808793307	-0.000315808793307	0.0	0.1947069935374214	0.1947069935374214	0.0			False	-0.0018629323458299	False
HCC_VisiumHD_FFPE_to_CosMx6K	Benchmark_01	HCC	Visium HD FFPE	CosMx 6K	NNMT	0.0002057955343612	0.0002057955343612	0.0	0.2996890550590846	0.2996890550590846	0.0			False	0.0130163906142115	False
HCC_VisiumHD_FFPE_to_CosMx6K	Benchmark_01	HCC	Visium HD FFPE	CosMx 6K	NPC2	0.000135914936507	0.1545421016718338	0.1544061867353268	0.1963033568457879	0.1585385605221781	-0.037764796323609795		0.5867916711001844	True	0.0149789787828922	False
HCC_VisiumHD_FFPE_to_CosMx6K	Benchmark_01	HCC	Visium HD FFPE	CosMx 6K	NUPR1	-0.0017339894534831	-0.0017339894534831	0.0	0.1869789495765451	0.1869789495765451	0.0			False	-0.0014309471007436	False
HCC_VisiumHD_FFPE_to_CosMx6K	Benchmark_01	HCC	Visium HD FFPE	CosMx 6K	OS9	-0.0006878528154232	-0.0006878528154232	0.0	0.2162475214010887	0.2162475214010887	0.0			False	-0.0010246408637613	False
HCC_VisiumHD_FFPE_to_CosMx6K	Benchmark_01	HCC	Visium HD FFPE	CosMx 6K	P4HB	-0.0056901401050044	-0.0056901401050044	0.0	0.3096613664147806	0.3096613664147806	0.0			False	-0.0005291270208545	False
HCC_VisiumHD_FFPE_to_CosMx6K	Benchmark_01	HCC	Visium HD FFPE	CosMx 6K	PCK1	-0.0018633383588552	0.118601704379832	0.1204650427386872	0.321542961235123	0.2984391454667314	-0.0231038157683916		0.3971475663701874	True	0.0011861320817843	False
HCC_VisiumHD_FFPE_to_CosMx6K	Benchmark_01	HCC	Visium HD FFPE	CosMx 6K	PCK2	-0.0007488928219311	-0.0007488928219311	0.0	0.1789249237771674	0.1789249237771674	0.0			False	-0.0035305782221257	False
HCC_VisiumHD_FFPE_to_CosMx6K	Benchmark_01	HCC	Visium HD FFPE	CosMx 6K	PCSK6	-0.000545611859925	0.0618878957725408	0.0624335076324658	0.2666092547119401	0.18404039622113	-0.08256885849081008		0.7296614205458681	True	-0.015804024413228	False
HCC_VisiumHD_FFPE_to_CosMx6K	Benchmark_01	HCC	Visium HD FFPE	CosMx 6K	PDHA1	0.0014898940540779	0.0014898940540779	0.0	0.1593870935585828	0.1593870935585828	0.0			False	0.0159937106072902	True
HCC_VisiumHD_FFPE_to_CosMx6K	Benchmark_01	HCC	Visium HD FFPE	CosMx 6K	PDIA3	0.0020316921441064	0.0020316921441064	0.0	0.2618907500010184	0.2618907500010184	0.0			False	-0.0050026373937726	False
HCC_VisiumHD_FFPE_to_CosMx6K	Benchmark_01	HCC	Visium HD FFPE	CosMx 6K	PDK4	-0.0010227196102258	-0.0010227196102258	0.0	0.3963195788781503	0.3963195788781503	0.0			False	0.0235419627279043	True
HCC_VisiumHD_FFPE_to_CosMx6K	Benchmark_01	HCC	Visium HD FFPE	CosMx 6K	PEBP1	-0.0032643973135434	0.0900584429925493	0.0933228403060927	0.4090402114175675	0.3779832355193918	-0.031056975898175743		0.4134702645203472	True	-0.0090838652104139	False
HCC_VisiumHD_FFPE_to_CosMx6K	Benchmark_01	HCC	Visium HD FFPE	CosMx 6K	PECR	-0.0001262693046371	-0.0001262693046371	0.0	0.2480502191186785	0.2480502191186785	0.0			False	-0.0066448883153498	False
HCC_VisiumHD_FFPE_to_CosMx6K	Benchmark_01	HCC	Visium HD FFPE	CosMx 6K	PFN1	9.43298316461004e-05	0.0986774428816671	0.098583113050021	0.2297501687829248	0.188254170507836	-0.04149599827508882		0.5693324788121403	True	-0.0089927315711975	False
HCC_VisiumHD_FFPE_to_CosMx6K	Benchmark_01	HCC	Visium HD FFPE	CosMx 6K	PGRMC1	-0.0023899781666332	-0.0023899781666332	0.0	0.2436611972400421	0.2436611972400421	0.0			False	0.0007069853018037	False
HCC_VisiumHD_FFPE_to_CosMx6K	Benchmark_01	HCC	Visium HD FFPE	CosMx 6K	PHYH	-0.002279865696104	-0.002279865696104	0.0	0.2761738662848966	0.2761738662848966	0.0			False	0.001745278132148	False
HCC_VisiumHD_FFPE_to_CosMx6K	Benchmark_01	HCC	Visium HD FFPE	CosMx 6K	PKLR	0.0003934712879041	0.0003934712879041	0.0	0.2591348657749673	0.2591348657749673	0.0			False	0.0112575385719537	False
HCC_VisiumHD_FFPE_to_CosMx6K	Benchmark_01	HCC	Visium HD FFPE	CosMx 6K	PLVAP	-0.0017660996671233	0.4726093652862085	0.4743754649533318	0.3354154343038752	0.2939473267596021	-0.0414681075442731		0.5001004803353298	True	0.0066306628286838	False
HCC_VisiumHD_FFPE_to_CosMx6K	Benchmark_01	HCC	Visium HD FFPE	CosMx 6K	PON2	0.0018317857673177	0.0018317857673177	0.0	0.2092650731816805	0.2092650731816805	0.0			False	0.0038632676005363	False
HCC_VisiumHD_FFPE_to_CosMx6K	Benchmark_01	HCC	Visium HD FFPE	CosMx 6K	PPP3R1	0.0007705142836429	0.0007705142836429	0.0	0.1419438396350844	0.1419438396350844	0.0			False	0.0037236036732792	False
HCC_VisiumHD_FFPE_to_CosMx6K	Benchmark_01	HCC	Visium HD FFPE	CosMx 6K	PRDX2	-0.0008498673451888	-0.0008498673451888	0.0	0.2329279208988884	0.2329279208988884	0.0			False	-0.0104126231744885	False
HCC_VisiumHD_FFPE_to_CosMx6K	Benchmark_01	HCC	Visium HD FFPE	CosMx 6K	PRDX6	-0.0013236960827958	-0.0013236960827958	0.0	0.3530901614081308	0.3530901614081308	0.0			False	-0.0029151015914976	False
HCC_VisiumHD_FFPE_to_CosMx6K	Benchmark_01	HCC	Visium HD FFPE	CosMx 6K	PRKAR1A	0.0013045235931366	0.0013045235931366	0.0	0.2551451846084444	0.2551451846084444	0.0			False	-0.0076601174660027	False
HCC_VisiumHD_FFPE_to_CosMx6K	Benchmark_01	HCC	Visium HD FFPE	CosMx 6K	PROX1	-0.0004847463099291	-0.0004847463099291	0.0	0.1639200868435905	0.1639200868435905	0.0			False	-0.0032055815681815	False
HCC_VisiumHD_FFPE_to_CosMx6K	Benchmark_01	HCC	Visium HD FFPE	CosMx 6K	PSAP	-0.0017310911520041	0.3955884586897743	0.3973195498417784	0.2862140410631565	0.2365281873641602	-0.04968585369899631		0.5689456697244785	True	0.0134006943553686	False
HCC_VisiumHD_FFPE_to_CosMx6K	Benchmark_01	HCC	Visium HD FFPE	CosMx 6K	PSMB2	-0.0002735000205092	-0.0002735000205092	0.0	0.2183029531329897	0.2183029531329897	0.0			False	0.0088292500004172	False
HCC_VisiumHD_FFPE_to_CosMx6K	Benchmark_01	HCC	Visium HD FFPE	CosMx 6K	PSME1	-0.0011840561458737	-0.0011840561458737	0.0	0.2585240497574917	0.2585240497574917	0.0			False	-0.0007247626199387	False
HCC_VisiumHD_FFPE_to_CosMx6K	Benchmark_01	HCC	Visium HD FFPE	CosMx 6K	PSMF1	0.001947614709778	0.001947614709778	0.0	0.1666064106661935	0.1666064106661935	0.0			False	0.0101552847772836	False
HCC_VisiumHD_FFPE_to_CosMx6K	Benchmark_01	HCC	Visium HD FFPE	CosMx 6K	PTGR1	-0.0003194569329969	-0.0003194569329969	0.0	0.2141606340869289	0.2141606340869289	0.0			False	-0.0059533156454563	False
HCC_VisiumHD_FFPE_to_CosMx6K	Benchmark_01	HCC	Visium HD FFPE	CosMx 6K	RAB2A	-0.0012252065979524	-0.0012252065979524	0.0	0.214559924559379	0.214559924559379	0.0			False	-0.0009520185412839	False
HCC_VisiumHD_FFPE_to_CosMx6K	Benchmark_01	HCC	Visium HD FFPE	CosMx 6K	RAB5C	0.0027567840636656	0.0027567840636656	0.0	0.1704879046931215	0.1704879046931215	0.0			False	6.485996709670871e-05	False
HCC_VisiumHD_FFPE_to_CosMx6K	Benchmark_01	HCC	Visium HD FFPE	CosMx 6K	RAB8A	-0.0003410408760136	-0.0003410408760136	0.0	0.1544944176754379	0.1544944176754379	0.0			False	-0.0029909801669418	False
HCC_VisiumHD_FFPE_to_CosMx6K	Benchmark_01	HCC	Visium HD FFPE	CosMx 6K	RAD23B	-0.0017916303073035	-0.0017916303073035	0.0	0.2220225942333454	0.2220225942333454	0.0			False	0.0042090662755072	False
HCC_VisiumHD_FFPE_to_CosMx6K	Benchmark_01	HCC	Visium HD FFPE	CosMx 6K	RARRES2	0.0008315065524305	0.0008315065524305	0.0	0.3464820488763234	0.3464820488763234	0.0			False	0.0046813744120299	False
HCC_VisiumHD_FFPE_to_CosMx6K	Benchmark_01	HCC	Visium HD FFPE	CosMx 6K	RBP4	-0.0049924415130283	0.1832630215909815	0.1882554631040098	0.8470671769390118	0.7423397767317457	-0.10472740020726612		0.4493301621694683	True	0.0045422059483826	False
HCC_VisiumHD_FFPE_to_CosMx6K	Benchmark_01	HCC	Visium HD FFPE	CosMx 6K	RGN	7.036474992244948e-05	0.065009978166471	0.06493961341654855	0.2408478431247138	0.2008595554558702	-0.0399882876688436		0.5477927615833175	True	-0.0075285676866769	False
HCC_VisiumHD_FFPE_to_CosMx6K	Benchmark_01	HCC	Visium HD FFPE	CosMx 6K	RHOA	0.0009439824322678	0.0009439824322678	0.0	0.1998923533217543	0.1998923533217543	0.0			False	0.0049337516538798	False
HCC_VisiumHD_FFPE_to_CosMx6K	Benchmark_01	HCC	Visium HD FFPE	CosMx 6K	RHOB	-0.0014376694602321	0.0929220553862965	0.0943597248465286	0.4519474023896889	0.4156269691374747	-0.03632043325221418		0.4321949215380982	True	0.0007071162690408	False
HCC_VisiumHD_FFPE_to_CosMx6K	Benchmark_01	HCC	Visium HD FFPE	CosMx 6K	RNASE1	0.0001689965652513	0.3110663638218752	0.31089736725662387	0.1985942882531372	0.1400282650851448	-0.05856602316799242		0.7064578252159802	True	0.0276283603161573	True
HCC_VisiumHD_FFPE_to_CosMx6K	Benchmark_01	HCC	Visium HD FFPE	CosMx 6K	RNF130	-0.0006435877007872	-0.0006435877007872	0.0	0.180083785195255	0.180083785195255	0.0			False	0.0066658984869718	False
HCC_VisiumHD_FFPE_to_CosMx6K	Benchmark_01	HCC	Visium HD FFPE	CosMx 6K	ROMO1	-0.0002972951580537	-0.0002972951580537	0.0	0.2291803072709035	0.2291803072709035	0.0			False	0.0015814122743904	False
HCC_VisiumHD_FFPE_to_CosMx6K	Benchmark_01	HCC	Visium HD FFPE	CosMx 6K	RPN1	-0.0041021706325786	-0.0041021706325786	0.0	0.2220754344181584	0.2220754344181584	0.0			False	0.0060924049466848	False
HCC_VisiumHD_FFPE_to_CosMx6K	Benchmark_01	HCC	Visium HD FFPE	CosMx 6K	RRBP1	-0.0024375714699909	-0.0024375714699909	0.0	0.270548098553203	0.270548098553203	0.0			False	0.0036211400292813	False
HCC_VisiumHD_FFPE_to_CosMx6K	Benchmark_01	HCC	Visium HD FFPE	CosMx 6K	RTN3	-0.000781143116603	-0.000781143116603	0.0	0.1423743047068267	0.1423743047068267	0.0			False	0.0056695695966482	False
HCC_VisiumHD_FFPE_to_CosMx6K	Benchmark_01	HCC	Visium HD FFPE	CosMx 6K	RTN4	-0.0021412840344154	-0.0021412840344154	0.0	0.277618928979018	0.277618928979018	0.0			False	0.0034370007924735	False
HCC_VisiumHD_FFPE_to_CosMx6K	Benchmark_01	HCC	Visium HD FFPE	CosMx 6K	SAT1	0.0001782663412384	0.0496377118446734	0.049459445503435	0.3697571755734345	0.2826239951255926	-0.08713318044784191		0.6300932684179544	True	-0.0013668364845216	False
HCC_VisiumHD_FFPE_to_CosMx6K	Benchmark_01	HCC	Visium HD FFPE	CosMx 6K	SC5D	-0.0003766817819382	-0.0003766817819382	0.0	0.2157967745283176	0.2157967745283176	0.0			False	0.0044685346074402	False
HCC_VisiumHD_FFPE_to_CosMx6K	Benchmark_01	HCC	Visium HD FFPE	CosMx 6K	SCARB2	-0.0002282718759306	-0.0002282718759306	0.0	0.2185411484430036	0.2185411484430036	0.0			False	-0.0080539835616946	False
HCC_VisiumHD_FFPE_to_CosMx6K	Benchmark_01	HCC	Visium HD FFPE	CosMx 6K	SCCPDH	-0.0018206235643211	-0.0018206235643211	0.0	0.2146355702214377	0.2146355702214377	0.0			False	0.0107033662497997	False
HCC_VisiumHD_FFPE_to_CosMx6K	Benchmark_01	HCC	Visium HD FFPE	CosMx 6K	SCD	-0.0049381140068612	-0.0049381140068612	0.0	0.2465632225169329	0.2465632225169329	0.0			False	0.019910667091608	True
HCC_VisiumHD_FFPE_to_CosMx6K	Benchmark_01	HCC	Visium HD FFPE	CosMx 6K	SCP2	-0.0016225796640691	0.1285027855536508	0.1301253652177199	0.5195756060555153	0.4388896816478412	-0.08068592440767414		0.5174742492392211	True	0.0138985672965645	False
HCC_VisiumHD_FFPE_to_CosMx6K	Benchmark_01	HCC	Visium HD FFPE	CosMx 6K	SDC2	-0.0010534189313199	-0.0010534189313199	0.0	0.2313350677587802	0.2313350677587802	0.0			False	0.0046370937488973	False
HCC_VisiumHD_FFPE_to_CosMx6K	Benchmark_01	HCC	Visium HD FFPE	CosMx 6K	SDS	-0.0026068179590912	0.1562808035134132	0.1588876214725044	0.4641495716111826	0.396945773992805	-0.06720379761837758		0.5136144977883592	True	0.0027266058605164	False
HCC_VisiumHD_FFPE_to_CosMx6K	Benchmark_01	HCC	Visium HD FFPE	CosMx 6K	SEC11A	0.0022210903528106	0.0022210903528106	0.0	0.1607122219053916	0.1607122219053916	0.0			False	0.0109385596588253	False
HCC_VisiumHD_FFPE_to_CosMx6K	Benchmark_01	HCC	Visium HD FFPE	CosMx 6K	SELENBP1	0.0031372303678206	0.1117581546564461	0.1086209242886255	0.3459139938450758	0.3213317669183873	-0.024582226926688544		0.3985955319710741	True	-0.0053945519030094	False
HCC_VisiumHD_FFPE_to_CosMx6K	Benchmark_01	HCC	Visium HD FFPE	CosMx 6K	SELENOP	-0.0076207237639143	0.1513975249730135	0.1590182487369278	0.7736246623564927	0.6607005248743131	-0.11292413748217967		0.4778701593386534	True	0.0032508089207112	False
HCC_VisiumHD_FFPE_to_CosMx6K	Benchmark_01	HCC	Visium HD FFPE	CosMx 6K	SEM1	-0.0018908712816636	-0.0018908712816636	0.0	0.1797037151532814	0.1797037151532814	0.0			False	-0.0059117092750966	False
HCC_VisiumHD_FFPE_to_CosMx6K	Benchmark_01	HCC	Visium HD FFPE	CosMx 6K	SERINC1	-0.0007764573566944	-0.0007764573566944	0.0	0.2144211645414439	0.2144211645414439	0.0			False	-0.0072975675575435	False
HCC_VisiumHD_FFPE_to_CosMx6K	Benchmark_01	HCC	Visium HD FFPE	CosMx 6K	SERPINA1	0.0163010619919026	0.195117887335392	0.17881682534348942	1.2439394819112677	1.1395915301763178	-0.10434795173494993		0.4216095441633402	True	0.0479539483785629	True
HCC_VisiumHD_FFPE_to_CosMx6K	Benchmark_01	HCC	Visium HD FFPE	CosMx 6K	SERPINA3	0.0089550037930077	0.1363096688983815	0.1273546651053738	0.5570511823407915	0.4527142108987891	-0.10433697144200244		0.550113744927446	True	0.0109782554209232	False
HCC_VisiumHD_FFPE_to_CosMx6K	Benchmark_01	HCC	Visium HD FFPE	CosMx 6K	SERPINC1	-0.0004976129107889	0.1771042819730608	0.1776018948838497	0.6152094956498676	0.5724013597102063	-0.04280813593966126		0.4216894012318228	True	0.0001657247194088	False
HCC_VisiumHD_FFPE_to_CosMx6K	Benchmark_01	HCC	Visium HD FFPE	CosMx 6K	SERPINF1	-0.0014730972072598	-0.0014730972072598	0.0	0.2748412151386952	0.2748412151386952	0.0			False	-0.0125847421586513	False
HCC_VisiumHD_FFPE_to_CosMx6K	Benchmark_01	HCC	Visium HD FFPE	CosMx 6K	SERPING1	0.0006397677331299	0.1671750074796209	0.166535239746491	0.6625636272342948	0.5938343210245901	-0.06872930620970474		0.4478118373095324	True	-0.0025403434410691	False
HCC_VisiumHD_FFPE_to_CosMx6K	Benchmark_01	HCC	Visium HD FFPE	CosMx 6K	SLC27A5	-0.0017810899616111	0.0837324251331309	0.08551351509474199	0.2944488945377591	0.2374783534399843	-0.056970541097774774		0.5814798585189278	True	0.0030164516065269	False
HCC_VisiumHD_FFPE_to_CosMx6K	Benchmark_01	HCC	Visium HD FFPE	CosMx 6K	SLC2A2	0.0005964446898044	0.0882541119717345	0.0876576672819301	0.3866136596880057	0.3110178014354099	-0.0755958582525958		0.5766982071747453	True	0.0139520214870572	False
HCC_VisiumHD_FFPE_to_CosMx6K	Benchmark_01	HCC	Visium HD FFPE	CosMx 6K	SLC40A1	0.0010107765099559	0.3234415087867221	0.3224307322767662	0.254895820217453	0.1898620299414627	-0.0650337902759903		0.6628836952567794	True	0.0040315641090273	False
HCC_VisiumHD_FFPE_to_CosMx6K	Benchmark_01	HCC	Visium HD FFPE	CosMx 6K	SLC6A1	-0.0011464863989796	0.0545550870331234	0.055701573432103	0.2110871997638796	0.1726438228508799	-0.038443376912999705		0.5712210987262271	True	0.0099616441875696	False
HCC_VisiumHD_FFPE_to_CosMx6K	Benchmark_01	HCC	Visium HD FFPE	CosMx 6K	SLPI	-0.0012053164356225	-0.0012053164356225	0.0	0.2185601375737425	0.2185601375737425	0.0			False	0.0021683115046471	False
HCC_VisiumHD_FFPE_to_CosMx6K	Benchmark_01	HCC	Visium HD FFPE	CosMx 6K	SOD2	-0.0016846039831826	-0.0016846039831826	0.0	0.2119143908315295	0.2119143908315295	0.0			False	-0.0060843429528176	False
HCC_VisiumHD_FFPE_to_CosMx6K	Benchmark_01	HCC	Visium HD FFPE	CosMx 6K	SPARC	0.0010761282724019	0.4253672985173235	0.42429117024492163	0.301867375188893	0.2292291612420361	-0.0726382139468569		0.6493760160937647	True	0.0063323257490992	False
HCC_VisiumHD_FFPE_to_CosMx6K	Benchmark_01	HCC	Visium HD FFPE	CosMx 6K	SPG21	0.0017799278155406	0.0017799278155406	0.0	0.1941499827664248	0.1941499827664248	0.0			False	0.007679849397391	False
HCC_VisiumHD_FFPE_to_CosMx6K	Benchmark_01	HCC	Visium HD FFPE	CosMx 6K	SQSTM1	-0.0002014221815062	-0.0002014221815062	0.0	0.2621586336307518	0.2621586336307518	0.0			False	0.0008414131589233	False
HCC_VisiumHD_FFPE_to_CosMx6K	Benchmark_01	HCC	Visium HD FFPE	CosMx 6K	STARD10	0.0015983975964052	0.0015983975964052	0.0	0.2426552805074016	0.2426552805074016	0.0			False	-0.0003681960806716	False
HCC_VisiumHD_FFPE_to_CosMx6K	Benchmark_01	HCC	Visium HD FFPE	CosMx 6K	STT3B	-0.0005579995815018	-0.0005579995815018	0.0	0.1766234503892339	0.1766234503892339	0.0			False	-0.0028782004956156	False
HCC_VisiumHD_FFPE_to_CosMx6K	Benchmark_01	HCC	Visium HD FFPE	CosMx 6K	SUCLG2	-0.0019784318342359	-0.0019784318342359	0.0	0.1925129589331242	0.1925129589331242	0.0			False	-0.0021889992058277	False
HCC_VisiumHD_FFPE_to_CosMx6K	Benchmark_01	HCC	Visium HD FFPE	CosMx 6K	SURF4	-0.001656549679513	-0.001656549679513	0.0	0.1916211236189258	0.1916211236189258	0.0			False	0.005782252177596	False
HCC_VisiumHD_FFPE_to_CosMx6K	Benchmark_01	HCC	Visium HD FFPE	CosMx 6K	TAPBP	-0.0035310099995955	-0.0035310099995955	0.0	0.2353619394546027	0.2353619394546027	0.0			False	-0.00942188128829	False
HCC_VisiumHD_FFPE_to_CosMx6K	Benchmark_01	HCC	Visium HD FFPE	CosMx 6K	TAX1BP1	0.0033144909070703	0.0033144909070703	0.0	0.1787541277624116	0.1787541277624116	0.0			False	-0.0080832093954086	False
HCC_VisiumHD_FFPE_to_CosMx6K	Benchmark_01	HCC	Visium HD FFPE	CosMx 6K	TDO2	0.000721684835973	0.0790242809249118	0.0783025960889388	0.3145452547687721	0.2404266860008567	-0.0741185687679154		0.6347100698528901	True	-0.0014438410289585	False
HCC_VisiumHD_FFPE_to_CosMx6K	Benchmark_01	HCC	Visium HD FFPE	CosMx 6K	TFR2	9.483575402977518e-05	0.103560816439162	0.10346598068513223	0.338512543469238	0.3014871373913558	-0.037025406077882184		0.4656765618316214	True	0.0034647705033421	False
HCC_VisiumHD_FFPE_to_CosMx6K	Benchmark_01	HCC	Visium HD FFPE	CosMx 6K	TM7SF2	-0.0002646420953179	0.0246573022053389	0.0249219443006568	0.188502054037866	0.1602616780207001	-0.02824037601716589		0.5261083474496591	True	0.0010466412641108	False
HCC_VisiumHD_FFPE_to_CosMx6K	Benchmark_01	HCC	Visium HD FFPE	CosMx 6K	TMED2	-0.0005391220399797	-0.0005391220399797	0.0	0.2420170435243681	0.2420170435243681	0.0			False	0.0012924066977575	False
HCC_VisiumHD_FFPE_to_CosMx6K	Benchmark_01	HCC	Visium HD FFPE	CosMx 6K	TMSB10	-0.0002580495420577	0.3438094711439865	0.34406752068604424	0.3038801219208635	0.2559639270200632	-0.04791619490080029		0.5484914251097354	True	-0.0010092478478327	False
HCC_VisiumHD_FFPE_to_CosMx6K	Benchmark_01	HCC	Visium HD FFPE	CosMx 6K	TPM1	0.0008288453746362	0.1118800667822562	0.11105122140762	0.1697921948186302	0.1173265978129432	-0.052465597005686995		0.7213675343831369	True	0.0018713343888521	False
HCC_VisiumHD_FFPE_to_CosMx6K	Benchmark_01	HCC	Visium HD FFPE	CosMx 6K	TPP1	-0.0023385395819333	-0.0023385395819333	0.0	0.2193484760115331	0.2193484760115331	0.0			False	-0.0012533628614619	False
HCC_VisiumHD_FFPE_to_CosMx6K	Benchmark_01	HCC	Visium HD FFPE	CosMx 6K	TRAM1	0.0006226410799279	0.0006226410799279	0.0	0.226374600909461	0.226374600909461	0.0			False	-0.0090097719803452	False
HCC_VisiumHD_FFPE_to_CosMx6K	Benchmark_01	HCC	Visium HD FFPE	CosMx 6K	TTPA	0.0022401334274146	0.0022401334274146	0.0	0.1740839665854769	0.1740839665854769	0.0			False	0.0067396485246717	False
HCC_VisiumHD_FFPE_to_CosMx6K	Benchmark_01	HCC	Visium HD FFPE	CosMx 6K	TTR	-0.0227447920475932	0.2068324502817398	0.229577242329333	1.0836544141465765	0.969217995740986	-0.11443641840559049		0.4460975306100121	True	0.0574377924203872	True
HCC_VisiumHD_FFPE_to_CosMx6K	Benchmark_01	HCC	Visium HD FFPE	CosMx 6K	UBB	0.0001255146994267	0.0001255146994267	0.0	0.6735062303717982	0.6735062303717982	0.0			False	0.0009956315625458	False
HCC_VisiumHD_FFPE_to_CosMx6K	Benchmark_01	HCC	Visium HD FFPE	CosMx 6K	UGP2	-0.0003787690800224	-0.0003787690800224	0.0	0.3530807960864096	0.3530807960864096	0.0			False	0.0041766869835555	False
HCC_VisiumHD_FFPE_to_CosMx6K	Benchmark_01	HCC	Visium HD FFPE	CosMx 6K	VTN	-0.0137727977946939	0.1802388384918474	0.1940116362865413	0.6148737221137252	0.5256670362191332	-0.08920668589459191		0.4986922638682255	True	0.0095927324146032	False
HCC_VisiumHD_FFPE_to_CosMx6K	Benchmark_01	HCC	Visium HD FFPE	CosMx 6K	WASL	-0.0002773158683831	-0.0002773158683831	0.0	0.1988947094378189	0.1988947094378189	0.0			False	-0.0018008087063208	False
HCC_VisiumHD_FFPE_to_CosMx6K	Benchmark_01	HCC	Visium HD FFPE	CosMx 6K	XBP1	0.0023331808842716	0.0023331808842716	0.0	0.2436282637731335	0.2436282637731335	0.0			False	-0.0118313003331422	False
HCC_VisiumHD_FFPE_to_CosMx6K	Benchmark_01	HCC	Visium HD FFPE	CosMx 6K	ZBTB16	-0.0019125657003892	0.0885609653604504	0.0904735310608396	0.2463697253822633	0.2077170279709825	-0.0386526974112808		0.5366214918888436	True	0.0087836720049381	False
OV_VisiumHD_FFPE_to_CosMx6K	Benchmark_02	OV	Visium HD FFPE	CosMx 6K	AAMP	-0.0020394174611191	0.0464573049092763	0.0484967223703954	0.2674455058432588	0.2253805116844244	-0.04206499415883441		0.5368798626899481	True	-0.0070279575884342	False
OV_VisiumHD_FFPE_to_CosMx6K	Benchmark_02	OV	Visium HD FFPE	CosMx 6K	ABCC4	0.0002556548667067	0.0483994502551834	0.0481437953884767	0.2098567026157183	0.1813948075249704	-0.028461895090747896		0.5027736409124326	True	0.0115464823320508	False
OV_VisiumHD_FFPE_to_CosMx6K	Benchmark_02	OV	Visium HD FFPE	CosMx 6K	ABI1	0.0019748291623869	0.0501993516190295	0.0482245224566426	0.3099496814548624	0.2910173359466765	-0.0189323455081859		0.3591823836159796	True	0.0160051137208938	False
OV_VisiumHD_FFPE_to_CosMx6K	Benchmark_02	OV	Visium HD FFPE	CosMx 6K	ACAA1	-0.0026869301978904	0.0677875755640602	0.0704745057619506	0.2842165583059088	0.2483468084649923	-0.03586974984091651		0.4872720841751823	True	0.0058963731862604	False
OV_VisiumHD_FFPE_to_CosMx6K	Benchmark_02	OV	Visium HD FFPE	CosMx 6K	ACADVL	-0.0006729474475127	0.0909309152188362	0.0916038626663489	0.3451858830581173	0.3278987697328873	-0.01728711332523003		0.3308819366522482	True	0.0094507792964577	False
OV_VisiumHD_FFPE_to_CosMx6K	Benchmark_02	OV	Visium HD FFPE	CosMx 6K	ACAP2	-0.0003567018574908	0.0540475281803858	0.0544042300378766	0.2628864306403317	0.2334550499091892	-0.029431380731142487		0.4641195534840659	True	-0.0067300638183951	False
OV_VisiumHD_FFPE_to_CosMx6K	Benchmark_02	OV	Visium HD FFPE	CosMx 6K	ACBD6	-0.0001130662922122	0.0457715745242847	0.0458846408164969	0.2666099640686952	0.2475366705171208	-0.01907329355157439		0.3792894487009143	True	0.0121310586109757	False
OV_VisiumHD_FFPE_to_CosMx6K	Benchmark_02	OV	Visium HD FFPE	CosMx 6K	ACOT13	0.002050429751273	0.0568267927827552	0.0547763630314822	0.2736455258420405	0.2535426774845168	-0.020102848357523684		0.3853091867418692	True	0.0197147745639085	False
OV_VisiumHD_FFPE_to_CosMx6K	Benchmark_02	OV	Visium HD FFPE	CosMx 6K	ACOT9	0.0020484911798242	0.0494229140242762	0.047374422844451994	0.2283627427571185	0.1975363171176906	-0.03082642563942789		0.504376447509331	True	0.0016274221707135	False
OV_VisiumHD_FFPE_to_CosMx6K	Benchmark_02	OV	Visium HD FFPE	CosMx 6K	ACOX1	-0.0007037414624679	0.0441812835518166	0.0448850250142845	0.2144378440768962	0.1766700531020641	-0.0377677909748321		0.5658380450713222	True	0.0101559245958924	False
OV_VisiumHD_FFPE_to_CosMx6K	Benchmark_02	OV	Visium HD FFPE	CosMx 6K	ACTA2	-0.0020487334783236	0.4291116007212166	0.43116033419954025	0.4926786157748025	0.3982906791812796	-0.0943879365935229		0.6296061062349276	True	0.0837010219693183	False
OV_VisiumHD_FFPE_to_CosMx6K	Benchmark_02	OV	Visium HD FFPE	CosMx 6K	ACTL6A	-0.0026600933360084	0.065822000183877	0.0684820935198854	0.254303221613017	0.2304597980475936	-0.023843423565423405		0.4266116259070939	True	0.008348248898983	False
OV_VisiumHD_FFPE_to_CosMx6K	Benchmark_02	OV	Visium HD FFPE	CosMx 6K	ACTN1	0.0018797014329472	0.1694424362338976	0.1675627348009504	0.2778693657475136	0.2232412776468212	-0.05462808810069239		0.5984300850523397	True	-0.0021400090772658	False
OV_VisiumHD_FFPE_to_CosMx6K	Benchmark_02	OV	Visium HD FFPE	CosMx 6K	ACTN4	0.0017125695070822	0.1270805253525398	0.1253679558454576	0.4357562235495497	0.3856479880235233	-0.05010823552602639		0.4725073536048045	True	0.0239348448812961	False
OV_VisiumHD_FFPE_to_CosMx6K	Benchmark_02	OV	Visium HD FFPE	CosMx 6K	ACTR1B	-0.0007064418054021	0.0713355137444895	0.0720419555498916	0.3219059014115561	0.2926662635114624	-0.029239637900093707		0.4228838810787524	True	0.0140309929847717	False
OV_VisiumHD_FFPE_to_CosMx6K	Benchmark_02	OV	Visium HD FFPE	CosMx 6K	ACVR1	0.0008477877922584	0.0008477877922584	0.0	0.2857654438880276	0.2857654438880276	0.0			False	-0.0020387922413647	False
OV_VisiumHD_FFPE_to_CosMx6K	Benchmark_02	OV	Visium HD FFPE	CosMx 6K	ADAM15	0.0010374082133943	0.0763622152938719	0.07532480708047759	0.2429581525108807	0.2211483888987839	-0.0218097636120968		0.4169869997768469	True	0.0132645145058631	False
OV_VisiumHD_FFPE_to_CosMx6K	Benchmark_02	OV	Visium HD FFPE	CosMx 6K	ADAR	0.00223061473835	0.073719841167453	0.071489226429103	0.3926050164129932	0.3033410231449672	-0.08926399326802603		0.6354153746636937	True	0.0161282513290643	False
OV_VisiumHD_FFPE_to_CosMx6K	Benchmark_02	OV	Visium HD FFPE	CosMx 6K	ADD3	0.0001526382243532	0.0001526382243532	0.0	0.1970480195785472	0.1970480195785472	0.0			False	0.0077804280444979	False
OV_VisiumHD_FFPE_to_CosMx6K	Benchmark_02	OV	Visium HD FFPE	CosMx 6K	ADIPOR1	-0.0004697163733138	0.0468536502920017	0.047323366665315496	0.2272289169009442	0.1798380846121031	-0.04739083228884111		0.6086391675539559	True	0.0080715101212263	False
OV_VisiumHD_FFPE_to_CosMx6K	Benchmark_02	OV	Visium HD FFPE	CosMx 6K	ADIRF	-0.0042694211123049	0.1404726759111341	0.14474209702343901	0.3205597003838367	0.3011897794662328	-0.019369920917603867		0.3519205286701016	True	0.0203849114477634	False
OV_VisiumHD_FFPE_to_CosMx6K	Benchmark_02	OV	Visium HD FFPE	CosMx 6K	ADRM1	-0.0013501107472545	0.0820327279195483	0.0833828386668028	0.3378299081887212	0.2963110878478759	-0.04151882034084531		0.4834058868865245	True	0.016020230948925	False
OV_VisiumHD_FFPE_to_CosMx6K	Benchmark_02	OV	Visium HD FFPE	CosMx 6K	AFDN	-0.0003300884732925	0.0255390193856704	0.025869107858962903	0.2198642281075409	0.1891036771476767	-0.030760550959864186		0.5099389453583296	True	0.0119490176439285	False
OV_VisiumHD_FFPE_to_CosMx6K	Benchmark_02	OV	Visium HD FFPE	CosMx 6K	AGFG1	-0.0025813621177178	0.0254003808489648	0.027981742966682602	0.2456381979455631	0.215863296275976	-0.0297749016695871		0.4802470078719895	True	0.0028133112937211	False
OV_VisiumHD_FFPE_to_CosMx6K	Benchmark_02	OV	Visium HD FFPE	CosMx 6K	AGO2	-0.0013801578669378	0.0748250969043396	0.0762052547712774	0.2964154464417531	0.2770953421150579	-0.01932010432669523		0.3627441439439743	True	0.0044408128596842	False
OV_VisiumHD_FFPE_to_CosMx6K	Benchmark_02	OV	Visium HD FFPE	CosMx 6K	AGPAT1	0.0018872065308952	0.0427469473586591	0.040859740827763905	0.242764402779874	0.2140923395392882	-0.0286720632405858		0.4738099091956267	True	-0.0061665754765272	False
OV_VisiumHD_FFPE_to_CosMx6K	Benchmark_02	OV	Visium HD FFPE	CosMx 6K	AGPAT3	0.0002444845986822	0.0766802141632044	0.0764357295645222	0.2550837434283144	0.2362797474110373	-0.018803996017277114		0.3840357592504633	True	0.0064406446181237	False
OV_VisiumHD_FFPE_to_CosMx6K	Benchmark_02	OV	Visium HD FFPE	CosMx 6K	AGRN	-0.0007691922321542	0.1045751714113476	0.1053443636435018	0.2878316965945875	0.2385148356845703	-0.04931686091001722		0.5571165341526708	True	0.0012004794552922	False
OV_VisiumHD_FFPE_to_CosMx6K	Benchmark_02	OV	Visium HD FFPE	CosMx 6K	AHCYL1	-4.227793339018423e-05	0.049782791202572	0.049825069135962186	0.29698663356322	0.2728546376469993	-0.024131995916220728		0.4048213474813759	True	0.0066409679129719	False
OV_VisiumHD_FFPE_to_CosMx6K	Benchmark_02	OV	Visium HD FFPE	CosMx 6K	AHR	-0.004313538720756	0.1025452616652355	0.1068588003859915	0.3648031085001187	0.3419042200851708	-0.022898888414947915		0.3644383772163619	True	0.0096637066453695	False
OV_VisiumHD_FFPE_to_CosMx6K	Benchmark_02	OV	Visium HD FFPE	CosMx 6K	AIFM1	0.001958387725523	0.0640490738542628	0.062090686128739796	0.210997196832444	0.189323668863118	-0.021673527969326006		0.4423918657803616	True	0.0051889973692595	False
OV_VisiumHD_FFPE_to_CosMx6K	Benchmark_02	OV	Visium HD FFPE	CosMx 6K	AKAP1	-0.0015564387282488	0.0412629804437155	0.0428194191719643	0.1897283732702827	0.1590909519851126	-0.03063742128517008		0.5448283661004456	True	0.0058850012719631	False
OV_VisiumHD_FFPE_to_CosMx6K	Benchmark_02	OV	Visium HD FFPE	CosMx 6K	AKAP12	-0.0010302049776872	-0.0134154036334385	-0.0123851986557513	0.2461107216289066	0.2113188564493106	-0.03479186517959601		0.5135786803904548	True	0.0029723588377237	False
OV_VisiumHD_FFPE_to_CosMx6K	Benchmark_02	OV	Visium HD FFPE	CosMx 6K	AKAP9	0.002080924160256	0.0223697564396278	0.0202888322793718	0.2463017402153524	0.2090494608702746	-0.0372522793450778		0.5278098275295413	True	-0.0127635896205902	False
OV_VisiumHD_FFPE_to_CosMx6K	Benchmark_02	OV	Visium HD FFPE	CosMx 6K	AKR1A1	0.0020229384907327	0.0581142692997612	0.0560913308090285	0.2441002674344939	0.210545934028845	-0.033554333405648895		0.5077213247987992	True	-0.00348228123039	False
OV_VisiumHD_FFPE_to_CosMx6K	Benchmark_02	OV	Visium HD FFPE	CosMx 6K	AKR1B1	0.0036888392048831	0.0693117391756955	0.0656228999708124	0.2861954840019778	0.2556497978627217	-0.030545686139256123		0.4562555437642144	True	0.0133650368079543	False
OV_VisiumHD_FFPE_to_CosMx6K	Benchmark_02	OV	Visium HD FFPE	CosMx 6K	AKT1	0.0043942080229867	0.0807610070290905	0.0763667990061038	0.3517441565095435	0.2796064861601439	-0.07213767034939961		0.60963971052088	True	0.0247794296592474	False
OV_VisiumHD_FFPE_to_CosMx6K	Benchmark_02	OV	Visium HD FFPE	CosMx 6K	AKT2	-0.0006969132701968	0.0616969082203596	0.0623938214905564	0.2623473136563692	0.2351064340949097	-0.027240879561459513		0.4475560422971095	True	0.0085474858060479	False
OV_VisiumHD_FFPE_to_CosMx6K	Benchmark_02	OV	Visium HD FFPE	CosMx 6K	ALDH9A1	0.0014629372316084	0.0464838605105286	0.0450209232789202	0.2369615605861475	0.2090282225334883	-0.027933338052659212		0.4733682623288053	True	0.0007033935980871	False
OV_VisiumHD_FFPE_to_CosMx6K	Benchmark_02	OV	Visium HD FFPE	CosMx 6K	ANAPC11	-0.0005407149095446	0.096760645248667	0.0973013601582116	0.3552528845848012	0.2931384006551172	-0.062114483929683995		0.5632009439006448	True	0.0160068906843662	False
OV_VisiumHD_FFPE_to_CosMx6K	Benchmark_02	OV	Visium HD FFPE	CosMx 6K	ANAPC16	-0.0011198920811245	-0.0011198920811245	0.0	0.1926715032995449	0.1926715032995449	0.0			False	-0.0043042325414717	False
OV_VisiumHD_FFPE_to_CosMx6K	Benchmark_02	OV	Visium HD FFPE	CosMx 6K	ANAPC5	-0.0016457357784982	0.0458428827774277	0.0474886185559259	0.2269135495875043	0.1903850832825907	-0.036528466304913576		0.5428125155312401	True	-0.004972371738404	False
OV_VisiumHD_FFPE_to_CosMx6K	Benchmark_02	OV	Visium HD FFPE	CosMx 6K	ANKRD28	0.0006082460341658	0.0161796996337612	0.015571453599595398	0.2168151012581195	0.187878194812989	-0.0289369064451305		0.4994680863554606	True	0.0102613996714353	False
OV_VisiumHD_FFPE_to_CosMx6K	Benchmark_02	OV	Visium HD FFPE	CosMx 6K	ANO6	-0.0007800702987635	-0.0007800702987635	0.0	0.2526498678362234	0.2526498678362234	0.0			False	-0.0085017587989568	False
OV_VisiumHD_FFPE_to_CosMx6K	Benchmark_02	OV	Visium HD FFPE	CosMx 6K	ANXA1	-0.0030316341997311	-0.0030316341997311	0.0	0.2965217866432601	0.2965217866432601	0.0			False	-0.0066916444338858	False
OV_VisiumHD_FFPE_to_CosMx6K	Benchmark_02	OV	Visium HD FFPE	CosMx 6K	ANXA2	0.0046484855563998	0.0734985777453991	0.0688500921889993	0.2799355787187554	0.1835302612942685	-0.09640531742448691		0.742550544591061	True	0.0066749220713973	False
OV_VisiumHD_FFPE_to_CosMx6K	Benchmark_02	OV	Visium HD FFPE	CosMx 6K	ANXA5	0.0013556586533383	0.1641099490967442	0.1627542904434059	0.3300047917492169	0.2890103323927924	-0.040994459356424484		0.5052207943851962	True	-0.0027939456049352	False
OV_VisiumHD_FFPE_to_CosMx6K	Benchmark_02	OV	Visium HD FFPE	CosMx 6K	AP1B1	0.0007818686246398	0.1040027018353351	0.10322083321069529	0.2535517335065484	0.2175539462889791	-0.03599778721756933		0.5145185454892925	True	0.0109713254496455	False
OV_VisiumHD_FFPE_to_CosMx6K	Benchmark_02	OV	Visium HD FFPE	CosMx 6K	AP2A1	-0.0014572304668055	0.0561469988695923	0.0576042293363978	0.2786457136670826	0.2450760549477194	-0.03356965871936318		0.4791076940709965	True	-0.0045656245201826	False
OV_VisiumHD_FFPE_to_CosMx6K	Benchmark_02	OV	Visium HD FFPE	CosMx 6K	AP3D1	-0.0002732967707853	-0.0002732967707853	0.0	0.2378730187782959	0.2378730187782959	0.0			False	-0.0017370098503306	False
OV_VisiumHD_FFPE_to_CosMx6K	Benchmark_02	OV	Visium HD FFPE	CosMx 6K	AP3S2	0.0007839392606492	0.0482169695796973	0.0474330303190481	0.2422600262033589	0.2106636518115068	-0.03159637439185209		0.4938905580238766	True	0.0064617139287292	False
OV_VisiumHD_FFPE_to_CosMx6K	Benchmark_02	OV	Visium HD FFPE	CosMx 6K	APEH	-0.0015021319789506	0.0614908867350691	0.0629930187140197	0.2610407506493923	0.2306600544437577	-0.030380696205634605		0.4697453579607769	True	0.0042769163846969	False
OV_VisiumHD_FFPE_to_CosMx6K	Benchmark_02	OV	Visium HD FFPE	CosMx 6K	APEX1	0.0007844822013202	0.0577106328380217	0.0569261506367015	0.3283896223842243	0.2667685573694511	-0.06162106501477321		0.5830562961213744	True	0.0037181354127824	False
OV_VisiumHD_FFPE_to_CosMx6K	Benchmark_02	OV	Visium HD FFPE	CosMx 6K	APH1A	0.0029883155598249	0.0898283537215216	0.0868400381616967	0.3112176539263561	0.2734082743579854	-0.03780937956837066		0.4788342188832641	True	0.0123690040782094	False
OV_VisiumHD_FFPE_to_CosMx6K	Benchmark_02	OV	Visium HD FFPE	CosMx 6K	API5	0.0007760639279451	0.047710231955361	0.046934168027415894	0.2570020500683433	0.2204711917821036	-0.036530858286239726		0.5132787239660104	True	0.0025356484111398	False
OV_VisiumHD_FFPE_to_CosMx6K	Benchmark_02	OV	Visium HD FFPE	CosMx 6K	APLP2	0.000236670465419	0.1467571590253948	0.1465204885599758	0.3552380457764204	0.3251663302235443	-0.030071715552876077		0.4217579729653555	True	0.0133499009534716	False
OV_VisiumHD_FFPE_to_CosMx6K	Benchmark_02	OV	Visium HD FFPE	CosMx 6K	APOL1	-0.0007873197393838	0.2773037242235467	0.2780910439629305	0.7478859246186795	0.6045537354553658	-0.1433321891633137		0.5889435488638148	True	0.1382679194211959	True
OV_VisiumHD_FFPE_to_CosMx6K	Benchmark_02	OV	Visium HD FFPE	CosMx 6K	APOL6	3.3666565905885106e-05	0.1295216136450935	0.1294879470791876	0.3729291644692226	0.3474365966844626	-0.02549256778476		0.3856064913075057	True	0.0105973174795508	False
OV_VisiumHD_FFPE_to_CosMx6K	Benchmark_02	OV	Visium HD FFPE	CosMx 6K	APP	-0.00462855041238	0.219004849606499	0.223633400018879	0.5167327318798053	0.4407808289724468	-0.07595190290735848		0.5289444627061929	True	0.0135089475661516	False
OV_VisiumHD_FFPE_to_CosMx6K	Benchmark_02	OV	Visium HD FFPE	CosMx 6K	APPL1	0.0026412624734918	0.0379912716157586	0.0353500091422668	0.2262253700998386	0.1906702749498275	-0.035555095150011096		0.5373267398856788	True	0.0030286379624158	False
OV_VisiumHD_FFPE_to_CosMx6K	Benchmark_02	OV	Visium HD FFPE	CosMx 6K	APRT	-0.0001728642948689	-0.0001728642948689	0.0	0.273058159649355	0.273058159649355	0.0			False	0.0065197236835956	False
OV_VisiumHD_FFPE_to_CosMx6K	Benchmark_02	OV	Visium HD FFPE	CosMx 6K	ARF1	-0.0035565085154234	0.0884621372055338	0.09201864572095719	0.4797636110340977	0.4598131038280268	-0.01995050720607089		0.3281780875727617	True	0.00552638201043	False
OV_VisiumHD_FFPE_to_CosMx6K	Benchmark_02	OV	Visium HD FFPE	CosMx 6K	ARF4	0.0007816580799401	0.0007816580799401	0.0	0.3534188180082026	0.3534188180082026	0.0			False	0.0072565041482448	False
OV_VisiumHD_FFPE_to_CosMx6K	Benchmark_02	OV	Visium HD FFPE	CosMx 6K	ARF5	-0.0012662193846247	0.0867738733841747	0.0880400927687994	0.3027707122670487	0.2797310453261087	-0.023039666940940007		0.3932973600611248	True	0.0076675196178257	False
OV_VisiumHD_FFPE_to_CosMx6K	Benchmark_02	OV	Visium HD FFPE	CosMx 6K	ARF6	-0.0027746403178983	0.0774258032935616	0.08020044361145989	0.3563965660342839	0.3277633226968467	-0.028633243337437164		0.4065127935391139	True	0.0123758763074874	False
OV_VisiumHD_FFPE_to_CosMx6K	Benchmark_02	OV	Visium HD FFPE	CosMx 6K	ARFGAP3	-0.0021067105710461	0.0326756893142784	0.0347823998853245	0.2582602116215244	0.2278138466681961	-0.03044636495332831		0.47534539899545	True	0.0115536199882626	False
OV_VisiumHD_FFPE_to_CosMx6K	Benchmark_02	OV	Visium HD FFPE	CosMx 6K	ARHGAP12	0.0007659439759221	0.0377403052102218	0.0369743612342997	0.2294261358790356	0.1995689276214942	-0.0298572082575414		0.4934722406344015	True	0.0096896504983305	False
OV_VisiumHD_FFPE_to_CosMx6K	Benchmark_02	OV	Visium HD FFPE	CosMx 6K	ARHGAP5	0.0015459036899356	0.0361739298087206	0.034628026118784995	0.2166197734064402	0.1885843770595619	-0.028035396346878294		0.4923288432818407	True	0.011015391908586	False
OV_VisiumHD_FFPE_to_CosMx6K	Benchmark_02	OV	Visium HD FFPE	CosMx 6K	ARID1A	-0.0007254413170571	0.0275842254010672	0.0283096667181243	0.2071559926911897	0.1769788058374675	-0.0301771868537222		0.5192415832350056	True	0.0044536562636494	False
OV_VisiumHD_FFPE_to_CosMx6K	Benchmark_02	OV	Visium HD FFPE	CosMx 6K	ARID2	-0.0003303309534568	0.0487686751058341	0.049099006059290906	0.2563148103771036	0.2310051883801458	-0.02530962199695777		0.4363663805253445	True	-0.0007944591343402	False
OV_VisiumHD_FFPE_to_CosMx6K	Benchmark_02	OV	Visium HD FFPE	CosMx 6K	ARID4B	0.0004247228475897	0.0328516440856086	0.0324269212380189	0.2216915840464841	0.1906856444726835	-0.0310059395738006		0.5099123366887713	True	0.000245589937549	False
OV_VisiumHD_FFPE_to_CosMx6K	Benchmark_02	OV	Visium HD FFPE	CosMx 6K	ARID5B	-0.0008691519687257	0.036955088125672	0.0378242400943977	0.223805451329534	0.1681513381629842	-0.05565411316654981		0.6536169800500352	True	0.0068778926506638	False
OV_VisiumHD_FFPE_to_CosMx6K	Benchmark_02	OV	Visium HD FFPE	CosMx 6K	ARIH2	0.0015465665860608	0.0427433041675319	0.0411967375814711	0.200298058206062	0.1733150777682963	-0.026982980437765702		0.5013140382933265	True	-0.0109207574278116	False
OV_VisiumHD_FFPE_to_CosMx6K	Benchmark_02	OV	Visium HD FFPE	CosMx 6K	ARPC1B	0.0010912391200216	0.0852525348046085	0.0841612956845869	0.305458132258019	0.2711515379987981	-0.03430659425922089		0.4696358194772506	True	0.0006267021526582	False
OV_VisiumHD_FFPE_to_CosMx6K	Benchmark_02	OV	Visium HD FFPE	CosMx 6K	ARPC4	0.0008856208372264	0.0008856208372264	0.0	0.2410296851172494	0.2410296851172494	0.0			False	-0.0106740836054086	False
OV_VisiumHD_FFPE_to_CosMx6K	Benchmark_02	OV	Visium HD FFPE	CosMx 6K	ARPP19	-0.0022129189396815	-0.0022129189396815	0.0	0.2004979567305005	0.2004979567305005	0.0			False	0.0071255099028348	False
OV_VisiumHD_FFPE_to_CosMx6K	Benchmark_02	OV	Visium HD FFPE	CosMx 6K	ASAP2	-0.0008245252620219	0.0374740713742328	0.0382985966362547	0.2354348278077493	0.2132237370150374	-0.022211090792711885		0.4277388686737211	True	0.0107402000576257	False
OV_VisiumHD_FFPE_to_CosMx6K	Benchmark_02	OV	Visium HD FFPE	CosMx 6K	ASH1L	0.0003625121399812	0.0318946440400381	0.031532131900056895	0.2274585917591847	0.1955075424941719	-0.0319510492650128		0.5109380566597642	True	0.0048868786543607	False
OV_VisiumHD_FFPE_to_CosMx6K	Benchmark_02	OV	Visium HD FFPE	CosMx 6K	ASS1	-0.0057001628599264	0.1504421023400472	0.1561422651999736	0.4460398041823882	0.4151957472228598	-0.03084405695952841		0.3811251919706464	True	0.01990382745862	False
OV_VisiumHD_FFPE_to_CosMx6K	Benchmark_02	OV	Visium HD FFPE	CosMx 6K	ASXL1	0.000292845127325	0.0430287530615709	0.0427359079342459	0.2681222610510748	0.2181401852828076	-0.04998207576826719		0.5791296854431073	True	0.0113363228738307	False
OV_VisiumHD_FFPE_to_CosMx6K	Benchmark_02	OV	Visium HD FFPE	CosMx 6K	ATF3	-0.0066215307549651	-0.0066215307549651	0.0	0.4553793456343514	0.4553793456343514	0.0			False	0.0224899649620056	False
OV_VisiumHD_FFPE_to_CosMx6K	Benchmark_02	OV	Visium HD FFPE	CosMx 6K	ATF4	-0.0016725589869705	0.0682628750703852	0.0699354340573557	0.3657122609349407	0.3194403558833624	-0.0462719050515783		0.4904153736996591	True	0.003433862933889	False
OV_VisiumHD_FFPE_to_CosMx6K	Benchmark_02	OV	Visium HD FFPE	CosMx 6K	ATF6B	-8.178015786005075e-05	0.0709050935133526	0.07098687367121265	0.3122751369411925	0.2677597490399861	-0.044515387901206405		0.5140723963661366	True	0.0158958807587623	False
OV_VisiumHD_FFPE_to_CosMx6K	Benchmark_02	OV	Visium HD FFPE	CosMx 6K	ATG13	-0.0021405739530383	0.0494992774919201	0.051639851444958404	0.2430313829655038	0.2180497813766057	-0.024981601588898117		0.4469807288851466	True	-0.0047432957217097	False
OV_VisiumHD_FFPE_to_CosMx6K	Benchmark_02	OV	Visium HD FFPE	CosMx 6K	ATP11B	0.0029455281721202	0.0029455281721202	0.0	0.2262602763836496	0.2262602763836496	0.0			False	0.0073159118182957	False
OV_VisiumHD_FFPE_to_CosMx6K	Benchmark_02	OV	Visium HD FFPE	CosMx 6K	ATP1A1	-0.0002790798364725	0.1466836206176027	0.1469627004540752	0.3812978841821439	0.3645736523128202	-0.016724231869323702		0.3141076169336981	True	-0.0036244236398488	False
OV_VisiumHD_FFPE_to_CosMx6K	Benchmark_02	OV	Visium HD FFPE	CosMx 6K	ATP1B1	-0.0051996503433984	0.1267769964467597	0.13197664679015808	0.4113173784176864	0.3837268573319948	-0.0275905210856916		0.3749760268491415	True	0.0346527658402919	False
OV_VisiumHD_FFPE_to_CosMx6K	Benchmark_02	OV	Visium HD FFPE	CosMx 6K	ATP2A2	0.0003992856914799	0.0919708886962861	0.0915716030048062	0.3414396357505667	0.3017499152238929	-0.0396897205266738		0.4713542026415763	True	0.0189897716045379	False
OV_VisiumHD_FFPE_to_CosMx6K	Benchmark_02	OV	Visium HD FFPE	CosMx 6K	ATP2B4	-0.0004172792473584	0.0761974511341221	0.0766147303814805	0.3461935137173877	0.2852481169178796	-0.06094539679950811		0.5694660716532943	True	0.0361519008874893	False
OV_VisiumHD_FFPE_to_CosMx6K	Benchmark_02	OV	Visium HD FFPE	CosMx 6K	ATP5F1B	0.0021863942741711	0.1259118480657519	0.1237254537915808	0.4225297654086394	0.3923242844889305	-0.030205480919708927		0.3898261290532938	True	0.0224245935678482	False
OV_VisiumHD_FFPE_to_CosMx6K	Benchmark_02	OV	Visium HD FFPE	CosMx 6K	ATP5F1E	-0.0009574418906702	0.0466077483275962	0.0475651902182664	0.2614940340512882	0.2015138776199718	-0.05998015643131638		0.6374337088650833	True	0.0029235887341201	False
OV_VisiumHD_FFPE_to_CosMx6K	Benchmark_02	OV	Visium HD FFPE	CosMx 6K	ATP5ME	-0.0028169211677266	0.089200120438894	0.0920170416066206	0.3554167432645107	0.3380744481740377	-0.017342295090473026		0.3312444902926901	True	0.0101405968889594	False
OV_VisiumHD_FFPE_to_CosMx6K	Benchmark_02	OV	Visium HD FFPE	CosMx 6K	ATP6AP1	0.0018332015485653	0.1237965336439757	0.12196333209541041	0.3804072748807882	0.3182412023425908	-0.06216607253819739		0.5461399410843544	True	0.0277416557073593	False
OV_VisiumHD_FFPE_to_CosMx6K	Benchmark_02	OV	Visium HD FFPE	CosMx 6K	ATP6V1A	0.0007529734557879	0.0512234692917312	0.050470495835943305	0.2537850848789811	0.2297882785563556	-0.02399680632262549		0.4331437556556084	True	-0.0053297332488	False
OV_VisiumHD_FFPE_to_CosMx6K	Benchmark_02	OV	Visium HD FFPE	CosMx 6K	ATP6V1B2	-0.0002009858859904	0.0846866136037091	0.08488759948969951	0.2983130129474817	0.2651277538846709	-0.03318525906281078		0.4716444606446734	True	0.0005280459299683	False
OV_VisiumHD_FFPE_to_CosMx6K	Benchmark_02	OV	Visium HD FFPE	CosMx 6K	ATP6V1C1	0.0001601777751989	0.0684714517482592	0.06831127397306029	0.2862496764132126	0.2578680747505367	-0.028381601662675893		0.4390145700576939	True	0.0033338104840368	False
OV_VisiumHD_FFPE_to_CosMx6K	Benchmark_02	OV	Visium HD FFPE	CosMx 6K	ATP6V1E1	-9.686635932317856e-05	0.0384222973709741	0.038519163730297276	0.2829593038198887	0.2636373416734682	-0.019321962146420513		0.3759943707412693	True	0.0080578979104757	False
OV_VisiumHD_FFPE_to_CosMx6K	Benchmark_02	OV	Visium HD FFPE	CosMx 6K	ATP9A	0.002531890686969	0.0994699639571331	0.0969380732701641	0.2964004153208659	0.2750324472612147	-0.021367968059651243		0.3794054358246163	True	0.0013313603121787	False
OV_VisiumHD_FFPE_to_CosMx6K	Benchmark_02	OV	Visium HD FFPE	CosMx 6K	ATRN	0.0009855970123196	0.0623531018673137	0.0613675048549941	0.2637030542896652	0.2415871614361957	-0.02211589285346946		0.407735269604199	True	0.0188716277480125	False
OV_VisiumHD_FFPE_to_CosMx6K	Benchmark_02	OV	Visium HD FFPE	CosMx 6K	ATXN3	0.0004678039462349	0.0474650276126642	0.0469972236664293	0.2494068578523051	0.2264556807076029	-0.022951177144702184		0.4237703529911377	True	0.017915803939104	False
OV_VisiumHD_FFPE_to_CosMx6K	Benchmark_02	OV	Visium HD FFPE	CosMx 6K	AUTS2	-0.0013077300110795	0.0429784905387644	0.0442862205498439	0.2506507709678514	0.2068538394759265	-0.04379693149192487		0.5629754952043503	True	0.0024749615695327	False
OV_VisiumHD_FFPE_to_CosMx6K	Benchmark_02	OV	Visium HD FFPE	CosMx 6K	B2M	-0.0009127059266503	0.4646184081373887	0.465531114064039	0.9384618953189972	0.9027975026174456	-0.03566439270155153		0.4752615513929918	True	0.0049268756993114	False
OV_VisiumHD_FFPE_to_CosMx6K	Benchmark_02	OV	Visium HD FFPE	CosMx 6K	B4GALT1	-0.0005052105396576	0.0486132054687502	0.0491184160084078	0.2562422121337399	0.2118839190207297	-0.04435829311301018		0.5625546474049979	True	0.0028014169074594	False
OV_VisiumHD_FFPE_to_CosMx6K	Benchmark_02	OV	Visium HD FFPE	CosMx 6K	BABAM1	-0.0018361059914794	0.0517065988297831	0.053542704821262506	0.2560473114140714	0.2279670139216157	-0.02808029749245569		0.4580885060422022	True	0.0076137920841574	False
OV_VisiumHD_FFPE_to_CosMx6K	Benchmark_02	OV	Visium HD FFPE	CosMx 6K	BACE2	-0.0015917232305878	0.0370586274600261	0.0386503506906139	0.2242223046969202	0.1834692277797024	-0.0407530769172178		0.5727025468156879	True	-0.0046816593967378	False
OV_VisiumHD_FFPE_to_CosMx6K	Benchmark_02	OV	Visium HD FFPE	CosMx 6K	BAG5	-4.832237152421198e-05	0.0342591604321329	0.03430748280365711	0.2149001996021624	0.1779802348344209	-0.03691996476774148		0.5595078062096559	True	-0.0042597348801791	False
OV_VisiumHD_FFPE_to_CosMx6K	Benchmark_02	OV	Visium HD FFPE	CosMx 6K	BAG6	-0.0001816600679021	0.0691115505919693	0.0692932106598714	0.2715659368726666	0.2527489260750779	-0.01881701079758874		0.3760599162417444	True	0.0042704981751739	False
OV_VisiumHD_FFPE_to_CosMx6K	Benchmark_02	OV	Visium HD FFPE	CosMx 6K	BANF1	-0.0042777466919882	0.1540646197125881	0.1583423664045763	0.545419122093629	0.5237470804014551	-0.02167204169217385		0.3146471862244381	True	0.0097489394247531	False
OV_VisiumHD_FFPE_to_CosMx6K	Benchmark_02	OV	Visium HD FFPE	CosMx 6K	BCAM	-0.0033131266555072	0.1334257804218577	0.1367389070773649	0.4176663501671019	0.3613447974925947	-0.056321552674507225		0.5145499210012662	True	0.0285288020968437	False
OV_VisiumHD_FFPE_to_CosMx6K	Benchmark_02	OV	Visium HD FFPE	CosMx 6K	BCAP31	0.000748991943194	0.230634579348218	0.229885587405024	0.613717048919809	0.5988770264106646	-0.014840022509144402		0.2552472162810926	True	0.0089051378890872	False
OV_VisiumHD_FFPE_to_CosMx6K	Benchmark_02	OV	Visium HD FFPE	CosMx 6K	BCCIP	-0.0009890266868661	0.0431695926863424	0.0441586193732085	0.2347900771853316	0.1903703352971237	-0.04441974188820791		0.5854630244671608	True	0.0035728942602872	False
OV_VisiumHD_FFPE_to_CosMx6K	Benchmark_02	OV	Visium HD FFPE	CosMx 6K	BCL11A	-0.0008591299174313	0.0885874080739079	0.0894465379913392	0.2953072139225281	0.2725314579653686	-0.022775755957159527		0.3887762433717491	True	0.0149064734578132	False
OV_VisiumHD_FFPE_to_CosMx6K	Benchmark_02	OV	Visium HD FFPE	CosMx 6K	BCL2L1	-0.0029391964408633	0.0862750866026606	0.0892142830435239	0.3016535536159309	0.2638397401993442	-0.037813813416586683		0.4865967767505768	True	0.0047916756011545	False
OV_VisiumHD_FFPE_to_CosMx6K	Benchmark_02	OV	Visium HD FFPE	CosMx 6K	BCL6	-0.0015503497811212	0.080599943157158	0.0821502929382792	0.3038028319513945	0.2583991258690961	-0.045403706082298434		0.5252815298964056	True	0.0005533180665224	False
OV_VisiumHD_FFPE_to_CosMx6K	Benchmark_02	OV	Visium HD FFPE	CosMx 6K	BEX3	0.0028953339102904	0.0028953339102904	0.0	0.353982817791928	0.353982817791928	0.0			False	0.0042483806610107	False
OV_VisiumHD_FFPE_to_CosMx6K	Benchmark_02	OV	Visium HD FFPE	CosMx 6K	BGN	-0.0064295054381744	0.3790336523945275	0.3854631578327019	0.4711090733204213	0.3177489891207612	-0.15336008419966007		0.7496608768262094	True	0.1314940303564071	True
OV_VisiumHD_FFPE_to_CosMx6K	Benchmark_02	OV	Visium HD FFPE	CosMx 6K	BHLHE40	0.0015966834317558	0.038956596727187	0.0373599132954312	0.3295222977458364	0.2393620383927584	-0.090160259353078		0.6757242372775308	True	0.0184937007725238	False
OV_VisiumHD_FFPE_to_CosMx6K	Benchmark_02	OV	Visium HD FFPE	CosMx 6K	BLVRB	-0.0010591050697082	0.0806438749280514	0.0817029799977596	0.2788214606703966	0.2511662840506819	-0.027655176619714672		0.4411326721899741	True	0.0012469503562897	False
OV_VisiumHD_FFPE_to_CosMx6K	Benchmark_02	OV	Visium HD FFPE	CosMx 6K	BMPR2	-0.001785612543725	0.0077387782538199	0.0095243907975449	0.2756802104154059	0.2436865379447901	-0.031993672470615825		0.4772525703568074	True	-0.0009159581386484	False
OV_VisiumHD_FFPE_to_CosMx6K	Benchmark_02	OV	Visium HD FFPE	CosMx 6K	BNIP3L	-0.0026351162709476	-0.0026351162709476	0.0	0.3007219391436278	0.3007219391436278	0.0			False	0.0067790378816425	False
OV_VisiumHD_FFPE_to_CosMx6K	Benchmark_02	OV	Visium HD FFPE	CosMx 6K	BOC	0.0012611468990993	0.0217208401621633	0.020459693263064	0.2675473058676438	0.2410687780462216	-0.02647852782142221		0.4395361693823515	True	0.0175483729690313	False
OV_VisiumHD_FFPE_to_CosMx6K	Benchmark_02	OV	Visium HD FFPE	CosMx 6K	BRD1	-0.0013791482263989	0.0473847201809076	0.0487638684073065	0.2553579372093034	0.2286222327372084	-0.026735704472095		0.4487598724235255	True	0.0038414704613387	False
OV_VisiumHD_FFPE_to_CosMx6K	Benchmark_02	OV	Visium HD FFPE	CosMx 6K	BRD2	-0.0007044467651779	0.0531027995000597	0.0538072462652376	0.3062876631804204	0.2414451641537418	-0.0648424990266786		0.6154568920923341	True	-0.0015240849461406	False
OV_VisiumHD_FFPE_to_CosMx6K	Benchmark_02	OV	Visium HD FFPE	CosMx 6K	BRD4	-0.0004421485351325	0.0310860364702852	0.0315281850054177	0.2706442494449628	0.2226739643380667	-0.047970285106896104		0.5654838123786341	True	0.0059249494224786	False
OV_VisiumHD_FFPE_to_CosMx6K	Benchmark_02	OV	Visium HD FFPE	CosMx 6K	BRD7	0.00175857500558	0.0338846732747024	0.0321260982691224	0.2132054120929206	0.1849392532749004	-0.028266158818020193		0.4982138822073946	True	0.0023220716975629	False
OV_VisiumHD_FFPE_to_CosMx6K	Benchmark_02	OV	Visium HD FFPE	CosMx 6K	BRD8	0.0011868531104868	0.0417098568315333	0.040523003721046495	0.2155382548784939	0.1867209124666814	-0.028817342411812497		0.4995316049883596	True	0.0163058638572692	False
OV_VisiumHD_FFPE_to_CosMx6K	Benchmark_02	OV	Visium HD FFPE	CosMx 6K	BRI3	0.0020388624035817	0.0318419815947296	0.0298031191911479	0.372400182367931	0.2758926493138256	-0.09650753305410537		0.6639583498522483	True	0.0050863781943917	False
OV_VisiumHD_FFPE_to_CosMx6K	Benchmark_02	OV	Visium HD FFPE	CosMx 6K	BRMS1	0.0011898759190986	0.0464861125769869	0.045296236657888296	0.2309349223674006	0.204877656214188	-0.026057266153212605		0.4636736601107499	True	0.0091682011261582	False
OV_VisiumHD_FFPE_to_CosMx6K	Benchmark_02	OV	Visium HD FFPE	CosMx 6K	BRWD1	0.0016740945337194	0.0341043790613761	0.0324302845276567	0.2125668602664018	0.1715416389722399	-0.04102522129416192		0.5914962996403045	True	0.0101251285523176	False
OV_VisiumHD_FFPE_to_CosMx6K	Benchmark_02	OV	Visium HD FFPE	CosMx 6K	BSG	-0.0003077605554445	0.0716204307643975	0.071928191319842	0.3247709110501396	0.2988275248590935	-0.025943386191046136		0.4098480583851209	True	0.0047261118888854	False
OV_VisiumHD_FFPE_to_CosMx6K	Benchmark_02	OV	Visium HD FFPE	CosMx 6K	BST2	0.0160441448802606	0.175572787123437	0.1595286422431764	0.7695919270020012	0.6515272863178293	-0.11806464068417188		0.5332282722702999	True	0.0854202955961227	False
OV_VisiumHD_FFPE_to_CosMx6K	Benchmark_02	OV	Visium HD FFPE	CosMx 6K	BTG2	0.0022039755066537	0.0597612441495169	0.057557268642863195	0.4134203273364583	0.3768202859342178	-0.03660004140224049		0.440533767103659	True	0.0219445303082466	False
OV_VisiumHD_FFPE_to_CosMx6K	Benchmark_02	OV	Visium HD FFPE	CosMx 6K	BUB3	-0.000109246059644	0.0828457913342052	0.0829550373938492	0.3077764616861584	0.2895832223980239	-0.01819323928813449		0.3521595871703469	True	0.005615007597953	False
OV_VisiumHD_FFPE_to_CosMx6K	Benchmark_02	OV	Visium HD FFPE	CosMx 6K	C11orf96	0.0002768189312767	0.3089765028371743	0.30869968390589764	0.3331403377653115	0.2626626253412086	-0.07047771242410289		0.628867813859434	True	0.0597198754549026	False
OV_VisiumHD_FFPE_to_CosMx6K	Benchmark_02	OV	Visium HD FFPE	CosMx 6K	C1QA	-0.0045081669049546	0.5474507826996419	0.5519589496045965	0.3681667877853515	0.2295036152982751	-0.1386631724870764		0.7806929546256993	True	0.0962414294481277	False
OV_VisiumHD_FFPE_to_CosMx6K	Benchmark_02	OV	Visium HD FFPE	CosMx 6K	C1QB	-0.0070042533388866	0.5658004421669551	0.5728046955058417	0.3380992160040638	0.1976100514756487	-0.1404891645284151		0.8084698327100778	True	0.0813051387667656	False
OV_VisiumHD_FFPE_to_CosMx6K	Benchmark_02	OV	Visium HD FFPE	CosMx 6K	C1QBP	-0.0003913659608205	0.1375500539162872	0.1379414198771077	0.3898750153678423	0.373452114088368	-0.016422901279474322		0.3075704611473564	True	0.0070029273629188	False
OV_VisiumHD_FFPE_to_CosMx6K	Benchmark_02	OV	Visium HD FFPE	CosMx 6K	C1R	-0.0037206575096659	0.3951746575066007	0.39889531501626657	0.4192561656402633	0.2370905552728771	-0.1821656103673862		0.813271470709853	True	0.1191419661045074	True
OV_VisiumHD_FFPE_to_CosMx6K	Benchmark_02	OV	Visium HD FFPE	CosMx 6K	C1S	-0.0015706722133946	0.3884761884402569	0.39004686065365146	0.3775307452190779	0.2389086178520109	-0.13862212736706703		0.769379840106588	True	0.0761805102229118	False
OV_VisiumHD_FFPE_to_CosMx6K	Benchmark_02	OV	Visium HD FFPE	CosMx 6K	C2	0.0008128508110521	0.0916688745561925	0.0908560237451404	0.2700301191911887	0.2423027231008062	-0.027727396090382495		0.4472863467317634	True	0.0081795612350106	False
OV_VisiumHD_FFPE_to_CosMx6K	Benchmark_02	OV	Visium HD FFPE	CosMx 6K	C3	-0.0085706796704747	0.2614770970191678	0.2700477766896425	0.6578391908818667	0.4686121173487134	-0.18922707353315332		0.697974295883718	True	0.0547212772071361	False
OV_VisiumHD_FFPE_to_CosMx6K	Benchmark_02	OV	Visium HD FFPE	CosMx 6K	CAB39	0.0006746307518134	0.0492028418930233	0.0485282111412099	0.2365033496465627	0.2004078978729834	-0.036095451773579285		0.5314170292743556	True	0.0068784272298216	False
OV_VisiumHD_FFPE_to_CosMx6K	Benchmark_02	OV	Visium HD FFPE	CosMx 6K	CADM1	0.0053704176506519	0.0608414313858393	0.0554710137351874	0.4053506570064393	0.3425121999995215	-0.06283845700691781		0.533761788795846	True	0.0282390024513006	False
OV_VisiumHD_FFPE_to_CosMx6K	Benchmark_02	OV	Visium HD FFPE	CosMx 6K	CALCOCO2	-0.0012398726879228	-0.0012398726879228	0.0	0.2457799610013178	0.2457799610013178	0.0			False	0.0043881619349122	False
OV_VisiumHD_FFPE_to_CosMx6K	Benchmark_02	OV	Visium HD FFPE	CosMx 6K	CALD1	-0.0011127496169861	0.4525550034143876	0.4536677530313737	0.4757371249962385	0.3179860211665352	-0.1577511038297033		0.7437547309878582	True	0.0814583897590637	False
OV_VisiumHD_FFPE_to_CosMx6K	Benchmark_02	OV	Visium HD FFPE	CosMx 6K	CALM2	0.0074030936778259	0.1754768629236276	0.1680737692458017	0.6289021693351164	0.6187146411366996	-0.01018752819841684		0.2447639415773848	True	0.013348814100027	False
OV_VisiumHD_FFPE_to_CosMx6K	Benchmark_02	OV	Visium HD FFPE	CosMx 6K	CALM3	0.0013077874413369	0.0607053809842281	0.059397593542891196	0.2397735843546927	0.2075374171665572	-0.03223616718813552		0.5046797858509451	True	0.0045478157699108	False
OV_VisiumHD_FFPE_to_CosMx6K	Benchmark_02	OV	Visium HD FFPE	CosMx 6K	CALU	-0.0012914456329381	0.077502290518031	0.0787937361509691	0.3923434965192428	0.3262844914716475	-0.06605900504759527		0.5494661073134331	True	0.0076259803026914	False
OV_VisiumHD_FFPE_to_CosMx6K	Benchmark_02	OV	Visium HD FFPE	CosMx 6K	CAMKK2	0.0008747380578428	0.0446300416238925	0.0437553035660497	0.2264776065752592	0.2005455920545677	-0.025932014520691493		0.466917022024212	True	0.0021531751845031	False
OV_VisiumHD_FFPE_to_CosMx6K	Benchmark_02	OV	Visium HD FFPE	CosMx 6K	CAND1	0.001033259905832	0.0397934319213913	0.0387601720155593	0.2969773155591821	0.2370808376453254	-0.059896477913856716		0.6001278732159734	True	0.0142922867089509	False
OV_VisiumHD_FFPE_to_CosMx6K	Benchmark_02	OV	Visium HD FFPE	CosMx 6K	CANT1	0.0005981709679099	0.0547062083471159	0.054108037379206	0.2437730695589712	0.2190346564164796	-0.024738413142491616		0.443196256737289	True	-0.0042393947951495	False
OV_VisiumHD_FFPE_to_CosMx6K	Benchmark_02	OV	Visium HD FFPE	CosMx 6K	CANX	0.002014698186045	0.1439678733264494	0.1419531751404044	0.4985189029789791	0.4813157521746949	-0.017203150804284195		0.29356374530204	True	0.0099358083680272	False
OV_VisiumHD_FFPE_to_CosMx6K	Benchmark_02	OV	Visium HD FFPE	CosMx 6K	CAPG	0.0012835939063666	0.226270636814739	0.2249870429083724	0.3163174687525914	0.2663344327098393	-0.049983036042752116		0.5488783524858795	True	0.0077102491632103	False
OV_VisiumHD_FFPE_to_CosMx6K	Benchmark_02	OV	Visium HD FFPE	CosMx 6K	CAPN1	0.0014182965537988	0.0944557917519318	0.09303749519813301	0.3369594170312899	0.2967854974041071	-0.04017391962718281		0.4767207636099383	True	0.0051824608817696	False
OV_VisiumHD_FFPE_to_CosMx6K	Benchmark_02	OV	Visium HD FFPE	CosMx 6K	CAPN2	0.0014052896767617	0.057272740257085	0.0558674505803233	0.3256371725635608	0.2636531601523313	-0.06198401241122947		0.5795808963145533	True	0.014921267516911	False
OV_VisiumHD_FFPE_to_CosMx6K	Benchmark_02	OV	Visium HD FFPE	CosMx 6K	CAPNS1	0.0002476848464032	0.0947007513503171	0.0944530665039139	0.3647304699215306	0.3280605968863389	-0.0366698730351917		0.4453767944827095	True	0.0118705807253718	False
OV_VisiumHD_FFPE_to_CosMx6K	Benchmark_02	OV	Visium HD FFPE	CosMx 6K	CAPZB	0.0048132544454481	0.1119112223854409	0.10709796793999281	0.3356556325279108	0.2928107444609211	-0.04284488806698972		0.5025004967922364	True	0.0002081134443869	False
OV_VisiumHD_FFPE_to_CosMx6K	Benchmark_02	OV	Visium HD FFPE	CosMx 6K	CARHSP1	-0.0027930768431796	0.0244588959191756	0.027251972762355203	0.30394014085326	0.2802377618065607	-0.023702379046699307		0.4028622088994604	True	-0.0054266285151243	False
OV_VisiumHD_FFPE_to_CosMx6K	Benchmark_02	OV	Visium HD FFPE	CosMx 6K	CARM1	-0.0019376231210958	0.0276626333887936	0.0296002565098894	0.2545744098370714	0.2211838262699137	-0.03339058356715771		0.4954674156214003	True	-0.0011919955722987	False
OV_VisiumHD_FFPE_to_CosMx6K	Benchmark_02	OV	Visium HD FFPE	CosMx 6K	CARTPT	-0.0072510434202813	0.1340921764291472	0.1413432198494285	0.3303207607364082	0.2719977772822552	-0.05832298345415299		0.567409892077122	True	0.0595512837171554	False
OV_VisiumHD_FFPE_to_CosMx6K	Benchmark_02	OV	Visium HD FFPE	CosMx 6K	CAST	-0.0002973070406633	0.0265332236053116	0.0268305306459749	0.2213078594477854	0.1764426955778023	-0.0448651638699831		0.6007888806214993	True	-0.0069832084700465	False
OV_VisiumHD_FFPE_to_CosMx6K	Benchmark_02	OV	Visium HD FFPE	CosMx 6K	CAT	-0.00053360154958	0.0551386288357254	0.0556722303853054	0.304053928681352	0.2859395303234426	-0.0181143983579094		0.3546055344467099	True	0.0047410922124981	False
OV_VisiumHD_FFPE_to_CosMx6K	Benchmark_02	OV	Visium HD FFPE	CosMx 6K	CBFB	-0.0017208234789249	-0.0017208234789249	0.0	0.2694182645925633	0.2694182645925633	0.0			False	-0.0051625906489789	False
OV_VisiumHD_FFPE_to_CosMx6K	Benchmark_02	OV	Visium HD FFPE	CosMx 6K	CBLB	-0.0017663784690138	0.0421694133080804	0.043935791777094196	0.2389015447653407	0.2115747000746166	-0.027326844690724106		0.4670802814920998	True	0.0094669349491596	False
OV_VisiumHD_FFPE_to_CosMx6K	Benchmark_02	OV	Visium HD FFPE	CosMx 6K	CCDC12	-0.0003403853066731	0.0630271441024584	0.0633675294091315	0.2824417994457924	0.2628664847486217	-0.01957531469717072		0.3759990953921006	True	0.0086303986608982	False
OV_VisiumHD_FFPE_to_CosMx6K	Benchmark_02	OV	Visium HD FFPE	CosMx 6K	CCDC80	0.0005175349430622	0.1161888158302137	0.1156712808871515	0.2789772684880639	0.2110649945059814	-0.06791227398208252		0.6569440092758311	True	0.0508192963898181	False
OV_VisiumHD_FFPE_to_CosMx6K	Benchmark_02	OV	Visium HD FFPE	CosMx 6K	CCN1	0.0128965646526788	0.3305159571097513	0.3176193924570725	0.513818677649664	0.3282445854097727	-0.18557409223989135		0.7561933170965436	True	0.1068389266729354	False
OV_VisiumHD_FFPE_to_CosMx6K	Benchmark_02	OV	Visium HD FFPE	CosMx 6K	CCN2	0.0045347444365496	0.2949709799220785	0.2904362354855289	0.4031445496489795	0.2591136057081631	-0.1440309439408164		0.7592740225914721	True	0.0880297869443893	False
OV_VisiumHD_FFPE_to_CosMx6K	Benchmark_02	OV	Visium HD FFPE	CosMx 6K	CCNC	-0.0002044750353961	0.0244045129252173	0.024608987960613397	0.2131542473731834	0.1873962994349485	-0.025757947938234882		0.4780866118554866	True	0.0065285274758934	False
OV_VisiumHD_FFPE_to_CosMx6K	Benchmark_02	OV	Visium HD FFPE	CosMx 6K	CCND1	-0.0006747571788146	0.0166557999887903	0.0173305571676049	0.2723749820073869	0.2395372023419374	-0.03283777966544951		0.4812015124393405	True	0.0159883629530668	False
OV_VisiumHD_FFPE_to_CosMx6K	Benchmark_02	OV	Visium HD FFPE	CosMx 6K	CCND3	-0.0007554248632712	0.0792784356770028	0.08003386054027399	0.2868369341728052	0.2640224381813068	-0.02281449599149843		0.402891250998358	True	0.0009972373954951	False
OV_VisiumHD_FFPE_to_CosMx6K	Benchmark_02	OV	Visium HD FFPE	CosMx 6K	CCNG1	-0.0018660056828566	0.0420252659337864	0.043891271616643	0.2707387698057946	0.2257628968451487	-0.044975872960645896		0.5506215559419778	True	0.0168884377926588	False
OV_VisiumHD_FFPE_to_CosMx6K	Benchmark_02	OV	Visium HD FFPE	CosMx 6K	CCNG2	0.0001664273805214	0.0148165583110011	0.014650130930479701	0.2356838601646574	0.2103616827077839	-0.025322177456873485		0.4552082473525513	True	-0.0156820248812437	False
OV_VisiumHD_FFPE_to_CosMx6K	Benchmark_02	OV	Visium HD FFPE	CosMx 6K	CCNK	0.0003974867670755	0.0455074250879402	0.0451099383208647	0.263766050012066	0.2294530697180725	-0.03431298029399349		0.4940922127694806	True	0.0169931333512067	False
OV_VisiumHD_FFPE_to_CosMx6K	Benchmark_02	OV	Visium HD FFPE	CosMx 6K	CCT2	-0.0023574855660949	0.078675089690842	0.0810325752569369	0.3560404541445172	0.3401931759450585	-0.015847278199458692		0.3131497748892114	True	0.0030108448117971	False
OV_VisiumHD_FFPE_to_CosMx6K	Benchmark_02	OV	Visium HD FFPE	CosMx 6K	CCT6A	-0.0018277486976508	0.0838132386630189	0.0856409873606697	0.3290239793475242	0.2929472179493144	-0.03607676139820981		0.4592288087517662	True	-0.0038514349143952	False
OV_VisiumHD_FFPE_to_CosMx6K	Benchmark_02	OV	Visium HD FFPE	CosMx 6K	CCT8	-0.0012174785785652	0.0810765400430136	0.0822940186215788	0.3670275008841079	0.3462856117327575	-0.02074188915135039		0.3477816932081755	True	0.0036912197247147	False
OV_VisiumHD_FFPE_to_CosMx6K	Benchmark_02	OV	Visium HD FFPE	CosMx 6K	CD151	4.10045082850987e-05	0.1033739492280667	0.1033329447197816	0.4698682678352963	0.4162912906278767	-0.05357697720741961		0.4827590732252175	True	0.0318604260683059	False
OV_VisiumHD_FFPE_to_CosMx6K	Benchmark_02	OV	Visium HD FFPE	CosMx 6K	CD24	0.0001606996972951	0.0748290866650712	0.0746683869677761	0.3356391968100281	0.2721440644815373	-0.0634951323284908		0.5923437307264611	True	0.0425277613103389	False
OV_VisiumHD_FFPE_to_CosMx6K	Benchmark_02	OV	Visium HD FFPE	CosMx 6K	CD276	0.0010478834980019	0.0773790501653881	0.0763311666673862	0.2157289450135594	0.1708745402612032	-0.04485440475235622		0.6063741334925152	True	-0.0013575672637671	False
OV_VisiumHD_FFPE_to_CosMx6K	Benchmark_02	OV	Visium HD FFPE	CosMx 6K	CD320	0.0003594783146155	0.0549729365040059	0.0546134581893904	0.2093805217372468	0.1833959140301369	-0.02598460770710992		0.4825739706004981	True	0.0172243453562259	False
OV_VisiumHD_FFPE_to_CosMx6K	Benchmark_02	OV	Visium HD FFPE	CosMx 6K	CD40	-0.0023866616595583	0.1005851537528357	0.10297181541239399	0.2866900973194478	0.2670610844736997	-0.019629012845748084		0.3736783902297727	True	0.003683470422402	False
OV_VisiumHD_FFPE_to_CosMx6K	Benchmark_02	OV	Visium HD FFPE	CosMx 6K	CD44	-0.0012600991366329	0.0915951835473224	0.0928552826839553	0.2634643961190616	0.2146056039753314	-0.04885879214373018		0.5849509287100065	True	0.0046885386109352	False
OV_VisiumHD_FFPE_to_CosMx6K	Benchmark_02	OV	Visium HD FFPE	CosMx 6K	CD46	0.0019145833065767	0.0827840083986624	0.0808694250920857	0.3025663867345857	0.2623948437518894	-0.04017154298269632		0.4977142970977374	True	0.0052790422923862	False
OV_VisiumHD_FFPE_to_CosMx6K	Benchmark_02	OV	Visium HD FFPE	CosMx 6K	CD47	0.0036942037668669	0.2116349377287006	0.20794073396183368	0.6553087486931484	0.5246333251228402	-0.13067542357030815		0.7156803069429614	True	0.1145894825458526	False
OV_VisiumHD_FFPE_to_CosMx6K	Benchmark_02	OV	Visium HD FFPE	CosMx 6K	CD55	-0.0005897844130551	-0.0002473166539154	0.0003424677591397	0.3563907678461339	0.2633309394031061	-0.09305982844302779		0.6709542891192077	True	0.0226710680872201	False
OV_VisiumHD_FFPE_to_CosMx6K	Benchmark_02	OV	Visium HD FFPE	CosMx 6K	CD63	-0.0004618956928444	0.1402900558808576	0.14075195157370202	0.3941282340785761	0.343229938410987	-0.05089829566758913		0.5105571249322001	True	0.011948948726058	False
OV_VisiumHD_FFPE_to_CosMx6K	Benchmark_02	OV	Visium HD FFPE	CosMx 6K	CD68	-0.001772481543905	0.3656643541724049	0.3674368357163099	0.3355338674339718	0.2331224051627444	-0.10241146227122738		0.7175359315367801	True	0.0304973050951957	False
OV_VisiumHD_FFPE_to_CosMx6K	Benchmark_02	OV	Visium HD FFPE	CosMx 6K	CD74	-0.0012829868272693	0.4429285737812642	0.4442115606085335	0.8220197096517419	0.6244879952435876	-0.1975317144081543		0.6668699320910417	True	0.0666500031948089	False
OV_VisiumHD_FFPE_to_CosMx6K	Benchmark_02	OV	Visium HD FFPE	CosMx 6K	CD81	0.0047631845271055	0.1658119712382283	0.1610487867111228	0.7241461501731803	0.7030272795851217	-0.021118870588058614		0.2948385269232718	True	0.0137128019705414	False
OV_VisiumHD_FFPE_to_CosMx6K	Benchmark_02	OV	Visium HD FFPE	CosMx 6K	CD82	-0.0029202910384641	0.0969233599835595	0.0998436510220236	0.2791148665594619	0.2467335507717999	-0.032381315787661985		0.4713472748392854	True	0.0195346362888813	False
OV_VisiumHD_FFPE_to_CosMx6K	Benchmark_02	OV	Visium HD FFPE	CosMx 6K	CD9	-7.810679192782566e-05	0.0764538474377193	0.07653195422964712	0.3327809030699524	0.26371519726519	-0.0690657058047624		0.6099956699393129	True	0.0352481491863727	False
OV_VisiumHD_FFPE_to_CosMx6K	Benchmark_02	OV	Visium HD FFPE	CosMx 6K	CD99	-0.0016372877391343	0.1102966836991948	0.1119339714383291	0.389057444003808	0.369758115925551	-0.01929932807825696		0.3555215019683699	True	-0.0006229229620657	False
OV_VisiumHD_FFPE_to_CosMx6K	Benchmark_02	OV	Visium HD FFPE	CosMx 6K	CDC16	-0.001039365024987	0.023885434673879	0.024924799698865997	0.2374288875221128	0.2153655694921156	-0.022063318029997198		0.4255244021347372	True	-0.0006120022735558	False
OV_VisiumHD_FFPE_to_CosMx6K	Benchmark_02	OV	Visium HD FFPE	CosMx 6K	CDC25B	-0.0012573450127779	0.1411993793351877	0.1424567243479656	0.2957947431366158	0.2634359497706562	-0.03235879336595959		0.4606121603841293	True	0.0294456556439399	False
OV_VisiumHD_FFPE_to_CosMx6K	Benchmark_02	OV	Visium HD FFPE	CosMx 6K	CDC37	-0.0016061791538125	0.0721131860311675	0.07371936518498	0.3773068275573087	0.3395391275154338	-0.03776770004187491		0.4466620043047957	True	-0.0035054259933531	False
OV_VisiumHD_FFPE_to_CosMx6K	Benchmark_02	OV	Visium HD FFPE	CosMx 6K	CDC42BPB	-0.0026759145294319	0.0510863593933683	0.053762273922800204	0.2375291916183836	0.2092070683834092	-0.028322123234974406		0.4759720916734425	True	0.000105457882455	False
OV_VisiumHD_FFPE_to_CosMx6K	Benchmark_02	OV	Visium HD FFPE	CosMx 6K	CDC5L	-0.0028449152664845	0.0279007797979824	0.0307456950644669	0.262053211618809	0.2319864601191524	-0.030066751499656624		0.4679894745346746	True	0.005425876006484	False
OV_VisiumHD_FFPE_to_CosMx6K	Benchmark_02	OV	Visium HD FFPE	CosMx 6K	CDC73	0.0004119860165865	0.0410878940329823	0.0406759080163958	0.2214719293287169	0.186387614898301	-0.0350843144304159		0.539163533190895	True	0.0080316765233874	False
OV_VisiumHD_FFPE_to_CosMx6K	Benchmark_02	OV	Visium HD FFPE	CosMx 6K	CDK1	0.0014384851471682	0.0594562187303235	0.058017733583155304	0.2196156660030353	0.1881636707394272	-0.03145199526360812		0.515382043295516	True	0.0118591273203492	False
OV_VisiumHD_FFPE_to_CosMx6K	Benchmark_02	OV	Visium HD FFPE	CosMx 6K	CDK13	0.0009784265206737	0.0419427930491282	0.0409643665284545	0.258858237910438	0.2387104515334886	-0.02014778637694939		0.3928177976824414	True	-0.0065382001921534	False
OV_VisiumHD_FFPE_to_CosMx6K	Benchmark_02	OV	Visium HD FFPE	CosMx 6K	CDK16	-0.0021977658448739	0.0814301470566682	0.0836279129015421	0.3313416311871211	0.2637366828754202	-0.06760494831170094		0.6096529685330477	True	0.019190676510334	False
OV_VisiumHD_FFPE_to_CosMx6K	Benchmark_02	OV	Visium HD FFPE	CosMx 6K	CDK4	0.0006136501662873	0.0006136501662873	0.0	0.2262460898157916	0.2262460898157916	0.0			False	0.010180652141571	False
OV_VisiumHD_FFPE_to_CosMx6K	Benchmark_02	OV	Visium HD FFPE	CosMx 6K	CDK5RAP3	-0.0011030540656536	0.0521865054968038	0.0532895595624574	0.2560792490182142	0.2075093577225983	-0.048569891295615925		0.5853841420626028	True	0.0066724414937198	False
OV_VisiumHD_FFPE_to_CosMx6K	Benchmark_02	OV	Visium HD FFPE	CosMx 6K	CEBPB	0.0005437934150965	0.1194700403492506	0.1189262469341541	0.5034444893472587	0.4712943231203336	-0.032150166226925125		0.4119341074592022	True	0.0029627603944391	False
OV_VisiumHD_FFPE_to_CosMx6K	Benchmark_02	OV	Visium HD FFPE	CosMx 6K	CEBPD	-0.0081190217935293	0.1506572063636846	0.1587762281572139	0.5139498549025439	0.4452737443292963	-0.06867611057324757		0.5107135618204722	True	0.0122291883453726	False
OV_VisiumHD_FFPE_to_CosMx6K	Benchmark_02	OV	Visium HD FFPE	CosMx 6K	CEBPG	6.574204743239618e-05	0.0358124897717068	0.0357467477242744	0.2619289647940942	0.2365550606714213	-0.02537390412267293		0.4340349985041052	True	0.0020158800762146	False
OV_VisiumHD_FFPE_to_CosMx6K	Benchmark_02	OV	Visium HD FFPE	CosMx 6K	CELSR1	0.0012559513811652	0.1166354289395005	0.1153794775583353	0.3588087764199724	0.3016067811413825	-0.05720199527858988		0.5448795158610427	True	0.0444634817540645	False
OV_VisiumHD_FFPE_to_CosMx6K	Benchmark_02	OV	Visium HD FFPE	CosMx 6K	CENPM	-0.0007600652759838	0.055787925340967	0.0565479906169508	0.2111867275929225	0.1831149934651162	-0.028071734127806308		0.4981626529739841	True	0.014694320037961	False
OV_VisiumHD_FFPE_to_CosMx6K	Benchmark_02	OV	Visium HD FFPE	CosMx 6K	CENPW	-0.0002858622436683	0.0737328989280758	0.07401876117174411	0.2624052971201525	0.2396123784124681	-0.02279291870768438		0.4101884844996268	True	-0.0009305925923399	False
OV_VisiumHD_FFPE_to_CosMx6K	Benchmark_02	OV	Visium HD FFPE	CosMx 6K	CERS2	-0.001930521810707	0.053610345619768	0.055540867430475	0.2608320150035046	0.2379386573614039	-0.02289335764210071		0.4153121752648627	True	-0.0058844513259828	False
OV_VisiumHD_FFPE_to_CosMx6K	Benchmark_02	OV	Visium HD FFPE	CosMx 6K	CERS6	9.021267501440853e-06	0.059592211315812	0.05958319004831056	0.241146190956088	0.2182991027281722	-0.022847088227915785		0.4284938370732363	True	0.0116331176832318	False
OV_VisiumHD_FFPE_to_CosMx6K	Benchmark_02	OV	Visium HD FFPE	CosMx 6K	CETN2	0.0020948915912589	0.0910657561093678	0.0889708645181089	0.3530588104780953	0.3383956901685569	-0.014663120309538369		0.3005074017463122	True	0.0044733257964253	False
OV_VisiumHD_FFPE_to_CosMx6K	Benchmark_02	OV	Visium HD FFPE	CosMx 6K	CFB	0.0074475794795188	0.3130686954206901	0.3056211159411713	0.6839463745904705	0.5202449013955613	-0.16370147319490913		0.6885138011367598	True	0.164772629737854	True
OV_VisiumHD_FFPE_to_CosMx6K	Benchmark_02	OV	Visium HD FFPE	CosMx 6K	CFI	-0.0016545907353484	0.0256874167670291	0.027342007502377502	0.3008173728480723	0.2635550997395944	-0.037262273108477906		0.4854873710417588	True	0.0049963053315877	False
OV_VisiumHD_FFPE_to_CosMx6K	Benchmark_02	OV	Visium HD FFPE	CosMx 6K	CFL2	-0.0003335165265952	0.0301422984752641	0.0304758150018593	0.2231656018572817	0.1981295059517067	-0.025036095905575012		0.4619545280532173	True	0.0041650258935987	False
OV_VisiumHD_FFPE_to_CosMx6K	Benchmark_02	OV	Visium HD FFPE	CosMx 6K	CFLAR	-0.0026043707371407	0.0512303199605532	0.0538346906976939	0.2687600504870142	0.2085723376785163	-0.060187712808497884		0.626144943500571	True	0.0035261020530015	False
OV_VisiumHD_FFPE_to_CosMx6K	Benchmark_02	OV	Visium HD FFPE	CosMx 6K	CHCHD3	-0.0029882243635385	0.0769603328146337	0.0799485571781722	0.3340997160812163	0.3164282068936277	-0.017671509187588585		0.3368637545702339	True	0.0047030830755829	False
OV_VisiumHD_FFPE_to_CosMx6K	Benchmark_02	OV	Visium HD FFPE	CosMx 6K	CHD3	0.0005289088588529	0.0710233722010915	0.0704944633422386	0.3164359651043519	0.2714666269621251	-0.04496933814222681		0.5134479585603314	True	0.007990263402462	False
OV_VisiumHD_FFPE_to_CosMx6K	Benchmark_02	OV	Visium HD FFPE	CosMx 6K	CHD4	-0.0010648983729049	-0.0010648983729049	0.0	0.2291772285773619	0.2291772285773619	0.0			False	0.0015145333018153	False
OV_VisiumHD_FFPE_to_CosMx6K	Benchmark_02	OV	Visium HD FFPE	CosMx 6K	CHI3L1	0.0064549377976802	0.2060688074816522	0.19961386968397202	0.4639547840342817	0.4020447106081707	-0.06191007342611099		0.5030770558748536	True	0.0747862681746482	False
OV_VisiumHD_FFPE_to_CosMx6K	Benchmark_02	OV	Visium HD FFPE	CosMx 6K	CHID1	0.0011265980865475	0.0387146049275198	0.0375880068409723	0.2259839284499671	0.161487678033284	-0.06449625041668308		0.7161153479046404	True	0.0045404657721519	False
OV_VisiumHD_FFPE_to_CosMx6K	Benchmark_02	OV	Visium HD FFPE	CosMx 6K	CHL1	-0.0014381803704198	0.0135383747740164	0.0149765551444362	0.2449598038359942	0.196605892781595	-0.04835391105439921		0.5964687493039328	True	0.0160363186150789	False
OV_VisiumHD_FFPE_to_CosMx6K	Benchmark_02	OV	Visium HD FFPE	CosMx 6K	CHMP1B	-0.0050567534029304	0.0403338672507152	0.0453906206536456	0.3467047688792247	0.3025379263219214	-0.0441668425573033		0.4930469387528647	True	0.0098914261907339	False
OV_VisiumHD_FFPE_to_CosMx6K	Benchmark_02	OV	Visium HD FFPE	CosMx 6K	CHMP2A	-0.0017248077967487	0.0945851241669024	0.0963099319636511	0.3441490759493491	0.3127553813549154	-0.03139369459443375		0.4275734113962438	True	-0.0040848781354725	False
OV_VisiumHD_FFPE_to_CosMx6K	Benchmark_02	OV	Visium HD FFPE	CosMx 6K	CHMP3	-0.0013484032953682	-0.0013484032953682	0.0	0.3053055005925056	0.3053055005925056	0.0			False	0.0157324522733688	False
OV_VisiumHD_FFPE_to_CosMx6K	Benchmark_02	OV	Visium HD FFPE	CosMx 6K	CHMP4A	-0.0007741050207273	0.0532206214949005	0.0539947265156278	0.2463116153438928	0.216308177568059	-0.03000343777583378		0.4800789948541868	True	0.0073917540721595	False
OV_VisiumHD_FFPE_to_CosMx6K	Benchmark_02	OV	Visium HD FFPE	CosMx 6K	CHMP4B	-0.0007280939946492	0.1046564186260015	0.1053845126206507	0.4513194476140477	0.420600500750602	-0.030718946863445673		0.388488458049729	True	0.0065929410047829	False
OV_VisiumHD_FFPE_to_CosMx6K	Benchmark_02	OV	Visium HD FFPE	CosMx 6K	CHMP7	-0.0002529447745447	0.0420862200699157	0.042339164844460396	0.2153323204353766	0.1884429713202997	-0.0268893491150769		0.4847998769305974	True	0.0051648607477545	False
OV_VisiumHD_FFPE_to_CosMx6K	Benchmark_02	OV	Visium HD FFPE	CosMx 6K	CHPT1	0.0016276777301521	0.035357114588051	0.0337294368578989	0.1714514625364543	0.1379127946131555	-0.03353866792329879		0.5938010227044497	True	0.0101538868620991	False
OV_VisiumHD_FFPE_to_CosMx6K	Benchmark_02	OV	Visium HD FFPE	CosMx 6K	CIB1	-0.0013717705534252	0.0733086149536553	0.0746803855070805	0.3218851894855032	0.2933877931165791	-0.02849739636892412		0.419901674073486	True	-0.0011241683969274	False
OV_VisiumHD_FFPE_to_CosMx6K	Benchmark_02	OV	Visium HD FFPE	CosMx 6K	CIC	0.0011379722314219	0.0429974857867931	0.041859513555371194	0.2662542830881843	0.2393138238892279	-0.02694045919895638		0.4425400742212322	True	0.0026015031617134	False
OV_VisiumHD_FFPE_to_CosMx6K	Benchmark_02	OV	Visium HD FFPE	CosMx 6K	CIITA	0.0006486902715651	0.0760064688890752	0.0753577786175101	0.215994503952336	0.1901782370390786	-0.02581626691325739		0.4751089715978338	True	0.0068246810697019	False
OV_VisiumHD_FFPE_to_CosMx6K	Benchmark_02	OV	Visium HD FFPE	CosMx 6K	CKAP4	-0.0020160883266984	0.0881295406144139	0.0901456289411123	0.2922283470187464	0.2476868981604156	-0.04454144885833081		0.5338697154762634	True	0.0061926767230033	False
OV_VisiumHD_FFPE_to_CosMx6K	Benchmark_02	OV	Visium HD FFPE	CosMx 6K	CKAP5	-0.0003307713537808	0.0592544189833516	0.059585190337132395	0.2725472049753126	0.235853594407209	-0.03669361056810361		0.5011795245781061	True	0.0061620040796697	False
OV_VisiumHD_FFPE_to_CosMx6K	Benchmark_02	OV	Visium HD FFPE	CosMx 6K	CKLF	-0.0008115999458813	0.0672104221416154	0.0680220220874967	0.3055895628195784	0.2875834422829741	-0.018006120536604275		0.3540687168794796	True	0.0012599236797541	False
OV_VisiumHD_FFPE_to_CosMx6K	Benchmark_02	OV	Visium HD FFPE	CosMx 6K	CKS1B	-0.0034102957959297	0.1192738771441483	0.12268417294007801	0.4730478583380286	0.4477465613895615	-0.02530129694846711		0.3432390118093958	True	0.0016660440014675	False
OV_VisiumHD_FFPE_to_CosMx6K	Benchmark_02	OV	Visium HD FFPE	CosMx 6K	CLDN3	8.239055352515016e-05	0.2456618938185227	0.24557950326499753	0.6098321059636003	0.5371257524374319	-0.07270635352616839		0.4782317196789103	True	0.0690208226442337	False
OV_VisiumHD_FFPE_to_CosMx6K	Benchmark_02	OV	Visium HD FFPE	CosMx 6K	CLDN4	-0.0090537325346745	0.1817217305764529	0.19077546311112742	0.5762498239181749	0.4704587398317926	-0.10579108408638233		0.5808156087973683	True	0.0669157579541206	False
OV_VisiumHD_FFPE_to_CosMx6K	Benchmark_02	OV	Visium HD FFPE	CosMx 6K	CLDN7	0.0048917019196633	0.212025925870512	0.2071342239508487	0.4914615431225711	0.406862879514501	-0.08459866360807011		0.5694543440724519	True	0.0777788683772087	False
OV_VisiumHD_FFPE_to_CosMx6K	Benchmark_02	OV	Visium HD FFPE	CosMx 6K	CLIC4	0.0002358389625873	0.0868602014624856	0.0866243624998983	0.3207625594585436	0.2601692976226857	-0.06059326183585789		0.5796543254799729	True	-0.0105602703988552	False
OV_VisiumHD_FFPE_to_CosMx6K	Benchmark_02	OV	Visium HD FFPE	CosMx 6K	CLIP1	-0.0024497443351374	0.0417467059986603	0.0441964503337977	0.2509980865226396	0.2113242120499652	-0.0396738744726744		0.5384877824492059	True	0.0108439829200506	False
OV_VisiumHD_FFPE_to_CosMx6K	Benchmark_02	OV	Visium HD FFPE	CosMx 6K	CLSTN1	0.0011266218137814	0.0011266218137814	0.0	0.2293336241800888	0.2293336241800888	0.0			False	0.0093902647495269	False
OV_VisiumHD_FFPE_to_CosMx6K	Benchmark_02	OV	Visium HD FFPE	CosMx 6K	CLTA	0.0016450470392316	0.0550127531878814	0.0533677061486498	0.3855369820616498	0.3569267616215925	-0.028610220440057343		0.3993727586848938	True	0.0109295910224318	False
OV_VisiumHD_FFPE_to_CosMx6K	Benchmark_02	OV	Visium HD FFPE	CosMx 6K	CLTB	-0.0006207844969676	-0.0006207844969676	0.0	0.2409193329588805	0.2409193329588805	0.0			False	0.0136675648391246	False
OV_VisiumHD_FFPE_to_CosMx6K	Benchmark_02	OV	Visium HD FFPE	CosMx 6K	CLU	0.0116560091707563	0.2078469498399524	0.1961909406691961	0.5416472678143659	0.4055748064768701	-0.1360724613374958		0.6780029576093587	True	0.0891497805714607	False
OV_VisiumHD_FFPE_to_CosMx6K	Benchmark_02	OV	Visium HD FFPE	CosMx 6K	CMTM6	0.0044856965750051	0.1058337790283186	0.1013480824533135	0.344365816224934	0.2916390746479766	-0.05272674157695739		0.5314146132833889	True	0.0157773792743682	False
OV_VisiumHD_FFPE_to_CosMx6K	Benchmark_02	OV	Visium HD FFPE	CosMx 6K	CNN2	0.0057245344419061	0.1138333135304384	0.1081087790885323	0.3501984689329179	0.289812383665237	-0.06038608526768091		0.5732804464358036	True	0.0133514683693647	False
OV_VisiumHD_FFPE_to_CosMx6K	Benchmark_02	OV	Visium HD FFPE	CosMx 6K	CNOT2	-0.000726084863741	0.0435320207648511	0.044258105628592094	0.2264942690052709	0.1981899699106309	-0.028304299094639995		0.4853186978855676	True	0.0024085394106805	False
OV_VisiumHD_FFPE_to_CosMx6K	Benchmark_02	OV	Visium HD FFPE	CosMx 6K	CNP	-0.0012373138653774	0.0615205382346605	0.0627578521000379	0.3025090900248851	0.2719470788909131	-0.030562011133972		0.4465963437055603	True	0.0032382109202444	False
OV_VisiumHD_FFPE_to_CosMx6K	Benchmark_02	OV	Visium HD FFPE	CosMx 6K	CNPY3	0.0027225678338832	0.0861977318040156	0.08347516397013241	0.3428675716984479	0.3141359154338055	-0.028731656264642413		0.4135693826511786	True	-0.0007002712227404	False
OV_VisiumHD_FFPE_to_CosMx6K	Benchmark_02	OV	Visium HD FFPE	CosMx 6K	COL18A1	-0.0007234932990319	0.2275068172414432	0.2282303105404751	0.4888695151385487	0.4291087884647688	-0.05976072667377991		0.5019702883270473	True	0.0165725611150264	False
OV_VisiumHD_FFPE_to_CosMx6K	Benchmark_02	OV	Visium HD FFPE	CosMx 6K	COL1A2	0.0008047498844725	0.8088310584848624	0.8080263086003898	1.1180789745443018	0.3738150300392242	-0.7442639445050776		0.9389288212242736	True	0.2904113531112671	True
OV_VisiumHD_FFPE_to_CosMx6K	Benchmark_02	OV	Visium HD FFPE	CosMx 6K	COL4A2	-0.0042382103243177	0.4737813390916183	0.478019549415936	0.5168646809543316	0.3714727277142721	-0.1453919532400595		0.7005207740788858	True	0.0340036116540432	False
OV_VisiumHD_FFPE_to_CosMx6K	Benchmark_02	OV	Visium HD FFPE	CosMx 6K	COL5A1	-0.0020591172249463	0.3813718349592546	0.38343095218420087	0.3496230938906186	0.1987851573221314	-0.15083793656848718		0.8129305190282077	True	0.057090476155281	False
OV_VisiumHD_FFPE_to_CosMx6K	Benchmark_02	OV	Visium HD FFPE	CosMx 6K	COL5A2	0.00148856314433	0.3333093551784606	0.3318207920341306	0.3213903692331595	0.2251918923511994	-0.0961984768819601		0.7151288333276243	True	0.0515713803470134	False
OV_VisiumHD_FFPE_to_CosMx6K	Benchmark_02	OV	Visium HD FFPE	CosMx 6K	COL6A1	0.0042242542872454	0.5040494487889731	0.4998251945017277	0.4886014172350387	0.3394164146430146	-0.1491850025920241		0.7256268884735839	True	0.0809713080525398	False
OV_VisiumHD_FFPE_to_CosMx6K	Benchmark_02	OV	Visium HD FFPE	CosMx 6K	COL6A2	-0.0014758039626511	0.5480650947076932	0.5495408986703443	0.5682257839429442	0.3028497061597431	-0.2653760777832011		0.8340562434462057	True	0.1218958050012588	True
OV_VisiumHD_FFPE_to_CosMx6K	Benchmark_02	OV	Visium HD FFPE	CosMx 6K	COL6A3	-0.0024227894423733	0.5354056849412439	0.5378284743836171	0.493463705588217	0.2627480187058842	-0.2307156868823328		0.8372832079369846	True	0.0965706557035446	False
OV_VisiumHD_FFPE_to_CosMx6K	Benchmark_02	OV	Visium HD FFPE	CosMx 6K	COMMD3	-0.000593264085988	0.0259063843698515	0.026499648455839502	0.2192311768732842	0.1927670986296732	-0.026464078243610994		0.4775483457994884	True	0.0049405787140131	False
OV_VisiumHD_FFPE_to_CosMx6K	Benchmark_02	OV	Visium HD FFPE	CosMx 6K	COMP	-0.002295046456112	0.2323460031371709	0.2346410495932829	0.37713360864921	0.2423117376772877	-0.13482187097192228		0.7668462543173702	True	0.131957858800888	True
OV_VisiumHD_FFPE_to_CosMx6K	Benchmark_02	OV	Visium HD FFPE	CosMx 6K	COMT	-0.0003538344198704	0.0813201183311431	0.0816739527510135	0.3062047324031605	0.2879272318051881	-0.018277500597972396		0.3613078822085829	True	0.0043168468400835	False
OV_VisiumHD_FFPE_to_CosMx6K	Benchmark_02	OV	Visium HD FFPE	CosMx 6K	COPB1	-0.0006882766885533	-0.0006882766885533	0.0	0.2431897160065277	0.2431897160065277	0.0			False	-0.0026861480437219	False
OV_VisiumHD_FFPE_to_CosMx6K	Benchmark_02	OV	Visium HD FFPE	CosMx 6K	COPS2	-0.0005038818449038	-0.0005038818449038	0.0	0.1900717201254595	0.1900717201254595	0.0			False	0.0087939919903874	False
OV_VisiumHD_FFPE_to_CosMx6K	Benchmark_02	OV	Visium HD FFPE	CosMx 6K	COPS5	0.0016313113177626	0.0648330437934944	0.0632017324757318	0.2667741682514779	0.2440741308834421	-0.022700037368035775		0.4096684866179921	True	0.0111709609627723	False
OV_VisiumHD_FFPE_to_CosMx6K	Benchmark_02	OV	Visium HD FFPE	CosMx 6K	COPS6	-0.0027616911769522	0.0651569851078579	0.0679186762848101	0.2843076749617043	0.2580801562508266	-0.026227518710877695		0.4270639650762351	True	0.0038224887102842	False
OV_VisiumHD_FFPE_to_CosMx6K	Benchmark_02	OV	Visium HD FFPE	CosMx 6K	CORO1C	0.0011151458971951	0.0864488470470814	0.08533370114988631	0.2496179589136629	0.2138654687428749	-0.03575249017078799		0.5241672521863989	True	0.0001045793032972	False
OV_VisiumHD_FFPE_to_CosMx6K	Benchmark_02	OV	Visium HD FFPE	CosMx 6K	COX14	-0.0005799415007546	0.0325463140871848	0.0331262555879394	0.2229556030517609	0.1931842357220572	-0.029771367329703702		0.5004516993601305	True	0.0018588926177471	False
OV_VisiumHD_FFPE_to_CosMx6K	Benchmark_02	OV	Visium HD FFPE	CosMx 6K	COX4I1	-0.0010894118263728	0.1372558677283669	0.1383452795547397	0.3862214591646017	0.3713381117130462	-0.014883347451555506		0.3044715778739212	True	1.1136798093502875e-05	False
OV_VisiumHD_FFPE_to_CosMx6K	Benchmark_02	OV	Visium HD FFPE	CosMx 6K	COX5B	0.0001497436590109	0.2104145273067717	0.2102647836477608	0.7087589709775287	0.6995327474051144	-0.009226223572414316		0.198502966168622	True	0.0120250042527914	False
OV_VisiumHD_FFPE_to_CosMx6K	Benchmark_02	OV	Visium HD FFPE	CosMx 6K	COX6A1	0.0009753802966704	0.2155838015583975	0.21460842126172708	0.6081007172513957	0.5766239943685001	-0.0314767228828956		0.3538324783519431	True	0.024631330743432	False
OV_VisiumHD_FFPE_to_CosMx6K	Benchmark_02	OV	Visium HD FFPE	CosMx 6K	COX6C	-0.0011609258082524	0.2076102003465794	0.2087711261548318	0.5793692971095251	0.5513302144679149	-0.028039082641610258		0.3379717060776793	True	0.0353177674114704	False
OV_VisiumHD_FFPE_to_CosMx6K	Benchmark_02	OV	Visium HD FFPE	CosMx 6K	COX7A2L	0.0020026576728431	0.0020026576728431	0.0	0.2353138216902809	0.2353138216902809	0.0			False	0.0019549226853996	False
OV_VisiumHD_FFPE_to_CosMx6K	Benchmark_02	OV	Visium HD FFPE	CosMx 6K	COX7C	-0.0015678480578506	0.0831149481254784	0.084682796183329	0.3487062332445264	0.3271528975708729	-0.021553335673653473		0.3679993198642022	True	-0.0013924367958679	False
OV_VisiumHD_FFPE_to_CosMx6K	Benchmark_02	OV	Visium HD FFPE	CosMx 6K	COX8A	-0.0014897618792321	0.1824434354297204	0.18393319730895252	0.5635687365073885	0.5476787735155875	-0.01588996299180101		0.2767254864816357	True	0.005673958454281	False
OV_VisiumHD_FFPE_to_CosMx6K	Benchmark_02	OV	Visium HD FFPE	CosMx 6K	CPNE1	0.0012372359619859	0.0260579777003061	0.0248207417383202	0.2904750153850638	0.2433653867291984	-0.047109628655865404		0.5433877404074967	True	-0.0020647298078984	False
OV_VisiumHD_FFPE_to_CosMx6K	Benchmark_02	OV	Visium HD FFPE	CosMx 6K	CPNE3	-0.0021108114347338	0.0620181948152004	0.0641290062499342	0.2787142787598077	0.2408218799338428	-0.0378923988259649		0.5032888749098865	True	0.0155024174600839	False
OV_VisiumHD_FFPE_to_CosMx6K	Benchmark_02	OV	Visium HD FFPE	CosMx 6K	CPSF7	0.000133627282772	0.0496718525941513	0.0495382253113793	0.2839646253879368	0.2476790102156449	-0.036285615172291924		0.4896347912065878	True	0.0119593627750873	False
OV_VisiumHD_FFPE_to_CosMx6K	Benchmark_02	OV	Visium HD FFPE	CosMx 6K	CRABP2	-0.0051497676448945	0.3601030168073001	0.3652527844521946	0.7292239189359965	0.561690553628454	-0.16753336530754248		0.6574874571608315	True	0.1437301784753799	True
OV_VisiumHD_FFPE_to_CosMx6K	Benchmark_02	OV	Visium HD FFPE	CosMx 6K	CRCP	-0.0039112079122227	0.0476087694941347	0.0515199774063574	0.2184068255076051	0.1905089588466695	-0.027897866660935605		0.4894027571168342	True	0.0042372080497443	False
OV_VisiumHD_FFPE_to_CosMx6K	Benchmark_02	OV	Visium HD FFPE	CosMx 6K	CREG1	0.00347290787335	0.1401206125878411	0.1366477047144911	0.375193862410014	0.3315482527269974	-0.04364560968301662		0.4775180531553341	True	0.0177664682269096	False
OV_VisiumHD_FFPE_to_CosMx6K	Benchmark_02	OV	Visium HD FFPE	CosMx 6K	CREM	-0.0003615833481575	0.0389285700015361	0.0392901533496936	0.2292331800795765	0.1898961607853957	-0.03933701929418079		0.5584635902911649	True	-0.0039382027462124	False
OV_VisiumHD_FFPE_to_CosMx6K	Benchmark_02	OV	Visium HD FFPE	CosMx 6K	CRIP1	0.0063477880357412	0.1253097888528829	0.11896200081714171	0.3926329083895377	0.3754342643864252	-0.017198644003112495		0.3189240744745683	True	0.0063273780979216	False
OV_VisiumHD_FFPE_to_CosMx6K	Benchmark_02	OV	Visium HD FFPE	CosMx 6K	CRK	-0.0006222663566633	0.0437966742864887	0.044418940643152	0.2880877133458539	0.2615926811339161	-0.02649503221193783		0.4268546227783915	True	-0.0021630127448588	False
OV_VisiumHD_FFPE_to_CosMx6K	Benchmark_02	OV	Visium HD FFPE	CosMx 6K	CRKL	0.0024479745252744	0.0369598028725872	0.0345118283473128	0.2393299369513302	0.2123568674923535	-0.026973069458976706		0.4639277629539565	True	0.0016773256938904	False
OV_VisiumHD_FFPE_to_CosMx6K	Benchmark_02	OV	Visium HD FFPE	CosMx 6K	CRLS1	-0.0002703908365095	0.0334666826845956	0.0337370735211051	0.2416525931562242	0.2024926461118794	-0.039159947044344806		0.5439657366130995	True	0.0153548810631036	False
OV_VisiumHD_FFPE_to_CosMx6K	Benchmark_02	OV	Visium HD FFPE	CosMx 6K	CRTC3	-0.0013031152312226	0.0519300844480758	0.0532331996792984	0.2678267772744921	0.2476390314128866	-0.020187745861605516		0.3909400606161504	True	-0.0031262345146387	False
OV_VisiumHD_FFPE_to_CosMx6K	Benchmark_02	OV	Visium HD FFPE	CosMx 6K	CSNK1D	-0.0002807877235414	0.0435431255872194	0.0438239133107608	0.3182000061555457	0.2775611576272518	-0.040638848528293914		0.4907418902974089	True	0.0077715199440717	False
OV_VisiumHD_FFPE_to_CosMx6K	Benchmark_02	OV	Visium HD FFPE	CosMx 6K	CSNK1E	0.0016709770155764	0.0680878372818996	0.0664168602663232	0.3931494847448697	0.3684125860629141	-0.02473689868195561		0.3665084368568228	True	0.0217975080013275	False
OV_VisiumHD_FFPE_to_CosMx6K	Benchmark_02	OV	Visium HD FFPE	CosMx 6K	CSNK2B	-0.0008419689112242	0.0763915314825065	0.07723350039373071	0.3345910808333957	0.3126043113655975	-0.021986769467798206		0.3728208983733541	True	0.0006911683012731	False
OV_VisiumHD_FFPE_to_CosMx6K	Benchmark_02	OV	Visium HD FFPE	CosMx 6K	CST3	-0.0013844758688739	0.2016971421616792	0.2030816180305531	0.4364742281149401	0.3726885798573028	-0.06378564825763727		0.5273113560075954	True	0.035622488707304	False
OV_VisiumHD_FFPE_to_CosMx6K	Benchmark_02	OV	Visium HD FFPE	CosMx 6K	CTBP2	-0.00245811969133	0.0657709374864767	0.0682290571778067	0.3877582150006922	0.3649947081955604	-0.022763506805131783		0.3545639069364916	True	-0.0006113430135883	False
OV_VisiumHD_FFPE_to_CosMx6K	Benchmark_02	OV	Visium HD FFPE	CosMx 6K	CTDSP2	-0.0013242140293391	-0.0013242140293391	0.0	0.2237148175765605	0.2237148175765605	0.0			False	0.003550084773451	False
OV_VisiumHD_FFPE_to_CosMx6K	Benchmark_02	OV	Visium HD FFPE	CosMx 6K	CTNNA1	-0.0044961842600534	0.1269571748672321	0.1314533591272855	0.4744772261344954	0.4315029735926909	-0.04297425254180448		0.4302260624011391	True	0.0296316817402839	False
OV_VisiumHD_FFPE_to_CosMx6K	Benchmark_02	OV	Visium HD FFPE	CosMx 6K	CTNNB1	0.0018535802483154	0.0479233361554083	0.046069755907092905	0.3676341623085394	0.3369946569397328	-0.030639505368806608		0.4168846715155217	True	0.0014050871832296	False
OV_VisiumHD_FFPE_to_CosMx6K	Benchmark_02	OV	Visium HD FFPE	CosMx 6K	CTNND1	0.0015405540150913	0.0346176596048705	0.0330771055897792	0.2992161567539245	0.216488384774471	-0.0827277719794535		0.7324464597339343	True	0.026185717433691	False
OV_VisiumHD_FFPE_to_CosMx6K	Benchmark_02	OV	Visium HD FFPE	CosMx 6K	CTSA	-0.0004827981895131	0.1089856457394638	0.10946844392897691	0.3333513751127012	0.2831072529698098	-0.05024412214289137		0.527142999351652	True	0.0047346777282655	False
OV_VisiumHD_FFPE_to_CosMx6K	Benchmark_02	OV	Visium HD FFPE	CosMx 6K	CTSB	0.0026769915948505	0.4187032808930818	0.41602628929823127	0.6619490966896797	0.4967313044595848	-0.16521779223009492		0.656233168748022	True	0.0268299896270036	False
OV_VisiumHD_FFPE_to_CosMx6K	Benchmark_02	OV	Visium HD FFPE	CosMx 6K	CTSC	0.0063047652711025	0.0269529717672713	0.020648206496168803	0.3503194229714553	0.3237091162728745	-0.026610306698580777		0.4136716170005347	True	0.0102268410846591	False
OV_VisiumHD_FFPE_to_CosMx6K	Benchmark_02	OV	Visium HD FFPE	CosMx 6K	CTSD	0.003266332283011	0.3957164343675524	0.3924501020845414	0.5795762589931378	0.5392504178186794	-0.040325841174458366		0.4323058671559489	True	0.0059138089418411	False
OV_VisiumHD_FFPE_to_CosMx6K	Benchmark_02	OV	Visium HD FFPE	CosMx 6K	CTSF	0.0011524700893322	0.0414210606940317	0.040268590604699506	0.2377740789895785	0.2164739878537222	-0.02130009113585629		0.4180034760559861	True	0.0071437191218137	False
OV_VisiumHD_FFPE_to_CosMx6K	Benchmark_02	OV	Visium HD FFPE	CosMx 6K	CTSL	-0.0024430120931676	0.3018936532844355	0.3043366653776031	0.410524039961861	0.3391267462375482	-0.0713972937243128		0.5820501639463753	True	0.0170801132917404	False
OV_VisiumHD_FFPE_to_CosMx6K	Benchmark_02	OV	Visium HD FFPE	CosMx 6K	CTSS	-0.0015250301098362	0.1874225110796216	0.1889475411894578	0.2907024412545563	0.2513487026414795	-0.03935373861307678		0.5138636097608019	True	0.0124684860929846	False
OV_VisiumHD_FFPE_to_CosMx6K	Benchmark_02	OV	Visium HD FFPE	CosMx 6K	CTSZ	0.0039863217082866	0.2190707622473115	0.2150844405390249	0.3807325127503136	0.3008407827246614	-0.0798917300256522		0.6071744321291987	True	0.0092539386823773	False
OV_VisiumHD_FFPE_to_CosMx6K	Benchmark_02	OV	Visium HD FFPE	CosMx 6K	CTTN	0.0006480604257944	0.0565710612094868	0.0559230007836924	0.3935926416949123	0.3043024493898624	-0.08929019230504992		0.6386649044780972	True	0.0042249653488397	False
OV_VisiumHD_FFPE_to_CosMx6K	Benchmark_02	OV	Visium HD FFPE	CosMx 6K	CUL1	0.0037705360041561	0.0715327422554825	0.06776220625132641	0.2589641578538204	0.2257729200140792	-0.03319123783974118		0.4909079348745197	True	-0.0055647613480687	False
OV_VisiumHD_FFPE_to_CosMx6K	Benchmark_02	OV	Visium HD FFPE	CosMx 6K	CUL2	-0.0021468746912598	0.0480314667947309	0.0501783414859907	0.2443397066329123	0.2205105699332812	-0.023829136699631104		0.435216082380312	True	0.0025344879832118	False
OV_VisiumHD_FFPE_to_CosMx6K	Benchmark_02	OV	Visium HD FFPE	CosMx 6K	CUL3	-0.0009258522712848	0.0187739515939149	0.019699803865199702	0.2248397205809621	0.2002909721927146	-0.0245487483882475		0.457966364738161	True	0.0036520701833069	False
OV_VisiumHD_FFPE_to_CosMx6K	Benchmark_02	OV	Visium HD FFPE	CosMx 6K	CUL5	0.0010268272200837	0.0486526490556808	0.0476258218355971	0.235605553203708	0.2080130357044438	-0.027592517499264196		0.4710201779368674	True	0.0055040558800101	False
OV_VisiumHD_FFPE_to_CosMx6K	Benchmark_02	OV	Visium HD FFPE	CosMx 6K	CUX1	-0.0030926635840201	0.041698407011741	0.044791070595761096	0.2649130290465279	0.2205854243736301	-0.044327604672897813		0.5514665496523798	True	0.0054017947986721	False
OV_VisiumHD_FFPE_to_CosMx6K	Benchmark_02	OV	Visium HD FFPE	CosMx 6K	CWC15	0.0002976389785102	0.0518234318750973	0.051525792896587104	0.3088022026256868	0.2738548598460064	-0.034947342779680424		0.4659085419724341	True	0.0055666156113147	False
OV_VisiumHD_FFPE_to_CosMx6K	Benchmark_02	OV	Visium HD FFPE	CosMx 6K	CXCL16	0.0003527455077155	0.1068379724635483	0.1064852269558328	0.28073960197938	0.2288955147752863	-0.051844087204093725		0.5778081556818058	True	0.0198389589786529	False
OV_VisiumHD_FFPE_to_CosMx6K	Benchmark_02	OV	Visium HD FFPE	CosMx 6K	CXCL17	0.0025796831465112	0.2896588071380132	0.287079123991502	0.5332697880000958	0.4712731772808919	-0.061996610719203926		0.4749527280090232	True	0.0706016048789024	False
OV_VisiumHD_FFPE_to_CosMx6K	Benchmark_02	OV	Visium HD FFPE	CosMx 6K	CXXC5	-0.0008908342857232	0.1094812868486751	0.1103721211343983	0.3490036519056302	0.3034828195941821	-0.0455208323114481		0.4940127098477405	True	0.0273188780993223	False
OV_VisiumHD_FFPE_to_CosMx6K	Benchmark_02	OV	Visium HD FFPE	CosMx 6K	CYB5B	-0.0022135087211514	0.0288818969363583	0.0310954056575097	0.2326782875577701	0.1952890730200303	-0.0373892145377398		0.5421989938160857	True	-0.0008002096437849	False
OV_VisiumHD_FFPE_to_CosMx6K	Benchmark_02	OV	Visium HD FFPE	CosMx 6K	CYB5R1	0.0021237034379094	0.053219415189246	0.0510957117513366	0.21664028415778	0.193776302408844	-0.022863981748936002		0.4489752998224252	True	0.0218503195792436	False
OV_VisiumHD_FFPE_to_CosMx6K	Benchmark_02	OV	Visium HD FFPE	CosMx 6K	CYB5R3	0.0010625279080183	0.0010625279080183	0.0	0.3056762194286406	0.3056762194286406	0.0			False	0.0009455368272028	False
OV_VisiumHD_FFPE_to_CosMx6K	Benchmark_02	OV	Visium HD FFPE	CosMx 6K	CYBA	-0.0008832196471941	0.2019666616205563	0.2028498812677504	0.4191792500329123	0.3818775898013944	-0.037301660231517875		0.4344445509718431	True	0.0304700825363397	False
OV_VisiumHD_FFPE_to_CosMx6K	Benchmark_02	OV	Visium HD FFPE	CosMx 6K	CYC1	-0.0028432457967653	0.1296158856774626	0.1324591314742279	0.3908665989282121	0.3206951583081333	-0.0701714406200788		0.5737340072242592	True	0.0360932685434818	False
OV_VisiumHD_FFPE_to_CosMx6K	Benchmark_02	OV	Visium HD FFPE	CosMx 6K	CYFIP1	7.541589583128471e-06	0.0478809816350018	0.04787344004541867	0.2253944227403759	0.199163320287329	-0.02623110245304691		0.4726669210552724	True	-0.0069747352972626	False
OV_VisiumHD_FFPE_to_CosMx6K	Benchmark_02	OV	Visium HD FFPE	CosMx 6K	CYP1B1	0.001979438062097	0.0462521541936811	0.0442727161315841	0.2176686940029407	0.1831585080233609	-0.034510185979579805		0.5395601979081641	True	0.0253147631883621	False
OV_VisiumHD_FFPE_to_CosMx6K	Benchmark_02	OV	Visium HD FFPE	CosMx 6K	CYP4B1	0.0023984535315108	0.0790957219148195	0.0766972683833087	0.2535713974569669	0.2256420108465786	-0.027929386610388296		0.4558380456699397	True	0.0307857915759086	False
OV_VisiumHD_FFPE_to_CosMx6K	Benchmark_02	OV	Visium HD FFPE	CosMx 6K	CYTH1	0.0029899000462611	0.0435576011062487	0.040567701059987596	0.2405770883461168	0.2091574656297599	-0.0314196227163569		0.497715548449817	True	-0.0063408627174794	False
OV_VisiumHD_FFPE_to_CosMx6K	Benchmark_02	OV	Visium HD FFPE	CosMx 6K	CYTH2	-0.0022817526585034	0.0191027258701631	0.021384478528666498	0.2397280537116864	0.2000419820886928	-0.03968607162299359		0.5493752712568821	True	0.004499739035964	False
OV_VisiumHD_FFPE_to_CosMx6K	Benchmark_02	OV	Visium HD FFPE	CosMx 6K	DAXX	0.0019337862782936	0.0332861666737087	0.031352380395415096	0.2066975837317102	0.1802879843451715	-0.026409599386538724		0.4898959021981226	True	0.0010168110020458	False
OV_VisiumHD_FFPE_to_CosMx6K	Benchmark_02	OV	Visium HD FFPE	CosMx 6K	DCN	-0.0061916097831893	0.5978246554547125	0.6040162652379019	0.5309807944367803	0.3325555620422053	-0.19842523239457494		0.7882090670501111	True	0.1328815966844558	True
OV_VisiumHD_FFPE_to_CosMx6K	Benchmark_02	OV	Visium HD FFPE	CosMx 6K	DCTN1	-0.0006735535679829	0.0543662701174479	0.0550398236854308	0.324978783538181	0.2993485304263218	-0.02563025311185918		0.4027525283193942	True	-0.0054279998876154	False
OV_VisiumHD_FFPE_to_CosMx6K	Benchmark_02	OV	Visium HD FFPE	CosMx 6K	DCTN2	0.0013766248179102	0.0013766248179102	0.0	0.1839172973730588	0.1839172973730588	0.0			False	0.0081040123477578	False
OV_VisiumHD_FFPE_to_CosMx6K	Benchmark_02	OV	Visium HD FFPE	CosMx 6K	DCTN4	0.0005400790376304	0.0291654500987886	0.0286253710611582	0.2342954752532381	0.203642842084004	-0.03065263316923411		0.4961594742580756	True	-0.0042542149312794	False
OV_VisiumHD_FFPE_to_CosMx6K	Benchmark_02	OV	Visium HD FFPE	CosMx 6K	DCTN6	-0.0017842558511229	0.0421615376554437	0.0439457935065666	0.2420467579267289	0.2172154172037695	-0.024831340722959394		0.4448965682741611	True	0.0115503007546067	False
OV_VisiumHD_FFPE_to_CosMx6K	Benchmark_02	OV	Visium HD FFPE	CosMx 6K	DDAH2	-0.0006013634469148	0.0891360874447103	0.0897374508916251	0.3326158095787888	0.2806433114887202	-0.0519724980900686		0.5352848179585762	True	0.0244584307074546	False
OV_VisiumHD_FFPE_to_CosMx6K	Benchmark_02	OV	Visium HD FFPE	CosMx 6K	DDB1	0.00115368111477	0.0879877831457529	0.0868341020309829	0.3200781186869144	0.2763034429591636	-0.04377467572775079		0.5046072250624912	True	0.0065431436523795	False
OV_VisiumHD_FFPE_to_CosMx6K	Benchmark_02	OV	Visium HD FFPE	CosMx 6K	DDIT4	-0.0013684214171831	0.077953477003877	0.0793218984210601	0.3136722110538801	0.254974618395701	-0.05869759265817909		0.583424604112007	True	0.0157242957502603	False
OV_VisiumHD_FFPE_to_CosMx6K	Benchmark_02	OV	Visium HD FFPE	CosMx 6K	DDR1	-0.0008708386268947	0.1303637091085646	0.13123454773545928	0.3227871383222154	0.2796013654618222	-0.04318577286039321		0.4996865352386154	True	0.037181332707405	False
OV_VisiumHD_FFPE_to_CosMx6K	Benchmark_02	OV	Visium HD FFPE	CosMx 6K	DDRGK1	0.0019130328787845	0.1222684704075958	0.1203554375288113	0.3606499392740423	0.3374289243366676	-0.023221014937374718		0.3671381734371741	True	0.0064012482762336	False
OV_VisiumHD_FFPE_to_CosMx6K	Benchmark_02	OV	Visium HD FFPE	CosMx 6K	DDT	-0.0004023905507975	0.1029167625472819	0.10331915309807939	0.359745232191579	0.3178412730818825	-0.04190395910969652		0.4705150904474374	True	0.0179231949150562	False
OV_VisiumHD_FFPE_to_CosMx6K	Benchmark_02	OV	Visium HD FFPE	CosMx 6K	DDX24	-0.0013596879702644	0.0417069716771569	0.043066659647421304	0.2805826108914509	0.2483257122774844	-0.03225689861396652		0.4690241020561319	True	0.0010963012464344	False
OV_VisiumHD_FFPE_to_CosMx6K	Benchmark_02	OV	Visium HD FFPE	CosMx 6K	DDX39A	0.0002138137038545	0.0713836132004968	0.0711697994966423	0.2535739142102956	0.223119465898812	-0.030454448311483612		0.476268645999144	True	0.004071379546076	False
OV_VisiumHD_FFPE_to_CosMx6K	Benchmark_02	OV	Visium HD FFPE	CosMx 6K	DDX3X	-0.001321281705819	0.0411978048667863	0.0425190865726053	0.2535826999338357	0.2233227468791784	-0.030259953054657285		0.4774624170433816	True	0.007279991172254	False
OV_VisiumHD_FFPE_to_CosMx6K	Benchmark_02	OV	Visium HD FFPE	CosMx 6K	DDX42	-0.0014352077283586	0.0562325093601227	0.0576677170884813	0.3167801779124549	0.2907559328076352	-0.02602424510481971		0.406213185104386	True	-0.0032185569871217	False
OV_VisiumHD_FFPE_to_CosMx6K	Benchmark_02	OV	Visium HD FFPE	CosMx 6K	DDX46	-0.0005206037599495	0.0515986033241606	0.0521192070841101	0.2493365320730955	0.212084135908306	-0.03725239616478951		0.5251763565838463	True	0.002212535822764	False
OV_VisiumHD_FFPE_to_CosMx6K	Benchmark_02	OV	Visium HD FFPE	CosMx 6K	DDX6	0.0009608833429757	0.0309884834648982	0.0300276001219225	0.2900867456542297	0.2683693525685339	-0.021717393085695813		0.3913912514270878	True	0.0030386301223188	False
OV_VisiumHD_FFPE_to_CosMx6K	Benchmark_02	OV	Visium HD FFPE	CosMx 6K	DECR1	-0.0025202686870051	0.0684895428549819	0.071009811541987	0.2678784000192042	0.218297612091112	-0.0495807879280922		0.577997708478219	True	0.0244083181023597	False
OV_VisiumHD_FFPE_to_CosMx6K	Benchmark_02	OV	Visium HD FFPE	CosMx 6K	DEFB1	0.0071530188808768	0.2369012945833495	0.2297482757024727	0.4001014079089764	0.3429189182583778	-0.057182489650598634		0.5164102460487829	True	0.0731962025165557	False
OV_VisiumHD_FFPE_to_CosMx6K	Benchmark_02	OV	Visium HD FFPE	CosMx 6K	DEGS1	-0.0014246981518459	0.0726512139415329	0.0740759120933788	0.2337518301776013	0.1953479286002722	-0.03840390157732909		0.547005736606125	True	-0.002797607332468	False
OV_VisiumHD_FFPE_to_CosMx6K	Benchmark_02	OV	Visium HD FFPE	CosMx 6K	DERL1	0.0001291029223284	0.0969916451372425	0.0968625422149141	0.3096706116771426	0.2741524187531364	-0.03551819292400621		0.4677401356101869	True	0.0082937767729163	False
OV_VisiumHD_FFPE_to_CosMx6K	Benchmark_02	OV	Visium HD FFPE	CosMx 6K	DERL2	-0.0022185086437026	0.01482746388149	0.0170459725251926	0.1701278624408336	0.1362445415178967	-0.033883320922936916		0.5985532375721593	True	0.0028407061472535	False
OV_VisiumHD_FFPE_to_CosMx6K	Benchmark_02	OV	Visium HD FFPE	CosMx 6K	DHCR24	0.0047188430097198	0.1133581877774945	0.1086393447677747	0.3149336719495886	0.2817330821836101	-0.033200589765978505		0.4482086487388933	True	0.0272283125668764	False
OV_VisiumHD_FFPE_to_CosMx6K	Benchmark_02	OV	Visium HD FFPE	CosMx 6K	DHX15	0.0007005427892371	0.0325811165847484	0.031880573795511305	0.3073334354918899	0.2711573516714143	-0.0361760838204756		0.4736373920054379	True	-0.0021165101788938	False
OV_VisiumHD_FFPE_to_CosMx6K	Benchmark_02	OV	Visium HD FFPE	CosMx 6K	DHX36	-0.0003112170312061	0.0683368070496709	0.068648024080877	0.2899594030141356	0.2562323668460204	-0.033727036168115176		0.4702582570333483	True	0.0009247107664123	False
OV_VisiumHD_FFPE_to_CosMx6K	Benchmark_02	OV	Visium HD FFPE	CosMx 6K	DHX8	0.0014100188433463	0.0301450476048355	0.028735028761489197	0.2399560551436087	0.2145766705585163	-0.025379384585092396		0.4504767102687126	True	0.0009630831773392	False
OV_VisiumHD_FFPE_to_CosMx6K	Benchmark_02	OV	Visium HD FFPE	CosMx 6K	DHX9	-0.0011872243375335	0.0466567394112129	0.0478439637487464	0.2384224707559483	0.1887139058590514	-0.0497085648968969		0.6123703608818972	True	0.0019543573725968	False
OV_VisiumHD_FFPE_to_CosMx6K	Benchmark_02	OV	Visium HD FFPE	CosMx 6K	DIAPH1	-0.0025895902074311	0.0690690480419396	0.0716586382493707	0.2858123309090828	0.2594255954713628	-0.02638673543772002		0.4244530169399307	True	0.0108984317630529	False
OV_VisiumHD_FFPE_to_CosMx6K	Benchmark_02	OV	Visium HD FFPE	CosMx 6K	DIDO1	0.0018806565393759	0.0651573512980453	0.0632766947586694	0.2722510575839607	0.2393812869371252	-0.03286977064683547		0.4777571119381977	True	-0.0074785253964364	False
OV_VisiumHD_FFPE_to_CosMx6K	Benchmark_02	OV	Visium HD FFPE	CosMx 6K	DKC1	-5.670151383273493e-05	0.0881603210962615	0.08821702261009423	0.3267181047417042	0.2819308206369496	-0.04478728410475463		0.5051254891460853	True	0.0235748998820781	False
OV_VisiumHD_FFPE_to_CosMx6K	Benchmark_02	OV	Visium HD FFPE	CosMx 6K	DLD	-0.0003497703081543	0.0642076751350001	0.06455744544315441	0.2528980307782201	0.210790809156527	-0.042107221621693086		0.5512967743462991	True	0.0134270554408431	False
OV_VisiumHD_FFPE_to_CosMx6K	Benchmark_02	OV	Visium HD FFPE	CosMx 6K	DLG1	0.0001291716490277	0.0554653620875998	0.0553361904385721	0.267424410024593	0.2339346693506347	-0.033489740673958296		0.4850863254632895	True	0.0092550721019506	False
OV_VisiumHD_FFPE_to_CosMx6K	Benchmark_02	OV	Visium HD FFPE	CosMx 6K	DNAJA1	0.0019398900215498	0.0632093309079948	0.061269440886444995	0.4426917962718052	0.427338188061406	-0.015353608210399217		0.3021577372657801	True	0.0021741087548434	False
OV_VisiumHD_FFPE_to_CosMx6K	Benchmark_02	OV	Visium HD FFPE	CosMx 6K	DNAJA2	-0.0025233880528158	0.0290026048843084	0.0315259929371242	0.251861281465621	0.2146724382773936	-0.03718884318822738		0.5229088858233137	True	0.0181015636771917	False
OV_VisiumHD_FFPE_to_CosMx6K	Benchmark_02	OV	Visium HD FFPE	CosMx 6K	DNAJB1	-0.0092077990534031	0.0820581935871606	0.0912659926405637	0.4417551504997552	0.3860271395604546	-0.05572801093930063		0.4946600494717903	True	0.0316199697554111	False
OV_VisiumHD_FFPE_to_CosMx6K	Benchmark_02	OV	Visium HD FFPE	CosMx 6K	DNAJB11	0.0039050156424631	0.0781812755693206	0.0742762599268575	0.2891928231638328	0.2436098195396625	-0.04558300362417034		0.5369212153535786	True	0.0060851578600704	False
OV_VisiumHD_FFPE_to_CosMx6K	Benchmark_02	OV	Visium HD FFPE	CosMx 6K	DNAJC10	-9.494836755682897e-05	0.0353130221431386	0.03540797051069543	0.2494059207824816	0.2281064485569896	-0.021299472225492		0.4108299028113301	True	-0.0043366947211325	False
OV_VisiumHD_FFPE_to_CosMx6K	Benchmark_02	OV	Visium HD FFPE	CosMx 6K	DNAJC3	0.0005353099824793	0.0005353099824793	0.0	0.2116330571021179	0.2116330571021179	0.0			False	-0.0014654556289315	False
OV_VisiumHD_FFPE_to_CosMx6K	Benchmark_02	OV	Visium HD FFPE	CosMx 6K	DNAJC5	-0.0001846534770965	0.0942989815455509	0.0944836350226474	0.3619811417460655	0.3354337394905579	-0.026547402255507613		0.3891260516704573	True	0.0097319409251213	False
OV_VisiumHD_FFPE_to_CosMx6K	Benchmark_02	OV	Visium HD FFPE	CosMx 6K	DNAJC7	-0.0038926564531105	0.0375367996261645	0.041429456079275	0.2478902455389879	0.2063590440379098	-0.041531201501078086		0.5522578647126678	True	0.0014752944698557	False
OV_VisiumHD_FFPE_to_CosMx6K	Benchmark_02	OV	Visium HD FFPE	CosMx 6K	DNASE2	-0.0008789253262146	0.0609562125323244	0.061835137858539	0.233781142223529	0.2044031626431884	-0.029377979580340607		0.486131284031787	True	0.0010616166982799	False
OV_VisiumHD_FFPE_to_CosMx6K	Benchmark_02	OV	Visium HD FFPE	CosMx 6K	DNM1L	-0.0012484747283048	0.0479194374285497	0.049167912156854496	0.2834854156873929	0.2526678828664185	-0.03081753282097438		0.4573741916018746	True	0.0064184288494288	False
OV_VisiumHD_FFPE_to_CosMx6K	Benchmark_02	OV	Visium HD FFPE	CosMx 6K	DNM2	-0.0004240567787411	0.0645392299336526	0.06496328671239371	0.2927009951899186	0.2474104925137286	-0.04529050267619		0.5328569959666708	True	0.0048644538037478	False
OV_VisiumHD_FFPE_to_CosMx6K	Benchmark_02	OV	Visium HD FFPE	CosMx 6K	DNMT1	-0.0008414695629399	0.0377792845911481	0.038620754154088	0.1941654748246974	0.1634680945897705	-0.030697380234926908		0.538978639069166	True	0.0012746963184326	False
OV_VisiumHD_FFPE_to_CosMx6K	Benchmark_02	OV	Visium HD FFPE	CosMx 6K	DOCK9	-0.0003367544307187	0.0567761219927749	0.0571128764234936	0.2015630624612244	0.1706173273323118	-0.030945735128912605		0.5315775364104782	True	0.0050025177188217	False
OV_VisiumHD_FFPE_to_CosMx6K	Benchmark_02	OV	Visium HD FFPE	CosMx 6K	DPP7	0.0007231500128465	0.0007231500128465	0.0	0.2248673875005493	0.2248673875005493	0.0			False	0.0017458014190196	False
OV_VisiumHD_FFPE_to_CosMx6K	Benchmark_02	OV	Visium HD FFPE	CosMx 6K	DPY30	-0.0014036180712858	0.0422397872463737	0.0436434053176595	0.2760499464724597	0.2544741789775207	-0.021575767494938947		0.3978498169527485	True	0.0008904681890271	False
OV_VisiumHD_FFPE_to_CosMx6K	Benchmark_02	OV	Visium HD FFPE	CosMx 6K	DRAP1	0.0002997870264069	0.0802174155309585	0.0799176285045516	0.3602085391973079	0.3021908869638437	-0.05801765223346417		0.5410851723604022	True	0.0069764307700097	False
OV_VisiumHD_FFPE_to_CosMx6K	Benchmark_02	OV	Visium HD FFPE	CosMx 6K	DSC2	0.0010782778778033	0.0660956303713609	0.0650173524935576	0.2157644070257819	0.1922418480729213	-0.023522558952860595		0.4547064409049655	True	0.0034813706297427	False
OV_VisiumHD_FFPE_to_CosMx6K	Benchmark_02	OV	Visium HD FFPE	CosMx 6K	DSP	0.0039746037242664	0.1807251928777511	0.1767505891534847	0.5378328720638801	0.4374132681455781	-0.10041960391830196		0.5968752060811185	True	0.0848012715578079	False
OV_VisiumHD_FFPE_to_CosMx6K	Benchmark_02	OV	Visium HD FFPE	CosMx 6K	DTX3L	0.0004196629415036	0.0004196629415036	0.0	0.2303463830818634	0.2303463830818634	0.0			False	-0.0075945225544273	False
OV_VisiumHD_FFPE_to_CosMx6K	Benchmark_02	OV	Visium HD FFPE	CosMx 6K	DUSP1	0.0047961417464211	0.1679174043258307	0.1631212625794096	0.6209841334159156	0.5176336045458564	-0.10335052887005924		0.5638622386957728	True	0.0689320787787437	False
OV_VisiumHD_FFPE_to_CosMx6K	Benchmark_02	OV	Visium HD FFPE	CosMx 6K	DUSP6	-0.0028744284195366	0.0687405879941259	0.0716150164136625	0.2854480856483432	0.2593998880500205	-0.026048197598322664		0.4244115930325174	True	0.012448008172214	False
OV_VisiumHD_FFPE_to_CosMx6K	Benchmark_02	OV	Visium HD FFPE	CosMx 6K	DVL3	0.0012911170237904	0.0517858664584784	0.050494749434688	0.3119933171135592	0.2774602824866469	-0.03453303462691232		0.4621940407272794	True	-0.0068660639226436	False
OV_VisiumHD_FFPE_to_CosMx6K	Benchmark_02	OV	Visium HD FFPE	CosMx 6K	DYNC1I2	-0.000988026266235	0.0498949387759041	0.0508829650421391	0.311092655952615	0.2665260931916585	-0.044566562760956496		0.5151109532148477	True	-0.0018598869210109	False
OV_VisiumHD_FFPE_to_CosMx6K	Benchmark_02	OV	Visium HD FFPE	CosMx 6K	DYNC1LI1	0.000126543088985	0.0417256891938544	0.0415991461048694	0.2340453410515477	0.2120612806202494	-0.021984060431298302		0.4264166633382732	True	0.0105153135955333	False
OV_VisiumHD_FFPE_to_CosMx6K	Benchmark_02	OV	Visium HD FFPE	CosMx 6K	DYNC1LI2	-0.0003227135037985	0.0249687410310345	0.025291454534833002	0.2662736098157393	0.2190836829513301	-0.047189926864409176		0.5648344394415624	True	0.0024328604340553	False
OV_VisiumHD_FFPE_to_CosMx6K	Benchmark_02	OV	Visium HD FFPE	CosMx 6K	DYNLL2	-0.0011255398026031	0.0491338756947133	0.0502594154973164	0.3115383242592184	0.2288211086921913	-0.0827172155670271		0.7130827380286815	True	0.0226530097424983	False
OV_VisiumHD_FFPE_to_CosMx6K	Benchmark_02	OV	Visium HD FFPE	CosMx 6K	DYNLT1	-0.0007563330048146	0.0549338404604731	0.0556901734652877	0.264914841866038	0.2342979764066524	-0.030616865459385578		0.4729433496145616	True	-0.0010745173785835	False
OV_VisiumHD_FFPE_to_CosMx6K	Benchmark_02	OV	Visium HD FFPE	CosMx 6K	DYRK1A	-0.0023459793345974	0.0385696572214757	0.040915636556073096	0.2405517407405223	0.2037251944719049	-0.036826546268617394		0.530679701013915	True	-0.0046124476939439	False
OV_VisiumHD_FFPE_to_CosMx6K	Benchmark_02	OV	Visium HD FFPE	CosMx 6K	E2F3	0.002558235255741	0.0905412643409329	0.0879830290851919	0.3346277698361001	0.3159253803398261	-0.018702389496274008		0.341398337967139	True	0.0065025095827877	False
OV_VisiumHD_FFPE_to_CosMx6K	Benchmark_02	OV	Visium HD FFPE	CosMx 6K	ECHS1	0.0022891670343582	0.0928247986425987	0.09053563160824049	0.3584025729806492	0.2994614104085534	-0.05894116257209581		0.5485652637700936	True	0.0243673138320446	False
OV_VisiumHD_FFPE_to_CosMx6K	Benchmark_02	OV	Visium HD FFPE	CosMx 6K	ECI1	0.0008236168084345	0.0604061712412686	0.0595825544328341	0.245058286465019	0.222274296552129	-0.022783989912890018		0.4248290220968121	True	0.0068728937767446	False
OV_VisiumHD_FFPE_to_CosMx6K	Benchmark_02	OV	Visium HD FFPE	CosMx 6K	ECI2	-0.0009731530310396	0.0494074905925094	0.050380643623549	0.312120791647562	0.2887020857242343	-0.02341870592332773		0.388793765648278	True	0.0025590443983674	False
OV_VisiumHD_FFPE_to_CosMx6K	Benchmark_02	OV	Visium HD FFPE	CosMx 6K	EDEM2	0.0012986216716076	0.0522639800046526	0.050965358333045	0.2415449587644852	0.2170137927917295	-0.024531165972755703		0.4430401281577613	True	0.0045531028881669	False
OV_VisiumHD_FFPE_to_CosMx6K	Benchmark_02	OV	Visium HD FFPE	CosMx 6K	EDEM3	9.685643474309064e-05	0.0286199394945126	0.02852308305976951	0.2008409487503195	0.1553034621027897	-0.045537486647529796		0.6340331690433157	True	-0.0035885816905647	False
OV_VisiumHD_FFPE_to_CosMx6K	Benchmark_02	OV	Visium HD FFPE	CosMx 6K	EFNA1	0.000463487489631	0.073084722974281	0.07262123548464999	0.2165988422756714	0.185794421942569	-0.030804420333102378		0.5138500765965058	True	-0.0017291023395955	False
OV_VisiumHD_FFPE_to_CosMx6K	Benchmark_02	OV	Visium HD FFPE	CosMx 6K	EFTUD2	-0.0012812482037643	0.0560865129149406	0.0573677611187049	0.2638284970741862	0.2350727824289251	-0.02875571464526111		0.4562888966667565	True	0.0249444488435983	False
OV_VisiumHD_FFPE_to_CosMx6K	Benchmark_02	OV	Visium HD FFPE	CosMx 6K	EGLN1	0.0002636218229453	0.0272209104155635	0.0269572885926182	0.2263743982780334	0.1878794620527921	-0.038494936225241305		0.5559916309975198	True	0.0037477400619536	False
OV_VisiumHD_FFPE_to_CosMx6K	Benchmark_02	OV	Visium HD FFPE	CosMx 6K	EGLN3	-0.0046720647060008	-0.0070540540217662	-0.0023819893157654	0.2776644820505786	0.244125593264937	-0.033538888785641596		0.4810833214633799	True	0.0168084446340799	False
OV_VisiumHD_FFPE_to_CosMx6K	Benchmark_02	OV	Visium HD FFPE	CosMx 6K	EGR1	-0.0142030065943229	-0.0429813145843088	-0.028778307989985902	0.6743529377203819	0.5014748131427906	-0.17287812457759122		0.6688521941957173	True	0.0786997154355049	False
OV_VisiumHD_FFPE_to_CosMx6K	Benchmark_02	OV	Visium HD FFPE	CosMx 6K	EHBP1L1	-0.0024531370562782	0.0679407424393256	0.0703938794956038	0.2748464875241287	0.2296022182318266	-0.0452442692923021		0.5473895754174573	True	0.0166175402700901	False
OV_VisiumHD_FFPE_to_CosMx6K	Benchmark_02	OV	Visium HD FFPE	CosMx 6K	EHMT1	-0.0004482461428976	0.0210910772420069	0.0215393233849045	0.24350811434179	0.2133563510251838	-0.03015176331660621		0.484667491430769	True	0.0021174713037908	False
OV_VisiumHD_FFPE_to_CosMx6K	Benchmark_02	OV	Visium HD FFPE	CosMx 6K	EHMT2	0.000885443587675	0.0466168308974277	0.0457313873097527	0.2285704278455321	0.1924153688851161	-0.036155058960416014		0.5395591157768279	True	0.0156192239373922	False
OV_VisiumHD_FFPE_to_CosMx6K	Benchmark_02	OV	Visium HD FFPE	CosMx 6K	EIF2AK1	0.0010189194906405	0.0313538792213824	0.0303349597307419	0.2707941647282598	0.2484158662592525	-0.022378298469007296		0.4061989537839755	True	0.0021133173722773	False
OV_VisiumHD_FFPE_to_CosMx6K	Benchmark_02	OV	Visium HD FFPE	CosMx 6K	EIF2AK2	0.0027080159316284	0.035978212569902	0.0332701966382736	0.2856169031406741	0.2269413066578529	-0.058675596482821224		0.6001434886184397	True	0.0004638078680727	False
OV_VisiumHD_FFPE_to_CosMx6K	Benchmark_02	OV	Visium HD FFPE	CosMx 6K	EIF2S1	0.0012372457485723	0.0012372457485723	0.0	0.2358190454198347	0.2358190454198347	0.0			False	-0.0025220715906471	False
OV_VisiumHD_FFPE_to_CosMx6K	Benchmark_02	OV	Visium HD FFPE	CosMx 6K	EIF3A	0.0002598600495984	0.0212860222244415	0.0210261621748431	0.2429084692234431	0.1891267756271541	-0.05378169359628901		0.6232988011541032	True	0.0071441158652305	False
OV_VisiumHD_FFPE_to_CosMx6K	Benchmark_02	OV	Visium HD FFPE	CosMx 6K	EIF3D	-3.3745839057390844e-05	0.1298107311944566	0.12984447703351398	0.4251822949614525	0.3983876980703229	-0.026794596891129563		0.3660831602988175	True	0.0060438406653702	False
OV_VisiumHD_FFPE_to_CosMx6K	Benchmark_02	OV	Visium HD FFPE	CosMx 6K	EIF4A1	0.0001892212536958	0.1518881556216936	0.1516989343679978	0.6524793014645331	0.5799179231668093	-0.0725613782977238		0.470758974858658	True	0.0558683052659034	False
OV_VisiumHD_FFPE_to_CosMx6K	Benchmark_02	OV	Visium HD FFPE	CosMx 6K	EIF4A2	-0.0009868374697484	0.0371937855215301	0.038180622991278494	0.4311940665949261	0.4040964338708023	-0.0270976327241238		0.3748262134975649	True	0.0066386735998094	False
OV_VisiumHD_FFPE_to_CosMx6K	Benchmark_02	OV	Visium HD FFPE	CosMx 6K	EIF4A3	0.0011857591512578	0.0011857591512578	0.0	0.2881586538442333	0.2881586538442333	0.0			False	0.0017445769626647	False
OV_VisiumHD_FFPE_to_CosMx6K	Benchmark_02	OV	Visium HD FFPE	CosMx 6K	EIF4E2	0.000416213534039	0.000416213534039	0.0	0.2077047583025073	0.2077047583025073	0.0			False	0.0026643252931535	False
OV_VisiumHD_FFPE_to_CosMx6K	Benchmark_02	OV	Visium HD FFPE	CosMx 6K	EIF4E3	0.0011735686318458	0.0592437372049038	0.058070168573058	0.3067693199829024	0.2489303095235144	-0.057839010459388024		0.5851689396067548	True	0.0257581360638141	False
OV_VisiumHD_FFPE_to_CosMx6K	Benchmark_02	OV	Visium HD FFPE	CosMx 6K	EIF4EBP1	-0.0011539184983854	0.0398194354292158	0.0409733539276012	0.2620396362011725	0.2226152814096294	-0.039424354791543076		0.5272065701787683	True	0.0078481100499629	False
OV_VisiumHD_FFPE_to_CosMx6K	Benchmark_02	OV	Visium HD FFPE	CosMx 6K	EIF4EBP2	-0.0003350747678719	-0.0003350747678719	0.0	0.2506381491057007	0.2506381491057007	0.0			False	-0.0005445954157039	False
OV_VisiumHD_FFPE_to_CosMx6K	Benchmark_02	OV	Visium HD FFPE	CosMx 6K	EIF5B	0.000546396197908	0.0509981158666778	0.0504517196687698	0.2688417663338939	0.2331410996629691	-0.03570066667092481		0.4980900504629494	True	0.00373225659132	False
OV_VisiumHD_FFPE_to_CosMx6K	Benchmark_02	OV	Visium HD FFPE	CosMx 6K	EIF6	-0.0003276354554626	0.0875615143693547	0.08788914982481731	0.3400101658988094	0.3009452061342081	-0.03906495976460128		0.4685629714872281	True	0.0156490132212638	False
OV_VisiumHD_FFPE_to_CosMx6K	Benchmark_02	OV	Visium HD FFPE	CosMx 6K	ELAVL1	9.10199032155194e-05	0.071203771236916	0.07111275133370049	0.3297917114597565	0.2875887613218944	-0.04220295013786207		0.4907210220749974	True	0.0150213642045855	False
OV_VisiumHD_FFPE_to_CosMx6K	Benchmark_02	OV	Visium HD FFPE	CosMx 6K	ELF3	-0.0097382023232142	0.1938093681386428	0.203547570461857	0.5342618439910656	0.4669006208094728	-0.06736122318159277		0.4881367920492045	True	0.0386435016989707	False
OV_VisiumHD_FFPE_to_CosMx6K	Benchmark_02	OV	Visium HD FFPE	CosMx 6K	ELOC	-0.0016605440170073	0.0618703458580176	0.0635308898750249	0.28617120101309	0.2631400036830278	-0.023031197330062203		0.4032325940502159	True	0.0053145396523177	False
OV_VisiumHD_FFPE_to_CosMx6K	Benchmark_02	OV	Visium HD FFPE	CosMx 6K	ELOVL1	0.0016091752072687	0.0680305648009072	0.0664213895936385	0.2418733826100002	0.2200950532355816	-0.021778329374418592		0.4209286638527741	True	-0.0074334042146801	False
OV_VisiumHD_FFPE_to_CosMx6K	Benchmark_02	OV	Visium HD FFPE	CosMx 6K	ELP3	-0.0020229870847428	0.0231577416464345	0.0251807287311773	0.2648369815916886	0.2422825633908452	-0.022554418200843418		0.4121189053317697	True	0.0204305034130811	False
OV_VisiumHD_FFPE_to_CosMx6K	Benchmark_02	OV	Visium HD FFPE	CosMx 6K	ELP5	-0.0007199906777839	0.0340932513449544	0.034813242022738305	0.2443589035899323	0.2112065908083537	-0.033152312781578624		0.5028799143485855	True	0.0030462876893579	False
OV_VisiumHD_FFPE_to_CosMx6K	Benchmark_02	OV	Visium HD FFPE	CosMx 6K	EMD	0.000530055687049	0.0674710143787762	0.0669409586917272	0.3312585709487801	0.2663673871392649	-0.0648911838095152		0.5949437149414132	True	0.021612724289298	False
OV_VisiumHD_FFPE_to_CosMx6K	Benchmark_02	OV	Visium HD FFPE	CosMx 6K	EML4	-0.0004798006467457	-0.0004798006467457	0.0	0.2219387796730252	0.2219387796730252	0.0			False	-0.0057761608622968	False
OV_VisiumHD_FFPE_to_CosMx6K	Benchmark_02	OV	Visium HD FFPE	CosMx 6K	EMP1	-0.0035103479740903	0.2000546320822385	0.2035649800563288	0.2742553055419662	0.2197342804265611	-0.0545210251154051		0.6060221120811066	True	0.0061779264360666	False
OV_VisiumHD_FFPE_to_CosMx6K	Benchmark_02	OV	Visium HD FFPE	CosMx 6K	EMP2	-0.0017254059316142	0.1014310312819677	0.1031564372135819	0.2978068031519431	0.2753161095802615	-0.022490693571681597		0.3881982631943824	True	0.0236135516315698	False
OV_VisiumHD_FFPE_to_CosMx6K	Benchmark_02	OV	Visium HD FFPE	CosMx 6K	ENAH	0.0014299577297022	0.0299621415949813	0.0285321838652791	0.2501818646808212	0.1762091624724976	-0.07397270220832361		0.7006751907808539	True	0.0012803792487829	False
OV_VisiumHD_FFPE_to_CosMx6K	Benchmark_02	OV	Visium HD FFPE	CosMx 6K	ENG	-0.0012632437139792	0.1341877647074565	0.1354510084214357	0.2514440340900296	0.1843212290620484	-0.06712280502798118		0.6794161214177391	True	0.0473245419561862	False
OV_VisiumHD_FFPE_to_CosMx6K	Benchmark_02	OV	Visium HD FFPE	CosMx 6K	ENO1	-0.0041431167470821	-0.036410917044917	-0.0322678002978349	0.4395937782279675	0.4263006148363384	-0.013293163391629115		0.2856844541844342	True	0.0042444197461009	False
OV_VisiumHD_FFPE_to_CosMx6K	Benchmark_02	OV	Visium HD FFPE	CosMx 6K	ENTPD4	0.0013534660129765	0.033074853734093	0.031721387721116504	0.2365680007515161	0.2135285086486878	-0.023039492102828296		0.4350532058329571	True	0.0051186433993279	False
OV_VisiumHD_FFPE_to_CosMx6K	Benchmark_02	OV	Visium HD FFPE	CosMx 6K	ENY2	-0.0024095206528751	0.0530530573804995	0.0554625780333746	0.2759064193016739	0.227848829994105	-0.048057589307568926		0.562154815298764	True	0.0071688005700707	False
OV_VisiumHD_FFPE_to_CosMx6K	Benchmark_02	OV	Visium HD FFPE	CosMx 6K	EP300	-0.0016901815498163	0.0211948601230486	0.022885041672864898	0.2112845058078899	0.1768455057721518	-0.034439000035738104		0.54582789381531	True	0.0062524983659386	False
OV_VisiumHD_FFPE_to_CosMx6K	Benchmark_02	OV	Visium HD FFPE	CosMx 6K	EPAS1	-0.0050637512640233	0.1041223814315467	0.10918613269557	0.3038543286318909	0.2497417558103448	-0.05411257282154608		0.5687238030411081	True	0.0068055484443902	False
OV_VisiumHD_FFPE_to_CosMx6K	Benchmark_02	OV	Visium HD FFPE	CosMx 6K	EPCAM	-0.0008299341173324	0.1683766108464614	0.1692065449637938	0.5025717863613441	0.4192528055654387	-0.08331898079590544		0.5637076920602585	True	0.0844045802950859	False
OV_VisiumHD_FFPE_to_CosMx6K	Benchmark_02	OV	Visium HD FFPE	CosMx 6K	EPHB3	-0.0027602954725642	0.0571808733272977	0.0599411687998619	0.203983015419065	0.1698041154935937	-0.034178899925471296		0.554341581247298	True	0.0109818261116743	False
OV_VisiumHD_FFPE_to_CosMx6K	Benchmark_02	OV	Visium HD FFPE	CosMx 6K	EPN1	0.0014972504250706	0.0634237759809347	0.061926525555864094	0.3569607668851649	0.3328616771461528	-0.024099089739012147		0.3800979271819014	True	0.0118286339566111	False
OV_VisiumHD_FFPE_to_CosMx6K	Benchmark_02	OV	Visium HD FFPE	CosMx 6K	EPS15L1	-0.0023626675164042	0.0285142909463524	0.0308769584627566	0.2295769697076144	0.2036573161692764	-0.025919653538338		0.4640000031729727	True	0.0187563803046941	False
OV_VisiumHD_FFPE_to_CosMx6K	Benchmark_02	OV	Visium HD FFPE	CosMx 6K	ERBB2	-0.0006467365728265	0.1245325535045605	0.12517929007738698	0.3368816701098491	0.3049719265422296	-0.0319097435676195		0.4272741864733043	True	0.021456804126501	False
OV_VisiumHD_FFPE_to_CosMx6K	Benchmark_02	OV	Visium HD FFPE	CosMx 6K	ERBIN	3.497524754219162e-05	3.497524754219162e-05	0.0	0.2180387739071869	0.2180387739071869	0.0			False	0.0041456860490143	False
OV_VisiumHD_FFPE_to_CosMx6K	Benchmark_02	OV	Visium HD FFPE	CosMx 6K	ERLEC1	0.0005135735596701	0.0005135735596701	0.0	0.2772820614471767	0.2772820614471767	0.0			False	0.0077972346916794	False
OV_VisiumHD_FFPE_to_CosMx6K	Benchmark_02	OV	Visium HD FFPE	CosMx 6K	ERO1A	-0.0047341253930367	0.0228505555151868	0.0275846809082235	0.3058648505197502	0.2261600541893649	-0.0797047963303853		0.6718013688463664	True	0.0197582095861434	False
OV_VisiumHD_FFPE_to_CosMx6K	Benchmark_02	OV	Visium HD FFPE	CosMx 6K	ERP44	-0.0005608960733594	0.052450159364462	0.0530110554378214	0.2400175292663016	0.2068493068032122	-0.0331682224630894		0.5079062423358688	True	0.0066573391668498	False
OV_VisiumHD_FFPE_to_CosMx6K	Benchmark_02	OV	Visium HD FFPE	CosMx 6K	ERRFI1	-0.0018467716653349	0.0352571055856696	0.0371038772510045	0.2875734995633551	0.2210570802245517	-0.0665164193388034		0.6339184568026457	True	0.0250459946691989	False
OV_VisiumHD_FFPE_to_CosMx6K	Benchmark_02	OV	Visium HD FFPE	CosMx 6K	ESYT1	0.0023550054542995	0.0331238779792208	0.030768872524921297	0.2375350946659014	0.2043051565792931	-0.03322993808660829		0.5099479457062929	True	-0.0017574368976056	False
OV_VisiumHD_FFPE_to_CosMx6K	Benchmark_02	OV	Visium HD FFPE	CosMx 6K	ESYT2	-0.0030114612163841	0.0605043303882438	0.0635157916046279	0.3309685821395264	0.2826941031234369	-0.0482744790160895		0.51905321436041	True	-0.000241095884121	False
OV_VisiumHD_FFPE_to_CosMx6K	Benchmark_02	OV	Visium HD FFPE	CosMx 6K	ETFB	-0.0005104311152144	0.0960295183941859	0.0965399495094003	0.3256750392045471	0.2932952380078937	-0.0323798011966534		0.4404403309613136	True	-0.0005617012502625	False
OV_VisiumHD_FFPE_to_CosMx6K	Benchmark_02	OV	Visium HD FFPE	CosMx 6K	ETS2	-0.002990896911794	0.0618724000461133	0.0648632969579073	0.2610168533029642	0.2201033195883942	-0.040913533714570016		0.5387004969100826	True	-0.00135808379855	False
OV_VisiumHD_FFPE_to_CosMx6K	Benchmark_02	OV	Visium HD FFPE	CosMx 6K	ETV4	-0.0004033162847071	0.0722027113781519	0.07260602766285901	0.2852302820842846	0.2463754948615297	-0.03885478722275487		0.5039626362472479	True	0.0234217718243598	False
OV_VisiumHD_FFPE_to_CosMx6K	Benchmark_02	OV	Visium HD FFPE	CosMx 6K	EVL	-0.0016676995997736	0.0257834442940191	0.0274511438937927	0.3176511001048496	0.2690181307420031	-0.0486329693628465		0.5303056698585477	True	-0.0004488193953875	False
OV_VisiumHD_FFPE_to_CosMx6K	Benchmark_02	OV	Visium HD FFPE	CosMx 6K	EWSR1	0.0004114383626531	0.0625262624032093	0.062114824040556196	0.305895324404952	0.2796059954439721	-0.026289328960979907		0.4146787245987254	True	-0.0024621265474706	False
OV_VisiumHD_FFPE_to_CosMx6K	Benchmark_02	OV	Visium HD FFPE	CosMx 6K	EXOC4	-0.004794814969638	0.0520554123612505	0.0568502273308885	0.2940650623206512	0.2709383337337999	-0.02312672858685133		0.3968006923824226	True	0.0270376745611429	False
OV_VisiumHD_FFPE_to_CosMx6K	Benchmark_02	OV	Visium HD FFPE	CosMx 6K	EXOC7	-0.0001681402473738	0.0527265755776506	0.0528947158250244	0.289649923949884	0.2520638474667902	-0.037586076483093755		0.4933578712433629	True	-0.0078692827373743	False
OV_VisiumHD_FFPE_to_CosMx6K	Benchmark_02	OV	Visium HD FFPE	CosMx 6K	EXOSC4	-0.0017466916795752	0.0660626767456846	0.0678093684252598	0.2667184053537083	0.2433523822496812	-0.02336602310402708		0.4137470229926461	True	0.0060442294925451	False
OV_VisiumHD_FFPE_to_CosMx6K	Benchmark_02	OV	Visium HD FFPE	CosMx 6K	EXT1	-0.0011082780603823	0.0625813861530243	0.0636896642134066	0.2729025352851481	0.2328931995665626	-0.040009335718585476		0.5203039203403078	True	0.0177792590111494	False
OV_VisiumHD_FFPE_to_CosMx6K	Benchmark_02	OV	Visium HD FFPE	CosMx 6K	EZH2	-0.0015703986773125	0.0628823918149165	0.064452790492229	0.2681511058774594	0.2414241526246906	-0.026726953252768776		0.4374708012124841	True	0.0190647710114717	False
OV_VisiumHD_FFPE_to_CosMx6K	Benchmark_02	OV	Visium HD FFPE	CosMx 6K	EZR	-0.0039088468176503	0.0453639703241442	0.0492728171417945	0.2847789549017842	0.2495119148976318	-0.03526704000415237		0.4842566429637807	True	0.0041302386671304	False
OV_VisiumHD_FFPE_to_CosMx6K	Benchmark_02	OV	Visium HD FFPE	CosMx 6K	F11R	0.0035792145112602	0.1105687658442321	0.1069895513329719	0.3306575090403867	0.2987836960109577	-0.03187381302942899		0.4307364894376731	True	0.0062183029949665	False
OV_VisiumHD_FFPE_to_CosMx6K	Benchmark_02	OV	Visium HD FFPE	CosMx 6K	FADS2	0.0023913526220157	0.0556988337748569	0.053307481152841195	0.2774532120584714	0.2540931560248102	-0.023360056033661203		0.4063075073837611	True	0.0150204338133335	False
OV_VisiumHD_FFPE_to_CosMx6K	Benchmark_02	OV	Visium HD FFPE	CosMx 6K	FAM3A	0.0018630032427479	0.0869680893168482	0.0851050860741003	0.2697212702585801	0.251569334664383	-0.01815193559419709		0.3656323599034646	True	-0.0031626136042177	False
OV_VisiumHD_FFPE_to_CosMx6K	Benchmark_02	OV	Visium HD FFPE	CosMx 6K	FAM3C	-0.0023344825996782	0.065015205940356	0.06734968854003419	0.3229243734868529	0.2718190072742283	-0.05110536621262457		0.537327284618843	True	-0.0028922539204359	False
OV_VisiumHD_FFPE_to_CosMx6K	Benchmark_02	OV	Visium HD FFPE	CosMx 6K	FAM91A1	0.0009129198428567	0.0829618531278618	0.08204893328500511	0.3570934418131172	0.3270333711445934	-0.030060070668523786		0.4123233152254681	True	0.0141446832567453	False
OV_VisiumHD_FFPE_to_CosMx6K	Benchmark_02	OV	Visium HD FFPE	CosMx 6K	FASN	0.0019497793525044	0.1096247078339626	0.1076749284814582	0.3197518148826023	0.2745463040064422	-0.04520551087616009		0.5123777236538122	True	0.0175751205533742	False
OV_VisiumHD_FFPE_to_CosMx6K	Benchmark_02	OV	Visium HD FFPE	CosMx 6K	FBXO21	-0.0022709670378669	0.0561721919832289	0.0584431590210958	0.2649089813979495	0.2459385132746537	-0.01897046812329581		0.3788466048678752	True	0.0077570993453264	False
OV_VisiumHD_FFPE_to_CosMx6K	Benchmark_02	OV	Visium HD FFPE	CosMx 6K	FBXW2	-0.0017398603066045	-0.0017398603066045	0.0	0.1954005382081842	0.1954005382081842	0.0			False	0.0025250285398215	False
OV_VisiumHD_FFPE_to_CosMx6K	Benchmark_02	OV	Visium HD FFPE	CosMx 6K	FDFT1	-0.0004232455641043	0.0846731533574607	0.085096398921565	0.2672147910453236	0.2489311959932544	-0.018283595052069196		0.3710498086586181	True	-0.0046937381848692	False
OV_VisiumHD_FFPE_to_CosMx6K	Benchmark_02	OV	Visium HD FFPE	CosMx 6K	FDPS	0.0019661811939774	0.0888778715099219	0.08691169031594449	0.294743334928931	0.2787855317041826	-0.015957803224748435		0.3346057605230921	True	0.0060321632772684	False
OV_VisiumHD_FFPE_to_CosMx6K	Benchmark_02	OV	Visium HD FFPE	CosMx 6K	FLNA	-0.0035823755884588	0.0692521446684841	0.0728345202569429	0.5938490732015611	0.5722898533982234	-0.021559219803337748		0.326149477979703	True	0.0082602119073271	False
OV_VisiumHD_FFPE_to_CosMx6K	Benchmark_02	OV	Visium HD FFPE	CosMx 6K	FLOT1	0.000955902071091	0.0343761735027125	0.0334202714316215	0.2143834870723191	0.1735207535745096	-0.0408627334978095		0.5852255526640963	True	0.000269446754828	False
OV_VisiumHD_FFPE_to_CosMx6K	Benchmark_02	OV	Visium HD FFPE	CosMx 6K	FLOT2	0.0008146976337431	0.0471027226943533	0.046288025060610194	0.2200004143281024	0.1950569716205712	-0.02494344270753121		0.46540441632211	True	0.0117280120030045	False
OV_VisiumHD_FFPE_to_CosMx6K	Benchmark_02	OV	Visium HD FFPE	CosMx 6K	FN1	-0.0057260642239734	0.6848340807674015	0.6905601449913749	0.6605297877758067	0.4199047155463453	-0.24062507222946145		0.7893554742801785	True	0.1542242467403412	True
OV_VisiumHD_FFPE_to_CosMx6K	Benchmark_02	OV	Visium HD FFPE	CosMx 6K	FNBP1	-0.0009095074603886	0.031395398117978	0.0323049055783666	0.2215383648595575	0.1941218092030496	-0.027416555656507885		0.4842394634914324	True	-0.0003599707270041	False
OV_VisiumHD_FFPE_to_CosMx6K	Benchmark_02	OV	Visium HD FFPE	CosMx 6K	FNTA	-0.0013354274227112	0.0503712401940809	0.0517066676167921	0.2604896651193396	0.2392757117689029	-0.021213953350436687		0.4020912523141864	True	0.0172591544687747	False
OV_VisiumHD_FFPE_to_CosMx6K	Benchmark_02	OV	Visium HD FFPE	CosMx 6K	FOS	0.0028980084437496	0.1193470360237313	0.1164490275799817	0.68746269136233	0.5639569426171883	-0.12350574874514164		0.5632861334966569	True	0.0545899644494056	False
OV_VisiumHD_FFPE_to_CosMx6K	Benchmark_02	OV	Visium HD FFPE	CosMx 6K	FOSB	-0.0072743898841581	0.0258557162871733	0.0331301061713314	0.3826761978487188	0.2964846374966599	-0.08619156035205894		0.6426310742694212	True	0.0590787306427955	False
OV_VisiumHD_FFPE_to_CosMx6K	Benchmark_02	OV	Visium HD FFPE	CosMx 6K	FSTL1	-0.0013810575352121	0.3523317602645814	0.3537128177997935	0.2993608670408973	0.2356765089431892	-0.06368435809770812		0.6294885426731023	True	0.0338698253035545	False
OV_VisiumHD_FFPE_to_CosMx6K	Benchmark_02	OV	Visium HD FFPE	CosMx 6K	FUS	0.0003410284091147	0.0316947974547853	0.0313537690456706	0.3293127554607361	0.3116775067305456	-0.017635248730190456		0.3452733548924259	True	0.0116518652066588	False
OV_VisiumHD_FFPE_to_CosMx6K	Benchmark_02	OV	Visium HD FFPE	CosMx 6K	FUT8	0.001358469697447	0.0443911251671602	0.0430326554697132	0.2430638749369389	0.215172271706076	-0.0278916032308629		0.4653420005974125	True	0.0132435709238052	False
OV_VisiumHD_FFPE_to_CosMx6K	Benchmark_02	OV	Visium HD FFPE	CosMx 6K	FZD3	0.0021624842507459	0.0465124208751814	0.044349936624435496	0.2329287841394393	0.197818655230104	-0.03511012890933529		0.5290843633643407	True	0.0140571035444736	False
OV_VisiumHD_FFPE_to_CosMx6K	Benchmark_02	OV	Visium HD FFPE	CosMx 6K	G3BP2	0.0022012732438215	0.0022012732438215	0.0	0.252789140187773	0.252789140187773	0.0			False	-0.0029010057915002	False
OV_VisiumHD_FFPE_to_CosMx6K	Benchmark_02	OV	Visium HD FFPE	CosMx 6K	G6PD	-0.0008290095255968	0.0458190003488822	0.046648009874479	0.2287716121418036	0.2021531743952336	-0.026618437746570023		0.4696675180616399	True	0.0085238749161362	False
OV_VisiumHD_FFPE_to_CosMx6K	Benchmark_02	OV	Visium HD FFPE	CosMx 6K	GAB2	-0.0034570211264628	0.0640639615688907	0.0675209826953535	0.2772155012855347	0.2431350622149951	-0.03408043907053959		0.480942358825917	True	0.0105325654149055	False
OV_VisiumHD_FFPE_to_CosMx6K	Benchmark_02	OV	Visium HD FFPE	CosMx 6K	GABARAP	-0.0035819929697857	0.0576533305617255	0.061235323531511204	0.4674855595187792	0.4416871702243745	-0.0257983892944047		0.3684746981015918	True	0.0065875262953341	False
OV_VisiumHD_FFPE_to_CosMx6K	Benchmark_02	OV	Visium HD FFPE	CosMx 6K	GANAB	-8.038571942483491e-05	0.0993571533280975	0.09943753904752234	0.3442267934109635	0.3260798713349927	-0.018146922075970795		0.3367575879069537	True	0.0107833100482821	False
OV_VisiumHD_FFPE_to_CosMx6K	Benchmark_02	OV	Visium HD FFPE	CosMx 6K	GAS6	-0.0018007738990768	-0.0018007738990768	0.0	0.3053233108219049	0.3053233108219049	0.0			False	0.0214156080037355	False
OV_VisiumHD_FFPE_to_CosMx6K	Benchmark_02	OV	Visium HD FFPE	CosMx 6K	GATAD2A	-0.0015693355269382	0.06923882134343	0.0708081568703682	0.3245712450572132	0.298780518274751	-0.025790726782462192		0.4016821917406297	True	0.0121258208528161	False
OV_VisiumHD_FFPE_to_CosMx6K	Benchmark_02	OV	Visium HD FFPE	CosMx 6K	GATAD2B	0.0002794228327315	0.0306240276981739	0.0303446048654424	0.2242508712647196	0.194319848571293	-0.029931022693426595		0.4992351104899368	True	0.0082740737125277	False
OV_VisiumHD_FFPE_to_CosMx6K	Benchmark_02	OV	Visium HD FFPE	CosMx 6K	GBP1	0.0003697137905462	0.1048259303877535	0.10445621659720729	0.3080860682927597	0.2473776796199057	-0.060708388672854		0.5958834635825523	True	0.0078178690746426	False
OV_VisiumHD_FFPE_to_CosMx6K	Benchmark_02	OV	Visium HD FFPE	CosMx 6K	GCA	0.0001111905551808	0.0466025618977838	0.046491371342603	0.2331120891995687	0.2110838879265985	-0.0220282012729702		0.4278511257511548	True	0.0029218075796961	False
OV_VisiumHD_FFPE_to_CosMx6K	Benchmark_02	OV	Visium HD FFPE	CosMx 6K	GDI2	0.0031730231944219	0.1251806121703053	0.12200758897588339	0.4028274325887793	0.3891168349581206	-0.013710597630658683		0.2920573038090725	True	-0.0042742369696497	False
OV_VisiumHD_FFPE_to_CosMx6K	Benchmark_02	OV	Visium HD FFPE	CosMx 6K	GGA1	-0.0032027777921936	0.0747357588950824	0.077938536687276	0.3130823445050736	0.2882239473466508	-0.024858397158422807		0.3987611905633703	True	0.0078976089134812	False
OV_VisiumHD_FFPE_to_CosMx6K	Benchmark_02	OV	Visium HD FFPE	CosMx 6K	GGNBP2	-0.0055890572804267	0.0571618419975949	0.0627508992780216	0.2740057923108833	0.242009636349591	-0.031996155961292294		0.4713186817886168	True	0.0058345668949186	False
OV_VisiumHD_FFPE_to_CosMx6K	Benchmark_02	OV	Visium HD FFPE	CosMx 6K	GJA1	0.0007636733515544	0.0887558565528618	0.0879921832013074	0.278480921996857	0.2514486980967779	-0.02703222390007909		0.4417735851728354	True	0.0153873302042484	False
OV_VisiumHD_FFPE_to_CosMx6K	Benchmark_02	OV	Visium HD FFPE	CosMx 6K	GLI3	0.0002634887847538	0.0120411361558997	0.011777647371145901	0.2321135343307763	0.1960454231011262	-0.03606811122965012		0.5342481816304612	True	0.0037032200489193	False
OV_VisiumHD_FFPE_to_CosMx6K	Benchmark_02	OV	Visium HD FFPE	CosMx 6K	GLO1	0.0009263807533197	0.0706607005400395	0.0697343197867198	0.285296207104167	0.2559974631592858	-0.02929874394488119		0.4453538883638315	True	0.0265064369887113	False
OV_VisiumHD_FFPE_to_CosMx6K	Benchmark_02	OV	Visium HD FFPE	CosMx 6K	GLUL	-0.0021615665749827	0.2239412129854617	0.22610277956044442	0.4687205755426729	0.4031665262573081	-0.06555404928536479		0.5372923407842489	True	0.017139820381999	False
OV_VisiumHD_FFPE_to_CosMx6K	Benchmark_02	OV	Visium HD FFPE	CosMx 6K	GMPR	-8.29726874222057e-05	0.0674703770890617	0.0675533497764839	0.2931587360716224	0.2694786650516623	-0.023680071019960114		0.4016439473742693	True	0.00388592062518	False
OV_VisiumHD_FFPE_to_CosMx6K	Benchmark_02	OV	Visium HD FFPE	CosMx 6K	GNA13	-0.0007656173869336	0.0444643593804122	0.045229976767345796	0.2533707618176859	0.2183406257490748	-0.035030136068611106		0.510490582606802	True	-0.0019664377905428	False
OV_VisiumHD_FFPE_to_CosMx6K	Benchmark_02	OV	Visium HD FFPE	CosMx 6K	GNAI2	0.00365835289745	0.1163526942109277	0.11269434131347769	0.3660919597247773	0.3359666760418029	-0.030125283682974402		0.4226135767669917	True	0.0008673235424794	False
OV_VisiumHD_FFPE_to_CosMx6K	Benchmark_02	OV	Visium HD FFPE	CosMx 6K	GNAI3	-0.0002088483229347	0.0653690363090638	0.0655778846319985	0.345085523168322	0.3069822450410569	-0.03810327812726505		0.4633705483588187	True	0.0115507096052169	False
OV_VisiumHD_FFPE_to_CosMx6K	Benchmark_02	OV	Visium HD FFPE	CosMx 6K	GNB1	0.0006887577996779	0.0006887577996779	0.0	0.2749209879267555	0.2749209879267555	0.0			False	0.0108766751363873	False
OV_VisiumHD_FFPE_to_CosMx6K	Benchmark_02	OV	Visium HD FFPE	CosMx 6K	GNB2	-0.0012512755616216	0.1008489406756928	0.10210021623731441	0.3505505997136927	0.3229589163391828	-0.0275916833745099		0.4037068106740057	True	0.0138427047058939	False
OV_VisiumHD_FFPE_to_CosMx6K	Benchmark_02	OV	Visium HD FFPE	CosMx 6K	GNB4	-0.0020415165842976	0.0532176803878081	0.0552591969721057	0.2540046311802925	0.2269940577667144	-0.02701057341357807		0.4599314679724823	True	0.0035440598148852	False
OV_VisiumHD_FFPE_to_CosMx6K	Benchmark_02	OV	Visium HD FFPE	CosMx 6K	GNG10	0.0013647528260313	0.0424768649150612	0.041112112089029894	0.2369804834198854	0.2050442028088113	-0.03193628061107409		0.5032607999391868	True	-0.000577492872253	False
OV_VisiumHD_FFPE_to_CosMx6K	Benchmark_02	OV	Visium HD FFPE	CosMx 6K	GNPTG	-0.0006111498328978	0.0529724686494726	0.0535836184823704	0.2474977321329761	0.2226342894939309	-0.02486344263904519		0.4430847756149558	True	-0.0022552763111889	False
OV_VisiumHD_FFPE_to_CosMx6K	Benchmark_02	OV	Visium HD FFPE	CosMx 6K	GNS	-0.0005595116489495	0.0713440785305406	0.0719035901794901	0.297548335219712	0.2487080704594887	-0.04884026476022332		0.5471616804889754	True	0.008785106241703	False
OV_VisiumHD_FFPE_to_CosMx6K	Benchmark_02	OV	Visium HD FFPE	CosMx 6K	GOLGA7	-0.0027421979517592	0.0407516788456732	0.0434938767974324	0.2556944815737744	0.2284250638955162	-0.02726941767825819		0.4532475253170121	True	0.0227696038782596	False
OV_VisiumHD_FFPE_to_CosMx6K	Benchmark_02	OV	Visium HD FFPE	CosMx 6K	GORASP2	-0.0001785958432849	0.0490753650814124	0.0492539609246973	0.2742110112990228	0.2462847449799748	-0.027926266319048015		0.4438704290652948	True	0.0220824833959341	False
OV_VisiumHD_FFPE_to_CosMx6K	Benchmark_02	OV	Visium HD FFPE	CosMx 6K	GPD2	1.0565871461338128e-05	0.0570312409458282	0.05702067507436686	0.2390150156122426	0.2031229682684219	-0.03589204734382068		0.526730518995115	True	0.0034646550193428	False
OV_VisiumHD_FFPE_to_CosMx6K	Benchmark_02	OV	Visium HD FFPE	CosMx 6K	GPI	-0.0023003622035556	0.0489143691040966	0.0512147313076522	0.3225501955965144	0.30074443486572	-0.021805760730794377		0.3766959643333283	True	0.0013601616956293	False
OV_VisiumHD_FFPE_to_CosMx6K	Benchmark_02	OV	Visium HD FFPE	CosMx 6K	GPX4	-0.0003512269866801	0.0241558833446319	0.024507110331311997	0.2641540237723133	0.2159414930833647	-0.048212530688948596		0.5726149543400193	True	0.0186104401946067	False
OV_VisiumHD_FFPE_to_CosMx6K	Benchmark_02	OV	Visium HD FFPE	CosMx 6K	GRB2	-0.0001662255548233	0.0708498230002925	0.0710160485551158	0.2783205041401999	0.2306950485472582	-0.04762545559294168		0.5575454480611275	True	0.0073025957681238	False
OV_VisiumHD_FFPE_to_CosMx6K	Benchmark_02	OV	Visium HD FFPE	CosMx 6K	GRB7	-0.0030809940951068	0.142697077639005	0.14577807173411178	0.344657877791818	0.3054975659295321	-0.03916031186228591		0.463404350235569	True	0.0216018017381429	False
OV_VisiumHD_FFPE_to_CosMx6K	Benchmark_02	OV	Visium HD FFPE	CosMx 6K	GRK2	0.0010166503781155	0.0570350469584537	0.0560183965803382	0.2712534656023951	0.2451254555487693	-0.026128010053625805		0.434635985645452	True	0.0078694364055991	False
OV_VisiumHD_FFPE_to_CosMx6K	Benchmark_02	OV	Visium HD FFPE	CosMx 6K	GRN	0.001847247906647	0.2467804661166942	0.2449332182100472	0.4312312392229552	0.3839692664842398	-0.04726197273871541		0.4762084815012239	True	0.0020060678943991	False
OV_VisiumHD_FFPE_to_CosMx6K	Benchmark_02	OV	Visium HD FFPE	CosMx 6K	GRSF1	0.0002515894196579	0.0327175528099058	0.0324659633902479	0.2310849331030712	0.2075924417573412	-0.023492491345730004		0.4439624431074719	True	0.0072152758948504	False
OV_VisiumHD_FFPE_to_CosMx6K	Benchmark_02	OV	Visium HD FFPE	CosMx 6K	GSDMD	0.0011095400934221	0.1005013767646599	0.0993918366712378	0.30602843474191	0.2882485084638949	-0.017779926278015112		0.3511224600337385	True	-0.0047959466464817	False
OV_VisiumHD_FFPE_to_CosMx6K	Benchmark_02	OV	Visium HD FFPE	CosMx 6K	GSR	0.0016741230407617	0.0435348111744424	0.0418606881336807	0.2510546295299602	0.2181640628804249	-0.032890566649535324		0.4951860828520932	True	-0.0051865610294044	False
OV_VisiumHD_FFPE_to_CosMx6K	Benchmark_02	OV	Visium HD FFPE	CosMx 6K	GSTP1	0.0020183455624859	0.1611360513380743	0.1591177057755884	0.5620847042177939	0.4874947848143777	-0.0745899194034162		0.5133047215974117	True	0.0526400506496429	False
OV_VisiumHD_FFPE_to_CosMx6K	Benchmark_02	OV	Visium HD FFPE	CosMx 6K	GTF2A1	-0.001276114547694	0.0533057424897396	0.0545818570374336	0.2720847285041667	0.2413418549485299	-0.030742873555636818		0.4639050763388284	True	-0.0011401032097637	False
OV_VisiumHD_FFPE_to_CosMx6K	Benchmark_02	OV	Visium HD FFPE	CosMx 6K	GTF2I	0.0003230593486559	0.0678927063942004	0.06756964704554451	0.3914420224920984	0.371461116902136	-0.019980905589962406		0.3364930943263897	True	-0.0057366867549717	False
OV_VisiumHD_FFPE_to_CosMx6K	Benchmark_02	OV	Visium HD FFPE	CosMx 6K	HACD3	-0.0002554456841233	0.0437851375858997	0.044040583270023	0.2620660682387306	0.2416916287829904	-0.02037443945574019		0.3947500971996236	True	-0.0005534818628802	False
OV_VisiumHD_FFPE_to_CosMx6K	Benchmark_02	OV	Visium HD FFPE	CosMx 6K	HADHA	-0.001747647174923	0.0421806498354546	0.0439282970103776	0.2505975953201197	0.2243123385026052	-0.026285256817514507		0.4541340759539687	True	-0.0027670175768435	False
OV_VisiumHD_FFPE_to_CosMx6K	Benchmark_02	OV	Visium HD FFPE	CosMx 6K	HAT1	0.0011134109817272	0.056834817300958	0.055721406319230796	0.2489903670853925	0.2262168646897117	-0.022773502395680795		0.4226226071697835	True	0.0096538299694657	False
OV_VisiumHD_FFPE_to_CosMx6K	Benchmark_02	OV	Visium HD FFPE	CosMx 6K	HDAC2	-0.0015220629190126	0.017971979446248	0.0194940423652606	0.2644907703516135	0.2435971879813783	-0.020893582370235197		0.3973592577900521	True	-0.0036395378410816	False
OV_VisiumHD_FFPE_to_CosMx6K	Benchmark_02	OV	Visium HD FFPE	CosMx 6K	HDAC6	-0.0007797852997358	0.0327889787924866	0.0335687640922224	0.1875139241945548	0.1524399959203822	-0.03507392827417258		0.5819348368088243	True	-0.0050510731525719	False
OV_VisiumHD_FFPE_to_CosMx6K	Benchmark_02	OV	Visium HD FFPE	CosMx 6K	HDGF	-0.0017979053546295	0.1349101389250896	0.1367080442797191	0.4150729761977259	0.390570238386084	-0.02450273781164186		0.362254329506165	True	-0.0009027866763062	False
OV_VisiumHD_FFPE_to_CosMx6K	Benchmark_02	OV	Visium HD FFPE	CosMx 6K	HEBP2	0.0022176663098805	0.0379655731215467	0.0357479068116662	0.2473505828565023	0.225115520504535	-0.02223506235196729		0.4197987431843525	True	0.0038753731641918	False
OV_VisiumHD_FFPE_to_CosMx6K	Benchmark_02	OV	Visium HD FFPE	CosMx 6K	HIPK2	0.0018045242850185	0.0538474937726303	0.052042969487611807	0.2608534606782572	0.2163374949026956	-0.044515965775561606		0.5575215965791765	True	0.0057678553275763	False
OV_VisiumHD_FFPE_to_CosMx6K	Benchmark_02	OV	Visium HD FFPE	CosMx 6K	HMGB2	0.0003969149639404	0.12389829557191	0.1235013806079696	0.3824163607050818	0.3591437292509595	-0.023272631454122283		0.3598062971512093	True	0.0022207603324204	False
OV_VisiumHD_FFPE_to_CosMx6K	Benchmark_02	OV	Visium HD FFPE	CosMx 6K	HMGN1	-0.001308034179347	0.0989605467294848	0.1002685809088318	0.5041928474555089	0.4782858718856345	-0.02590697556987437		0.3485779713690156	True	0.0041305324994027	False
OV_VisiumHD_FFPE_to_CosMx6K	Benchmark_02	OV	Visium HD FFPE	CosMx 6K	HNRNPD	-0.002689491703496	0.0418663659027867	0.0445558576062827	0.3382014639372594	0.2916703148198584	-0.04653114911740103		0.5065091210475013	True	0.0031649025622755	False
OV_VisiumHD_FFPE_to_CosMx6K	Benchmark_02	OV	Visium HD FFPE	CosMx 6K	HNRNPF	-0.0010519734594723	0.0823014184028547	0.083353391862327	0.3130828949780304	0.2548904826864218	-0.0581924122916086		0.5776061152495015	True	0.0027446523308753	False
OV_VisiumHD_FFPE_to_CosMx6K	Benchmark_02	OV	Visium HD FFPE	CosMx 6K	HNRNPUL1	-0.0001273066652271	0.0804551886777988	0.0805824953430259	0.3432360492637572	0.3154074072913643	-0.02782864197239293		0.4068390894485531	True	0.0094186058267951	False
OV_VisiumHD_FFPE_to_CosMx6K	Benchmark_02	OV	Visium HD FFPE	CosMx 6K	HSP90AA1	0.0025027288111591	0.2011178780080535	0.1986151491968944	0.7953000278959488	0.7233949109904867	-0.07190511690546209		0.440121750042524	True	0.0569102130830287	False
OV_VisiumHD_FFPE_to_CosMx6K	Benchmark_02	OV	Visium HD FFPE	CosMx 6K	HSP90AB1	0.0013339424479442	0.2078200840224045	0.20648614157446032	0.7721039646636766	0.7025628330717955	-0.06954113159188113		0.4375181373649847	True	0.0450215972959995	False
OV_VisiumHD_FFPE_to_CosMx6K	Benchmark_02	OV	Visium HD FFPE	CosMx 6K	HSP90B1	0.0010286235901645	0.1605003466775547	0.1594717230873902	0.6136826805176014	0.6009449146519938	-0.012737765865607598		0.2547140985320128	True	0.0172345805913209	False
OV_VisiumHD_FFPE_to_CosMx6K	Benchmark_02	OV	Visium HD FFPE	CosMx 6K	HSPA4	-0.0042133307678226	0.0768167193547954	0.081030050122618	0.39908113741549	0.3865552041923598	-0.012525933223130226		0.2743435238125045	True	-0.006882123183459	False
OV_VisiumHD_FFPE_to_CosMx6K	Benchmark_02	OV	Visium HD FFPE	CosMx 6K	HSPA8	0.000958720824638	0.1358957697297382	0.1349370489051002	0.5806520507259901	0.5182767482209809	-0.06237530250500922		0.4699921950697617	True	0.0112735601142048	False
OV_VisiumHD_FFPE_to_CosMx6K	Benchmark_02	OV	Visium HD FFPE	CosMx 6K	HSPA9	-0.0038954397559133	0.1293910747102526	0.1332865144661659	0.4398192422029018	0.4212524011311376	-0.018566841071764206		0.3119544602406287	True	0.0039758961647748	False
OV_VisiumHD_FFPE_to_CosMx6K	Benchmark_02	OV	Visium HD FFPE	CosMx 6K	HSPB1	-0.0080549268274464	0.2958895126346202	0.3039444394620666	0.9103430102259034	0.8352617277050185	-0.07508128252088486		0.4445618973750366	True	0.06214265152812	False
OV_VisiumHD_FFPE_to_CosMx6K	Benchmark_02	OV	Visium HD FFPE	CosMx 6K	HSPD1	-0.0082498279230179	0.1863060758190919	0.1945559037421098	0.6214130351521404	0.5765457819680466	-0.04486725318409379		0.4003899611801724	True	0.0336766056716442	False
OV_VisiumHD_FFPE_to_CosMx6K	Benchmark_02	OV	Visium HD FFPE	CosMx 6K	HSPE1	-0.0021604166169373	0.140222011983639	0.14238242860057632	0.4821493841775576	0.4304909392267614	-0.05165844495079619		0.4591105691020002	True	0.0308645442128181	False
OV_VisiumHD_FFPE_to_CosMx6K	Benchmark_02	OV	Visium HD FFPE	CosMx 6K	ID4	-0.0019515909641437	0.0605077144432701	0.0624593054074138	0.3886623125687219	0.2800230799142771	-0.1086392326544448		0.7818931263080364	True	0.0469454526901245	False
OV_VisiumHD_FFPE_to_CosMx6K	Benchmark_02	OV	Visium HD FFPE	CosMx 6K	IDO1	0.0006462050484766	0.115845355819114	0.1151991507706374	0.2501622299956745	0.2105956053074335	-0.039566624688241014		0.5416718194792486	True	0.023072013631463	False
OV_VisiumHD_FFPE_to_CosMx6K	Benchmark_02	OV	Visium HD FFPE	CosMx 6K	IER3	0.0043548730079211	0.0657443752035841	0.061389502195663	0.3776841068999602	0.3559099231042118	-0.02177418379574836		0.3741639016896951	True	0.0011476778890937	False
OV_VisiumHD_FFPE_to_CosMx6K	Benchmark_02	OV	Visium HD FFPE	CosMx 6K	IFI27	0.0137206246271783	0.2556709454329998	0.2419503208058215	0.9115124763002797	0.8407435123742036	-0.07076896392607601		0.4311143933949936	True	0.1038137748837471	False
OV_VisiumHD_FFPE_to_CosMx6K	Benchmark_02	OV	Visium HD FFPE	CosMx 6K	IFI35	-0.0019904235002699	0.0889406146349084	0.0909310381351783	0.2986331047113091	0.263933013383776	-0.0347000913275331		0.4765274174103402	True	0.0069483099505305	False
OV_VisiumHD_FFPE_to_CosMx6K	Benchmark_02	OV	Visium HD FFPE	CosMx 6K	IFI6	-0.0013462546364275	0.3176372492338974	0.3189835038703249	0.8020739695026412	0.7617150553407047	-0.04035891416193649		0.4540670852388526	True	0.0403948202729225	False
OV_VisiumHD_FFPE_to_CosMx6K	Benchmark_02	OV	Visium HD FFPE	CosMx 6K	IFITM1	0.0065816060852039	0.2549958890990907	0.24841428301388682	0.8661031758406852	0.8613701624545728	-0.004733013386112428		0.1837985356157365	True	0.0177333317697048	False
OV_VisiumHD_FFPE_to_CosMx6K	Benchmark_02	OV	Visium HD FFPE	CosMx 6K	IFITM2	-0.0001358895391739	0.2164573983057776	0.2165932878449515	0.5420653478127255	0.5190454013435496	-0.023019946469175934		0.3625060272216582	True	0.0073701152577996	False
OV_VisiumHD_FFPE_to_CosMx6K	Benchmark_02	OV	Visium HD FFPE	CosMx 6K	IFT57	0.004999410782235	0.0310102383402804	0.026010827558045402	0.2306031661671156	0.1931049167092772	-0.03749824945783839		0.5451362109996144	True	0.0005884425481781	False
OV_VisiumHD_FFPE_to_CosMx6K	Benchmark_02	OV	Visium HD FFPE	CosMx 6K	IGBP1	0.00104982285039	0.0400772612911877	0.0390274384407977	0.2627554599391701	0.2397193504694484	-0.023036109469721705		0.4158850419468408	True	0.0101994220167398	False
OV_VisiumHD_FFPE_to_CosMx6K	Benchmark_02	OV	Visium HD FFPE	CosMx 6K	IGFBP3	0.0012102934859003	0.2567742008020201	0.25556390731611983	0.3341111307450732	0.2618447334766534	-0.07226639726841982		0.6304667811725481	True	0.0437230505049228	False
OV_VisiumHD_FFPE_to_CosMx6K	Benchmark_02	OV	Visium HD FFPE	CosMx 6K	IGFBP7	-0.0080062379455592	0.5814844034325793	0.5894906413781386	0.5766109124492061	0.335218118731049	-0.24139279371815714		0.8207254585886428	True	0.1549867242574691	True
OV_VisiumHD_FFPE_to_CosMx6K	Benchmark_02	OV	Visium HD FFPE	CosMx 6K	IL13RA1	-0.0011156556593455	0.069727552606686	0.07084320826603151	0.2648528441927829	0.2427545567550127	-0.022098287437770175		0.4060758937512289	True	0.0107351941987872	False
OV_VisiumHD_FFPE_to_CosMx6K	Benchmark_02	OV	Visium HD FFPE	CosMx 6K	ILF2	-0.0008996874313525	0.0973107182447977	0.0982104056761502	0.3685745909015729	0.325609346450056	-0.04296524445151689		0.4713224320667877	True	0.0035291407257318	False
OV_VisiumHD_FFPE_to_CosMx6K	Benchmark_02	OV	Visium HD FFPE	CosMx 6K	ILF3	-0.0004474772221607	0.0582999684895543	0.058747445711715	0.3309320391462295	0.2845469286485521	-0.046385110497677406		0.5100285078552681	True	0.0076693235896527	False
OV_VisiumHD_FFPE_to_CosMx6K	Benchmark_02	OV	Visium HD FFPE	CosMx 6K	IMPDH2	-0.0021881980587926	0.0560531297775568	0.058241327836349395	0.2630730293545638	0.2287136792182959	-0.03435935013626787		0.4942819020115445	True	0.0092696407809853	False
OV_VisiumHD_FFPE_to_CosMx6K	Benchmark_02	OV	Visium HD FFPE	CosMx 6K	INPPL1	0.0020320098049708	0.0525427481806201	0.0505107383756493	0.2693933124747509	0.2375146264077527	-0.0318786860669982		0.4732043412034699	True	-0.0002921000996138	False
OV_VisiumHD_FFPE_to_CosMx6K	Benchmark_02	OV	Visium HD FFPE	CosMx 6K	IQGAP1	0.0010531864331202	0.0010531864331202	0.0	0.3172944428037197	0.3172944428037197	0.0			False	-0.0051664118655025	False
OV_VisiumHD_FFPE_to_CosMx6K	Benchmark_02	OV	Visium HD FFPE	CosMx 6K	IRF1	0.0011399792896814	0.0752192416134871	0.0740792623238057	0.2909017965654041	0.245807913129464	-0.04509388343594009		0.5340005606036593	True	0.0267918016761541	False
OV_VisiumHD_FFPE_to_CosMx6K	Benchmark_02	OV	Visium HD FFPE	CosMx 6K	IRF3	0.0020227022950093	0.0629385707722372	0.0609158684772279	0.2740460977174909	0.2467075205613787	-0.02733857715611218		0.4388719655101367	True	0.0070757870562374	False
OV_VisiumHD_FFPE_to_CosMx6K	Benchmark_02	OV	Visium HD FFPE	CosMx 6K	IRF7	-0.0026541961459009	0.0777767349002	0.0804309310461009	0.3269298253528556	0.3012609988623026	-0.025668826490552965		0.4054841249415826	True	0.0187736265361309	False
OV_VisiumHD_FFPE_to_CosMx6K	Benchmark_02	OV	Visium HD FFPE	CosMx 6K	ISG15	-0.0010974914278332	0.176469563076454	0.1775670545042872	0.5349274993074968	0.4500810557789231	-0.08484644352857373		0.5560544810767076	True	0.038294393569231	False
OV_VisiumHD_FFPE_to_CosMx6K	Benchmark_02	OV	Visium HD FFPE	CosMx 6K	ITGA9	0.0021840672496968	0.0706360341770933	0.0684519669273965	0.2991400985165482	0.279502408776984	-0.0196376897395642		0.3615064481162556	True	0.0110875777900218	False
OV_VisiumHD_FFPE_to_CosMx6K	Benchmark_02	OV	Visium HD FFPE	CosMx 6K	ITGB1	-0.0002281517199842	0.2121952688170038	0.21242342053698798	0.3810558265067179	0.3433612947142413	-0.03769453179247656		0.4671647029766149	True	0.0033579436130821	False
OV_VisiumHD_FFPE_to_CosMx6K	Benchmark_02	OV	Visium HD FFPE	CosMx 6K	ITM2B	-0.0007829029836389	0.2402635639462716	0.2410464669299105	0.4354091547062627	0.3942916535331817	-0.041117501173080995		0.4670774520954715	True	0.005840144585818	False
OV_VisiumHD_FFPE_to_CosMx6K	Benchmark_02	OV	Visium HD FFPE	CosMx 6K	JUN	5.685358930116453e-05	5.685358930116453e-05	0.0	0.5128738745664112	0.5128738745664112	0.0			False	0.0156105225905776	False
OV_VisiumHD_FFPE_to_CosMx6K	Benchmark_02	OV	Visium HD FFPE	CosMx 6K	JUNB	0.0006882564432386	0.0207787258643486	0.02009046942111	0.5047421101681118	0.4054032743578214	-0.09933883581029035		0.5940444109479885	True	0.0392103865742683	False
OV_VisiumHD_FFPE_to_CosMx6K	Benchmark_02	OV	Visium HD FFPE	CosMx 6K	JUND	-0.0083168242456235	-0.0083168242456235	0.0	0.5632948238848821	0.5632948238848821	0.0			False	0.0009305223939009	False
OV_VisiumHD_FFPE_to_CosMx6K	Benchmark_02	OV	Visium HD FFPE	CosMx 6K	JUP	-0.0026060207215477	0.2028622893041384	0.2054683100256861	0.5021213426534941	0.4861121198831461	-0.01600922277034794		0.2765165373498234	True	0.0131725613027811	False
OV_VisiumHD_FFPE_to_CosMx6K	Benchmark_02	OV	Visium HD FFPE	CosMx 6K	KAT5	-9.2187752744092e-05	0.0384969105834577	0.03858909833620179	0.2274890232387114	0.1996561316700783	-0.027832891568633084		0.4803935547910259	True	0.0016510951099917	False
OV_VisiumHD_FFPE_to_CosMx6K	Benchmark_02	OV	Visium HD FFPE	CosMx 6K	KBTBD2	-0.0001906705654017	0.035610845820892	0.035801516386293704	0.247888966475978	0.2267556084654933	-0.021133358010484687		0.410415064983765	True	0.0169501230120658	False
OV_VisiumHD_FFPE_to_CosMx6K	Benchmark_02	OV	Visium HD FFPE	CosMx 6K	KDM1B	-0.0015908496907763	0.0827058361095824	0.0842966858003587	0.2987747218446583	0.2761905496666639	-0.02258417217799441		0.3884792922529184	True	-0.0053304149769246	False
OV_VisiumHD_FFPE_to_CosMx6K	Benchmark_02	OV	Visium HD FFPE	CosMx 6K	KDM5B	-0.0008415441757307	0.0149582322124505	0.0157997763881812	0.2277523898906042	0.1992579864258298	-0.028494403464774415		0.4859262607283982	True	0.0036404314450919	False
OV_VisiumHD_FFPE_to_CosMx6K	Benchmark_02	OV	Visium HD FFPE	CosMx 6K	KIAA1217	0.0001777311085448	0.0382906301744305	0.0381128990658857	0.2825001980098857	0.2241452370937219	-0.058354960916163795		0.6029673836046089	True	0.005119445733726	False
OV_VisiumHD_FFPE_to_CosMx6K	Benchmark_02	OV	Visium HD FFPE	CosMx 6K	KIF5B	-0.0001885696385953	-0.0001885696385953	0.0	0.2547281317160811	0.2547281317160811	0.0			False	0.0109681021422147	False
OV_VisiumHD_FFPE_to_CosMx6K	Benchmark_02	OV	Visium HD FFPE	CosMx 6K	KLK11	0.0023875340974892	0.0807672346460174	0.0783797005485282	0.2459469347775746	0.2150072618346224	-0.03093967294295219		0.4855933162931863	True	0.0353754349052906	False
OV_VisiumHD_FFPE_to_CosMx6K	Benchmark_02	OV	Visium HD FFPE	CosMx 6K	KMT2C	-0.0008366702973844	0.0596207646807137	0.0604574349780981	0.305867437986389	0.2272505455878414	-0.07861689239854758		0.7000897088452455	True	0.022396795451641	False
OV_VisiumHD_FFPE_to_CosMx6K	Benchmark_02	OV	Visium HD FFPE	CosMx 6K	KRT19	-0.000326952307775	0.2303857367147884	0.2307126890225634	0.5394350868815195	0.525361053170675	-0.01407403371084448		0.2575461051989489	True	0.0079662641510367	False
OV_VisiumHD_FFPE_to_CosMx6K	Benchmark_02	OV	Visium HD FFPE	CosMx 6K	KRT7	0.0009391325070372	0.1700409652771509	0.1691018327701137	0.3587997919740627	0.3118189702762337	-0.04698082169782902		0.497275313385671	True	0.0214268844574689	False
OV_VisiumHD_FFPE_to_CosMx6K	Benchmark_02	OV	Visium HD FFPE	CosMx 6K	KRT8	-0.0004548615278337	0.2132621695209013	0.213717031048735	0.6194338771313531	0.5443141756387576	-0.0751197014925955		0.484239519229471	True	0.0511784739792346	False
OV_VisiumHD_FFPE_to_CosMx6K	Benchmark_02	OV	Visium HD FFPE	CosMx 6K	LAMA5	-0.0032859187693751	0.1102042951401916	0.1134902139095667	0.338932900056792	0.2863862330371279	-0.052546667019664095		0.5356482062199927	True	0.0191358048468828	False
OV_VisiumHD_FFPE_to_CosMx6K	Benchmark_02	OV	Visium HD FFPE	CosMx 6K	LAMC1	0.0016625976378246	0.0886304491215805	0.0869678514837559	0.3357392324011641	0.2646824540196472	-0.07105677838151692		0.6101548451130285	True	0.0153918573632836	False
OV_VisiumHD_FFPE_to_CosMx6K	Benchmark_02	OV	Visium HD FFPE	CosMx 6K	LAMP1	0.0003763986325656	0.0909571962573983	0.0905807976248327	0.3110944112610754	0.2514551348090987	-0.0596392764519767		0.582342938100283	True	0.0002671219408512	False
OV_VisiumHD_FFPE_to_CosMx6K	Benchmark_02	OV	Visium HD FFPE	CosMx 6K	LAMP2	0.0001146410445277	0.0520317506893796	0.0519171096448519	0.3031766494202958	0.2751222399883127	-0.02805440943198312		0.4306128097837858	True	0.0002979466225951	False
OV_VisiumHD_FFPE_to_CosMx6K	Benchmark_02	OV	Visium HD FFPE	CosMx 6K	LAMTOR1	-8.09245121180639e-05	0.0592014073100759	0.059282331822193966	0.303129820779359	0.2446138525010168	-0.05851596827834221		0.5875047581386164	True	0.018079936504364	False
OV_VisiumHD_FFPE_to_CosMx6K	Benchmark_02	OV	Visium HD FFPE	CosMx 6K	LAMTOR2	0.0023783823583377	0.0743105424260113	0.0719321600676736	0.2834828972323084	0.2610211381127584	-0.022461759119550007		0.3987855520732379	True	0.0014208601787686	False
OV_VisiumHD_FFPE_to_CosMx6K	Benchmark_02	OV	Visium HD FFPE	CosMx 6K	LAMTOR4	-0.0016509740468411	0.0798578282565277	0.0815088023033688	0.3582903069210971	0.3230896160290636	-0.03520069089203348		0.4396497291561053	True	0.0163006614893674	False
OV_VisiumHD_FFPE_to_CosMx6K	Benchmark_02	OV	Visium HD FFPE	CosMx 6K	LAPTM4A	-0.0012673965266626	0.0920866163529198	0.09335401287958241	0.2941678288644762	0.2534297599440568	-0.04073806892041937		0.5138366028541836	True	0.0114516653120517	False
OV_VisiumHD_FFPE_to_CosMx6K	Benchmark_02	OV	Visium HD FFPE	CosMx 6K	LAPTM4B	-0.0012223576606366	0.2521632321812604	0.253385589841897	0.6636889760562551	0.5383285092724539	-0.1253604667838012		0.6110761761922774	True	0.0827483981847763	False
OV_VisiumHD_FFPE_to_CosMx6K	Benchmark_02	OV	Visium HD FFPE	CosMx 6K	LAPTM5	0.0006949760725886	0.4836069871264894	0.4829120110539008	0.3605237093195771	0.2587398893926063	-0.10178381992697083		0.7029837180664664	True	0.026018913835287	False
OV_VisiumHD_FFPE_to_CosMx6K	Benchmark_02	OV	Visium HD FFPE	CosMx 6K	LCN2	-0.0025868985137699	0.2292854446787336	0.2318723431925035	0.2931636650491672	0.2553753625062639	-0.037788302542903274		0.4934964265524758	True	0.026706738397479	False
OV_VisiumHD_FFPE_to_CosMx6K	Benchmark_02	OV	Visium HD FFPE	CosMx 6K	LCP1	-0.0014683157837662	0.0985235451505734	0.09999186093433961	0.2527005824473936	0.205517699848285	-0.04718288259910858		0.5831515894448374	True	0.0116516714915633	False
OV_VisiumHD_FFPE_to_CosMx6K	Benchmark_02	OV	Visium HD FFPE	CosMx 6K	LDB1	-0.0002414341120799	-0.0054823214571267	-0.005240887345046801	0.2313450626348466	0.1908174719295728	-0.040527590705273814		0.5631186590122104	True	-0.0036182557232677	False
OV_VisiumHD_FFPE_to_CosMx6K	Benchmark_02	OV	Visium HD FFPE	CosMx 6K	LDLR	-0.0033899865294539	0.0802985535532434	0.0836885400826973	0.2782546548905332	0.2461852179161524	-0.032069436974380805		0.4681940085007585	True	0.0024516743142157	False
OV_VisiumHD_FFPE_to_CosMx6K	Benchmark_02	OV	Visium HD FFPE	CosMx 6K	LGALS1	0.0102240000455763	0.1454358046111659	0.1352118045655896	0.6351296107180086	0.5087088607537874	-0.12642074996422115		0.5741816263682116	True	0.0254803523421287	False
OV_VisiumHD_FFPE_to_CosMx6K	Benchmark_02	OV	Visium HD FFPE	CosMx 6K	LGALS3	-0.0031558616116453	0.0318793244607759	0.0350351860724212	0.2534372836593633	0.2028253551809006	-0.05061192847846269		0.5967665203431668	True	0.0068469354882836	False
OV_VisiumHD_FFPE_to_CosMx6K	Benchmark_02	OV	Visium HD FFPE	CosMx 6K	LGALS3BP	-0.0015871686917712	0.1874095814468033	0.1889967501385745	0.4890077075742867	0.4290630077887278	-0.059944699785558886		0.4964919563293836	True	-0.002374636940658	False
OV_VisiumHD_FFPE_to_CosMx6K	Benchmark_02	OV	Visium HD FFPE	CosMx 6K	LGMN	-0.0021617297481659	0.1771420232341202	0.1793037529822861	0.34536427817036	0.283750937323395	-0.06161334084696496		0.5706903028760856	True	0.0124242715537548	False
OV_VisiumHD_FFPE_to_CosMx6K	Benchmark_02	OV	Visium HD FFPE	CosMx 6K	LGR4	0.0011919833747178	0.0736869121365166	0.07249492876179879	0.2555795886464593	0.2294731964164249	-0.026106392230034386		0.4420455937220965	True	0.0219715479761362	False
OV_VisiumHD_FFPE_to_CosMx6K	Benchmark_02	OV	Visium HD FFPE	CosMx 6K	LIFR	-0.001333642949844	0.0315604260253517	0.0328940689751957	0.1983558314713308	0.1727754087061161	-0.02558042276521469		0.4913801447581616	True	-0.0034817226696759	False
OV_VisiumHD_FFPE_to_CosMx6K	Benchmark_02	OV	Visium HD FFPE	CosMx 6K	LIMK2	-0.0008931477617263	0.0535203854250562	0.0544135331867825	0.2577643280391311	0.2170545068709198	-0.040709821168211285		0.5383479134616654	True	0.0152824679389595	False
OV_VisiumHD_FFPE_to_CosMx6K	Benchmark_02	OV	Visium HD FFPE	CosMx 6K	LITAF	0.0007775923084852	0.0928419807981597	0.09206438848967449	0.2528119797450995	0.2094907171835727	-0.0433212625615268		0.5613253745489585	True	0.0113000785931944	False
OV_VisiumHD_FFPE_to_CosMx6K	Benchmark_02	OV	Visium HD FFPE	CosMx 6K	LMAN1	0.0020182094262362	0.0020182094262362	0.0	0.297694663758641	0.297694663758641	0.0			False	0.0129361515864729	False
OV_VisiumHD_FFPE_to_CosMx6K	Benchmark_02	OV	Visium HD FFPE	CosMx 6K	LMAN2	0.0007406536358611	0.110320837824804	0.1095801841889429	0.4045916564024225	0.3353384001791927	-0.06925325622322981		0.558967030447063	True	0.0057470728643238	False
OV_VisiumHD_FFPE_to_CosMx6K	Benchmark_02	OV	Visium HD FFPE	CosMx 6K	LMNA	0.0009488053733093	0.1375458054489616	0.13659700007565231	0.5338313418085232	0.456852386164178	-0.0769789556443452		0.5229846857114355	True	0.0090218316763639	False
OV_VisiumHD_FFPE_to_CosMx6K	Benchmark_02	OV	Visium HD FFPE	CosMx 6K	LMNB1	0.0033681002559385	0.0789867500965566	0.0756186498406181	0.2868244125718973	0.2628414592068354	-0.0239829533650619		0.4065509311964981	True	0.0200923830270767	False
OV_VisiumHD_FFPE_to_CosMx6K	Benchmark_02	OV	Visium HD FFPE	CosMx 6K	LMO4	0.0009459523732646	0.0377477070163615	0.0368017546430969	0.2930377167273073	0.2503152785119661	-0.04272243821534116		0.5190081123513953	True	0.0171551927924156	False
OV_VisiumHD_FFPE_to_CosMx6K	Benchmark_02	OV	Visium HD FFPE	CosMx 6K	LPAR3	-0.0009733633829823	0.0469380466878401	0.047911410070822405	0.2496637856472598	0.2041196313559868	-0.04554415429127301		0.5805459383500589	True	0.0251794680953025	False
OV_VisiumHD_FFPE_to_CosMx6K	Benchmark_02	OV	Visium HD FFPE	CosMx 6K	LPCAT1	0.0025007322801532	0.037079232222526	0.0345784999423728	0.2461886171266092	0.2239009807843769	-0.022287636342232298		0.4213539235342413	True	0.0022975939791649	False
OV_VisiumHD_FFPE_to_CosMx6K	Benchmark_02	OV	Visium HD FFPE	CosMx 6K	LPGAT1	-0.0007921341615234	0.0677120462195108	0.0685041803810342	0.2622793557137905	0.2374498907561838	-0.02482946495760671		0.4295128104965777	True	0.0079686203971505	False
OV_VisiumHD_FFPE_to_CosMx6K	Benchmark_02	OV	Visium HD FFPE	CosMx 6K	LRIG1	0.0030638621545475	0.0721252681638918	0.0690614060093443	0.3713418894318711	0.3032275098470735	-0.0681143795847976		0.5861467482145948	True	0.0210969075560569	False
OV_VisiumHD_FFPE_to_CosMx6K	Benchmark_02	OV	Visium HD FFPE	CosMx 6K	LRP1	-0.0026261150738716	0.1692337072527847	0.17185982232665628	0.2898266929511638	0.225310148000695	-0.06451654495046882		0.6312716490305978	True	0.0402114614844322	False
OV_VisiumHD_FFPE_to_CosMx6K	Benchmark_02	OV	Visium HD FFPE	CosMx 6K	LRP2	0.0024939648626073	0.0890620334475213	0.08656806858491399	0.2669885230137488	0.2276445472146447	-0.03934397579910412		0.522878633087412	True	0.0437210239470005	False
OV_VisiumHD_FFPE_to_CosMx6K	Benchmark_02	OV	Visium HD FFPE	CosMx 6K	LRP5	-0.0008201544020155	0.04344138093603	0.0442615353380455	0.2270631448541528	0.2008412225561323	-0.026221922298020506		0.4681257963903464	True	0.0075945844873785	False
OV_VisiumHD_FFPE_to_CosMx6K	Benchmark_02	OV	Visium HD FFPE	CosMx 6K	LRPAP1	-0.0022678267404681	0.061221576234584	0.0634894029750521	0.298511182423837	0.2620597070486723	-0.03645147537516469		0.484949251129458	True	0.0139078870415687	False
OV_VisiumHD_FFPE_to_CosMx6K	Benchmark_02	OV	Visium HD FFPE	CosMx 6K	LRPPRC	-0.0018700497840853	0.0883646415227657	0.090234691306851	0.3510194101817522	0.3102142418203706	-0.040805168361381594		0.4693494760697023	True	0.006469699088484	False
OV_VisiumHD_FFPE_to_CosMx6K	Benchmark_02	OV	Visium HD FFPE	CosMx 6K	LRRC41	0.0005462795630054	0.0005462795630054	0.0	0.2579892920300465	0.2579892920300465	0.0			False	0.0027292962186038	False
OV_VisiumHD_FFPE_to_CosMx6K	Benchmark_02	OV	Visium HD FFPE	CosMx 6K	LSM7	0.0015119318387355	0.0537224390494945	0.052210507210759004	0.2922298727639238	0.2646515111058765	-0.027578361658047335		0.4318360426773122	True	0.0097535671666264	False
OV_VisiumHD_FFPE_to_CosMx6K	Benchmark_02	OV	Visium HD FFPE	CosMx 6K	LSM8	0.0010654734172631	0.0431510623697692	0.042085588952506095	0.2750183476184932	0.2262782514605267	-0.048740096157966484		0.5697555269019805	True	0.0192946288734674	False
OV_VisiumHD_FFPE_to_CosMx6K	Benchmark_02	OV	Visium HD FFPE	CosMx 6K	LSR	0.0004636917025003	0.108118126922125	0.1076544352196247	0.3065959158102925	0.2887725223221362	-0.017823393488156314		0.3432265158985554	True	0.0104436660185456	False
OV_VisiumHD_FFPE_to_CosMx6K	Benchmark_02	OV	Visium HD FFPE	CosMx 6K	LTA4H	0.0019959893744849	0.0132574936335292	0.0112615042590443	0.1871996236534253	0.1527479969586987	-0.034451626694726595		0.5763343832070956	True	0.0013696482637897	False
OV_VisiumHD_FFPE_to_CosMx6K	Benchmark_02	OV	Visium HD FFPE	CosMx 6K	LTBP2	-0.0026407953034494	0.1623799909682637	0.1650207862717131	0.3411165477641371	0.2508569279475133	-0.09025961981662378		0.6821270323532718	True	0.072801761329174	False
OV_VisiumHD_FFPE_to_CosMx6K	Benchmark_02	OV	Visium HD FFPE	CosMx 6K	LUM	-4.9403739387905016e-05	0.4310923715532541	0.43114177529264197	0.3646331987976103	0.2800922342974828	-0.08454096450012749		0.6603911491018906	True	0.097873531281948	False
OV_VisiumHD_FFPE_to_CosMx6K	Benchmark_02	OV	Visium HD FFPE	CosMx 6K	LY6E	0.0077941249145737	0.2546247572989369	0.2468306323843632	0.6157002493310246	0.5151047279370449	-0.10059552139397976		0.5465491313647769	True	0.0593218728899955	False
OV_VisiumHD_FFPE_to_CosMx6K	Benchmark_02	OV	Visium HD FFPE	CosMx 6K	MACF1	-0.0007638980170462	0.0226156507510568	0.023379548768103	0.2108186943663319	0.1664071715596843	-0.04441152280664762		0.6104820336033191	True	-0.0067494492977857	False
OV_VisiumHD_FFPE_to_CosMx6K	Benchmark_02	OV	Visium HD FFPE	CosMx 6K	MAGED1	-0.000966432821734	0.0471017606108498	0.0480681934325838	0.3637123987064531	0.3190215085130621	-0.04469089019339101		0.4833488590113817	True	0.015187457203865	False
OV_VisiumHD_FFPE_to_CosMx6K	Benchmark_02	OV	Visium HD FFPE	CosMx 6K	MAGED2	0.0001254052413497	0.0622154126583001	0.0620900074169504	0.470846785013253	0.4073492692780289	-0.06349751573522411		0.5003424215713236	True	0.0036577321588993	False
OV_VisiumHD_FFPE_to_CosMx6K	Benchmark_02	OV	Visium HD FFPE	CosMx 6K	MAGT1	0.0012658990121162	0.0806635330404523	0.0793976340283361	0.284877119624473	0.2570494635101308	-0.02782765611434218		0.4359425333849693	True	0.0160813480615615	False
OV_VisiumHD_FFPE_to_CosMx6K	Benchmark_02	OV	Visium HD FFPE	CosMx 6K	MAML1	0.0016147033261816	0.0322521655181311	0.0306374621919495	0.2689470814942616	0.2437576817349585	-0.02518939975930312		0.4274452063943008	True	0.0030568316578865	False
OV_VisiumHD_FFPE_to_CosMx6K	Benchmark_02	OV	Visium HD FFPE	CosMx 6K	MANF	0.0024884756223122	0.0917462785263013	0.08925780290398909	0.3630307636406258	0.3185450986423689	-0.0444856649982569		0.4831983590380383	True	0.0135496892035007	False
OV_VisiumHD_FFPE_to_CosMx6K	Benchmark_02	OV	Visium HD FFPE	CosMx 6K	MAP2K2	-0.002997043780915	-0.002997043780915	0.0	0.2284701658968659	0.2284701658968659	0.0			False	0.0039459397085011	False
OV_VisiumHD_FFPE_to_CosMx6K	Benchmark_02	OV	Visium HD FFPE	CosMx 6K	MAP4	-0.0031298722270524	0.0147039933402736	0.017833865567326	0.2614173535374769	0.1546518943407131	-0.1067654591967638		0.90994172592366	True	0.0104589369148015	False
OV_VisiumHD_FFPE_to_CosMx6K	Benchmark_02	OV	Visium HD FFPE	CosMx 6K	MAP4K4	-0.0001987241838912	0.0130854575418303	0.0132841817257215	0.2681230109619689	0.2350164868523981	-0.033106524109570795		0.4848619753920139	True	-0.0065208273008465	False
OV_VisiumHD_FFPE_to_CosMx6K	Benchmark_02	OV	Visium HD FFPE	CosMx 6K	MAPK1	-3.768769226308999e-05	0.0570827968485039	0.057120484540766986	0.2729410203638747	0.2408144067523684	-0.03212661361150629		0.4741900296737051	True	-0.0005365542019717	False
OV_VisiumHD_FFPE_to_CosMx6K	Benchmark_02	OV	Visium HD FFPE	CosMx 6K	MAPKAPK2	0.000520860338344	0.000520860338344	0.0	0.2381731150507887	0.2381731150507887	0.0			False	0.0015864484012126	False
OV_VisiumHD_FFPE_to_CosMx6K	Benchmark_02	OV	Visium HD FFPE	CosMx 6K	MARCKS	-0.0026628743621844	0.2454719798730625	0.2481348542352469	0.3568148777797064	0.3171600288655751	-0.03965484891413129		0.4897742246053023	True	0.0257127322256565	False
OV_VisiumHD_FFPE_to_CosMx6K	Benchmark_02	OV	Visium HD FFPE	CosMx 6K	MARCKSL1	-0.0019177032002335	0.0710315466475838	0.0729492498478173	0.4492717207094566	0.4103718763383753	-0.038899844371081294		0.4263182975234494	True	0.0055470643565058	False
OV_VisiumHD_FFPE_to_CosMx6K	Benchmark_02	OV	Visium HD FFPE	CosMx 6K	MARK3	0.0008020862145385	0.0332235234803915	0.032421437265853004	0.2437251845047892	0.2184930351871445	-0.025232149317644698		0.4475958146426468	True	0.0085382470861077	False
OV_VisiumHD_FFPE_to_CosMx6K	Benchmark_02	OV	Visium HD FFPE	CosMx 6K	MAVS	-0.0005954230630195	0.0515528352962866	0.052148258359306095	0.2136972161474815	0.1798751669957481	-0.0338220491517334		0.5389942847080171	True	0.0098663894459605	False
OV_VisiumHD_FFPE_to_CosMx6K	Benchmark_02	OV	Visium HD FFPE	CosMx 6K	MAX	0.0009483456537866	0.0009483456537866	0.0	0.2909249594753579	0.2909249594753579	0.0			False	0.0076324813999235	False
OV_VisiumHD_FFPE_to_CosMx6K	Benchmark_02	OV	Visium HD FFPE	CosMx 6K	MBNL1	-0.0004945101605673	-0.0004945101605673	0.0	0.2188166875221026	0.2188166875221026	0.0			False	0.0073247738182544	False
OV_VisiumHD_FFPE_to_CosMx6K	Benchmark_02	OV	Visium HD FFPE	CosMx 6K	MBOAT7	0.0008458767105058	0.0619769975660325	0.061131120855526695	0.264461630077272	0.235548175423473	-0.02891345465379902		0.4572788627511374	True	0.0232309512794017	False
OV_VisiumHD_FFPE_to_CosMx6K	Benchmark_02	OV	Visium HD FFPE	CosMx 6K	MCFD2	-0.000376789892367	0.0318494945946006	0.0322262844869676	0.228462220398137	0.1976542668394818	-0.030807953558655177		0.5020692428904249	True	-0.0052226274274289	False
OV_VisiumHD_FFPE_to_CosMx6K	Benchmark_02	OV	Visium HD FFPE	CosMx 6K	MCL1	-0.0067080137011477	0.149474395569918	0.15618240927106572	0.6151628008952015	0.5283429372850316	-0.08681986361016991		0.5155320126543911	True	0.0097990073263645	False
OV_VisiumHD_FFPE_to_CosMx6K	Benchmark_02	OV	Visium HD FFPE	CosMx 6K	MCM3	0.0003743648275384	0.0774723073460925	0.0770979425185541	0.2802213035344177	0.2584506742493452	-0.021770629285072507		0.3924866308230774	True	0.0148196127265691	False
OV_VisiumHD_FFPE_to_CosMx6K	Benchmark_02	OV	Visium HD FFPE	CosMx 6K	MCM4	-0.0007612947526151	0.0611069966233737	0.061868291375988795	0.2907541172576445	0.2596223159617745	-0.03113180129587001		0.451836978329244	True	0.0205902438610792	False
OV_VisiumHD_FFPE_to_CosMx6K	Benchmark_02	OV	Visium HD FFPE	CosMx 6K	MCM5	0.001350416839099	0.0910125181263548	0.0896621012872558	0.2815657320992873	0.2579320015467336	-0.02363373055255369		0.4044065097952962	True	0.0200700089335441	False
OV_VisiumHD_FFPE_to_CosMx6K	Benchmark_02	OV	Visium HD FFPE	CosMx 6K	MCM7	0.0007917194316789	0.0726779414991164	0.0718862220674375	0.2869141906121534	0.2514777914745084	-0.035436399137645014		0.4819017512183511	True	0.0196887049823999	False
OV_VisiumHD_FFPE_to_CosMx6K	Benchmark_02	OV	Visium HD FFPE	CosMx 6K	MDH2	-0.0013789056107046	0.1400399926712033	0.1414188982819079	0.4178976952438832	0.3951478362587418	-0.022749858985141425		0.3447755776881644	True	0.009547334164381	False
OV_VisiumHD_FFPE_to_CosMx6K	Benchmark_02	OV	Visium HD FFPE	CosMx 6K	MDK	-0.0006512248373039	0.2468519557843524	0.2475031806216563	0.8473459094229429	0.7918213621079878	-0.05552454731495504		0.4205524690966239	True	0.0572072975337505	False
OV_VisiumHD_FFPE_to_CosMx6K	Benchmark_02	OV	Visium HD FFPE	CosMx 6K	MDM2	-0.0010105981330109	-0.0010105981330109	0.0	0.2144272925729819	0.2144272925729819	0.0			False	-0.005527522880584	False
OV_VisiumHD_FFPE_to_CosMx6K	Benchmark_02	OV	Visium HD FFPE	CosMx 6K	MDM4	-0.0038917805018964	0.0457191242871855	0.049610904789081894	0.2902897039631143	0.2343960291229443	-0.05589367484017002		0.5895728431954437	True	0.0213463511317968	False
OV_VisiumHD_FFPE_to_CosMx6K	Benchmark_02	OV	Visium HD FFPE	CosMx 6K	MEA1	-0.0006616836340097	0.0693508844686278	0.0700125681026375	0.298992329456696	0.2701528383578156	-0.0288394910988804		0.4348755321716779	True	0.0115710133686661	False
OV_VisiumHD_FFPE_to_CosMx6K	Benchmark_02	OV	Visium HD FFPE	CosMx 6K	MEAF6	0.0007503853516342	0.0184814974985272	0.017731112146893	0.2198361548070861	0.1882613296444234	-0.03157482516266269		0.5166138359485315	True	-0.007099631242454	False
OV_VisiumHD_FFPE_to_CosMx6K	Benchmark_02	OV	Visium HD FFPE	CosMx 6K	MECOM	-0.0008524028947249	0.059849373408711	0.0607017763034359	0.2539324864818673	0.2216380559170303	-0.03229443056483697		0.4880673073381151	True	0.0182953961193561	False
OV_VisiumHD_FFPE_to_CosMx6K	Benchmark_02	OV	Visium HD FFPE	CosMx 6K	MED1	-0.0010119211010212	0.039046498485322	0.040058419586343194	0.2312133472884331	0.2039480949896155	-0.0272652522988176		0.4728418390167689	True	-0.0008989027119241	False
OV_VisiumHD_FFPE_to_CosMx6K	Benchmark_02	OV	Visium HD FFPE	CosMx 6K	MED10	-0.0003086019565196	0.0599610367475262	0.0602696387040458	0.2894977111492847	0.2663558563834644	-0.023141854765820313		0.4005189253493573	True	0.0073176622390747	False
OV_VisiumHD_FFPE_to_CosMx6K	Benchmark_02	OV	Visium HD FFPE	CosMx 6K	MED13	-0.0025528038539975	0.0317791522553783	0.0343319561093758	0.2259029902048668	0.2002161400663394	-0.025686850138527395		0.4657859971934355	True	-0.0040050498209893	False
OV_VisiumHD_FFPE_to_CosMx6K	Benchmark_02	OV	Visium HD FFPE	CosMx 6K	MED13L	-0.0002740148982132	0.0360421365335866	0.0363161514317998	0.2004196134875282	0.1701458594348209	-0.030273754052707297		0.5277789158046431	True	-0.0068714800290763	False
OV_VisiumHD_FFPE_to_CosMx6K	Benchmark_02	OV	Visium HD FFPE	CosMx 6K	MED24	7.383036663398037e-05	0.0481993835319518	0.04812555316531782	0.2399785290462804	0.217646408055463	-0.022332120990817383		0.4249126063743598	True	0.0020758872851729	False
OV_VisiumHD_FFPE_to_CosMx6K	Benchmark_02	OV	Visium HD FFPE	CosMx 6K	MED25	-0.0018681633177007	0.0575744791967638	0.059442642514464496	0.301771373941912	0.2679971445869087	-0.033774229355003293		0.4620432744165612	True	0.007669058162719	False
OV_VisiumHD_FFPE_to_CosMx6K	Benchmark_02	OV	Visium HD FFPE	CosMx 6K	MED30	0.0019001767755929	0.0806049554822487	0.0787047787066558	0.2953149085492301	0.2775887768047648	-0.0177261317444653		0.3511552739193235	True	0.0155911324545741	False
OV_VisiumHD_FFPE_to_CosMx6K	Benchmark_02	OV	Visium HD FFPE	CosMx 6K	MEIS1	-0.0008276889000318	0.1191974942956533	0.1200251831956851	0.4346792636322075	0.376827940983065	-0.0578513226491425		0.4984147449691453	True	0.0360961891710758	False
OV_VisiumHD_FFPE_to_CosMx6K	Benchmark_02	OV	Visium HD FFPE	CosMx 6K	MELTF	0.001970862943135	0.103520804686382	0.101549941743247	0.3143340215970068	0.2946685316931173	-0.0196654899038895		0.3537802125035868	True	0.0262890979647636	False
OV_VisiumHD_FFPE_to_CosMx6K	Benchmark_02	OV	Visium HD FFPE	CosMx 6K	MGAT1	0.0008786895016654	0.0433569370590841	0.0424782475574187	0.3039320176648514	0.270358807541102	-0.03357321012374942		0.467108829858997	True	0.0027264978270977	False
OV_VisiumHD_FFPE_to_CosMx6K	Benchmark_02	OV	Visium HD FFPE	CosMx 6K	MGAT4A	0.0007650675209124	0.0618309859106365	0.061065918389724104	0.2303695890952644	0.1960741232998023	-0.03429546579546208		0.5241762747725417	True	0.001494966680184	False
OV_VisiumHD_FFPE_to_CosMx6K	Benchmark_02	OV	Visium HD FFPE	CosMx 6K	MGMT	-0.0006789835287463	0.102041730667957	0.10272071419670331	0.3338130781534316	0.3142420456624754	-0.01957103249095621		0.3472389908460379	True	0.0088391797617077	False
OV_VisiumHD_FFPE_to_CosMx6K	Benchmark_02	OV	Visium HD FFPE	CosMx 6K	MGP	3.060001721103702e-05	0.3117674492730939	0.31173684925588285	0.3253955114221059	0.2360865087594685	-0.08930900266263739		0.6925739148802608	True	0.0876256674528122	False
OV_VisiumHD_FFPE_to_CosMx6K	Benchmark_02	OV	Visium HD FFPE	CosMx 6K	MGST3	0.004968582223652	0.004968582223652	0.0	0.301481405038249	0.301481405038249	0.0			False	0.0029810240957885	False
OV_VisiumHD_FFPE_to_CosMx6K	Benchmark_02	OV	Visium HD FFPE	CosMx 6K	MID1IP1	-0.0035626060798119	0.0727729353695835	0.0763355414493954	0.2784597609348607	0.2577758119974819	-0.020683948937378793		0.3843964711159052	True	0.0158944800496101	False
OV_VisiumHD_FFPE_to_CosMx6K	Benchmark_02	OV	Visium HD FFPE	CosMx 6K	MIF	-0.0022137791588123	0.0654580777284213	0.0676718568872336	0.5949208269013713	0.5738342107750479	-0.021086616126323343		0.3191466720762987	True	0.0196660086512565	False
OV_VisiumHD_FFPE_to_CosMx6K	Benchmark_02	OV	Visium HD FFPE	CosMx 6K	MLEC	0.0027816119496693	0.0934752210548571	0.0906936091051878	0.3399667024021264	0.3056263880306034	-0.03434031437152302		0.4431338065047219	True	-0.0012303991243243	False
OV_VisiumHD_FFPE_to_CosMx6K	Benchmark_02	OV	Visium HD FFPE	CosMx 6K	MLX	0.001143805521032	0.0423353913077758	0.0411915857867438	0.2614938817673086	0.2404200972602181	-0.021073784507090493		0.4020467718544177	True	0.0168365929275751	False
OV_VisiumHD_FFPE_to_CosMx6K	Benchmark_02	OV	Visium HD FFPE	CosMx 6K	MMP11	-0.0042447210074896	0.1804107869765747	0.1846555079840643	0.4078808839638271	0.2840251079597275	-0.12385577600409958		0.7392143438148754	True	0.1347549259662628	True
OV_VisiumHD_FFPE_to_CosMx6K	Benchmark_02	OV	Visium HD FFPE	CosMx 6K	MMP14	0.0036324460894713	0.3244632227835477	0.32083077669407645	0.3883507960709121	0.3026077628083421	-0.08574303326256999		0.6402509042969582	True	0.0600410066545009	False
OV_VisiumHD_FFPE_to_CosMx6K	Benchmark_02	OV	Visium HD FFPE	CosMx 6K	MMP2	-0.0014278320373247	0.3879139714745185	0.3893418035118432	0.4069566658126626	0.2358528102503129	-0.1711038555623497		0.808888977227744	True	0.1715947985649109	True
OV_VisiumHD_FFPE_to_CosMx6K	Benchmark_02	OV	Visium HD FFPE	CosMx 6K	MOGS	-0.0016054480465807	0.0754116343333704	0.07701708237995111	0.2893891872842815	0.2675529941355267	-0.02183619314875479		0.3874969381440821	True	0.0038913690950721	False
OV_VisiumHD_FFPE_to_CosMx6K	Benchmark_02	OV	Visium HD FFPE	CosMx 6K	MORF4L2	-0.0001513233424887	-0.0001513233424887	0.0	0.4013926052832687	0.4013926052832687	0.0			False	0.0024470686912536	False
OV_VisiumHD_FFPE_to_CosMx6K	Benchmark_02	OV	Visium HD FFPE	CosMx 6K	MPV17	0.000615522915311	0.000615522915311	0.0	0.2172084105573372	0.2172084105573372	0.0			False	-0.0025993194431066	False
OV_VisiumHD_FFPE_to_CosMx6K	Benchmark_02	OV	Visium HD FFPE	CosMx 6K	MRC2	0.0050199665681776	0.1514364407080496	0.146416474139872	0.2692697866125046	0.2111309336080368	-0.058138853004467805		0.6262786950655665	True	0.0372378826141357	False
OV_VisiumHD_FFPE_to_CosMx6K	Benchmark_02	OV	Visium HD FFPE	CosMx 6K	MSH2	0.0011795687326595	0.0484041585039629	0.0472245897713034	0.2071810057202955	0.1771003974127169	-0.030080608307578582		0.5189466578261223	True	0.0046688294969499	False
OV_VisiumHD_FFPE_to_CosMx6K	Benchmark_02	OV	Visium HD FFPE	CosMx 6K	MSH6	-0.0015792313189339	0.0477274069716911	0.049306638290625	0.2633006663460728	0.2358027862103801	-0.02749788013569271		0.4472799843545325	True	0.0031390890944749	False
OV_VisiumHD_FFPE_to_CosMx6K	Benchmark_02	OV	Visium HD FFPE	CosMx 6K	MSL1	-0.0006546197920909	0.0485997421407995	0.0492543619328904	0.233553341785405	0.2062535347022894	-0.02729980708311558		0.4704370554015268	True	-0.0018949605291709	False
OV_VisiumHD_FFPE_to_CosMx6K	Benchmark_02	OV	Visium HD FFPE	CosMx 6K	MSLN	-0.0047417707149197	0.1730265372168156	0.17776830793173531	0.4179715863063385	0.370166781470761	-0.04780480483557753		0.4655809113066038	True	0.0578685365617275	False
OV_VisiumHD_FFPE_to_CosMx6K	Benchmark_02	OV	Visium HD FFPE	CosMx 6K	MSN	-0.0002242759440417	0.0964965373859259	0.0967208133299676	0.3748745667971397	0.3195324562150305	-0.055342110582109194		0.5226638608691837	True	0.0170353166759014	False
OV_VisiumHD_FFPE_to_CosMx6K	Benchmark_02	OV	Visium HD FFPE	CosMx 6K	MT2A	-0.0081725151094508	0.295796014220023	0.3039685293294738	0.6004413203792069	0.4951737997877353	-0.10526752059147165		0.6051500986323258	True	0.0657969266176223	False
OV_VisiumHD_FFPE_to_CosMx6K	Benchmark_02	OV	Visium HD FFPE	CosMx 6K	MTA1	-0.0002668427560191	0.0571908673549284	0.057457710110947496	0.2730747785226706	0.2367103881880583	-0.03636439033461228		0.4987411528228115	True	0.0021202678326517	False
OV_VisiumHD_FFPE_to_CosMx6K	Benchmark_02	OV	Visium HD FFPE	CosMx 6K	MTHFD2	-0.0006224278678003	0.0852361251787069	0.0858585530465072	0.3813934922844488	0.3301472276568813	-0.051246264627567484		0.5013865573654666	True	0.0360501110553741	False
OV_VisiumHD_FFPE_to_CosMx6K	Benchmark_02	OV	Visium HD FFPE	CosMx 6K	MTX2	-0.0015335820016832	0.0708850817647832	0.0724186637664664	0.2884989060880055	0.2619885909663375	-0.026510315121668016		0.4224309064725637	True	0.0174910351634025	False
OV_VisiumHD_FFPE_to_CosMx6K	Benchmark_02	OV	Visium HD FFPE	CosMx 6K	MUC1	0.0068964965592214	0.2470007643387043	0.2401042677794829	0.5899329014685054	0.463398737715023	-0.12653416375348242		0.6611996247803705	True	0.1160866990685463	True
OV_VisiumHD_FFPE_to_CosMx6K	Benchmark_02	OV	Visium HD FFPE	CosMx 6K	MX1	0.0014283391759812	0.1591721271613426	0.1577437879853614	0.5163579702793962	0.4235530074299395	-0.09280496284945672		0.5678545742012748	True	0.0630698055028915	False
OV_VisiumHD_FFPE_to_CosMx6K	Benchmark_02	OV	Visium HD FFPE	CosMx 6K	MYBL2	0.0009680660845319	0.0706421330771325	0.0696740669926006	0.2947713336057095	0.2553392747228926	-0.03943205888281692		0.5127577250527837	True	0.0263145100325346	False
OV_VisiumHD_FFPE_to_CosMx6K	Benchmark_02	OV	Visium HD FFPE	CosMx 6K	MYC	-0.0041501560076367	0.0891897713530886	0.0933399273607253	0.3628978490787765	0.3279259882339468	-0.03497186084482967		0.4456062894464332	True	0.0130711803212761	False
OV_VisiumHD_FFPE_to_CosMx6K	Benchmark_02	OV	Visium HD FFPE	CosMx 6K	MYD88	-0.0024896593159513	0.047145744640411	0.049635403956362296	0.2301524127934947	0.1932655169932682	-0.0368868958002265		0.5420713814519985	True	0.00059437926393	False
OV_VisiumHD_FFPE_to_CosMx6K	Benchmark_02	OV	Visium HD FFPE	CosMx 6K	MYDGF	0.0017232410220391	0.0655777075028284	0.0638544664807893	0.2928417578763433	0.2510091056815321	-0.04183265219481119		0.5147265697972069	True	0.0219534765928983	False
OV_VisiumHD_FFPE_to_CosMx6K	Benchmark_02	OV	Visium HD FFPE	CosMx 6K	MYEF2	-6.415068747314563e-05	0.0394476485562999	0.039511799243773044	0.2147919061066706	0.1863816965062125	-0.028410209600458092		0.4970661035603948	True	-0.0047715003602206	False
OV_VisiumHD_FFPE_to_CosMx6K	Benchmark_02	OV	Visium HD FFPE	CosMx 6K	MYH9	0.0029292143827764	0.13070417640858	0.1277749620258036	0.7966309186572839	0.7724405741298098	-0.02419034452747404		0.3350398539511903	True	0.0086366478353738	False
OV_VisiumHD_FFPE_to_CosMx6K	Benchmark_02	OV	Visium HD FFPE	CosMx 6K	MYL6	-0.0018100348611931	0.1872206138841975	0.1890306487453906	0.6195489925432884	0.574904059227673	-0.044644933315615476		0.432091091045496	True	-0.0054438086226582	False
OV_VisiumHD_FFPE_to_CosMx6K	Benchmark_02	OV	Visium HD FFPE	CosMx 6K	MYL9	0.004281228733302	0.2589029175811772	0.2546216888478752	0.5746258774886129	0.5266432736577563	-0.04798260383085662		0.478678676620083	True	0.0135115906596183	False
OV_VisiumHD_FFPE_to_CosMx6K	Benchmark_02	OV	Visium HD FFPE	CosMx 6K	MYLIP	-0.0027927953890742	0.0867774662164888	0.089570261605563	0.2888670610559053	0.2702417542978295	-0.018625306758075832		0.3610506116689974	True	0.0009228833951056	False
OV_VisiumHD_FFPE_to_CosMx6K	Benchmark_02	OV	Visium HD FFPE	CosMx 6K	MYO1B	-0.0021067696161225	0.0775744558409022	0.07968122545702469	0.2310767613913834	0.1977209039971661	-0.033355857394217286		0.5216268500442375	True	-0.0071011874824762	False
OV_VisiumHD_FFPE_to_CosMx6K	Benchmark_02	OV	Visium HD FFPE	CosMx 6K	MYO9B	0.0032078642401416	0.0299739998426716	0.02676613560253	0.1896011671382531	0.1512189313391174	-0.03838223579913569		0.6007886080771542	True	0.0024510079529136	False
OV_VisiumHD_FFPE_to_CosMx6K	Benchmark_02	OV	Visium HD FFPE	CosMx 6K	NAPRT	-0.0004239084211967	0.0438380260817138	0.0442619345029105	0.1830155113878225	0.1431626128047134	-0.039852898583109087		0.6240731204220725	True	0.0061403270810842	False
OV_VisiumHD_FFPE_to_CosMx6K	Benchmark_02	OV	Visium HD FFPE	CosMx 6K	NBL1	-0.0016754029873653	0.2584825992328136	0.2601580022201789	0.2751697214448769	0.2073750719587804	-0.06779464948609648		0.6620351553762965	True	0.0506277866661548	False
OV_VisiumHD_FFPE_to_CosMx6K	Benchmark_02	OV	Visium HD FFPE	CosMx 6K	NCBP2	-0.0010185855419733	0.0313258405106921	0.0323444260526654	0.2109129030707799	0.1531969979809224	-0.057715905089857494		0.6967191446787792	True	0.0048097572289407	False
OV_VisiumHD_FFPE_to_CosMx6K	Benchmark_02	OV	Visium HD FFPE	CosMx 6K	NCKAP1	0.0006654273393868	0.0471054839528799	0.0464400566134931	0.2531112942009978	0.2283989957108198	-0.024712298490178003		0.4354535799258057	True	-0.0028603037353605	False
OV_VisiumHD_FFPE_to_CosMx6K	Benchmark_02	OV	Visium HD FFPE	CosMx 6K	NCOR2	0.0002834813535787	0.0002834813535787	0.0	0.273107849344766	0.273107849344766	0.0			False	0.0193392727524042	False
OV_VisiumHD_FFPE_to_CosMx6K	Benchmark_02	OV	Visium HD FFPE	CosMx 6K	NCSTN	-0.0016381221659938	0.0660941401439587	0.0677322623099525	0.2933489433608445	0.2727210982543553	-0.020627845106489184		0.3801831890856221	True	-0.0057130204513669	False
OV_VisiumHD_FFPE_to_CosMx6K	Benchmark_02	OV	Visium HD FFPE	CosMx 6K	NDRG1	-0.0086292423942594	0.0362240547987088	0.0448532971929682	0.3358534585134362	0.2883069684621595	-0.0475464900512767		0.5180818054527563	True	0.0379155613481998	False
OV_VisiumHD_FFPE_to_CosMx6K	Benchmark_02	OV	Visium HD FFPE	CosMx 6K	NDUFA1	-0.0006645276099999	0.1420166193595474	0.1426811469695473	0.4690756304232304	0.4302159778652294	-0.038859652558001		0.4154259425184243	True	0.0274752881377935	False
OV_VisiumHD_FFPE_to_CosMx6K	Benchmark_02	OV	Visium HD FFPE	CosMx 6K	NDUFA10	-0.0010068717501292	0.0421182741093813	0.0431251458595105	0.2527087334678622	0.2265419543369557	-0.02616677913090651		0.447179012097202	True	0.0097143361344933	False
OV_VisiumHD_FFPE_to_CosMx6K	Benchmark_02	OV	Visium HD FFPE	CosMx 6K	NDUFA11	0.0016796235713293	0.1156078033481254	0.1139281797767961	0.4102831195028856	0.3976102003876948	-0.012672919115190806		0.2735135105438435	True	0.016183353960514	False
OV_VisiumHD_FFPE_to_CosMx6K	Benchmark_02	OV	Visium HD FFPE	CosMx 6K	NDUFA13	0.0025935229137777	0.1460177735087321	0.1434242505949544	0.457489191610993	0.4358588680959073	-0.021630323515085703		0.3322156286609963	True	0.0068424954079091	False
OV_VisiumHD_FFPE_to_CosMx6K	Benchmark_02	OV	Visium HD FFPE	CosMx 6K	NDUFA2	0.0019963627213592	0.1141672555457052	0.112170892824346	0.3790438872621168	0.3450080416151515	-0.034035845646965324		0.4247468600892917	True	0.0061252336017787	False
OV_VisiumHD_FFPE_to_CosMx6K	Benchmark_02	OV	Visium HD FFPE	CosMx 6K	NDUFA3	-0.0028305647032983	0.1486970717848036	0.15152763648810189	2.3338301453458823	2.3344303967594904	0.0006002514136080883		0.1134903553195619	True	-0.0021089743822813	False
OV_VisiumHD_FFPE_to_CosMx6K	Benchmark_02	OV	Visium HD FFPE	CosMx 6K	NDUFA4	0.0019940715487082	0.0656111218534262	0.063617050304718	0.3636242699457464	0.3000326913921622	-0.06359157855358422		0.559673257206257	True	0.0038733256515115	False
OV_VisiumHD_FFPE_to_CosMx6K	Benchmark_02	OV	Visium HD FFPE	CosMx 6K	NDUFA5	-0.0004214980060308	0.0257433694210226	0.0261648674270534	0.2016965039156761	0.1734494337405505	-0.028247070175125594		0.5100863304237675	True	0.0098989997059106	False
OV_VisiumHD_FFPE_to_CosMx6K	Benchmark_02	OV	Visium HD FFPE	CosMx 6K	NDUFA8	0.0003658827839107	0.0477379406949718	0.047372057911061104	0.2542537344609188	0.2289995817545638	-0.025254152706355004		0.4381924689629404	True	0.0034978149924427	False
OV_VisiumHD_FFPE_to_CosMx6K	Benchmark_02	OV	Visium HD FFPE	CosMx 6K	NDUFAB1	-0.0002531371291023	0.0489508846025303	0.049204021731632595	0.2855155515418738	0.2461041825380757	-0.0394113690037981		0.5067452215921334	True	0.0193379092961549	False
OV_VisiumHD_FFPE_to_CosMx6K	Benchmark_02	OV	Visium HD FFPE	CosMx 6K	NDUFB1	-0.0023786800108654	0.0533997864903318	0.0557784665011972	0.3346778767644361	0.3128162889254517	-0.021861587838984398		0.3696632302770218	True	0.006948051508516	False
OV_VisiumHD_FFPE_to_CosMx6K	Benchmark_02	OV	Visium HD FFPE	CosMx 6K	NDUFB10	0.000997957025539	0.0474529587637132	0.0464550017381742	0.263167949133668	0.2322041971773699	-0.03096375195629808		0.4736573525636278	True	0.0071219233796	False
OV_VisiumHD_FFPE_to_CosMx6K	Benchmark_02	OV	Visium HD FFPE	CosMx 6K	NDUFB11	0.0008279441168565	0.1372969040284219	0.1364689599115654	0.378166697382141	0.3580091767672704	-0.020157520614870583		0.3409978298691714	True	0.0083767548203468	False
OV_VisiumHD_FFPE_to_CosMx6K	Benchmark_02	OV	Visium HD FFPE	CosMx 6K	NDUFB2	-0.0001180610571465	0.1389835537413539	0.13910161479850042	0.4096122500517319	0.3758986126955064	-0.03371363735622551		0.4104852657725678	True	0.0197205580770969	False
OV_VisiumHD_FFPE_to_CosMx6K	Benchmark_02	OV	Visium HD FFPE	CosMx 6K	NDUFB3	0.0015784631800883	0.0727157984191436	0.07113733523905531	0.2933093121527709	0.2770692466202356	-0.01624006553253532		0.3409447680592664	True	-0.0016632108017802	False
OV_VisiumHD_FFPE_to_CosMx6K	Benchmark_02	OV	Visium HD FFPE	CosMx 6K	NDUFB5	-0.0007378314082775	0.0264791870668692	0.0272170184751467	0.2342309338863515	0.1790482857925216	-0.05518264809382989		0.6480087549530174	True	0.0105547392740845	False
OV_VisiumHD_FFPE_to_CosMx6K	Benchmark_02	OV	Visium HD FFPE	CosMx 6K	NDUFB6	0.0017989295196496	0.0321508791868213	0.030351949667171703	0.2534953301538888	0.2279190252864764	-0.025576304867412414		0.4428568862929985	True	0.0060625239275395	False
OV_VisiumHD_FFPE_to_CosMx6K	Benchmark_02	OV	Visium HD FFPE	CosMx 6K	NDUFB7	-0.0007851668273675	0.1528304992464813	0.1536156660738488	0.4652531704263877	0.425437665808093	-0.039815504618294695		0.420342136442631	True	0.006795949768275	False
OV_VisiumHD_FFPE_to_CosMx6K	Benchmark_02	OV	Visium HD FFPE	CosMx 6K	NDUFB8	0.0011281341765761	0.0011281341765761	0.0	0.2797883616227162	0.2797883616227162	0.0			False	0.0034118369221687	False
OV_VisiumHD_FFPE_to_CosMx6K	Benchmark_02	OV	Visium HD FFPE	CosMx 6K	NDUFB9	-0.0023408156423863	0.1628132836148666	0.1651540992572529	0.4441941757675528	0.3689808268020118	-0.07521334896554105		0.5572183232314148	True	0.0560346543788909	False
OV_VisiumHD_FFPE_to_CosMx6K	Benchmark_02	OV	Visium HD FFPE	CosMx 6K	NDUFC2	-0.0002275424628102	0.0256130438652544	0.025840586328064602	0.2647473958035888	0.1946026084571145	-0.07014478734647431		0.7055365610963025	True	0.015024279244244	False
OV_VisiumHD_FFPE_to_CosMx6K	Benchmark_02	OV	Visium HD FFPE	CosMx 6K	NDUFS2	0.0004954456137157	0.0548461847912906	0.0543507391775749	0.2300261961985878	0.1832892688836941	-0.046736927314893706		0.6039727817402558	True	0.0256885979324579	False
OV_VisiumHD_FFPE_to_CosMx6K	Benchmark_02	OV	Visium HD FFPE	CosMx 6K	NDUFS3	0.0012998589711996	0.0694267234877397	0.06812686451654011	0.2958299186879186	0.2710936236665339	-0.02473629502138469		0.4069914200502388	True	0.0186507869511842	False
OV_VisiumHD_FFPE_to_CosMx6K	Benchmark_02	OV	Visium HD FFPE	CosMx 6K	NDUFS6	0.0018687202486897	0.1158353534436137	0.113966633194924	0.3882128818851238	0.3646972009161097	-0.02351568096901413		0.3624611919208937	True	0.0010013740975409	False
OV_VisiumHD_FFPE_to_CosMx6K	Benchmark_02	OV	Visium HD FFPE	CosMx 6K	NDUFV1	-0.0024652635710709	0.1066211634351494	0.10908642700622029	0.3409122403735388	0.2765102852922503	-0.06440195508128849		0.5894762290632216	True	0.0273966658860445	False
OV_VisiumHD_FFPE_to_CosMx6K	Benchmark_02	OV	Visium HD FFPE	CosMx 6K	NDUFV2	0.0024383130169456	0.0642492758601885	0.061810962843242896	0.3242454030245822	0.282577881341791	-0.0416675216827912		0.4910137713886578	True	0.0150566734373569	False
OV_VisiumHD_FFPE_to_CosMx6K	Benchmark_02	OV	Visium HD FFPE	CosMx 6K	NECTIN2	0.0010879451699374	0.0730644424402631	0.07197649727032569	0.3252383389280756	0.2861087268318498	-0.039129612096225785		0.4792820866221076	True	0.0093847829848527	False
OV_VisiumHD_FFPE_to_CosMx6K	Benchmark_02	OV	Visium HD FFPE	CosMx 6K	NES	-0.0013559294171317	0.0624424782020568	0.0637984076191885	0.2311583459845118	0.1926299676445323	-0.03852837833997949		0.551331181121763	True	0.0085115004330873	False
OV_VisiumHD_FFPE_to_CosMx6K	Benchmark_02	OV	Visium HD FFPE	CosMx 6K	NFE2L2	-0.0012480515477212	-0.0012480515477212	0.0	0.2697950925775697	0.2697950925775697	0.0			False	0.0013635716168209	False
OV_VisiumHD_FFPE_to_CosMx6K	Benchmark_02	OV	Visium HD FFPE	CosMx 6K	NFIB	-0.0007093070218638	0.0285745767882519	0.0292838838101157	0.2113573220497462	0.1723301298103058	-0.0390271922394404		0.5767732883686213	True	0.0008839201764203	False
OV_VisiumHD_FFPE_to_CosMx6K	Benchmark_02	OV	Visium HD FFPE	CosMx 6K	NFIL3	3.960734010641667e-05	3.960734010641667e-05	0.0	0.212198385883971	0.212198385883971	0.0			False	-0.0092787751927971	False
OV_VisiumHD_FFPE_to_CosMx6K	Benchmark_02	OV	Visium HD FFPE	CosMx 6K	NFKB2	-0.0006414336372948	-0.0006414336372948	0.0	0.2256895432091074	0.2256895432091074	0.0			False	0.0224626883864402	False
OV_VisiumHD_FFPE_to_CosMx6K	Benchmark_02	OV	Visium HD FFPE	CosMx 6K	NFKBIA	-0.0037003297151087	0.1103257565170635	0.1140260862321722	0.4650647609453845	0.4073789113459001	-0.05768584959948442		0.4915475900406777	True	0.0124196922406554	False
OV_VisiumHD_FFPE_to_CosMx6K	Benchmark_02	OV	Visium HD FFPE	CosMx 6K	NHP2	-0.0007197340274543	0.1153770577054558	0.1160967917329101	0.4096044630837008	0.3511828052892692	-0.05842165779443159		0.5144766807478554	True	0.019333204254508	False
OV_VisiumHD_FFPE_to_CosMx6K	Benchmark_02	OV	Visium HD FFPE	CosMx 6K	NISCH	-0.0034896794739713	0.0292803273374956	0.0327700068114669	0.2877757981065327	0.2636060002330695	-0.024169797873463184		0.4098399366367775	True	0.0029049904551357	False
OV_VisiumHD_FFPE_to_CosMx6K	Benchmark_02	OV	Visium HD FFPE	CosMx 6K	NIT2	2.4746392583650765e-05	0.0592297210062375	0.05920497461365385	0.2504613102004686	0.2275983366916386	-0.022862973508829987		0.4205376149115734	True	0.0145060233771801	False
OV_VisiumHD_FFPE_to_CosMx6K	Benchmark_02	OV	Visium HD FFPE	CosMx 6K	NME1	0.0005399843072384	0.0849594596331271	0.0844194753258887	0.3154433035163931	0.2784966086254255	-0.03694669489096758		0.4716579845454755	True	0.0122364070266485	False
OV_VisiumHD_FFPE_to_CosMx6K	Benchmark_02	OV	Visium HD FFPE	CosMx 6K	NNMT	0.0140654096465711	0.3024838830020031	0.28841847335543197	0.3681564987437897	0.2991085284821842	-0.06904797026160547		0.6052468752657416	True	0.0853186622262001	False
OV_VisiumHD_FFPE_to_CosMx6K	Benchmark_02	OV	Visium HD FFPE	CosMx 6K	NONO	-0.0033724650842187	0.0894700745911662	0.0928425396753849	0.4642954115979234	0.4511299412258713	-0.013165470372052124		0.2673903017996975	True	0.0153162572532892	False
OV_VisiumHD_FFPE_to_CosMx6K	Benchmark_02	OV	Visium HD FFPE	CosMx 6K	NOTCH3	-0.0022202404615552	0.1174441588079904	0.1196643992695456	0.3190676350105043	0.2692886032495711	-0.04977903176093318		0.5366031040551372	True	0.0297125112265348	False
OV_VisiumHD_FFPE_to_CosMx6K	Benchmark_02	OV	Visium HD FFPE	CosMx 6K	NPAS2	0.0007694621029921	0.0732474146777599	0.0724779525747678	0.2766490021673578	0.2536233731005156	-0.023025629066842246		0.4031483064268101	True	0.0125900544226169	False
OV_VisiumHD_FFPE_to_CosMx6K	Benchmark_02	OV	Visium HD FFPE	CosMx 6K	NPC2	0.0017758666807089	0.1265704495423904	0.12479458286168152	0.3756947390636528	0.3036363293721192	-0.0720584096915336		0.583215528132171	True	0.0066936570219695	False
OV_VisiumHD_FFPE_to_CosMx6K	Benchmark_02	OV	Visium HD FFPE	CosMx 6K	NPEPPS	0.0005106296245859	0.054916158286852	0.0544055286622661	0.3251016021063316	0.2910036190026994	-0.03409798310363221		0.4511449814365505	True	0.0036764633841812	False
OV_VisiumHD_FFPE_to_CosMx6K	Benchmark_02	OV	Visium HD FFPE	CosMx 6K	NPLOC4	-0.0025754528272974	0.0239528634321297	0.0265283162594271	0.1980154706625768	0.148965159650838	-0.04905031101173879		0.6615230697574211	True	0.0101519543677568	False
OV_VisiumHD_FFPE_to_CosMx6K	Benchmark_02	OV	Visium HD FFPE	CosMx 6K	NPR1	0.0007476742065905	0.0882675560150319	0.0875198818084414	0.2299742629417927	0.1992135866311783	-0.03076067631061441		0.4996587106797621	True	0.018799502402544	False
OV_VisiumHD_FFPE_to_CosMx6K	Benchmark_02	OV	Visium HD FFPE	CosMx 6K	NR3C1	-0.0011542834675907	0.0521087175953417	0.0532630010629324	0.22295297872305	0.1940326441114229	-0.028920334611627102		0.4945502536523771	True	-0.0065905065275728	False
OV_VisiumHD_FFPE_to_CosMx6K	Benchmark_02	OV	Visium HD FFPE	CosMx 6K	NR4A1	0.0047479327004552	0.1129532268924507	0.1082052941919955	0.3908893949037774	0.2800924077061517	-0.11079698719762571		0.6859371454033039	True	0.035178069025278	False
OV_VisiumHD_FFPE_to_CosMx6K	Benchmark_02	OV	Visium HD FFPE	CosMx 6K	NR4A2	-0.0050279859027238	-0.0050279859027238	0.0	0.2916706045752746	0.2916706045752746	0.0			False	0.0481212101876735	False
OV_VisiumHD_FFPE_to_CosMx6K	Benchmark_02	OV	Visium HD FFPE	CosMx 6K	NSD1	0.0031602594263391	0.0411636587045502	0.0380033992782111	0.229863404277883	0.2054365431580249	-0.02442686111985809		0.450963926347061	True	-0.0078275259584188	False
OV_VisiumHD_FFPE_to_CosMx6K	Benchmark_02	OV	Visium HD FFPE	CosMx 6K	NSDHL	-0.0012224011518764	0.0733195580489395	0.0745419592008159	0.2374099241360104	0.2057185888990957	-0.0316913352369147		0.4991106107180316	True	0.0034283322747796	False
OV_VisiumHD_FFPE_to_CosMx6K	Benchmark_02	OV	Visium HD FFPE	CosMx 6K	NSFL1C	-0.00164705867925	0.1263325971243129	0.1279796558035629	0.4009143604879588	0.3666595727313351	-0.03425478775662372		0.4151016174156615	True	0.0006630435236729	False
OV_VisiumHD_FFPE_to_CosMx6K	Benchmark_02	OV	Visium HD FFPE	CosMx 6K	NUCB2	-9.18696659592196e-05	-9.18696659592196e-05	0.0	0.1816052858702773	0.1816052858702773	0.0			False	-0.0072579314000904	False
OV_VisiumHD_FFPE_to_CosMx6K	Benchmark_02	OV	Visium HD FFPE	CosMx 6K	NUDC	-0.0026722694064927	0.0497063833280634	0.0523786527345561	0.3827973396731753	0.3683674325619664	-0.014429907111208895		0.3002431774348206	True	0.0092535242438316	False
OV_VisiumHD_FFPE_to_CosMx6K	Benchmark_02	OV	Visium HD FFPE	CosMx 6K	NUMA1	-0.0024706027716905	0.0438311992021543	0.0463018019738448	0.3066388000539124	0.2812952430288472	-0.025343557025065244		0.4078490133266193	True	0.0194790456444025	False
OV_VisiumHD_FFPE_to_CosMx6K	Benchmark_02	OV	Visium HD FFPE	CosMx 6K	NUP107	0.0025465738688359	0.0414910230598046	0.0389444491909687	0.2397574197487867	0.2121401445569394	-0.027617275191847312		0.4671880419941087	True	0.0073617100715637	False
OV_VisiumHD_FFPE_to_CosMx6K	Benchmark_02	OV	Visium HD FFPE	CosMx 6K	NUP133	-0.0008903996971745	0.0494121694642063	0.050302569161380796	0.2456578308975728	0.223084090317887	-0.02257374057968578		0.4220173700611173	True	-0.0015173453139141	False
OV_VisiumHD_FFPE_to_CosMx6K	Benchmark_02	OV	Visium HD FFPE	CosMx 6K	NUP153	-0.0004025301256517	0.0844245471921043	0.08482707731775599	0.2975207689948915	0.2524278630836384	-0.04509290591125309		0.5291314016010843	True	0.0181404631584882	False
OV_VisiumHD_FFPE_to_CosMx6K	Benchmark_02	OV	Visium HD FFPE	CosMx 6K	NUP160	-0.0002664188173121	0.0522763137815132	0.0525427325988253	0.2568006034141825	0.2310725224516725	-0.025728080962509975		0.4406789875249127	True	-0.001748347072862	False
OV_VisiumHD_FFPE_to_CosMx6K	Benchmark_02	OV	Visium HD FFPE	CosMx 6K	NUP205	-0.0005912567600868	0.0532702121122408	0.053861468872327595	0.2487621013892949	0.2278226906922421	-0.020939410697052796		0.4064512491293304	True	-0.003522646613419	False
OV_VisiumHD_FFPE_to_CosMx6K	Benchmark_02	OV	Visium HD FFPE	CosMx 6K	NUP50	-0.003435480999813	0.0834783950282662	0.0869138760280792	0.3728095712209121	0.3589749669230554	-0.013834604297856656		0.2919119854486341	True	0.0089010847732424	False
OV_VisiumHD_FFPE_to_CosMx6K	Benchmark_02	OV	Visium HD FFPE	CosMx 6K	NUP62	-0.0039293194734516	0.0470294268243187	0.0509587462977703	0.2681073743144868	0.2362417630966352	-0.031865611217851586		0.4747257792597885	True	0.0133809866383671	False
OV_VisiumHD_FFPE_to_CosMx6K	Benchmark_02	OV	Visium HD FFPE	CosMx 6K	NUP85	-0.0032825690689304	0.0579489533891233	0.0612315224580537	0.2477902951030474	0.2179424490666265	-0.029847846036420905		0.4763519356941396	True	0.0067887310869991	False
OV_VisiumHD_FFPE_to_CosMx6K	Benchmark_02	OV	Visium HD FFPE	CosMx 6K	NUP88	-0.0002367353458437	0.0436796811330438	0.043916416478887506	0.2099237105970443	0.1794709812621167	-0.030452729334927597		0.5183819902244365	True	-0.0028870396781712	False
OV_VisiumHD_FFPE_to_CosMx6K	Benchmark_02	OV	Visium HD FFPE	CosMx 6K	NUP98	0.0014241383637193	0.0503403136026367	0.0489161752389174	0.2773279187655927	0.2567369092975319	-0.020591009468060806		0.386988039194126	True	0.0038171191699802	False
OV_VisiumHD_FFPE_to_CosMx6K	Benchmark_02	OV	Visium HD FFPE	CosMx 6K	NUPR1	5.450079438253236e-05	0.0411354784973406	0.04108097770295807	0.3261235709247329	0.2151586559686961	-0.11096491495603678		0.7602973501707945	True	0.0356017798185348	False
OV_VisiumHD_FFPE_to_CosMx6K	Benchmark_02	OV	Visium HD FFPE	CosMx 6K	OAS1	-0.0011379517894981	0.1218480181502099	0.122985969939708	0.3954990013233266	0.3318351760503049	-0.06366382527302172		0.5465838069881944	True	0.0238500796258449	False
OV_VisiumHD_FFPE_to_CosMx6K	Benchmark_02	OV	Visium HD FFPE	CosMx 6K	OAS2	-0.0036139324705717	0.0947196709229131	0.09833360339348479	0.3228161653568753	0.2425882058448602	-0.08022795951201508		0.6506132675100048	True	0.0306855347007513	False
OV_VisiumHD_FFPE_to_CosMx6K	Benchmark_02	OV	Visium HD FFPE	CosMx 6K	OAS3	0.0008944861578385	0.1051808399801766	0.1042863538223381	0.3638910417865542	0.3090452610175491	-0.05484578076900509		0.5293970604117065	True	0.0163713339716196	False
OV_VisiumHD_FFPE_to_CosMx6K	Benchmark_02	OV	Visium HD FFPE	CosMx 6K	OGA	-0.0009733653863962	0.0117296836022906	0.0127030489886868	0.2198900593441635	0.1638203131900747	-0.0560697461540888		0.6652040037377936	True	0.0133922575041651	False
OV_VisiumHD_FFPE_to_CosMx6K	Benchmark_02	OV	Visium HD FFPE	CosMx 6K	OGDH	0.0017998413775546	0.0746877493828745	0.0728879080053199	0.3013346542812144	0.2718793930449568	-0.029455261236257635		0.4364408154407188	True	0.0105961263179779	False
OV_VisiumHD_FFPE_to_CosMx6K	Benchmark_02	OV	Visium HD FFPE	CosMx 6K	OGT	-0.0005749400061416	0.0644187357641873	0.0649936757703289	0.3219352062882635	0.290534331255587	-0.03140087503267652		0.4368020337851294	True	0.0061353892087936	False
OV_VisiumHD_FFPE_to_CosMx6K	Benchmark_02	OV	Visium HD FFPE	CosMx 6K	OPTN	-0.0046850140667622	0.0213686417316644	0.0260536557984266	0.3008565196057927	0.248889974890822	-0.05196654471497067		0.5614535836795579	True	0.0104737794026732	False
OV_VisiumHD_FFPE_to_CosMx6K	Benchmark_02	OV	Visium HD FFPE	CosMx 6K	ORC4	-0.0022031006301636	0.0526114067034417	0.0548145073336053	0.2783587522729987	0.257491178686864	-0.020867573586134724		0.3853589370923651	True	-0.0024548377841711	False
OV_VisiumHD_FFPE_to_CosMx6K	Benchmark_02	OV	Visium HD FFPE	CosMx 6K	ORMDL1	0.0003153812601679	0.0350739155218559	0.034758534261688005	0.2397374950544365	0.2049617801415928	-0.0347757149128437		0.5178284745607629	True	0.0123382220044732	False
OV_VisiumHD_FFPE_to_CosMx6K	Benchmark_02	OV	Visium HD FFPE	CosMx 6K	ORMDL2	0.0005920164550312	0.0497099385070924	0.0491179220520612	0.2275987122294331	0.2045336072271757	-0.02306510500225739		0.4418278675825876	True	-0.0084814820438623	False
OV_VisiumHD_FFPE_to_CosMx6K	Benchmark_02	OV	Visium HD FFPE	CosMx 6K	OS9	-0.0010305449799522	0.0820482916230282	0.08307883660298039	0.2682419082882097	0.2165777530452821	-0.05166415524292761		0.5848455252333358	True	0.001256298739463	False
OV_VisiumHD_FFPE_to_CosMx6K	Benchmark_02	OV	Visium HD FFPE	CosMx 6K	OSBP	-0.0022554075581071	0.0523767804618733	0.054632188019980404	0.2572967073473807	0.228261099807785	-0.029035607539595693		0.4637749288239251	True	0.0100231347605586	False
OV_VisiumHD_FFPE_to_CosMx6K	Benchmark_02	OV	Visium HD FFPE	CosMx 6K	OSBPL2	-0.0013783635941952	0.0587376371033889	0.0601160006975841	0.2687719240156774	0.2378211551539931	-0.030950768861684297		0.4675939382940344	True	0.0096567133441567	False
OV_VisiumHD_FFPE_to_CosMx6K	Benchmark_02	OV	Visium HD FFPE	CosMx 6K	OSBPL8	0.0001037849543442	0.0001037849543442	0.0	0.2621234138887475	0.2621234138887475	0.0			False	0.0007158289663493	False
OV_VisiumHD_FFPE_to_CosMx6K	Benchmark_02	OV	Visium HD FFPE	CosMx 6K	P4HA1	0.0004564619369816	-0.0337546905049831	-0.0342111524419647	0.257944584326928	0.2141802171753223	-0.043764367151605726		0.5574197471081397	True	0.0125561617314815	False
OV_VisiumHD_FFPE_to_CosMx6K	Benchmark_02	OV	Visium HD FFPE	CosMx 6K	P4HA2	-0.0023045747471041	0.0300515370963739	0.032356111843478	0.2369056214665215	0.2041131748442617	-0.0327924466222598		0.5089240199010497	True	0.0151493558660149	False
OV_VisiumHD_FFPE_to_CosMx6K	Benchmark_02	OV	Visium HD FFPE	CosMx 6K	P4HB	-0.0030891844290229	0.1666155871256837	0.1697047715547066	0.511897483784526	0.495050193960369	-0.016847289824157063		0.3113717350019896	True	0.0037049779202789	False
OV_VisiumHD_FFPE_to_CosMx6K	Benchmark_02	OV	Visium HD FFPE	CosMx 6K	PA2G4	-0.000726458089181	0.0691733589803272	0.0698998170695082	0.3635533562562763	0.3441597593873881	-0.019393596868888252		0.3441844057414892	True	0.0180345084518194	False
OV_VisiumHD_FFPE_to_CosMx6K	Benchmark_02	OV	Visium HD FFPE	CosMx 6K	PAFAH1B1	0.0016836912603969	0.0210793957456233	0.0193957044852264	0.2818602539876931	0.2338507197696461	-0.04800953421804699		0.554857512243619	True	0.011945130303502	False
OV_VisiumHD_FFPE_to_CosMx6K	Benchmark_02	OV	Visium HD FFPE	CosMx 6K	PAFAH1B2	-0.0004438527771341	-0.0004438527771341	0.0	0.2579963973579244	0.2579963973579244	0.0			False	0.0056961518712341	False
OV_VisiumHD_FFPE_to_CosMx6K	Benchmark_02	OV	Visium HD FFPE	CosMx 6K	PAIP1	-0.002669110668372	0.0730260917242744	0.0756952023926464	0.2920591327397291	0.2726301566606998	-0.019428976079029325		0.369142518282856	True	0.0066239084117114	False
OV_VisiumHD_FFPE_to_CosMx6K	Benchmark_02	OV	Visium HD FFPE	CosMx 6K	PARD3	8.291034477557827e-06	0.0611340775181585	0.06112578648368094	0.2888042299987451	0.2522668008653418	-0.0365374291334033		0.4872540976463239	True	0.0038283700123429	False
OV_VisiumHD_FFPE_to_CosMx6K	Benchmark_02	OV	Visium HD FFPE	CosMx 6K	PARP12	0.0012013460435164	0.0893806603856724	0.08817931434215599	0.3229742201789325	0.2929368153390855	-0.030037404839847015		0.4299903576603066	True	0.0228984765708446	False
OV_VisiumHD_FFPE_to_CosMx6K	Benchmark_02	OV	Visium HD FFPE	CosMx 6K	PAX8	0.0024777419318235	0.0871997531755933	0.0847220112437698	0.2980997933587281	0.2599776830346985	-0.03812211032402962		0.4893000299325283	True	0.0117271272465586	False
OV_VisiumHD_FFPE_to_CosMx6K	Benchmark_02	OV	Visium HD FFPE	CosMx 6K	PBRM1	0.0007779572941463	0.0227273320041166	0.0219493747099703	0.2173243467661448	0.1789860613627233	-0.03833828540342149		0.5659557268577331	True	-0.0109033854678273	False
OV_VisiumHD_FFPE_to_CosMx6K	Benchmark_02	OV	Visium HD FFPE	CosMx 6K	PBX1	-0.0008111130356413	0.0856255596505024	0.0864366726861437	0.3418465263726792	0.3228150004458984	-0.019031525926780812		0.3396806740632368	True	0.0083119934424757	False
OV_VisiumHD_FFPE_to_CosMx6K	Benchmark_02	OV	Visium HD FFPE	CosMx 6K	PCM1	-0.0008083650121676	0.0133202217189294	0.014128586731097001	0.2052691209347526	0.1685807371294487	-0.0366883838053039		0.5683768730182659	True	0.0007723966264165	False
OV_VisiumHD_FFPE_to_CosMx6K	Benchmark_02	OV	Visium HD FFPE	CosMx 6K	PDCD10	-0.0014872690554479	0.0837210578162846	0.08520832687173249	0.3121050015804267	0.2929192064110471	-0.019185795169379627		0.3581995603055311	True	0.0031132563017308	False
OV_VisiumHD_FFPE_to_CosMx6K	Benchmark_02	OV	Visium HD FFPE	CosMx 6K	PDCD4	-0.0006319910305092	-0.0006319910305092	0.0	0.2177676199366201	0.2177676199366201	0.0			False	0.0003373921499587	False
OV_VisiumHD_FFPE_to_CosMx6K	Benchmark_02	OV	Visium HD FFPE	CosMx 6K	PDCD6IP	0.0004461312020849	0.0455707467742063	0.0451246155721214	0.2706795126333108	0.2492018469800234	-0.021477665653287403		0.3999959262001281	True	0.0147224767133593	False
OV_VisiumHD_FFPE_to_CosMx6K	Benchmark_02	OV	Visium HD FFPE	CosMx 6K	PDE4D	-0.001245612422203	0.0121210339671582	0.0133666463893612	0.1929310620023882	0.1586747762123659	-0.034256285790022295		0.5692976722933527	True	0.0093336896970868	False
OV_VisiumHD_FFPE_to_CosMx6K	Benchmark_02	OV	Visium HD FFPE	CosMx 6K	PDHA1	-0.0036633561348906	0.1011300631741635	0.1047934193090541	0.3620849193642289	0.2970357813914287	-0.06504913797280015		0.5739280635268796	True	0.0296035595238208	False
OV_VisiumHD_FFPE_to_CosMx6K	Benchmark_02	OV	Visium HD FFPE	CosMx 6K	PDHB	-0.0024293260685004	0.051362624626925	0.0537919506954254	0.2586010372024908	0.2349154786442563	-0.023685558558234482		0.4249160167943981	True	-0.0012253361055627	False
OV_VisiumHD_FFPE_to_CosMx6K	Benchmark_02	OV	Visium HD FFPE	CosMx 6K	PDIA3	0.0003628674649106	0.1014498146507602	0.1010869471858496	0.3336669633276071	0.2929701897772779	-0.04069677355032919		0.4844076308090496	True	-0.0002867165894713	False
OV_VisiumHD_FFPE_to_CosMx6K	Benchmark_02	OV	Visium HD FFPE	CosMx 6K	PDIA4	-0.0030233508660514	0.1655884765185815	0.1686118273846329	0.4522083825443326	0.4356174187275408	-0.016590963816791815		0.2955673460256319	True	-0.0013573745964094	False
OV_VisiumHD_FFPE_to_CosMx6K	Benchmark_02	OV	Visium HD FFPE	CosMx 6K	PDIA6	-0.0005152670886738	-0.0005152670886738	0.0	0.3717625556312129	0.3717625556312129	0.0			False	0.0048942063003778	False
OV_VisiumHD_FFPE_to_CosMx6K	Benchmark_02	OV	Visium HD FFPE	CosMx 6K	PDK4	0.0039543130485663	0.0778706006229421	0.0739162875743758	0.2856002835523111	0.2411058097941441	-0.04449447375816701		0.5447228086048053	True	0.0326548032462596	False
OV_VisiumHD_FFPE_to_CosMx6K	Benchmark_02	OV	Visium HD FFPE	CosMx 6K	PDLIM1	-0.0010022125409658	0.0336076670257863	0.0346098795667521	0.2864910158270806	0.2663181321897269	-0.0201728836373537		0.3803394355502296	True	0.0092222793027758	False
OV_VisiumHD_FFPE_to_CosMx6K	Benchmark_02	OV	Visium HD FFPE	CosMx 6K	PDXK	-0.0015537571629215	0.0477336884142836	0.049287445577205095	0.2554591997852906	0.2112903959806075	-0.04416880380468308		0.5599516198061284	True	0.0021385652944445	False
OV_VisiumHD_FFPE_to_CosMx6K	Benchmark_02	OV	Visium HD FFPE	CosMx 6K	PEBP1	-0.0017045845453281	0.13791965926333	0.1396242438086581	0.4872007945220887	0.4685043605391803	-0.018696433982908378		0.3043260643285612	True	-0.0027335316408425	False
OV_VisiumHD_FFPE_to_CosMx6K	Benchmark_02	OV	Visium HD FFPE	CosMx 6K	PFKP	-0.0029055821788602	0.0618290384831485	0.0647346206620087	0.3414210674197298	0.3241479066329378	-0.017273160786791975		0.331291532246054	True	0.0063828197307884	False
OV_VisiumHD_FFPE_to_CosMx6K	Benchmark_02	OV	Visium HD FFPE	CosMx 6K	PFN1	0.0008923285201895	0.2195652519731389	0.2186729234529494	0.7061110900771385	0.5976978888596013	-0.10841320121753717		0.5274628969159815	True	0.0468076765537261	False
OV_VisiumHD_FFPE_to_CosMx6K	Benchmark_02	OV	Visium HD FFPE	CosMx 6K	PGLS	0.0001092291387525	0.0776628496546018	0.0775536205158493	0.2979507159467171	0.2727117626874098	-0.025238953259307306		0.4110035385583828	True	0.009870340116322	False
OV_VisiumHD_FFPE_to_CosMx6K	Benchmark_02	OV	Visium HD FFPE	CosMx 6K	PGRMC1	0.0001455387939206	0.0370676957278196	0.036922156933899	0.2953064507392279	0.2154171040553724	-0.0798893466838555		0.7492082870795882	True	0.0322579070925712	False
OV_VisiumHD_FFPE_to_CosMx6K	Benchmark_02	OV	Visium HD FFPE	CosMx 6K	PHLDA1	-0.0002936251647445	0.0351540009201894	0.0354476260849339	0.3054725375377484	0.277491619660045	-0.027980917877703404		0.4368268444580878	True	0.0058281701058149	False
OV_VisiumHD_FFPE_to_CosMx6K	Benchmark_02	OV	Visium HD FFPE	CosMx 6K	PIGF	0.0003895875133401	0.0479243014996545	0.0475347139863144	0.2552277004538707	0.2349858088391676	-0.020241891614703134		0.394640158733237	True	0.0053792935796082	False
OV_VisiumHD_FFPE_to_CosMx6K	Benchmark_02	OV	Visium HD FFPE	CosMx 6K	PIK3R3	0.0003677172062071	0.0435857173030475	0.0432180000968404	0.1911834706984079	0.160864674747316	-0.03031879595109191		0.5393462366728772	True	0.0057584187015891	False
OV_VisiumHD_FFPE_to_CosMx6K	Benchmark_02	OV	Visium HD FFPE	CosMx 6K	PITPNB	0.0006693434583447	0.0478204896097806	0.0471511461514359	0.2459662607554509	0.2138754798935462	-0.0320907808619047		0.4946216489476053	True	0.0040788673795759	False
OV_VisiumHD_FFPE_to_CosMx6K	Benchmark_02	OV	Visium HD FFPE	CosMx 6K	PJA2	0.0012067390174333	0.0012067390174333	0.0	0.2316655819664302	0.2316655819664302	0.0			False	0.0003208557027392	False
OV_VisiumHD_FFPE_to_CosMx6K	Benchmark_02	OV	Visium HD FFPE	CosMx 6K	PKM	0.0008022707700328	0.1066041631844444	0.10580189241441161	0.6113854828828783	0.5883861642087945	-0.02299931867408378		0.3336052637470873	True	0.01580660790205	False
OV_VisiumHD_FFPE_to_CosMx6K	Benchmark_02	OV	Visium HD FFPE	CosMx 6K	PKP3	-0.0001949021187766	0.0765867565174242	0.0767816586362008	0.2552431300289554	0.2280760482014428	-0.027167081827512568		0.4500773211074722	True	0.0137462504208087	False
OV_VisiumHD_FFPE_to_CosMx6K	Benchmark_02	OV	Visium HD FFPE	CosMx 6K	PLA2G12A	0.0020137813853654	0.0182964603407032	0.0162826789553378	0.2519577744370289	0.2104100556019305	-0.04154771883509839		0.5506358018144333	True	0.0246762186288833	False
OV_VisiumHD_FFPE_to_CosMx6K	Benchmark_02	OV	Visium HD FFPE	CosMx 6K	PLSCR1	-0.0021955108478411	0.0979720492828511	0.1001675601306922	0.4437277209711189	0.3906759749472385	-0.05305174602388041		0.4827259077648543	True	0.0175474043935537	False
OV_VisiumHD_FFPE_to_CosMx6K	Benchmark_02	OV	Visium HD FFPE	CosMx 6K	PLTP	0.0022085647892502	0.095119629484384	0.0929110646951338	0.3635083879486417	0.3204175271186832	-0.0430908608299585		0.4813274055794722	True	-0.0020126684103161	False
OV_VisiumHD_FFPE_to_CosMx6K	Benchmark_02	OV	Visium HD FFPE	CosMx 6K	PNPLA2	-0.0022811843685679	0.0718116699731063	0.0740928543416742	0.3030639529692417	0.2639511052446466	-0.03911284772459511		0.4918192825017364	True	0.0120095098391175	False
OV_VisiumHD_FFPE_to_CosMx6K	Benchmark_02	OV	Visium HD FFPE	CosMx 6K	POLD2	0.0014263103414313	0.0516658560683525	0.0502395457269212	0.2715154501633389	0.2461553037268501	-0.02536014643648879		0.4264399393789371	True	0.0091417813673615	False
OV_VisiumHD_FFPE_to_CosMx6K	Benchmark_02	OV	Visium HD FFPE	CosMx 6K	POLR1D	0.0014257356383828	-0.0027884682927712	-0.004214203931154	0.1901711654786466	0.1512121060637532	-0.03895905941489339		0.604078904769463	True	0.0001332162501057	False
OV_VisiumHD_FFPE_to_CosMx6K	Benchmark_02	OV	Visium HD FFPE	CosMx 6K	POLR2F	0.0008476925387727	0.0860067449944839	0.08515905245571119	0.2786301133202865	0.2397766069265175	-0.03885350639376897		0.5094398898670925	True	0.0234263855963945	False
OV_VisiumHD_FFPE_to_CosMx6K	Benchmark_02	OV	Visium HD FFPE	CosMx 6K	POLR2G	-0.000987848451439	0.12178666191041	0.122774510361849	0.4241783551445553	0.407784538688999	-0.01639381645555632		0.2979297623236183	True	0.0182658303529024	False
OV_VisiumHD_FFPE_to_CosMx6K	Benchmark_02	OV	Visium HD FFPE	CosMx 6K	POLR2I	0.0006849107012746	0.0491965217188234	0.0485116110175488	0.2447923902397558	0.2005516437604371	-0.04424074647931869		0.5722666343383805	True	-0.0086735226213932	False
OV_VisiumHD_FFPE_to_CosMx6K	Benchmark_02	OV	Visium HD FFPE	CosMx 6K	POLR2K	-0.0010172432882579	0.0742049568454754	0.0752222001337333	0.3200412462736074	0.2818354581674119	-0.038205788106195515		0.4758690667528643	True	0.0268505308777093	False
OV_VisiumHD_FFPE_to_CosMx6K	Benchmark_02	OV	Visium HD FFPE	CosMx 6K	PON2	0.0044625966002864	0.0495535764535934	0.045090979853307	0.2888593995301079	0.2485095467540085	-0.040349852776099426		0.5092847549471065	True	0.016307869926095	False
OV_VisiumHD_FFPE_to_CosMx6K	Benchmark_02	OV	Visium HD FFPE	CosMx 6K	PPA1	-8.131916963889173e-05	0.1186332726144778	0.1187145917841167	0.3984187104865773	0.3840381610758594	-0.014380549410717869		0.2884964740343894	True	0.0021399385295808	False
OV_VisiumHD_FFPE_to_CosMx6K	Benchmark_02	OV	Visium HD FFPE	CosMx 6K	PPIA	0.0022309141367584	0.1501989392403889	0.1479680251036305	0.4913057876009683	0.4754613896893277	-0.015844397911640606		0.2948250184147114	True	0.010672515258193	False
OV_VisiumHD_FFPE_to_CosMx6K	Benchmark_02	OV	Visium HD FFPE	CosMx 6K	PPM1B	-0.0029207793957044	0.0373468065408224	0.040267585936526795	0.2120287372199345	0.1801179464254722	-0.031910790794462324		0.5270626149844216	True	-0.0024981920141726	False
OV_VisiumHD_FFPE_to_CosMx6K	Benchmark_02	OV	Visium HD FFPE	CosMx 6K	PPP1CA	0.0011295487152188	0.1114839621095348	0.11035441339431601	0.36376337801777	0.328059717515624	-0.03570366050214596		0.4396259513466996	True	0.0036746109835803	False
OV_VisiumHD_FFPE_to_CosMx6K	Benchmark_02	OV	Visium HD FFPE	CosMx 6K	PPP1CC	0.0007530447356932	0.0636813914128409	0.06292834667714771	0.3225854695505049	0.3072333455872201	-0.01535212396328478		0.3243300752290756	True	0.0090410616248846	False
OV_VisiumHD_FFPE_to_CosMx6K	Benchmark_02	OV	Visium HD FFPE	CosMx 6K	PPP1R10	-0.0004464320537391	0.03881869072458	0.0392651227783191	0.2465763537751774	0.2003604045643106	-0.0462159492108668		0.5814577956686298	True	0.0133168390020728	False
OV_VisiumHD_FFPE_to_CosMx6K	Benchmark_02	OV	Visium HD FFPE	CosMx 6K	PPP1R11	-0.0013662605569785	0.0446420554919137	0.046008316048892196	0.2924785474711004	0.2700682800298009	-0.022410267441299536		0.3946741548594057	True	0.0083493096753954	False
OV_VisiumHD_FFPE_to_CosMx6K	Benchmark_02	OV	Visium HD FFPE	CosMx 6K	PPP1R12A	-0.002466886862085	0.0360434532281912	0.0385103400902762	0.2295134174730112	0.1917171752904795	-0.03779624218253172		0.5478189616821064	True	0.0078832078725099	False
OV_VisiumHD_FFPE_to_CosMx6K	Benchmark_02	OV	Visium HD FFPE	CosMx 6K	PPP1R12B	-0.0003067008330672	0.0257558315508281	0.026062532383895297	0.2402200555179137	0.20032801783197	-0.03989203768594371		0.5516953768076873	True	0.0027058962732553	False
OV_VisiumHD_FFPE_to_CosMx6K	Benchmark_02	OV	Visium HD FFPE	CosMx 6K	PPP1R12C	0.0011314926891122	0.0420008960117464	0.040869403322634196	0.2622992378694672	0.2380430481269832	-0.024256189742483975		0.4270415416122586	True	-0.0055118761956691	False
OV_VisiumHD_FFPE_to_CosMx6K	Benchmark_02	OV	Visium HD FFPE	CosMx 6K	PPP1R15B	0.0001885300079019	0.0090860045962541	0.0088974745883522	0.2321428989100557	0.1977040371841684	-0.03443886172588731		0.5240224960610655	True	-0.0026070545427501	False
OV_VisiumHD_FFPE_to_CosMx6K	Benchmark_02	OV	Visium HD FFPE	CosMx 6K	PPP1R1B	0.0015831391055115	0.1218074354823848	0.1202242963768733	0.3337382961912767	0.2569664072687629	-0.0767718889225138		0.6780566949163157	True	0.0543234162032604	False
OV_VisiumHD_FFPE_to_CosMx6K	Benchmark_02	OV	Visium HD FFPE	CosMx 6K	PPP1R7	-0.0010623227490007	0.0299447078773984	0.0310070306263991	0.1981968317376493	0.1618681708186234	-0.036328660919025896		0.5750304656872699	True	0.00653583323583	False
OV_VisiumHD_FFPE_to_CosMx6K	Benchmark_02	OV	Visium HD FFPE	CosMx 6K	PPP1R9B	0.0013248881454997	0.0513247095560981	0.0499998214105984	0.3099009182739031	0.2853484270987708	-0.024552491175132307		0.4049620534800965	True	0.0102139310911297	False
OV_VisiumHD_FFPE_to_CosMx6K	Benchmark_02	OV	Visium HD FFPE	CosMx 6K	PPP2R2A	-0.0012146481798458	0.0490705126782863	0.050285160858132096	0.2648049640194859	0.2375170847195068	-0.027287879299979084		0.4452752780424819	True	0.0011524566216394	False
OV_VisiumHD_FFPE_to_CosMx6K	Benchmark_02	OV	Visium HD FFPE	CosMx 6K	PPP2R5C	-0.0017374614848415	0.0400858669822537	0.0418233284670952	0.2687422852744141	0.2461858933290645	-0.02255639194534964		0.4084246424712415	True	0.0082013290375471	False
OV_VisiumHD_FFPE_to_CosMx6K	Benchmark_02	OV	Visium HD FFPE	CosMx 6K	PPP2R5D	-0.0014656679638786	0.0405571378378054	0.042022805801684	0.2241759726124472	0.1941117627036043	-0.030064209908842898		0.5003578714344467	True	0.021247835829854	False
OV_VisiumHD_FFPE_to_CosMx6K	Benchmark_02	OV	Visium HD FFPE	CosMx 6K	PPP3R1	-0.000800865236856	0.0394090838756451	0.0402099491125011	0.2579301862340886	0.2019639031948177	-0.0559662830392709		0.6207183268808024	True	0.0073588313534855	False
OV_VisiumHD_FFPE_to_CosMx6K	Benchmark_02	OV	Visium HD FFPE	CosMx 6K	PPP4C	-0.0001288759632509	0.0477772080883996	0.047906084051650505	0.2632547054729304	0.2293392258295544	-0.03391547964337599		0.4928803794665581	True	0.0037493810523301	False
OV_VisiumHD_FFPE_to_CosMx6K	Benchmark_02	OV	Visium HD FFPE	CosMx 6K	PPP6R3	-0.0015028688523733	0.0354064167896753	0.0369092856420486	0.2225290705534084	0.1934471831150781	-0.02908188743833029		0.4948046606620223	True	0.0059546525590121	False
OV_VisiumHD_FFPE_to_CosMx6K	Benchmark_02	OV	Visium HD FFPE	CosMx 6K	PPT1	0.0003004072498846	0.0869177923841847	0.0866173851343001	0.2189645783383469	0.1782373971003292	-0.04072718123801769		0.5794095563088831	True	0.0027130616363137	False
OV_VisiumHD_FFPE_to_CosMx6K	Benchmark_02	OV	Visium HD FFPE	CosMx 6K	PRAME	0.0025785829583395	0.0722705765713195	0.06969199361298	0.2758961764384696	0.2514137187867182	-0.024482457651751388		0.4133935404745843	True	0.008604122325778	False
OV_VisiumHD_FFPE_to_CosMx6K	Benchmark_02	OV	Visium HD FFPE	CosMx 6K	PRCC	0.0004140482958457	0.0483733654585279	0.047959317162682195	0.2344669165700819	0.2032182682890919	-0.03124864828099		0.4990037333059992	True	0.0025140468496829	False
OV_VisiumHD_FFPE_to_CosMx6K	Benchmark_02	OV	Visium HD FFPE	CosMx 6K	PRDX2	-0.0001098316351699	0.1087863554804682	0.10889618711563809	0.4499157248553976	0.3846148974562303	-0.06530082739916732		0.5179130952912369	True	0.0265938472002744	False
OV_VisiumHD_FFPE_to_CosMx6K	Benchmark_02	OV	Visium HD FFPE	CosMx 6K	PRDX4	0.0049866894208768	0.064984204183377	0.0599975147625002	0.320569095340079	0.2809518810348157	-0.03961721430526327		0.4848820935881308	True	0.0096182441338896	False
OV_VisiumHD_FFPE_to_CosMx6K	Benchmark_02	OV	Visium HD FFPE	CosMx 6K	PRDX5	0.0008332036853768	0.0947240349328113	0.0938908312474345	0.3163496298454273	0.2798198200607556	-0.036529809784671685		0.469879860105319	True	0.0014124481240287	False
OV_VisiumHD_FFPE_to_CosMx6K	Benchmark_02	OV	Visium HD FFPE	CosMx 6K	PRDX6	-0.0028646015762064	0.0992240245329769	0.1020886261091833	0.4531331484644666	0.4382035299654758	-0.014929618498990826		0.2845110696528614	True	0.005661366507411	False
OV_VisiumHD_FFPE_to_CosMx6K	Benchmark_02	OV	Visium HD FFPE	CosMx 6K	PRKACA	-0.0014185610973387	0.0603310234991704	0.061749584596509095	0.2903119967885323	0.2312777308014455	-0.059034265987086804		0.5996160752046594	True	-0.0057332743890583	False
OV_VisiumHD_FFPE_to_CosMx6K	Benchmark_02	OV	Visium HD FFPE	CosMx 6K	PRKAR1A	-0.0022773361493576	0.0943346624968461	0.0966119986462037	0.4298429402662825	0.3962589207136029	-0.03358401955267959		0.4197727451227923	True	-0.017017688602209	False
OV_VisiumHD_FFPE_to_CosMx6K	Benchmark_02	OV	Visium HD FFPE	CosMx 6K	PRKCD	-0.0031257941161457	0.0595286807388654	0.0626544748550111	0.2364164076305129	0.2111388484676997	-0.025277559162813185		0.4535769934107219	True	-0.0013679148396477	False
OV_VisiumHD_FFPE_to_CosMx6K	Benchmark_02	OV	Visium HD FFPE	CosMx 6K	PRKCI	-0.0033477434257687	0.125318448091488	0.12866619151725672	0.3955584134897258	0.355072211184411	-0.0404862023053148		0.4443650478550869	True	0.027897560968995	False
OV_VisiumHD_FFPE_to_CosMx6K	Benchmark_02	OV	Visium HD FFPE	CosMx 6K	PRKD2	0.0005936068846664	0.0339122509755392	0.033318644090872804	0.2356441031273985	0.2112039418687202	-0.02444016125867829		0.4465084470127604	True	0.0069335340522229	False
OV_VisiumHD_FFPE_to_CosMx6K	Benchmark_02	OV	Visium HD FFPE	CosMx 6K	PRKDC	-0.0001799071728694	0.0566856870977393	0.0568655942706087	0.2784110539061342	0.2392534123820018	-0.0391576415241324		0.5107494512138341	True	0.0230164099484682	False
OV_VisiumHD_FFPE_to_CosMx6K	Benchmark_02	OV	Visium HD FFPE	CosMx 6K	PRKRA	0.0024055864782196	0.0315853327750908	0.029179746296871197	0.2410110070010441	0.2121429022099631	-0.028868104791081012		0.4762246423123928	True	0.0028242752887308	False
OV_VisiumHD_FFPE_to_CosMx6K	Benchmark_02	OV	Visium HD FFPE	CosMx 6K	PRMT1	-0.001977674495918	0.0947561257698973	0.0967338002658153	0.3541082033626442	0.3289016667418321	-0.025206536620812126		0.3857417309103428	True	0.0017472042236477	False
OV_VisiumHD_FFPE_to_CosMx6K	Benchmark_02	OV	Visium HD FFPE	CosMx 6K	PRPF19	0.000966621760008	0.0699536215756747	0.0689869998156667	0.2796449784762382	0.2424953700070541	-0.03714960846918411		0.4983574324663208	True	0.0019081633072346	False
OV_VisiumHD_FFPE_to_CosMx6K	Benchmark_02	OV	Visium HD FFPE	CosMx 6K	PRPF3	-4.523199689493497e-05	0.0441979725519327	0.04424320454882764	0.254616928721203	0.2254822425344945	-0.029134686186708503		0.4666336073084225	True	-0.0008249714737758	False
OV_VisiumHD_FFPE_to_CosMx6K	Benchmark_02	OV	Visium HD FFPE	CosMx 6K	PRPF31	-0.0018607757072548	0.0397073555696588	0.0415681312769136	0.20764093375703	0.1655172388935014	-0.0421236948635286		0.6034704113401262	True	0.0129986619576811	False
OV_VisiumHD_FFPE_to_CosMx6K	Benchmark_02	OV	Visium HD FFPE	CosMx 6K	PRPF40A	-0.0015067544645375	0.0629356291570137	0.0644423836215512	0.3222290473851051	0.2681224007075477	-0.05410664667755738		0.5525043043258967	True	0.0090113067999482	False
OV_VisiumHD_FFPE_to_CosMx6K	Benchmark_02	OV	Visium HD FFPE	CosMx 6K	PRPF6	-0.0017648057952461	0.1144037597987316	0.1161685655939777	0.3862132976309645	0.3359718544428609	-0.05024144318810364		0.4937574348408835	True	0.0073324479162693	False
OV_VisiumHD_FFPE_to_CosMx6K	Benchmark_02	OV	Visium HD FFPE	CosMx 6K	PSAP	0.0002445344923028	0.3775477788055394	0.37730324431323664	0.5356218856899015	0.4480606754277074	-0.08756121026219416		0.580868633857994	True	0.0361679606139659	False
OV_VisiumHD_FFPE_to_CosMx6K	Benchmark_02	OV	Visium HD FFPE	CosMx 6K	PSENEN	0.0005671424537682	0.0967262887412287	0.0961591462874605	0.3426951729703064	0.3203433238871082	-0.022351849083198205		0.3680223824629207	True	0.0145427631214261	False
OV_VisiumHD_FFPE_to_CosMx6K	Benchmark_02	OV	Visium HD FFPE	CosMx 6K	PSMA2	-0.0010416619708581	0.067861326530605	0.0689029885014631	0.269429360660584	0.2428382700246968	-0.026591090635887188		0.4392761581162251	True	-0.0049543310888111	False
OV_VisiumHD_FFPE_to_CosMx6K	Benchmark_02	OV	Visium HD FFPE	CosMx 6K	PSMA4	-0.0015305208084843	0.0631979459616693	0.0647284667701536	0.2407529770604446	0.2171810786331664	-0.023571898427278193		0.43784204403737	True	0.0055412612855434	False
OV_VisiumHD_FFPE_to_CosMx6K	Benchmark_02	OV	Visium HD FFPE	CosMx 6K	PSMB10	-0.0011948410550481	0.0822111015103265	0.08340594256537459	0.2627368204237387	0.2320834008959431	-0.0306534195277956		0.474593728147955	True	-0.0038674916140735	False
OV_VisiumHD_FFPE_to_CosMx6K	Benchmark_02	OV	Visium HD FFPE	CosMx 6K	PSMB2	-0.0010174143797177	0.0627706160429578	0.0637880304226755	0.2898290648709248	0.2641959359268204	-0.02563312894410441		0.4218689828553666	True	0.0016467784298583	False
OV_VisiumHD_FFPE_to_CosMx6K	Benchmark_02	OV	Visium HD FFPE	CosMx 6K	PSMB5	-0.0013593477262133	0.0510524069805687	0.052411754706782	0.3045941290393373	0.2592136240617153	-0.04538050497762203		0.523742463965469	True	0.0238963514566421	False
OV_VisiumHD_FFPE_to_CosMx6K	Benchmark_02	OV	Visium HD FFPE	CosMx 6K	PSMB8	0.0014137944838822	0.0586739316966015	0.057260137212719296	0.2660258239436933	0.1957542837876062	-0.07027154015608708		0.6826117816229892	True	0.0032525775022804	False
OV_VisiumHD_FFPE_to_CosMx6K	Benchmark_02	OV	Visium HD FFPE	CosMx 6K	PSMB9	0.0012932107795378	0.0966703380102716	0.0953771272307338	0.3370848047124171	0.3018608931745063	-0.03522391153791077		0.4563864498499548	True	0.0071311015635728	False
OV_VisiumHD_FFPE_to_CosMx6K	Benchmark_02	OV	Visium HD FFPE	CosMx 6K	PSMC1	-0.0007061229948317	0.0754418479721448	0.07614797096697651	0.3218756371028694	0.3019262129090344	-0.019949424193835052		0.3624325577904165	True	0.0182402227073907	False
OV_VisiumHD_FFPE_to_CosMx6K	Benchmark_02	OV	Visium HD FFPE	CosMx 6K	PSMC2	-0.0004422863060968	0.0871434832354623	0.0875857695415591	0.3231685887200504	0.2997529070689106	-0.023415681651139775		0.3882080536867114	True	0.0077390163205564	False
OV_VisiumHD_FFPE_to_CosMx6K	Benchmark_02	OV	Visium HD FFPE	CosMx 6K	PSMC3	-0.0002407605096103	0.0607901161167554	0.0610308766263657	0.267590847759368	0.2391245567843213	-0.028466290975046687		0.4542710351244549	True	0.0169282853603363	False
OV_VisiumHD_FFPE_to_CosMx6K	Benchmark_02	OV	Visium HD FFPE	CosMx 6K	PSMC4	0.0011073310365292	0.0679065873495275	0.0667992563129983	0.2969787992372534	0.272621765776544	-0.024357033460709387		0.4061794413855668	True	0.0141953798010945	False
OV_VisiumHD_FFPE_to_CosMx6K	Benchmark_02	OV	Visium HD FFPE	CosMx 6K	PSMC5	-0.0003520867654859	0.0713610901902804	0.0717131769557663	0.278098941058832	0.2465645573028373	-0.03153438375599468		0.4670169650432911	True	0.0091093368828296	False
OV_VisiumHD_FFPE_to_CosMx6K	Benchmark_02	OV	Visium HD FFPE	CosMx 6K	PSMD10	-0.001277418262835	0.0305884365246358	0.0318658547874708	0.3042770427519193	0.2830013681885709	-0.02127567456334839		0.3788879165470596	True	0.0127428593114018	False
OV_VisiumHD_FFPE_to_CosMx6K	Benchmark_02	OV	Visium HD FFPE	CosMx 6K	PSMD12	-3.5523753085005434e-06	0.0574714664982056	0.057475018873514104	0.2633661689578987	0.234232172275972	-0.029133996681926705		0.4604636776868249	True	0.0035674041137099	False
OV_VisiumHD_FFPE_to_CosMx6K	Benchmark_02	OV	Visium HD FFPE	CosMx 6K	PSMD13	0.0008673724641496	0.0615306070963402	0.0606632346321906	0.2787226670301427	0.233118969870972	-0.0456036971591707		0.5463355119534978	True	0.0156179862096905	False
OV_VisiumHD_FFPE_to_CosMx6K	Benchmark_02	OV	Visium HD FFPE	CosMx 6K	PSMD3	0.0026417295374575	0.0786027286144524	0.0759609990769949	0.3192226895151656	0.2811653331373531	-0.03805735637781249		0.4758383700758819	True	0.0084263952448964	False
OV_VisiumHD_FFPE_to_CosMx6K	Benchmark_02	OV	Visium HD FFPE	CosMx 6K	PSMD4	0.0008853597157155	0.0826130046567932	0.0817276449410777	0.3354597096855656	0.3122813585976822	-0.02317835108788341		0.3794857128579285	True	0.0080317100510001	False
OV_VisiumHD_FFPE_to_CosMx6K	Benchmark_02	OV	Visium HD FFPE	CosMx 6K	PSMD6	-0.0038708263271361	0.0556129023960729	0.059483728723209	0.2630130323980432	0.2302856552242596	-0.0327273771737836		0.4846470048797124	True	0.0076467995531857	False
OV_VisiumHD_FFPE_to_CosMx6K	Benchmark_02	OV	Visium HD FFPE	CosMx 6K	PSMD9	-0.0013840191349531	0.0672666408289409	0.06865065996389401	0.2527755522771803	0.2247076226383402	-0.028067929638840083		0.4611847882513724	True	0.0067587285302579	False
OV_VisiumHD_FFPE_to_CosMx6K	Benchmark_02	OV	Visium HD FFPE	CosMx 6K	PSME1	0.0039319245299109	0.1727808670100298	0.1688489424801189	0.5307743537334609	0.4269427903590165	-0.10383156337444444		0.604461226166016	True	0.0541846118867397	False
OV_VisiumHD_FFPE_to_CosMx6K	Benchmark_02	OV	Visium HD FFPE	CosMx 6K	PSME2	0.0026926990063635	0.1461579744849181	0.1434652754785546	0.3517155746002739	0.333060167565682	-0.018655407034591898		0.3435549978711402	True	0.0029496327042579	False
OV_VisiumHD_FFPE_to_CosMx6K	Benchmark_02	OV	Visium HD FFPE	CosMx 6K	PSMF1	0.0005676271064237	0.1409266121274577	0.140358985021034	0.4447230726242293	0.3743281232431951	-0.07039494938103419		0.5381563449665401	True	0.0158011000603437	False
OV_VisiumHD_FFPE_to_CosMx6K	Benchmark_02	OV	Visium HD FFPE	CosMx 6K	PTDSS1	-0.0011161878452352	0.0918346935900853	0.0929508814353205	0.2840795353636788	0.2631364532015026	-0.02094308216217622		0.3850067365970384	True	0.0103891594335436	False
OV_VisiumHD_FFPE_to_CosMx6K	Benchmark_02	OV	Visium HD FFPE	CosMx 6K	PTGES2	-0.0010010494568511	0.0353477377092923	0.036348787166143405	0.2023057906737163	0.1749677277940008	-0.02733806287971549		0.5019887807013157	True	0.0055196057073771	False
OV_VisiumHD_FFPE_to_CosMx6K	Benchmark_02	OV	Visium HD FFPE	CosMx 6K	PTGS1	0.0020653555882893	0.0567247705383406	0.054659414950051305	0.2503097538029129	0.218188603049793	-0.032121150753119915		0.4903571063568645	True	0.0095100533217191	False
OV_VisiumHD_FFPE_to_CosMx6K	Benchmark_02	OV	Visium HD FFPE	CosMx 6K	PTK2	0.0010475791463565	0.0998460623022566	0.09879848315590009	0.7348372553304147	0.7264547401298451	-0.00838251520056954		0.2169587220985057	True	-0.0017456229543313	False
OV_VisiumHD_FFPE_to_CosMx6K	Benchmark_02	OV	Visium HD FFPE	CosMx 6K	PTK7	5.98049537017879e-05	0.0679036006321986	0.0678437956784968	0.2623023343789583	0.228969228130747	-0.033333106248211286		0.4942634446793869	True	-0.0131844533607363	False
OV_VisiumHD_FFPE_to_CosMx6K	Benchmark_02	OV	Visium HD FFPE	CosMx 6K	PTPN1	4.5722251561037646e-05	4.5722251561037646e-05	0.0	0.3221358114324809	0.3221358114324809	0.0			False	0.0019333299715071	False
OV_VisiumHD_FFPE_to_CosMx6K	Benchmark_02	OV	Visium HD FFPE	CosMx 6K	PTPN12	0.000822142279872	0.0306711450410012	0.0298490027611292	0.2514056628259552	0.1967052224562936	-0.054700440369661624		0.6213885281591262	True	0.0138620901852846	False
OV_VisiumHD_FFPE_to_CosMx6K	Benchmark_02	OV	Visium HD FFPE	CosMx 6K	PTPRF	0.0005891944077113	0.1114546581564796	0.11086546374876831	0.3243534488243996	0.2853500509431552	-0.039003397881244406		0.475663163713231	True	0.0180664267390966	False
OV_VisiumHD_FFPE_to_CosMx6K	Benchmark_02	OV	Visium HD FFPE	CosMx 6K	PTPRG	-0.004142683165865	0.0619368207924711	0.0660795039583361	0.2666130385212958	0.2245433651992127	-0.04206967332208311		0.5375272176835445	True	-0.0015357107622548	False
OV_VisiumHD_FFPE_to_CosMx6K	Benchmark_02	OV	Visium HD FFPE	CosMx 6K	PTPRS	-0.0002715172036094	0.0515593619191237	0.0518308791227331	0.2944886391433178	0.2526612751116096	-0.041827364031708225		0.5134668324769671	True	0.0146072143688797	False
OV_VisiumHD_FFPE_to_CosMx6K	Benchmark_02	OV	Visium HD FFPE	CosMx 6K	PTS	5.1542762300253264e-05	0.0270079418124776	0.026956399050177347	0.2413787782057997	0.2170685635075123	-0.024310214698287397		0.4430064267123269	True	0.0115368282422423	False
OV_VisiumHD_FFPE_to_CosMx6K	Benchmark_02	OV	Visium HD FFPE	CosMx 6K	PUF60	2.642325009247804e-05	0.1146125724245583	0.11458614917446583	0.3816631010060534	0.3389211258918284	-0.042741975114225006		0.4629007971451083	True	0.0180597826838493	False
OV_VisiumHD_FFPE_to_CosMx6K	Benchmark_02	OV	Visium HD FFPE	CosMx 6K	PXN	-0.0011911261147239	0.0596016128455169	0.060792738960240796	0.2861266484627985	0.2626276660251103	-0.02349898243768822		0.4055800580992661	True	0.009588997811079	False
OV_VisiumHD_FFPE_to_CosMx6K	Benchmark_02	OV	Visium HD FFPE	CosMx 6K	PYCR2	0.000788679806513	0.0512684921891727	0.050479812382659695	0.288635081036612	0.262831152300217	-0.025803928736395032		0.4186366131660615	True	0.0074290186166763	False
OV_VisiumHD_FFPE_to_CosMx6K	Benchmark_02	OV	Visium HD FFPE	CosMx 6K	PYGB	0.0012470484926081	0.0362280599185974	0.0349810114259893	0.2447968139753758	0.2169827843110088	-0.027814029664367024		0.4667608098325752	True	-0.0003757943923119	False
OV_VisiumHD_FFPE_to_CosMx6K	Benchmark_02	OV	Visium HD FFPE	CosMx 6K	QSOX1	-0.0005750605138496	0.0087796260342336	0.009354686548083201	0.2973918575348847	0.2777645045873649	-0.01962735294751977		0.3735291099338738	True	0.0093084601685404	False
OV_VisiumHD_FFPE_to_CosMx6K	Benchmark_02	OV	Visium HD FFPE	CosMx 6K	RAB10	-0.003523073916058	0.0467159316367987	0.0502390055528567	0.2376946554595774	0.2005655526821732	-0.03712910277740422		0.5364848332583777	True	0.0075086602009832	False
OV_VisiumHD_FFPE_to_CosMx6K	Benchmark_02	OV	Visium HD FFPE	CosMx 6K	RAB11A	-0.0009085737069162	0.1192065586451024	0.12011513235201861	0.3561100197000376	0.3377095041081959	-0.018400515591841693		0.3366520851596534	True	0.0101891309022903	False
OV_VisiumHD_FFPE_to_CosMx6K	Benchmark_02	OV	Visium HD FFPE	CosMx 6K	RAB11B	-0.0038124332090323	0.0513748200688063	0.055187253277838605	0.3411316808882093	0.2931794176754129	-0.04795226321279639		0.5116718770093026	True	0.0083737447857856	False
OV_VisiumHD_FFPE_to_CosMx6K	Benchmark_02	OV	Visium HD FFPE	CosMx 6K	RAB14	-0.0005170674254569	-0.0005170674254569	0.0	0.2273212412566863	0.2273212412566863	0.0			False	-0.00637280754745	False
OV_VisiumHD_FFPE_to_CosMx6K	Benchmark_02	OV	Visium HD FFPE	CosMx 6K	RAB18	0.0001537433876466	0.0291211154233523	0.0289673720357057	0.204958553171158	0.1632357754872854	-0.041722777683872586		0.6024984041098228	True	-0.0040845721960067	False
OV_VisiumHD_FFPE_to_CosMx6K	Benchmark_02	OV	Visium HD FFPE	CosMx 6K	RAB2A	-0.000954458098687	0.0686590016462049	0.0696134597448919	0.3640501947555885	0.3277830808730477	-0.03626711388254078		0.446516412636904	True	0.00168734556064	False
OV_VisiumHD_FFPE_to_CosMx6K	Benchmark_02	OV	Visium HD FFPE	CosMx 6K	RAB3IP	-0.0010557689208508	0.0542045079562651	0.0552602768771159	0.2568015509818288	0.219790190731839	-0.03701136024998977		0.5170057283565952	True	0.0178884007036685	False
OV_VisiumHD_FFPE_to_CosMx6K	Benchmark_02	OV	Visium HD FFPE	CosMx 6K	RAB4A	0.0016550003135793	0.0495518661229938	0.047896865809414504	0.2475176173031296	0.2144637870122087	-0.033053830290920905		0.4996453848134732	True	-0.0003381017013452	False
OV_VisiumHD_FFPE_to_CosMx6K	Benchmark_02	OV	Visium HD FFPE	CosMx 6K	RAB5B	0.0008086741997334	0.0283311566617188	0.027522482461985402	0.2450537188963982	0.2195071219273434	-0.025546596969054813		0.4497836622358324	True	0.0014937992673367	False
OV_VisiumHD_FFPE_to_CosMx6K	Benchmark_02	OV	Visium HD FFPE	CosMx 6K	RAB5C	-0.0024365946299071	0.0816963078475106	0.0841329024774177	0.3005039208978319	0.2444098954013969	-0.056094025496434996		0.577181648762435	True	0.0025925033260136	False
OV_VisiumHD_FFPE_to_CosMx6K	Benchmark_02	OV	Visium HD FFPE	CosMx 6K	RAB6A	0.0006674974049427	0.050590606321341	0.0499231089163983	0.3057386915763629	0.2638517586027868	-0.041886932973576096		0.5050935478737216	True	0.0008924497524276	False
OV_VisiumHD_FFPE_to_CosMx6K	Benchmark_02	OV	Visium HD FFPE	CosMx 6K	RAB8A	0.0009059604916497	0.029517442087343	0.028611481595693298	0.2435203775834367	0.1887458553352597	-0.054774522248177		0.6280010720501353	True	0.000755806453526	False
OV_VisiumHD_FFPE_to_CosMx6K	Benchmark_02	OV	Visium HD FFPE	CosMx 6K	RABEP1	-0.0002491125469304	0.0545492521351791	0.054798364682109496	0.2553719349381396	0.2298477600341563	-0.025524174903983288		0.4405221170178474	True	-0.0041049551218748	False
OV_VisiumHD_FFPE_to_CosMx6K	Benchmark_02	OV	Visium HD FFPE	CosMx 6K	RAC1	0.0001696280582706	0.0825003965404059	0.0823307684821353	0.3581416001218629	0.3364332113023665	-0.021708388819496438		0.3723538418574544	True	0.0019861601758748	False
OV_VisiumHD_FFPE_to_CosMx6K	Benchmark_02	OV	Visium HD FFPE	CosMx 6K	RACK1	-0.0060282398980207	0.0946992062764095	0.1007274461744302	0.4737456245290828	0.4192735241158791	-0.05447210041320372		0.4751350828593084	True	0.0135522540658712	False
OV_VisiumHD_FFPE_to_CosMx6K	Benchmark_02	OV	Visium HD FFPE	CosMx 6K	RAD21	-0.0030003970917508	0.1268985869884252	0.129898984080176	0.3945230788007024	0.3727880224314849	-0.02173505636921752		0.3459152148757784	True	0.0020768786780536	False
OV_VisiumHD_FFPE_to_CosMx6K	Benchmark_02	OV	Visium HD FFPE	CosMx 6K	RAD23A	-0.001495966199098	0.0649753066078379	0.0664712728069359	0.3022778024424581	0.2778525206457621	-0.024425281796696008		0.405651846892133	True	-0.0044448068365454	False
OV_VisiumHD_FFPE_to_CosMx6K	Benchmark_02	OV	Visium HD FFPE	CosMx 6K	RAD23B	-0.0021977723227202	-0.0021977723227202	0.0	0.3106727496345313	0.3106727496345313	0.0			False	0.0109094446524977	False
OV_VisiumHD_FFPE_to_CosMx6K	Benchmark_02	OV	Visium HD FFPE	CosMx 6K	RAE1	-0.0020964260948353	0.0889867786940306	0.0910832047888659	0.3004836885903151	0.2725056455413679	-0.027978043048947188		0.4248857918519467	True	0.0210112426429986	False
OV_VisiumHD_FFPE_to_CosMx6K	Benchmark_02	OV	Visium HD FFPE	CosMx 6K	RALA	-0.001041528558342	0.1010163475845595	0.1020578761429015	0.3394558567702109	0.3160801964156274	-0.023375660354583494		0.3776353836857145	True	0.0058320867829024	False
OV_VisiumHD_FFPE_to_CosMx6K	Benchmark_02	OV	Visium HD FFPE	CosMx 6K	RAP1A	0.0010621746177558	0.052839651089896	0.051777476472140205	0.2683255351954007	0.2386487173173893	-0.029676817878011408		0.4658938704658658	True	0.0031330219935625	False
OV_VisiumHD_FFPE_to_CosMx6K	Benchmark_02	OV	Visium HD FFPE	CosMx 6K	RBBP7	-2.1384693833814683e-05	0.062992310136773	0.06301369483060681	0.2472328011093413	0.2223729353352865	-0.0248598657740548		0.4397298337845783	True	0.0058184517547488	False
OV_VisiumHD_FFPE_to_CosMx6K	Benchmark_02	OV	Visium HD FFPE	CosMx 6K	RBCK1	-0.0009546613531469	0.2189320175094285	0.2198866788625754	0.5824132915701082	0.5542881608688642	-0.028125130701244005		0.3427511751257201	True	0.027046987786889	False
OV_VisiumHD_FFPE_to_CosMx6K	Benchmark_02	OV	Visium HD FFPE	CosMx 6K	RBM17	-0.0015849265827597	0.0611628670298359	0.0627477936125956	0.2962945335439893	0.2558901036328884	-0.040404429911100936		0.5043666902033637	True	0.0056033474393188	False
OV_VisiumHD_FFPE_to_CosMx6K	Benchmark_02	OV	Visium HD FFPE	CosMx 6K	RBM25	0.002948985150628	0.0153937019994152	0.012444716848787202	0.2360109696415762	0.2024410237730056	-0.033569945868570594		0.5135753994067511	True	0.0114053171128034	False
OV_VisiumHD_FFPE_to_CosMx6K	Benchmark_02	OV	Visium HD FFPE	CosMx 6K	RBM5	0.000531254364963	0.0331187747116892	0.0325875203467262	0.2482308448909201	0.2230770101972362	-0.025153834693683902		0.4430490273552281	True	-0.0004414329887367	False
OV_VisiumHD_FFPE_to_CosMx6K	Benchmark_02	OV	Visium HD FFPE	CosMx 6K	RBX1	0.0021302603704853	0.0021302603704853	0.0	0.2599651520548729	0.2599651520548729	0.0			False	0.005041061900556	False
OV_VisiumHD_FFPE_to_CosMx6K	Benchmark_02	OV	Visium HD FFPE	CosMx 6K	RCOR1	0.0003119476847511	0.0817930017759588	0.0814810540912077	0.2828660594120887	0.2652245507915994	-0.0176415086204893		0.3551541206203318	True	0.0110645983368158	False
OV_VisiumHD_FFPE_to_CosMx6K	Benchmark_02	OV	Visium HD FFPE	CosMx 6K	REEP5	-0.0003741416311747	0.0869973773445089	0.0873715189756836	0.2925198923522016	0.2741925142322237	-0.018327378119977922		0.3641465418566605	True	0.0083493813872337	False
OV_VisiumHD_FFPE_to_CosMx6K	Benchmark_02	OV	Visium HD FFPE	CosMx 6K	RERE	-0.0022811114808018	-0.0022811114808018	0.0	0.2390672574723057	0.2390672574723057	0.0			False	0.001930825645104	False
OV_VisiumHD_FFPE_to_CosMx6K	Benchmark_02	OV	Visium HD FFPE	CosMx 6K	RFC2	-3.7233862923725815e-06	0.0504871648448408	0.05049088823113317	0.2248889275542321	0.20296459503087	-0.021924332523362094		0.4327870535510701	True	0.0082503603771328	False
OV_VisiumHD_FFPE_to_CosMx6K	Benchmark_02	OV	Visium HD FFPE	CosMx 6K	RFXANK	-0.0004627459641762	0.0637708472803832	0.06423359324455939	0.2814761394134626	0.2558868047788205	-0.025589334634642136		0.4220562731086853	True	0.0108888261020183	False
OV_VisiumHD_FFPE_to_CosMx6K	Benchmark_02	OV	Visium HD FFPE	CosMx 6K	RGS1	-0.0002317521313988	0.3529924370096414	0.3532241891410402	0.4232296952016144	0.3141795446889436	-0.10905015051267081		0.6796131614244014	True	0.0432651042938232	False
OV_VisiumHD_FFPE_to_CosMx6K	Benchmark_02	OV	Visium HD FFPE	CosMx 6K	RHBDD2	-0.0010238196636835	0.0420465702961628	0.0430703899598463	0.2298139985780906	0.2039486108015186	-0.02586538777657199		0.4631236046251254	True	0.0060620480217039	False
OV_VisiumHD_FFPE_to_CosMx6K	Benchmark_02	OV	Visium HD FFPE	CosMx 6K	RHOA	-0.0030536274698385	0.1187784380849877	0.1218320655548262	0.4536727193009029	0.4069170639521032	-0.04675565534879972		0.4584281546983252	True	-0.0009051855886355	False
OV_VisiumHD_FFPE_to_CosMx6K	Benchmark_02	OV	Visium HD FFPE	CosMx 6K	RHOB	0.0027235924598498	0.2382788982249654	0.2355553057651156	0.4303698414407376	0.3233471471989581	-0.10702269424177951		0.6600300872808187	True	0.0399216078221797	False
OV_VisiumHD_FFPE_to_CosMx6K	Benchmark_02	OV	Visium HD FFPE	CosMx 6K	RHOC	-0.000125094449316	0.1088454573963433	0.10897055184565929	0.3798861381632388	0.334274231881235	-0.04561190628200379		0.4838777673357796	True	0.0098213283345103	False
OV_VisiumHD_FFPE_to_CosMx6K	Benchmark_02	OV	Visium HD FFPE	CosMx 6K	RIF1	-0.0004711597448603	0.0622233386234038	0.0626944983682641	0.2742233397720808	0.2546027624512181	-0.019620577320862698		0.3793881339577221	True	-0.0057326452806591	False
OV_VisiumHD_FFPE_to_CosMx6K	Benchmark_02	OV	Visium HD FFPE	CosMx 6K	RING1	-0.000228882365901	0.0355972177266263	0.0358261000925273	0.2273598835818268	0.1997469915185261	-0.027612892063300698		0.4794978927444283	True	0.0006079446757212	False
OV_VisiumHD_FFPE_to_CosMx6K	Benchmark_02	OV	Visium HD FFPE	CosMx 6K	RIPK2	-0.0017963915863211	0.0541264544356579	0.055922846021979	0.2420368129128134	0.1990185731803869	-0.043018239732426494		0.5673311894603156	True	0.0072673736140131	False
OV_VisiumHD_FFPE_to_CosMx6K	Benchmark_02	OV	Visium HD FFPE	CosMx 6K	RNASE1	0.00058283352648	0.1638715490584311	0.1632887155319511	0.437052371619719	0.3276484257343929	-0.10940394588532609		0.6557222426371612	True	0.0323045700788497	False
OV_VisiumHD_FFPE_to_CosMx6K	Benchmark_02	OV	Visium HD FFPE	CosMx 6K	RNASET2	-0.0029356983871008	0.0686344648197507	0.0715701632068515	0.3511009111103931	0.3192853851342703	-0.031815525976122805		0.426542223570085	True	0.0088364146649837	False
OV_VisiumHD_FFPE_to_CosMx6K	Benchmark_02	OV	Visium HD FFPE	CosMx 6K	RNF114	-0.0018425345789582	0.0945620844044161	0.0964046189833743	0.3199341273458332	0.2825579093532003	-0.03737621799263291		0.4728313857289186	True	0.0185982976108789	False
OV_VisiumHD_FFPE_to_CosMx6K	Benchmark_02	OV	Visium HD FFPE	CosMx 6K	RNF130	-7.03052589944781e-05	0.0672129615249906	0.06728326678398507	0.2514420763628572	0.2100615054068864	-0.04138057095597081		0.5486380224104203	True	-0.001782460603863	False
OV_VisiumHD_FFPE_to_CosMx6K	Benchmark_02	OV	Visium HD FFPE	CosMx 6K	RNF14	0.0012846274875184	0.0509862854027079	0.049701657915189504	0.2450904346342775	0.2257090720295228	-0.019381362604754676		0.394785063262717	True	0.0083136046305298	False
OV_VisiumHD_FFPE_to_CosMx6K	Benchmark_02	OV	Visium HD FFPE	CosMx 6K	RNF144B	0.0014516598315806	0.0728727844853213	0.0714211246537407	0.3325883838386847	0.3164553012196646	-0.016133082619020134		0.3203983911005375	True	-0.0012558272574096	False
OV_VisiumHD_FFPE_to_CosMx6K	Benchmark_02	OV	Visium HD FFPE	CosMx 6K	RNF19A	-0.0006378383764876	0.0860550114412975	0.0866928498177851	0.3256958490590554	0.2773717094252578	-0.048324139633797614		0.5234910588337591	True	0.0227970443665981	False
OV_VisiumHD_FFPE_to_CosMx6K	Benchmark_02	OV	Visium HD FFPE	CosMx 6K	RNF213	0.0035880190209457	0.127265269823332	0.1236772508023863	0.3941577699331862	0.3274119148413678	-0.0667458550918184		0.5527603856546125	True	0.0138682108372449	False
OV_VisiumHD_FFPE_to_CosMx6K	Benchmark_02	OV	Visium HD FFPE	CosMx 6K	RNF31	-0.0003385543224703	0.0337143758605771	0.0340529301830474	0.2106210539484329	0.1723558591219248	-0.03826519482650809		0.574153268302407	True	0.0061894911341369	False
OV_VisiumHD_FFPE_to_CosMx6K	Benchmark_02	OV	Visium HD FFPE	CosMx 6K	RNF5	-0.0018918911650999	0.031337699873336	0.033229591038435896	0.2273290557218567	0.1831882472818999	-0.0441408084399568		0.5920901795544439	True	-0.0001931225997395	False
OV_VisiumHD_FFPE_to_CosMx6K	Benchmark_02	OV	Visium HD FFPE	CosMx 6K	RNF7	0.0021662908839321	0.0021662908839321	0.0	0.2442872737600576	0.2442872737600576	0.0			False	0.0127524472773075	False
OV_VisiumHD_FFPE_to_CosMx6K	Benchmark_02	OV	Visium HD FFPE	CosMx 6K	ROMO1	-0.0025266756526581	0.1460514748049868	0.1485781504576449	0.4848381091690168	0.4387022292227707	-0.04613587994624613		0.4378536531887634	True	0.0159159749746322	False
OV_VisiumHD_FFPE_to_CosMx6K	Benchmark_02	OV	Visium HD FFPE	CosMx 6K	RPA1	0.0045616767681516	0.0503319689873442	0.0457702922191926	0.2431624641874813	0.2139508944586483	-0.029211569728833015		0.4758864222774056	True	0.0080590844154357	False
OV_VisiumHD_FFPE_to_CosMx6K	Benchmark_02	OV	Visium HD FFPE	CosMx 6K	RPN1	0.0006750523900663	0.0807250865882424	0.0800500341981761	0.2774908796358265	0.2487196509516071	-0.028771228684219413		0.4501841570875536	True	-0.002397593576461	False
OV_VisiumHD_FFPE_to_CosMx6K	Benchmark_02	OV	Visium HD FFPE	CosMx 6K	RPN2	0.0029744513387521	0.1217372275809101	0.118762776242158	0.4189061411022841	0.4028897764714637	-0.0160163646308204		0.3039749925262557	True	0.0110672451555728	False
OV_VisiumHD_FFPE_to_CosMx6K	Benchmark_02	OV	Visium HD FFPE	CosMx 6K	RRAS	-0.0002360041045121	0.0328245039216179	0.033060508026129996	0.247806050631085	0.2136733872136148	-0.03413266341747018		0.5092813368644613	True	-0.0025126938708126	False
OV_VisiumHD_FFPE_to_CosMx6K	Benchmark_02	OV	Visium HD FFPE	CosMx 6K	RRBP1	0.0007442496969228	0.1309255237273116	0.1301812740303888	0.3731402858485294	0.3281922224311637	-0.04494806341736568		0.4836708572606845	True	0.0032407271210104	False
OV_VisiumHD_FFPE_to_CosMx6K	Benchmark_02	OV	Visium HD FFPE	CosMx 6K	RTN3	0.001219314269402	0.0445118471215581	0.0432925328521561	0.2700865012645722	0.216915606880804	-0.05317089438376818		0.5953120272737532	True	0.0193687565624713	False
OV_VisiumHD_FFPE_to_CosMx6K	Benchmark_02	OV	Visium HD FFPE	CosMx 6K	RTN4	-8.712287307306919e-05	0.0387936716449638	0.03888079451803687	0.336823233578512	0.3108295474217259	-0.0259936861567861		0.4123250790259531	True	-0.0046983463689684	False
OV_VisiumHD_FFPE_to_CosMx6K	Benchmark_02	OV	Visium HD FFPE	CosMx 6K	RUFY1	-0.0004110540332462	0.0268436875816747	0.027254741614920898	0.2241209043040229	0.1937759540727867	-0.030344950231236206		0.503258853329472	True	0.0034409726504236	False
OV_VisiumHD_FFPE_to_CosMx6K	Benchmark_02	OV	Visium HD FFPE	CosMx 6K	RYBP	-0.0024449186410629	0.0431970781947342	0.0456419968357971	0.2734914210716908	0.2409238536035327	-0.03256756746815809		0.4755094532115387	True	0.0068065859377384	False
OV_VisiumHD_FFPE_to_CosMx6K	Benchmark_02	OV	Visium HD FFPE	CosMx 6K	S100A1	0.0014582820131814	0.0916338381264487	0.09017555611326729	0.3122425376567137	0.2637618508437327	-0.04848068681298101		0.5351714183591093	True	0.0674745365977287	False
OV_VisiumHD_FFPE_to_CosMx6K	Benchmark_02	OV	Visium HD FFPE	CosMx 6K	S100A10	0.0012332510108476	0.0982337985472772	0.0970005475364296	0.3338886237637732	0.3022677608268619	-0.0316208629369113		0.452282694154261	True	0.0012311886530369	False
OV_VisiumHD_FFPE_to_CosMx6K	Benchmark_02	OV	Visium HD FFPE	CosMx 6K	S100A14	-0.0047317614578356	0.2048770275513148	0.2096087890091504	0.4058551215529882	0.3795677733173027	-0.026287348235685515		0.3688744413477473	True	0.0311657693237066	False
OV_VisiumHD_FFPE_to_CosMx6K	Benchmark_02	OV	Visium HD FFPE	CosMx 6K	S100A16	0.0011323044426203	0.1150920388353432	0.1139597343927229	0.3859938196478454	0.3136533221656563	-0.07234049748218913		0.5794916844276047	True	0.0328935161232948	False
OV_VisiumHD_FFPE_to_CosMx6K	Benchmark_02	OV	Visium HD FFPE	CosMx 6K	S100A4	0.0021411556872472	0.1348601400709973	0.1327189843837501	0.4411680759393532	0.4122134846093738	-0.028954591329979407		0.3874226863602524	True	0.016131542623043	False
OV_VisiumHD_FFPE_to_CosMx6K	Benchmark_02	OV	Visium HD FFPE	CosMx 6K	S100A6	0.0122325718906419	0.3268820845852976	0.3146495126946557	0.8603947294308808	0.6944340049348071	-0.16596072449607369		0.5880607116046708	True	0.1083654686808586	False
OV_VisiumHD_FFPE_to_CosMx6K	Benchmark_02	OV	Visium HD FFPE	CosMx 6K	S100A8	-0.0066670291490362	0.4001483960173785	0.4068154251664147	0.4578692245748065	0.3090252681244717	-0.14884395645033482		0.7390167439914785	True	0.0771966204047203	False
OV_VisiumHD_FFPE_to_CosMx6K	Benchmark_02	OV	Visium HD FFPE	CosMx 6K	SAMD1	-0.0016544800931502	0.1021580904606921	0.1038125705538423	0.306070460999786	0.2802787469246744	-0.025791714075111605		0.4081160579224704	True	-0.0017497901571914	False
OV_VisiumHD_FFPE_to_CosMx6K	Benchmark_02	OV	Visium HD FFPE	CosMx 6K	SAMHD1	0.0009611684857416	0.0859789916621353	0.0850178231763937	0.3672814359433301	0.2756771204543574	-0.09160431548897274		0.6719266389765104	True	0.0206218939274549	False
OV_VisiumHD_FFPE_to_CosMx6K	Benchmark_02	OV	Visium HD FFPE	CosMx 6K	SAT1	-0.0093633010314577	0.1315062243507566	0.14086952538221428	0.8023724556293856	0.5990112317503776	-0.203361223879008		0.6899988085481927	True	0.0806951820850372	False
OV_VisiumHD_FFPE_to_CosMx6K	Benchmark_02	OV	Visium HD FFPE	CosMx 6K	SBNO2	0.0017401775875825	0.0561738808920035	0.054433703304421	0.2458901108860195	0.2113498401622069	-0.034540270723812605		0.5139921469133114	True	0.0014063491253182	False
OV_VisiumHD_FFPE_to_CosMx6K	Benchmark_02	OV	Visium HD FFPE	CosMx 6K	SCAP	-0.00168575295581	0.0583141216314369	0.0599998745872469	0.2430018146755875	0.2202791367308078	-0.022722677944779723		0.4254984079901971	True	0.0118061965331435	False
OV_VisiumHD_FFPE_to_CosMx6K	Benchmark_02	OV	Visium HD FFPE	CosMx 6K	SCARB2	0.0001564531844905	0.0923250500301046	0.09216859684561411	0.243068330423188	0.1940444567950194	-0.049023873628168624		0.5985172171076084	True	-0.0013321581063792	False
OV_VisiumHD_FFPE_to_CosMx6K	Benchmark_02	OV	Visium HD FFPE	CosMx 6K	SCCPDH	0.0013463488488209	0.0405319165639226	0.0391855677151017	0.2573765405970571	0.2365206456970892	-0.02085589489996792		0.4007250195998772	True	-0.0012723535764962	False
OV_VisiumHD_FFPE_to_CosMx6K	Benchmark_02	OV	Visium HD FFPE	CosMx 6K	SCD	-0.0009916380159568	0.0869906851721177	0.08798232318807449	0.3535459536077937	0.3198326080036476	-0.03371334560414607		0.4326349350680701	True	0.0295509751886129	False
OV_VisiumHD_FFPE_to_CosMx6K	Benchmark_02	OV	Visium HD FFPE	CosMx 6K	SCGB2A1	0.0045845204182031	0.0774976672525522	0.07291314683434909	0.3781347639940064	0.3273418097386641	-0.050792954255342304		0.5002684602072512	True	0.0576527826488018	False
OV_VisiumHD_FFPE_to_CosMx6K	Benchmark_02	OV	Visium HD FFPE	CosMx 6K	SCP2	0.0010526318677629	0.0010526318677629	0.0	0.287462832798886	0.287462832798886	0.0			False	0.006306679919362	False
OV_VisiumHD_FFPE_to_CosMx6K	Benchmark_02	OV	Visium HD FFPE	CosMx 6K	SCRIB	-0.0025635961319984	0.0905076264479723	0.0930712225799707	0.2862710220589463	0.247046883506028	-0.039224138552918286		0.5051448504662084	True	0.0100121581926941	False
OV_VisiumHD_FFPE_to_CosMx6K	Benchmark_02	OV	Visium HD FFPE	CosMx 6K	SDF2L1	0.0021002553144294	0.0736758164673695	0.0715755611529401	0.2727827260938891	0.2413217584867502	-0.0314609676071389		0.4684682402799763	True	0.0089349951595067	False
OV_VisiumHD_FFPE_to_CosMx6K	Benchmark_02	OV	Visium HD FFPE	CosMx 6K	SDHA	0.0013735187791488	0.1019925153752193	0.1006189965960705	0.3702698784527596	0.3521387567125943	-0.01813112174016529		0.3271737873446049	True	-0.0015853156801313	False
OV_VisiumHD_FFPE_to_CosMx6K	Benchmark_02	OV	Visium HD FFPE	CosMx 6K	SEC11A	-0.0001157941210925	0.0450880339107859	0.0452038280318784	0.307128227993848	0.2434584192103112	-0.06366980878353679		0.6068419562285734	True	0.0113459769636392	False
OV_VisiumHD_FFPE_to_CosMx6K	Benchmark_02	OV	Visium HD FFPE	CosMx 6K	SEC13	0.0009684087741629	0.0009684087741629	0.0	0.294558294530883	0.294558294530883	0.0			False	-0.005057115573436	False
OV_VisiumHD_FFPE_to_CosMx6K	Benchmark_02	OV	Visium HD FFPE	CosMx 6K	SEC22B	-0.0021737413905097	0.0392827202816974	0.0414564616722071	0.3422790815918881	0.3142459299093282	-0.028033151682559876		0.4098001249870121	True	0.024549962952733	False
OV_VisiumHD_FFPE_to_CosMx6K	Benchmark_02	OV	Visium HD FFPE	CosMx 6K	SEC23A	-0.0020878336768932	0.0220890428864822	0.0241768765633754	0.2303623183744437	0.1797024324279911	-0.0506598859464526		0.6216339109837055	True	-0.0038200193084776	False
OV_VisiumHD_FFPE_to_CosMx6K	Benchmark_02	OV	Visium HD FFPE	CosMx 6K	SEC23B	-0.0018622653738473	0.0531845742016556	0.0550468395755029	0.2664154257535634	0.242989652966304	-0.023425772787259408		0.4162507626319507	True	0.0041444422677159	False
OV_VisiumHD_FFPE_to_CosMx6K	Benchmark_02	OV	Visium HD FFPE	CosMx 6K	SEC31A	-0.0009792103539158	0.0122863468430274	0.0132655571969432	0.2796317049569268	0.2139782948691732	-0.0656534100877536		0.6346064994022105	True	0.0064165107905864	False
OV_VisiumHD_FFPE_to_CosMx6K	Benchmark_02	OV	Visium HD FFPE	CosMx 6K	SEH1L	-0.0006195167286723	0.0594507114887135	0.06007022821738579	0.266956995159891	0.243039303581836	-0.02391769157805501		0.418589291981116	True	0.0068239099346101	False
OV_VisiumHD_FFPE_to_CosMx6K	Benchmark_02	OV	Visium HD FFPE	CosMx 6K	SEL1L	-0.0006607205584769	0.0633717013894044	0.0640324219478813	0.2859149901268894	0.2539505800500474	-0.03196441007684203		0.4672974600600452	True	0.0166491046547889	False
OV_VisiumHD_FFPE_to_CosMx6K	Benchmark_02	OV	Visium HD FFPE	CosMx 6K	SELENOP	0.0025821217248131	0.0025821217248131	0.0	0.2636802882026103	0.2636802882026103	0.0			False	0.0262801386415958	False
OV_VisiumHD_FFPE_to_CosMx6K	Benchmark_02	OV	Visium HD FFPE	CosMx 6K	SELENOS	-0.0019420737378512	0.0976774719632113	0.0996195457010625	0.4109376753498523	0.3791366999681181	-0.03180097538173421		0.4032816674005596	True	0.0087427161633968	False
OV_VisiumHD_FFPE_to_CosMx6K	Benchmark_02	OV	Visium HD FFPE	CosMx 6K	SELENOW	-0.0024116094745199	0.0794723998303217	0.0818840093048416	0.3358972621975924	0.2470885465361016	-0.08880871566149082		0.6748803093187911	True	0.0068483762443065	False
OV_VisiumHD_FFPE_to_CosMx6K	Benchmark_02	OV	Visium HD FFPE	CosMx 6K	SEM1	0.0021336915336269	0.0994658647236636	0.0973321731900367	0.3551805326359245	0.3173418699566191	-0.03783866267930536		0.4555047384546443	True	0.0091949477791786	False
OV_VisiumHD_FFPE_to_CosMx6K	Benchmark_02	OV	Visium HD FFPE	CosMx 6K	SEMA4B	-0.0005811500640498	0.0733873650935325	0.07396851515758229	0.2853299264879452	0.26618732779997	-0.019142598687975187		0.3686227152707812	True	0.0007284139283001	False
OV_VisiumHD_FFPE_to_CosMx6K	Benchmark_02	OV	Visium HD FFPE	CosMx 6K	SERINC1	-0.0007178199578641	0.0400483058806396	0.040766125838503704	0.2332596403124295	0.1913555404440606	-0.04190409986836888		0.5705353229804183	True	0.003453001147136	False
OV_VisiumHD_FFPE_to_CosMx6K	Benchmark_02	OV	Visium HD FFPE	CosMx 6K	SERINC3	0.0006026691877505	0.0856266227303632	0.0850239535426127	0.3031287512914914	0.2739212552308231	-0.029207496060668303		0.4348672120069926	True	0.0030932147055864	False
OV_VisiumHD_FFPE_to_CosMx6K	Benchmark_02	OV	Visium HD FFPE	CosMx 6K	SERPINB1	4.5041334413575896e-05	0.1045649769725411	0.10451993563812752	0.316437288314461	0.2775482028784721	-0.0388890854359889		0.4850322304504174	True	0.0161102004349231	False
OV_VisiumHD_FFPE_to_CosMx6K	Benchmark_02	OV	Visium HD FFPE	CosMx 6K	SERPINE1	0.0031876049315187	0.270780053059689	0.2675924481281703	0.4208169029883475	0.2336717598279373	-0.1871451431604102		0.8223510432185842	True	0.0923791378736496	False
OV_VisiumHD_FFPE_to_CosMx6K	Benchmark_02	OV	Visium HD FFPE	CosMx 6K	SERPING1	0.0009219887899585	0.1607030759653385	0.15978108717538	0.411110172567919	0.3445856489374898	-0.06652452363042921		0.5498052394274925	True	0.0076737063936889	False
OV_VisiumHD_FFPE_to_CosMx6K	Benchmark_02	OV	Visium HD FFPE	CosMx 6K	SERPINH1	0.0004978113592597	0.2170797207954224	0.2165819094361627	0.4653387629697708	0.3826465217048152	-0.08269224126495556		0.565515856909274	True	0.0067458422854542	False
OV_VisiumHD_FFPE_to_CosMx6K	Benchmark_02	OV	Visium HD FFPE	CosMx 6K	SETD3	-8.022335015986819e-05	0.0488585065707421	0.04893872992090197	0.2973631388365647	0.2764246307922694	-0.020938508044295256		0.3806283556816158	True	-0.0063840909861028	False
OV_VisiumHD_FFPE_to_CosMx6K	Benchmark_02	OV	Visium HD FFPE	CosMx 6K	SETD5	0.000370158139916	0.0238172667752006	0.023447108635284597	0.2248582833159859	0.1972841188223794	-0.0275741644936065		0.4819918126769466	True	-0.007940711453557	False
OV_VisiumHD_FFPE_to_CosMx6K	Benchmark_02	OV	Visium HD FFPE	CosMx 6K	SETDB1	0.0001583528495409	0.0366771105461774	0.0365187576966365	0.2062019476507406	0.1730015849121652	-0.033200362738575406		0.5437457107607109	True	-0.002096552401781	False
OV_VisiumHD_FFPE_to_CosMx6K	Benchmark_02	OV	Visium HD FFPE	CosMx 6K	SF3B2	-0.0012608958588693	0.05531148770638	0.0565723835652493	0.3147293121223397	0.2985600542372963	-0.016169257885043364		0.3334422770017395	True	0.0041410499252378	False
OV_VisiumHD_FFPE_to_CosMx6K	Benchmark_02	OV	Visium HD FFPE	CosMx 6K	SF3B3	-0.0008286074417645	0.0398604774002697	0.0406890848420342	0.2362106613211475	0.2098826008033455	-0.02632806051780201		0.4621069529194744	True	-0.0071911453269422	False
OV_VisiumHD_FFPE_to_CosMx6K	Benchmark_02	OV	Visium HD FFPE	CosMx 6K	SFRP4	-0.0091287570467313	0.2947167931815031	0.30384555022823445	0.4531099653298916	0.258760972834838	-0.1943489924950536		0.82284202779397	True	0.2305604666471481	True
OV_VisiumHD_FFPE_to_CosMx6K	Benchmark_02	OV	Visium HD FFPE	CosMx 6K	SFXN1	-0.0006031896543157	0.0405271916879087	0.0411303813422244	0.2454006833542473	0.2164996953367986	-0.028900988017448698		0.4726525465241538	True	-0.0041664983145892	False
OV_VisiumHD_FFPE_to_CosMx6K	Benchmark_02	OV	Visium HD FFPE	CosMx 6K	SGK1	0.0007251654233897	0.1212412771617428	0.1205161117383531	0.3069467858700809	0.2385719422901363	-0.06837484357994458		0.6281361517531497	True	0.0235853306949138	False
OV_VisiumHD_FFPE_to_CosMx6K	Benchmark_02	OV	Visium HD FFPE	CosMx 6K	SH3BGRL3	0.0002427621562946	0.1533448070871036	0.153102044930809	0.3389378785676881	0.2844290329391162	-0.05450884562857189		0.552596339175291	True	-0.0109250331297516	False
OV_VisiumHD_FFPE_to_CosMx6K	Benchmark_02	OV	Visium HD FFPE	CosMx 6K	SH3GLB1	0.0006439670960701	0.0445860887571993	0.0439421216611292	0.2411907619565972	0.1957612913703426	-0.0454294705862546		0.5813692445221613	True	-0.0076158163137733	False
OV_VisiumHD_FFPE_to_CosMx6K	Benchmark_02	OV	Visium HD FFPE	CosMx 6K	SHISA5	0.0004764373086321	0.0895152583183513	0.0890388210097192	0.3383090050449198	0.2933920491712461	-0.04491695587367367		0.4992371125599161	True	0.0124772852286696	False
OV_VisiumHD_FFPE_to_CosMx6K	Benchmark_02	OV	Visium HD FFPE	CosMx 6K	SIGIRR	-0.0015472747156646	0.0662658987487772	0.0678131734644418	0.2664590931339453	0.2349554880296399	-0.03150360510430539		0.4720720615040131	True	0.0060341311618685	False
OV_VisiumHD_FFPE_to_CosMx6K	Benchmark_02	OV	Visium HD FFPE	CosMx 6K	SIKE1	-0.0019783511175563	0.0295427665224693	0.031521117640025596	0.2466059050475692	0.2195552903138378	-0.02705061473373141		0.4582064167639936	True	-0.0032399231567978	False
OV_VisiumHD_FFPE_to_CosMx6K	Benchmark_02	OV	Visium HD FFPE	CosMx 6K	SIRT2	-0.000394514644634	0.0534763163770506	0.0538708310216846	0.2601005681145827	0.2372086002613078	-0.022891967853274908		0.4168499183087575	True	0.0041301809251308	False
OV_VisiumHD_FFPE_to_CosMx6K	Benchmark_02	OV	Visium HD FFPE	CosMx 6K	SIRT5	-0.0021108175566457	0.0612043870618843	0.06331520461853	0.236288443661924	0.2086359134824887	-0.02765253017943531		0.4697887574572106	True	0.0156710259616374	False
OV_VisiumHD_FFPE_to_CosMx6K	Benchmark_02	OV	Visium HD FFPE	CosMx 6K	SIVA1	0.0012720475709839	0.0737009811546475	0.0724289335836636	0.3284128946360835	0.3025728400592425	-0.025840054576840965		0.3983032254817613	True	0.0143553866073489	False
OV_VisiumHD_FFPE_to_CosMx6K	Benchmark_02	OV	Visium HD FFPE	CosMx 6K	SKI	0.0018613230936017	0.0400056218963878	0.0381442988027861	0.217057503127845	0.1789511165541921	-0.038106386573652895		0.5661706752728787	True	-0.0044473651796579	False
OV_VisiumHD_FFPE_to_CosMx6K	Benchmark_02	OV	Visium HD FFPE	CosMx 6K	SKIL	0.0043088300724492	0.0043088300724492	0.0	0.3058496999161513	0.3058496999161513	0.0			False	0.0061293714679777	False
OV_VisiumHD_FFPE_to_CosMx6K	Benchmark_02	OV	Visium HD FFPE	CosMx 6K	SLC16A1	-0.0008836932297086	0.0340716601373118	0.034955353367020395	0.2564016861488139	0.2073827803753649	-0.04901890577344903		0.586873022898653	True	0.0106906741857528	False
OV_VisiumHD_FFPE_to_CosMx6K	Benchmark_02	OV	Visium HD FFPE	CosMx 6K	SLC1A3	0.0008328427116867	0.0662708827469492	0.0654380400352625	0.2715684499894777	0.2508958214384958	-0.020672628550981897		0.393820368354902	True	0.0018117899307981	False
OV_VisiumHD_FFPE_to_CosMx6K	Benchmark_02	OV	Visium HD FFPE	CosMx 6K	SLC1A5	-0.0004857592925248	0.0278232887164002	0.028309048008925	0.2124072349324863	0.1728038343536256	-0.03960340057886072		0.5796741124490503	True	0.0010266571771353	False
OV_VisiumHD_FFPE_to_CosMx6K	Benchmark_02	OV	Visium HD FFPE	CosMx 6K	SLC25A1	-0.0022979339576632	0.0871017229826208	0.089399656940284	0.341319650200559	0.32356512631933	-0.017754523881229		0.3337257575043589	True	-0.0021874757949262	False
OV_VisiumHD_FFPE_to_CosMx6K	Benchmark_02	OV	Visium HD FFPE	CosMx 6K	SLC25A11	-0.0004564809314948	0.0511909522162284	0.0516474331477232	0.2223880389180597	0.1783583469526194	-0.04402969196544029		0.597571678425954	True	-0.0017013775650411	False
OV_VisiumHD_FFPE_to_CosMx6K	Benchmark_02	OV	Visium HD FFPE	CosMx 6K	SLC25A24	0.0019577798524098	0.0484520006814191	0.046494220829009295	0.2538737856648984	0.2201283692893465	-0.03374541637555187		0.4983858159136526	True	0.006303256843239	False
OV_VisiumHD_FFPE_to_CosMx6K	Benchmark_02	OV	Visium HD FFPE	CosMx 6K	SLC25A6	-0.0033308380483381	0.1195686406486929	0.122899478697031	0.4935812218502546	0.4754484099236962	-0.018132811926558412		0.3064785357272084	True	0.0092373834922909	False
OV_VisiumHD_FFPE_to_CosMx6K	Benchmark_02	OV	Visium HD FFPE	CosMx 6K	SLC26A2	0.00056490413065	0.0396272355246437	0.0390623313939937	0.2643312631070709	0.2198918579293335	-0.044439405177737396		0.5562036630794323	True	0.0524158626794815	False
OV_VisiumHD_FFPE_to_CosMx6K	Benchmark_02	OV	Visium HD FFPE	CosMx 6K	SLC2A1	-0.0069062383157153	0.0081589988408131	0.0150652371565284	0.2753767792345867	0.2074280902690913	-0.06794868896549541		0.6563075635430157	True	0.0328826047480106	False
OV_VisiumHD_FFPE_to_CosMx6K	Benchmark_02	OV	Visium HD FFPE	CosMx 6K	SLC38A1	-0.0017558439866164	0.108371531632248	0.1101273756188644	0.3826562481587628	0.3266509549615176	-0.05600529319724523		0.5209138852756543	True	0.0501127876341342	False
OV_VisiumHD_FFPE_to_CosMx6K	Benchmark_02	OV	Visium HD FFPE	CosMx 6K	SLC38A2	0.0022408374362377	0.0581763501529235	0.0559355127166858	0.3906584922412094	0.3281621390322614	-0.06249635320894803		0.5383436128206275	True	0.0119251608848571	False
OV_VisiumHD_FFPE_to_CosMx6K	Benchmark_02	OV	Visium HD FFPE	CosMx 6K	SLC3A2	-0.000828243106958	0.0479392846716757	0.0487675277786337	0.3531434826966005	0.2992675553598581	-0.0538759273367424		0.5299884259779931	True	0.0270882751792669	False
OV_VisiumHD_FFPE_to_CosMx6K	Benchmark_02	OV	Visium HD FFPE	CosMx 6K	SLC40A1	-0.0005994159357829	-0.0005994159357829	0.0	0.2721104026761985	0.2721104026761985	0.0			False	0.00974684022367	False
OV_VisiumHD_FFPE_to_CosMx6K	Benchmark_02	OV	Visium HD FFPE	CosMx 6K	SLC44A1	0.0032865687684346	0.030776623797885	0.0274900550294504	0.253740948936049	0.2084221809254523	-0.04531876801059667		0.5664523367308277	True	0.0021826091688126	False
OV_VisiumHD_FFPE_to_CosMx6K	Benchmark_02	OV	Visium HD FFPE	CosMx 6K	SLC44A2	-0.0018618493234398	0.09665278921599	0.09851463853942981	0.2996075261507678	0.2501285863149123	-0.049478939835855495		0.5480756008436651	True	0.0126273082569241	False
OV_VisiumHD_FFPE_to_CosMx6K	Benchmark_02	OV	Visium HD FFPE	CosMx 6K	SLC9A3R1	0.001256266950815	0.0768563563593584	0.0756000894085434	0.2567946762828305	0.2368486139088323	-0.01994606237399818		0.3923412864271983	True	-0.0053668017499148	False
OV_VisiumHD_FFPE_to_CosMx6K	Benchmark_02	OV	Visium HD FFPE	CosMx 6K	SLCO3A1	-0.0015269897940713	0.0942446423545499	0.09577163214862121	0.2702150888803911	0.2443129494046126	-0.02590213947577849		0.4297364797618989	True	0.0123782167211174	False
OV_VisiumHD_FFPE_to_CosMx6K	Benchmark_02	OV	Visium HD FFPE	CosMx 6K	SLMAP	0.0018311321472845	0.0362885176376694	0.0344573854903849	0.2388061997276733	0.2093384645608377	-0.029467735166835596		0.4826280237816487	True	-0.0039547970518469	False
OV_VisiumHD_FFPE_to_CosMx6K	Benchmark_02	OV	Visium HD FFPE	CosMx 6K	SLPI	0.0079757411955301	0.275081612142273	0.2671058709467429	0.5417898900868645	0.4538136595218586	-0.08797623056500592		0.54879138423206	True	0.0622089840471744	False
OV_VisiumHD_FFPE_to_CosMx6K	Benchmark_02	OV	Visium HD FFPE	CosMx 6K	SLU7	-0.0002419627813607	0.0349402316177076	0.0351821943990683	0.2272003735070051	0.1963472118215812	-0.030853161685423874		0.5035883139013789	True	0.0074791088700294	False
OV_VisiumHD_FFPE_to_CosMx6K	Benchmark_02	OV	Visium HD FFPE	CosMx 6K	SMAD2	-0.0012678402152369	-0.0012678402152369	0.0	0.2725450379386543	0.2725450379386543	0.0			False	0.0025564713869243	False
OV_VisiumHD_FFPE_to_CosMx6K	Benchmark_02	OV	Visium HD FFPE	CosMx 6K	SMAD5	0.0006683819781673	0.0298135457715422	0.0291451637933749	0.2339861452266912	0.2069210321613561	-0.0270651130653351		0.4689399446095298	True	0.0108587155118584	False
OV_VisiumHD_FFPE_to_CosMx6K	Benchmark_02	OV	Visium HD FFPE	CosMx 6K	SMARCA4	-0.001127058485186	0.0519265775195724	0.0530536360047584	0.2955917730479343	0.2655132156074488	-0.030078557440485543		0.4438451057886965	True	-0.0010418500751256	False
OV_VisiumHD_FFPE_to_CosMx6K	Benchmark_02	OV	Visium HD FFPE	CosMx 6K	SMARCA5	-9.197944135781157e-05	-9.197944135781157e-05	0.0	0.2281975588703464	0.2281975588703464	0.0			False	0.0069727767258882	False
OV_VisiumHD_FFPE_to_CosMx6K	Benchmark_02	OV	Visium HD FFPE	CosMx 6K	SMARCB1	-0.0011089615192918	0.035857066823907	0.0369660283431988	0.256296988298949	0.2194400794807903	-0.036856908818158673		0.5162767319803515	True	0.0042748763225972	False
OV_VisiumHD_FFPE_to_CosMx6K	Benchmark_02	OV	Visium HD FFPE	CosMx 6K	SMARCC1	-0.0018249591275528	0.0608497994055598	0.06267475853311259	0.3202145534677156	0.2661282820506495	-0.05408627141706612		0.5558968653359352	True	0.0272832084447145	False
OV_VisiumHD_FFPE_to_CosMx6K	Benchmark_02	OV	Visium HD FFPE	CosMx 6K	SMARCD2	-0.0016307094794802	0.0722709743033385	0.0739016837828187	0.2916957288619837	0.2737920967215704	-0.017903632140413295		0.3555121240729659	True	0.0072652762755751	False
OV_VisiumHD_FFPE_to_CosMx6K	Benchmark_02	OV	Visium HD FFPE	CosMx 6K	SMARCE1	-0.00193901686954	0.0632664202105276	0.0652054370800676	0.3356331689207274	0.3094532448825081	-0.026179924038219338		0.3989891440384651	True	-0.0046074646525084	False
OV_VisiumHD_FFPE_to_CosMx6K	Benchmark_02	OV	Visium HD FFPE	CosMx 6K	SMC1A	0.0035326079900705	0.0702989398105764	0.0667663318205059	0.2805247889862524	0.2341041667237944	-0.046420622262457995		0.5497347614443423	True	0.0148495696485042	False
OV_VisiumHD_FFPE_to_CosMx6K	Benchmark_02	OV	Visium HD FFPE	CosMx 6K	SMC4	-0.0017091966030741	0.0823266600677256	0.0840358566707997	0.2899925501047145	0.2645827264824889	-0.025409823622225602		0.4142458288849904	True	0.0085239121690392	False
OV_VisiumHD_FFPE_to_CosMx6K	Benchmark_02	OV	Visium HD FFPE	CosMx 6K	SMURF1	-0.0027183336570352	0.0509133024963942	0.0536316361534294	0.2689245240401323	0.2488691430030482	-0.020055381037084097		0.3878387780272138	True	0.0040590856224298	False
OV_VisiumHD_FFPE_to_CosMx6K	Benchmark_02	OV	Visium HD FFPE	CosMx 6K	SNAP29	0.0002587376342523	0.0310879524095775	0.0308292147753252	0.2094706828145575	0.1784022276060474	-0.031068455208510093		0.523672262401183	True	0.0068652215413749	False
OV_VisiumHD_FFPE_to_CosMx6K	Benchmark_02	OV	Visium HD FFPE	CosMx 6K	SNCG	-0.0027306664141837	0.1275797821329948	0.13031044854717852	0.2687581670763851	0.2375062754619679	-0.031251891614417215		0.4694674819451804	True	0.0298881512135267	False
OV_VisiumHD_FFPE_to_CosMx6K	Benchmark_02	OV	Visium HD FFPE	CosMx 6K	SNF8	0.0011064091799939	0.0381565184663643	0.037050109286370404	0.2208647146174253	0.1693582525860733	-0.05150646203135201		0.6416564368631216	True	-0.0104667078703641	False
OV_VisiumHD_FFPE_to_CosMx6K	Benchmark_02	OV	Visium HD FFPE	CosMx 6K	SNRNP200	0.0001645314739542	0.060843078330455	0.0606785468565008	0.3104982989257601	0.2805535852376903	-0.02994471368806978		0.4343507637287077	True	0.0103659806773066	False
OV_VisiumHD_FFPE_to_CosMx6K	Benchmark_02	OV	Visium HD FFPE	CosMx 6K	SNU13	-0.0020065494360148	0.0805158508072783	0.0825224002432931	0.366678133466783	0.313249061290454	-0.05342907217632903		0.5183910300490105	True	0.00453234417364	False
OV_VisiumHD_FFPE_to_CosMx6K	Benchmark_02	OV	Visium HD FFPE	CosMx 6K	SNX1	-0.0010103460928874	-0.0010103460928874	0.0	0.2278902700973939	0.2278902700973939	0.0			False	0.0044526616111397	False
OV_VisiumHD_FFPE_to_CosMx6K	Benchmark_02	OV	Visium HD FFPE	CosMx 6K	SNX6	-0.0006737672377322	0.0685134296398651	0.0691871968775973	0.3234695202763558	0.2892531520755265	-0.034216368200829295		0.4542681934031884	True	-0.0056244367733597	False
OV_VisiumHD_FFPE_to_CosMx6K	Benchmark_02	OV	Visium HD FFPE	CosMx 6K	SOCS3	-0.0023606732550216	0.0721742555517	0.07453492880672159	0.3083818357075413	0.2325149143698711	-0.0758669213376702		0.6473342039448596	True	0.013060382567346	False
OV_VisiumHD_FFPE_to_CosMx6K	Benchmark_02	OV	Visium HD FFPE	CosMx 6K	SOD2	-0.0033417209724288	0.131519578147682	0.1348612991201108	0.3542430260524503	0.2918105491400767	-0.06243247691237358		0.5773087088837564	True	0.0214588344097137	False
OV_VisiumHD_FFPE_to_CosMx6K	Benchmark_02	OV	Visium HD FFPE	CosMx 6K	SORL1	0.0019049349011966	0.0674139273932914	0.0655089924920948	0.2203324729451088	0.1987226481675893	-0.021609824777519493		0.4328018391881505	True	0.0219454877078533	False
OV_VisiumHD_FFPE_to_CosMx6K	Benchmark_02	OV	Visium HD FFPE	CosMx 6K	SORT1	0.0022364834644623	0.0790494815315555	0.0768129980670932	0.2843333682261555	0.2487629836755472	-0.03557038455060832		0.4845839750945642	True	0.0141611024737358	False
OV_VisiumHD_FFPE_to_CosMx6K	Benchmark_02	OV	Visium HD FFPE	CosMx 6K	SOX17	-0.0005120942003448	0.0836267129515886	0.0841388071519334	0.2857833866510262	0.2638246799538927	-0.021958706697133512		0.3867399465873698	True	0.0115994783118367	False
OV_VisiumHD_FFPE_to_CosMx6K	Benchmark_02	OV	Visium HD FFPE	CosMx 6K	SOX4	-0.0027730669986005	0.0171479203404526	0.0199209873390531	0.350175740365484	0.3158936828085801	-0.03428205755690389		0.4441240493818952	True	0.0133292255923151	False
OV_VisiumHD_FFPE_to_CosMx6K	Benchmark_02	OV	Visium HD FFPE	CosMx 6K	SP1	0.0018615597350264	0.0309964865067491	0.0291349267717227	0.2233564754621488	0.2000451829023719	-0.023311292559776903		0.4481378170641363	True	0.0016180326929315	False
OV_VisiumHD_FFPE_to_CosMx6K	Benchmark_02	OV	Visium HD FFPE	CosMx 6K	SP100	-0.0021737276583595	0.0513227514976814	0.0534964791560409	0.2410513313435682	0.1928172505156518	-0.048234080827916415		0.5968631286653188	True	0.0027976306155323	False
OV_VisiumHD_FFPE_to_CosMx6K	Benchmark_02	OV	Visium HD FFPE	CosMx 6K	SPAG9	-0.0008369393403141	-0.0008369393403141	0.0	0.2365162431766121	0.2365162431766121	0.0			False	-0.0082282461225986	False
OV_VisiumHD_FFPE_to_CosMx6K	Benchmark_02	OV	Visium HD FFPE	CosMx 6K	SPARC	-0.0102930095729958	0.6700196363676995	0.6803126459406953	0.8612871844770956	0.4042894374325974	-0.45699774704449825		0.8794858423544022	True	0.2129013687372207	True
OV_VisiumHD_FFPE_to_CosMx6K	Benchmark_02	OV	Visium HD FFPE	CosMx 6K	SPARCL1	-0.0032011929429269	0.4352882388327923	0.4384894317757192	0.3257284925154541	0.2452802338544017	-0.0804482586610524		0.669692088990511	True	0.058312639594078	False
OV_VisiumHD_FFPE_to_CosMx6K	Benchmark_02	OV	Visium HD FFPE	CosMx 6K	SPG21	0.0006843126042678	0.0065894851596858	0.005905172555418	0.2582411124787942	0.2036782440894436	-0.05456286838935062		0.6109897174314199	True	0.0091733913868665	False
OV_VisiumHD_FFPE_to_CosMx6K	Benchmark_02	OV	Visium HD FFPE	CosMx 6K	SPINT2	0.0045287682244879	0.1963715267071621	0.1918427584826742	0.5057350903518698	0.4212810952431288	-0.08445399510874102		0.5595957605087595	True	0.0653782337903976	False
OV_VisiumHD_FFPE_to_CosMx6K	Benchmark_02	OV	Visium HD FFPE	CosMx 6K	SPON1	0.0091100662530843	0.187301261792838	0.17819119553975368	0.5529386222065489	0.4546963289705206	-0.09824229323602829		0.5853274464576229	True	0.0816144198179245	False
OV_VisiumHD_FFPE_to_CosMx6K	Benchmark_02	OV	Visium HD FFPE	CosMx 6K	SPP1	-0.007147871633629	0.5979349663532705	0.6050828379868994	0.7485299880271363	0.4841387160403396	-0.26439127198679674		0.7702039340971477	True	0.0410538464784622	False
OV_VisiumHD_FFPE_to_CosMx6K	Benchmark_02	OV	Visium HD FFPE	CosMx 6K	SPRY1	0.0013426138603785	0.0702767191954987	0.0689341053351202	0.2107550397284128	0.1626732345879571	-0.04808180514045571		0.6329679093359547	True	0.0182522647082805	False
OV_VisiumHD_FFPE_to_CosMx6K	Benchmark_02	OV	Visium HD FFPE	CosMx 6K	SPRY4	0.0003151019473243	0.1087830620839585	0.1084679601366342	0.2743441676349601	0.2477001628812014	-0.02664400475375872		0.4400792255976397	True	0.0169645175337791	False
OV_VisiumHD_FFPE_to_CosMx6K	Benchmark_02	OV	Visium HD FFPE	CosMx 6K	SPTSSA	-0.0004868682252038	0.0359173932699091	0.0364042614951129	0.1937919213667378	0.1597384997683718	-0.034053421598366024		0.564837375946812	True	0.0119949821382761	False
OV_VisiumHD_FFPE_to_CosMx6K	Benchmark_02	OV	Visium HD FFPE	CosMx 6K	SQSTM1	-0.0087644219611251	0.0402853506602454	0.049049772621370495	0.5078461120189083	0.4308558494259291	-0.0769902625929792		0.5281883289862457	True	0.0329949781298637	False
OV_VisiumHD_FFPE_to_CosMx6K	Benchmark_02	OV	Visium HD FFPE	CosMx 6K	SRI	-0.0001676840594187	0.0396095740918874	0.0397772581513061	0.3266105238227872	0.30112632170084	-0.025484202121947186		0.3995722173088353	True	-0.0071192416362464	False
OV_VisiumHD_FFPE_to_CosMx6K	Benchmark_02	OV	Visium HD FFPE	CosMx 6K	SRSF2	0.0004179664163006	0.0833118617761993	0.0828938953598987	0.5197117160163246	0.5009388085235099	-0.018772907492814683		0.309073874435772	True	0.0032459772191941	False
OV_VisiumHD_FFPE_to_CosMx6K	Benchmark_02	OV	Visium HD FFPE	CosMx 6K	SRSF9	0.0002948390233243	0.0802256625426311	0.07993082351930679	0.3133107920734557	0.2891190327046362	-0.02419175936881951		0.398048842559406	True	-0.0009169167024083	False
OV_VisiumHD_FFPE_to_CosMx6K	Benchmark_02	OV	Visium HD FFPE	CosMx 6K	SSBP1	0.0009588586919845	0.1352282047783284	0.1342693460863439	0.4843113438390867	0.4649121834043903	-0.019399160434696416		0.3106782100195658	True	0.0103230206295847	False
OV_VisiumHD_FFPE_to_CosMx6K	Benchmark_02	OV	Visium HD FFPE	CosMx 6K	SSR1	0.0004992414149627	0.1696315423239075	0.16913230090894482	0.4550622270194223	0.4338620641922447	-0.02120016282717757		0.3251513369891758	True	0.0227066930383443	False
OV_VisiumHD_FFPE_to_CosMx6K	Benchmark_02	OV	Visium HD FFPE	CosMx 6K	SSR2	-0.0006101232682455	0.0483833191885798	0.0489934424568253	0.3876922024340316	0.3171901795948218	-0.07050202283920975		0.5689264923626548	True	0.0086720567196607	False
OV_VisiumHD_FFPE_to_CosMx6K	Benchmark_02	OV	Visium HD FFPE	CosMx 6K	SSR3	0.0008483657947618	0.0691707376551932	0.0683223718604314	0.3131921036498288	0.2767116055293921	-0.03648049812043669		0.4721270260838895	True	-0.0073791490867733	False
OV_VisiumHD_FFPE_to_CosMx6K	Benchmark_02	OV	Visium HD FFPE	CosMx 6K	SST	-0.0169903782826197	0.072384385739528	0.0893747640221477	0.4796612078409349	0.4065008250272942	-0.07316038281364073		0.5323578337966217	True	0.0613933429121971	False
OV_VisiumHD_FFPE_to_CosMx6K	Benchmark_02	OV	Visium HD FFPE	CosMx 6K	STARD10	-0.0003326307586069	0.034296904786641	0.0346295355452479	0.198983354340532	0.1693021548916496	-0.029681199448882395		0.5249348971462778	True	0.0120131075382232	False
OV_VisiumHD_FFPE_to_CosMx6K	Benchmark_02	OV	Visium HD FFPE	CosMx 6K	STARD3	0.0007644464067676	0.0436143958492233	0.0428499494424557	0.231993574270418	0.2035228227655163	-0.028470751504901692		0.4810346332309503	True	-0.0001472993608331	False
OV_VisiumHD_FFPE_to_CosMx6K	Benchmark_02	OV	Visium HD FFPE	CosMx 6K	STAU1	-0.0043577609749533	0.074865897843618	0.0792236588185713	0.35776111175962	0.3397136826666847	-0.018047429092935274		0.3337505496534202	True	0.0121558550745248	False
OV_VisiumHD_FFPE_to_CosMx6K	Benchmark_02	OV	Visium HD FFPE	CosMx 6K	STK25	0.0004198672633737	0.0339984531829377	0.033578585919563995	0.2852363419178818	0.2638102498589895	-0.021426092058892288		0.3913602189171875	True	0.0120268128812313	False
OV_VisiumHD_FFPE_to_CosMx6K	Benchmark_02	OV	Visium HD FFPE	CosMx 6K	STON2	-0.0022545436651473	0.0845438283881854	0.0867983720533327	0.2638876256200047	0.2405018311025038	-0.023385794517500863		0.4133943846286119	True	0.0082278810441493	False
OV_VisiumHD_FFPE_to_CosMx6K	Benchmark_02	OV	Visium HD FFPE	CosMx 6K	STT3A	0.0012094980821894	0.0582789983744182	0.057069500292228806	0.3016087701065362	0.2633871616125728	-0.03822160849396339		0.4889461171038604	True	0.0115134986117482	False
OV_VisiumHD_FFPE_to_CosMx6K	Benchmark_02	OV	Visium HD FFPE	CosMx 6K	STT3B	-0.0007162004880328	0.0558700056294021	0.0565862061174349	0.3125359768684576	0.2480109297545481	-0.06452504711390947		0.6042002689773146	True	0.0078618871048092	False
OV_VisiumHD_FFPE_to_CosMx6K	Benchmark_02	OV	Visium HD FFPE	CosMx 6K	STUB1	-0.0007866659172196	0.0543985406459533	0.0551852065631729	0.2710136145342645	0.2377323888566652	-0.03328122567759928		0.481478796240796	True	0.006047616712749	False
OV_VisiumHD_FFPE_to_CosMx6K	Benchmark_02	OV	Visium HD FFPE	CosMx 6K	STXBP2	0.0008401417951111	0.0678380137001674	0.0669978719050563	0.249988967864563	0.2282296092767347	-0.02175935858782832		0.4135803793636436	True	0.0013018113095313	False
OV_VisiumHD_FFPE_to_CosMx6K	Benchmark_02	OV	Visium HD FFPE	CosMx 6K	SUDS3	0.000289495928845	0.0520508943991923	0.051761398470347296	0.2657712160133336	0.244056985854668	-0.02171423015866558		0.4023585898821467	True	0.0098204761743545	False
OV_VisiumHD_FFPE_to_CosMx6K	Benchmark_02	OV	Visium HD FFPE	CosMx 6K	SUGT1	0.0007677993740842	0.0007677993740842	0.0	0.1770702159487324	0.1770702159487324	0.0			False	0.0059751528315246	False
OV_VisiumHD_FFPE_to_CosMx6K	Benchmark_02	OV	Visium HD FFPE	CosMx 6K	SUMF2	-0.0005909504194544	0.0952755783344155	0.09586652875386989	0.337478161998588	0.298989315249987	-0.03848884674860098		0.4662099131370971	True	0.0114230802282691	False
OV_VisiumHD_FFPE_to_CosMx6K	Benchmark_02	OV	Visium HD FFPE	CosMx 6K	SUMO3	0.0016804541797314	0.0663588384026506	0.0646783842229192	0.3218342218566466	0.2771281280253059	-0.04470609383134072		0.5104085653230689	True	0.0107569871470332	False
OV_VisiumHD_FFPE_to_CosMx6K	Benchmark_02	OV	Visium HD FFPE	CosMx 6K	SURF4	-0.000488356986074	-0.000488356986074	0.0	0.2312972870382644	0.2312972870382644	0.0			False	0.0076443892903625	False
OV_VisiumHD_FFPE_to_CosMx6K	Benchmark_02	OV	Visium HD FFPE	CosMx 6K	SYNE2	0.0003024452457853	0.0368620256841443	0.036559580438359	0.2235672587091274	0.1962937387662662	-0.027273519942861174		0.4804124268770773	True	0.0003925867786165	False
OV_VisiumHD_FFPE_to_CosMx6K	Benchmark_02	OV	Visium HD FFPE	CosMx 6K	SYVN1	-0.0006896013934061	0.0713112864823269	0.072000887875733	0.2988785710022873	0.2777262045566994	-0.021152366445587933		0.3815505919842407	True	0.0014134048251435	False
OV_VisiumHD_FFPE_to_CosMx6K	Benchmark_02	OV	Visium HD FFPE	CosMx 6K	TACSTD2	-0.0015298854107858	0.187291607646645	0.1888214930574308	0.3066137920519438	0.2644485344433614	-0.04216525760858236		0.507402756971046	True	0.0308490730822086	False
OV_VisiumHD_FFPE_to_CosMx6K	Benchmark_02	OV	Visium HD FFPE	CosMx 6K	TAF10	-0.0005746665525128	0.0683233353058929	0.0688980018584057	0.3351959774997948	0.2799589246364987	-0.05523705286329611		0.5463577163753396	True	0.0054336837492883	False
OV_VisiumHD_FFPE_to_CosMx6K	Benchmark_02	OV	Visium HD FFPE	CosMx 6K	TAF11	0.0003634461135624	0.0436885616307005	0.0433251155171381	0.2503025578185591	0.2265023123253303	-0.02380024549322879		0.4301083920478358	True	0.0028349084313958	False
OV_VisiumHD_FFPE_to_CosMx6K	Benchmark_02	OV	Visium HD FFPE	CosMx 6K	TAF15	-0.000737465326624	0.0683801340882179	0.0691175994148419	0.3373979340001792	0.3195177345150838	-0.017880199485095394		0.3373492147127266	True	0.0122829489409923	False
OV_VisiumHD_FFPE_to_CosMx6K	Benchmark_02	OV	Visium HD FFPE	CosMx 6K	TAF4	5.946520635875472e-05	0.073673889564128	0.07361442435776924	0.2445761481420225	0.2174250013182591	-0.027151146823763406		0.4587743822234567	True	0.0178851578384637	False
OV_VisiumHD_FFPE_to_CosMx6K	Benchmark_02	OV	Visium HD FFPE	CosMx 6K	TAF7	-6.98551095155956e-05	0.0090622431841291	0.009132098293644695	0.2618472698270666	0.2226327267030716	-0.03921454312399497		0.5258046455654434	True	0.0025203346740454	False
OV_VisiumHD_FFPE_to_CosMx6K	Benchmark_02	OV	Visium HD FFPE	CosMx 6K	TAGLN	-0.0007862216576688	0.5037720289293557	0.5045582505870245	0.7164569416663962	0.4081102968660764	-0.30834664480031976		0.8175946696369013	True	0.2212208658456802	True
OV_VisiumHD_FFPE_to_CosMx6K	Benchmark_02	OV	Visium HD FFPE	CosMx 6K	TALDO1	1.61821520112871e-05	0.1193378121197669	0.11932162996775562	0.3284872192904507	0.2938470858616124	-0.034640133428838316		0.452710887908408	True	0.0074017662554979	False
OV_VisiumHD_FFPE_to_CosMx6K	Benchmark_02	OV	Visium HD FFPE	CosMx 6K	TAOK1	0.000508729519625	0.000508729519625	0.0	0.2028191788881554	0.2028191788881554	0.0			False	0.0004342934989836	False
OV_VisiumHD_FFPE_to_CosMx6K	Benchmark_02	OV	Visium HD FFPE	CosMx 6K	TAP1	0.0043046881770698	0.1059147220056152	0.1016100338285454	0.3763273026314626	0.2675740263240669	-0.10875327630739567		0.7346862855642308	True	0.0511301346123218	False
OV_VisiumHD_FFPE_to_CosMx6K	Benchmark_02	OV	Visium HD FFPE	CosMx 6K	TAP2	0.0063334847982886	0.1329925681222354	0.1266590833239468	0.3375808195316828	0.2879897722065662	-0.0495910473251166		0.5209748614239489	True	0.0293620135635137	False
OV_VisiumHD_FFPE_to_CosMx6K	Benchmark_02	OV	Visium HD FFPE	CosMx 6K	TAPBP	0.002679355720495	0.1761481321763319	0.17346877645583691	0.5053433573982565	0.422544844239285	-0.08279851315897152		0.5455067447622446	True	0.0379431173205375	False
OV_VisiumHD_FFPE_to_CosMx6K	Benchmark_02	OV	Visium HD FFPE	CosMx 6K	TAX1BP1	-0.0030231283081443	0.0747049542705799	0.0777280825787242	0.307087772829734	0.2747187066064193	-0.0323690662233147		0.4517465769019804	True	0.004386372398585	False
OV_VisiumHD_FFPE_to_CosMx6K	Benchmark_02	OV	Visium HD FFPE	CosMx 6K	TBL1XR1	0.0008006009076839	0.0371886367589306	0.036388035851246704	0.2458474646127482	0.1810918121040586	-0.06475565250868959		0.6862545908088274	True	-0.001921078772284	False
OV_VisiumHD_FFPE_to_CosMx6K	Benchmark_02	OV	Visium HD FFPE	CosMx 6K	TCERG1	-0.0022904825588501	0.0549728389116607	0.0572633214705108	0.2801220785904842	0.2493692369482765	-0.030752841642207707		0.4577742171990336	True	0.008782404474914	False
OV_VisiumHD_FFPE_to_CosMx6K	Benchmark_02	OV	Visium HD FFPE	CosMx 6K	TCIRG1	-0.00018128837172	0.0708656973659477	0.0710469857376677	0.2477611115027596	0.2169433123884311	-0.030817799114328498		0.4877748788648172	True	0.0131142642349004	False
OV_VisiumHD_FFPE_to_CosMx6K	Benchmark_02	OV	Visium HD FFPE	CosMx 6K	TDP2	0.00041940931822	0.0451771090843431	0.0447576997661231	0.2190382282476575	0.1907362925013646	-0.028301935746292917		0.4925234274247781	True	0.005693829152733	False
OV_VisiumHD_FFPE_to_CosMx6K	Benchmark_02	OV	Visium HD FFPE	CosMx 6K	TES	-0.0034356660796274	0.0417864691182644	0.0452221351978918	0.2725677881938801	0.2363243835431533	-0.03624340465072681		0.4991888868612996	True	0.0081746103242039	False
OV_VisiumHD_FFPE_to_CosMx6K	Benchmark_02	OV	Visium HD FFPE	CosMx 6K	TFRC	-0.0020140830417419	0.0712748249655897	0.07328890800733161	0.3333420521620588	0.2943489768301291	-0.038993075331929694		0.4717591791181203	True	0.0149754583835601	False
OV_VisiumHD_FFPE_to_CosMx6K	Benchmark_02	OV	Visium HD FFPE	CosMx 6K	TGIF1	-0.0004802775685904	0.0293754693841318	0.029855746952722202	0.3071166873521563	0.2801909541450032	-0.02692573320715308		0.4212744152558618	True	0.0033060668502002	False
OV_VisiumHD_FFPE_to_CosMx6K	Benchmark_02	OV	Visium HD FFPE	CosMx 6K	TGOLN2	-0.0012088971291451	0.0550904241993967	0.0562993213285418	0.2396586135226635	0.2023979370628095	-0.03726067645985398		0.5357789627825686	True	-0.0011427483987063	False
OV_VisiumHD_FFPE_to_CosMx6K	Benchmark_02	OV	Visium HD FFPE	CosMx 6K	THBS1	0.0024160735392844	0.5129778706262332	0.5105617970869488	0.5221998310191591	0.4429274915277377	-0.07927233949142143		0.5774860440099628	True	0.0861026421189308	False
OV_VisiumHD_FFPE_to_CosMx6K	Benchmark_02	OV	Visium HD FFPE	CosMx 6K	THBS2	-0.0016897559069963	0.5188773994802987	0.5205671553872949	0.3754694780428341	0.2877149703811141	-0.08775450766172		0.6659598395256628	True	0.0707863792777061	False
OV_VisiumHD_FFPE_to_CosMx6K	Benchmark_02	OV	Visium HD FFPE	CosMx 6K	THY1	2.8763474664696056e-05	0.3295540913064795	0.3295253278318148	0.2978650294494021	0.2195234135107474	-0.07834161593865469		0.6813137171904737	True	0.0328025370836257	False
OV_VisiumHD_FFPE_to_CosMx6K	Benchmark_02	OV	Visium HD FFPE	CosMx 6K	TIAL1	0.0013366925187262	0.0013366925187262	0.0	0.2133023393185507	0.2133023393185507	0.0			False	0.0017010237788781	False
OV_VisiumHD_FFPE_to_CosMx6K	Benchmark_02	OV	Visium HD FFPE	CosMx 6K	TIAM1	0.001953686609239	0.0698027013690857	0.0678490147598467	0.253757695058894	0.234564031852496	-0.01919366320639801		0.3846172739198099	True	0.0018002244178205	False
OV_VisiumHD_FFPE_to_CosMx6K	Benchmark_02	OV	Visium HD FFPE	CosMx 6K	TIMP1	-0.0014226243262722	0.4011005325806733	0.4025231569069455	0.7456881431274941	0.4014665272092545	-0.3442216159182396		0.8328467219996217	True	0.2445431649684906	True
OV_VisiumHD_FFPE_to_CosMx6K	Benchmark_02	OV	Visium HD FFPE	CosMx 6K	TK1	0.0017909304972571	0.1085927054259847	0.1068017749287276	0.3324755695961331	0.3097318027289669	-0.022743766867166226		0.371502648187518	True	0.0110060004517436	False
OV_VisiumHD_FFPE_to_CosMx6K	Benchmark_02	OV	Visium HD FFPE	CosMx 6K	TLN1	-0.0004553713485354	0.0831302195338981	0.0835855908824335	0.2781265043778718	0.2511094555189633	-0.027017048858908488		0.4436481602057877	True	-0.0028631428722292	False
OV_VisiumHD_FFPE_to_CosMx6K	Benchmark_02	OV	Visium HD FFPE	CosMx 6K	TM4SF1	0.0007269504777789	0.1327725031712696	0.1320455526934907	0.3943361857896897	0.3785340325212819	-0.01580215326840778		0.3009657673899619	True	0.0089905513450503	False
OV_VisiumHD_FFPE_to_CosMx6K	Benchmark_02	OV	Visium HD FFPE	CosMx 6K	TM7SF2	-0.0021729897713413	0.0723577114442233	0.0745307012155646	0.257202508942125	0.2225471754148542	-0.03465533352727079		0.501525333613718	True	0.0108049241825938	False
OV_VisiumHD_FFPE_to_CosMx6K	Benchmark_02	OV	Visium HD FFPE	CosMx 6K	TMED2	0.0032605526592032	0.0822800337984743	0.0790194811392711	0.3506412076685213	0.3289854230650196	-0.021655784603501704		0.3694999562030853	True	0.0011650183005258	False
OV_VisiumHD_FFPE_to_CosMx6K	Benchmark_02	OV	Visium HD FFPE	CosMx 6K	TMEM179B	0.000989762139032	0.0784992503416925	0.0775094882026605	0.2951297653284968	0.267790252690089	-0.02733951263840778		0.425441514864934	True	-0.0007812656695023	False
OV_VisiumHD_FFPE_to_CosMx6K	Benchmark_02	OV	Visium HD FFPE	CosMx 6K	TMEM63A	-0.0012095918927375	0.0614671721037481	0.0626767639964856	0.2622818286917285	0.2394469090292726	-0.022834919662455905		0.4122821432438983	True	0.0029099031817167	False
OV_VisiumHD_FFPE_to_CosMx6K	Benchmark_02	OV	Visium HD FFPE	CosMx 6K	TMSB10	-0.0032714233378897	0.0400997207566247	0.0433711440945144	0.797415897236289	0.7314457086512971	-0.06597018858499193		0.4564416929734557	True	0.0273444671183824	False
OV_VisiumHD_FFPE_to_CosMx6K	Benchmark_02	OV	Visium HD FFPE	CosMx 6K	TMSB4X	-0.0053647129367317	0.2187850786632971	0.2241497916000288	1.3217934086145304	1.168643555081166	-0.1531498535333644		0.5094505090071144	True	0.2114976942539215	True
OV_VisiumHD_FFPE_to_CosMx6K	Benchmark_02	OV	Visium HD FFPE	CosMx 6K	TNFAIP3	0.0008689359022092	0.0444395422861219	0.043570606383912705	0.2718438377933997	0.2233384794946541	-0.04850535829874561		0.5752716187963	True	0.0220897868275642	False
OV_VisiumHD_FFPE_to_CosMx6K	Benchmark_02	OV	Visium HD FFPE	CosMx 6K	TNFRSF12A	-0.0014196204285523	-0.0014196204285523	0.0	0.2798696377548226	0.2798696377548226	0.0			False	0.009092696942389	False
OV_VisiumHD_FFPE_to_CosMx6K	Benchmark_02	OV	Visium HD FFPE	CosMx 6K	TNFRSF1A	0.0020831248593458	0.0610690898599665	0.0589859650006207	0.2502546670148474	0.2050781151099359	-0.04517655190491149		0.5713414991812862	True	0.0028668907471001	False
OV_VisiumHD_FFPE_to_CosMx6K	Benchmark_02	OV	Visium HD FFPE	CosMx 6K	TNFRSF21	-0.000588897538297	0.0160380394216738	0.0166269369599708	0.2170224403158249	0.1783445463410438	-0.03867789397478111		0.568476854438219	True	0.0089393332600593	False
OV_VisiumHD_FFPE_to_CosMx6K	Benchmark_02	OV	Visium HD FFPE	CosMx 6K	TNFSF10	0.0038741550081691	0.0930397361687868	0.08916558116061771	0.3574028978553224	0.2972179141402269	-0.06018498371509551		0.555357007690849	True	0.0164490528404712	False
OV_VisiumHD_FFPE_to_CosMx6K	Benchmark_02	OV	Visium HD FFPE	CosMx 6K	TNFSF13	-0.0008759435502102	0.0652823182665408	0.066158261816751	0.2399915082568209	0.2094764173693127	-0.0305150908875082		0.4900576179199519	True	0.0012349373428151	False
OV_VisiumHD_FFPE_to_CosMx6K	Benchmark_02	OV	Visium HD FFPE	CosMx 6K	TNIP1	0.0003404163713729	0.0403686507095197	0.0400282343381468	0.2304805262239715	0.194107770207512	-0.036372756016459507		0.5392389624609888	True	0.0185493938624858	False
OV_VisiumHD_FFPE_to_CosMx6K	Benchmark_02	OV	Visium HD FFPE	CosMx 6K	TNKS2	0.0008576694983913	0.0008576694983913	0.0	0.2265072726264655	0.2265072726264655	0.0			False	0.0100695416331291	False
OV_VisiumHD_FFPE_to_CosMx6K	Benchmark_02	OV	Visium HD FFPE	CosMx 6K	TNRC6B	-0.0009213905684531	0.0329261785245497	0.0338475690930028	0.2253301383902459	0.1811267779633869	-0.04420336042685902		0.5956440660296896	True	0.0153851704671978	False
OV_VisiumHD_FFPE_to_CosMx6K	Benchmark_02	OV	Visium HD FFPE	CosMx 6K	TNS3	-0.0015649430357596	0.0841332691124429	0.0856982121482025	0.3093225773982357	0.2776965539659121	-0.031626023432323624		0.4515524166282124	True	0.008271861821413	False
OV_VisiumHD_FFPE_to_CosMx6K	Benchmark_02	OV	Visium HD FFPE	CosMx 6K	TOMM22	-0.0020323146787464	0.1161363096233315	0.1181686243020779	0.3856879762246761	0.357580907892683	-0.028107068331993112		0.3872949516896025	True	0.0183810498565435	False
OV_VisiumHD_FFPE_to_CosMx6K	Benchmark_02	OV	Visium HD FFPE	CosMx 6K	TOMM5	-0.0022687469075831	0.0572642079781205	0.0595329548857036	0.3287896117150567	0.2955724915496776	-0.033217120165379144		0.4448900572517081	True	0.0025805043987929	False
OV_VisiumHD_FFPE_to_CosMx6K	Benchmark_02	OV	Visium HD FFPE	CosMx 6K	TOMM70	-0.0008392880524594	0.0768221456264909	0.0776614336789503	0.2826415399564397	0.259359261705539	-0.02328227825090068		0.4033267668943666	True	0.0064359223470091	False
OV_VisiumHD_FFPE_to_CosMx6K	Benchmark_02	OV	Visium HD FFPE	CosMx 6K	TOP2A	0.0007003670788231	0.0878499224226992	0.08714955534387611	0.2786288163025559	0.2228002207311489	-0.055828595571407014		0.6031507812705356	True	0.0272860042750835	False
OV_VisiumHD_FFPE_to_CosMx6K	Benchmark_02	OV	Visium HD FFPE	CosMx 6K	TP53BP2	-0.002936546286194	0.0226356189526754	0.0255721652388694	0.2298554501616455	0.1962916401617873	-0.033563809999858196		0.520504917116364	True	0.0078537175431847	False
OV_VisiumHD_FFPE_to_CosMx6K	Benchmark_02	OV	Visium HD FFPE	CosMx 6K	TP53INP1	0.0012882221251527	0.0674264810601444	0.0661382589349917	0.2649348301092286	0.2425412056097005	-0.022393624499528086		0.4126874620840521	True	0.0087517127394676	False
OV_VisiumHD_FFPE_to_CosMx6K	Benchmark_02	OV	Visium HD FFPE	CosMx 6K	TPD52	-0.0010099061210185	0.0589634148414228	0.0599733209624413	0.2834485659274013	0.2474826143451933	-0.035965951582208		0.4882917660980491	True	0.0057953647337853	False
OV_VisiumHD_FFPE_to_CosMx6K	Benchmark_02	OV	Visium HD FFPE	CosMx 6K	TPM1	0.0020412305923114	0.1689723466989689	0.1669311161066575	0.4159012249208763	0.2591649114203727	-0.1567363135005036		0.7679689690872266	True	0.0420730374753475	False
OV_VisiumHD_FFPE_to_CosMx6K	Benchmark_02	OV	Visium HD FFPE	CosMx 6K	TPM2	-0.0006311981139703	0.2661055879605178	0.2667367860744881	0.5268250829620107	0.4436432306948991	-0.08318185226711161		0.5790773819797645	True	0.0589495226740837	False
OV_VisiumHD_FFPE_to_CosMx6K	Benchmark_02	OV	Visium HD FFPE	CosMx 6K	TPP1	0.0019132692858204	0.1004499658713851	0.0985366965855647	0.323570883329895	0.2646233171847185	-0.05894756614517649		0.5718788690401747	True	0.001991790253669	False
OV_VisiumHD_FFPE_to_CosMx6K	Benchmark_02	OV	Visium HD FFPE	CosMx 6K	TPR	0.0010867845033158	0.0436769717607894	0.0425901872574736	0.2417849866731223	0.1974077437373904	-0.04437724293573189		0.576082962710919	True	0.0066210809163749	False
OV_VisiumHD_FFPE_to_CosMx6K	Benchmark_02	OV	Visium HD FFPE	CosMx 6K	TPX2	-0.0014958626061528	0.0734410380054759	0.07493690061162869	0.2426405582125097	0.2102723044110005	-0.032368253801509206		0.4991786635496495	True	0.0045171054080128	False
OV_VisiumHD_FFPE_to_CosMx6K	Benchmark_02	OV	Visium HD FFPE	CosMx 6K	TRA2A	-0.0020083018027077	0.0578053843608372	0.059813686163544905	0.331163498091363	0.2837111881055056	-0.047452309985857366		0.5145433765451857	True	0.0143086053431034	False
OV_VisiumHD_FFPE_to_CosMx6K	Benchmark_02	OV	Visium HD FFPE	CosMx 6K	TRA2B	-0.0007145858420668	0.0663459818011977	0.0670605676432645	0.3200803800867512	0.2992122867894017	-0.02086809329734951		0.3704581034237915	True	0.0121964942663908	False
OV_VisiumHD_FFPE_to_CosMx6K	Benchmark_02	OV	Visium HD FFPE	CosMx 6K	TRAM1	-0.0004195515315662	0.0746390883185808	0.075058639850147	0.3538884279599156	0.3007141134435612	-0.053174314516354404		0.5248549349319567	True	-0.0017280780011788	False
OV_VisiumHD_FFPE_to_CosMx6K	Benchmark_02	OV	Visium HD FFPE	CosMx 6K	TRAP1	0.001281802936082	0.0653150218911618	0.0640332189550798	0.2567328804428219	0.232174114685164	-0.02455876575765789		0.4297940792072997	True	0.0066852224990725	False
OV_VisiumHD_FFPE_to_CosMx6K	Benchmark_02	OV	Visium HD FFPE	CosMx 6K	TRAPPC1	-0.0002729116910834	0.0652730428957344	0.0655459545868178	0.287093861243834	0.266636883686328	-0.02045697755750603		0.3821923098979183	True	-0.0049976124428212	False
OV_VisiumHD_FFPE_to_CosMx6K	Benchmark_02	OV	Visium HD FFPE	CosMx 6K	TRIB3	-0.0042131005914293	0.1022808792890649	0.10649397988049421	0.4092251880882874	0.3844902160418191	-0.024734972046468295		0.3617263581195974	True	0.0222415663301944	False
OV_VisiumHD_FFPE_to_CosMx6K	Benchmark_02	OV	Visium HD FFPE	CosMx 6K	TRIM22	-0.0043768955423564	0.0574452530382789	0.061822148580635304	0.2722102531587946	0.2214988958839419	-0.05071135727485271		0.5806403297868264	True	-0.0041109998710453	False
OV_VisiumHD_FFPE_to_CosMx6K	Benchmark_02	OV	Visium HD FFPE	CosMx 6K	TRIM24	-0.0012078305237929	0.0689466388360839	0.0701544693598768	0.2933296178538102	0.2756021643772446	-0.01772745347656557		0.3543507006878295	True	-0.0077359643764793	False
OV_VisiumHD_FFPE_to_CosMx6K	Benchmark_02	OV	Visium HD FFPE	CosMx 6K	TRIM25	0.000421839205327	0.0592500080885254	0.0588281688831984	0.2835409073469466	0.2490372963125752	-0.034503611034371384		0.4802629657014157	True	0.0053870533592998	False
OV_VisiumHD_FFPE_to_CosMx6K	Benchmark_02	OV	Visium HD FFPE	CosMx 6K	TRIM27	0.0013700322589869	0.0556053256634404	0.054235293404453495	0.2858392044474033	0.2584655332098432	-0.02737367123756007		0.4308532273883829	True	0.0017126349266618	False
OV_VisiumHD_FFPE_to_CosMx6K	Benchmark_02	OV	Visium HD FFPE	CosMx 6K	TRIM38	-0.0005814107538974	0.0720478512270896	0.07262926198098699	0.2692993487655112	0.237468427793096	-0.031830920972415216		0.4741587460590472	True	0.0100543890148401	False
OV_VisiumHD_FFPE_to_CosMx6K	Benchmark_02	OV	Visium HD FFPE	CosMx 6K	TRIM8	0.0023219490153666	0.0111695398133151	0.0088475907979485	0.2266490522411921	0.1909553217512691	-0.035693730489923		0.5391807005361814	True	0.008540041744709	False
OV_VisiumHD_FFPE_to_CosMx6K	Benchmark_02	OV	Visium HD FFPE	CosMx 6K	TRIP12	-0.0021933460627444	-0.0021933460627444	0.0	0.2316484254046562	0.2316484254046562	0.0			False	0.0060249473899602	False
OV_VisiumHD_FFPE_to_CosMx6K	Benchmark_02	OV	Visium HD FFPE	CosMx 6K	TRMT112	0.0004446990674096	0.1016887351946823	0.1012440361272727	0.4330926025335981	0.4063376040452051	-0.026754998488393023		0.3691947624381336	True	0.0148050347343087	False
OV_VisiumHD_FFPE_to_CosMx6K	Benchmark_02	OV	Visium HD FFPE	CosMx 6K	TSPAN14	-0.0001484101190051	0.1069565985281808	0.1071050086471859	0.2945121269332119	0.2729451990490548	-0.021566927884157094		0.3853254234882073	True	0.0085246032103896	False
OV_VisiumHD_FFPE_to_CosMx6K	Benchmark_02	OV	Visium HD FFPE	CosMx 6K	TSPAN3	-0.0002806000919473	0.0780594161311402	0.0783400162230875	0.3094409459338237	0.2551054246278183	-0.054335521306005385		0.5622743420716736	True	0.0049732625484466	False
OV_VisiumHD_FFPE_to_CosMx6K	Benchmark_02	OV	Visium HD FFPE	CosMx 6K	TSPO	0.0024902828513709	0.0827882928830668	0.0802980100316959	0.2981364543400182	0.2717929547139585	-0.026343499626059697		0.4221835927780484	True	0.0074841822497546	False
OV_VisiumHD_FFPE_to_CosMx6K	Benchmark_02	OV	Visium HD FFPE	CosMx 6K	TTC3	-0.0007587281703831	0.0183570862969871	0.0191158144673702	0.3113895802817689	0.2341302367329862	-0.0772593435487827		0.6658409578074486	True	0.0070068971253931	False
OV_VisiumHD_FFPE_to_CosMx6K	Benchmark_02	OV	Visium HD FFPE	CosMx 6K	TUBA1C	-0.0004549717927881	0.0793055015776331	0.07976047337042119	0.3410316318380347	0.308750400861442	-0.03228123097659269		0.4360432566916457	True	0.0119177512824535	False
OV_VisiumHD_FFPE_to_CosMx6K	Benchmark_02	OV	Visium HD FFPE	CosMx 6K	TUBB	0.0019561710037791	0.0019561710037791	0.0	0.6150156368849731	0.6150156368849731	0.0			False	-0.0065819881856441	False
OV_VisiumHD_FFPE_to_CosMx6K	Benchmark_02	OV	Visium HD FFPE	CosMx 6K	TUSC3	0.0013428331428776	0.0013428331428776	0.0	0.2426689135086218	0.2426689135086218	0.0			False	0.0062779295258224	False
OV_VisiumHD_FFPE_to_CosMx6K	Benchmark_02	OV	Visium HD FFPE	CosMx 6K	TXN2	-0.0011681476642817	0.0809754497526838	0.08214359741696549	0.287277796113058	0.2618259785767778	-0.025451817536280175		0.4167588596361908	True	0.0080453641712665	False
OV_VisiumHD_FFPE_to_CosMx6K	Benchmark_02	OV	Visium HD FFPE	CosMx 6K	TXNIP	0.003666295365705	0.2521989738351272	0.24853267846942217	0.4987005200145749	0.4337072549372279	-0.06499326507734698		0.5078257631384876	True	0.0228023342788219	False
OV_VisiumHD_FFPE_to_CosMx6K	Benchmark_02	OV	Visium HD FFPE	CosMx 6K	TXNL4A	-1.2527971091591184e-05	0.0201109980558305	0.020123526026922092	0.213722649883273	0.1663151948169024	-0.04740745506637059		0.626552636305964	True	0.0230074729770421	False
OV_VisiumHD_FFPE_to_CosMx6K	Benchmark_02	OV	Visium HD FFPE	CosMx 6K	TXNRD1	-0.0009635913087029	0.0367744705504951	0.037738061859198	0.2620923567256932	0.2266932942786157	-0.035399062447077495		0.5026639836329645	True	0.0068333172239363	False
OV_VisiumHD_FFPE_to_CosMx6K	Benchmark_02	OV	Visium HD FFPE	CosMx 6K	TYMP	-0.0027530481056171	0.2236140272069735	0.2263670753125906	0.334275081526876	0.2602801566051936	-0.07399492492168241		0.6260365749166312	True	0.0081066582351922	False
OV_VisiumHD_FFPE_to_CosMx6K	Benchmark_02	OV	Visium HD FFPE	CosMx 6K	TYMS	-0.0004967059048012	0.06921027349528	0.0697069794000812	0.2424797802673038	0.2184014553545017	-0.024078324912802096		0.4365217912580414	True	0.0128409611061215	False
OV_VisiumHD_FFPE_to_CosMx6K	Benchmark_02	OV	Visium HD FFPE	CosMx 6K	UBA7	0.0008895064620915	0.0582952864875161	0.057405780025424596	0.2289303413215407	0.1973795353827533	-0.031550805938787396		0.5069895031847175	True	-0.0040761148557066	False
OV_VisiumHD_FFPE_to_CosMx6K	Benchmark_02	OV	Visium HD FFPE	CosMx 6K	UBB	0.0032924951318683	0.1183063223073032	0.1150138271754349	0.9786223476451412	0.9690829031849808	-0.009539444460160418		0.2473875101083801	True	0.0015370711917057	False
OV_VisiumHD_FFPE_to_CosMx6K	Benchmark_02	OV	Visium HD FFPE	CosMx 6K	UBE2A	0.0006697228792002	0.0489686712512046	0.048298948372004394	0.2544955568492438	0.2302482213321942	-0.024247335517049606		0.4328367631092872	True	-0.0071102655492722	False
OV_VisiumHD_FFPE_to_CosMx6K	Benchmark_02	OV	Visium HD FFPE	CosMx 6K	UBE2B	-0.0026867842757531	0.0420321785337272	0.044718962809480296	0.2776019436002463	0.2224061125237414	-0.055195831076504914		0.594343013015018	True	0.0071560274809598	False
OV_VisiumHD_FFPE_to_CosMx6K	Benchmark_02	OV	Visium HD FFPE	CosMx 6K	UBE2C	-0.0020883696810878	0.1085182305735822	0.11060660025467	0.3456667630425258	0.3241531514054689	-0.021513611637056895		0.3569398639326114	True	0.0182113219052553	False
OV_VisiumHD_FFPE_to_CosMx6K	Benchmark_02	OV	Visium HD FFPE	CosMx 6K	UBE2D2	-0.0002976082508217	0.0728217558541962	0.0731193641050179	0.3003333398475883	0.2673072194051704	-0.03302612044241793		0.4589394874394347	True	0.0061210696585476	False
OV_VisiumHD_FFPE_to_CosMx6K	Benchmark_02	OV	Visium HD FFPE	CosMx 6K	UBE2E3	0.0018614316326902	0.0018614316326902	0.0	0.2861575110562547	0.2861575110562547	0.0			False	-0.001004917663522	False
OV_VisiumHD_FFPE_to_CosMx6K	Benchmark_02	OV	Visium HD FFPE	CosMx 6K	UBE2G1	0.000304869593126	0.0595837562544429	0.0592788866613169	0.2738783334083176	0.250067511923693	-0.0238108214846246		0.4137872853400027	True	0.0061338250525295	False
OV_VisiumHD_FFPE_to_CosMx6K	Benchmark_02	OV	Visium HD FFPE	CosMx 6K	UBE2G2	-0.0009536755040261	0.0408283293091844	0.041782004813210497	0.2655413832418841	0.2346887633228457	-0.0308526199190384		0.4702345063420263	True	-0.0023746362421661	False
OV_VisiumHD_FFPE_to_CosMx6K	Benchmark_02	OV	Visium HD FFPE	CosMx 6K	UBE2H	-0.0050506227467627	0.0893218503384135	0.0943724730851762	0.3783733740567209	0.3341125327978904	-0.04426084125883051		0.4723051218565064	True	0.0319112539291381	False
OV_VisiumHD_FFPE_to_CosMx6K	Benchmark_02	OV	Visium HD FFPE	CosMx 6K	UBE2I	-0.002966634752095	0.058341403779989	0.061308038532084	0.3532531120564831	0.3011853060420211	-0.05206780601446198		0.5216944187441543	True	0.0113973869010806	False
OV_VisiumHD_FFPE_to_CosMx6K	Benchmark_02	OV	Visium HD FFPE	CosMx 6K	UBE2L6	0.0018781536600991	0.1113697616719416	0.1094916080118425	0.347104322037622	0.3041763156269187	-0.04292800641070327		0.4873060538583908	True	0.004641359206289	False
OV_VisiumHD_FFPE_to_CosMx6K	Benchmark_02	OV	Visium HD FFPE	CosMx 6K	UBE2O	0.001316175286409	0.0247475674873455	0.0234313922009365	0.1918343190844095	0.1625241700023094	-0.029310149082100112		0.5306642681914022	True	0.0077520944178104	False
OV_VisiumHD_FFPE_to_CosMx6K	Benchmark_02	OV	Visium HD FFPE	CosMx 6K	UBE2Q1	-0.0007808206962603	0.020204720483377	0.0209855411796373	0.2811418778039093	0.2432969253823872	-0.03784495242152211		0.5022897306711072	True	-0.0018298175418749	False
OV_VisiumHD_FFPE_to_CosMx6K	Benchmark_02	OV	Visium HD FFPE	CosMx 6K	UBE2R2	-0.0016343990699279	0.0181755803877962	0.0198099794577241	0.3033916846898902	0.2710131455001466	-0.032378539189743594		0.4579181684121609	True	-0.0079285083338618	False
OV_VisiumHD_FFPE_to_CosMx6K	Benchmark_02	OV	Visium HD FFPE	CosMx 6K	UBE2V1	0.0011149832929489	0.0473782020438238	0.0462632187508749	0.2892627467862659	0.2346620344326206	-0.0546007123536453		0.5819662592416412	True	0.0043975836597383	False
OV_VisiumHD_FFPE_to_CosMx6K	Benchmark_02	OV	Visium HD FFPE	CosMx 6K	UBE2Z	-0.0009446708625286	0.062305036229633	0.0632497070921616	0.2874552559406496	0.2516826073289795	-0.035772648611670066		0.484876018584213	True	0.0100170671939849	False
OV_VisiumHD_FFPE_to_CosMx6K	Benchmark_02	OV	Visium HD FFPE	CosMx 6K	UBE3C	0.0002082045847614	0.0711324654175935	0.0709242608328321	0.3051572424219584	0.2583590784238333	-0.046798163998125086		0.531083853739467	True	0.0107126487419009	False
OV_VisiumHD_FFPE_to_CosMx6K	Benchmark_02	OV	Visium HD FFPE	CosMx 6K	UBR2	0.0006643435441966	0.0506238431746864	0.0499594996304898	0.2333144184528621	0.2049879042197207	-0.028326514233141392		0.4788557989442507	True	0.0047284211032092	False
OV_VisiumHD_FFPE_to_CosMx6K	Benchmark_02	OV	Visium HD FFPE	CosMx 6K	UBXN4	-0.0003118434411928	0.0301173654929815	0.0304292089341743	0.2811446626307726	0.2561741347896752	-0.02497052784109738		0.4215171237517556	True	0.0193111542612314	False
OV_VisiumHD_FFPE_to_CosMx6K	Benchmark_02	OV	Visium HD FFPE	CosMx 6K	UBXN6	-0.0018119743377632	0.0474019614356355	0.0492139357733987	0.318273081662601	0.2741781448764178	-0.0440949367861832		0.5082660652187179	True	0.0006983914645388	False
OV_VisiumHD_FFPE_to_CosMx6K	Benchmark_02	OV	Visium HD FFPE	CosMx 6K	UCP2	0.0013360166019931	0.110818446372221	0.1094824297702279	0.3963519116617315	0.3017258641781805	-0.09462604748355102		0.697067196276846	True	0.0787954553961753	False
OV_VisiumHD_FFPE_to_CosMx6K	Benchmark_02	OV	Visium HD FFPE	CosMx 6K	UGCG	0.0006555672484089	0.0373156542375155	0.0366600869891066	0.212388767307872	0.1613763577610636	-0.05101240954680841		0.6447504601580684	True	-0.0019394780974835	False
OV_VisiumHD_FFPE_to_CosMx6K	Benchmark_02	OV	Visium HD FFPE	CosMx 6K	ULK1	-0.0034558805534237	0.0272421597904628	0.030698040343886502	0.2397013506322044	0.2076433729436638	-0.0320579776885406		0.4997797933010506	True	0.0156965907663106	False
OV_VisiumHD_FFPE_to_CosMx6K	Benchmark_02	OV	Visium HD FFPE	CosMx 6K	UQCR10	-0.0012531516424506	0.0554004771358208	0.0566536287782714	0.2598800513206052	0.2036787013159321	-0.056201350004673106		0.6211252594626677	True	0.0025537018664181	False
OV_VisiumHD_FFPE_to_CosMx6K	Benchmark_02	OV	Visium HD FFPE	CosMx 6K	UQCR11	0.0001562775088001	0.0314144900972039	0.0312582125884038	0.2118902445088955	0.183901375236231	-0.027988869272664474		0.4974470605488826	True	0.0050490298308432	False
OV_VisiumHD_FFPE_to_CosMx6K	Benchmark_02	OV	Visium HD FFPE	CosMx 6K	UQCRC1	-0.0008535476851635	0.0894646822220989	0.0903182299072624	0.2964434816592276	0.2561741558346229	-0.04026932582460474		0.5031029982988487	True	0.0098206354305148	False
OV_VisiumHD_FFPE_to_CosMx6K	Benchmark_02	OV	Visium HD FFPE	CosMx 6K	USF2	-3.237002253060603e-05	0.0478272838075966	0.047859653830127205	0.3034228169730678	0.2753856573280779	-0.028037159644989873		0.4306844503428883	True	-0.007194320205599	False
OV_VisiumHD_FFPE_to_CosMx6K	Benchmark_02	OV	Visium HD FFPE	CosMx 6K	USP18	0.003044795901943	0.0767134322700913	0.0736686363681483	0.3085539306291989	0.2804221769608831	-0.028131753668315773		0.427286875306606	True	0.0061588566750288	False
OV_VisiumHD_FFPE_to_CosMx6K	Benchmark_02	OV	Visium HD FFPE	CosMx 6K	USP34	-0.0017352324158306	0.0398820079895105	0.0416172404053411	0.2758917583667203	0.2538047328501675	-0.022087025516552783		0.3999643414071375	True	-0.0043041850440204	False
OV_VisiumHD_FFPE_to_CosMx6K	Benchmark_02	OV	Visium HD FFPE	CosMx 6K	USP4	-0.001396268384945	0.0463915816178208	0.0477878500027658	0.2500538551464875	0.2206627049244855	-0.029391150222001977		0.4721033021697061	True	0.0096980361267924	False
OV_VisiumHD_FFPE_to_CosMx6K	Benchmark_02	OV	Visium HD FFPE	CosMx 6K	USP9X	0.0002852406344224	0.0972179226737897	0.09693268203936731	0.3105892701695833	0.2750139625872048	-0.035575307582378535		0.4666745873388195	True	0.0095354607328772	False
OV_VisiumHD_FFPE_to_CosMx6K	Benchmark_02	OV	Visium HD FFPE	CosMx 6K	VAMP3	0.0014411880655083	0.0014411880655083	0.0	0.2319820444120545	0.2319820444120545	0.0			False	-0.0023962683044373	False
OV_VisiumHD_FFPE_to_CosMx6K	Benchmark_02	OV	Visium HD FFPE	CosMx 6K	VASP	-6.912656594358498e-05	0.0646743923676632	0.06474351893360679	0.3094302525512264	0.2861416431817142	-0.023288609369512214		0.4033891554257393	True	0.0044430177658796	False
OV_VisiumHD_FFPE_to_CosMx6K	Benchmark_02	OV	Visium HD FFPE	CosMx 6K	VDAC1	-0.0030272501606736	0.1032174662879355	0.1062447164486091	0.3571439363545582	0.3372308363853814	-0.019913099969176784		0.3483790449724826	True	0.0132827376946806	False
OV_VisiumHD_FFPE_to_CosMx6K	Benchmark_02	OV	Visium HD FFPE	CosMx 6K	VDAC2	0.0016246188378868	0.0496173123718539	0.047992693533967096	0.2713541734860166	0.2512295671906611	-0.020124606295355507		0.387682493693517	True	0.0262495297938585	False
OV_VisiumHD_FFPE_to_CosMx6K	Benchmark_02	OV	Visium HD FFPE	CosMx 6K	VDAC3	-0.0010142609849321	0.0502244808254725	0.051238741810404595	0.2380554308199915	0.198502231740741	-0.039553199079250506		0.5508892497256764	True	0.0081181479617953	False
OV_VisiumHD_FFPE_to_CosMx6K	Benchmark_02	OV	Visium HD FFPE	CosMx 6K	VEGFA	-0.0154173473047556	0.0488711955670943	0.0642885428718499	0.5138258194090849	0.439723613726692	-0.0741022056823929		0.5222896030955991	True	0.0564960725605487	False
OV_VisiumHD_FFPE_to_CosMx6K	Benchmark_02	OV	Visium HD FFPE	CosMx 6K	VEGFB	-0.0027769163920127	-0.0027769163920127	0.0	0.2828872241615324	0.2828872241615324	0.0			False	0.0037861312739551	False
OV_VisiumHD_FFPE_to_CosMx6K	Benchmark_02	OV	Visium HD FFPE	CosMx 6K	VIM	-0.0031698479777948	0.4897481140666835	0.4929179620444783	0.6845239711271074	0.3725733561482352	-0.31195061497887216		0.8241473607283436	True	0.1965239495038986	True
OV_VisiumHD_FFPE_to_CosMx6K	Benchmark_02	OV	Visium HD FFPE	CosMx 6K	VMP1	-0.0001033026521676	0.0297746204143135	0.0298779230664811	0.4174253121501434	0.3657988616497976	-0.05162645050034581		0.4851884905650511	True	0.0077548548579216	False
OV_VisiumHD_FFPE_to_CosMx6K	Benchmark_02	OV	Visium HD FFPE	CosMx 6K	VPS25	-0.0009706114670885	0.0552819611975056	0.0562525726645941	0.2551619766373683	0.2189936664853085	-0.03616831015205979		0.5128269134797703	True	0.0208764001727104	False
OV_VisiumHD_FFPE_to_CosMx6K	Benchmark_02	OV	Visium HD FFPE	CosMx 6K	VPS28	-0.0033457342604957	0.1004765752643114	0.1038223095248071	0.381288010230657	0.360463132054371	-0.020824878176285977		0.3459654481390426	True	0.0069521483965218	False
OV_VisiumHD_FFPE_to_CosMx6K	Benchmark_02	OV	Visium HD FFPE	CosMx 6K	VTCN1	0.002193369697472	0.1056552883587747	0.10346191866130271	0.3185011461757915	0.2879668362627989	-0.030534309912992608		0.428397661097018	True	0.0361552573740482	False
OV_VisiumHD_FFPE_to_CosMx6K	Benchmark_02	OV	Visium HD FFPE	CosMx 6K	VWA1	0.0013089026994982	0.0980817765271597	0.0967728738276615	0.3070888933622616	0.2883934433062876	-0.018695450055974006		0.3609621175275045	True	0.0066568511538207	False
OV_VisiumHD_FFPE_to_CosMx6K	Benchmark_02	OV	Visium HD FFPE	CosMx 6K	WASHC4	-0.0031465485932384	-0.0031465485932384	0.0	0.229542172887924	0.229542172887924	0.0			False	0.0107115032151341	False
OV_VisiumHD_FFPE_to_CosMx6K	Benchmark_02	OV	Visium HD FFPE	CosMx 6K	WASL	-0.001330397166427	0.0407919741711663	0.0421223713375933	0.2602347989890302	0.2275863481472073	-0.032648450841822885		0.4869959043214806	True	0.0132387839257717	False
OV_VisiumHD_FFPE_to_CosMx6K	Benchmark_02	OV	Visium HD FFPE	CosMx 6K	WDR45B	-0.0006298064039282	0.0695630785655534	0.07019288496948159	0.3140519775315912	0.2829518820210275	-0.031100095510563697		0.4380611744478059	True	0.0083753997460007	False
OV_VisiumHD_FFPE_to_CosMx6K	Benchmark_02	OV	Visium HD FFPE	CosMx 6K	WDR82	-0.0034942259832598	0.0592383555555066	0.0627325815387664	0.3224190554817482	0.2798033183098728	-0.04261573717187539		0.4975945554936171	True	0.0003036137204617	False
OV_VisiumHD_FFPE_to_CosMx6K	Benchmark_02	OV	Visium HD FFPE	CosMx 6K	WSB1	-0.0041932307227278	0.0505297406441649	0.0547229713668927	0.2662747255673539	0.2000850054640151	-0.06618972010333879		0.6530106635374263	True	0.0008272967534139	False
OV_VisiumHD_FFPE_to_CosMx6K	Benchmark_02	OV	Visium HD FFPE	CosMx 6K	WT1	0.0020892020277134	0.1557020805236109	0.1536128784958975	0.5008995066293891	0.4099711993718026	-0.0909283072575865		0.5915880341671117	True	0.0738245844841003	False
OV_VisiumHD_FFPE_to_CosMx6K	Benchmark_02	OV	Visium HD FFPE	CosMx 6K	XBP1	0.010611766465508	0.1470632313627602	0.1364514648972522	0.4340864464637716	0.3514030633145423	-0.0826833831492293		0.5816056988000894	True	0.0190548151731491	False
OV_VisiumHD_FFPE_to_CosMx6K	Benchmark_02	OV	Visium HD FFPE	CosMx 6K	YAP1	-0.0011662694250061	0.0385759221777074	0.0397421916027135	0.32364898598745	0.2737796270624108	-0.04986935892503919		0.5310219318832459	True	0.00058949587401	False
OV_VisiumHD_FFPE_to_CosMx6K	Benchmark_02	OV	Visium HD FFPE	CosMx 6K	YBX1	0.0028241293726209	0.0933027703741748	0.0904786410015539	0.4365981680598093	0.4098002040339363	-0.026797964025872978		0.3808280907186976	True	-0.0008271622937172	False
OV_VisiumHD_FFPE_to_CosMx6K	Benchmark_02	OV	Visium HD FFPE	CosMx 6K	YBX3	0.0014944276606479	0.0401759908527048	0.0386815631920569	0.2913897868401373	0.2552836726850893	-0.036106114155048		0.4936702425741735	True	0.0119436895474791	False
OV_VisiumHD_FFPE_to_CosMx6K	Benchmark_02	OV	Visium HD FFPE	CosMx 6K	YES1	0.0010432569297785	0.0552703885179395	0.054227131588161004	0.2918471478518147	0.2586139509091815	-0.033233196942633214		0.4652912972048283	True	0.0171426441520452	False
OV_VisiumHD_FFPE_to_CosMx6K	Benchmark_02	OV	Visium HD FFPE	CosMx 6K	YIF1A	0.0022186817860446	0.0801263228583595	0.07790764107231489	0.2899218891807599	0.2723219986724857	-0.017599890508274207		0.3553675809863872	True	0.0061846142634749	False
OV_VisiumHD_FFPE_to_CosMx6K	Benchmark_02	OV	Visium HD FFPE	CosMx 6K	YTHDF2	0.0015837907914631	0.0226870671337261	0.021103276342263	0.210753913449177	0.1807935524334562	-0.029960361015720777		0.5135717886712903	True	-0.0091027356684207	False
OV_VisiumHD_FFPE_to_CosMx6K	Benchmark_02	OV	Visium HD FFPE	CosMx 6K	YWHAE	0.0007392834547198	0.109238230699721	0.1084989472450012	0.4876646018633357	0.4545799965974552	-0.03308460526588053		0.3885791257675178	True	0.0116233667358756	False
OV_VisiumHD_FFPE_to_CosMx6K	Benchmark_02	OV	Visium HD FFPE	CosMx 6K	YWHAG	-0.0008172569399624	0.0272295534876412	0.028046810427603597	0.351103754706529	0.3203606207268529	-0.030743133979676096		0.4238231732658831	True	-0.0065729399211704	False
OV_VisiumHD_FFPE_to_CosMx6K	Benchmark_02	OV	Visium HD FFPE	CosMx 6K	YWHAH	-0.0004234833064736	0.1303702455522521	0.1307937288587257	0.3295441166854074	0.3107380333368963	-0.018806083348511082		0.3553660013409817	True	0.0110892439261078	False
OV_VisiumHD_FFPE_to_CosMx6K	Benchmark_02	OV	Visium HD FFPE	CosMx 6K	YWHAQ	0.0010590370333153	0.0010590370333153	0.0	0.387326136358938	0.387326136358938	0.0			False	-0.0020113815553486	False
OV_VisiumHD_FFPE_to_CosMx6K	Benchmark_02	OV	Visium HD FFPE	CosMx 6K	YWHAZ	-0.0027310496489983	0.1855512070140327	0.188282256663031	0.7307559891864546	0.6694290313546616	-0.06132695783179298		0.4303606800723604	True	0.0657662376761436	False
OV_VisiumHD_FFPE_to_CosMx6K	Benchmark_02	OV	Visium HD FFPE	CosMx 6K	YY1	-0.0021466926676748	0.0744929997154506	0.0766396923831254	0.3469640814707667	0.3310653679574021	-0.015898713513364582		0.3212980382166046	True	0.0029670726507902	False
OV_VisiumHD_FFPE_to_CosMx6K	Benchmark_02	OV	Visium HD FFPE	CosMx 6K	ZFP36	-0.0132880570235837	0.0956586713185524	0.10894672834213609	0.5377214446753106	0.3891273172951833	-0.14859412738012728		0.6731310376836311	True	0.0524845086038112	False
OV_VisiumHD_FFPE_to_CosMx6K	Benchmark_02	OV	Visium HD FFPE	CosMx 6K	ZFP36L1	-0.0015411451686611	0.0813470949670037	0.0828882401356648	0.4934119831729645	0.4137890145930595	-0.07962296857990497		0.5391960041251366	True	0.0145102748647332	False
OV_VisiumHD_FFPE_to_CosMx6K	Benchmark_02	OV	Visium HD FFPE	CosMx 6K	ZFP36L2	0.0003772897248005	0.0386698371598635	0.038292547435063	0.4230160726446532	0.3760146508589302	-0.047001421785722974		0.4743480195212466	True	0.0060369139537215	False
OV_VisiumHD_FFPE_to_CosMx6K	Benchmark_02	OV	Visium HD FFPE	CosMx 6K	ZNF706	-0.0050460533106258	0.1159047385865331	0.12095079189715889	0.4348433492846389	0.4097162062337756	-0.025127143050863332		0.3572544792043755	True	0.0021801153197884	False
OV_VisiumHD_FFPE_to_CosMx6K	Benchmark_02	OV	Visium HD FFPE	CosMx 6K	ZNRF2	-0.0010414795988463	0.0357548644783505	0.0367963440771968	0.2011364784818574	0.1679487292268298	-0.0331877492550276		0.5490751121586999	True	-0.0007354813278652	False
OV_VisiumHD_FFPE_to_CosMx6K	Benchmark_02	OV	Visium HD FFPE	CosMx 6K	ZYX	0.0015313048605436	0.0204163291015283	0.0188850242409847	0.4091170060521275	0.3618064484513562	-0.0473105576007713		0.4823662857883263	True	-0.000560209096875	False
