record_type	fold	train_embryo	test_embryo	cohort	method	method_label	gene	genes	cells	ancestor_families	descendant_cells	rho_future_pooled_frozen_raw	rho_future_pooled	future_residual_status	rho_future_macro	rho_future_median	final_pearson_macro	final_spearman_macro	rmse	normalized_rmse	moran_error	domain_gene_count	median_domain_dice	family_bootstrap_estimate	family_bootstrap_ci95_low	family_bootstrap_ci95_high	bootstrap_unit	family_bootstrap_replicates	trajectory_free_gene_rho	trajectory_aware_gene_rho	trajectory_delta_future_residual_pearson	trajectory_improved	evaluation_unit	confirmatory_non_anchor
method_summary	A	E1	E2	full	B1_lineage_registered_idw	Lineage-transported registered IDW		479.0	7028.0	3998.0	7028.0	0.04820058512508018	0.04820058512508018	defined	0.030662288889288906	0.03488703444600105	0.06595579534769057	0.06484375606992515	1.1072237491607666	0.7513893842697144	0.15547949546589024	98.0	0.22836181348035106	0.048220579195554315	0.04412355622306996	0.052606741533807636	TM0_ancestor_family	2000.0					directional_target_embryo	True
method_summary	A	E1	E2	full	B2_lineage_early_map	Lineage-transported early HyperSpatial-MAP		479.0	7028.0	3998.0	7028.0	0.0		undefined_zero_future_residual	0.0	0.0	0.08637689799070357	0.08668092013253584	1.0845916271209717	0.7360306382179259	0.22711392043090695	98.0	0.2873116665995246				TM0_ancestor_family	2000.0					directional_target_embryo	True
method_summary	A	E1	E2	full	B3_mean_developmental_correction	Mean source developmental correction		479.0	7028.0	3998.0	7028.0	0.5604469545831109	0.5604469545831109	defined	0.0069180806167423725	0.0	0.08641599118709564	0.08668011816639051	0.8974450826644897	0.6090283989906311	0.2271198775545764	98.0	0.2873116665995246	0.5604431424095526	0.5583022816305947	0.5626565179337558	TM0_ancestor_family	2000.0					directional_target_embryo	True
method_summary	A	E1	E2	full	B4_anchor_only_temporal	Early-anchor-only temporal predictor		479.0	7028.0	3998.0	7028.0	0.5710638147916682	0.5710638147916682	defined	0.2276706695556641	0.21603941917419436	0.18824970722198486	0.1848810818601493	0.8868418335914612	0.6018327474594116	0.1704976520910157	98.0	0.3763100324479878	0.5710709499365277	0.5684349845265539	0.573727727155251	TM0_ancestor_family	2000.0					directional_target_embryo	True
method_summary	A	E1	E2	full	B5_trajectory_free_map_t	Trajectory-free temporal residual model		479.0	7028.0	3998.0	7028.0	0.4855720763844377	0.4855720763844377	defined	0.10578905791044237	0.1055714264512062	0.10793006420135498	0.09882207297610526	0.9752835035324096	0.6618514657020569	0.113636095354663	98.0	0.2642695361973172	0.4856365812437332	0.4797370559421436	0.491581762492088	TM0_ancestor_family	2000.0					directional_target_embryo	True
method_summary	A	E1	E2	full	B6_trajectory_aware_map_t	Full trajectory-aware HyperSpatial-MAP-T		479.0	7028.0	3998.0	7028.0	0.6205218131387544	0.6205218131387544	defined	0.2513715922832489	0.2029212117195129	0.2380766719579697	0.2299480936348209	0.8542231917381287	0.5796969532966614	0.20995131119535854	98.0	0.4187948992896662	0.6205386288273079	0.6167302911868999	0.6244225436158766	TM0_ancestor_family	2000.0					directional_target_embryo	True
method_summary	B	E2	E1	full	B1_lineage_registered_idw	Lineage-transported registered IDW		479.0	6807.0	3907.0	6807.0	0.07881992303513863	0.07881992303513863	defined	0.04024837538599968	0.03825181722640991	0.05449812114238739	0.05269351213055228	1.1287907361984253	0.7594802379608154	0.10861692148393726	99.0	0.2191408374116368	0.0788095424328474	0.07408326199618552	0.08367204333324857	TM0_ancestor_family	2000.0					directional_target_embryo	True
method_summary	B	E2	E1	full	B2_lineage_early_map	Lineage-transported early HyperSpatial-MAP		479.0	6807.0	3907.0	6807.0	0.0		undefined_zero_future_residual	0.0	0.0	0.06856196373701096	0.06564773499638214	1.1109405755996704	0.7474701404571533	0.17628901528034652	99.0	0.2280163599182004				TM0_ancestor_family	2000.0					directional_target_embryo	True
method_summary	B	E2	E1	full	B3_mean_developmental_correction	Mean source developmental correction		479.0	6807.0	3907.0	6807.0	0.5703981714955076	0.5703981714955076	defined	0.01260740589350462	3.157419214971924e-08	0.06856844574213028	0.06564766548866567	0.9088463187217712	0.6114957928657532	0.1762890367821272	99.0	0.2280163599182004	0.5704154141690494	0.5685459472865582	0.572173340680991	TM0_ancestor_family	2000.0					directional_target_embryo	True
method_summary	B	E2	E1	full	B4_anchor_only_temporal	Early-anchor-only temporal predictor		479.0	6807.0	3907.0	6807.0	0.5637698826067211	0.5637698826067211	defined	0.2138604074716568	0.22099438309669492	0.1477116048336029	0.14033439124902114	0.9153354167938232	0.6158618330955505	0.16250084599297926	99.0	0.3136503067484663	0.5638087587735888	0.5613869206967605	0.5661758296619797	TM0_ancestor_family	2000.0					directional_target_embryo	True
method_summary	B	E2	E1	full	B5_trajectory_free_map_t	Trajectory-free temporal residual model		479.0	6807.0	3907.0	6807.0	0.4962461194770954	0.4962461194770954	defined	0.12592332065105438	0.13990822434425354	0.1079934388399124	0.10044426173351947	0.9753140807151794	0.656217098236084	0.1170755839377047	99.0	0.2608695652173913	0.4962148801662824	0.4904909287560775	0.5021756726549089	TM0_ancestor_family	2000.0					directional_target_embryo	True
method_summary	B	E2	E1	full	B6_trajectory_aware_map_t	Full trajectory-aware HyperSpatial-MAP-T		479.0	6807.0	3907.0	6807.0	0.6196155894705728	0.6196155894705728	defined	0.27185434103012085	0.23692722618579865	0.2322239577770233	0.2258201334268128	0.8689002990722656	0.5846190452575684	0.15651539784647825	99.0	0.44	0.6195786688841689	0.6163666966339972	0.6229045143741817	TM0_ancestor_family	2000.0					directional_target_embryo	True
gene_trajectory_comparison	A	E1	E2	full			ackr3b																						0.011459032	0.17892751	0.167468478	True	gene_within_directional_target_embryo	True
gene_trajectory_comparison	A	E1	E2	full			acvr1ba																						0.19410054	0.18313839	-0.010962149999999976	False	gene_within_directional_target_embryo	True
gene_trajectory_comparison	A	E1	E2	full			add3b																						0.22206123	0.3177472	0.09568597000000001	True	gene_within_directional_target_embryo	True
gene_trajectory_comparison	A	E1	E2	full			adka																						0.21598595	0.27922812	0.06324217000000001	True	gene_within_directional_target_embryo	True
gene_trajectory_comparison	A	E1	E2	full			admp																						-0.5592636	-0.36813602	0.19112757999999996	True	gene_within_directional_target_embryo	True
gene_trajectory_comparison	A	E1	E2	full			ahi1																						-0.17075491	0.041204132000000004	0.21195904200000001	True	gene_within_directional_target_embryo	True
gene_trajectory_comparison	A	E1	E2	full			akap12b																						-0.09088078	-0.075420275	0.015460505	True	gene_within_directional_target_embryo	True
gene_trajectory_comparison	A	E1	E2	full			alcamb																						0.24320255	0.49480015	0.2515976	True	gene_within_directional_target_embryo	True
gene_trajectory_comparison	A	E1	E2	full			aldob																						-0.09528998	0.3317417	0.42703167999999997	True	gene_within_directional_target_embryo	True
gene_trajectory_comparison	A	E1	E2	full			anp32e																						0.3199739	0.23183617	-0.08813772999999997	False	gene_within_directional_target_embryo	True
gene_trajectory_comparison	A	E1	E2	full			apex1																						-0.05374144	-0.008161087	0.045580353000000004	True	gene_within_directional_target_embryo	True
gene_trajectory_comparison	A	E1	E2	full			aplnra																						0.29015866	0.38191015	0.09175148999999999	True	gene_within_directional_target_embryo	True
gene_trajectory_comparison	A	E1	E2	full			aplnrb																						-0.01762961	0.028721372000000002	0.046350982	True	gene_within_directional_target_embryo	True
gene_trajectory_comparison	A	E1	E2	full			apoc1																						-0.35050207	0.5518098000000001	0.9023118700000001	True	gene_within_directional_target_embryo	True
gene_trajectory_comparison	A	E1	E2	full			arf5																						0.24042228	0.24049175	6.947000000001591e-05	True	gene_within_directional_target_embryo	True
gene_trajectory_comparison	A	E1	E2	full			arhgap5																						0.03522594	0.13812797	0.10290202999999999	True	gene_within_directional_target_embryo	True
gene_trajectory_comparison	A	E1	E2	full			arl4aa																						0.15795638	0.17478843	0.016832049999999987	True	gene_within_directional_target_embryo	True
gene_trajectory_comparison	A	E1	E2	full			arl4ab																						0.5689705	0.54456484	-0.024405659999999996	False	gene_within_directional_target_embryo	True
gene_trajectory_comparison	A	E1	E2	full			arl4d																						0.06904552	0.48931178	0.42026626	True	gene_within_directional_target_embryo	True
gene_trajectory_comparison	A	E1	E2	full			arl6ip5a																						0.06700008	0.23011987	0.16311979	True	gene_within_directional_target_embryo	True
gene_trajectory_comparison	A	E1	E2	full			aspm																						0.1643043	0.17448655	0.010182250000000004	True	gene_within_directional_target_embryo	True
gene_trajectory_comparison	A	E1	E2	full			atf6																						0.18016295	0.2052813	0.02511835000000001	True	gene_within_directional_target_embryo	True
gene_trajectory_comparison	A	E1	E2	full			atoh1c																						-0.0064743324	0.08920073	0.09567506240000001	True	gene_within_directional_target_embryo	True
gene_trajectory_comparison	A	E1	E2	full			atp2b1a																						0.08690973	0.11367983	0.02677009999999999	True	gene_within_directional_target_embryo	True
gene_trajectory_comparison	A	E1	E2	full			atrxl																						0.24366337	0.20234662	-0.041316749999999985	False	gene_within_directional_target_embryo	True
gene_trajectory_comparison	A	E1	E2	full			aurkb																						0.19177401	0.19560204	0.00382803000000001	True	gene_within_directional_target_embryo	True
gene_trajectory_comparison	A	E1	E2	full			axin2																						0.06795537	0.2549072	0.18695182999999999	True	gene_within_directional_target_embryo	True
gene_trajectory_comparison	A	E1	E2	full			bach1b																						0.0196916	0.09218175	0.07249015	True	gene_within_directional_target_embryo	True
gene_trajectory_comparison	A	E1	E2	full			bambia																						-0.63694453	0.86582035	1.50276488	True	gene_within_directional_target_embryo	True
gene_trajectory_comparison	A	E1	E2	full			baz1b																						0.24176235	0.2683408	0.026578450000000003	True	gene_within_directional_target_embryo	True
gene_trajectory_comparison	A	E1	E2	full			bcl2l1																						0.0	0.08115172	0.08115172	True	gene_within_directional_target_embryo	True
gene_trajectory_comparison	A	E1	E2	full			bhlha15																						0.10634173	0.18922782	0.08288609	True	gene_within_directional_target_embryo	True
gene_trajectory_comparison	A	E1	E2	full			blf																						0.30016524	0.22816473	-0.07200050999999999	False	gene_within_directional_target_embryo	True
gene_trajectory_comparison	A	E1	E2	full			bmp2b																						-0.5151581000000001	0.20801282	0.72317092	True	gene_within_directional_target_embryo	True
gene_trajectory_comparison	A	E1	E2	full			bmp4																						-0.42445347	0.82382995	1.24828342	True	gene_within_directional_target_embryo	True
gene_trajectory_comparison	A	E1	E2	full			bmp7a																						-0.5703201	0.73273474	1.3030548400000002	True	gene_within_directional_target_embryo	True
gene_trajectory_comparison	A	E1	E2	full			brd2a																						-0.022949735	0.10269026	0.125639995	True	gene_within_directional_target_embryo	True
gene_trajectory_comparison	A	E1	E2	full			btg2																						0.38892382	0.4906149	0.10169108000000004	True	gene_within_directional_target_embryo	True
gene_trajectory_comparison	A	E1	E2	full			c1qbp																						0.19617425	0.22813386	0.03195961	True	gene_within_directional_target_embryo	True
gene_trajectory_comparison	A	E1	E2	full			C7H16orf87																						0.0	0.0	0.0	False	gene_within_directional_target_embryo	True
gene_trajectory_comparison	A	E1	E2	full			ca9																						0.4249385	0.48317209999999994	0.05823359999999994	True	gene_within_directional_target_embryo	True
gene_trajectory_comparison	A	E1	E2	full			casz1																						0.005760021	0.031787094	0.026027073	True	gene_within_directional_target_embryo	True
gene_trajectory_comparison	A	E1	E2	full			cbx3a																						0.021079024	0.032150473	0.011071449	True	gene_within_directional_target_embryo	True
gene_trajectory_comparison	A	E1	E2	full			cbx5																						0.23109238	0.30644545	0.07535307000000002	True	gene_within_directional_target_embryo	True
gene_trajectory_comparison	A	E1	E2	full			ccne2																						0.08617000000000001	0.07296391599999999	-0.01320608400000002	False	gene_within_directional_target_embryo	True
gene_trajectory_comparison	A	E1	E2	full			ccnf																						0.25882310000000003	0.17501424	-0.08380886000000004	False	gene_within_directional_target_embryo	True
gene_trajectory_comparison	A	E1	E2	full			ccng1																						0.33607525	0.34599912	0.009923870000000001	True	gene_within_directional_target_embryo	True
gene_trajectory_comparison	A	E1	E2	full			cd63																						0.09037122	0.063831635	-0.026539585000000004	False	gene_within_directional_target_embryo	True
gene_trajectory_comparison	A	E1	E2	full			cdc14b																						0.25041923	0.2465038	-0.0039154299999999975	False	gene_within_directional_target_embryo	True
gene_trajectory_comparison	A	E1	E2	full			cdca8																						0.13853614	0.112653054	-0.025883086	False	gene_within_directional_target_embryo	True
gene_trajectory_comparison	A	E1	E2	full			cdh1																						0.22558267	0.40836963	0.18278695999999997	True	gene_within_directional_target_embryo	True
gene_trajectory_comparison	A	E1	E2	full			cdh2																						0.35796744	0.425807	0.06783955999999997	True	gene_within_directional_target_embryo	True
gene_trajectory_comparison	A	E1	E2	full			cdh6																						0.09277225	0.22811076	0.13533851	True	gene_within_directional_target_embryo	True
gene_trajectory_comparison	A	E1	E2	full			cdkn1ca																						0.0	0.17855520000000003	0.17855520000000003	True	gene_within_directional_target_embryo	True
gene_trajectory_comparison	A	E1	E2	full			cdt1																						0.20129642	0.22801073	0.02671430999999999	True	gene_within_directional_target_embryo	True
gene_trajectory_comparison	A	E1	E2	full			cdx1a																						-0.02138616	0.6787701	0.7001562600000001	True	gene_within_directional_target_embryo	True
gene_trajectory_comparison	A	E1	E2	full			cdx4																						-0.037070602	0.6138209	0.650891502	True	gene_within_directional_target_embryo	True
gene_trajectory_comparison	A	E1	E2	full			cenpf																						0.13195883	0.16781066	0.03585183	True	gene_within_directional_target_embryo	True
gene_trajectory_comparison	A	E1	E2	full			cfl1l																						0.07204934	0.11579823	0.04374889	True	gene_within_directional_target_embryo	True
gene_trajectory_comparison	A	E1	E2	full			chaf1a																						0.17092375	0.18789609	0.016972339999999975	True	gene_within_directional_target_embryo	True
gene_trajectory_comparison	A	E1	E2	full			chst11																						0.17629686	0.15021932	-0.02607754000000001	False	gene_within_directional_target_embryo	True
gene_trajectory_comparison	A	E1	E2	full			cldnd																						0.09430219999999999	0.19355962	0.09925742	True	gene_within_directional_target_embryo	True
gene_trajectory_comparison	A	E1	E2	full			clic4																						0.19720222	0.29215425	0.09495202999999999	True	gene_within_directional_target_embryo	True
gene_trajectory_comparison	A	E1	E2	full			clocka																						0.0	0.029724997000000003	0.029724997000000003	True	gene_within_directional_target_embryo	True
gene_trajectory_comparison	A	E1	E2	full			cmtm6																						0.14344005	0.17967337	0.036233319999999986	True	gene_within_directional_target_embryo	True
gene_trajectory_comparison	A	E1	E2	full			cnmd																						0.1502528	0.11519144	-0.035061359999999986	False	gene_within_directional_target_embryo	True
gene_trajectory_comparison	A	E1	E2	full			cnn3a																						0.10675758	0.055581822999999995	-0.05117575700000001	False	gene_within_directional_target_embryo	True
gene_trajectory_comparison	A	E1	E2	full			coq10b																						0.047309652	0.15172568	0.104416028	True	gene_within_directional_target_embryo	True
gene_trajectory_comparison	A	E1	E2	full			crabp2b																						0.48883909999999997	0.5889766	0.10013749999999999	True	gene_within_directional_target_embryo	True
gene_trajectory_comparison	A	E1	E2	full			creb3l1																						0.17033948	0.17866506	0.008325579999999999	True	gene_within_directional_target_embryo	True
gene_trajectory_comparison	A	E1	E2	full			creb3l2																						0.22288696	0.22565986	0.002772899999999995	True	gene_within_directional_target_embryo	True
gene_trajectory_comparison	A	E1	E2	full			csrp1a																						-0.011087092	0.057270277	0.068357369	True	gene_within_directional_target_embryo	True
gene_trajectory_comparison	A	E1	E2	full			cst3																						0.11711353	0.20703675	0.08992322	True	gene_within_directional_target_embryo	True
gene_trajectory_comparison	A	E1	E2	full			ctcf																						0.27461678	0.3836118	0.10899502	True	gene_within_directional_target_embryo	True
gene_trajectory_comparison	A	E1	E2	full			cth1																						0.10949311	0.16634898	0.05685587	True	gene_within_directional_target_embryo	True
gene_trajectory_comparison	A	E1	E2	full			CU570769.1																						0.090192884	0.15467283	0.06447994600000001	True	gene_within_directional_target_embryo	True
gene_trajectory_comparison	A	E1	E2	full			cux1a																						0.012363853000000001	0.07246571	0.060101857	True	gene_within_directional_target_embryo	True
gene_trajectory_comparison	A	E1	E2	full			cxcl12b																						0.0	0.0042305146000000005	0.0042305146000000005	True	gene_within_directional_target_embryo	True
gene_trajectory_comparison	A	E1	E2	full			cxcr4a																						0.06340180000000001	0.095718384	0.032316583999999995	True	gene_within_directional_target_embryo	True
gene_trajectory_comparison	A	E1	E2	full			dact2																						0.43876684	0.503223	0.06445615999999998	True	gene_within_directional_target_embryo	True
gene_trajectory_comparison	A	E1	E2	full			dand5																						0.022158037999999998	0.11825538	0.096097342	True	gene_within_directional_target_embryo	True
gene_trajectory_comparison	A	E1	E2	full			dbx1a																						-0.01568855	0.047356233	0.063044783	True	gene_within_directional_target_embryo	True
gene_trajectory_comparison	A	E1	E2	full			ddx4																						0.13010207	0.20140213	0.07130006000000003	True	gene_within_directional_target_embryo	True
gene_trajectory_comparison	A	E1	E2	full			dharma																						0.11585335	0.093598366	-0.02225498399999999	False	gene_within_directional_target_embryo	True
gene_trajectory_comparison	A	E1	E2	full			dkc1																						0.21139611	0.30770564	0.09630953	True	gene_within_directional_target_embryo	True
gene_trajectory_comparison	A	E1	E2	full			dkk1b																						0.24843454	0.23095164	-0.017482899999999996	False	gene_within_directional_target_embryo	True
gene_trajectory_comparison	A	E1	E2	full			dld																						-0.08439183	0.5557966999999999	0.6401885299999999	True	gene_within_directional_target_embryo	True
gene_trajectory_comparison	A	E1	E2	full			dlgap5																						0.0072919554	0.082854	0.0755620446	True	gene_within_directional_target_embryo	True
gene_trajectory_comparison	A	E1	E2	full			dlx3b																						0.14158906	0.6413079	0.49971884000000005	True	gene_within_directional_target_embryo	True
gene_trajectory_comparison	A	E1	E2	full			dmd																						0.10902049	0.13155568	0.02253519000000001	True	gene_within_directional_target_embryo	True
gene_trajectory_comparison	A	E1	E2	full			drll.2																						0.0	0.5680227	0.5680227	True	gene_within_directional_target_embryo	True
gene_trajectory_comparison	A	E1	E2	full			drll.3																						0.38328943	0.49968877	0.11639934000000002	True	gene_within_directional_target_embryo	True
gene_trajectory_comparison	A	E1	E2	full			dscc1																						0.047768272	0.09864026	0.05087198799999999	True	gene_within_directional_target_embryo	True
gene_trajectory_comparison	A	E1	E2	full			dync1li1																						0.0	0.014160292	0.014160292	True	gene_within_directional_target_embryo	True
gene_trajectory_comparison	A	E1	E2	full			dynll2b																						0.0	0.13327427	0.13327427	True	gene_within_directional_target_embryo	True
gene_trajectory_comparison	A	E1	E2	full			ednraa																						-0.030016242999999998	0.029742563	0.059758806	True	gene_within_directional_target_embryo	True
gene_trajectory_comparison	A	E1	E2	full			efna1a																						0.14697899	0.26229644	0.11531745000000002	True	gene_within_directional_target_embryo	True
gene_trajectory_comparison	A	E1	E2	full			efnb2a																						0.20867108	0.27059552	0.06192443999999997	True	gene_within_directional_target_embryo	True
gene_trajectory_comparison	A	E1	E2	full			efnb2b																						0.38349023	0.5659095000000001	0.18241927000000008	True	gene_within_directional_target_embryo	True
gene_trajectory_comparison	A	E1	E2	full			egln1b																						0.148195	0.18534479999999998	0.03714979999999998	True	gene_within_directional_target_embryo	True
gene_trajectory_comparison	A	E1	E2	full			eif3ea																						0.29006279999999995	0.28882729999999995	-0.0012355000000000005	False	gene_within_directional_target_embryo	True
gene_trajectory_comparison	A	E1	E2	full			elavl3																						0.057721935	0.060281765	0.002559829999999999	True	gene_within_directional_target_embryo	True
gene_trajectory_comparison	A	E1	E2	full			elf1																						-0.060604702999999996	0.25108376	0.31168846299999997	True	gene_within_directional_target_embryo	True
gene_trajectory_comparison	A	E1	E2	full			elob																						0.12365768	0.16354652	0.039888839999999995	True	gene_within_directional_target_embryo	True
gene_trajectory_comparison	A	E1	E2	full			emid1																						0.07495267	0.20563315	0.13068048	True	gene_within_directional_target_embryo	True
gene_trajectory_comparison	A	E1	E2	full			emx2																						0.14373027	0.17225046	0.02852019	True	gene_within_directional_target_embryo	True
gene_trajectory_comparison	A	E1	E2	full			emx3																						0.19200651	0.16685034	-0.025156169999999978	False	gene_within_directional_target_embryo	True
gene_trajectory_comparison	A	E1	E2	full			epcam																						0.10380615	0.082119055	-0.021687095000000003	False	gene_within_directional_target_embryo	True
gene_trajectory_comparison	A	E1	E2	full			epha2a																						0.39844188	0.6046069000000001	0.20616502000000003	True	gene_within_directional_target_embryo	True
gene_trajectory_comparison	A	E1	E2	full			ephb3a																						0.48407259999999996	0.60353106	0.11945846000000004	True	gene_within_directional_target_embryo	True
gene_trajectory_comparison	A	E1	E2	full			eppk1																						0.17943634	0.2267356	0.04729926000000001	True	gene_within_directional_target_embryo	True
gene_trajectory_comparison	A	E1	E2	full			erf																						0.122197285	0.48393947	0.361742185	True	gene_within_directional_target_embryo	True
gene_trajectory_comparison	A	E1	E2	full			esrra																						0.13450561	0.34680304	0.21229743	True	gene_within_directional_target_embryo	True
gene_trajectory_comparison	A	E1	E2	full			ets2																						0.16456556	0.18579558	0.02123001999999999	True	gene_within_directional_target_embryo	True
gene_trajectory_comparison	A	E1	E2	full			etv2																						0.018360274	0.0	-0.018360274	False	gene_within_directional_target_embryo	True
gene_trajectory_comparison	A	E1	E2	full			etv4																						0.42414352	0.5020063	0.07786278000000002	True	gene_within_directional_target_embryo	True
gene_trajectory_comparison	A	E1	E2	full			etv5a																						0.16395953	0.11706169	-0.046897839999999996	False	gene_within_directional_target_embryo	True
gene_trajectory_comparison	A	E1	E2	full			etv5b																						0.35484442	0.3314442	-0.02340021999999997	False	gene_within_directional_target_embryo	True
gene_trajectory_comparison	A	E1	E2	full			eve1																						-0.040932234	0.8228040999999999	0.8637363339999999	True	gene_within_directional_target_embryo	True
gene_trajectory_comparison	A	E1	E2	full			f11r.1																						0.0	-0.0030073115999999997	-0.0030073115999999997	False	gene_within_directional_target_embryo	True
gene_trajectory_comparison	A	E1	E2	full			fbln2																						0.23262800000000003	0.24740107	0.014773069999999972	True	gene_within_directional_target_embryo	True
gene_trajectory_comparison	A	E1	E2	full			fezf2																						0.0017892282999999998	0.29195616	0.2901669317	True	gene_within_directional_target_embryo	True
gene_trajectory_comparison	A	E1	E2	full			fgf8a																						0.34309359999999994	0.47406190000000004	0.1309683000000001	True	gene_within_directional_target_embryo	True
gene_trajectory_comparison	A	E1	E2	full			flrt3																						0.006730139	0.30645692	0.299726781	True	gene_within_directional_target_embryo	True
gene_trajectory_comparison	A	E1	E2	full			fn1a																						0.048171077	0.3031842	0.255013123	True	gene_within_directional_target_embryo	True
gene_trajectory_comparison	A	E1	E2	full			fn1b																						0.33437473	0.56108236	0.22670763	True	gene_within_directional_target_embryo	True
gene_trajectory_comparison	A	E1	E2	full			fnbp1l																						-0.051045638	-0.03862596	0.012419677999999996	True	gene_within_directional_target_embryo	True
gene_trajectory_comparison	A	E1	E2	full			fosab																						0.17456986	0.15872799	-0.01584186999999998	False	gene_within_directional_target_embryo	True
gene_trajectory_comparison	A	E1	E2	full			foxa																						0.23928769	0.32980418	0.09051649	True	gene_within_directional_target_embryo	True
gene_trajectory_comparison	A	E1	E2	full			foxa2																						0.22828329	0.26995486	0.04167157000000002	True	gene_within_directional_target_embryo	True
gene_trajectory_comparison	A	E1	E2	full			foxa3																						0.380198	0.51707333	0.13687533000000002	True	gene_within_directional_target_embryo	True
gene_trajectory_comparison	A	E1	E2	full			foxb1a																						-0.35504347	0.35522994	0.7102734100000001	True	gene_within_directional_target_embryo	True
gene_trajectory_comparison	A	E1	E2	full			foxb1b																						0.07694538	0.40396038	0.327015	True	gene_within_directional_target_embryo	True
gene_trajectory_comparison	A	E1	E2	full			foxc1a																						0.36475065	0.3901652	0.02541454999999998	True	gene_within_directional_target_embryo	True
gene_trajectory_comparison	A	E1	E2	full			foxc1b																						0.19590238	0.28814757	0.09224519000000003	True	gene_within_directional_target_embryo	True
gene_trajectory_comparison	A	E1	E2	full			foxd3																						0.07777391	0.50510633	0.42733242000000005	True	gene_within_directional_target_embryo	True
gene_trajectory_comparison	A	E1	E2	full			foxd5																						0.08635521	0.29988056	0.21352535	True	gene_within_directional_target_embryo	True
gene_trajectory_comparison	A	E1	E2	full			foxg1a																						0.10637671	0.16712904	0.06075233000000001	True	gene_within_directional_target_embryo	True
gene_trajectory_comparison	A	E1	E2	full			foxh1																						0.29721284	0.6217729000000001	0.3245600600000001	True	gene_within_directional_target_embryo	True
gene_trajectory_comparison	A	E1	E2	full			foxi1																						0.031660613	0.46527797	0.433617357	True	gene_within_directional_target_embryo	True
gene_trajectory_comparison	A	E1	E2	full			foxn2b																						-0.11887118	0.5562223000000001	0.67509348	True	gene_within_directional_target_embryo	True
gene_trajectory_comparison	A	E1	E2	full			foxo1a																						0.04396551	0.036892217000000005	-0.007073292999999994	False	gene_within_directional_target_embryo	True
gene_trajectory_comparison	A	E1	E2	full			foxp1b																						0.025258526	0.095767274	0.070508748	True	gene_within_directional_target_embryo	True
gene_trajectory_comparison	A	E1	E2	full			foxp2																						0.04993028	0.071201205	0.021270925000000003	True	gene_within_directional_target_embryo	True
gene_trajectory_comparison	A	E1	E2	full			frmd4ba																						0.043719694	0.10285135	0.05913165599999999	True	gene_within_directional_target_embryo	True
gene_trajectory_comparison	A	E1	E2	full			fscn1a																						0.124030344	0.61486834	0.490837996	True	gene_within_directional_target_embryo	True
gene_trajectory_comparison	A	E1	E2	full			fzd7a																						0.10638599	0.5702571	0.46387111	True	gene_within_directional_target_embryo	True
gene_trajectory_comparison	A	E1	E2	full			fzd7b																						-0.17069964	0.14192174	0.31262138	True	gene_within_directional_target_embryo	True
gene_trajectory_comparison	A	E1	E2	full			fzd8a																						-0.07037117	0.444983	0.5153541700000001	True	gene_within_directional_target_embryo	True
gene_trajectory_comparison	A	E1	E2	full			gadd45gip1																						0.12813836	0.11359303400000001	-0.014545325999999997	False	gene_within_directional_target_embryo	True
gene_trajectory_comparison	A	E1	E2	full			gapdh																						0.20443659	0.13039795	-0.07403863999999999	False	gene_within_directional_target_embryo	True
gene_trajectory_comparison	A	E1	E2	full			gata2a																						-0.12418926	0.38115707	0.50534633	True	gene_within_directional_target_embryo	True
gene_trajectory_comparison	A	E1	E2	full			gata3																						0.027867934	0.0603952	0.032527266	True	gene_within_directional_target_embryo	True
gene_trajectory_comparison	A	E1	E2	full			gata6																						0.08743067	0.17942889	0.09199822	True	gene_within_directional_target_embryo	True
gene_trajectory_comparison	A	E1	E2	full			gbx1																						0.24070033	0.29587874	0.05517840999999998	True	gene_within_directional_target_embryo	True
gene_trajectory_comparison	A	E1	E2	full			gcm2																						0.06861886	0.0	-0.06861886	False	gene_within_directional_target_embryo	True
gene_trajectory_comparison	A	E1	E2	full			gfi1aa																						0.05336696	0.09940112400000001	0.04603416400000001	True	gene_within_directional_target_embryo	True
gene_trajectory_comparison	A	E1	E2	full			gli1																						-0.21574256	0.011128401000000001	0.226870961	True	gene_within_directional_target_embryo	True
gene_trajectory_comparison	A	E1	E2	full			gmnn																						0.093019456	0.12369448	0.030675023999999995	True	gene_within_directional_target_embryo	True
gene_trajectory_comparison	A	E1	E2	full			gpr137bb																						-0.015238483999999998	0.14882098	0.164059464	True	gene_within_directional_target_embryo	True
gene_trajectory_comparison	A	E1	E2	full			grhl1																						0.26746586	0.35149455	0.08402869000000002	True	gene_within_directional_target_embryo	True
gene_trajectory_comparison	A	E1	E2	full			grhl2b																						0.021736959	0.09249727	0.070760311	True	gene_within_directional_target_embryo	True
gene_trajectory_comparison	A	E1	E2	full			gsc																						0.062042825	0.19556601	0.13352318500000002	True	gene_within_directional_target_embryo	True
gene_trajectory_comparison	A	E1	E2	full			h1-0																						0.027891854	0.054845872999999996	0.026954018999999996	True	gene_within_directional_target_embryo	True
gene_trajectory_comparison	A	E1	E2	full			hdlbpa																						0.17973338	0.2772835	0.09755012000000002	True	gene_within_directional_target_embryo	True
gene_trajectory_comparison	A	E1	E2	full			helb																						0.45914572	0.6110993	0.15195358000000003	True	gene_within_directional_target_embryo	True
gene_trajectory_comparison	A	E1	E2	full			hells																						0.19959818	0.22108833	0.021490150000000013	True	gene_within_directional_target_embryo	True
gene_trajectory_comparison	A	E1	E2	full			her1																						0.05613705	0.52184397	0.46570692	True	gene_within_directional_target_embryo	True
gene_trajectory_comparison	A	E1	E2	full			her11																						0.15242237	0.20925504	0.05683267	True	gene_within_directional_target_embryo	True
gene_trajectory_comparison	A	E1	E2	full			her12																						0.11988896	0.17090327	0.05101430999999999	True	gene_within_directional_target_embryo	True
gene_trajectory_comparison	A	E1	E2	full			her2																						0.16206406	0.16779403	0.005729970000000001	True	gene_within_directional_target_embryo	True
gene_trajectory_comparison	A	E1	E2	full			her3																						-0.104585476	0.14612415	0.250709626	True	gene_within_directional_target_embryo	True
gene_trajectory_comparison	A	E1	E2	full			her5																						-0.060019083	0.08204525	0.142064333	True	gene_within_directional_target_embryo	True
gene_trajectory_comparison	A	E1	E2	full			her6																						0.0005540897	-0.033227354	-0.033781443700000004	False	gene_within_directional_target_embryo	True
gene_trajectory_comparison	A	E1	E2	full			her7																						0.054338305999999996	0.51345927	0.459120964	True	gene_within_directional_target_embryo	True
gene_trajectory_comparison	A	E1	E2	full			her8a																						-0.19996959	0.5549571	0.75492669	True	gene_within_directional_target_embryo	True
gene_trajectory_comparison	A	E1	E2	full			her9																						0.34011933	0.34107605	0.000956720000000022	True	gene_within_directional_target_embryo	True
gene_trajectory_comparison	A	E1	E2	full			hes6																						0.060229595999999996	0.060959868	0.000730272000000004	True	gene_within_directional_target_embryo	True
gene_trajectory_comparison	A	E1	E2	full			hesx1																						0.1263726	0.19691832	0.07054572	True	gene_within_directional_target_embryo	True
gene_trajectory_comparison	A	E1	E2	full			hic1l																						0.11869433	0.0682178	-0.050476530000000006	False	gene_within_directional_target_embryo	True
gene_trajectory_comparison	A	E1	E2	full			higd1a																						0.05289837	0.07373676400000001	0.02083839400000001	True	gene_within_directional_target_embryo	True
gene_trajectory_comparison	A	E1	E2	full			hivep2a																						0.0	0.10721264	0.10721264	True	gene_within_directional_target_embryo	True
gene_trajectory_comparison	A	E1	E2	full			hoxb1b																						0.1436691	0.20085412	0.05718502	True	gene_within_directional_target_embryo	True
gene_trajectory_comparison	A	E1	E2	full			hoxb7a																						-0.03214452	0.070134364	0.10227888400000001	True	gene_within_directional_target_embryo	True
gene_trajectory_comparison	A	E1	E2	full			hoxb8a																						0.010832311	0.18580626	0.174973949	True	gene_within_directional_target_embryo	True
gene_trajectory_comparison	A	E1	E2	full			hoxb9a																						0.1396486	0.14737521	0.007726609999999995	True	gene_within_directional_target_embryo	True
gene_trajectory_comparison	A	E1	E2	full			hoxc3a																						0.20475031	0.21777873	0.013028420000000013	True	gene_within_directional_target_embryo	True
gene_trajectory_comparison	A	E1	E2	full			hoxc6a																						0.23306763	0.30295417	0.06988654000000002	True	gene_within_directional_target_embryo	True
gene_trajectory_comparison	A	E1	E2	full			hoxc8a																						0.03644585	0.09915639	0.06271054	True	gene_within_directional_target_embryo	True
gene_trajectory_comparison	A	E1	E2	full			hsp90aa1.2																						0.07740127	0.10916143	0.03176016000000001	True	gene_within_directional_target_embryo	True
gene_trajectory_comparison	A	E1	E2	full			id3																						-0.08890323	0.47667575	0.56557898	True	gene_within_directional_target_embryo	True
gene_trajectory_comparison	A	E1	E2	full			igf2bp1																						0.34446709999999997	0.46501306	0.12054596000000001	True	gene_within_directional_target_embryo	True
gene_trajectory_comparison	A	E1	E2	full			igfbp1a																						0.0	0.0	0.0	False	gene_within_directional_target_embryo	True
gene_trajectory_comparison	A	E1	E2	full			irf2a																						0.19959883	0.16989714	-0.029701690000000003	False	gene_within_directional_target_embryo	True
gene_trajectory_comparison	A	E1	E2	full			irx1b																						-0.14628470000000002	0.25445189999999995	0.4007366	True	gene_within_directional_target_embryo	True
gene_trajectory_comparison	A	E1	E2	full			irx3a																						0.10231106	0.11441022	0.012099160000000012	True	gene_within_directional_target_embryo	True
gene_trajectory_comparison	A	E1	E2	full			irx5a																						0.1323093	0.19076447	0.05845517	True	gene_within_directional_target_embryo	True
gene_trajectory_comparison	A	E1	E2	full			irx7																						-0.09721276	0.56605756	0.66327032	True	gene_within_directional_target_embryo	True
gene_trajectory_comparison	A	E1	E2	full			ism1																						0.22473510000000002	0.31732613	0.09259102999999996	True	gene_within_directional_target_embryo	True
gene_trajectory_comparison	A	E1	E2	full			itga6a																						0.12243285	0.06449378	-0.057939069999999995	False	gene_within_directional_target_embryo	True
gene_trajectory_comparison	A	E1	E2	full			itgb5																						0.32657909999999996	0.6185221	0.291943	True	gene_within_directional_target_embryo	True
gene_trajectory_comparison	A	E1	E2	full			itm2cb																						-0.032358445	0.15128194	0.18364038500000002	True	gene_within_directional_target_embryo	True
gene_trajectory_comparison	A	E1	E2	full			jcada																						0.13969597	0.31029090000000004	0.17059493000000003	True	gene_within_directional_target_embryo	True
gene_trajectory_comparison	A	E1	E2	full			kank1a																						0.17208321	0.23422208	0.06213887000000001	True	gene_within_directional_target_embryo	True
gene_trajectory_comparison	A	E1	E2	full			kazald2																						0.32987434	0.40597059999999996	0.07609625999999997	True	gene_within_directional_target_embryo	True
gene_trajectory_comparison	A	E1	E2	full			kdrl																						0.20574178	0.10223103	-0.10351075000000001	False	gene_within_directional_target_embryo	True
gene_trajectory_comparison	A	E1	E2	full			kif15																						-0.025074141	0.19862415	0.223698291	True	gene_within_directional_target_embryo	True
gene_trajectory_comparison	A	E1	E2	full			kirrel3l																						0.357731	0.5292695	0.17153849999999993	True	gene_within_directional_target_embryo	True
gene_trajectory_comparison	A	E1	E2	full			klf17																						0.10281215	0.11127641	0.008464260000000001	True	gene_within_directional_target_embryo	True
gene_trajectory_comparison	A	E1	E2	full			klf2a																						0.13108979999999998	0.5583185	0.4272287000000001	True	gene_within_directional_target_embryo	True
gene_trajectory_comparison	A	E1	E2	full			klf2b																						-0.016787313	0.54841506	0.565202373	True	gene_within_directional_target_embryo	True
gene_trajectory_comparison	A	E1	E2	full			klf3																						-0.18685122	0.01527922	0.20213044000000002	True	gene_within_directional_target_embryo	True
gene_trajectory_comparison	A	E1	E2	full			klf7a																						0.07869441	0.054005455	-0.024688955000000005	False	gene_within_directional_target_embryo	True
gene_trajectory_comparison	A	E1	E2	full			klf8																						0.3936289	0.4680137	0.07438479999999997	True	gene_within_directional_target_embryo	True
gene_trajectory_comparison	A	E1	E2	full			kmt2bb																						0.09375308	0.13070747	0.03695438999999999	True	gene_within_directional_target_embryo	True
gene_trajectory_comparison	A	E1	E2	full			kmt5aa																						0.00566838	0.106811605	0.101143225	True	gene_within_directional_target_embryo	True
gene_trajectory_comparison	A	E1	E2	full			krt4																						0.29327470000000005	0.47731724	0.18404253999999992	True	gene_within_directional_target_embryo	True
gene_trajectory_comparison	A	E1	E2	full			krt8																						0.15484639	0.33772832	0.18288193000000003	True	gene_within_directional_target_embryo	True
gene_trajectory_comparison	A	E1	E2	full			krt99																						0.23867527	0.23606996	-0.0026053099999999996	False	gene_within_directional_target_embryo	True
gene_trajectory_comparison	A	E1	E2	full			lamb1a																						-0.34821028	-0.0122626275	0.33594765249999997	True	gene_within_directional_target_embryo	True
gene_trajectory_comparison	A	E1	E2	full			lamc1																						0.25582802	0.37326443	0.11743640999999999	True	gene_within_directional_target_embryo	True
gene_trajectory_comparison	A	E1	E2	full			lamp2																						0.16021502	0.14703539	-0.013179630000000025	False	gene_within_directional_target_embryo	True
gene_trajectory_comparison	A	E1	E2	full			lbx2																						0.28148827	0.23135881	-0.05012945999999999	False	gene_within_directional_target_embryo	True
gene_trajectory_comparison	A	E1	E2	full			lef1																						-0.22802658	0.20768748	0.43571406	True	gene_within_directional_target_embryo	True
gene_trajectory_comparison	A	E1	E2	full			lft1																						0.25480664	0.51464754	0.25984090000000004	True	gene_within_directional_target_embryo	True
gene_trajectory_comparison	A	E1	E2	full			lft2																						0.47040385	0.43063584	-0.03976801000000002	False	gene_within_directional_target_embryo	True
gene_trajectory_comparison	A	E1	E2	full			lgals3b																						0.13908882	0.17761308	0.038524260000000005	True	gene_within_directional_target_embryo	True
gene_trajectory_comparison	A	E1	E2	full			lhfpl6																						0.012310312	0.19047156	0.17816124800000002	True	gene_within_directional_target_embryo	True
gene_trajectory_comparison	A	E1	E2	full			lhx1a																						0.46859053	0.5422996	0.07370906999999999	True	gene_within_directional_target_embryo	True
gene_trajectory_comparison	A	E1	E2	full			lhx5																						0.12632522	0.5096315	0.38330628	True	gene_within_directional_target_embryo	True
gene_trajectory_comparison	A	E1	E2	full			lima1a																						-0.28101793	0.66396403	0.94498196	True	gene_within_directional_target_embryo	True
gene_trajectory_comparison	A	E1	E2	full			lmnb1																						0.10137574	0.12867112	0.027295379999999994	True	gene_within_directional_target_embryo	True
gene_trajectory_comparison	A	E1	E2	full			lmo2																						0.13235	0.13877864	0.006428640000000013	True	gene_within_directional_target_embryo	True
gene_trajectory_comparison	A	E1	E2	full			lmo4a																						0.337455	0.56457895	0.22712395000000002	True	gene_within_directional_target_embryo	True
gene_trajectory_comparison	A	E1	E2	full			lratb.1																						0.042757638	0.22848696	0.18572932199999997	True	gene_within_directional_target_embryo	True
gene_trajectory_comparison	A	E1	E2	full			lratd1																						0.055981625	0.19595854	0.13997691499999998	True	gene_within_directional_target_embryo	True
gene_trajectory_comparison	A	E1	E2	full			mab21l2																						0.13056396	0.14518552	0.014621560000000006	True	gene_within_directional_target_embryo	True
gene_trajectory_comparison	A	E1	E2	full			mad1l1																						0.07969732	0.15912873	0.07943141	True	gene_within_directional_target_embryo	True
gene_trajectory_comparison	A	E1	E2	full			map1lc3b																						-0.13928331	0.085007414	0.224290724	True	gene_within_directional_target_embryo	True
gene_trajectory_comparison	A	E1	E2	full			map2k6																						0.19879813	0.20836864	0.009570510000000004	True	gene_within_directional_target_embryo	True
gene_trajectory_comparison	A	E1	E2	full			mcama																						-0.030569594	0.008851501999999999	0.039421095999999996	True	gene_within_directional_target_embryo	True
gene_trajectory_comparison	A	E1	E2	full			mcm2																						0.029017845	0.102788456	0.073770611	True	gene_within_directional_target_embryo	True
gene_trajectory_comparison	A	E1	E2	full			mcm3																						0.041809335	0.22883701	0.187027675	True	gene_within_directional_target_embryo	True
gene_trajectory_comparison	A	E1	E2	full			mcm4																						0.22291079	0.28671667	0.06380588000000001	True	gene_within_directional_target_embryo	True
gene_trajectory_comparison	A	E1	E2	full			mcm5																						0.17951699	0.20377459	0.024257600000000018	True	gene_within_directional_target_embryo	True
gene_trajectory_comparison	A	E1	E2	full			mcm7																						0.3339822	0.43934414	0.10536193999999999	True	gene_within_directional_target_embryo	True
gene_trajectory_comparison	A	E1	E2	full			mef2d																						0.044718105	0.14219008	0.09747197499999999	True	gene_within_directional_target_embryo	True
gene_trajectory_comparison	A	E1	E2	full			meis1b																						0.47239453	0.48320726	0.010812730000000048	True	gene_within_directional_target_embryo	True
gene_trajectory_comparison	A	E1	E2	full			meis2a																						0.063612975	-0.028830461	-0.092443436	False	gene_within_directional_target_embryo	True
gene_trajectory_comparison	A	E1	E2	full			meis3																						0.16945912	0.32568455	0.15622543000000003	True	gene_within_directional_target_embryo	True
gene_trajectory_comparison	A	E1	E2	full			meox1																						0.05788615	0.15699156	0.09910541	True	gene_within_directional_target_embryo	True
gene_trajectory_comparison	A	E1	E2	full			mespaa																						-0.117473714	0.028332382000000003	0.145806096	True	gene_within_directional_target_embryo	True
gene_trajectory_comparison	A	E1	E2	full			mespab																						0.29116696	0.5548248	0.26365784000000003	True	gene_within_directional_target_embryo	True
gene_trajectory_comparison	A	E1	E2	full			mgst3b																						0.11505445	0.22495472	0.10990027	True	gene_within_directional_target_embryo	True
gene_trajectory_comparison	A	E1	E2	full			mibp2																						0.0	0.1461999	0.1461999	True	gene_within_directional_target_embryo	True
gene_trajectory_comparison	A	E1	E2	full			mixl1																						0.5214822	0.48926702	-0.03221518000000001	False	gene_within_directional_target_embryo	True
gene_trajectory_comparison	A	E1	E2	full			mki67																						0.28277559999999996	0.31053108	0.027755480000000055	True	gene_within_directional_target_embryo	True
gene_trajectory_comparison	A	E1	E2	full			mns1																						0.2006147	0.14975296	-0.050861740000000016	False	gene_within_directional_target_embryo	True
gene_trajectory_comparison	A	E1	E2	full			msgn1																						0.5203468	0.72195804	0.20161123999999997	True	gene_within_directional_target_embryo	True
gene_trajectory_comparison	A	E1	E2	full			msx1b																						0.09795835	0.56059176	0.46263341	True	gene_within_directional_target_embryo	True
gene_trajectory_comparison	A	E1	E2	full			msx3																						-0.2544648	0.39354894	0.64801374	True	gene_within_directional_target_embryo	True
gene_trajectory_comparison	A	E1	E2	full			mycb																						0.0	0.030728243	0.030728243	True	gene_within_directional_target_embryo	True
gene_trajectory_comparison	A	E1	E2	full			mych																						0.5131193000000001	0.48596949999999994	-0.027149800000000113	False	gene_within_directional_target_embryo	True
gene_trajectory_comparison	A	E1	E2	full			mycla																						0.07533901	0.22097538	0.14563637000000001	True	gene_within_directional_target_embryo	True
gene_trajectory_comparison	A	E1	E2	full			myclb																						0.33308459999999995	0.48902503	0.15594043000000007	True	gene_within_directional_target_embryo	True
gene_trajectory_comparison	A	E1	E2	full			mycn																						-0.12941764	0.09412659	0.22354423	True	gene_within_directional_target_embryo	True
gene_trajectory_comparison	A	E1	E2	full			myf5																						0.17970999	0.25557542	0.07586543000000001	True	gene_within_directional_target_embryo	True
gene_trajectory_comparison	A	E1	E2	full			myod1																						0.14483213	0.12825476	-0.016577370000000008	False	gene_within_directional_target_embryo	True
gene_trajectory_comparison	A	E1	E2	full			nanog																						0.09508530000000001	0.3577857	0.26270039999999995	True	gene_within_directional_target_embryo	True
gene_trajectory_comparison	A	E1	E2	full			nanos3																						0.10526671	0.05670923	-0.04855748	False	gene_within_directional_target_embryo	True
gene_trajectory_comparison	A	E1	E2	full			nap1l1																						0.22371775	0.21757765	-0.006140099999999982	False	gene_within_directional_target_embryo	True
gene_trajectory_comparison	A	E1	E2	full			nasp																						0.0	0.0004430247	0.0004430247	True	gene_within_directional_target_embryo	True
gene_trajectory_comparison	A	E1	E2	full			ncapd2																						0.034233343	0.11652851	0.082295167	True	gene_within_directional_target_embryo	True
gene_trajectory_comparison	A	E1	E2	full			nckap5l																						0.2018427	0.1879277	-0.01391500000000001	False	gene_within_directional_target_embryo	True
gene_trajectory_comparison	A	E1	E2	full			ndr1																						0.5498776999999999	0.547639	-0.002238699999999927	False	gene_within_directional_target_embryo	True
gene_trajectory_comparison	A	E1	E2	full			ndr2																						0.4154165	0.45705286	0.04163635999999998	True	gene_within_directional_target_embryo	True
gene_trajectory_comparison	A	E1	E2	full			ndufv3																						0.0115293	0.07951044	0.06798114	True	gene_within_directional_target_embryo	True
gene_trajectory_comparison	A	E1	E2	full			nid2a																						0.13244419	0.39164138	0.25919718999999997	True	gene_within_directional_target_embryo	True
gene_trajectory_comparison	A	E1	E2	full			nip7																						0.036487207	0.16372593	0.127238723	True	gene_within_directional_target_embryo	True
gene_trajectory_comparison	A	E1	E2	full			nkx1.2la																						-0.007245875	-0.025064291000000002	-0.017818416000000004	False	gene_within_directional_target_embryo	True
gene_trajectory_comparison	A	E1	E2	full			nkx2.2a																						0.08550492	-0.03520119	-0.12070611	False	gene_within_directional_target_embryo	True
gene_trajectory_comparison	A	E1	E2	full			nkx2.5																						0.13491029999999998	0.097661085	-0.03724921499999999	False	gene_within_directional_target_embryo	True
gene_trajectory_comparison	A	E1	E2	full			nog1																						0.00817587	0.18863295	0.18045708	True	gene_within_directional_target_embryo	True
gene_trajectory_comparison	A	E1	E2	full			nop58																						0.050078575	0.0651183	0.015039725000000004	True	gene_within_directional_target_embryo	True
gene_trajectory_comparison	A	E1	E2	full			notch1a																						-0.0052320915	0.19242135	0.1976534415	True	gene_within_directional_target_embryo	True
gene_trajectory_comparison	A	E1	E2	full			noto																						0.5671199	0.55723673	-0.009883170000000052	False	gene_within_directional_target_embryo	True
gene_trajectory_comparison	A	E1	E2	full			nr2f2																						0.05076486	0.0752525	0.024487639999999998	True	gene_within_directional_target_embryo	True
gene_trajectory_comparison	A	E1	E2	full			nr6a1a																						0.15428697	0.18023986	0.025952890000000006	True	gene_within_directional_target_embryo	True
gene_trajectory_comparison	A	E1	E2	full			nrarpa																						0.43804726	0.60458213	0.16653487000000006	True	gene_within_directional_target_embryo	True
gene_trajectory_comparison	A	E1	E2	full			nsd2																						-0.27173147	0.32099056	0.59272203	True	gene_within_directional_target_embryo	True
gene_trajectory_comparison	A	E1	E2	full			ntd5																						0.26613656	0.2595923	-0.006544260000000024	False	gene_within_directional_target_embryo	True
gene_trajectory_comparison	A	E1	E2	full			oclna																						0.12025514	0.15986570000000003	0.03961056000000003	True	gene_within_directional_target_embryo	True
gene_trajectory_comparison	A	E1	E2	full			olig4																						0.010193563000000001	0.12894069	0.118747127	True	gene_within_directional_target_embryo	True
gene_trajectory_comparison	A	E1	E2	full			osr1																						0.0	0.21433239	0.21433239	True	gene_within_directional_target_embryo	True
gene_trajectory_comparison	A	E1	E2	full			otx1																						-0.15347196	0.12927622	0.28274818	True	gene_within_directional_target_embryo	True
gene_trajectory_comparison	A	E1	E2	full			otx2a																						0.083468266	0.43024987	0.34678160399999997	True	gene_within_directional_target_embryo	True
gene_trajectory_comparison	A	E1	E2	full			otx2b																						-0.008567691	0.36013544	0.36870313099999996	True	gene_within_directional_target_embryo	True
gene_trajectory_comparison	A	E1	E2	full			pax2a																						-0.0046577724	0.07661272	0.08127049239999999	True	gene_within_directional_target_embryo	True
gene_trajectory_comparison	A	E1	E2	full			pax3a																						-0.010737996000000001	0.22794633	0.238684326	True	gene_within_directional_target_embryo	True
gene_trajectory_comparison	A	E1	E2	full			pax6a																						0.0	0.04874446599999999	0.04874446599999999	True	gene_within_directional_target_embryo	True
gene_trajectory_comparison	A	E1	E2	full			pax6b																						0.15199348	0.0	-0.15199348	False	gene_within_directional_target_embryo	True
gene_trajectory_comparison	A	E1	E2	full			pbx1b																						-0.011721587	0.085769266	0.097490853	True	gene_within_directional_target_embryo	True
gene_trajectory_comparison	A	E1	E2	full			pbx4																						0.025918046	0.5458628000000001	0.5199447540000001	True	gene_within_directional_target_embryo	True
gene_trajectory_comparison	A	E1	E2	full			pcdh10b																						0.55292225	0.6281920999999999	0.07526984999999997	True	gene_within_directional_target_embryo	True
gene_trajectory_comparison	A	E1	E2	full			pcdh7b																						0.013113421	0.0503876	0.037274179	True	gene_within_directional_target_embryo	True
gene_trajectory_comparison	A	E1	E2	full			PCDH8																						-0.019352306	0.18783991	0.20719221599999998	True	gene_within_directional_target_embryo	True
gene_trajectory_comparison	A	E1	E2	full			pcdh8																						0.25130513	0.40760922	0.15630409	True	gene_within_directional_target_embryo	True
gene_trajectory_comparison	A	E1	E2	full			pdap1a																						0.11431204	0.18264489999999997	0.06833285999999997	True	gene_within_directional_target_embryo	True
gene_trajectory_comparison	A	E1	E2	full			perp																						0.2024196	0.28308967	0.08067007000000001	True	gene_within_directional_target_embryo	True
gene_trajectory_comparison	A	E1	E2	full			pfn2																						0.14467342	0.23920658	0.09453316	True	gene_within_directional_target_embryo	True
gene_trajectory_comparison	A	E1	E2	full			pitx2																						0.16793232	0.18853252	0.020600200000000013	True	gene_within_directional_target_embryo	True
gene_trajectory_comparison	A	E1	E2	full			pknox1.1																						-0.1705132	0.29334873	0.46386193	True	gene_within_directional_target_embryo	True
gene_trajectory_comparison	A	E1	E2	full			plagl2																						0.14301588	0.12592787	-0.017088010000000015	False	gene_within_directional_target_embryo	True
gene_trajectory_comparison	A	E1	E2	full			plekhg5b																						0.07802342599999999	0.3911219	0.313098474	True	gene_within_directional_target_embryo	True
gene_trajectory_comparison	A	E1	E2	full			pmp22b																						0.15077704	0.19639032	0.045613280000000006	True	gene_within_directional_target_embryo	True
gene_trajectory_comparison	A	E1	E2	full			pold3																						0.14332885	0.1465734	0.003244549999999985	True	gene_within_directional_target_embryo	True
gene_trajectory_comparison	A	E1	E2	full			ppan																						0.04354347	0.052403322999999995	0.008859852999999994	True	gene_within_directional_target_embryo	True
gene_trajectory_comparison	A	E1	E2	full			prickle1b																						0.00028956457	0.35958257	0.35929300543	True	gene_within_directional_target_embryo	True
gene_trajectory_comparison	A	E1	E2	full			prmt1																						0.16380882	0.25451803	0.09070921000000001	True	gene_within_directional_target_embryo	True
gene_trajectory_comparison	A	E1	E2	full			prox1a																						0.1013062	0.11432089	0.013014689999999995	True	gene_within_directional_target_embryo	True
gene_trajectory_comparison	A	E1	E2	full			ptp4a2b																						0.16863975	0.07169177	-0.09694798	False	gene_within_directional_target_embryo	True
gene_trajectory_comparison	A	E1	E2	full			pttg1																						-0.11101053	0.022989316	0.133999846	True	gene_within_directional_target_embryo	True
gene_trajectory_comparison	A	E1	E2	full			rab11fip4a																						-0.066372395	0.09499495	0.161367345	True	gene_within_directional_target_embryo	True
gene_trajectory_comparison	A	E1	E2	full			rac1a																						0.32952163	0.3260427	-0.003478929999999991	False	gene_within_directional_target_embryo	True
gene_trajectory_comparison	A	E1	E2	full			raraa																						-0.10634711	0.06569267	0.17203977999999998	True	gene_within_directional_target_embryo	True
gene_trajectory_comparison	A	E1	E2	full			rasgef1ba																						0.37715334	0.40538645	0.028233110000000006	True	gene_within_directional_target_embryo	True
gene_trajectory_comparison	A	E1	E2	full			rasl11b																						0.07844751	0.3590094	0.28056189	True	gene_within_directional_target_embryo	True
gene_trajectory_comparison	A	E1	E2	full			rbbp4																						0.12611496	0.21216631	0.08605135	True	gene_within_directional_target_embryo	True
gene_trajectory_comparison	A	E1	E2	full			rbm4.3																						-0.17408453	-0.23567162	-0.06158709000000001	False	gene_within_directional_target_embryo	True
gene_trajectory_comparison	A	E1	E2	full			rbm7																						0.09737667400000001	0.13768740000000002	0.040310726000000005	True	gene_within_directional_target_embryo	True
gene_trajectory_comparison	A	E1	E2	full			rbmx																						0.14138602	0.18113579999999999	0.039749779999999985	True	gene_within_directional_target_embryo	True
gene_trajectory_comparison	A	E1	E2	full			rcc1																						0.11013951	0.3378193	0.22767979	True	gene_within_directional_target_embryo	True
gene_trajectory_comparison	A	E1	E2	full			rdh10b																						0.039421465	0.041891314	0.002469848999999996	True	gene_within_directional_target_embryo	True
gene_trajectory_comparison	A	E1	E2	full			rfx2																						-0.032087977999999996	0.24684654	0.278934518	True	gene_within_directional_target_embryo	True
gene_trajectory_comparison	A	E1	E2	full			rhov																						-0.013962133	0.11953485	0.13349698299999999	True	gene_within_directional_target_embryo	True
gene_trajectory_comparison	A	E1	E2	full			ripply1																						0.06244544	0.12318427	0.06073883	True	gene_within_directional_target_embryo	True
gene_trajectory_comparison	A	E1	E2	full			rnd1b																						0.023769383999999998	0.44631409999999994	0.42254471599999993	True	gene_within_directional_target_embryo	True
gene_trajectory_comparison	A	E1	E2	full			rpl10																						0.0	0.0	0.0	False	gene_within_directional_target_embryo	True
gene_trajectory_comparison	A	E1	E2	full			rpl19																						0.18979195	0.10139164	-0.08840030999999998	False	gene_within_directional_target_embryo	True
gene_trajectory_comparison	A	E1	E2	full			rpl31																						0.14640993	0.065180875	-0.081229055	False	gene_within_directional_target_embryo	True
gene_trajectory_comparison	A	E1	E2	full			rpl34																						-0.010920348	0.08624109	0.097161438	True	gene_within_directional_target_embryo	True
gene_trajectory_comparison	A	E1	E2	full			rpl38																						0.0029690783	0.055276074	0.052306995700000004	True	gene_within_directional_target_embryo	True
gene_trajectory_comparison	A	E1	E2	full			rpl4																						0.31981882	0.22026466	-0.09955416	False	gene_within_directional_target_embryo	True
gene_trajectory_comparison	A	E1	E2	full			rpl5a																						0.13419184	0.16970031	0.035508469999999986	True	gene_within_directional_target_embryo	True
gene_trajectory_comparison	A	E1	E2	full			rpl6																						0.25637183	0.25232825	-0.004043580000000047	False	gene_within_directional_target_embryo	True
gene_trajectory_comparison	A	E1	E2	full			rplp0																						-0.038817022	0.08477923	0.12359625199999999	True	gene_within_directional_target_embryo	True
gene_trajectory_comparison	A	E1	E2	full			rplp2l																						-0.07028393	0.034842726	0.10512665599999999	True	gene_within_directional_target_embryo	True
gene_trajectory_comparison	A	E1	E2	full			rps3																						0.15565827	0.11565822	-0.04000004999999998	False	gene_within_directional_target_embryo	True
gene_trajectory_comparison	A	E1	E2	full			rps6																						0.008659921	0.19523682	0.18657689900000002	True	gene_within_directional_target_embryo	True
gene_trajectory_comparison	A	E1	E2	full			rrbp1b																						0.21773435	0.27645576	0.05872141	True	gene_within_directional_target_embryo	True
gene_trajectory_comparison	A	E1	E2	full			rreb1a																						-0.18791182	0.39551148	0.5834233	True	gene_within_directional_target_embryo	True
gene_trajectory_comparison	A	E1	E2	full			rreb1b																						0.014233015	0.27593142	0.26169840499999997	True	gene_within_directional_target_embryo	True
gene_trajectory_comparison	A	E1	E2	full			rrm2																						-0.0667205	0.08857561	0.15529611	True	gene_within_directional_target_embryo	True
gene_trajectory_comparison	A	E1	E2	full			rrp8																						-0.034437608	0.030896382000000003	0.06533399000000001	True	gene_within_directional_target_embryo	True
gene_trajectory_comparison	A	E1	E2	full			rx3																						0.05402621	0.14147423	0.08744802000000002	True	gene_within_directional_target_embryo	True
gene_trajectory_comparison	A	E1	E2	full			rxraa																						0.06250635	0.03421078	-0.02829557	False	gene_within_directional_target_embryo	True
gene_trajectory_comparison	A	E1	E2	full			rxrgb																						0.0	0.16240308	0.16240308	True	gene_within_directional_target_embryo	True
gene_trajectory_comparison	A	E1	E2	full			sall1a																						0.17892638	0.21627954	0.037353159999999996	True	gene_within_directional_target_embryo	True
gene_trajectory_comparison	A	E1	E2	full			sall3a																						0.14974463	0.17366275	0.023918120000000015	True	gene_within_directional_target_embryo	True
gene_trajectory_comparison	A	E1	E2	full			sall3b																						0.1700289	0.33884355	0.16881464999999998	True	gene_within_directional_target_embryo	True
gene_trajectory_comparison	A	E1	E2	full			sdc4																						0.10440323	0.20970039999999998	0.10529716999999998	True	gene_within_directional_target_embryo	True
gene_trajectory_comparison	A	E1	E2	full			sebox																						0.4661066	0.44592506	-0.020181539999999998	False	gene_within_directional_target_embryo	True
gene_trajectory_comparison	A	E1	E2	full			sept9a																						0.38570687	0.5769845	0.19127763000000003	True	gene_within_directional_target_embryo	True
gene_trajectory_comparison	A	E1	E2	full			shha																						0.34174266	0.33165565	-0.010087009999999952	False	gene_within_directional_target_embryo	True
gene_trajectory_comparison	A	E1	E2	full			si:ch211-106e7.2																						-0.12772239999999999	0.53422505	0.66194745	True	gene_within_directional_target_embryo	True
gene_trajectory_comparison	A	E1	E2	full			si:ch211-113a14.12																						0.10979536	0.17822267	0.06842731	True	gene_within_directional_target_embryo	True
gene_trajectory_comparison	A	E1	E2	full			si:ch211-113a14.18																						-0.020655882	0.17871471	0.199370592	True	gene_within_directional_target_embryo	True
gene_trajectory_comparison	A	E1	E2	full			si:ch211-114n24.6																						-0.08731110000000002	0.18557878	0.27288988000000003	True	gene_within_directional_target_embryo	True
gene_trajectory_comparison	A	E1	E2	full			si:ch211-155e24.3																						0.1960335	0.2726578	0.0766243	True	gene_within_directional_target_embryo	True
gene_trajectory_comparison	A	E1	E2	full			si:ch211-161h7.4																						0.02026967	0.21904397	0.19877430000000001	True	gene_within_directional_target_embryo	True
gene_trajectory_comparison	A	E1	E2	full			si:ch211-163l21.7																						-0.016128253000000002	0.056469537	0.07259779	True	gene_within_directional_target_embryo	True
gene_trajectory_comparison	A	E1	E2	full			si:dkey-108k21.14																						0.14551860000000003	0.20292121	0.057402609999999965	True	gene_within_directional_target_embryo	True
gene_trajectory_comparison	A	E1	E2	full			si:dkey-108k21.21																						0.12182874	0.112691864	-0.009136876000000002	False	gene_within_directional_target_embryo	True
gene_trajectory_comparison	A	E1	E2	full			si:dkey-261h17.1																						0.36230233	0.5948131999999999	0.23251086999999993	True	gene_within_directional_target_embryo	True
gene_trajectory_comparison	A	E1	E2	full			si:dkey-261m9.12																						0.25072393	0.29529363	0.04456969999999999	True	gene_within_directional_target_embryo	True
gene_trajectory_comparison	A	E1	E2	full			si:dkey-66i24.9																						0.03663219	0.037035767000000004	0.0004035770000000022	True	gene_within_directional_target_embryo	True
gene_trajectory_comparison	A	E1	E2	full			si:dkey-68o6.5																						-0.013639192	0.11707051	0.130709702	True	gene_within_directional_target_embryo	True
gene_trajectory_comparison	A	E1	E2	full			si:dkey-92i17.2																						0.1307018	0.091350414	-0.039351386	False	gene_within_directional_target_embryo	True
gene_trajectory_comparison	A	E1	E2	full			six3b																						0.09865502	0.22766119	0.12900617000000003	True	gene_within_directional_target_embryo	True
gene_trajectory_comparison	A	E1	E2	full			six4a																						0.54951763	0.6728049	0.12328727000000006	True	gene_within_directional_target_embryo	True
gene_trajectory_comparison	A	E1	E2	full			six4b																						0.009493298	0.40425926	0.394765962	True	gene_within_directional_target_embryo	True
gene_trajectory_comparison	A	E1	E2	full			six7																						0.20324476	0.43005478	0.22681002000000003	True	gene_within_directional_target_embryo	True
gene_trajectory_comparison	A	E1	E2	full			skia																						-0.24793719	0.42801359999999994	0.6759507899999999	True	gene_within_directional_target_embryo	True
gene_trajectory_comparison	A	E1	E2	full			skila																						-0.016745657	0.06641291	0.083158567	True	gene_within_directional_target_embryo	True
gene_trajectory_comparison	A	E1	E2	full			skilb																						0.27793379999999995	0.36975166	0.09181786000000003	True	gene_within_directional_target_embryo	True
gene_trajectory_comparison	A	E1	E2	full			smtnl																						0.29629996	0.44081345	0.14451349000000002	True	gene_within_directional_target_embryo	True
gene_trajectory_comparison	A	E1	E2	full			snai1a																						0.03227933	0.27945182	0.24717249000000002	True	gene_within_directional_target_embryo	True
gene_trajectory_comparison	A	E1	E2	full			snai2																						0.2637737	0.39323816	0.12946446	True	gene_within_directional_target_embryo	True
gene_trajectory_comparison	A	E1	E2	full			snrpc																						0.0	0.0	0.0	False	gene_within_directional_target_embryo	True
gene_trajectory_comparison	A	E1	E2	full			snrpd3																						0.18529786	0.14013113	-0.045166730000000016	False	gene_within_directional_target_embryo	True
gene_trajectory_comparison	A	E1	E2	full			snrpg																						0.0	0.06784452	0.06784452	True	gene_within_directional_target_embryo	True
gene_trajectory_comparison	A	E1	E2	full			sox10																						-0.022095447	0.09588812	0.117983567	True	gene_within_directional_target_embryo	True
gene_trajectory_comparison	A	E1	E2	full			sox11a																						0.3708031	0.6264885	0.2556854	True	gene_within_directional_target_embryo	True
gene_trajectory_comparison	A	E1	E2	full			sox11b																						0.15466511	0.46929064	0.31462553	True	gene_within_directional_target_embryo	True
gene_trajectory_comparison	A	E1	E2	full			sox13																						0.044954836	0.08735137400000001	0.04239653800000001	True	gene_within_directional_target_embryo	True
gene_trajectory_comparison	A	E1	E2	full			sox17																						0.0	0.31579640000000003	0.31579640000000003	True	gene_within_directional_target_embryo	True
gene_trajectory_comparison	A	E1	E2	full			sox19a																						0.23905782	0.66358054	0.42452272	True	gene_within_directional_target_embryo	True
gene_trajectory_comparison	A	E1	E2	full			sox2																						0.30755278	0.58483964	0.27728685999999997	True	gene_within_directional_target_embryo	True
gene_trajectory_comparison	A	E1	E2	full			sox3																						0.2262953	0.35037252	0.12407722000000002	True	gene_within_directional_target_embryo	True
gene_trajectory_comparison	A	E1	E2	full			sox32																						0.01826136	0.16146414	0.14320278	True	gene_within_directional_target_embryo	True
gene_trajectory_comparison	A	E1	E2	full			sox5																						0.49713215	0.46974447	-0.02738767999999997	False	gene_within_directional_target_embryo	True
gene_trajectory_comparison	A	E1	E2	full			sp5a																						0.07567761	0.07683358	0.0011559699999999923	True	gene_within_directional_target_embryo	True
gene_trajectory_comparison	A	E1	E2	full			sp5l																						0.6896922	0.8640437	0.1743515	True	gene_within_directional_target_embryo	True
gene_trajectory_comparison	A	E1	E2	full			spon1b																						0.03111622	0.051306542000000004	0.020190322000000004	True	gene_within_directional_target_embryo	True
gene_trajectory_comparison	A	E1	E2	full			srp19																						0.0	0.0	0.0	False	gene_within_directional_target_embryo	True
gene_trajectory_comparison	A	E1	E2	full			srrm4																						0.14223112	0.16265507	0.020423950000000024	True	gene_within_directional_target_embryo	True
gene_trajectory_comparison	A	E1	E2	full			stmn1a																						0.0	0.06226032	0.06226032	True	gene_within_directional_target_embryo	True
gene_trajectory_comparison	A	E1	E2	full			stox1																						0.041217263999999997	0.105201505	0.063984241	True	gene_within_directional_target_embryo	True
gene_trajectory_comparison	A	E1	E2	full			supt16h																						0.26618928	0.256	-0.010189279999999967	False	gene_within_directional_target_embryo	True
gene_trajectory_comparison	A	E1	E2	full			syne2b																						0.10557143	0.4595701	0.35399866999999996	True	gene_within_directional_target_embryo	True
gene_trajectory_comparison	A	E1	E2	full			szl																						-0.16795629999999998	0.6975005999999999	0.8654568999999999	True	gene_within_directional_target_embryo	True
gene_trajectory_comparison	A	E1	E2	full			tagln2																						0.16924646	0.25422039999999996	0.08497393999999997	True	gene_within_directional_target_embryo	True
gene_trajectory_comparison	A	E1	E2	full			tbr1b																						0.028067188	0.06201205	0.033944862	True	gene_within_directional_target_embryo	True
gene_trajectory_comparison	A	E1	E2	full			tbx1																						0.23288213	0.42947572	0.19659359	True	gene_within_directional_target_embryo	True
gene_trajectory_comparison	A	E1	E2	full			tbx16																						0.05966706	0.6154088000000001	0.5557417400000001	True	gene_within_directional_target_embryo	True
gene_trajectory_comparison	A	E1	E2	full			tbx16l																						0.39683947	0.73718363	0.34034415999999995	True	gene_within_directional_target_embryo	True
gene_trajectory_comparison	A	E1	E2	full			tbx3b																						0.16309401	0.09492863	-0.06816538000000001	False	gene_within_directional_target_embryo	True
gene_trajectory_comparison	A	E1	E2	full			tbx6																						0.20927307	0.27431512	0.06504205000000002	True	gene_within_directional_target_embryo	True
gene_trajectory_comparison	A	E1	E2	full			tbxta																						0.09158116	0.6362300000000001	0.54464884	True	gene_within_directional_target_embryo	True
gene_trajectory_comparison	A	E1	E2	full			tbxtb																						0.14196512	0.3739844	0.23201928	True	gene_within_directional_target_embryo	True
gene_trajectory_comparison	A	E1	E2	full			tcf3b																						0.50487554	0.77524287	0.27036733	True	gene_within_directional_target_embryo	True
gene_trajectory_comparison	A	E1	E2	full			tcf7																						0.31832477	0.6385085	0.32018373000000006	True	gene_within_directional_target_embryo	True
gene_trajectory_comparison	A	E1	E2	full			tcf7l1a																						0.0018547453	0.70428836	0.7024336147	True	gene_within_directional_target_embryo	True
gene_trajectory_comparison	A	E1	E2	full			tcf7l1b																						0.12440845	0.5808001	0.45639165000000004	True	gene_within_directional_target_embryo	True
gene_trajectory_comparison	A	E1	E2	full			tcf7l2																						0.113772266	0.09973725	-0.014035015999999997	False	gene_within_directional_target_embryo	True
gene_trajectory_comparison	A	E1	E2	full			tdgf1																						-0.37656382	-0.16659753	0.20996629	True	gene_within_directional_target_embryo	True
gene_trajectory_comparison	A	E1	E2	full			tead1a																						0.23399052	0.26594606	0.03195553999999998	True	gene_within_directional_target_embryo	True
gene_trajectory_comparison	A	E1	E2	full			tead1b																						-0.09809636	0.12667662	0.22477297999999998	True	gene_within_directional_target_embryo	True
gene_trajectory_comparison	A	E1	E2	full			tfap2a																						0.19313489	0.52646893	0.33333403999999994	True	gene_within_directional_target_embryo	True
gene_trajectory_comparison	A	E1	E2	full			tfap2c																						-0.31937635	0.5479488	0.86732515	True	gene_within_directional_target_embryo	True
gene_trajectory_comparison	A	E1	E2	full			tgif1																						0.29035205	0.35562614	0.06527409	True	gene_within_directional_target_embryo	True
gene_trajectory_comparison	A	E1	E2	full			tlcd5a																						0.08044194	0.14464493	0.06420299	True	gene_within_directional_target_embryo	True
gene_trajectory_comparison	A	E1	E2	full			tmed10																						0.076743245	0.10298004	0.026236794999999993	True	gene_within_directional_target_embryo	True
gene_trajectory_comparison	A	E1	E2	full			tmed2																						0.15148512	0.18231557	0.03083045000000001	True	gene_within_directional_target_embryo	True
gene_trajectory_comparison	A	E1	E2	full			tp63																						0.22447403	0.21476741	-0.00970662	False	gene_within_directional_target_embryo	True
gene_trajectory_comparison	A	E1	E2	full			tph1b																						0.39705247	0.43675107	0.03969860000000003	True	gene_within_directional_target_embryo	True
gene_trajectory_comparison	A	E1	E2	full			tpx2																						0.0	0.07268173	0.07268173	True	gene_within_directional_target_embryo	True
gene_trajectory_comparison	A	E1	E2	full			tram1																						0.25124810000000003	0.28273988	0.03149177999999997	True	gene_within_directional_target_embryo	True
gene_trajectory_comparison	A	E1	E2	full			trps1																						0.12886192	0.15761332	0.02875140000000001	True	gene_within_directional_target_embryo	True
gene_trajectory_comparison	A	E1	E2	full			tshz3b																						0.14300062	0.37239759999999994	0.22939697999999994	True	gene_within_directional_target_embryo	True
gene_trajectory_comparison	A	E1	E2	full			tuba1a																						0.18554698	0.28269923	0.09715225000000002	True	gene_within_directional_target_embryo	True
gene_trajectory_comparison	A	E1	E2	full			tuba8l																						0.1971664	0.24640334	0.04923694000000001	True	gene_within_directional_target_embryo	True
gene_trajectory_comparison	A	E1	E2	full			tuba8l2																						0.34793603	0.53717685	0.18924082000000003	True	gene_within_directional_target_embryo	True
gene_trajectory_comparison	A	E1	E2	full			tuba8l4																						-0.048448745	0.18417825	0.232626995	True	gene_within_directional_target_embryo	True
gene_trajectory_comparison	A	E1	E2	full			tubb2b																						0.009517883000000001	0.023939417999999997	0.014421534999999996	True	gene_within_directional_target_embryo	True
gene_trajectory_comparison	A	E1	E2	full			twist1a																						0.045907486	0.2005641	0.154656614	True	gene_within_directional_target_embryo	True
gene_trajectory_comparison	A	E1	E2	full			twist2																						0.09711386	0.27721876	0.1801049	True	gene_within_directional_target_embryo	True
gene_trajectory_comparison	A	E1	E2	full			ube2c																						-0.00451559	0.035971005	0.040486595	True	gene_within_directional_target_embryo	True
gene_trajectory_comparison	A	E1	E2	full			uhrf1																						0.1285988	0.22178167	0.09318286999999997	True	gene_within_directional_target_embryo	True
gene_trajectory_comparison	A	E1	E2	full			uncx4.1																						0.011689143999999999	0.08038272	0.068693576	True	gene_within_directional_target_embryo	True
gene_trajectory_comparison	A	E1	E2	full			unga																						0.11044799	0.13798186	0.027533870000000016	True	gene_within_directional_target_embryo	True
gene_trajectory_comparison	A	E1	E2	full			usf1																						0.11844381	0.025709052000000003	-0.092734758	False	gene_within_directional_target_embryo	True
gene_trajectory_comparison	A	E1	E2	full			ved																						-0.575657	0.7616310000000001	1.337288	True	gene_within_directional_target_embryo	True
gene_trajectory_comparison	A	E1	E2	full			vgll4l																						0.14864528	0.30230486	0.15365958000000002	True	gene_within_directional_target_embryo	True
gene_trajectory_comparison	A	E1	E2	full			vox																						0.051373642000000004	0.10115362	0.049779977999999996	True	gene_within_directional_target_embryo	True
gene_trajectory_comparison	A	E1	E2	full			vrtn																						-0.26569977	-0.10497504	0.16072472999999998	True	gene_within_directional_target_embryo	True
gene_trajectory_comparison	A	E1	E2	full			vsx2																						0.05775692	0.05768984	-6.708000000000408e-05	False	gene_within_directional_target_embryo	True
gene_trajectory_comparison	A	E1	E2	full			wnt11f2																						0.22256094	0.40202618	0.17946524	True	gene_within_directional_target_embryo	True
gene_trajectory_comparison	A	E1	E2	full			wnt8a																						0.13419047	0.40354714	0.26935667	True	gene_within_directional_target_embryo	True
gene_trajectory_comparison	A	E1	E2	full			xbp1																						0.11740489	0.20714404	0.08973915	True	gene_within_directional_target_embryo	True
gene_trajectory_comparison	A	E1	E2	full			ypel3																						0.19978738	0.25808913	0.05830175000000001	True	gene_within_directional_target_embryo	True
gene_trajectory_comparison	A	E1	E2	full			zbtb18																						0.007823004	0.14145702	0.133634016	True	gene_within_directional_target_embryo	True
gene_trajectory_comparison	A	E1	E2	full			zc4h2																						0.0	-0.021011993	-0.021011993	False	gene_within_directional_target_embryo	True
gene_trajectory_comparison	A	E1	E2	full			zeb1a																						-0.2740675	0.20973034	0.48379784000000003	True	gene_within_directional_target_embryo	True
gene_trajectory_comparison	A	E1	E2	full			zeb1b																						-0.032539837	0.24911715	0.281656987	True	gene_within_directional_target_embryo	True
gene_trajectory_comparison	A	E1	E2	full			zeb2a																						0.12969267	0.16433764	0.03464497	True	gene_within_directional_target_embryo	True
gene_trajectory_comparison	A	E1	E2	full			zeb2b																						-0.099663556	0.07102329	0.170686846	True	gene_within_directional_target_embryo	True
gene_trajectory_comparison	A	E1	E2	full			zfand5a																						0.31234536	0.3488408	0.03649543999999999	True	gene_within_directional_target_embryo	True
gene_trajectory_comparison	A	E1	E2	full			zgc:113372																						0.058223113	0.049780358	-0.008442755000000003	False	gene_within_directional_target_embryo	True
gene_trajectory_comparison	A	E1	E2	full			zgc:174154																						0.055854317	0.11789896	0.062044643	True	gene_within_directional_target_embryo	True
gene_trajectory_comparison	A	E1	E2	full			zgc:175088																						0.061437834000000004	0.12621692	0.06477908600000001	True	gene_within_directional_target_embryo	True
gene_trajectory_comparison	A	E1	E2	full			zic2a																						0.15812871	0.5790114000000001	0.42088269000000006	True	gene_within_directional_target_embryo	True
gene_trajectory_comparison	A	E1	E2	full			zic2b																						-0.054025445	0.5170478000000001	0.571073245	True	gene_within_directional_target_embryo	True
gene_trajectory_comparison	A	E1	E2	full			zmp:0000000624																						0.114913926	0.0856144	-0.029299526000000006	False	gene_within_directional_target_embryo	True
gene_trajectory_comparison	A	E1	E2	full			znf1004																						0.11858586	0.35180223	0.23321637	True	gene_within_directional_target_embryo	True
gene_trajectory_comparison	A	E1	E2	full			znf185																						0.29691088	0.36704287	0.07013199000000003	True	gene_within_directional_target_embryo	True
gene_trajectory_comparison	A	E1	E2	full			znf576.2																						0.15000239	0.1850376	0.03503520999999998	True	gene_within_directional_target_embryo	True
gene_trajectory_comparison	A	E1	E2	full			znfl2a																						-0.25447770000000003	0.3377478	0.5922255000000001	True	gene_within_directional_target_embryo	True
gene_trajectory_comparison	A	E1	E2	full			zswim5																						0.13909233	0.23790008	0.09880775000000003	True	gene_within_directional_target_embryo	True
gene_trajectory_comparison	B	E2	E1	full			ackr3b																						0.22839387	0.31421363	0.08581976000000002	True	gene_within_directional_target_embryo	True
gene_trajectory_comparison	B	E2	E1	full			acvr1ba																						0.24137071	0.32273212	0.08136141000000002	True	gene_within_directional_target_embryo	True
gene_trajectory_comparison	B	E2	E1	full			add3b																						0.19046706	0.279575	0.08910794000000002	True	gene_within_directional_target_embryo	True
gene_trajectory_comparison	B	E2	E1	full			adka																						-0.00765044	0.14645994	0.15411038000000002	True	gene_within_directional_target_embryo	True
gene_trajectory_comparison	B	E2	E1	full			admp																						-0.027926806000000002	0.5128838	0.540810606	True	gene_within_directional_target_embryo	True
gene_trajectory_comparison	B	E2	E1	full			ahi1																						-0.01030859	0.3355995	0.34590809	True	gene_within_directional_target_embryo	True
gene_trajectory_comparison	B	E2	E1	full			akap12b																						0.034073543	0.19863665	0.164563107	True	gene_within_directional_target_embryo	True
gene_trajectory_comparison	B	E2	E1	full			alcamb																						0.30052984	0.6358796999999999	0.33534985999999994	True	gene_within_directional_target_embryo	True
gene_trajectory_comparison	B	E2	E1	full			aldob																						-0.20854387	0.15447997	0.36302384	True	gene_within_directional_target_embryo	True
gene_trajectory_comparison	B	E2	E1	full			anp32e																						0.30611843	0.42221716	0.11609872999999998	True	gene_within_directional_target_embryo	True
gene_trajectory_comparison	B	E2	E1	full			apex1																						0.06883025	-0.0156248575	-0.0844551075	False	gene_within_directional_target_embryo	True
gene_trajectory_comparison	B	E2	E1	full			aplnra																						0.47197396	0.5585211999999999	0.08654723999999991	True	gene_within_directional_target_embryo	True
gene_trajectory_comparison	B	E2	E1	full			aplnrb																						0.019410715	0.0	-0.019410715	False	gene_within_directional_target_embryo	True
gene_trajectory_comparison	B	E2	E1	full			apoc1																						-0.11160625	0.6214395	0.73304575	True	gene_within_directional_target_embryo	True
gene_trajectory_comparison	B	E2	E1	full			arf5																						0.0	0.20962402	0.20962402	True	gene_within_directional_target_embryo	True
gene_trajectory_comparison	B	E2	E1	full			arhgap5																						0.101787694	0.15616927	0.054381576	True	gene_within_directional_target_embryo	True
gene_trajectory_comparison	B	E2	E1	full			arl4aa																						0.21824671	0.25581086	0.03756414999999996	True	gene_within_directional_target_embryo	True
gene_trajectory_comparison	B	E2	E1	full			arl4ab																						0.43748724	0.46986140000000004	0.03237416000000004	True	gene_within_directional_target_embryo	True
gene_trajectory_comparison	B	E2	E1	full			arl4d																						0.16515963	0.39278126	0.22762163000000002	True	gene_within_directional_target_embryo	True
gene_trajectory_comparison	B	E2	E1	full			arl6ip5a																						0.17436972	0.23762198	0.06325226	True	gene_within_directional_target_embryo	True
gene_trajectory_comparison	B	E2	E1	full			aspm																						0.14581388	0.118090205	-0.027723675000000003	False	gene_within_directional_target_embryo	True
gene_trajectory_comparison	B	E2	E1	full			atf6																						0.0	0.23441714	0.23441714	True	gene_within_directional_target_embryo	True
gene_trajectory_comparison	B	E2	E1	full			atoh1c																						0.15998366	0.144705	-0.01527866	False	gene_within_directional_target_embryo	True
gene_trajectory_comparison	B	E2	E1	full			atp2b1a																						0.17387829999999999	0.26884657	0.09496827000000002	True	gene_within_directional_target_embryo	True
gene_trajectory_comparison	B	E2	E1	full			atrxl																						0.26316315	0.39096496	0.12780180999999996	True	gene_within_directional_target_embryo	True
gene_trajectory_comparison	B	E2	E1	full			aurkb																						0.10087457	0.06455244	-0.036322129999999994	False	gene_within_directional_target_embryo	True
gene_trajectory_comparison	B	E2	E1	full			axin2																						0.17879918	0.23328286	0.05448368000000001	True	gene_within_directional_target_embryo	True
gene_trajectory_comparison	B	E2	E1	full			bach1b																						0.0	0.13111837	0.13111837	True	gene_within_directional_target_embryo	True
gene_trajectory_comparison	B	E2	E1	full			bambia																						-0.41778459999999995	0.8618037000000001	1.2795883	True	gene_within_directional_target_embryo	True
gene_trajectory_comparison	B	E2	E1	full			baz1b																						0.17925662	0.30544597	0.12618935	True	gene_within_directional_target_embryo	True
gene_trajectory_comparison	B	E2	E1	full			bcl2l1																						0.07374219	0.108817115	0.03507492500000001	True	gene_within_directional_target_embryo	True
gene_trajectory_comparison	B	E2	E1	full			bhlha15																						0.0	0.03090534	0.03090534	True	gene_within_directional_target_embryo	True
gene_trajectory_comparison	B	E2	E1	full			blf																						0.44748420000000005	0.48433715	0.03685294999999994	True	gene_within_directional_target_embryo	True
gene_trajectory_comparison	B	E2	E1	full			bmp2b																						-0.5020581000000001	0.13478518	0.6368432800000001	True	gene_within_directional_target_embryo	True
gene_trajectory_comparison	B	E2	E1	full			bmp4																						-0.39123353	0.76541746	1.15665099	True	gene_within_directional_target_embryo	True
gene_trajectory_comparison	B	E2	E1	full			bmp7a																						-0.42105618	0.58776206	1.00881824	True	gene_within_directional_target_embryo	True
gene_trajectory_comparison	B	E2	E1	full			brd2a																						0.05182995	0.004494877	-0.047335073	False	gene_within_directional_target_embryo	True
gene_trajectory_comparison	B	E2	E1	full			btg2																						0.18045738	0.49974978	0.3192924	True	gene_within_directional_target_embryo	True
gene_trajectory_comparison	B	E2	E1	full			c1qbp																						0.25535747	0.40081984	0.14546237	True	gene_within_directional_target_embryo	True
gene_trajectory_comparison	B	E2	E1	full			C7H16orf87																						-0.039540417	0.0	0.039540417	True	gene_within_directional_target_embryo	True
gene_trajectory_comparison	B	E2	E1	full			ca9																						0.28916213	0.36435285	0.07519071999999999	True	gene_within_directional_target_embryo	True
gene_trajectory_comparison	B	E2	E1	full			casz1																						0.12637451	0.1503014	0.023926890000000006	True	gene_within_directional_target_embryo	True
gene_trajectory_comparison	B	E2	E1	full			cbx3a																						0.05580275	0.23502618	0.17922343000000002	True	gene_within_directional_target_embryo	True
gene_trajectory_comparison	B	E2	E1	full			cbx5																						0.22741319	0.33915508	0.11174189000000001	True	gene_within_directional_target_embryo	True
gene_trajectory_comparison	B	E2	E1	full			ccne2																						0.16501376	0.20708834	0.04207458	True	gene_within_directional_target_embryo	True
gene_trajectory_comparison	B	E2	E1	full			ccnf																						0.15414628	0.17348494	0.019338660000000008	True	gene_within_directional_target_embryo	True
gene_trajectory_comparison	B	E2	E1	full			ccng1																						0.23466943	0.25165245	0.016983020000000015	True	gene_within_directional_target_embryo	True
gene_trajectory_comparison	B	E2	E1	full			cd63																						0.0	0.0	0.0	False	gene_within_directional_target_embryo	True
gene_trajectory_comparison	B	E2	E1	full			cdc14b																						0.19082974	0.21432838	0.023498640000000015	True	gene_within_directional_target_embryo	True
gene_trajectory_comparison	B	E2	E1	full			cdc42ep4a																						0.107213944	0.2768744	0.16966045600000002	True	gene_within_directional_target_embryo	True
gene_trajectory_comparison	B	E2	E1	full			cdca8																						0.044130113	0.16331923	0.11918911700000001	True	gene_within_directional_target_embryo	True
gene_trajectory_comparison	B	E2	E1	full			cdh1																						0.18048635	0.309533	0.12904665	True	gene_within_directional_target_embryo	True
gene_trajectory_comparison	B	E2	E1	full			cdh2																						0.31664749999999997	0.32733059999999997	0.010683100000000001	True	gene_within_directional_target_embryo	True
gene_trajectory_comparison	B	E2	E1	full			cdh6																						0.25788063	0.28076290000000004	0.022882270000000038	True	gene_within_directional_target_embryo	True
gene_trajectory_comparison	B	E2	E1	full			cdkn1ca																						0.20809256	0.19494332	-0.013149240000000006	False	gene_within_directional_target_embryo	True
gene_trajectory_comparison	B	E2	E1	full			cdt1																						0.19180736	0.27222246	0.08041509999999999	True	gene_within_directional_target_embryo	True
gene_trajectory_comparison	B	E2	E1	full			cdx1a																						0.0055985516	0.7025571999999999	0.6969586483999999	True	gene_within_directional_target_embryo	True
gene_trajectory_comparison	B	E2	E1	full			cdx4																						-0.21745199	0.7120335	0.92948549	True	gene_within_directional_target_embryo	True
gene_trajectory_comparison	B	E2	E1	full			cenpf																						0.06292102	0.11674866	0.05382764000000001	True	gene_within_directional_target_embryo	True
gene_trajectory_comparison	B	E2	E1	full			cfl1l																						0.0	0.0	0.0	False	gene_within_directional_target_embryo	True
gene_trajectory_comparison	B	E2	E1	full			chaf1a																						0.21686158	0.0	-0.21686158	False	gene_within_directional_target_embryo	True
gene_trajectory_comparison	B	E2	E1	full			chrd																						-0.46305569999999996	0.5936536	1.0567093	True	gene_within_directional_target_embryo	True
gene_trajectory_comparison	B	E2	E1	full			chst11																						0.23334157	0.22473687	-0.008604699999999993	False	gene_within_directional_target_embryo	True
gene_trajectory_comparison	B	E2	E1	full			cldnd																						0.09225096599999999	0.0995522	0.007301234000000004	True	gene_within_directional_target_embryo	True
gene_trajectory_comparison	B	E2	E1	full			clic4																						0.14232808	0.25578007	0.11345199000000003	True	gene_within_directional_target_embryo	True
gene_trajectory_comparison	B	E2	E1	full			clocka																						-0.014571822	-0.04163563	-0.027063808	False	gene_within_directional_target_embryo	True
gene_trajectory_comparison	B	E2	E1	full			cmtm6																						0.08238554	0.0966087	0.014223160000000012	True	gene_within_directional_target_embryo	True
gene_trajectory_comparison	B	E2	E1	full			cnmd																						0.07854782	0.07787156	-0.000676259999999998	False	gene_within_directional_target_embryo	True
gene_trajectory_comparison	B	E2	E1	full			cnn3a																						-0.028537873	0.0	0.028537873	True	gene_within_directional_target_embryo	True
gene_trajectory_comparison	B	E2	E1	full			coq10b																						0.12413061	0.16563508	0.04150446999999999	True	gene_within_directional_target_embryo	True
gene_trajectory_comparison	B	E2	E1	full			crabp2b																						0.47769734	0.757182	0.27948466	True	gene_within_directional_target_embryo	True
gene_trajectory_comparison	B	E2	E1	full			creb3l1																						0.23674165	0.21082142	-0.02592022999999999	False	gene_within_directional_target_embryo	True
gene_trajectory_comparison	B	E2	E1	full			creb3l2																						0.0	0.25251672	0.25251672	True	gene_within_directional_target_embryo	True
gene_trajectory_comparison	B	E2	E1	full			csrp1a																						0.16797201	-0.009102311	-0.177074321	False	gene_within_directional_target_embryo	True
gene_trajectory_comparison	B	E2	E1	full			cst3																						0.14944509	0.2649238	0.11547870999999998	True	gene_within_directional_target_embryo	True
gene_trajectory_comparison	B	E2	E1	full			ctcf																						0.28017947	0.38727874	0.10709927000000002	True	gene_within_directional_target_embryo	True
gene_trajectory_comparison	B	E2	E1	full			cth1																						0.1854957	0.13220987	-0.053285830000000006	False	gene_within_directional_target_embryo	True
gene_trajectory_comparison	B	E2	E1	full			CU570769.1																						0.13990822	0.057651382	-0.082256838	False	gene_within_directional_target_embryo	True
gene_trajectory_comparison	B	E2	E1	full			cux1a																						0.13327126	0.09673765	-0.03653361000000001	False	gene_within_directional_target_embryo	True
gene_trajectory_comparison	B	E2	E1	full			cxcl12b																						0.009341935	0.19613852	0.18679658500000001	True	gene_within_directional_target_embryo	True
gene_trajectory_comparison	B	E2	E1	full			cxcr4a																						0.2379572	0.2632685	0.02531130000000001	True	gene_within_directional_target_embryo	True
gene_trajectory_comparison	B	E2	E1	full			dact2																						0.42987743	0.6564103	0.22653287	True	gene_within_directional_target_embryo	True
gene_trajectory_comparison	B	E2	E1	full			dand5																						0.04866464	0.11730323	0.06863859	True	gene_within_directional_target_embryo	True
gene_trajectory_comparison	B	E2	E1	full			dbx1a																						0.11905867	0.24246792	0.12340925	True	gene_within_directional_target_embryo	True
gene_trajectory_comparison	B	E2	E1	full			ddx4																						0.03389323	0.10811753	0.07422429999999999	True	gene_within_directional_target_embryo	True
gene_trajectory_comparison	B	E2	E1	full			dharma																						0.035120554	0.01319485	-0.021925703999999997	False	gene_within_directional_target_embryo	True
gene_trajectory_comparison	B	E2	E1	full			dkc1																						0.22470063	0.31724759999999996	0.09254696999999995	True	gene_within_directional_target_embryo	True
gene_trajectory_comparison	B	E2	E1	full			dkk1b																						0.27993235	0.2394857	-0.04044665	False	gene_within_directional_target_embryo	True
gene_trajectory_comparison	B	E2	E1	full			dld																						-0.20840141	0.434167	0.64256841	True	gene_within_directional_target_embryo	True
gene_trajectory_comparison	B	E2	E1	full			dlgap5																						0.15306555	0.26100555	0.10793999999999998	True	gene_within_directional_target_embryo	True
gene_trajectory_comparison	B	E2	E1	full			dlx3b																						0.2437284	0.46705982	0.22333142	True	gene_within_directional_target_embryo	True
gene_trajectory_comparison	B	E2	E1	full			dmd																						0.13846423	0.18285084	0.04438660999999999	True	gene_within_directional_target_embryo	True
gene_trajectory_comparison	B	E2	E1	full			dnmt3bb.2																						0.28117242	0.33438393	0.05321151000000002	True	gene_within_directional_target_embryo	True
gene_trajectory_comparison	B	E2	E1	full			drll.2																						0.04879651	0.45198770000000005	0.40319119000000003	True	gene_within_directional_target_embryo	True
gene_trajectory_comparison	B	E2	E1	full			drll.3																						0.19967100000000002	0.34557858	0.14590758	True	gene_within_directional_target_embryo	True
gene_trajectory_comparison	B	E2	E1	full			dscc1																						0.1538635	0.09811286	-0.05575063999999999	False	gene_within_directional_target_embryo	True
gene_trajectory_comparison	B	E2	E1	full			dync1li1																						0.15830766	0.1256259	-0.032681759999999976	False	gene_within_directional_target_embryo	True
gene_trajectory_comparison	B	E2	E1	full			dynll1																						0.21650387	0.18949783	-0.02700603999999998	False	gene_within_directional_target_embryo	True
gene_trajectory_comparison	B	E2	E1	full			dynll2b																						0.16416022	0.16523004	0.001069819999999999	True	gene_within_directional_target_embryo	True
gene_trajectory_comparison	B	E2	E1	full			ednraa																						0.09438548	0.054951865	-0.03943361499999999	False	gene_within_directional_target_embryo	True
gene_trajectory_comparison	B	E2	E1	full			efna1a																						0.10894172	0.26737946	0.15843774	True	gene_within_directional_target_embryo	True
gene_trajectory_comparison	B	E2	E1	full			efnb2a																						0.16234744	0.3252171	0.16286965999999997	True	gene_within_directional_target_embryo	True
gene_trajectory_comparison	B	E2	E1	full			efnb2b																						0.44440913	0.6124036999999999	0.1679945699999999	True	gene_within_directional_target_embryo	True
gene_trajectory_comparison	B	E2	E1	full			egln1b																						0.15609498	0.14856324	-0.007531739999999981	False	gene_within_directional_target_embryo	True
gene_trajectory_comparison	B	E2	E1	full			eif3ea																						0.05307015	0.17118296	0.11811280999999998	True	gene_within_directional_target_embryo	True
gene_trajectory_comparison	B	E2	E1	full			elavl3																						0.13725767	0.10608696	-0.031170710000000004	False	gene_within_directional_target_embryo	True
gene_trajectory_comparison	B	E2	E1	full			elf1																						0.08236065	0.116778225	0.034417575000000006	True	gene_within_directional_target_embryo	True
gene_trajectory_comparison	B	E2	E1	full			elob																						0.13692756	0.12308651	-0.013841050000000008	False	gene_within_directional_target_embryo	True
gene_trajectory_comparison	B	E2	E1	full			emid1																						0.20999739	0.11961015	-0.09038724000000001	False	gene_within_directional_target_embryo	True
gene_trajectory_comparison	B	E2	E1	full			emx2																						0.22562644	0.25573593	0.03010948999999999	True	gene_within_directional_target_embryo	True
gene_trajectory_comparison	B	E2	E1	full			emx3																						0.16251749	0.14194635	-0.020571139999999988	False	gene_within_directional_target_embryo	True
gene_trajectory_comparison	B	E2	E1	full			epcam																						0.1571585	0.14522672	-0.011931780000000003	False	gene_within_directional_target_embryo	True
gene_trajectory_comparison	B	E2	E1	full			epha2a																						0.42018265	0.5618618000000001	0.1416791500000001	True	gene_within_directional_target_embryo	True
gene_trajectory_comparison	B	E2	E1	full			ephb3a																						0.4928706	0.62324864	0.13037804000000003	True	gene_within_directional_target_embryo	True
gene_trajectory_comparison	B	E2	E1	full			eppk1																						0.15124209	0.14241229	-0.008829799999999999	False	gene_within_directional_target_embryo	True
gene_trajectory_comparison	B	E2	E1	full			erf																						0.17100267	0.30391768	0.13291501000000003	True	gene_within_directional_target_embryo	True
gene_trajectory_comparison	B	E2	E1	full			esrra																						0.16102645	0.39413562	0.23310917000000003	True	gene_within_directional_target_embryo	True
gene_trajectory_comparison	B	E2	E1	full			ets2																						0.3136683	0.31523886	0.0015705599999999986	True	gene_within_directional_target_embryo	True
gene_trajectory_comparison	B	E2	E1	full			etv2																						0.16051827	0.20725931	0.04674104000000001	True	gene_within_directional_target_embryo	True
gene_trajectory_comparison	B	E2	E1	full			etv4																						0.42342879999999994	0.5820395	0.1586107000000001	True	gene_within_directional_target_embryo	True
gene_trajectory_comparison	B	E2	E1	full			etv5a																						0.16808061	0.21355414	0.04547353000000001	True	gene_within_directional_target_embryo	True
gene_trajectory_comparison	B	E2	E1	full			etv5b																						0.42898339999999996	0.53155863	0.10257523000000007	True	gene_within_directional_target_embryo	True
gene_trajectory_comparison	B	E2	E1	full			eve1																						-0.15188444	0.8269431	0.97882754	True	gene_within_directional_target_embryo	True
gene_trajectory_comparison	B	E2	E1	full			f11r.1																						0.039978307000000005	0.026228575	-0.013749732000000004	False	gene_within_directional_target_embryo	True
gene_trajectory_comparison	B	E2	E1	full			fbln2																						0.0	0.20332576	0.20332576	True	gene_within_directional_target_embryo	True
gene_trajectory_comparison	B	E2	E1	full			fezf2																						-0.0680112	0.24097012	0.30898132	True	gene_within_directional_target_embryo	True
gene_trajectory_comparison	B	E2	E1	full			fgf8a																						0.23455570000000003	0.43046940000000006	0.19591370000000002	True	gene_within_directional_target_embryo	True
gene_trajectory_comparison	B	E2	E1	full			flrt3																						0.10313576	0.30296767	0.19983191	True	gene_within_directional_target_embryo	True
gene_trajectory_comparison	B	E2	E1	full			fn1a																						0.28613457	0.6211371	0.33500253	True	gene_within_directional_target_embryo	True
gene_trajectory_comparison	B	E2	E1	full			fn1b																						0.32116193	0.5813139	0.26015197000000007	True	gene_within_directional_target_embryo	True
gene_trajectory_comparison	B	E2	E1	full			fnbp1l																						0.08923433	0.06952621	-0.019708119999999996	False	gene_within_directional_target_embryo	True
gene_trajectory_comparison	B	E2	E1	full			fosab																						0.19593434	0.22193997	0.026005629999999974	True	gene_within_directional_target_embryo	True
gene_trajectory_comparison	B	E2	E1	full			foxa																						0.20234285	0.31538394	0.11304108999999998	True	gene_within_directional_target_embryo	True
gene_trajectory_comparison	B	E2	E1	full			foxa2																						0.0	0.0	0.0	False	gene_within_directional_target_embryo	True
gene_trajectory_comparison	B	E2	E1	full			foxa3																						0.0	0.3172705	0.3172705	True	gene_within_directional_target_embryo	True
gene_trajectory_comparison	B	E2	E1	full			foxb1a																						-0.46487984	0.45056057	0.91544041	True	gene_within_directional_target_embryo	True
gene_trajectory_comparison	B	E2	E1	full			foxb1b																						0.03140967	0.18693079	0.15552112	True	gene_within_directional_target_embryo	True
gene_trajectory_comparison	B	E2	E1	full			foxc1a																						0.45338547	0.66583407	0.21244859999999993	True	gene_within_directional_target_embryo	True
gene_trajectory_comparison	B	E2	E1	full			foxc1b																						0.33185159999999997	0.41981430000000003	0.08796270000000006	True	gene_within_directional_target_embryo	True
gene_trajectory_comparison	B	E2	E1	full			foxd3																						0.19721071	0.69901925	0.50180854	True	gene_within_directional_target_embryo	True
gene_trajectory_comparison	B	E2	E1	full			foxd5																						0.19612275	0.43465576	0.23853301	True	gene_within_directional_target_embryo	True
gene_trajectory_comparison	B	E2	E1	full			foxg1a																						0.37839466	0.21655068	-0.16184398	False	gene_within_directional_target_embryo	True
gene_trajectory_comparison	B	E2	E1	full			foxh1																						0.10885263	0.6790647	0.57021207	True	gene_within_directional_target_embryo	True
gene_trajectory_comparison	B	E2	E1	full			foxi1																						0.16795439999999998	0.49323779999999995	0.3252834	True	gene_within_directional_target_embryo	True
gene_trajectory_comparison	B	E2	E1	full			foxn2b																						-0.11503929	0.20778286	0.32282215000000003	True	gene_within_directional_target_embryo	True
gene_trajectory_comparison	B	E2	E1	full			foxo1a																						0.11413368	0.12943210000000002	0.015298420000000021	True	gene_within_directional_target_embryo	True
gene_trajectory_comparison	B	E2	E1	full			foxp1b																						0.15561391	0.17946751	0.023853600000000003	True	gene_within_directional_target_embryo	True
gene_trajectory_comparison	B	E2	E1	full			foxp2																						0.07964539999999999	0.21192239	0.13227698999999998	True	gene_within_directional_target_embryo	True
gene_trajectory_comparison	B	E2	E1	full			frmd4ba																						0.034122445	0.09781616	0.063693715	True	gene_within_directional_target_embryo	True
gene_trajectory_comparison	B	E2	E1	full			fscn1a																						-0.103956774	0.3703864	0.47434317400000003	True	gene_within_directional_target_embryo	True
gene_trajectory_comparison	B	E2	E1	full			fzd7a																						-0.08787198	0.59146845	0.67934043	True	gene_within_directional_target_embryo	True
gene_trajectory_comparison	B	E2	E1	full			fzd7b																						0.21247332	0.36187252	0.14939919999999998	True	gene_within_directional_target_embryo	True
gene_trajectory_comparison	B	E2	E1	full			fzd8a																						-0.1841742	0.49800485	0.68217905	True	gene_within_directional_target_embryo	True
gene_trajectory_comparison	B	E2	E1	full			gadd45gip1																						0.09995016	0.08718304	-0.012767119999999993	False	gene_within_directional_target_embryo	True
gene_trajectory_comparison	B	E2	E1	full			gapdh																						0.24681275	0.26019210000000004	0.01337935000000004	True	gene_within_directional_target_embryo	True
gene_trajectory_comparison	B	E2	E1	full			gata2a																						0.0018800527	0.6569425999999999	0.6550625472999999	True	gene_within_directional_target_embryo	True
gene_trajectory_comparison	B	E2	E1	full			gata3																						0.07935885	0.23598716	0.15662831	True	gene_within_directional_target_embryo	True
gene_trajectory_comparison	B	E2	E1	full			gata6																						0.18268153	0.4296695	0.24698796999999997	True	gene_within_directional_target_embryo	True
gene_trajectory_comparison	B	E2	E1	full			gbx1																						0.19200693	0.34161693	0.14961	True	gene_within_directional_target_embryo	True
gene_trajectory_comparison	B	E2	E1	full			gcm2																						0.16310824	0.13796401	-0.02514422999999999	False	gene_within_directional_target_embryo	True
gene_trajectory_comparison	B	E2	E1	full			gfi1aa																						0.04768831	0.04412378	-0.0035645299999999963	False	gene_within_directional_target_embryo	True
gene_trajectory_comparison	B	E2	E1	full			gli1																						-0.1690424	0.20808629999999997	0.3771287	True	gene_within_directional_target_embryo	True
gene_trajectory_comparison	B	E2	E1	full			gli2a																						0.07421749	0.25570506	0.18148757	True	gene_within_directional_target_embryo	True
gene_trajectory_comparison	B	E2	E1	full			gmnn																						0.012712016999999999	0.19434804	0.181636023	True	gene_within_directional_target_embryo	True
gene_trajectory_comparison	B	E2	E1	full			gpr137bb																						0.0820493	0.031708653999999996	-0.05034064600000001	False	gene_within_directional_target_embryo	True
gene_trajectory_comparison	B	E2	E1	full			grhl1																						0.20197657	0.32914162	0.12716505000000003	True	gene_within_directional_target_embryo	True
gene_trajectory_comparison	B	E2	E1	full			grhl2b																						0.12601921	0.09966988	-0.02634932999999999	False	gene_within_directional_target_embryo	True
gene_trajectory_comparison	B	E2	E1	full			gsc																						0.08100722	0.23117155	0.15016433	True	gene_within_directional_target_embryo	True
gene_trajectory_comparison	B	E2	E1	full			h1-0																						0.010238664	0.0	-0.010238664	False	gene_within_directional_target_embryo	True
gene_trajectory_comparison	B	E2	E1	full			hdlbpa																						0.14483523	0.18822035	0.04338512	True	gene_within_directional_target_embryo	True
gene_trajectory_comparison	B	E2	E1	full			helb																						0.17786284	0.32931155	0.15144871000000001	True	gene_within_directional_target_embryo	True
gene_trajectory_comparison	B	E2	E1	full			hells																						0.24027736	0.36557707	0.12529971	True	gene_within_directional_target_embryo	True
gene_trajectory_comparison	B	E2	E1	full			her1																						-0.12854633	0.25033924	0.37888557	True	gene_within_directional_target_embryo	True
gene_trajectory_comparison	B	E2	E1	full			her11																						0.09583219	0.27288932	0.17705713	True	gene_within_directional_target_embryo	True
gene_trajectory_comparison	B	E2	E1	full			her12																						0.16839008	0.18701799	0.018627909999999998	True	gene_within_directional_target_embryo	True
gene_trajectory_comparison	B	E2	E1	full			her2																						0.14946410000000002	0.19961987	0.05015576999999999	True	gene_within_directional_target_embryo	True
gene_trajectory_comparison	B	E2	E1	full			her3																						0.05185639	0.22503036	0.17317397	True	gene_within_directional_target_embryo	True
gene_trajectory_comparison	B	E2	E1	full			her5																						-0.07413231	-0.032275908	0.04185640200000001	True	gene_within_directional_target_embryo	True
gene_trajectory_comparison	B	E2	E1	full			her6																						-0.25604308	-0.19955091	0.05649216999999998	True	gene_within_directional_target_embryo	True
gene_trajectory_comparison	B	E2	E1	full			her7																						0.12190179	0.5589742	0.43707240999999997	True	gene_within_directional_target_embryo	True
gene_trajectory_comparison	B	E2	E1	full			her8a																						-0.19698037	0.6198508	0.81683117	True	gene_within_directional_target_embryo	True
gene_trajectory_comparison	B	E2	E1	full			her9																						0.00097470114	0.034329485	0.03335478386	True	gene_within_directional_target_embryo	True
gene_trajectory_comparison	B	E2	E1	full			hes6																						0.08683049	0.07765346	-0.009177030000000003	False	gene_within_directional_target_embryo	True
gene_trajectory_comparison	B	E2	E1	full			hesx1																						0.1182588	0.19302887	0.07477007	True	gene_within_directional_target_embryo	True
gene_trajectory_comparison	B	E2	E1	full			hic1l																						-0.06764229	0.10518315	0.17282544	True	gene_within_directional_target_embryo	True
gene_trajectory_comparison	B	E2	E1	full			higd1a																						0.12346186	0.09814552	-0.025316340000000007	False	gene_within_directional_target_embryo	True
gene_trajectory_comparison	B	E2	E1	full			hivep2a																						0.27135990000000004	0.23192470000000004	-0.039435200000000004	False	gene_within_directional_target_embryo	True
gene_trajectory_comparison	B	E2	E1	full			hoxb1b																						0.12052061	0.19195989	0.07143928	True	gene_within_directional_target_embryo	True
gene_trajectory_comparison	B	E2	E1	full			hoxb7a																						0.14130329	0.12789494	-0.013408349999999986	False	gene_within_directional_target_embryo	True
gene_trajectory_comparison	B	E2	E1	full			hoxb8a																						0.15458047	0.24874808	0.09416761000000001	True	gene_within_directional_target_embryo	True
gene_trajectory_comparison	B	E2	E1	full			hoxb9a																						0.20429736	0.21326977	0.008972409999999986	True	gene_within_directional_target_embryo	True
gene_trajectory_comparison	B	E2	E1	full			hoxc3a																						0.11092675	0.11085063	-7.611999999999897e-05	False	gene_within_directional_target_embryo	True
gene_trajectory_comparison	B	E2	E1	full			hoxc6a																						0.0	0.0	0.0	False	gene_within_directional_target_embryo	True
gene_trajectory_comparison	B	E2	E1	full			hoxc8a																						0.19877185	0.13256648	-0.06620537000000001	False	gene_within_directional_target_embryo	True
gene_trajectory_comparison	B	E2	E1	full			hsp90aa1.2																						0.1611318	0.21774803	0.05661623000000002	True	gene_within_directional_target_embryo	True
gene_trajectory_comparison	B	E2	E1	full			id3																						0.18433361	0.64060104	0.4562674299999999	True	gene_within_directional_target_embryo	True
gene_trajectory_comparison	B	E2	E1	full			igf2bp1																						0.38506436	0.47246906	0.0874047	True	gene_within_directional_target_embryo	True
gene_trajectory_comparison	B	E2	E1	full			igfbp1a																						0.17652574	0.13240033	-0.044125409999999976	False	gene_within_directional_target_embryo	True
gene_trajectory_comparison	B	E2	E1	full			irf2a																						0.20052709	0.23887245	0.038345359999999995	True	gene_within_directional_target_embryo	True
gene_trajectory_comparison	B	E2	E1	full			irx1b																						-0.28075966	0.13594945	0.41670911	True	gene_within_directional_target_embryo	True
gene_trajectory_comparison	B	E2	E1	full			irx3a																						0.1898894	0.18697973	-0.002909670000000003	False	gene_within_directional_target_embryo	True
gene_trajectory_comparison	B	E2	E1	full			irx5a																						0.20752628	0.12651467	-0.08101161000000001	False	gene_within_directional_target_embryo	True
gene_trajectory_comparison	B	E2	E1	full			irx7																						-0.032810092	0.6616864	0.694496492	True	gene_within_directional_target_embryo	True
gene_trajectory_comparison	B	E2	E1	full			ism1																						0.37993774	0.41943905	0.039501309999999956	True	gene_within_directional_target_embryo	True
gene_trajectory_comparison	B	E2	E1	full			itga6a																						0.14615254	0.13230428	-0.013848260000000001	False	gene_within_directional_target_embryo	True
gene_trajectory_comparison	B	E2	E1	full			itgb5																						0.29942614	0.53886867	0.23944253000000004	True	gene_within_directional_target_embryo	True
gene_trajectory_comparison	B	E2	E1	full			itm2cb																						-0.013294911999999999	0.21841443	0.23170934199999998	True	gene_within_directional_target_embryo	True
gene_trajectory_comparison	B	E2	E1	full			jcada																						0.08544026	0.38255098	0.29711072	True	gene_within_directional_target_embryo	True
gene_trajectory_comparison	B	E2	E1	full			kank1a																						0.1461063	0.17271408	0.026607779999999998	True	gene_within_directional_target_embryo	True
gene_trajectory_comparison	B	E2	E1	full			kazald2																						0.16015793	0.3549257	0.19476777	True	gene_within_directional_target_embryo	True
gene_trajectory_comparison	B	E2	E1	full			kdrl																						0.14946729	0.12215081	-0.027316480000000004	False	gene_within_directional_target_embryo	True
gene_trajectory_comparison	B	E2	E1	full			kif15																						0.07369506	0.0	-0.07369506	False	gene_within_directional_target_embryo	True
gene_trajectory_comparison	B	E2	E1	full			kirrel3l																						0.29513323	0.46588209999999997	0.17074886999999994	True	gene_within_directional_target_embryo	True
gene_trajectory_comparison	B	E2	E1	full			klf17																						0.089884385	0.0	-0.089884385	False	gene_within_directional_target_embryo	True
gene_trajectory_comparison	B	E2	E1	full			klf2a																						0.25823	0.5351116	0.2768816	True	gene_within_directional_target_embryo	True
gene_trajectory_comparison	B	E2	E1	full			klf2b																						0.23171778	0.50110334	0.26938556	True	gene_within_directional_target_embryo	True
gene_trajectory_comparison	B	E2	E1	full			klf3																						-0.12971412	0.4227058	0.55241992	True	gene_within_directional_target_embryo	True
gene_trajectory_comparison	B	E2	E1	full			klf7a																						0.0780524	0.034449402000000004	-0.04360299799999999	False	gene_within_directional_target_embryo	True
gene_trajectory_comparison	B	E2	E1	full			klf8																						0.27633345	0.48141660000000003	0.20508315000000005	True	gene_within_directional_target_embryo	True
gene_trajectory_comparison	B	E2	E1	full			kmt5aa																						0.05583931	0.106019385	0.05018007499999999	True	gene_within_directional_target_embryo	True
gene_trajectory_comparison	B	E2	E1	full			krt4																						0.40507862	0.42919493	0.024116309999999974	True	gene_within_directional_target_embryo	True
gene_trajectory_comparison	B	E2	E1	full			krt8																						0.33798775	0.45011666	0.11212891000000003	True	gene_within_directional_target_embryo	True
gene_trajectory_comparison	B	E2	E1	full			krt99																						0.23885281	0.18567884	-0.05317396999999999	False	gene_within_directional_target_embryo	True
gene_trajectory_comparison	B	E2	E1	full			lamb1a																						-0.38580328	0.35698763	0.7427909100000001	True	gene_within_directional_target_embryo	True
gene_trajectory_comparison	B	E2	E1	full			lamc1																						0.56439954	0.60530883	0.04090928999999999	True	gene_within_directional_target_embryo	True
gene_trajectory_comparison	B	E2	E1	full			lamp2																						0.1366348	0.25963253	0.12299772999999997	True	gene_within_directional_target_embryo	True
gene_trajectory_comparison	B	E2	E1	full			lbx2																						0.31078249999999996	0.3400295	0.029247000000000023	True	gene_within_directional_target_embryo	True
gene_trajectory_comparison	B	E2	E1	full			lef1																						-0.14177528	0.34174344	0.48351872	True	gene_within_directional_target_embryo	True
gene_trajectory_comparison	B	E2	E1	full			lft1																						0.053334445	0.34571946	0.29238501499999997	True	gene_within_directional_target_embryo	True
gene_trajectory_comparison	B	E2	E1	full			lft2																						0.2708987	0.28787714	0.016978439999999984	True	gene_within_directional_target_embryo	True
gene_trajectory_comparison	B	E2	E1	full			lgals3b																						0.15157546	0.16962879999999997	0.018053339999999973	True	gene_within_directional_target_embryo	True
gene_trajectory_comparison	B	E2	E1	full			lhfpl6																						0.0029787153000000004	0.21615809	0.2131793747	True	gene_within_directional_target_embryo	True
gene_trajectory_comparison	B	E2	E1	full			lhx1a																						0.27713332	0.40257946	0.12544613999999998	True	gene_within_directional_target_embryo	True
gene_trajectory_comparison	B	E2	E1	full			lhx5																						0.19209006	0.63605183	0.44396177	True	gene_within_directional_target_embryo	True
gene_trajectory_comparison	B	E2	E1	full			lima1a																						-0.101455666	0.55186	0.653315666	True	gene_within_directional_target_embryo	True
gene_trajectory_comparison	B	E2	E1	full			lmnb1																						0.18796846	0.27816409999999997	0.09019563999999997	True	gene_within_directional_target_embryo	True
gene_trajectory_comparison	B	E2	E1	full			lmo2																						0.20380488	0.21056503	0.0067601499999999926	True	gene_within_directional_target_embryo	True
gene_trajectory_comparison	B	E2	E1	full			lmo4a																						0.25817126	0.45953593	0.20136466999999997	True	gene_within_directional_target_embryo	True
gene_trajectory_comparison	B	E2	E1	full			lratb.1																						0.15612456	0.26400745	0.10788288999999998	True	gene_within_directional_target_embryo	True
gene_trajectory_comparison	B	E2	E1	full			lratd1																						0.0707955	0.053687975	-0.017107525	False	gene_within_directional_target_embryo	True
gene_trajectory_comparison	B	E2	E1	full			mab21l2																						0.13783164	0.047225684000000004	-0.090605956	False	gene_within_directional_target_embryo	True
gene_trajectory_comparison	B	E2	E1	full			mad1l1																						0.037481625	0.15005398	0.11257235500000001	True	gene_within_directional_target_embryo	True
gene_trajectory_comparison	B	E2	E1	full			map1lc3b																						-0.062341902000000005	0.3465959	0.408937802	True	gene_within_directional_target_embryo	True
gene_trajectory_comparison	B	E2	E1	full			map2k6																						0.22746928	0.23635986	0.008890580000000009	True	gene_within_directional_target_embryo	True
gene_trajectory_comparison	B	E2	E1	full			mcama																						0.01374314	-0.038819112	-0.052562252000000004	False	gene_within_directional_target_embryo	True
gene_trajectory_comparison	B	E2	E1	full			mcm2																						0.10853809	0.23692723	0.12838913999999998	True	gene_within_directional_target_embryo	True
gene_trajectory_comparison	B	E2	E1	full			mcm3																						0.07082601	0.1833108	0.11248479	True	gene_within_directional_target_embryo	True
gene_trajectory_comparison	B	E2	E1	full			mcm4																						0.10625764	0.22627597	0.12001832999999999	True	gene_within_directional_target_embryo	True
gene_trajectory_comparison	B	E2	E1	full			mcm5																						0.19207655	0.0	-0.19207655	False	gene_within_directional_target_embryo	True
gene_trajectory_comparison	B	E2	E1	full			mcm7																						0.31089196	0.42910624	0.11821428	True	gene_within_directional_target_embryo	True
gene_trajectory_comparison	B	E2	E1	full			mef2d																						0.11030910000000001	0.14614601	0.035836909999999986	True	gene_within_directional_target_embryo	True
gene_trajectory_comparison	B	E2	E1	full			meis1b																						0.5133803	0.47704878	-0.036331520000000006	False	gene_within_directional_target_embryo	True
gene_trajectory_comparison	B	E2	E1	full			meis2a																						0.09713674	0.015596878	-0.081539862	False	gene_within_directional_target_embryo	True
gene_trajectory_comparison	B	E2	E1	full			meis3																						0.07160559	0.31552600000000003	0.24392041000000003	True	gene_within_directional_target_embryo	True
gene_trajectory_comparison	B	E2	E1	full			meox1																						0.14173618	0.20496333	0.06322715000000001	True	gene_within_directional_target_embryo	True
gene_trajectory_comparison	B	E2	E1	full			mespaa																						0.008095067	-0.026249446000000003	-0.034344513	False	gene_within_directional_target_embryo	True
gene_trajectory_comparison	B	E2	E1	full			mespab																						0.35016240000000004	0.61207336	0.26191095999999997	True	gene_within_directional_target_embryo	True
gene_trajectory_comparison	B	E2	E1	full			mgst3b																						-0.08878229	0.0	0.08878229	True	gene_within_directional_target_embryo	True
gene_trajectory_comparison	B	E2	E1	full			mibp2																						0.09155511	0.13440093	0.04284582000000001	True	gene_within_directional_target_embryo	True
gene_trajectory_comparison	B	E2	E1	full			mixl1																						0.5472528	0.5936164	0.04636360000000006	True	gene_within_directional_target_embryo	True
gene_trajectory_comparison	B	E2	E1	full			mki67																						0.23217912	0.23770462	0.0055255000000000165	True	gene_within_directional_target_embryo	True
gene_trajectory_comparison	B	E2	E1	full			mns1																						0.12502901	0.24625388	0.12122487000000001	True	gene_within_directional_target_embryo	True
gene_trajectory_comparison	B	E2	E1	full			msgn1																						0.4836324000000001	0.7793068	0.2956743999999999	True	gene_within_directional_target_embryo	True
gene_trajectory_comparison	B	E2	E1	full			msx1b																						0.115225665	0.32699686	0.211771195	True	gene_within_directional_target_embryo	True
gene_trajectory_comparison	B	E2	E1	full			msx3																						-0.06924816	0.5230579000000001	0.5923060600000001	True	gene_within_directional_target_embryo	True
gene_trajectory_comparison	B	E2	E1	full			mycb																						0.07153878	0.15389119	0.08235241000000001	True	gene_within_directional_target_embryo	True
gene_trajectory_comparison	B	E2	E1	full			mych																						0.20018327	0.38131854	0.18113527	True	gene_within_directional_target_embryo	True
gene_trajectory_comparison	B	E2	E1	full			mycla																						0.13222422	0.33062857	0.19840435	True	gene_within_directional_target_embryo	True
gene_trajectory_comparison	B	E2	E1	full			myclb																						0.12789996	0.20507371	0.07717374999999999	True	gene_within_directional_target_embryo	True
gene_trajectory_comparison	B	E2	E1	full			mycn																						-0.16486874	0.090572655	0.255441395	True	gene_within_directional_target_embryo	True
gene_trajectory_comparison	B	E2	E1	full			myf5																						-0.05546922	0.31767216	0.37314137999999997	True	gene_within_directional_target_embryo	True
gene_trajectory_comparison	B	E2	E1	full			myod1																						0.19768457	0.23038293	0.03269836000000001	True	gene_within_directional_target_embryo	True
gene_trajectory_comparison	B	E2	E1	full			nanog																						0.0008055339	0.19533195	0.19452641610000002	True	gene_within_directional_target_embryo	True
gene_trajectory_comparison	B	E2	E1	full			nap1l1																						0.23392886	0.3341821	0.10025324	True	gene_within_directional_target_embryo	True
gene_trajectory_comparison	B	E2	E1	full			nasp																						0.048747458	0.13649125	0.08774379200000001	True	gene_within_directional_target_embryo	True
gene_trajectory_comparison	B	E2	E1	full			ncapd2																						-0.15581833	-0.12349163	0.0323267	True	gene_within_directional_target_embryo	True
gene_trajectory_comparison	B	E2	E1	full			nckap5l																						0.1358166	0.18098998	0.045173379999999985	True	gene_within_directional_target_embryo	True
gene_trajectory_comparison	B	E2	E1	full			ndr1																						0.35440913	0.40001148	0.04560234999999996	True	gene_within_directional_target_embryo	True
gene_trajectory_comparison	B	E2	E1	full			ndr2																						0.29368544	0.27872097	-0.014964470000000007	False	gene_within_directional_target_embryo	True
gene_trajectory_comparison	B	E2	E1	full			ndufv3																						0.091495514	0.15528393	0.06378841599999999	True	gene_within_directional_target_embryo	True
gene_trajectory_comparison	B	E2	E1	full			nid2a																						0.34911114	0.66939735	0.32028621	True	gene_within_directional_target_embryo	True
gene_trajectory_comparison	B	E2	E1	full			nip7																						0.04048452	0.20251726	0.16203274	True	gene_within_directional_target_embryo	True
gene_trajectory_comparison	B	E2	E1	full			nkx1.2la																						0.13735372	0.04523400599999999	-0.09211971400000002	False	gene_within_directional_target_embryo	True
gene_trajectory_comparison	B	E2	E1	full			nkx2.2a																						0.14250220000000002	0.18554135	0.04303914999999997	True	gene_within_directional_target_embryo	True
gene_trajectory_comparison	B	E2	E1	full			nog1																						0.0	0.09379575400000001	0.09379575400000001	True	gene_within_directional_target_embryo	True
gene_trajectory_comparison	B	E2	E1	full			nop58																						0.1659749	0.29734448	0.13136958	True	gene_within_directional_target_embryo	True
gene_trajectory_comparison	B	E2	E1	full			notch1a																						0.028865255	0.36050429999999994	0.33163904499999997	True	gene_within_directional_target_embryo	True
gene_trajectory_comparison	B	E2	E1	full			noto																						0.63834035	0.66144973	0.023109379999999957	True	gene_within_directional_target_embryo	True
gene_trajectory_comparison	B	E2	E1	full			nr2f2																						0.27914998	0.26545949999999996	-0.01369048000000006	False	gene_within_directional_target_embryo	True
gene_trajectory_comparison	B	E2	E1	full			nr6a1a																						0.14806987	0.15034345	0.0022735799999999973	True	gene_within_directional_target_embryo	True
gene_trajectory_comparison	B	E2	E1	full			nrarpa																						0.18640217	0.6441146	0.45771242999999995	True	gene_within_directional_target_embryo	True
gene_trajectory_comparison	B	E2	E1	full			nsd2																						-0.13937977	0.5270341	0.66641387	True	gene_within_directional_target_embryo	True
gene_trajectory_comparison	B	E2	E1	full			ntd5																						0.0	0.0	0.0	False	gene_within_directional_target_embryo	True
gene_trajectory_comparison	B	E2	E1	full			oclna																						0.23055652	0.18746184	-0.043094679999999996	False	gene_within_directional_target_embryo	True
gene_trajectory_comparison	B	E2	E1	full			olig4																						0.025634147000000003	-0.007105362	-0.032739509	False	gene_within_directional_target_embryo	True
gene_trajectory_comparison	B	E2	E1	full			otx1																						-0.1649925	0.35606859999999996	0.5210610999999999	True	gene_within_directional_target_embryo	True
gene_trajectory_comparison	B	E2	E1	full			otx2a																						0.1763098	0.4776839	0.3013741	True	gene_within_directional_target_embryo	True
gene_trajectory_comparison	B	E2	E1	full			otx2b																						-0.038326307999999996	0.38338205	0.42170835799999995	True	gene_within_directional_target_embryo	True
gene_trajectory_comparison	B	E2	E1	full			pax2a																						0.10168504	0.1439424	0.042257359999999994	True	gene_within_directional_target_embryo	True
gene_trajectory_comparison	B	E2	E1	full			pax3a																						0.01398248	0.1509399	0.13695742	True	gene_within_directional_target_embryo	True
gene_trajectory_comparison	B	E2	E1	full			pax6a																						0.2953949	0.30654895	0.011154049999999971	True	gene_within_directional_target_embryo	True
gene_trajectory_comparison	B	E2	E1	full			pax6b																						0.05080829	-0.03604996	-0.08685825	False	gene_within_directional_target_embryo	True
gene_trajectory_comparison	B	E2	E1	full			pbx1b																						0.011798868999999998	-0.06379213	-0.075590999	False	gene_within_directional_target_embryo	True
gene_trajectory_comparison	B	E2	E1	full			pbx4																						0.015411473	0.37453204	0.359120567	True	gene_within_directional_target_embryo	True
gene_trajectory_comparison	B	E2	E1	full			pcdh10b																						0.5865752	0.74938947	0.16281427000000004	True	gene_within_directional_target_embryo	True
gene_trajectory_comparison	B	E2	E1	full			pcdh7b																						0.15153266	0.28148642	0.12995376	True	gene_within_directional_target_embryo	True
gene_trajectory_comparison	B	E2	E1	full			PCDH8																						0.15036291	0.28007838	0.12971547000000003	True	gene_within_directional_target_embryo	True
gene_trajectory_comparison	B	E2	E1	full			pcdh8																						0.20552263	0.39937398	0.19385135	True	gene_within_directional_target_embryo	True
gene_trajectory_comparison	B	E2	E1	full			pdap1a																						0.17031625	0.21499386	0.044677610000000006	True	gene_within_directional_target_embryo	True
gene_trajectory_comparison	B	E2	E1	full			perp																						0.06651592	0.18617809999999999	0.11966217999999998	True	gene_within_directional_target_embryo	True
gene_trajectory_comparison	B	E2	E1	full			pfn2																						0.10424783	0.15858358	0.05433575	True	gene_within_directional_target_embryo	True
gene_trajectory_comparison	B	E2	E1	full			pitx2																						0.12076179999999999	0.16085784	0.04009604000000001	True	gene_within_directional_target_embryo	True
gene_trajectory_comparison	B	E2	E1	full			pknox1.1																						-0.276353	0.11497376	0.39132676	True	gene_within_directional_target_embryo	True
gene_trajectory_comparison	B	E2	E1	full			plagl2																						0.0	0.0	0.0	False	gene_within_directional_target_embryo	True
gene_trajectory_comparison	B	E2	E1	full			plekhg5b																						0.005699121999999999	0.19927871	0.193579588	True	gene_within_directional_target_embryo	True
gene_trajectory_comparison	B	E2	E1	full			pmp22b																						0.28298935	0.33137378	0.048384430000000034	True	gene_within_directional_target_embryo	True
gene_trajectory_comparison	B	E2	E1	full			pold3																						0.23781481	0.11712282	-0.12069198999999999	False	gene_within_directional_target_embryo	True
gene_trajectory_comparison	B	E2	E1	full			ppan																						0.16760306	0.32213800000000004	0.15453494000000004	True	gene_within_directional_target_embryo	True
gene_trajectory_comparison	B	E2	E1	full			ppp1r7																						0.09867819	0.12279922	0.02412103	True	gene_within_directional_target_embryo	True
gene_trajectory_comparison	B	E2	E1	full			prdm1a																						0.14090945	0.3946071	0.25369765	True	gene_within_directional_target_embryo	True
gene_trajectory_comparison	B	E2	E1	full			prickle1b																						-0.03659419	0.20677274	0.24336693	True	gene_within_directional_target_embryo	True
gene_trajectory_comparison	B	E2	E1	full			prmt1																						0.29629016	0.46658155	0.17029139	True	gene_within_directional_target_embryo	True
gene_trajectory_comparison	B	E2	E1	full			prox1a																						0.23865096	0.18185458	-0.05679638000000001	False	gene_within_directional_target_embryo	True
gene_trajectory_comparison	B	E2	E1	full			ptp4a2b																						0.16900957	0.14495757	-0.02405199999999999	False	gene_within_directional_target_embryo	True
gene_trajectory_comparison	B	E2	E1	full			pttg1																						-0.01750029	0.00269674	0.02019703	True	gene_within_directional_target_embryo	True
gene_trajectory_comparison	B	E2	E1	full			rab11fip4a																						0.1019411	0.21950865	0.11756754999999999	True	gene_within_directional_target_embryo	True
gene_trajectory_comparison	B	E2	E1	full			rac1a																						0.18689056	0.33562067	0.14873011	True	gene_within_directional_target_embryo	True
gene_trajectory_comparison	B	E2	E1	full			raraa																						-0.009657697	0.22518753	0.234845227	True	gene_within_directional_target_embryo	True
gene_trajectory_comparison	B	E2	E1	full			rasgef1ba																						0.33173943	0.47466487	0.14292544000000001	True	gene_within_directional_target_embryo	True
gene_trajectory_comparison	B	E2	E1	full			rasl11b																						0.061864644	0.0910053	0.029140655999999994	True	gene_within_directional_target_embryo	True
gene_trajectory_comparison	B	E2	E1	full			rbbp4																						0.20684543	0.35393772	0.14709229000000001	True	gene_within_directional_target_embryo	True
gene_trajectory_comparison	B	E2	E1	full			rbm4.3																						0.14620592	0.18600897	0.039803050000000006	True	gene_within_directional_target_embryo	True
gene_trajectory_comparison	B	E2	E1	full			rbm7																						0.015617883999999999	0.051592883	0.035974999	True	gene_within_directional_target_embryo	True
gene_trajectory_comparison	B	E2	E1	full			rbmx																						0.28694466	0.33575475	0.04881008999999997	True	gene_within_directional_target_embryo	True
gene_trajectory_comparison	B	E2	E1	full			rcc1																						0.21189389	0.39100359999999995	0.17910970999999995	True	gene_within_directional_target_embryo	True
gene_trajectory_comparison	B	E2	E1	full			rdh10b																						0.0	-0.0043202634000000005	-0.0043202634000000005	False	gene_within_directional_target_embryo	True
gene_trajectory_comparison	B	E2	E1	full			rfx2																						0.24027136	0.37050205	0.13023069000000004	True	gene_within_directional_target_embryo	True
gene_trajectory_comparison	B	E2	E1	full			rhov																						-0.018919446	0.15148777	0.170407216	True	gene_within_directional_target_embryo	True
gene_trajectory_comparison	B	E2	E1	full			ripply1																						0.07718727	0.17391251	0.09672523999999999	True	gene_within_directional_target_embryo	True
gene_trajectory_comparison	B	E2	E1	full			rnd1b																						0.17102260000000002	0.32085648	0.14983387999999997	True	gene_within_directional_target_embryo	True
gene_trajectory_comparison	B	E2	E1	full			rpl10																						0.25785387	0.21396112	-0.04389274999999998	False	gene_within_directional_target_embryo	True
gene_trajectory_comparison	B	E2	E1	full			rpl19																						0.14576933	0.22435784	0.07858851	True	gene_within_directional_target_embryo	True
gene_trajectory_comparison	B	E2	E1	full			rpl31																						0.08088854	-0.06908655	-0.14997508999999998	False	gene_within_directional_target_embryo	True
gene_trajectory_comparison	B	E2	E1	full			rpl34																						0.12079529	0.1512947	0.030499410000000005	True	gene_within_directional_target_embryo	True
gene_trajectory_comparison	B	E2	E1	full			rpl38																						0.0	0.0	0.0	False	gene_within_directional_target_embryo	True
gene_trajectory_comparison	B	E2	E1	full			rpl4																						0.15755671	0.29479086	0.13723415	True	gene_within_directional_target_embryo	True
gene_trajectory_comparison	B	E2	E1	full			rpl5a																						0.24249628	0.26374075	0.021244470000000015	True	gene_within_directional_target_embryo	True
gene_trajectory_comparison	B	E2	E1	full			rpl6																						0.19302396	0.36910057	0.17607661000000002	True	gene_within_directional_target_embryo	True
gene_trajectory_comparison	B	E2	E1	full			rplp0																						-0.009233273	0.040998823999999996	0.050232096999999996	True	gene_within_directional_target_embryo	True
gene_trajectory_comparison	B	E2	E1	full			rplp2l																						0.23420212	0.17995999999999998	-0.05424212000000003	False	gene_within_directional_target_embryo	True
gene_trajectory_comparison	B	E2	E1	full			rps3																						0.08198748	0.2107263	0.12873882	True	gene_within_directional_target_embryo	True
gene_trajectory_comparison	B	E2	E1	full			rps6																						0.08719550000000001	0.23284794	0.14565244	True	gene_within_directional_target_embryo	True
gene_trajectory_comparison	B	E2	E1	full			rrbp1b																						0.23802221	0.23198339999999998	-0.006038810000000033	False	gene_within_directional_target_embryo	True
gene_trajectory_comparison	B	E2	E1	full			rreb1a																						-0.15484355	0.33512604	0.48996959	True	gene_within_directional_target_embryo	True
gene_trajectory_comparison	B	E2	E1	full			rreb1b																						0.03039575	0.30225086	0.27185511	True	gene_within_directional_target_embryo	True
gene_trajectory_comparison	B	E2	E1	full			rrm2																						0.061101243	0.49614874	0.435047497	True	gene_within_directional_target_embryo	True
gene_trajectory_comparison	B	E2	E1	full			rrp8																						0.08518105	-0.016371276	-0.101552326	False	gene_within_directional_target_embryo	True
gene_trajectory_comparison	B	E2	E1	full			rx3																						0.11405043	0.11337716	-0.0006732699999999897	False	gene_within_directional_target_embryo	True
gene_trajectory_comparison	B	E2	E1	full			rxrgb																						0.28459359999999995	0.26958752	-0.015006079999999922	False	gene_within_directional_target_embryo	True
gene_trajectory_comparison	B	E2	E1	full			sall1a																						0.15284438	0.26964340000000003	0.11679902000000003	True	gene_within_directional_target_embryo	True
gene_trajectory_comparison	B	E2	E1	full			sall3a																						0.021263828999999998	0.08248047	0.061216641	True	gene_within_directional_target_embryo	True
gene_trajectory_comparison	B	E2	E1	full			sall3b																						0.32770702	0.49709994	0.16939292	True	gene_within_directional_target_embryo	True
gene_trajectory_comparison	B	E2	E1	full			sdc4																						0.115395755	0.26317078	0.147775025	True	gene_within_directional_target_embryo	True
gene_trajectory_comparison	B	E2	E1	full			sebox																						0.35389218	0.38581666	0.03192447999999998	True	gene_within_directional_target_embryo	True
gene_trajectory_comparison	B	E2	E1	full			sept9a																						0.43268293	0.7438726	0.31118967	True	gene_within_directional_target_embryo	True
gene_trajectory_comparison	B	E2	E1	full			shha																						0.17315966	0.0	-0.17315966	False	gene_within_directional_target_embryo	True
gene_trajectory_comparison	B	E2	E1	full			si:ch211-106e7.2																						-0.072555825	0.5039577000000001	0.5765135250000001	True	gene_within_directional_target_embryo	True
gene_trajectory_comparison	B	E2	E1	full			si:ch211-113a14.18																						-0.05621248	0.15697460000000002	0.21318708000000003	True	gene_within_directional_target_embryo	True
gene_trajectory_comparison	B	E2	E1	full			si:ch211-114n24.6																						-0.0067413137	0.21031247	0.2170537837	True	gene_within_directional_target_embryo	True
gene_trajectory_comparison	B	E2	E1	full			si:ch211-155e24.3																						0.28483978	0.42916167	0.14432189	True	gene_within_directional_target_embryo	True
gene_trajectory_comparison	B	E2	E1	full			si:ch211-161h7.4																						0.04026578	0.13791876	0.09765298	True	gene_within_directional_target_embryo	True
gene_trajectory_comparison	B	E2	E1	full			si:ch211-163l21.7																						0.05710372	0.058923605999999996	0.0018198859999999997	True	gene_within_directional_target_embryo	True
gene_trajectory_comparison	B	E2	E1	full			si:dkey-108k21.14																						0.269262	0.28349552	0.01423352	True	gene_within_directional_target_embryo	True
gene_trajectory_comparison	B	E2	E1	full			si:dkey-108k21.21																						0.37065476	0.34578627	-0.02486849000000002	False	gene_within_directional_target_embryo	True
gene_trajectory_comparison	B	E2	E1	full			si:dkey-261h17.1																						0.32366285	0.45196549999999996	0.12830264999999996	True	gene_within_directional_target_embryo	True
gene_trajectory_comparison	B	E2	E1	full			si:dkey-261m9.12																						0.34642112	0.4072711	0.06084997999999997	True	gene_within_directional_target_embryo	True
gene_trajectory_comparison	B	E2	E1	full			si:dkey-66i24.9																						0.021818485	-0.05097044	-0.072788925	False	gene_within_directional_target_embryo	True
gene_trajectory_comparison	B	E2	E1	full			si:dkey-68o6.5																						0.050748218	0.108068444	0.057320226	True	gene_within_directional_target_embryo	True
gene_trajectory_comparison	B	E2	E1	full			si:dkey-92i17.2																						0.14192973	0.069932126	-0.071997604	False	gene_within_directional_target_embryo	True
gene_trajectory_comparison	B	E2	E1	full			six3b																						0.07289126	-0.009495423000000001	-0.082386683	False	gene_within_directional_target_embryo	True
gene_trajectory_comparison	B	E2	E1	full			six4a																						0.5249628000000001	0.72009164	0.19512883999999997	True	gene_within_directional_target_embryo	True
gene_trajectory_comparison	B	E2	E1	full			six4b																						0.019901097	0.22055158	0.200650483	True	gene_within_directional_target_embryo	True
gene_trajectory_comparison	B	E2	E1	full			six7																						0.21499193	0.43607432	0.22108239000000002	True	gene_within_directional_target_embryo	True
gene_trajectory_comparison	B	E2	E1	full			skia																						-0.26951840000000005	0.15537144	0.4248898400000001	True	gene_within_directional_target_embryo	True
gene_trajectory_comparison	B	E2	E1	full			skila																						0.0	0.0	0.0	False	gene_within_directional_target_embryo	True
gene_trajectory_comparison	B	E2	E1	full			skilb																						0.28804886	0.41729890000000003	0.12925004	True	gene_within_directional_target_embryo	True
gene_trajectory_comparison	B	E2	E1	full			smtnl																						0.24006465	0.34677485	0.10671020000000003	True	gene_within_directional_target_embryo	True
gene_trajectory_comparison	B	E2	E1	full			snai1a																						0.20801570000000003	0.5660815	0.3580658	True	gene_within_directional_target_embryo	True
gene_trajectory_comparison	B	E2	E1	full			snai2																						0.003456126	0.0010423999000000001	-0.0024137260999999998	False	gene_within_directional_target_embryo	True
gene_trajectory_comparison	B	E2	E1	full			snrpc																						0.0	0.059407067	0.059407067	True	gene_within_directional_target_embryo	True
gene_trajectory_comparison	B	E2	E1	full			snrpd3																						0.21849757	0.26316047	0.04466289999999998	True	gene_within_directional_target_embryo	True
gene_trajectory_comparison	B	E2	E1	full			snrpg																						0.0	0.08255553	0.08255553	True	gene_within_directional_target_embryo	True
gene_trajectory_comparison	B	E2	E1	full			sox10																						0.07065469	0.2754783	0.20482361	True	gene_within_directional_target_embryo	True
gene_trajectory_comparison	B	E2	E1	full			sox11a																						0.4107438	0.6403970999999999	0.22965329999999995	True	gene_within_directional_target_embryo	True
gene_trajectory_comparison	B	E2	E1	full			sox11b																						0.057797536	0.22710024	0.16930270400000003	True	gene_within_directional_target_embryo	True
gene_trajectory_comparison	B	E2	E1	full			sox13																						0.24220647	0.2538278	0.011621329999999985	True	gene_within_directional_target_embryo	True
gene_trajectory_comparison	B	E2	E1	full			sox17																						0.04148812	0.1458219	0.10433378	True	gene_within_directional_target_embryo	True
gene_trajectory_comparison	B	E2	E1	full			sox19a																						0.20582572	0.5925256	0.38669988	True	gene_within_directional_target_embryo	True
gene_trajectory_comparison	B	E2	E1	full			sox3																						0.17734867	0.33670193	0.15935325999999997	True	gene_within_directional_target_embryo	True
gene_trajectory_comparison	B	E2	E1	full			sox32																						0.26322833	0.52020913	0.2569808	True	gene_within_directional_target_embryo	True
gene_trajectory_comparison	B	E2	E1	full			sox5																						0.4296127	0.55766124	0.12804853999999993	True	gene_within_directional_target_embryo	True
gene_trajectory_comparison	B	E2	E1	full			sp5a																						0.24589445	0.26104310000000003	0.015148650000000041	True	gene_within_directional_target_embryo	True
gene_trajectory_comparison	B	E2	E1	full			sp5l																						0.60650575	0.8830072	0.27650145000000004	True	gene_within_directional_target_embryo	True
gene_trajectory_comparison	B	E2	E1	full			spon1b																						0.14678735	0.15462096	0.00783360999999999	True	gene_within_directional_target_embryo	True
gene_trajectory_comparison	B	E2	E1	full			srp19																						0.16996193	0.16528788	-0.004674050000000013	False	gene_within_directional_target_embryo	True
gene_trajectory_comparison	B	E2	E1	full			srrm4																						0.13421737	0.18105032	0.046832949999999984	True	gene_within_directional_target_embryo	True
gene_trajectory_comparison	B	E2	E1	full			stmn1a																						0.0	0.0	0.0	False	gene_within_directional_target_embryo	True
gene_trajectory_comparison	B	E2	E1	full			stox1																						0.08150514	0.21411164	0.1326065	True	gene_within_directional_target_embryo	True
gene_trajectory_comparison	B	E2	E1	full			supt16h																						0.23810868	0.30102086	0.06291218000000001	True	gene_within_directional_target_embryo	True
gene_trajectory_comparison	B	E2	E1	full			syne2b																						0.061385583	0.36976978	0.30838419699999997	True	gene_within_directional_target_embryo	True
gene_trajectory_comparison	B	E2	E1	full			tagln2																						0.19720957	0.36106020000000005	0.16385063000000005	True	gene_within_directional_target_embryo	True
gene_trajectory_comparison	B	E2	E1	full			tbr1b																						0.13577762	0.03635369	-0.09942393	False	gene_within_directional_target_embryo	True
gene_trajectory_comparison	B	E2	E1	full			tbx1																						0.11525194	0.4282928	0.31304086	True	gene_within_directional_target_embryo	True
gene_trajectory_comparison	B	E2	E1	full			tbx16																						0.18264616	0.6921805	0.50953434	True	gene_within_directional_target_embryo	True
gene_trajectory_comparison	B	E2	E1	full			tbx16l																						0.26176864	0.66526955	0.40350091	True	gene_within_directional_target_embryo	True
gene_trajectory_comparison	B	E2	E1	full			tbx3b																						-0.01066535	0.029272905	0.039938255	True	gene_within_directional_target_embryo	True
gene_trajectory_comparison	B	E2	E1	full			tbx6																						0.27423188	0.35503113	0.08079924999999999	True	gene_within_directional_target_embryo	True
gene_trajectory_comparison	B	E2	E1	full			tbxta																						-0.16356115	0.37588987	0.53945102	True	gene_within_directional_target_embryo	True
gene_trajectory_comparison	B	E2	E1	full			tbxtb																						0.22987950000000001	0.5053141	0.2754346	True	gene_within_directional_target_embryo	True
gene_trajectory_comparison	B	E2	E1	full			tcf3b																						0.17336778	0.70493793	0.5315701500000001	True	gene_within_directional_target_embryo	True
gene_trajectory_comparison	B	E2	E1	full			tcf7																						0.3400391	0.6763874	0.3363483	True	gene_within_directional_target_embryo	True
gene_trajectory_comparison	B	E2	E1	full			tcf7l1a																						0.0880362	0.7656358	0.6775996	True	gene_within_directional_target_embryo	True
gene_trajectory_comparison	B	E2	E1	full			tcf7l1b																						0.16668797	0.6338585999999999	0.4671706299999999	True	gene_within_directional_target_embryo	True
gene_trajectory_comparison	B	E2	E1	full			tcf7l2																						0.17685278	0.1349911	-0.041861679999999984	False	gene_within_directional_target_embryo	True
gene_trajectory_comparison	B	E2	E1	full			tdgf1																						-0.31319144	-0.05984148	0.25334996	True	gene_within_directional_target_embryo	True
gene_trajectory_comparison	B	E2	E1	full			tead1a																						0.11960892	0.26973897	0.15013005000000001	True	gene_within_directional_target_embryo	True
gene_trajectory_comparison	B	E2	E1	full			tead1b																						-0.045639087	0.026251662999999998	0.07189075	True	gene_within_directional_target_embryo	True
gene_trajectory_comparison	B	E2	E1	full			tfap2a																						0.29107252	0.44213507	0.15106255000000002	True	gene_within_directional_target_embryo	True
gene_trajectory_comparison	B	E2	E1	full			tfap2c																						-0.20358238	0.5987443	0.80232668	True	gene_within_directional_target_embryo	True
gene_trajectory_comparison	B	E2	E1	full			tgif1																						0.27008173	0.2926557	0.02257397	True	gene_within_directional_target_embryo	True
gene_trajectory_comparison	B	E2	E1	full			tlcd5a																						-0.041256145	0.028447837000000004	0.069703982	True	gene_within_directional_target_embryo	True
gene_trajectory_comparison	B	E2	E1	full			tmed10																						0.1525854	0.11900847	-0.033576930000000005	False	gene_within_directional_target_embryo	True
gene_trajectory_comparison	B	E2	E1	full			tmed2																						0.13358085	0.0	-0.13358085	False	gene_within_directional_target_embryo	True
gene_trajectory_comparison	B	E2	E1	full			tp63																						0.18720682	0.31928676	0.13207994	True	gene_within_directional_target_embryo	True
gene_trajectory_comparison	B	E2	E1	full			tpx2																						0.13080359	0.0	-0.13080359	False	gene_within_directional_target_embryo	True
gene_trajectory_comparison	B	E2	E1	full			tram1																						0.17740864	0.25679144	0.07938279999999998	True	gene_within_directional_target_embryo	True
gene_trajectory_comparison	B	E2	E1	full			trps1																						0.22075339	0.24059793	0.019844539999999994	True	gene_within_directional_target_embryo	True
gene_trajectory_comparison	B	E2	E1	full			tshz3b																						0.30371276	0.38571176	0.08199899999999999	True	gene_within_directional_target_embryo	True
gene_trajectory_comparison	B	E2	E1	full			tuba1a																						0.24144325	0.24094045	-0.0005027999999999977	False	gene_within_directional_target_embryo	True
gene_trajectory_comparison	B	E2	E1	full			tuba8l																						0.15892927	0.0	-0.15892927	False	gene_within_directional_target_embryo	True
gene_trajectory_comparison	B	E2	E1	full			tuba8l2																						0.5677685	0.7135598000000001	0.14579130000000007	True	gene_within_directional_target_embryo	True
gene_trajectory_comparison	B	E2	E1	full			tuba8l4																						0.06598605	0.21586648	0.14988043	True	gene_within_directional_target_embryo	True
gene_trajectory_comparison	B	E2	E1	full			tubb2b																						0.20420276	0.26702988	0.06282711999999999	True	gene_within_directional_target_embryo	True
gene_trajectory_comparison	B	E2	E1	full			twist1a																						0.0	0.16350707	0.16350707	True	gene_within_directional_target_embryo	True
gene_trajectory_comparison	B	E2	E1	full			twist2																						0.0	0.16570610000000002	0.16570610000000002	True	gene_within_directional_target_embryo	True
gene_trajectory_comparison	B	E2	E1	full			ube2c																						-0.02706369	0.0	0.02706369	True	gene_within_directional_target_embryo	True
gene_trajectory_comparison	B	E2	E1	full			uhrf1																						0.07418833	0.28111932	0.20693099	True	gene_within_directional_target_embryo	True
gene_trajectory_comparison	B	E2	E1	full			unc5b																						0.44692040000000005	0.5511769	0.10425649999999992	True	gene_within_directional_target_embryo	True
gene_trajectory_comparison	B	E2	E1	full			uncx4.1																						-0.09388306	0.003958374000000001	0.097841434	True	gene_within_directional_target_embryo	True
gene_trajectory_comparison	B	E2	E1	full			unga																						0.093136124	0.24444938	0.151313256	True	gene_within_directional_target_embryo	True
gene_trajectory_comparison	B	E2	E1	full			usf1																						0.12512724	0.12555572	0.00042848000000000885	True	gene_within_directional_target_embryo	True
gene_trajectory_comparison	B	E2	E1	full			ved																						-0.078728415	0.83516335	0.913891765	True	gene_within_directional_target_embryo	True
gene_trajectory_comparison	B	E2	E1	full			vgll4l																						0.27793604	0.47183862	0.19390258	True	gene_within_directional_target_embryo	True
gene_trajectory_comparison	B	E2	E1	full			vox																						0.14798279	0.18695359	0.0389708	True	gene_within_directional_target_embryo	True
gene_trajectory_comparison	B	E2	E1	full			vrtn																						-0.05552734	0.07358084599999999	0.12910818599999999	True	gene_within_directional_target_embryo	True
gene_trajectory_comparison	B	E2	E1	full			vsx2																						0.28108954	0.2224708	-0.05861874000000003	False	gene_within_directional_target_embryo	True
gene_trajectory_comparison	B	E2	E1	full			wnt11f2																						0.2774988	0.45590597	0.17840717	True	gene_within_directional_target_embryo	True
gene_trajectory_comparison	B	E2	E1	full			wnt8a																						0.16136862	0.54170024	0.3803316200000001	True	gene_within_directional_target_embryo	True
gene_trajectory_comparison	B	E2	E1	full			xbp1																						0.0	0.14998662	0.14998662	True	gene_within_directional_target_embryo	True
gene_trajectory_comparison	B	E2	E1	full			zbtb18																						0.11628836	0.16377957	0.04749121000000002	True	gene_within_directional_target_embryo	True
gene_trajectory_comparison	B	E2	E1	full			zc4h2																						0.07563851	0.0	-0.07563851	False	gene_within_directional_target_embryo	True
gene_trajectory_comparison	B	E2	E1	full			zeb1a																						-0.07709036	0.4960423	0.57313266	True	gene_within_directional_target_embryo	True
gene_trajectory_comparison	B	E2	E1	full			zeb1b																						0.017236825	0.25264385	0.235407025	True	gene_within_directional_target_embryo	True
gene_trajectory_comparison	B	E2	E1	full			zeb2a																						0.22846557	0.19537075	-0.03309482	False	gene_within_directional_target_embryo	True
gene_trajectory_comparison	B	E2	E1	full			zeb2b																						0.004002062	0.14587703	0.141874968	True	gene_within_directional_target_embryo	True
gene_trajectory_comparison	B	E2	E1	full			zfand5a																						0.24516465	0.31883657	0.07367191999999997	True	gene_within_directional_target_embryo	True
gene_trajectory_comparison	B	E2	E1	full			zgc:113372																						0.050590657000000004	0.036055703	-0.014534954000000003	False	gene_within_directional_target_embryo	True
gene_trajectory_comparison	B	E2	E1	full			zgc:113424																						0.28623843	0.24313913	-0.04309929999999998	False	gene_within_directional_target_embryo	True
gene_trajectory_comparison	B	E2	E1	full			zgc:174154																						0.025749937	0.13719778	0.11144784299999999	True	gene_within_directional_target_embryo	True
gene_trajectory_comparison	B	E2	E1	full			zgc:175088																						0.056823127	0.17928757	0.122464443	True	gene_within_directional_target_embryo	True
gene_trajectory_comparison	B	E2	E1	full			zic2a																						0.19245093	0.46836793	0.27591699999999997	True	gene_within_directional_target_embryo	True
gene_trajectory_comparison	B	E2	E1	full			zic2b																						-0.19576305	0.52738154	0.72314459	True	gene_within_directional_target_embryo	True
gene_trajectory_comparison	B	E2	E1	full			zic3																						-0.38413757	0.3772664	0.7614039699999999	True	gene_within_directional_target_embryo	True
gene_trajectory_comparison	B	E2	E1	full			zmp:0000000624																						0.15688342	0.0	-0.15688342	False	gene_within_directional_target_embryo	True
gene_trajectory_comparison	B	E2	E1	full			znf1004																						0.1969566	0.5002111	0.3032545	True	gene_within_directional_target_embryo	True
gene_trajectory_comparison	B	E2	E1	full			znf185																						0.38102898	0.41780958	0.0367806	True	gene_within_directional_target_embryo	True
gene_trajectory_comparison	B	E2	E1	full			znf576.2																						0.10987982	0.16706120000000002	0.05718138000000002	True	gene_within_directional_target_embryo	True
gene_trajectory_comparison	B	E2	E1	full			znfl2a																						-0.21295589999999998	0.35867129999999997	0.5716272	True	gene_within_directional_target_embryo	True
gene_trajectory_comparison	B	E2	E1	full			zswim5																						0.0	0.30379966	0.30379966	True	gene_within_directional_target_embryo	True
