extension	setting	stage	source_embryo	direction	frozen_ridge	frozen_gain	anchor_a	anchor_b_conditioned	anchor_a_rank	anchor_b_rank	conditional_utility_median_residual_pearson	conditional_mse_improvement_median	fraction_genes_helped_conditionally	genes_evaluated	interpretation
post-hoc experimental-design extension	50p_E1_to_E2	50% epiboly	E1	E1→E2	10.0	1.0	klf2a	gata5	1	2	0.0009021233389982508	0.00013906931146950852	0.6179540709812108	479	lower conditional utility indicates greater substitution/redundancy
post-hoc experimental-design extension	50p_E1_to_E2	50% epiboly	E1	E1→E2	10.0	1.0	klf2a	perp	1	3	0.0034748460709735085	0.0005691597265313209	0.7118997912317327	479	lower conditional utility indicates greater substitution/redundancy
post-hoc experimental-design extension	50p_E1_to_E2	50% epiboly	E1	E1→E2	10.0	1.0	klf2a	mdm2	1	4	0.001165451086114766	0.00016885376322038625	0.6743215031315241	479	lower conditional utility indicates greater substitution/redundancy
post-hoc experimental-design extension	50p_E1_to_E2	50% epiboly	E1	E1→E2	10.0	1.0	klf2a	tfap2c	1	5	0.0009085416004045999	0.00014476155758247344	0.6325678496868476	479	lower conditional utility indicates greater substitution/redundancy
post-hoc experimental-design extension	50p_E1_to_E2	50% epiboly	E1	E1→E2	10.0	1.0	klf2a	cxcr4a	1	6	0.001288363828477801	0.00018071178476343486	0.6597077244258872	479	lower conditional utility indicates greater substitution/redundancy
post-hoc experimental-design extension	50p_E1_to_E2	50% epiboly	E1	E1→E2	10.0	1.0	klf2a	dact2	1	7	0.00094249460527987	0.00012759536262801907	0.6325678496868476	479	lower conditional utility indicates greater substitution/redundancy
post-hoc experimental-design extension	50p_E1_to_E2	50% epiboly	E1	E1→E2	10.0	1.0	klf2a	bmp7a	1	8	0.0019575235142765823	0.00031158907761225096	0.7014613778705637	479	lower conditional utility indicates greater substitution/redundancy
post-hoc experimental-design extension	50p_E1_to_E2	50% epiboly	E1	E1→E2	10.0	1.0	klf2a	efnb2a	1	9	0.0007364828970602977	0.00010317393698325295	0.6325678496868476	479	lower conditional utility indicates greater substitution/redundancy
post-hoc experimental-design extension	50p_E1_to_E2	50% epiboly	E1	E1→E2	10.0	1.0	klf2a	foxd5	1	10	0.0008723154350249174	0.00011802023160752129	0.6263048016701461	479	lower conditional utility indicates greater substitution/redundancy
post-hoc experimental-design extension	50p_E1_to_E2	50% epiboly	E1	E1→E2	10.0	1.0	klf2a	ppp1r7	1	11	0.0008429549273932802	0.00013924482794266946	0.6346555323590815	479	lower conditional utility indicates greater substitution/redundancy
post-hoc experimental-design extension	50p_E1_to_E2	50% epiboly	E1	E1→E2	10.0	1.0	klf2a	cfl1l	1	12	0.0009247415342912291	0.00011910048739655066	0.6346555323590815	479	lower conditional utility indicates greater substitution/redundancy
post-hoc experimental-design extension	50p_E1_to_E2	50% epiboly	E1	E1→E2	10.0	1.0	klf2a	cdx4	1	13	0.0007572526924362888	0.00010216704011334343	0.6367432150313153	479	lower conditional utility indicates greater substitution/redundancy
post-hoc experimental-design extension	50p_E1_to_E2	50% epiboly	E1	E1→E2	10.0	1.0	klf2a	hoxb1b	1	14	0.0007320178410959444	0.00010423226911732142	0.6409185803757829	479	lower conditional utility indicates greater substitution/redundancy
post-hoc experimental-design extension	50p_E1_to_E2	50% epiboly	E1	E1→E2	10.0	1.0	klf2a	sox10	1	15	0.0007694474706945453	0.00010663291776255579	0.6346555323590815	479	lower conditional utility indicates greater substitution/redundancy
post-hoc experimental-design extension	50p_E1_to_E2	50% epiboly	E1	E1→E2	10.0	1.0	klf2a	foxg1a	1	16	0.0007471402075780453	0.00010543987761116314	0.6388308977035491	479	lower conditional utility indicates greater substitution/redundancy
post-hoc experimental-design extension	50p_E1_to_E2	50% epiboly	E1	E1→E2	10.0	1.0	gata5	klf2a	2	1	0.0021506118051539402	0.0003546084972123331	0.7098121085594989	479	lower conditional utility indicates greater substitution/redundancy
post-hoc experimental-design extension	50p_E1_to_E2	50% epiboly	E1	E1→E2	10.0	1.0	gata5	perp	2	3	0.0023841657805842575	0.000344370323593135	0.7014613778705637	479	lower conditional utility indicates greater substitution/redundancy
post-hoc experimental-design extension	50p_E1_to_E2	50% epiboly	E1	E1→E2	10.0	1.0	gata5	mdm2	2	4	0.003322149417353995	0.000550778018085063	0.7306889352818372	479	lower conditional utility indicates greater substitution/redundancy
post-hoc experimental-design extension	50p_E1_to_E2	50% epiboly	E1	E1→E2	10.0	1.0	gata5	tfap2c	2	5	0.0023445556204111373	0.0002905410244927742	0.7035490605427975	479	lower conditional utility indicates greater substitution/redundancy
post-hoc experimental-design extension	50p_E1_to_E2	50% epiboly	E1	E1→E2	10.0	1.0	gata5	cxcr4a	2	6	0.002912674941415283	0.0004375716227461579	0.6931106471816284	479	lower conditional utility indicates greater substitution/redundancy
post-hoc experimental-design extension	50p_E1_to_E2	50% epiboly	E1	E1→E2	10.0	1.0	gata5	dact2	2	7	0.0022596258516440204	0.00029705634427851235	0.6993736951983298	479	lower conditional utility indicates greater substitution/redundancy
post-hoc experimental-design extension	50p_E1_to_E2	50% epiboly	E1	E1→E2	10.0	1.0	gata5	bmp7a	2	8	0.002142907466559263	0.0004048286301038817	0.7056367432150313	479	lower conditional utility indicates greater substitution/redundancy
post-hoc experimental-design extension	50p_E1_to_E2	50% epiboly	E1	E1→E2	10.0	1.0	gata5	efnb2a	2	9	0.0024217282655855654	0.00040933782747754055	0.7014613778705637	479	lower conditional utility indicates greater substitution/redundancy
post-hoc experimental-design extension	50p_E1_to_E2	50% epiboly	E1	E1→E2	10.0	1.0	gata5	foxd5	2	10	0.004623651007485519	0.0007333525737889257	0.732776617954071	479	lower conditional utility indicates greater substitution/redundancy
post-hoc experimental-design extension	50p_E1_to_E2	50% epiboly	E1	E1→E2	10.0	1.0	gata5	ppp1r7	2	11	0.002254247318481173	0.0003413431533610123	0.7118997912317327	479	lower conditional utility indicates greater substitution/redundancy
post-hoc experimental-design extension	50p_E1_to_E2	50% epiboly	E1	E1→E2	10.0	1.0	gata5	cfl1l	2	12	0.002069162824249182	0.00031768730546694046	0.7056367432150313	479	lower conditional utility indicates greater substitution/redundancy
post-hoc experimental-design extension	50p_E1_to_E2	50% epiboly	E1	E1→E2	10.0	1.0	gata5	cdx4	2	13	0.002364040346324703	0.000360595995057722	0.7056367432150313	479	lower conditional utility indicates greater substitution/redundancy
post-hoc experimental-design extension	50p_E1_to_E2	50% epiboly	E1	E1→E2	10.0	1.0	gata5	hoxb1b	2	14	0.0021815360575078158	0.0003037301286598626	0.6993736951983298	479	lower conditional utility indicates greater substitution/redundancy
post-hoc experimental-design extension	50p_E1_to_E2	50% epiboly	E1	E1→E2	10.0	1.0	gata5	sox10	2	15	0.002267263003375375	0.00029175372453782433	0.7077244258872651	479	lower conditional utility indicates greater substitution/redundancy
post-hoc experimental-design extension	50p_E1_to_E2	50% epiboly	E1	E1→E2	10.0	1.0	gata5	foxg1a	2	16	0.002295333108016162	0.000329761049593702	0.7077244258872651	479	lower conditional utility indicates greater substitution/redundancy
post-hoc experimental-design extension	50p_E1_to_E2	50% epiboly	E1	E1→E2	10.0	1.0	perp	klf2a	3	1	0.004918330660241221	0.0007720744618405634	0.7118997912317327	479	lower conditional utility indicates greater substitution/redundancy
post-hoc experimental-design extension	50p_E1_to_E2	50% epiboly	E1	E1→E2	10.0	1.0	perp	gata5	3	2	0.0019314473974387236	0.0003225294992181271	0.6722338204592901	479	lower conditional utility indicates greater substitution/redundancy
post-hoc experimental-design extension	50p_E1_to_E2	50% epiboly	E1	E1→E2	10.0	1.0	perp	mdm2	3	4	0.0022343128662521416	0.00036981737526531333	0.6847599164926931	479	lower conditional utility indicates greater substitution/redundancy
post-hoc experimental-design extension	50p_E1_to_E2	50% epiboly	E1	E1→E2	10.0	1.0	perp	tfap2c	3	5	0.0019891247127411804	0.00030032234956128834	0.6805845511482255	479	lower conditional utility indicates greater substitution/redundancy
post-hoc experimental-design extension	50p_E1_to_E2	50% epiboly	E1	E1→E2	10.0	1.0	perp	cxcr4a	3	6	0.0021800165235805746	0.0003865563923114157	0.7118997912317327	479	lower conditional utility indicates greater substitution/redundancy
post-hoc experimental-design extension	50p_E1_to_E2	50% epiboly	E1	E1→E2	10.0	1.0	perp	dact2	3	7	0.0025365228289245256	0.0003831928946570473	0.7118997912317327	479	lower conditional utility indicates greater substitution/redundancy
post-hoc experimental-design extension	50p_E1_to_E2	50% epiboly	E1	E1→E2	10.0	1.0	perp	bmp7a	3	8	0.0022418408499792764	0.0003686523536144959	0.6701461377870563	479	lower conditional utility indicates greater substitution/redundancy
post-hoc experimental-design extension	50p_E1_to_E2	50% epiboly	E1	E1→E2	10.0	1.0	perp	efnb2a	3	9	0.0029157438049389195	0.0004452497319981652	0.7056367432150313	479	lower conditional utility indicates greater substitution/redundancy
post-hoc experimental-design extension	50p_E1_to_E2	50% epiboly	E1	E1→E2	10.0	1.0	perp	foxd5	3	10	0.0019801996293694057	0.0003215723257841141	0.6847599164926931	479	lower conditional utility indicates greater substitution/redundancy
post-hoc experimental-design extension	50p_E1_to_E2	50% epiboly	E1	E1→E2	10.0	1.0	perp	ppp1r7	3	11	0.0019454327971058227	0.0003211009485620808	0.6868475991649269	479	lower conditional utility indicates greater substitution/redundancy
post-hoc experimental-design extension	50p_E1_to_E2	50% epiboly	E1	E1→E2	10.0	1.0	perp	cfl1l	3	12	0.00199126850877987	0.0003068884594759347	0.6784968684759917	479	lower conditional utility indicates greater substitution/redundancy
post-hoc experimental-design extension	50p_E1_to_E2	50% epiboly	E1	E1→E2	10.0	1.0	perp	cdx4	3	13	0.0024333665536208637	0.0003727588825849226	0.6910229645093946	479	lower conditional utility indicates greater substitution/redundancy
post-hoc experimental-design extension	50p_E1_to_E2	50% epiboly	E1	E1→E2	10.0	1.0	perp	hoxb1b	3	14	0.001969247234892335	0.00030912729632494307	0.6805845511482255	479	lower conditional utility indicates greater substitution/redundancy
post-hoc experimental-design extension	50p_E1_to_E2	50% epiboly	E1	E1→E2	10.0	1.0	perp	sox10	3	15	0.0019676791988713083	0.00030728405750898857	0.6805845511482255	479	lower conditional utility indicates greater substitution/redundancy
post-hoc experimental-design extension	50p_E1_to_E2	50% epiboly	E1	E1→E2	10.0	1.0	perp	foxg1a	3	16	0.001941048897385833	0.0003202413107904478	0.6764091858037579	479	lower conditional utility indicates greater substitution/redundancy
post-hoc experimental-design extension	50p_E1_to_E2	50% epiboly	E1	E1→E2	10.0	1.0	mdm2	klf2a	4	1	0.0018143242992688657	0.0003791389067410167	0.7223382045929019	479	lower conditional utility indicates greater substitution/redundancy
post-hoc experimental-design extension	50p_E1_to_E2	50% epiboly	E1	E1→E2	10.0	1.0	mdm2	gata5	4	2	0.0020800700212249	0.00048677064719815366	0.7014613778705637	479	lower conditional utility indicates greater substitution/redundancy
post-hoc experimental-design extension	50p_E1_to_E2	50% epiboly	E1	E1→E2	10.0	1.0	mdm2	perp	4	3	0.0017208544472943899	0.0003131071724410128	0.6784968684759917	479	lower conditional utility indicates greater substitution/redundancy
post-hoc experimental-design extension	50p_E1_to_E2	50% epiboly	E1	E1→E2	10.0	1.0	mdm2	tfap2c	4	5	0.001838424120516824	0.00036834871827640114	0.6931106471816284	479	lower conditional utility indicates greater substitution/redundancy
post-hoc experimental-design extension	50p_E1_to_E2	50% epiboly	E1	E1→E2	10.0	1.0	mdm2	cxcr4a	4	6	0.001525284849091424	0.000287076106866041	0.6764091858037579	479	lower conditional utility indicates greater substitution/redundancy
post-hoc experimental-design extension	50p_E1_to_E2	50% epiboly	E1	E1→E2	10.0	1.0	mdm2	dact2	4	7	0.0015415132594143177	0.00029259825525784766	0.6805845511482255	479	lower conditional utility indicates greater substitution/redundancy
post-hoc experimental-design extension	50p_E1_to_E2	50% epiboly	E1	E1→E2	10.0	1.0	mdm2	bmp7a	4	8	0.00235748915815992	0.0004736186561498379	0.7306889352818372	479	lower conditional utility indicates greater substitution/redundancy
post-hoc experimental-design extension	50p_E1_to_E2	50% epiboly	E1	E1→E2	10.0	1.0	mdm2	efnb2a	4	9	0.0018219225187194876	0.00035478385511023003	0.6910229645093946	479	lower conditional utility indicates greater substitution/redundancy
post-hoc experimental-design extension	50p_E1_to_E2	50% epiboly	E1	E1→E2	10.0	1.0	mdm2	foxd5	4	10	0.0015676326537841512	0.0002567770658273849	0.6638830897703549	479	lower conditional utility indicates greater substitution/redundancy
post-hoc experimental-design extension	50p_E1_to_E2	50% epiboly	E1	E1→E2	10.0	1.0	mdm2	ppp1r7	4	11	0.0018318016972581064	0.000376792478208432	0.6868475991649269	479	lower conditional utility indicates greater substitution/redundancy
post-hoc experimental-design extension	50p_E1_to_E2	50% epiboly	E1	E1→E2	10.0	1.0	mdm2	cfl1l	4	12	0.0022215920592474347	0.0003943215554571	0.6868475991649269	479	lower conditional utility indicates greater substitution/redundancy
post-hoc experimental-design extension	50p_E1_to_E2	50% epiboly	E1	E1→E2	10.0	1.0	mdm2	cdx4	4	13	0.0015961651976934554	0.00027888079218152395	0.6805845511482255	479	lower conditional utility indicates greater substitution/redundancy
post-hoc experimental-design extension	50p_E1_to_E2	50% epiboly	E1	E1→E2	10.0	1.0	mdm2	hoxb1b	4	14	0.0014811452036875006	0.00029145539492508865	0.6764091858037579	479	lower conditional utility indicates greater substitution/redundancy
post-hoc experimental-design extension	50p_E1_to_E2	50% epiboly	E1	E1→E2	10.0	1.0	mdm2	sox10	4	15	0.0014961776112212832	0.0002816275465671869	0.6764091858037579	479	lower conditional utility indicates greater substitution/redundancy
post-hoc experimental-design extension	50p_E1_to_E2	50% epiboly	E1	E1→E2	10.0	1.0	mdm2	foxg1a	4	16	0.0015115450549197385	0.0002819060010396668	0.6764091858037579	479	lower conditional utility indicates greater substitution/redundancy
post-hoc experimental-design extension	50p_E1_to_E2	50% epiboly	E1	E1→E2	10.0	1.0	tfap2c	klf2a	5	1	0.0006887749602173532	7.445425080004897e-05	0.5970772442588727	479	lower conditional utility indicates greater substitution/redundancy
post-hoc experimental-design extension	50p_E1_to_E2	50% epiboly	E1	E1→E2	10.0	1.0	tfap2c	gata5	5	2	0.00043277642390482374	8.400902284838585e-05	0.5824634655532359	479	lower conditional utility indicates greater substitution/redundancy
post-hoc experimental-design extension	50p_E1_to_E2	50% epiboly	E1	E1→E2	10.0	1.0	tfap2c	perp	5	3	0.0004427759103522999	5.164626607517819e-05	0.5741127348643006	479	lower conditional utility indicates greater substitution/redundancy
post-hoc experimental-design extension	50p_E1_to_E2	50% epiboly	E1	E1→E2	10.0	1.0	tfap2c	mdm2	5	4	0.0007795979867493141	0.0001289808673705095	0.6096033402922756	479	lower conditional utility indicates greater substitution/redundancy
post-hoc experimental-design extension	50p_E1_to_E2	50% epiboly	E1	E1→E2	10.0	1.0	tfap2c	cxcr4a	5	6	0.00046873828913118754	5.1241811290514416e-05	0.5782881002087683	479	lower conditional utility indicates greater substitution/redundancy
post-hoc experimental-design extension	50p_E1_to_E2	50% epiboly	E1	E1→E2	10.0	1.0	tfap2c	dact2	5	7	0.0002505698160684411	4.204133114477093e-05	0.5615866388308977	479	lower conditional utility indicates greater substitution/redundancy
post-hoc experimental-design extension	50p_E1_to_E2	50% epiboly	E1	E1→E2	10.0	1.0	tfap2c	bmp7a	5	8	0.0003534302368545239	5.608092997252956e-05	0.5741127348643006	479	lower conditional utility indicates greater substitution/redundancy
post-hoc experimental-design extension	50p_E1_to_E2	50% epiboly	E1	E1→E2	10.0	1.0	tfap2c	efnb2a	5	9	0.0009727756160978207	0.00016955189396500314	0.6304801670146137	479	lower conditional utility indicates greater substitution/redundancy
post-hoc experimental-design extension	50p_E1_to_E2	50% epiboly	E1	E1→E2	10.0	1.0	tfap2c	foxd5	5	10	0.0006620357178089842	9.022940589020756e-05	0.5970772442588727	479	lower conditional utility indicates greater substitution/redundancy
post-hoc experimental-design extension	50p_E1_to_E2	50% epiboly	E1	E1→E2	10.0	1.0	tfap2c	ppp1r7	5	11	0.0004026439962034889	4.8036831820919e-05	0.5678496868475992	479	lower conditional utility indicates greater substitution/redundancy
post-hoc experimental-design extension	50p_E1_to_E2	50% epiboly	E1	E1→E2	10.0	1.0	tfap2c	cfl1l	5	12	0.00039196808203911804	7.381435286329951e-05	0.5803757828810021	479	lower conditional utility indicates greater substitution/redundancy
post-hoc experimental-design extension	50p_E1_to_E2	50% epiboly	E1	E1→E2	10.0	1.0	tfap2c	cdx4	5	13	0.0004731601915924921	6.929702884367339e-05	0.5678496868475992	479	lower conditional utility indicates greater substitution/redundancy
post-hoc experimental-design extension	50p_E1_to_E2	50% epiboly	E1	E1→E2	10.0	1.0	tfap2c	hoxb1b	5	14	0.0004242060899916078	6.462615473018518e-05	0.5762004175365344	479	lower conditional utility indicates greater substitution/redundancy
post-hoc experimental-design extension	50p_E1_to_E2	50% epiboly	E1	E1→E2	10.0	1.0	tfap2c	sox10	5	15	0.0004077535666240639	6.896662147032329e-05	0.5741127348643006	479	lower conditional utility indicates greater substitution/redundancy
post-hoc experimental-design extension	50p_E1_to_E2	50% epiboly	E1	E1→E2	10.0	1.0	tfap2c	foxg1a	5	16	0.00044833238254721186	6.877836324166442e-05	0.5803757828810021	479	lower conditional utility indicates greater substitution/redundancy
post-hoc experimental-design extension	50p_E1_to_E2	50% epiboly	E1	E1→E2	10.0	1.0	cxcr4a	klf2a	6	1	0.0036939664508244263	0.000680747488637945	0.7745302713987474	479	lower conditional utility indicates greater substitution/redundancy
post-hoc experimental-design extension	50p_E1_to_E2	50% epiboly	E1	E1→E2	10.0	1.0	cxcr4a	gata5	6	2	0.003764249550342977	0.0006375399151867488	0.7640918580375783	479	lower conditional utility indicates greater substitution/redundancy
post-hoc experimental-design extension	50p_E1_to_E2	50% epiboly	E1	E1→E2	10.0	1.0	cxcr4a	perp	6	3	0.003379459334984458	0.0006836764674910678	0.7849686847599165	479	lower conditional utility indicates greater substitution/redundancy
post-hoc experimental-design extension	50p_E1_to_E2	50% epiboly	E1	E1→E2	10.0	1.0	cxcr4a	mdm2	6	4	0.0031643555798404333	0.0005816580773548297	0.7682672233820459	479	lower conditional utility indicates greater substitution/redundancy
post-hoc experimental-design extension	50p_E1_to_E2	50% epiboly	E1	E1→E2	10.0	1.0	cxcr4a	tfap2c	6	5	0.00300796250178173	0.0005899481730269329	0.7766179540709812	479	lower conditional utility indicates greater substitution/redundancy
post-hoc experimental-design extension	50p_E1_to_E2	50% epiboly	E1	E1→E2	10.0	1.0	cxcr4a	dact2	6	7	0.00312403985150278	0.000605738064085426	0.7682672233820459	479	lower conditional utility indicates greater substitution/redundancy
post-hoc experimental-design extension	50p_E1_to_E2	50% epiboly	E1	E1→E2	10.0	1.0	cxcr4a	bmp7a	6	8	0.005629901186523595	0.0011244507269069781	0.7891440501043842	479	lower conditional utility indicates greater substitution/redundancy
post-hoc experimental-design extension	50p_E1_to_E2	50% epiboly	E1	E1→E2	10.0	1.0	cxcr4a	efnb2a	6	9	0.003132510426375079	0.0005820575178567267	0.7620041753653445	479	lower conditional utility indicates greater substitution/redundancy
post-hoc experimental-design extension	50p_E1_to_E2	50% epiboly	E1	E1→E2	10.0	1.0	cxcr4a	foxd5	6	10	0.004417987298811918	0.0008332553016761612	0.7661795407098121	479	lower conditional utility indicates greater substitution/redundancy
post-hoc experimental-design extension	50p_E1_to_E2	50% epiboly	E1	E1→E2	10.0	1.0	cxcr4a	ppp1r7	6	11	0.003251935015531948	0.0005940985011246291	0.7724425887265136	479	lower conditional utility indicates greater substitution/redundancy
post-hoc experimental-design extension	50p_E1_to_E2	50% epiboly	E1	E1→E2	10.0	1.0	cxcr4a	cfl1l	6	12	0.0038212098999832467	0.0006944698336707189	0.791231732776618	479	lower conditional utility indicates greater substitution/redundancy
post-hoc experimental-design extension	50p_E1_to_E2	50% epiboly	E1	E1→E2	10.0	1.0	cxcr4a	cdx4	6	13	0.0030530585787584275	0.0005895943794430036	0.7682672233820459	479	lower conditional utility indicates greater substitution/redundancy
post-hoc experimental-design extension	50p_E1_to_E2	50% epiboly	E1	E1→E2	10.0	1.0	cxcr4a	hoxb1b	6	14	0.003122544507621422	0.0005854908431424111	0.7703549060542797	479	lower conditional utility indicates greater substitution/redundancy
post-hoc experimental-design extension	50p_E1_to_E2	50% epiboly	E1	E1→E2	10.0	1.0	cxcr4a	sox10	6	15	0.0031492497880048487	0.0005904032109703694	0.7745302713987474	479	lower conditional utility indicates greater substitution/redundancy
post-hoc experimental-design extension	50p_E1_to_E2	50% epiboly	E1	E1→E2	10.0	1.0	cxcr4a	foxg1a	6	16	0.0031072636499536177	0.0005800793188053821	0.7703549060542797	479	lower conditional utility indicates greater substitution/redundancy
post-hoc experimental-design extension	50p_E1_to_E2	50% epiboly	E1	E1→E2	10.0	1.0	dact2	klf2a	7	1	0.000989902499359041	0.0001571440338727359	0.6430062630480167	479	lower conditional utility indicates greater substitution/redundancy
post-hoc experimental-design extension	50p_E1_to_E2	50% epiboly	E1	E1→E2	10.0	1.0	dact2	gata5	7	2	0.0007191201890940913	0.00010522881029967346	0.6096033402922756	479	lower conditional utility indicates greater substitution/redundancy
post-hoc experimental-design extension	50p_E1_to_E2	50% epiboly	E1	E1→E2	10.0	1.0	dact2	perp	7	3	0.0013818325875740722	0.00020710780518606864	0.6576200417536534	479	lower conditional utility indicates greater substitution/redundancy
post-hoc experimental-design extension	50p_E1_to_E2	50% epiboly	E1	E1→E2	10.0	1.0	dact2	mdm2	7	4	0.0008307999118795095	0.00011682442301011453	0.6200417536534447	479	lower conditional utility indicates greater substitution/redundancy
post-hoc experimental-design extension	50p_E1_to_E2	50% epiboly	E1	E1→E2	10.0	1.0	dact2	tfap2c	7	5	0.0005597417901786611	7.945119797309053e-05	0.5824634655532359	479	lower conditional utility indicates greater substitution/redundancy
post-hoc experimental-design extension	50p_E1_to_E2	50% epiboly	E1	E1→E2	10.0	1.0	dact2	cxcr4a	7	6	0.0009435548242606173	0.0001555291476588727	0.615866388308977	479	lower conditional utility indicates greater substitution/redundancy
post-hoc experimental-design extension	50p_E1_to_E2	50% epiboly	E1	E1→E2	10.0	1.0	dact2	bmp7a	7	8	0.0008188187705369665	0.00011795517467677596	0.6179540709812108	479	lower conditional utility indicates greater substitution/redundancy
post-hoc experimental-design extension	50p_E1_to_E2	50% epiboly	E1	E1→E2	10.0	1.0	dact2	efnb2a	7	9	0.0013488653986966637	0.00021575573665433279	0.6555323590814196	479	lower conditional utility indicates greater substitution/redundancy
post-hoc experimental-design extension	50p_E1_to_E2	50% epiboly	E1	E1→E2	10.0	1.0	dact2	foxd5	7	10	0.0009344877653057471	0.0001499638817234472	0.6283924843423799	479	lower conditional utility indicates greater substitution/redundancy
post-hoc experimental-design extension	50p_E1_to_E2	50% epiboly	E1	E1→E2	10.0	1.0	dact2	ppp1r7	7	11	0.0008339649190705067	0.00012975479166277282	0.6200417536534447	479	lower conditional utility indicates greater substitution/redundancy
post-hoc experimental-design extension	50p_E1_to_E2	50% epiboly	E1	E1→E2	10.0	1.0	dact2	cfl1l	7	12	0.0008647766054745709	0.00011715843006895876	0.6221294363256785	479	lower conditional utility indicates greater substitution/redundancy
post-hoc experimental-design extension	50p_E1_to_E2	50% epiboly	E1	E1→E2	10.0	1.0	dact2	cdx4	7	13	0.0008947172038121787	0.0001507581309785344	0.6346555323590815	479	lower conditional utility indicates greater substitution/redundancy
post-hoc experimental-design extension	50p_E1_to_E2	50% epiboly	E1	E1→E2	10.0	1.0	dact2	hoxb1b	7	14	0.0008431958561134767	0.00012844694510480426	0.6179540709812108	479	lower conditional utility indicates greater substitution/redundancy
post-hoc experimental-design extension	50p_E1_to_E2	50% epiboly	E1	E1→E2	10.0	1.0	dact2	sox10	7	15	0.0008597506760377738	0.00012592385389431637	0.6242171189979123	479	lower conditional utility indicates greater substitution/redundancy
post-hoc experimental-design extension	50p_E1_to_E2	50% epiboly	E1	E1→E2	10.0	1.0	dact2	foxg1a	7	16	0.0008580417385667394	0.00012632585750166347	0.6242171189979123	479	lower conditional utility indicates greater substitution/redundancy
post-hoc experimental-design extension	50p_E1_to_E2	50% epiboly	E1	E1→E2	10.0	1.0	bmp7a	klf2a	8	1	0.003873116337869631	0.0007749935463784441	0.7599164926931107	479	lower conditional utility indicates greater substitution/redundancy
post-hoc experimental-design extension	50p_E1_to_E2	50% epiboly	E1	E1→E2	10.0	1.0	bmp7a	gata5	8	2	0.0029531607333442844	0.0006595290460161378	0.7494780793319415	479	lower conditional utility indicates greater substitution/redundancy
post-hoc experimental-design extension	50p_E1_to_E2	50% epiboly	E1	E1→E2	10.0	1.0	bmp7a	perp	8	3	0.003376947218470927	0.0005903445595941692	0.7265135699373695	479	lower conditional utility indicates greater substitution/redundancy
post-hoc experimental-design extension	50p_E1_to_E2	50% epiboly	E1	E1→E2	10.0	1.0	bmp7a	mdm2	8	4	0.0037968331016353107	0.0007892103527218364	0.7599164926931107	479	lower conditional utility indicates greater substitution/redundancy
post-hoc experimental-design extension	50p_E1_to_E2	50% epiboly	E1	E1→E2	10.0	1.0	bmp7a	tfap2c	8	5	0.002817235885836933	0.0005379277502317037	0.7348643006263048	479	lower conditional utility indicates greater substitution/redundancy
post-hoc experimental-design extension	50p_E1_to_E2	50% epiboly	E1	E1→E2	10.0	1.0	bmp7a	cxcr4a	8	6	0.005217480995314383	0.0009648037047338409	0.7745302713987474	479	lower conditional utility indicates greater substitution/redundancy
post-hoc experimental-design extension	50p_E1_to_E2	50% epiboly	E1	E1→E2	10.0	1.0	bmp7a	dact2	8	7	0.0029856417928912915	0.0005823295823365049	0.7432150313152401	479	lower conditional utility indicates greater substitution/redundancy
post-hoc experimental-design extension	50p_E1_to_E2	50% epiboly	E1	E1→E2	10.0	1.0	bmp7a	efnb2a	8	9	0.0029623144274219526	0.0005861416950645459	0.7473903966597077	479	lower conditional utility indicates greater substitution/redundancy
post-hoc experimental-design extension	50p_E1_to_E2	50% epiboly	E1	E1→E2	10.0	1.0	bmp7a	foxd5	8	10	0.002825309301849044	0.0006089920516892944	0.7390396659707724	479	lower conditional utility indicates greater substitution/redundancy
post-hoc experimental-design extension	50p_E1_to_E2	50% epiboly	E1	E1→E2	10.0	1.0	bmp7a	ppp1r7	8	11	0.003260666703800985	0.0006039306428525237	0.7578288100208769	479	lower conditional utility indicates greater substitution/redundancy
post-hoc experimental-design extension	50p_E1_to_E2	50% epiboly	E1	E1→E2	10.0	1.0	bmp7a	cfl1l	8	12	0.003299959609908032	0.0006471759867798244	0.7578288100208769	479	lower conditional utility indicates greater substitution/redundancy
post-hoc experimental-design extension	50p_E1_to_E2	50% epiboly	E1	E1→E2	10.0	1.0	bmp7a	cdx4	8	13	0.002968329268092207	0.0006135680301213031	0.7453027139874739	479	lower conditional utility indicates greater substitution/redundancy
post-hoc experimental-design extension	50p_E1_to_E2	50% epiboly	E1	E1→E2	10.0	1.0	bmp7a	hoxb1b	8	14	0.0028072938121546653	0.0006118233716506799	0.7432150313152401	479	lower conditional utility indicates greater substitution/redundancy
post-hoc experimental-design extension	50p_E1_to_E2	50% epiboly	E1	E1→E2	10.0	1.0	bmp7a	sox10	8	15	0.0028012990136338373	0.0006061340741964627	0.7369519832985386	479	lower conditional utility indicates greater substitution/redundancy
post-hoc experimental-design extension	50p_E1_to_E2	50% epiboly	E1	E1→E2	10.0	1.0	bmp7a	foxg1a	8	16	0.002864423965478202	0.0006057777252449492	0.7369519832985386	479	lower conditional utility indicates greater substitution/redundancy
post-hoc experimental-design extension	50p_E1_to_E2	50% epiboly	E1	E1→E2	10.0	1.0	efnb2a	klf2a	9	1	0.0010757606679422382	0.00019889679396399573	0.6764091858037579	479	lower conditional utility indicates greater substitution/redundancy
post-hoc experimental-design extension	50p_E1_to_E2	50% epiboly	E1	E1→E2	10.0	1.0	efnb2a	gata5	9	2	0.0012798711432284726	0.00021407708224025976	0.6680584551148225	479	lower conditional utility indicates greater substitution/redundancy
post-hoc experimental-design extension	50p_E1_to_E2	50% epiboly	E1	E1→E2	10.0	1.0	efnb2a	perp	9	3	0.0017561451294663133	0.00034484465914602636	0.7348643006263048	479	lower conditional utility indicates greater substitution/redundancy
post-hoc experimental-design extension	50p_E1_to_E2	50% epiboly	E1	E1→E2	10.0	1.0	efnb2a	mdm2	9	4	0.001268348797935137	0.00025073601659876543	0.7014613778705637	479	lower conditional utility indicates greater substitution/redundancy
post-hoc experimental-design extension	50p_E1_to_E2	50% epiboly	E1	E1→E2	10.0	1.0	efnb2a	tfap2c	9	5	0.0017159113083458077	0.0003174180078500122	0.7035490605427975	479	lower conditional utility indicates greater substitution/redundancy
post-hoc experimental-design extension	50p_E1_to_E2	50% epiboly	E1	E1→E2	10.0	1.0	efnb2a	cxcr4a	9	6	0.0010866516628498246	0.00019225561668073654	0.6847599164926931	479	lower conditional utility indicates greater substitution/redundancy
post-hoc experimental-design extension	50p_E1_to_E2	50% epiboly	E1	E1→E2	10.0	1.0	efnb2a	dact2	9	7	0.0014532296665975553	0.00032448470346475855	0.7202505219206681	479	lower conditional utility indicates greater substitution/redundancy
post-hoc experimental-design extension	50p_E1_to_E2	50% epiboly	E1	E1→E2	10.0	1.0	efnb2a	bmp7a	9	8	0.0010263480990976293	0.00018566827491972582	0.6847599164926931	479	lower conditional utility indicates greater substitution/redundancy
post-hoc experimental-design extension	50p_E1_to_E2	50% epiboly	E1	E1→E2	10.0	1.0	efnb2a	foxd5	9	10	0.0010190129563394934	0.000182674798570856	0.6805845511482255	479	lower conditional utility indicates greater substitution/redundancy
post-hoc experimental-design extension	50p_E1_to_E2	50% epiboly	E1	E1→E2	10.0	1.0	efnb2a	ppp1r7	9	11	0.0012077110472400454	0.00019505682494301568	0.6847599164926931	479	lower conditional utility indicates greater substitution/redundancy
post-hoc experimental-design extension	50p_E1_to_E2	50% epiboly	E1	E1→E2	10.0	1.0	efnb2a	cfl1l	9	12	0.0011293135204467897	0.00018642125911755292	0.6743215031315241	479	lower conditional utility indicates greater substitution/redundancy
post-hoc experimental-design extension	50p_E1_to_E2	50% epiboly	E1	E1→E2	10.0	1.0	efnb2a	cdx4	9	13	0.001218105024546584	0.0002300643927256596	0.6993736951983298	479	lower conditional utility indicates greater substitution/redundancy
post-hoc experimental-design extension	50p_E1_to_E2	50% epiboly	E1	E1→E2	10.0	1.0	efnb2a	hoxb1b	9	14	0.0010973607577066113	0.00020422525233809719	0.6847599164926931	479	lower conditional utility indicates greater substitution/redundancy
post-hoc experimental-design extension	50p_E1_to_E2	50% epiboly	E1	E1→E2	10.0	1.0	efnb2a	sox10	9	15	0.001146183617166563	0.00019981573564786803	0.6868475991649269	479	lower conditional utility indicates greater substitution/redundancy
post-hoc experimental-design extension	50p_E1_to_E2	50% epiboly	E1	E1→E2	10.0	1.0	efnb2a	foxg1a	9	16	0.0011341059665251896	0.000202393227234976	0.6805845511482255	479	lower conditional utility indicates greater substitution/redundancy
post-hoc experimental-design extension	50p_E1_to_E2	50% epiboly	E1	E1→E2	10.0	1.0	foxd5	klf2a	10	1	0.00118195595264034	0.00022145864151434935	0.6534446764091858	479	lower conditional utility indicates greater substitution/redundancy
post-hoc experimental-design extension	50p_E1_to_E2	50% epiboly	E1	E1→E2	10.0	1.0	foxd5	gata5	10	2	0.0033331869101923817	0.0006328556460128976	0.7223382045929019	479	lower conditional utility indicates greater substitution/redundancy
post-hoc experimental-design extension	50p_E1_to_E2	50% epiboly	E1	E1→E2	10.0	1.0	foxd5	perp	10	3	0.0013527113985158379	0.00023356318471606796	0.6492693110647182	479	lower conditional utility indicates greater substitution/redundancy
post-hoc experimental-design extension	50p_E1_to_E2	50% epiboly	E1	E1→E2	10.0	1.0	foxd5	mdm2	10	4	0.001079490980120723	0.00021506733748910545	0.6492693110647182	479	lower conditional utility indicates greater substitution/redundancy
post-hoc experimental-design extension	50p_E1_to_E2	50% epiboly	E1	E1→E2	10.0	1.0	foxd5	tfap2c	10	5	0.0011224601467763329	0.00023384957958483277	0.6534446764091858	479	lower conditional utility indicates greater substitution/redundancy
post-hoc experimental-design extension	50p_E1_to_E2	50% epiboly	E1	E1→E2	10.0	1.0	foxd5	cxcr4a	10	6	0.0021259708259456778	0.0004151983349108823	0.6951983298538622	479	lower conditional utility indicates greater substitution/redundancy
post-hoc experimental-design extension	50p_E1_to_E2	50% epiboly	E1	E1→E2	10.0	1.0	foxd5	dact2	10	7	0.0012064305510356976	0.00020267146981789788	0.6638830897703549	479	lower conditional utility indicates greater substitution/redundancy
post-hoc experimental-design extension	50p_E1_to_E2	50% epiboly	E1	E1→E2	10.0	1.0	foxd5	bmp7a	10	8	0.0010494158083286798	0.00018555768687639196	0.6409185803757829	479	lower conditional utility indicates greater substitution/redundancy
post-hoc experimental-design extension	50p_E1_to_E2	50% epiboly	E1	E1→E2	10.0	1.0	foxd5	efnb2a	10	9	0.0011747554929961296	0.0002056423653416517	0.6555323590814196	479	lower conditional utility indicates greater substitution/redundancy
post-hoc experimental-design extension	50p_E1_to_E2	50% epiboly	E1	E1→E2	10.0	1.0	foxd5	ppp1r7	10	11	0.0011300880900459442	0.0001976961768725971	0.6492693110647182	479	lower conditional utility indicates greater substitution/redundancy
post-hoc experimental-design extension	50p_E1_to_E2	50% epiboly	E1	E1→E2	10.0	1.0	foxd5	cfl1l	10	12	0.0011589673992060678	0.00019894636690934164	0.6555323590814196	479	lower conditional utility indicates greater substitution/redundancy
post-hoc experimental-design extension	50p_E1_to_E2	50% epiboly	E1	E1→E2	10.0	1.0	foxd5	cdx4	10	13	0.0009782227783117214	0.0001814573182082474	0.6597077244258872	479	lower conditional utility indicates greater substitution/redundancy
post-hoc experimental-design extension	50p_E1_to_E2	50% epiboly	E1	E1→E2	10.0	1.0	foxd5	hoxb1b	10	14	0.0011496535080843806	0.00020742237568494026	0.6597077244258872	479	lower conditional utility indicates greater substitution/redundancy
post-hoc experimental-design extension	50p_E1_to_E2	50% epiboly	E1	E1→E2	10.0	1.0	foxd5	sox10	10	15	0.0011155183152182502	0.00020161960368902943	0.6471816283924844	479	lower conditional utility indicates greater substitution/redundancy
post-hoc experimental-design extension	50p_E1_to_E2	50% epiboly	E1	E1→E2	10.0	1.0	foxd5	foxg1a	10	16	0.0011194400729612752	0.0002059476178782882	0.6617954070981211	479	lower conditional utility indicates greater substitution/redundancy
post-hoc experimental-design extension	50p_E1_to_E2	50% epiboly	E1	E1→E2	10.0	1.0	ppp1r7	klf2a	11	1	0.0030798548915829116	0.000545258625801015	0.7974947807933194	479	lower conditional utility indicates greater substitution/redundancy
post-hoc experimental-design extension	50p_E1_to_E2	50% epiboly	E1	E1→E2	10.0	1.0	ppp1r7	gata5	11	2	0.0032901563465642103	0.0006684367460995655	0.8079331941544885	479	lower conditional utility indicates greater substitution/redundancy
post-hoc experimental-design extension	50p_E1_to_E2	50% epiboly	E1	E1→E2	10.0	1.0	ppp1r7	perp	11	3	0.003062294241830188	0.0005494126723893933	0.7766179540709812	479	lower conditional utility indicates greater substitution/redundancy
post-hoc experimental-design extension	50p_E1_to_E2	50% epiboly	E1	E1→E2	10.0	1.0	ppp1r7	mdm2	11	4	0.0037145719870147476	0.0006586476842759259	0.8079331941544885	479	lower conditional utility indicates greater substitution/redundancy
post-hoc experimental-design extension	50p_E1_to_E2	50% epiboly	E1	E1→E2	10.0	1.0	ppp1r7	tfap2c	11	5	0.003054742248662312	0.0005504273471794718	0.8016701461377871	479	lower conditional utility indicates greater substitution/redundancy
post-hoc experimental-design extension	50p_E1_to_E2	50% epiboly	E1	E1→E2	10.0	1.0	ppp1r7	cxcr4a	11	6	0.0030142335870249615	0.0005750893924180711	0.7995824634655533	479	lower conditional utility indicates greater substitution/redundancy
post-hoc experimental-design extension	50p_E1_to_E2	50% epiboly	E1	E1→E2	10.0	1.0	ppp1r7	dact2	11	7	0.002984534126732552	0.0005881574379980603	0.8037578288100209	479	lower conditional utility indicates greater substitution/redundancy
post-hoc experimental-design extension	50p_E1_to_E2	50% epiboly	E1	E1→E2	10.0	1.0	ppp1r7	bmp7a	11	8	0.0030411045792930747	0.0005893083041737524	0.7974947807933194	479	lower conditional utility indicates greater substitution/redundancy
post-hoc experimental-design extension	50p_E1_to_E2	50% epiboly	E1	E1→E2	10.0	1.0	ppp1r7	efnb2a	11	9	0.002948715460506679	0.0006035379962373577	0.8016701461377871	479	lower conditional utility indicates greater substitution/redundancy
post-hoc experimental-design extension	50p_E1_to_E2	50% epiboly	E1	E1→E2	10.0	1.0	ppp1r7	foxd5	11	10	0.0029295699526956237	0.0005543602606846165	0.7828810020876826	479	lower conditional utility indicates greater substitution/redundancy
post-hoc experimental-design extension	50p_E1_to_E2	50% epiboly	E1	E1→E2	10.0	1.0	ppp1r7	cfl1l	11	12	0.0037911452862971484	0.0006753305998294379	0.7995824634655533	479	lower conditional utility indicates greater substitution/redundancy
post-hoc experimental-design extension	50p_E1_to_E2	50% epiboly	E1	E1→E2	10.0	1.0	ppp1r7	cdx4	11	13	0.0027612817489224284	0.0005533553141805481	0.8016701461377871	479	lower conditional utility indicates greater substitution/redundancy
post-hoc experimental-design extension	50p_E1_to_E2	50% epiboly	E1	E1→E2	10.0	1.0	ppp1r7	hoxb1b	11	14	0.0029413210420434766	0.000595841177808476	0.8016701461377871	479	lower conditional utility indicates greater substitution/redundancy
post-hoc experimental-design extension	50p_E1_to_E2	50% epiboly	E1	E1→E2	10.0	1.0	ppp1r7	sox10	11	15	0.003118593729569352	0.0006159598993035753	0.8037578288100209	479	lower conditional utility indicates greater substitution/redundancy
post-hoc experimental-design extension	50p_E1_to_E2	50% epiboly	E1	E1→E2	10.0	1.0	ppp1r7	foxg1a	11	16	0.003259141396038834	0.000676000335191676	0.8100208768267223	479	lower conditional utility indicates greater substitution/redundancy
post-hoc experimental-design extension	50p_E1_to_E2	50% epiboly	E1	E1→E2	10.0	1.0	cfl1l	klf2a	12	1	0.0006448109932865043	0.0001364082011248713	0.605427974947808	479	lower conditional utility indicates greater substitution/redundancy
post-hoc experimental-design extension	50p_E1_to_E2	50% epiboly	E1	E1→E2	10.0	1.0	cfl1l	gata5	12	2	0.0005987445266114055	0.00012887742499520516	0.5970772442588727	479	lower conditional utility indicates greater substitution/redundancy
post-hoc experimental-design extension	50p_E1_to_E2	50% epiboly	E1	E1→E2	10.0	1.0	cfl1l	perp	12	3	0.0005743777796305971	0.00011847999866715364	0.592901878914405	479	lower conditional utility indicates greater substitution/redundancy
post-hoc experimental-design extension	50p_E1_to_E2	50% epiboly	E1	E1→E2	10.0	1.0	cfl1l	mdm2	12	4	0.0013034771280157065	0.00025545714295874267	0.6388308977035491	479	lower conditional utility indicates greater substitution/redundancy
post-hoc experimental-design extension	50p_E1_to_E2	50% epiboly	E1	E1→E2	10.0	1.0	cfl1l	tfap2c	12	5	0.0007657706701342248	0.00015357041642044544	0.6096033402922756	479	lower conditional utility indicates greater substitution/redundancy
post-hoc experimental-design extension	50p_E1_to_E2	50% epiboly	E1	E1→E2	10.0	1.0	cfl1l	cxcr4a	12	6	0.0009893492741116505	0.00020163529179484385	0.6430062630480167	479	lower conditional utility indicates greater substitution/redundancy
post-hoc experimental-design extension	50p_E1_to_E2	50% epiboly	E1	E1→E2	10.0	1.0	cfl1l	dact2	12	7	0.0005933344744671887	0.00012778870153573596	0.5949895615866388	479	lower conditional utility indicates greater substitution/redundancy
post-hoc experimental-design extension	50p_E1_to_E2	50% epiboly	E1	E1→E2	10.0	1.0	cfl1l	bmp7a	12	8	0.0007923908312411632	0.00018478361421866984	0.6346555323590815	479	lower conditional utility indicates greater substitution/redundancy
post-hoc experimental-design extension	50p_E1_to_E2	50% epiboly	E1	E1→E2	10.0	1.0	cfl1l	efnb2a	12	9	0.0007052334681995343	0.0001454617649090939	0.5991649269311065	479	lower conditional utility indicates greater substitution/redundancy
post-hoc experimental-design extension	50p_E1_to_E2	50% epiboly	E1	E1→E2	10.0	1.0	cfl1l	foxd5	12	10	0.0005773699213165173	0.00011154700977528131	0.6033402922755741	479	lower conditional utility indicates greater substitution/redundancy
post-hoc experimental-design extension	50p_E1_to_E2	50% epiboly	E1	E1→E2	10.0	1.0	cfl1l	ppp1r7	12	11	0.0009525132673859349	0.00024000331531132124	0.6325678496868476	479	lower conditional utility indicates greater substitution/redundancy
post-hoc experimental-design extension	50p_E1_to_E2	50% epiboly	E1	E1→E2	10.0	1.0	cfl1l	cdx4	12	13	0.0005879849994797626	0.00011050039212909257	0.5991649269311065	479	lower conditional utility indicates greater substitution/redundancy
post-hoc experimental-design extension	50p_E1_to_E2	50% epiboly	E1	E1→E2	10.0	1.0	cfl1l	hoxb1b	12	14	0.000583911171883722	0.00012424854623893644	0.6096033402922756	479	lower conditional utility indicates greater substitution/redundancy
post-hoc experimental-design extension	50p_E1_to_E2	50% epiboly	E1	E1→E2	10.0	1.0	cfl1l	sox10	12	15	0.00059332138831103	0.00013251705701378125	0.6033402922755741	479	lower conditional utility indicates greater substitution/redundancy
post-hoc experimental-design extension	50p_E1_to_E2	50% epiboly	E1	E1→E2	10.0	1.0	cfl1l	foxg1a	12	16	0.0005562989529800388	0.00011352471794812136	0.5949895615866388	479	lower conditional utility indicates greater substitution/redundancy
post-hoc experimental-design extension	50p_E1_to_E2	50% epiboly	E1	E1→E2	10.0	1.0	cdx4	klf2a	13	1	0.0006395809529428087	0.00012262325636225313	0.6012526096033403	479	lower conditional utility indicates greater substitution/redundancy
post-hoc experimental-design extension	50p_E1_to_E2	50% epiboly	E1	E1→E2	10.0	1.0	cdx4	gata5	13	2	0.0009651914292191921	0.00017240483974295673	0.6179540709812108	479	lower conditional utility indicates greater substitution/redundancy
post-hoc experimental-design extension	50p_E1_to_E2	50% epiboly	E1	E1→E2	10.0	1.0	cdx4	perp	13	3	0.0007236413167096556	0.00011519075783461563	0.6033402922755741	479	lower conditional utility indicates greater substitution/redundancy
post-hoc experimental-design extension	50p_E1_to_E2	50% epiboly	E1	E1→E2	10.0	1.0	cdx4	mdm2	13	4	0.0006805635929447718	0.00012010380692695222	0.592901878914405	479	lower conditional utility indicates greater substitution/redundancy
post-hoc experimental-design extension	50p_E1_to_E2	50% epiboly	E1	E1→E2	10.0	1.0	cdx4	tfap2c	13	5	0.0006825221292670047	0.00013403320187899137	0.5991649269311065	479	lower conditional utility indicates greater substitution/redundancy
post-hoc experimental-design extension	50p_E1_to_E2	50% epiboly	E1	E1→E2	10.0	1.0	cdx4	cxcr4a	13	6	0.0006396144370773849	0.00011041124611316233	0.5887265135699373	479	lower conditional utility indicates greater substitution/redundancy
post-hoc experimental-design extension	50p_E1_to_E2	50% epiboly	E1	E1→E2	10.0	1.0	cdx4	dact2	13	7	0.0007704964536703329	0.00011211920173505308	0.6116910229645094	479	lower conditional utility indicates greater substitution/redundancy
post-hoc experimental-design extension	50p_E1_to_E2	50% epiboly	E1	E1→E2	10.0	1.0	cdx4	bmp7a	13	8	0.0006649693478404384	0.000124909839902744	0.5970772442588727	479	lower conditional utility indicates greater substitution/redundancy
post-hoc experimental-design extension	50p_E1_to_E2	50% epiboly	E1	E1→E2	10.0	1.0	cdx4	efnb2a	13	9	0.0007654575114399709	0.00014692962146206634	0.6075156576200418	479	lower conditional utility indicates greater substitution/redundancy
post-hoc experimental-design extension	50p_E1_to_E2	50% epiboly	E1	E1→E2	10.0	1.0	cdx4	foxd5	13	10	0.0006152823190123669	0.0001199746553559311	0.5762004175365344	479	lower conditional utility indicates greater substitution/redundancy
post-hoc experimental-design extension	50p_E1_to_E2	50% epiboly	E1	E1→E2	10.0	1.0	cdx4	ppp1r7	13	11	0.0005790578614969233	0.00010719610045109573	0.5887265135699373	479	lower conditional utility indicates greater substitution/redundancy
post-hoc experimental-design extension	50p_E1_to_E2	50% epiboly	E1	E1→E2	10.0	1.0	cdx4	cfl1l	13	12	0.0006428039704118316	0.0001140852639355261	0.6012526096033403	479	lower conditional utility indicates greater substitution/redundancy
post-hoc experimental-design extension	50p_E1_to_E2	50% epiboly	E1	E1→E2	10.0	1.0	cdx4	hoxb1b	13	14	0.0006277114509877224	0.000123818219331856	0.6012526096033403	479	lower conditional utility indicates greater substitution/redundancy
post-hoc experimental-design extension	50p_E1_to_E2	50% epiboly	E1	E1→E2	10.0	1.0	cdx4	sox10	13	15	0.0006340166115811341	0.00012262849036397128	0.6012526096033403	479	lower conditional utility indicates greater substitution/redundancy
post-hoc experimental-design extension	50p_E1_to_E2	50% epiboly	E1	E1→E2	10.0	1.0	cdx4	foxg1a	13	16	0.0007260581019603585	0.00014650822074208092	0.6033402922755741	479	lower conditional utility indicates greater substitution/redundancy
post-hoc experimental-design extension	50p_E1_to_E2	50% epiboly	E1	E1→E2	10.0	1.0	hoxb1b	klf2a	14	1	-0.00014358606353020997	-3.7565018439766895e-05	0.3653444676409186	479	lower conditional utility indicates greater substitution/redundancy
post-hoc experimental-design extension	50p_E1_to_E2	50% epiboly	E1	E1→E2	10.0	1.0	hoxb1b	gata5	14	2	-0.00014126238574502237	-3.813958631675163e-05	0.37160751565762007	479	lower conditional utility indicates greater substitution/redundancy
post-hoc experimental-design extension	50p_E1_to_E2	50% epiboly	E1	E1→E2	10.0	1.0	hoxb1b	perp	14	3	-0.0001541994902127808	-3.903458783660607e-05	0.35073068893528186	479	lower conditional utility indicates greater substitution/redundancy
post-hoc experimental-design extension	50p_E1_to_E2	50% epiboly	E1	E1→E2	10.0	1.0	hoxb1b	mdm2	14	4	-0.0001428535008258791	-3.698473746688302e-05	0.3736951983298539	479	lower conditional utility indicates greater substitution/redundancy
post-hoc experimental-design extension	50p_E1_to_E2	50% epiboly	E1	E1→E2	10.0	1.0	hoxb1b	tfap2c	14	5	-0.00015231632204193435	-4.226333422080453e-05	0.3674321503131524	479	lower conditional utility indicates greater substitution/redundancy
post-hoc experimental-design extension	50p_E1_to_E2	50% epiboly	E1	E1→E2	10.0	1.0	hoxb1b	cxcr4a	14	6	-0.000156193559589346	-4.3203476184972e-05	0.348643006263048	479	lower conditional utility indicates greater substitution/redundancy
post-hoc experimental-design extension	50p_E1_to_E2	50% epiboly	E1	E1→E2	10.0	1.0	hoxb1b	dact2	14	7	-0.00015048802232217606	-3.655149981673933e-05	0.37995824634655534	479	lower conditional utility indicates greater substitution/redundancy
post-hoc experimental-design extension	50p_E1_to_E2	50% epiboly	E1	E1→E2	10.0	1.0	hoxb1b	bmp7a	14	8	-0.00015822036036661213	-4.450830221652824e-05	0.3736951983298539	479	lower conditional utility indicates greater substitution/redundancy
post-hoc experimental-design extension	50p_E1_to_E2	50% epiboly	E1	E1→E2	10.0	1.0	hoxb1b	efnb2a	14	9	-0.00013576614421301203	-3.6833247653578205e-05	0.38413361169102295	479	lower conditional utility indicates greater substitution/redundancy
post-hoc experimental-design extension	50p_E1_to_E2	50% epiboly	E1	E1→E2	10.0	1.0	hoxb1b	foxd5	14	10	-0.00014418192741660896	-3.5044352890450936e-05	0.37995824634655534	479	lower conditional utility indicates greater substitution/redundancy
post-hoc experimental-design extension	50p_E1_to_E2	50% epiboly	E1	E1→E2	10.0	1.0	hoxb1b	ppp1r7	14	11	-0.0001399762086942702	-3.5992503183535085e-05	0.3945720250521921	479	lower conditional utility indicates greater substitution/redundancy
post-hoc experimental-design extension	50p_E1_to_E2	50% epiboly	E1	E1→E2	10.0	1.0	hoxb1b	cfl1l	14	12	-0.00015107578588008375	-3.931714341232073e-05	0.38413361169102295	479	lower conditional utility indicates greater substitution/redundancy
post-hoc experimental-design extension	50p_E1_to_E2	50% epiboly	E1	E1→E2	10.0	1.0	hoxb1b	cdx4	14	13	-0.00015366969834385014	-3.934143094989906e-05	0.35908141962421714	479	lower conditional utility indicates greater substitution/redundancy
post-hoc experimental-design extension	50p_E1_to_E2	50% epiboly	E1	E1→E2	10.0	1.0	hoxb1b	sox10	14	15	-0.0001459282165190423	-3.5222622400368775e-05	0.3695198329853862	479	lower conditional utility indicates greater substitution/redundancy
post-hoc experimental-design extension	50p_E1_to_E2	50% epiboly	E1	E1→E2	10.0	1.0	hoxb1b	foxg1a	14	16	-0.00012913501577527242	-3.7165548188361486e-05	0.3883089770354906	479	lower conditional utility indicates greater substitution/redundancy
post-hoc experimental-design extension	50p_E1_to_E2	50% epiboly	E1	E1→E2	10.0	1.0	sox10	klf2a	15	1	-1.5290023021530263e-05	-1.6211357180523356e-05	0.49478079331941544	479	lower conditional utility indicates greater substitution/redundancy
post-hoc experimental-design extension	50p_E1_to_E2	50% epiboly	E1	E1→E2	10.0	1.0	sox10	gata5	15	2	-2.5431140772247396e-05	-1.68878104636061e-05	0.48434237995824636	479	lower conditional utility indicates greater substitution/redundancy
post-hoc experimental-design extension	50p_E1_to_E2	50% epiboly	E1	E1→E2	10.0	1.0	sox10	perp	15	3	-3.2406517665006795e-05	-1.7176453117176416e-05	0.4822546972860125	479	lower conditional utility indicates greater substitution/redundancy
post-hoc experimental-design extension	50p_E1_to_E2	50% epiboly	E1	E1→E2	10.0	1.0	sox10	mdm2	15	4	-3.053412778664111e-05	-1.859100185508389e-05	0.48434237995824636	479	lower conditional utility indicates greater substitution/redundancy
post-hoc experimental-design extension	50p_E1_to_E2	50% epiboly	E1	E1→E2	10.0	1.0	sox10	tfap2c	15	5	1.6043168276802522e-05	-4.721217583610049e-06	0.5073068893528184	479	lower conditional utility indicates greater substitution/redundancy
post-hoc experimental-design extension	50p_E1_to_E2	50% epiboly	E1	E1→E2	10.0	1.0	sox10	cxcr4a	15	6	-3.717381445200729e-05	-1.7975422393762264e-05	0.49269311064718163	479	lower conditional utility indicates greater substitution/redundancy
post-hoc experimental-design extension	50p_E1_to_E2	50% epiboly	E1	E1→E2	10.0	1.0	sox10	dact2	15	7	-6.267300667883724e-06	-1.363234497153698e-05	0.4968684759916493	479	lower conditional utility indicates greater substitution/redundancy
post-hoc experimental-design extension	50p_E1_to_E2	50% epiboly	E1	E1→E2	10.0	1.0	sox10	bmp7a	15	8	-3.1805232913906245e-05	-1.6409119225763158e-05	0.4822546972860125	479	lower conditional utility indicates greater substitution/redundancy
post-hoc experimental-design extension	50p_E1_to_E2	50% epiboly	E1	E1→E2	10.0	1.0	sox10	efnb2a	15	9	1.1575628773574653e-06	-1.2644792388216697e-05	0.5010438413361169	479	lower conditional utility indicates greater substitution/redundancy
post-hoc experimental-design extension	50p_E1_to_E2	50% epiboly	E1	E1→E2	10.0	1.0	sox10	foxd5	15	10	-4.147400488807573e-05	-1.9537584439288658e-05	0.48851774530271397	479	lower conditional utility indicates greater substitution/redundancy
post-hoc experimental-design extension	50p_E1_to_E2	50% epiboly	E1	E1→E2	10.0	1.0	sox10	ppp1r7	15	11	6.760317167464613e-05	1.395527537972896e-06	0.5219206680584552	479	lower conditional utility indicates greater substitution/redundancy
post-hoc experimental-design extension	50p_E1_to_E2	50% epiboly	E1	E1→E2	10.0	1.0	sox10	cfl1l	15	12	-1.1897112065062387e-05	-1.3454654206934702e-05	0.49269311064718163	479	lower conditional utility indicates greater substitution/redundancy
post-hoc experimental-design extension	50p_E1_to_E2	50% epiboly	E1	E1→E2	10.0	1.0	sox10	cdx4	15	13	-2.780453262907212e-05	-1.688662630866533e-05	0.48851774530271397	479	lower conditional utility indicates greater substitution/redundancy
post-hoc experimental-design extension	50p_E1_to_E2	50% epiboly	E1	E1→E2	10.0	1.0	sox10	hoxb1b	15	14	-1.794471808908016e-05	-1.5523298079828107e-05	0.49478079331941544	479	lower conditional utility indicates greater substitution/redundancy
post-hoc experimental-design extension	50p_E1_to_E2	50% epiboly	E1	E1→E2	10.0	1.0	sox10	foxg1a	15	16	-2.0616992573996296e-05	-1.484196619992717e-05	0.49269311064718163	479	lower conditional utility indicates greater substitution/redundancy
post-hoc experimental-design extension	50p_E1_to_E2	50% epiboly	E1	E1→E2	10.0	1.0	foxg1a	klf2a	16	1	0.00043887361452654705	7.81772960035676e-05	0.6242171189979123	479	lower conditional utility indicates greater substitution/redundancy
post-hoc experimental-design extension	50p_E1_to_E2	50% epiboly	E1	E1→E2	10.0	1.0	foxg1a	gata5	16	2	0.00044642471831168873	9.037528213290402e-05	0.651356993736952	479	lower conditional utility indicates greater substitution/redundancy
post-hoc experimental-design extension	50p_E1_to_E2	50% epiboly	E1	E1→E2	10.0	1.0	foxg1a	perp	16	3	0.0004923058580058315	8.814836776737528e-05	0.6430062630480167	479	lower conditional utility indicates greater substitution/redundancy
post-hoc experimental-design extension	50p_E1_to_E2	50% epiboly	E1	E1→E2	10.0	1.0	foxg1a	mdm2	16	4	0.00044248906269067634	7.768791241097306e-05	0.6283924843423799	479	lower conditional utility indicates greater substitution/redundancy
post-hoc experimental-design extension	50p_E1_to_E2	50% epiboly	E1	E1→E2	10.0	1.0	foxg1a	tfap2c	16	5	0.0004479238801951002	8.50449797025199e-05	0.6325678496868476	479	lower conditional utility indicates greater substitution/redundancy
post-hoc experimental-design extension	50p_E1_to_E2	50% epiboly	E1	E1→E2	10.0	1.0	foxg1a	cxcr4a	16	6	0.0004063782102886604	7.813011429541605e-05	0.6242171189979123	479	lower conditional utility indicates greater substitution/redundancy
post-hoc experimental-design extension	50p_E1_to_E2	50% epiboly	E1	E1→E2	10.0	1.0	foxg1a	dact2	16	7	0.00046669540182292524	7.75257639377136e-05	0.6346555323590815	479	lower conditional utility indicates greater substitution/redundancy
post-hoc experimental-design extension	50p_E1_to_E2	50% epiboly	E1	E1→E2	10.0	1.0	foxg1a	bmp7a	16	8	0.00042031666973102455	8.130499841674244e-05	0.6325678496868476	479	lower conditional utility indicates greater substitution/redundancy
post-hoc experimental-design extension	50p_E1_to_E2	50% epiboly	E1	E1→E2	10.0	1.0	foxg1a	efnb2a	16	9	0.0004785924747347514	8.898207058061214e-05	0.6304801670146137	479	lower conditional utility indicates greater substitution/redundancy
post-hoc experimental-design extension	50p_E1_to_E2	50% epiboly	E1	E1→E2	10.0	1.0	foxg1a	foxd5	16	10	0.0004660354931983468	8.234818555433177e-05	0.6304801670146137	479	lower conditional utility indicates greater substitution/redundancy
post-hoc experimental-design extension	50p_E1_to_E2	50% epiboly	E1	E1→E2	10.0	1.0	foxg1a	ppp1r7	16	11	0.0007117717485335406	0.0001694995757150486	0.6764091858037579	479	lower conditional utility indicates greater substitution/redundancy
post-hoc experimental-design extension	50p_E1_to_E2	50% epiboly	E1	E1→E2	10.0	1.0	foxg1a	cfl1l	16	12	0.0004444688178160683	8.024164441480797e-05	0.6263048016701461	479	lower conditional utility indicates greater substitution/redundancy
post-hoc experimental-design extension	50p_E1_to_E2	50% epiboly	E1	E1→E2	10.0	1.0	foxg1a	cdx4	16	13	0.0005323023465556576	0.00011056735635173176	0.6471816283924844	479	lower conditional utility indicates greater substitution/redundancy
post-hoc experimental-design extension	50p_E1_to_E2	50% epiboly	E1	E1→E2	10.0	1.0	foxg1a	hoxb1b	16	14	0.0004855525697756158	9.473598114917436e-05	0.6221294363256785	479	lower conditional utility indicates greater substitution/redundancy
post-hoc experimental-design extension	50p_E1_to_E2	50% epiboly	E1	E1→E2	10.0	1.0	foxg1a	sox10	16	15	0.00048563093053000106	8.965328339860523e-05	0.6325678496868476	479	lower conditional utility indicates greater substitution/redundancy
post-hoc experimental-design extension	50p_E2_to_E1	50% epiboly	E2	E2→E1	0.1	1.0	krt4	gata5	1	2	0.0010347374233405926	0.0002539492661329801	0.651356993736952	479	lower conditional utility indicates greater substitution/redundancy
post-hoc experimental-design extension	50p_E2_to_E1	50% epiboly	E2	E2→E1	0.1	1.0	krt4	snai2	1	3	0.00038461311996518255	9.056932493994863e-05	0.5845511482254697	479	lower conditional utility indicates greater substitution/redundancy
post-hoc experimental-design extension	50p_E2_to_E1	50% epiboly	E2	E2→E1	0.1	1.0	krt4	mdm2	1	4	0.001219343894676428	0.0003002556601784945	0.6534446764091858	479	lower conditional utility indicates greater substitution/redundancy
post-hoc experimental-design extension	50p_E2_to_E1	50% epiboly	E2	E2→E1	0.1	1.0	krt4	gata2a	1	5	0.0005486160021438424	9.104660854669655e-05	0.5803757828810021	479	lower conditional utility indicates greater substitution/redundancy
post-hoc experimental-design extension	50p_E2_to_E1	50% epiboly	E2	E2→E1	0.1	1.0	krt4	vent	1	6	0.0003583425653021499	0.00010516804563215354	0.6033402922755741	479	lower conditional utility indicates greater substitution/redundancy
post-hoc experimental-design extension	50p_E2_to_E1	50% epiboly	E2	E2→E1	0.1	1.0	krt4	krt8	1	7	0.0008640524662549831	0.00019923837267488143	0.651356993736952	479	lower conditional utility indicates greater substitution/redundancy
post-hoc experimental-design extension	50p_E2_to_E1	50% epiboly	E2	E2→E1	0.1	1.0	krt4	si:ch211-113a14.12	1	8	0.0005286591396483908	0.00012350864025578723	0.5970772442588727	479	lower conditional utility indicates greater substitution/redundancy
post-hoc experimental-design extension	50p_E2_to_E1	50% epiboly	E2	E2→E1	0.1	1.0	krt4	tfap2c	1	9	0.0004286467710926112	0.00010295049067599038	0.5970772442588727	479	lower conditional utility indicates greater substitution/redundancy
post-hoc experimental-design extension	50p_E2_to_E1	50% epiboly	E2	E2→E1	0.1	1.0	krt4	oclna	1	10	0.00031558410778803614	6.248028837579911e-05	0.55741127348643	479	lower conditional utility indicates greater substitution/redundancy
post-hoc experimental-design extension	50p_E2_to_E1	50% epiboly	E2	E2→E1	0.1	1.0	krt4	frmd4ba	1	11	0.0003788488357484021	8.123326998876745e-05	0.5615866388308977	479	lower conditional utility indicates greater substitution/redundancy
post-hoc experimental-design extension	50p_E2_to_E1	50% epiboly	E2	E2→E1	0.1	1.0	krt4	dynll1	1	12	0.00041346237802497576	9.463097420792099e-05	0.5887265135699373	479	lower conditional utility indicates greater substitution/redundancy
post-hoc experimental-design extension	50p_E2_to_E1	50% epiboly	E2	E2→E1	0.1	1.0	krt4	vgll4l	1	13	0.0006800601833221731	0.00015959555105544976	0.6304801670146137	479	lower conditional utility indicates greater substitution/redundancy
post-hoc experimental-design extension	50p_E2_to_E1	50% epiboly	E2	E2→E1	0.1	1.0	krt4	nkx2.5	1	14	0.0006542154737819716	0.00017893158374299167	0.6012526096033403	479	lower conditional utility indicates greater substitution/redundancy
post-hoc experimental-design extension	50p_E2_to_E1	50% epiboly	E2	E2→E1	0.1	1.0	krt4	cdx4	1	15	0.00038293856965232465	9.624206924607748e-05	0.5803757828810021	479	lower conditional utility indicates greater substitution/redundancy
post-hoc experimental-design extension	50p_E2_to_E1	50% epiboly	E2	E2→E1	0.1	1.0	krt4	zgc:175088	1	16	0.0004729267774898349	0.00010440735469680051	0.5887265135699373	479	lower conditional utility indicates greater substitution/redundancy
post-hoc experimental-design extension	50p_E2_to_E1	50% epiboly	E2	E2→E1	0.1	1.0	gata5	krt4	2	1	0.003278647853783123	0.0008607112157208441	0.7348643006263048	479	lower conditional utility indicates greater substitution/redundancy
post-hoc experimental-design extension	50p_E2_to_E1	50% epiboly	E2	E2→E1	0.1	1.0	gata5	snai2	2	3	0.0030198286501762484	0.0007978388995600882	0.7244258872651357	479	lower conditional utility indicates greater substitution/redundancy
post-hoc experimental-design extension	50p_E2_to_E1	50% epiboly	E2	E2→E1	0.1	1.0	gata5	mdm2	2	4	0.005018341876879995	0.0011935714064054137	0.7766179540709812	479	lower conditional utility indicates greater substitution/redundancy
post-hoc experimental-design extension	50p_E2_to_E1	50% epiboly	E2	E2→E1	0.1	1.0	gata5	gata2a	2	5	0.0024937218919434123	0.0006372438544471892	0.7160751565762005	479	lower conditional utility indicates greater substitution/redundancy
post-hoc experimental-design extension	50p_E2_to_E1	50% epiboly	E2	E2→E1	0.1	1.0	gata5	vent	2	6	0.0023723874880306473	0.0006509894131277172	0.7056367432150313	479	lower conditional utility indicates greater substitution/redundancy
post-hoc experimental-design extension	50p_E2_to_E1	50% epiboly	E2	E2→E1	0.1	1.0	gata5	krt8	2	7	0.0026492017861148853	0.0007076049047247956	0.6993736951983298	479	lower conditional utility indicates greater substitution/redundancy
post-hoc experimental-design extension	50p_E2_to_E1	50% epiboly	E2	E2→E1	0.1	1.0	gata5	si:ch211-113a14.12	2	8	0.002509345832973464	0.0007080721995981476	0.7286012526096033	479	lower conditional utility indicates greater substitution/redundancy
post-hoc experimental-design extension	50p_E2_to_E1	50% epiboly	E2	E2→E1	0.1	1.0	gata5	tfap2c	2	9	0.002185923211690033	0.0005874011921819661	0.7056367432150313	479	lower conditional utility indicates greater substitution/redundancy
post-hoc experimental-design extension	50p_E2_to_E1	50% epiboly	E2	E2→E1	0.1	1.0	gata5	oclna	2	10	0.0017828904184691297	0.0005027663088069123	0.6722338204592901	479	lower conditional utility indicates greater substitution/redundancy
post-hoc experimental-design extension	50p_E2_to_E1	50% epiboly	E2	E2→E1	0.1	1.0	gata5	frmd4ba	2	11	0.004135637760381783	0.0009937231360411802	0.7306889352818372	479	lower conditional utility indicates greater substitution/redundancy
post-hoc experimental-design extension	50p_E2_to_E1	50% epiboly	E2	E2→E1	0.1	1.0	gata5	dynll1	2	12	0.0021236903525745365	0.0005308268923675669	0.7014613778705637	479	lower conditional utility indicates greater substitution/redundancy
post-hoc experimental-design extension	50p_E2_to_E1	50% epiboly	E2	E2→E1	0.1	1.0	gata5	vgll4l	2	13	0.0021180440805878	0.0005390790577328164	0.7056367432150313	479	lower conditional utility indicates greater substitution/redundancy
post-hoc experimental-design extension	50p_E2_to_E1	50% epiboly	E2	E2→E1	0.1	1.0	gata5	nkx2.5	2	14	0.0023662410471746442	0.0005913259984599573	0.7244258872651357	479	lower conditional utility indicates greater substitution/redundancy
post-hoc experimental-design extension	50p_E2_to_E1	50% epiboly	E2	E2→E1	0.1	1.0	gata5	cdx4	2	15	0.002140809272914823	0.0005737568150426808	0.7077244258872651	479	lower conditional utility indicates greater substitution/redundancy
post-hoc experimental-design extension	50p_E2_to_E1	50% epiboly	E2	E2→E1	0.1	1.0	gata5	zgc:175088	2	16	0.0021161165669617565	0.0005530430984480028	0.7014613778705637	479	lower conditional utility indicates greater substitution/redundancy
post-hoc experimental-design extension	50p_E2_to_E1	50% epiboly	E2	E2→E1	0.1	1.0	snai2	krt4	3	1	0.0015848210665891926	0.00043873990731657653	0.7077244258872651	479	lower conditional utility indicates greater substitution/redundancy
post-hoc experimental-design extension	50p_E2_to_E1	50% epiboly	E2	E2→E1	0.1	1.0	snai2	gata5	3	2	0.002234509772533755	0.0005800691166900906	0.7286012526096033	479	lower conditional utility indicates greater substitution/redundancy
post-hoc experimental-design extension	50p_E2_to_E1	50% epiboly	E2	E2→E1	0.1	1.0	snai2	mdm2	3	4	0.0015209929426316382	0.00046455225624492114	0.7077244258872651	479	lower conditional utility indicates greater substitution/redundancy
post-hoc experimental-design extension	50p_E2_to_E1	50% epiboly	E2	E2→E1	0.1	1.0	snai2	gata2a	3	5	0.001537262303793585	0.00046471835876277234	0.7118997912317327	479	lower conditional utility indicates greater substitution/redundancy
post-hoc experimental-design extension	50p_E2_to_E1	50% epiboly	E2	E2→E1	0.1	1.0	snai2	vent	3	6	0.0015759950920446464	0.0004503098416778206	0.6993736951983298	479	lower conditional utility indicates greater substitution/redundancy
post-hoc experimental-design extension	50p_E2_to_E1	50% epiboly	E2	E2→E1	0.1	1.0	snai2	krt8	3	7	0.0018101328042702813	0.0005109713454466425	0.7056367432150313	479	lower conditional utility indicates greater substitution/redundancy
post-hoc experimental-design extension	50p_E2_to_E1	50% epiboly	E2	E2→E1	0.1	1.0	snai2	si:ch211-113a14.12	3	8	0.0016036252644727744	0.00045524993197931796	0.7098121085594989	479	lower conditional utility indicates greater substitution/redundancy
post-hoc experimental-design extension	50p_E2_to_E1	50% epiboly	E2	E2→E1	0.1	1.0	snai2	tfap2c	3	9	0.002373147948537546	0.0006478551066848581	0.697286012526096	479	lower conditional utility indicates greater substitution/redundancy
post-hoc experimental-design extension	50p_E2_to_E1	50% epiboly	E2	E2→E1	0.1	1.0	snai2	oclna	3	10	0.0018267665763775365	0.0004620500620520218	0.7202505219206681	479	lower conditional utility indicates greater substitution/redundancy
post-hoc experimental-design extension	50p_E2_to_E1	50% epiboly	E2	E2→E1	0.1	1.0	snai2	frmd4ba	3	11	0.00249973697667627	0.000686600879514776	0.7432150313152401	479	lower conditional utility indicates greater substitution/redundancy
post-hoc experimental-design extension	50p_E2_to_E1	50% epiboly	E2	E2→E1	0.1	1.0	snai2	dynll1	3	12	0.0015756017042448667	0.00043927719403286103	0.6910229645093946	479	lower conditional utility indicates greater substitution/redundancy
post-hoc experimental-design extension	50p_E2_to_E1	50% epiboly	E2	E2→E1	0.1	1.0	snai2	vgll4l	3	13	0.0019468449500282814	0.0005977179766902818	0.7411273486430062	479	lower conditional utility indicates greater substitution/redundancy
post-hoc experimental-design extension	50p_E2_to_E1	50% epiboly	E2	E2→E1	0.1	1.0	snai2	nkx2.5	3	14	0.0016333574429746034	0.0004870782887930747	0.7118997912317327	479	lower conditional utility indicates greater substitution/redundancy
post-hoc experimental-design extension	50p_E2_to_E1	50% epiboly	E2	E2→E1	0.1	1.0	snai2	cdx4	3	15	0.0017594394554169002	0.00045560455258952803	0.7098121085594989	479	lower conditional utility indicates greater substitution/redundancy
post-hoc experimental-design extension	50p_E2_to_E1	50% epiboly	E2	E2→E1	0.1	1.0	snai2	zgc:175088	3	16	0.0016143841399549608	0.00048328838373340455	0.7181628392484343	479	lower conditional utility indicates greater substitution/redundancy
post-hoc experimental-design extension	50p_E2_to_E1	50% epiboly	E2	E2→E1	0.1	1.0	mdm2	krt4	4	1	0.002124324657156673	0.000640939872349644	0.6993736951983298	479	lower conditional utility indicates greater substitution/redundancy
post-hoc experimental-design extension	50p_E2_to_E1	50% epiboly	E2	E2→E1	0.1	1.0	mdm2	gata5	4	2	0.0029732538610458548	0.0009870770949299557	0.7494780793319415	479	lower conditional utility indicates greater substitution/redundancy
post-hoc experimental-design extension	50p_E2_to_E1	50% epiboly	E2	E2→E1	0.1	1.0	mdm2	snai2	4	3	0.0012018464847467492	0.00034920051686621045	0.6367432150313153	479	lower conditional utility indicates greater substitution/redundancy
post-hoc experimental-design extension	50p_E2_to_E1	50% epiboly	E2	E2→E1	0.1	1.0	mdm2	gata2a	4	5	0.001330274743590043	0.0003847411695059866	0.6450939457202505	479	lower conditional utility indicates greater substitution/redundancy
post-hoc experimental-design extension	50p_E2_to_E1	50% epiboly	E2	E2→E1	0.1	1.0	mdm2	vent	4	6	0.0013398908953327071	0.00037781725577035186	0.6388308977035491	479	lower conditional utility indicates greater substitution/redundancy
post-hoc experimental-design extension	50p_E2_to_E1	50% epiboly	E2	E2→E1	0.1	1.0	mdm2	krt8	4	7	0.002230322862741385	0.0006328754344377407	0.6784968684759917	479	lower conditional utility indicates greater substitution/redundancy
post-hoc experimental-design extension	50p_E2_to_E1	50% epiboly	E2	E2→E1	0.1	1.0	mdm2	si:ch211-113a14.12	4	8	0.0018036517181661549	0.0005189865066382304	0.6722338204592901	479	lower conditional utility indicates greater substitution/redundancy
post-hoc experimental-design extension	50p_E2_to_E1	50% epiboly	E2	E2→E1	0.1	1.0	mdm2	tfap2c	4	9	0.001258420969183327	0.0003815408120520225	0.6409185803757829	479	lower conditional utility indicates greater substitution/redundancy
post-hoc experimental-design extension	50p_E2_to_E1	50% epiboly	E2	E2→E1	0.1	1.0	mdm2	oclna	4	10	0.0014199508554711415	0.0004571124965581652	0.6617954070981211	479	lower conditional utility indicates greater substitution/redundancy
post-hoc experimental-design extension	50p_E2_to_E1	50% epiboly	E2	E2→E1	0.1	1.0	mdm2	frmd4ba	4	11	0.00138894835900516	0.0003614166585301781	0.6471816283924844	479	lower conditional utility indicates greater substitution/redundancy
post-hoc experimental-design extension	50p_E2_to_E1	50% epiboly	E2	E2→E1	0.1	1.0	mdm2	dynll1	4	12	0.001469137737899029	0.00041357021430377117	0.6597077244258872	479	lower conditional utility indicates greater substitution/redundancy
post-hoc experimental-design extension	50p_E2_to_E1	50% epiboly	E2	E2→E1	0.1	1.0	mdm2	vgll4l	4	13	0.0017445882858698192	0.0005217659349515957	0.6638830897703549	479	lower conditional utility indicates greater substitution/redundancy
post-hoc experimental-design extension	50p_E2_to_E1	50% epiboly	E2	E2→E1	0.1	1.0	mdm2	nkx2.5	4	14	0.0016678676494684685	0.0004957063205145162	0.6764091858037579	479	lower conditional utility indicates greater substitution/redundancy
post-hoc experimental-design extension	50p_E2_to_E1	50% epiboly	E2	E2→E1	0.1	1.0	mdm2	cdx4	4	15	0.0013221383220830552	0.0003570396967222389	0.6430062630480167	479	lower conditional utility indicates greater substitution/redundancy
post-hoc experimental-design extension	50p_E2_to_E1	50% epiboly	E2	E2→E1	0.1	1.0	mdm2	zgc:175088	4	16	0.0013428156220360865	0.0003905326519932917	0.6430062630480167	479	lower conditional utility indicates greater substitution/redundancy
post-hoc experimental-design extension	50p_E2_to_E1	50% epiboly	E2	E2→E1	0.1	1.0	gata2a	krt4	5	1	0.00012978440543015557	2.405136238586847e-05	0.524008350730689	479	lower conditional utility indicates greater substitution/redundancy
post-hoc experimental-design extension	50p_E2_to_E1	50% epiboly	E2	E2→E1	0.1	1.0	gata2a	gata5	5	2	0.00018284453428152325	5.8293965646716295e-05	0.5407098121085595	479	lower conditional utility indicates greater substitution/redundancy
post-hoc experimental-design extension	50p_E2_to_E1	50% epiboly	E2	E2→E1	0.1	1.0	gata2a	snai2	5	3	2.84506791301542e-05	2.727764410459521e-07	0.511482254697286	479	lower conditional utility indicates greater substitution/redundancy
post-hoc experimental-design extension	50p_E2_to_E1	50% epiboly	E2	E2→E1	0.1	1.0	gata2a	mdm2	5	4	-3.345527990972208e-05	-1.1335044415916595e-05	0.49478079331941544	479	lower conditional utility indicates greater substitution/redundancy
post-hoc experimental-design extension	50p_E2_to_E1	50% epiboly	E2	E2→E1	0.1	1.0	gata2a	vent	5	6	-4.251274204447597e-06	-7.839806514448044e-06	0.4989561586638831	479	lower conditional utility indicates greater substitution/redundancy
post-hoc experimental-design extension	50p_E2_to_E1	50% epiboly	E2	E2→E1	0.1	1.0	gata2a	krt8	5	7	7.931750645628899e-05	1.2543153543820296e-05	0.5198329853862212	479	lower conditional utility indicates greater substitution/redundancy
post-hoc experimental-design extension	50p_E2_to_E1	50% epiboly	E2	E2→E1	0.1	1.0	gata2a	si:ch211-113a14.12	5	8	8.83937487073938e-05	1.4557533352332896e-05	0.5156576200417536	479	lower conditional utility indicates greater substitution/redundancy
post-hoc experimental-design extension	50p_E2_to_E1	50% epiboly	E2	E2→E1	0.1	1.0	gata2a	tfap2c	5	9	-5.9166158714041295e-05	-1.771739015816315e-05	0.48851774530271397	479	lower conditional utility indicates greater substitution/redundancy
post-hoc experimental-design extension	50p_E2_to_E1	50% epiboly	E2	E2→E1	0.1	1.0	gata2a	oclna	5	10	7.518186861721343e-05	2.6383178599598267e-06	0.5156576200417536	479	lower conditional utility indicates greater substitution/redundancy
post-hoc experimental-design extension	50p_E2_to_E1	50% epiboly	E2	E2→E1	0.1	1.0	gata2a	frmd4ba	5	11	5.569693636497952e-05	8.241934582486898e-06	0.5135699373695198	479	lower conditional utility indicates greater substitution/redundancy
post-hoc experimental-design extension	50p_E2_to_E1	50% epiboly	E2	E2→E1	0.1	1.0	gata2a	dynll1	5	12	5.814801491144106e-05	1.5847226541576553e-06	0.511482254697286	479	lower conditional utility indicates greater substitution/redundancy
post-hoc experimental-design extension	50p_E2_to_E1	50% epiboly	E2	E2→E1	0.1	1.0	gata2a	vgll4l	5	13	0.00021608910198456233	4.348458239900044e-05	0.5302713987473904	479	lower conditional utility indicates greater substitution/redundancy
post-hoc experimental-design extension	50p_E2_to_E1	50% epiboly	E2	E2→E1	0.1	1.0	gata2a	nkx2.5	5	14	6.626239758278363e-05	2.5243084438228425e-06	0.5135699373695198	479	lower conditional utility indicates greater substitution/redundancy
post-hoc experimental-design extension	50p_E2_to_E1	50% epiboly	E2	E2→E1	0.1	1.0	gata2a	cdx4	5	15	0.00016619261166395116	2.5560972530432047e-05	0.5281837160751566	479	lower conditional utility indicates greater substitution/redundancy
post-hoc experimental-design extension	50p_E2_to_E1	50% epiboly	E2	E2→E1	0.1	1.0	gata2a	zgc:175088	5	16	6.768380529270646e-05	9.459022006386153e-06	0.5219206680584552	479	lower conditional utility indicates greater substitution/redundancy
post-hoc experimental-design extension	50p_E2_to_E1	50% epiboly	E2	E2→E1	0.1	1.0	vent	krt4	6	1	-0.00019506834689553276	-6.701999123998048e-05	0.4697286012526096	479	lower conditional utility indicates greater substitution/redundancy
post-hoc experimental-design extension	50p_E2_to_E1	50% epiboly	E2	E2→E1	0.1	1.0	vent	gata5	6	2	-3.5648204356197866e-06	-2.5487000438528806e-05	0.4989561586638831	479	lower conditional utility indicates greater substitution/redundancy
post-hoc experimental-design extension	50p_E2_to_E1	50% epiboly	E2	E2→E1	0.1	1.0	vent	snai2	6	3	0.0001755036761807438	2.7258655928619202e-05	0.5177453027139874	479	lower conditional utility indicates greater substitution/redundancy
post-hoc experimental-design extension	50p_E2_to_E1	50% epiboly	E2	E2→E1	0.1	1.0	vent	mdm2	6	4	0.00011469055679336204	2.295274602948094e-05	0.5156576200417536	479	lower conditional utility indicates greater substitution/redundancy
post-hoc experimental-design extension	50p_E2_to_E1	50% epiboly	E2	E2→E1	0.1	1.0	vent	gata2a	6	5	-0.00021538322374370367	-6.362515920543821e-05	0.48434237995824636	479	lower conditional utility indicates greater substitution/redundancy
post-hoc experimental-design extension	50p_E2_to_E1	50% epiboly	E2	E2→E1	0.1	1.0	vent	krt8	6	7	-0.00010891758408793084	-3.894496805128406e-05	0.4822546972860125	479	lower conditional utility indicates greater substitution/redundancy
post-hoc experimental-design extension	50p_E2_to_E1	50% epiboly	E2	E2→E1	0.1	1.0	vent	si:ch211-113a14.12	6	8	1.1766407740143592e-05	-2.533685588596013e-05	0.5010438413361169	479	lower conditional utility indicates greater substitution/redundancy
post-hoc experimental-design extension	50p_E2_to_E1	50% epiboly	E2	E2→E1	0.1	1.0	vent	tfap2c	6	9	-5.481696083142751e-05	-1.5422965045412684e-05	0.49478079331941544	479	lower conditional utility indicates greater substitution/redundancy
post-hoc experimental-design extension	50p_E2_to_E1	50% epiboly	E2	E2→E1	0.1	1.0	vent	oclna	6	10	-0.00014624854631750672	-4.344316339769533e-05	0.48434237995824636	479	lower conditional utility indicates greater substitution/redundancy
post-hoc experimental-design extension	50p_E2_to_E1	50% epiboly	E2	E2→E1	0.1	1.0	vent	frmd4ba	6	11	-8.647348893825457e-05	-4.096456663557624e-05	0.48643006263048016	479	lower conditional utility indicates greater substitution/redundancy
post-hoc experimental-design extension	50p_E2_to_E1	50% epiboly	E2	E2→E1	0.1	1.0	vent	dynll1	6	12	-0.00014484124369779083	-4.4322701483828775e-05	0.4780793319415449	479	lower conditional utility indicates greater substitution/redundancy
post-hoc experimental-design extension	50p_E2_to_E1	50% epiboly	E2	E2→E1	0.1	1.0	vent	vgll4l	6	13	4.043048459401177e-05	-8.06864423076245e-06	0.5052192066805845	479	lower conditional utility indicates greater substitution/redundancy
post-hoc experimental-design extension	50p_E2_to_E1	50% epiboly	E2	E2→E1	0.1	1.0	vent	nkx2.5	6	14	6.561562268592169e-05	-2.766596210568295e-06	0.5031315240083507	479	lower conditional utility indicates greater substitution/redundancy
post-hoc experimental-design extension	50p_E2_to_E1	50% epiboly	E2	E2→E1	0.1	1.0	vent	cdx4	6	15	-0.00023159819397433612	-5.725626458197297e-05	0.4718162839248434	479	lower conditional utility indicates greater substitution/redundancy
post-hoc experimental-design extension	50p_E2_to_E1	50% epiboly	E2	E2→E1	0.1	1.0	vent	zgc:175088	6	16	-0.00014053564986238332	-3.357598707031881e-05	0.48643006263048016	479	lower conditional utility indicates greater substitution/redundancy
post-hoc experimental-design extension	50p_E2_to_E1	50% epiboly	E2	E2→E1	0.1	1.0	krt8	krt4	7	1	0.0011161706147821415	0.00029134541554209914	0.6722338204592901	479	lower conditional utility indicates greater substitution/redundancy
post-hoc experimental-design extension	50p_E2_to_E1	50% epiboly	E2	E2→E1	0.1	1.0	krt8	gata5	7	2	0.0008846874183536801	0.00018854833661563486	0.6263048016701461	479	lower conditional utility indicates greater substitution/redundancy
post-hoc experimental-design extension	50p_E2_to_E1	50% epiboly	E2	E2→E1	0.1	1.0	krt8	snai2	7	3	0.0007732660426340576	0.00017078683983196008	0.6367432150313153	479	lower conditional utility indicates greater substitution/redundancy
post-hoc experimental-design extension	50p_E2_to_E1	50% epiboly	E2	E2→E1	0.1	1.0	krt8	mdm2	7	4	0.0010843195591067056	0.00032062532943247235	0.6638830897703549	479	lower conditional utility indicates greater substitution/redundancy
post-hoc experimental-design extension	50p_E2_to_E1	50% epiboly	E2	E2→E1	0.1	1.0	krt8	gata2a	7	5	0.0006599394781079959	0.000160119234464573	0.6242171189979123	479	lower conditional utility indicates greater substitution/redundancy
post-hoc experimental-design extension	50p_E2_to_E1	50% epiboly	E2	E2→E1	0.1	1.0	krt8	vent	7	6	0.000621319285377675	0.00011965877900177446	0.6116910229645094	479	lower conditional utility indicates greater substitution/redundancy
post-hoc experimental-design extension	50p_E2_to_E1	50% epiboly	E2	E2→E1	0.1	1.0	krt8	si:ch211-113a14.12	7	8	0.0006041086501936965	0.00013997891682143715	0.6096033402922756	479	lower conditional utility indicates greater substitution/redundancy
post-hoc experimental-design extension	50p_E2_to_E1	50% epiboly	E2	E2→E1	0.1	1.0	krt8	tfap2c	7	9	0.0006234850455045793	0.00014010799819896835	0.6200417536534447	479	lower conditional utility indicates greater substitution/redundancy
post-hoc experimental-design extension	50p_E2_to_E1	50% epiboly	E2	E2→E1	0.1	1.0	krt8	oclna	7	10	0.0006561539007296502	0.00018080432682143766	0.6492693110647182	479	lower conditional utility indicates greater substitution/redundancy
post-hoc experimental-design extension	50p_E2_to_E1	50% epiboly	E2	E2→E1	0.1	1.0	krt8	frmd4ba	7	11	0.0005608806238740771	0.0001272919719728649	0.615866388308977	479	lower conditional utility indicates greater substitution/redundancy
post-hoc experimental-design extension	50p_E2_to_E1	50% epiboly	E2	E2→E1	0.1	1.0	krt8	dynll1	7	12	0.0006203544921726811	0.00011844233711807983	0.6200417536534447	479	lower conditional utility indicates greater substitution/redundancy
post-hoc experimental-design extension	50p_E2_to_E1	50% epiboly	E2	E2→E1	0.1	1.0	krt8	vgll4l	7	13	0.001034061189195079	0.0002537951915907444	0.6471816283924844	479	lower conditional utility indicates greater substitution/redundancy
post-hoc experimental-design extension	50p_E2_to_E1	50% epiboly	E2	E2→E1	0.1	1.0	krt8	nkx2.5	7	14	0.0005988750755917538	0.00014984190026573474	0.615866388308977	479	lower conditional utility indicates greater substitution/redundancy
post-hoc experimental-design extension	50p_E2_to_E1	50% epiboly	E2	E2→E1	0.1	1.0	krt8	cdx4	7	15	0.000527645793590048	0.0001374202560817661	0.6116910229645094	479	lower conditional utility indicates greater substitution/redundancy
post-hoc experimental-design extension	50p_E2_to_E1	50% epiboly	E2	E2→E1	0.1	1.0	krt8	zgc:175088	7	16	0.000546444515605593	0.000133898495250806	0.6096033402922756	479	lower conditional utility indicates greater substitution/redundancy
post-hoc experimental-design extension	50p_E2_to_E1	50% epiboly	E2	E2→E1	0.1	1.0	si:ch211-113a14.12	krt4	8	1	0.0018155243895906503	0.0005838469536758595	0.7745302713987474	479	lower conditional utility indicates greater substitution/redundancy
post-hoc experimental-design extension	50p_E2_to_E1	50% epiboly	E2	E2→E1	0.1	1.0	si:ch211-113a14.12	gata5	8	2	0.00246059912749369	0.0007681442507368325	0.8121085594989561	479	lower conditional utility indicates greater substitution/redundancy
post-hoc experimental-design extension	50p_E2_to_E1	50% epiboly	E2	E2→E1	0.1	1.0	si:ch211-113a14.12	snai2	8	3	0.0016616750104865297	0.0005085287475185551	0.7640918580375783	479	lower conditional utility indicates greater substitution/redundancy
post-hoc experimental-design extension	50p_E2_to_E1	50% epiboly	E2	E2→E1	0.1	1.0	si:ch211-113a14.12	mdm2	8	4	0.0022287091880717202	0.0007590582748829566	0.8016701461377871	479	lower conditional utility indicates greater substitution/redundancy
post-hoc experimental-design extension	50p_E2_to_E1	50% epiboly	E2	E2→E1	0.1	1.0	si:ch211-113a14.12	gata2a	8	5	0.0018485712518524489	0.0006029592031380204	0.791231732776618	479	lower conditional utility indicates greater substitution/redundancy
post-hoc experimental-design extension	50p_E2_to_E1	50% epiboly	E2	E2→E1	0.1	1.0	si:ch211-113a14.12	vent	8	6	0.002232534007470033	0.000642725666276156	0.7933194154488518	479	lower conditional utility indicates greater substitution/redundancy
post-hoc experimental-design extension	50p_E2_to_E1	50% epiboly	E2	E2→E1	0.1	1.0	si:ch211-113a14.12	krt8	8	7	0.0017279389336338213	0.0005580081730744424	0.7807933194154488	479	lower conditional utility indicates greater substitution/redundancy
post-hoc experimental-design extension	50p_E2_to_E1	50% epiboly	E2	E2→E1	0.1	1.0	si:ch211-113a14.12	tfap2c	8	9	0.0017634391577738828	0.0005524620229764854	0.778705636743215	479	lower conditional utility indicates greater substitution/redundancy
post-hoc experimental-design extension	50p_E2_to_E1	50% epiboly	E2	E2→E1	0.1	1.0	si:ch211-113a14.12	oclna	8	10	0.0030391580578669197	0.0009143741052097809	0.8016701461377871	479	lower conditional utility indicates greater substitution/redundancy
post-hoc experimental-design extension	50p_E2_to_E1	50% epiboly	E2	E2→E1	0.1	1.0	si:ch211-113a14.12	frmd4ba	8	11	0.0019303019933134546	0.0006359759230165629	0.7870563674321504	479	lower conditional utility indicates greater substitution/redundancy
post-hoc experimental-design extension	50p_E2_to_E1	50% epiboly	E2	E2→E1	0.1	1.0	si:ch211-113a14.12	dynll1	8	12	0.002509034749522354	0.0007831950837555168	0.7870563674321504	479	lower conditional utility indicates greater substitution/redundancy
post-hoc experimental-design extension	50p_E2_to_E1	50% epiboly	E2	E2→E1	0.1	1.0	si:ch211-113a14.12	vgll4l	8	13	0.0017645310950994975	0.0005914026500908331	0.7849686847599165	479	lower conditional utility indicates greater substitution/redundancy
post-hoc experimental-design extension	50p_E2_to_E1	50% epiboly	E2	E2→E1	0.1	1.0	si:ch211-113a14.12	nkx2.5	8	14	0.0021346555201886552	0.000683768658483741	0.8016701461377871	479	lower conditional utility indicates greater substitution/redundancy
post-hoc experimental-design extension	50p_E2_to_E1	50% epiboly	E2	E2→E1	0.1	1.0	si:ch211-113a14.12	cdx4	8	15	0.0018867957551767511	0.0006236155278018796	0.791231732776618	479	lower conditional utility indicates greater substitution/redundancy
post-hoc experimental-design extension	50p_E2_to_E1	50% epiboly	E2	E2→E1	0.1	1.0	si:ch211-113a14.12	zgc:175088	8	16	0.0017051853538631034	0.0005466358530280546	0.7703549060542797	479	lower conditional utility indicates greater substitution/redundancy
post-hoc experimental-design extension	50p_E2_to_E1	50% epiboly	E2	E2→E1	0.1	1.0	tfap2c	krt4	9	1	-0.00014116003877889804	-5.950615068345266e-05	0.44258872651356995	479	lower conditional utility indicates greater substitution/redundancy
post-hoc experimental-design extension	50p_E2_to_E1	50% epiboly	E2	E2→E1	0.1	1.0	tfap2c	gata5	9	2	-0.00015038520085031148	-6.22045235471047e-05	0.4405010438413361	479	lower conditional utility indicates greater substitution/redundancy
post-hoc experimental-design extension	50p_E2_to_E1	50% epiboly	E2	E2→E1	0.1	1.0	tfap2c	snai2	9	3	0.00034324477690278465	8.825577048482414e-05	0.5636743215031316	479	lower conditional utility indicates greater substitution/redundancy
post-hoc experimental-design extension	50p_E2_to_E1	50% epiboly	E2	E2→E1	0.1	1.0	tfap2c	mdm2	9	4	-0.00014911244946336222	-5.843068495545167e-05	0.44467640918580376	479	lower conditional utility indicates greater substitution/redundancy
post-hoc experimental-design extension	50p_E2_to_E1	50% epiboly	E2	E2→E1	0.1	1.0	tfap2c	gata2a	9	5	-0.00012215934051540422	-5.7120421730894044e-05	0.46764091858037576	479	lower conditional utility indicates greater substitution/redundancy
post-hoc experimental-design extension	50p_E2_to_E1	50% epiboly	E2	E2→E1	0.1	1.0	tfap2c	vent	9	6	-0.00012156958004080898	-5.465478405977664e-05	0.453027139874739	479	lower conditional utility indicates greater substitution/redundancy
post-hoc experimental-design extension	50p_E2_to_E1	50% epiboly	E2	E2→E1	0.1	1.0	tfap2c	krt8	9	7	-0.0001344031580944316	-5.6257371540746615e-05	0.4488517745302714	479	lower conditional utility indicates greater substitution/redundancy
post-hoc experimental-design extension	50p_E2_to_E1	50% epiboly	E2	E2→E1	0.1	1.0	tfap2c	si:ch211-113a14.12	9	8	-0.00015110799958995003	-5.6673773587617715e-05	0.44676409185803756	479	lower conditional utility indicates greater substitution/redundancy
post-hoc experimental-design extension	50p_E2_to_E1	50% epiboly	E2	E2→E1	0.1	1.0	tfap2c	oclna	9	10	-0.00012021987655985722	-5.314166678083154e-05	0.4509394572025052	479	lower conditional utility indicates greater substitution/redundancy
post-hoc experimental-design extension	50p_E2_to_E1	50% epiboly	E2	E2→E1	0.1	1.0	tfap2c	frmd4ba	9	11	-0.00016438884933106523	-5.963906902073379e-05	0.453027139874739	479	lower conditional utility indicates greater substitution/redundancy
post-hoc experimental-design extension	50p_E2_to_E1	50% epiboly	E2	E2→E1	0.1	1.0	tfap2c	dynll1	9	12	-0.00011738048355558472	-4.352577835375904e-05	0.453027139874739	479	lower conditional utility indicates greater substitution/redundancy
post-hoc experimental-design extension	50p_E2_to_E1	50% epiboly	E2	E2→E1	0.1	1.0	tfap2c	vgll4l	9	13	-5.476201403853409e-05	-4.2174911626058353e-05	0.4822546972860125	479	lower conditional utility indicates greater substitution/redundancy
post-hoc experimental-design extension	50p_E2_to_E1	50% epiboly	E2	E2→E1	0.1	1.0	tfap2c	nkx2.5	9	14	-0.00016497202364140762	-6.315679599344648e-05	0.4405010438413361	479	lower conditional utility indicates greater substitution/redundancy
post-hoc experimental-design extension	50p_E2_to_E1	50% epiboly	E2	E2→E1	0.1	1.0	tfap2c	cdx4	9	15	-0.00012380681606338761	-5.739010121080801e-05	0.4405010438413361	479	lower conditional utility indicates greater substitution/redundancy
post-hoc experimental-design extension	50p_E2_to_E1	50% epiboly	E2	E2→E1	0.1	1.0	tfap2c	zgc:175088	9	16	-0.000130862938909182	-6.209266546057524e-05	0.44467640918580376	479	lower conditional utility indicates greater substitution/redundancy
post-hoc experimental-design extension	50p_E2_to_E1	50% epiboly	E2	E2→E1	0.1	1.0	oclna	krt4	10	1	0.0015797926466696866	0.00046445139092410326	0.7118997912317327	479	lower conditional utility indicates greater substitution/redundancy
post-hoc experimental-design extension	50p_E2_to_E1	50% epiboly	E2	E2→E1	0.1	1.0	oclna	gata5	10	2	0.0015515942867181387	0.00046224548662378295	0.6680584551148225	479	lower conditional utility indicates greater substitution/redundancy
post-hoc experimental-design extension	50p_E2_to_E1	50% epiboly	E2	E2→E1	0.1	1.0	oclna	snai2	10	3	0.001982700149161132	0.0005559046343143748	0.7432150313152401	479	lower conditional utility indicates greater substitution/redundancy
post-hoc experimental-design extension	50p_E2_to_E1	50% epiboly	E2	E2→E1	0.1	1.0	oclna	mdm2	10	4	0.0020002803657123147	0.0005708095800841528	0.7244258872651357	479	lower conditional utility indicates greater substitution/redundancy
post-hoc experimental-design extension	50p_E2_to_E1	50% epiboly	E2	E2→E1	0.1	1.0	oclna	gata2a	10	5	0.001731661838322407	0.0005115095989787766	0.7118997912317327	479	lower conditional utility indicates greater substitution/redundancy
post-hoc experimental-design extension	50p_E2_to_E1	50% epiboly	E2	E2→E1	0.1	1.0	oclna	vent	10	6	0.0019669746340238436	0.0005229529106388353	0.7369519832985386	479	lower conditional utility indicates greater substitution/redundancy
post-hoc experimental-design extension	50p_E2_to_E1	50% epiboly	E2	E2→E1	0.1	1.0	oclna	krt8	10	7	0.0016836427976867352	0.0005688410791758747	0.7139874739039666	479	lower conditional utility indicates greater substitution/redundancy
post-hoc experimental-design extension	50p_E2_to_E1	50% epiboly	E2	E2→E1	0.1	1.0	oclna	si:ch211-113a14.12	10	8	0.002801539288573851	0.0008168977507964081	0.7766179540709812	479	lower conditional utility indicates greater substitution/redundancy
post-hoc experimental-design extension	50p_E2_to_E1	50% epiboly	E2	E2→E1	0.1	1.0	oclna	tfap2c	10	9	0.0017954526688251926	0.0005132084354487754	0.7223382045929019	479	lower conditional utility indicates greater substitution/redundancy
post-hoc experimental-design extension	50p_E2_to_E1	50% epiboly	E2	E2→E1	0.1	1.0	oclna	frmd4ba	10	11	0.0034750386585032933	0.0010175191413756557	0.7745302713987474	479	lower conditional utility indicates greater substitution/redundancy
post-hoc experimental-design extension	50p_E2_to_E1	50% epiboly	E2	E2→E1	0.1	1.0	oclna	dynll1	10	12	0.0019853717778051116	0.0005919693358010791	0.7494780793319415	479	lower conditional utility indicates greater substitution/redundancy
post-hoc experimental-design extension	50p_E2_to_E1	50% epiboly	E2	E2→E1	0.1	1.0	oclna	vgll4l	10	13	0.0018114397754298572	0.0004906959625334828	0.7306889352818372	479	lower conditional utility indicates greater substitution/redundancy
post-hoc experimental-design extension	50p_E2_to_E1	50% epiboly	E2	E2→E1	0.1	1.0	oclna	nkx2.5	10	14	0.0022998481682462435	0.0006764415915248567	0.7515657620041754	479	lower conditional utility indicates greater substitution/redundancy
post-hoc experimental-design extension	50p_E2_to_E1	50% epiboly	E2	E2→E1	0.1	1.0	oclna	cdx4	10	15	0.001777488353470802	0.0005292194097626379	0.7286012526096033	479	lower conditional utility indicates greater substitution/redundancy
post-hoc experimental-design extension	50p_E2_to_E1	50% epiboly	E2	E2→E1	0.1	1.0	oclna	zgc:175088	10	16	0.001768684843465318	0.0005003462564819594	0.7369519832985386	479	lower conditional utility indicates greater substitution/redundancy
post-hoc experimental-design extension	50p_E2_to_E1	50% epiboly	E2	E2→E1	0.1	1.0	frmd4ba	krt4	11	1	0.0019420942814034614	0.0005143809740553729	0.7411273486430062	479	lower conditional utility indicates greater substitution/redundancy
post-hoc experimental-design extension	50p_E2_to_E1	50% epiboly	E2	E2→E1	0.1	1.0	frmd4ba	gata5	11	2	0.0038893850098196125	0.0010208115639460946	0.7933194154488518	479	lower conditional utility indicates greater substitution/redundancy
post-hoc experimental-design extension	50p_E2_to_E1	50% epiboly	E2	E2→E1	0.1	1.0	frmd4ba	snai2	11	3	0.0027681274966718794	0.0007942403915122687	0.7640918580375783	479	lower conditional utility indicates greater substitution/redundancy
post-hoc experimental-design extension	50p_E2_to_E1	50% epiboly	E2	E2→E1	0.1	1.0	frmd4ba	mdm2	11	4	0.0018419489258512112	0.00046419792785545866	0.7432150313152401	479	lower conditional utility indicates greater substitution/redundancy
post-hoc experimental-design extension	50p_E2_to_E1	50% epiboly	E2	E2→E1	0.1	1.0	frmd4ba	gata2a	11	5	0.0020442950752550537	0.00053992333050501	0.7494780793319415	479	lower conditional utility indicates greater substitution/redundancy
post-hoc experimental-design extension	50p_E2_to_E1	50% epiboly	E2	E2→E1	0.1	1.0	frmd4ba	vent	11	6	0.0018218742474705452	0.00046991015961017624	0.7286012526096033	479	lower conditional utility indicates greater substitution/redundancy
post-hoc experimental-design extension	50p_E2_to_E1	50% epiboly	E2	E2→E1	0.1	1.0	frmd4ba	krt8	11	7	0.0019353047281771008	0.0005448975490794927	0.7411273486430062	479	lower conditional utility indicates greater substitution/redundancy
post-hoc experimental-design extension	50p_E2_to_E1	50% epiboly	E2	E2→E1	0.1	1.0	frmd4ba	si:ch211-113a14.12	11	8	0.0021174814973721756	0.0005722941816044824	0.7578288100208769	479	lower conditional utility indicates greater substitution/redundancy
post-hoc experimental-design extension	50p_E2_to_E1	50% epiboly	E2	E2→E1	0.1	1.0	frmd4ba	tfap2c	11	9	0.0019377873997215023	0.0005465497766393157	0.7453027139874739	479	lower conditional utility indicates greater substitution/redundancy
post-hoc experimental-design extension	50p_E2_to_E1	50% epiboly	E2	E2→E1	0.1	1.0	frmd4ba	oclna	11	10	0.0034047858433942924	0.0010308951669982802	0.7724425887265136	479	lower conditional utility indicates greater substitution/redundancy
post-hoc experimental-design extension	50p_E2_to_E1	50% epiboly	E2	E2→E1	0.1	1.0	frmd4ba	dynll1	11	12	0.0017926404747754532	0.00047428962115214635	0.7306889352818372	479	lower conditional utility indicates greater substitution/redundancy
post-hoc experimental-design extension	50p_E2_to_E1	50% epiboly	E2	E2→E1	0.1	1.0	frmd4ba	vgll4l	11	13	0.0018964424957153003	0.0005179811984366567	0.7369519832985386	479	lower conditional utility indicates greater substitution/redundancy
post-hoc experimental-design extension	50p_E2_to_E1	50% epiboly	E2	E2→E1	0.1	1.0	frmd4ba	nkx2.5	11	14	0.0020972045272573125	0.0005758331804793793	0.7515657620041754	479	lower conditional utility indicates greater substitution/redundancy
post-hoc experimental-design extension	50p_E2_to_E1	50% epiboly	E2	E2→E1	0.1	1.0	frmd4ba	cdx4	11	15	0.00193517290504569	0.000549263000587108	0.7432150313152401	479	lower conditional utility indicates greater substitution/redundancy
post-hoc experimental-design extension	50p_E2_to_E1	50% epiboly	E2	E2→E1	0.1	1.0	frmd4ba	zgc:175088	11	16	0.001994103156531757	0.0005541775426610163	0.7369519832985386	479	lower conditional utility indicates greater substitution/redundancy
post-hoc experimental-design extension	50p_E2_to_E1	50% epiboly	E2	E2→E1	0.1	1.0	dynll1	krt4	12	1	0.0019329470765170331	0.000565053750945177	0.7223382045929019	479	lower conditional utility indicates greater substitution/redundancy
post-hoc experimental-design extension	50p_E2_to_E1	50% epiboly	E2	E2→E1	0.1	1.0	dynll1	gata5	12	2	0.0019059022775666512	0.0005682997479814211	0.7139874739039666	479	lower conditional utility indicates greater substitution/redundancy
post-hoc experimental-design extension	50p_E2_to_E1	50% epiboly	E2	E2→E1	0.1	1.0	dynll1	snai2	12	3	0.00226637211117664	0.000726667283515281	0.7682672233820459	479	lower conditional utility indicates greater substitution/redundancy
post-hoc experimental-design extension	50p_E2_to_E1	50% epiboly	E2	E2→E1	0.1	1.0	dynll1	mdm2	12	4	0.0021160465073793433	0.0006178151628774831	0.7411273486430062	479	lower conditional utility indicates greater substitution/redundancy
post-hoc experimental-design extension	50p_E2_to_E1	50% epiboly	E2	E2→E1	0.1	1.0	dynll1	gata2a	12	5	0.001903050780086235	0.0005702200940873592	0.7202505219206681	479	lower conditional utility indicates greater substitution/redundancy
post-hoc experimental-design extension	50p_E2_to_E1	50% epiboly	E2	E2→E1	0.1	1.0	dynll1	vent	12	6	0.0018856495770493975	0.0005498340073342711	0.7286012526096033	479	lower conditional utility indicates greater substitution/redundancy
post-hoc experimental-design extension	50p_E2_to_E1	50% epiboly	E2	E2→E1	0.1	1.0	dynll1	krt8	12	7	0.0019453630090934815	0.0006131084258235997	0.7244258872651357	479	lower conditional utility indicates greater substitution/redundancy
post-hoc experimental-design extension	50p_E2_to_E1	50% epiboly	E2	E2→E1	0.1	1.0	dynll1	si:ch211-113a14.12	12	8	0.002649447371332936	0.0008248993754133016	0.7494780793319415	479	lower conditional utility indicates greater substitution/redundancy
post-hoc experimental-design extension	50p_E2_to_E1	50% epiboly	E2	E2→E1	0.1	1.0	dynll1	tfap2c	12	9	0.001952058145046509	0.0005983505993885085	0.7202505219206681	479	lower conditional utility indicates greater substitution/redundancy
post-hoc experimental-design extension	50p_E2_to_E1	50% epiboly	E2	E2→E1	0.1	1.0	dynll1	oclna	12	10	0.0023178114615880485	0.0006643851212706497	0.7369519832985386	479	lower conditional utility indicates greater substitution/redundancy
post-hoc experimental-design extension	50p_E2_to_E1	50% epiboly	E2	E2→E1	0.1	1.0	dynll1	frmd4ba	12	11	0.001830840646129317	0.0005660325319431503	0.7286012526096033	479	lower conditional utility indicates greater substitution/redundancy
post-hoc experimental-design extension	50p_E2_to_E1	50% epiboly	E2	E2→E1	0.1	1.0	dynll1	vgll4l	12	13	0.002064165742534263	0.0006165745832767966	0.7306889352818372	479	lower conditional utility indicates greater substitution/redundancy
post-hoc experimental-design extension	50p_E2_to_E1	50% epiboly	E2	E2→E1	0.1	1.0	dynll1	nkx2.5	12	14	0.002616833747337066	0.0008315223445222175	0.7599164926931107	479	lower conditional utility indicates greater substitution/redundancy
post-hoc experimental-design extension	50p_E2_to_E1	50% epiboly	E2	E2→E1	0.1	1.0	dynll1	cdx4	12	15	0.002003932528462149	0.0006008823718388623	0.7160751565762005	479	lower conditional utility indicates greater substitution/redundancy
post-hoc experimental-design extension	50p_E2_to_E1	50% epiboly	E2	E2→E1	0.1	1.0	dynll1	zgc:175088	12	16	0.002118047893324815	0.0006508818910181957	0.7390396659707724	479	lower conditional utility indicates greater substitution/redundancy
post-hoc experimental-design extension	50p_E2_to_E1	50% epiboly	E2	E2→E1	0.1	1.0	vgll4l	krt4	13	1	0.0013088380796335564	0.0003255261589060754	0.6701461377870563	479	lower conditional utility indicates greater substitution/redundancy
post-hoc experimental-design extension	50p_E2_to_E1	50% epiboly	E2	E2→E1	0.1	1.0	vgll4l	gata5	13	2	0.0012310110272955588	0.0002992694592109796	0.6534446764091858	479	lower conditional utility indicates greater substitution/redundancy
post-hoc experimental-design extension	50p_E2_to_E1	50% epiboly	E2	E2→E1	0.1	1.0	vgll4l	snai2	13	3	0.0017062526877422157	0.000439229299978916	0.6743215031315241	479	lower conditional utility indicates greater substitution/redundancy
post-hoc experimental-design extension	50p_E2_to_E1	50% epiboly	E2	E2→E1	0.1	1.0	vgll4l	mdm2	13	4	0.0015984820398473043	0.00040228538600645125	0.6722338204592901	479	lower conditional utility indicates greater substitution/redundancy
post-hoc experimental-design extension	50p_E2_to_E1	50% epiboly	E2	E2→E1	0.1	1.0	vgll4l	gata2a	13	5	0.0014241233175160684	0.00035332750686017933	0.6680584551148225	479	lower conditional utility indicates greater substitution/redundancy
post-hoc experimental-design extension	50p_E2_to_E1	50% epiboly	E2	E2→E1	0.1	1.0	vgll4l	vent	13	6	0.0014449719667501693	0.0003568887266759968	0.6805845511482255	479	lower conditional utility indicates greater substitution/redundancy
post-hoc experimental-design extension	50p_E2_to_E1	50% epiboly	E2	E2→E1	0.1	1.0	vgll4l	krt8	13	7	0.0016538432407826043	0.000399636204569509	0.6931106471816284	479	lower conditional utility indicates greater substitution/redundancy
post-hoc experimental-design extension	50p_E2_to_E1	50% epiboly	E2	E2→E1	0.1	1.0	vgll4l	si:ch211-113a14.12	13	8	0.0013192562543443975	0.00028574649993251544	0.6597077244258872	479	lower conditional utility indicates greater substitution/redundancy
post-hoc experimental-design extension	50p_E2_to_E1	50% epiboly	E2	E2→E1	0.1	1.0	vgll4l	tfap2c	13	9	0.0012153939044332596	0.0003679812515427483	0.6450939457202505	479	lower conditional utility indicates greater substitution/redundancy
post-hoc experimental-design extension	50p_E2_to_E1	50% epiboly	E2	E2→E1	0.1	1.0	vgll4l	oclna	13	10	0.0013818739606509256	0.00030951558780005495	0.6638830897703549	479	lower conditional utility indicates greater substitution/redundancy
post-hoc experimental-design extension	50p_E2_to_E1	50% epiboly	E2	E2→E1	0.1	1.0	vgll4l	frmd4ba	13	11	0.0012588003889110466	0.00025959351642734774	0.651356993736952	479	lower conditional utility indicates greater substitution/redundancy
post-hoc experimental-design extension	50p_E2_to_E1	50% epiboly	E2	E2→E1	0.1	1.0	vgll4l	dynll1	13	12	0.001273158149651954	0.0002956646075977787	0.6638830897703549	479	lower conditional utility indicates greater substitution/redundancy
post-hoc experimental-design extension	50p_E2_to_E1	50% epiboly	E2	E2→E1	0.1	1.0	vgll4l	nkx2.5	13	14	0.001375069145256258	0.0003047172980402135	0.6680584551148225	479	lower conditional utility indicates greater substitution/redundancy
post-hoc experimental-design extension	50p_E2_to_E1	50% epiboly	E2	E2→E1	0.1	1.0	vgll4l	cdx4	13	15	0.0013619143112874044	0.00029980229167814176	0.6680584551148225	479	lower conditional utility indicates greater substitution/redundancy
post-hoc experimental-design extension	50p_E2_to_E1	50% epiboly	E2	E2→E1	0.1	1.0	vgll4l	zgc:175088	13	16	0.0013169977022172707	0.0003015218547820775	0.6659707724425887	479	lower conditional utility indicates greater substitution/redundancy
post-hoc experimental-design extension	50p_E2_to_E1	50% epiboly	E2	E2→E1	0.1	1.0	nkx2.5	krt4	14	1	0.0017316654917046148	0.00055372210964999	0.7766179540709812	479	lower conditional utility indicates greater substitution/redundancy
post-hoc experimental-design extension	50p_E2_to_E1	50% epiboly	E2	E2→E1	0.1	1.0	nkx2.5	gata5	14	2	0.0017330628545272897	0.0005328974094827577	0.7703549060542797	479	lower conditional utility indicates greater substitution/redundancy
post-hoc experimental-design extension	50p_E2_to_E1	50% epiboly	E2	E2→E1	0.1	1.0	nkx2.5	snai2	14	3	0.0014752010105760771	0.0004346000131658645	0.7620041753653445	479	lower conditional utility indicates greater substitution/redundancy
post-hoc experimental-design extension	50p_E2_to_E1	50% epiboly	E2	E2→E1	0.1	1.0	nkx2.5	mdm2	14	4	0.0019231583415832976	0.0005719823054924911	0.7828810020876826	479	lower conditional utility indicates greater substitution/redundancy
post-hoc experimental-design extension	50p_E2_to_E1	50% epiboly	E2	E2→E1	0.1	1.0	nkx2.5	gata2a	14	5	0.0014287908962108409	0.00044186553986430566	0.7599164926931107	479	lower conditional utility indicates greater substitution/redundancy
post-hoc experimental-design extension	50p_E2_to_E1	50% epiboly	E2	E2→E1	0.1	1.0	nkx2.5	vent	14	6	0.0017805818036323307	0.0005191746639928718	0.7682672233820459	479	lower conditional utility indicates greater substitution/redundancy
post-hoc experimental-design extension	50p_E2_to_E1	50% epiboly	E2	E2→E1	0.1	1.0	nkx2.5	krt8	14	7	0.001451963834804837	0.00046902824845784785	0.7494780793319415	479	lower conditional utility indicates greater substitution/redundancy
post-hoc experimental-design extension	50p_E2_to_E1	50% epiboly	E2	E2→E1	0.1	1.0	nkx2.5	si:ch211-113a14.12	14	8	0.0018488194617964915	0.0005949874530459254	0.7933194154488518	479	lower conditional utility indicates greater substitution/redundancy
post-hoc experimental-design extension	50p_E2_to_E1	50% epiboly	E2	E2→E1	0.1	1.0	nkx2.5	tfap2c	14	9	0.0013921368866655626	0.0004262792975767704	0.7536534446764092	479	lower conditional utility indicates greater substitution/redundancy
post-hoc experimental-design extension	50p_E2_to_E1	50% epiboly	E2	E2→E1	0.1	1.0	nkx2.5	oclna	14	10	0.0020330860629974024	0.0006313185958228551	0.7828810020876826	479	lower conditional utility indicates greater substitution/redundancy
post-hoc experimental-design extension	50p_E2_to_E1	50% epiboly	E2	E2→E1	0.1	1.0	nkx2.5	frmd4ba	14	11	0.0015176932820128997	0.0004798587231121254	0.755741127348643	479	lower conditional utility indicates greater substitution/redundancy
post-hoc experimental-design extension	50p_E2_to_E1	50% epiboly	E2	E2→E1	0.1	1.0	nkx2.5	dynll1	14	12	0.0020862599111361457	0.0006279919149306812	0.7724425887265136	479	lower conditional utility indicates greater substitution/redundancy
post-hoc experimental-design extension	50p_E2_to_E1	50% epiboly	E2	E2→E1	0.1	1.0	nkx2.5	vgll4l	14	13	0.001462167622884647	0.00045327539004103024	0.7515657620041754	479	lower conditional utility indicates greater substitution/redundancy
post-hoc experimental-design extension	50p_E2_to_E1	50% epiboly	E2	E2→E1	0.1	1.0	nkx2.5	cdx4	14	15	0.0014587171421364675	0.0004919974635689828	0.7578288100208769	479	lower conditional utility indicates greater substitution/redundancy
post-hoc experimental-design extension	50p_E2_to_E1	50% epiboly	E2	E2→E1	0.1	1.0	nkx2.5	zgc:175088	14	16	0.001543562469336901	0.00047436321004989956	0.7640918580375783	479	lower conditional utility indicates greater substitution/redundancy
post-hoc experimental-design extension	50p_E2_to_E1	50% epiboly	E2	E2→E1	0.1	1.0	cdx4	krt4	15	1	0.0001898007505851118	4.5399257296852014e-05	0.5469728601252609	479	lower conditional utility indicates greater substitution/redundancy
post-hoc experimental-design extension	50p_E2_to_E1	50% epiboly	E2	E2→E1	0.1	1.0	cdx4	gata5	15	2	0.00021740280251780764	5.8896516110795716e-05	0.5469728601252609	479	lower conditional utility indicates greater substitution/redundancy
post-hoc experimental-design extension	50p_E2_to_E1	50% epiboly	E2	E2→E1	0.1	1.0	cdx4	snai2	15	3	0.00037713564552310785	8.313701646928129e-05	0.5657620041753654	479	lower conditional utility indicates greater substitution/redundancy
post-hoc experimental-design extension	50p_E2_to_E1	50% epiboly	E2	E2→E1	0.1	1.0	cdx4	mdm2	15	4	0.00021440192678884307	4.687158013488846e-05	0.5657620041753654	479	lower conditional utility indicates greater substitution/redundancy
post-hoc experimental-design extension	50p_E2_to_E1	50% epiboly	E2	E2→E1	0.1	1.0	cdx4	gata2a	15	5	0.0004297505937109758	9.495142979548676e-05	0.5741127348643006	479	lower conditional utility indicates greater substitution/redundancy
post-hoc experimental-design extension	50p_E2_to_E1	50% epiboly	E2	E2→E1	0.1	1.0	cdx4	vent	15	6	0.00026788628092155875	6.813764119443372e-05	0.55741127348643	479	lower conditional utility indicates greater substitution/redundancy
post-hoc experimental-design extension	50p_E2_to_E1	50% epiboly	E2	E2→E1	0.1	1.0	cdx4	krt8	15	7	0.00023189323633088232	6.141047359149027e-05	0.5511482254697286	479	lower conditional utility indicates greater substitution/redundancy
post-hoc experimental-design extension	50p_E2_to_E1	50% epiboly	E2	E2→E1	0.1	1.0	cdx4	si:ch211-113a14.12	15	8	0.00029471596397828703	8.120278012180293e-05	0.5678496868475992	479	lower conditional utility indicates greater substitution/redundancy
post-hoc experimental-design extension	50p_E2_to_E1	50% epiboly	E2	E2→E1	0.1	1.0	cdx4	tfap2c	15	9	0.00024745486012889284	6.582564529340751e-05	0.5511482254697286	479	lower conditional utility indicates greater substitution/redundancy
post-hoc experimental-design extension	50p_E2_to_E1	50% epiboly	E2	E2→E1	0.1	1.0	cdx4	oclna	15	10	0.00025310635482755917	6.293780605853838e-05	0.5594989561586639	479	lower conditional utility indicates greater substitution/redundancy
post-hoc experimental-design extension	50p_E2_to_E1	50% epiboly	E2	E2→E1	0.1	1.0	cdx4	frmd4ba	15	11	0.00018557000701735493	6.437514637429309e-05	0.5532359081419624	479	lower conditional utility indicates greater substitution/redundancy
post-hoc experimental-design extension	50p_E2_to_E1	50% epiboly	E2	E2→E1	0.1	1.0	cdx4	dynll1	15	12	0.00025510609836187914	6.715788907768472e-05	0.5553235908141962	479	lower conditional utility indicates greater substitution/redundancy
post-hoc experimental-design extension	50p_E2_to_E1	50% epiboly	E2	E2→E1	0.1	1.0	cdx4	vgll4l	15	13	0.0002538613420639546	7.959013497714496e-05	0.5594989561586639	479	lower conditional utility indicates greater substitution/redundancy
post-hoc experimental-design extension	50p_E2_to_E1	50% epiboly	E2	E2→E1	0.1	1.0	cdx4	nkx2.5	15	14	0.0002723781771273859	8.043391229092811e-05	0.5741127348643006	479	lower conditional utility indicates greater substitution/redundancy
post-hoc experimental-design extension	50p_E2_to_E1	50% epiboly	E2	E2→E1	0.1	1.0	cdx4	zgc:175088	15	16	0.00023317351663743047	5.665076143276937e-05	0.569937369519833	479	lower conditional utility indicates greater substitution/redundancy
post-hoc experimental-design extension	50p_E2_to_E1	50% epiboly	E2	E2→E1	0.1	1.0	zgc:175088	krt4	16	1	0.0007085156121935388	0.0002209363808639564	0.7014613778705637	479	lower conditional utility indicates greater substitution/redundancy
post-hoc experimental-design extension	50p_E2_to_E1	50% epiboly	E2	E2→E1	0.1	1.0	zgc:175088	gata5	16	2	0.0007263761737987817	0.00021706686790107232	0.7014613778705637	479	lower conditional utility indicates greater substitution/redundancy
post-hoc experimental-design extension	50p_E2_to_E1	50% epiboly	E2	E2→E1	0.1	1.0	zgc:175088	snai2	16	3	0.0007797395099028437	0.00022855451362774337	0.7098121085594989	479	lower conditional utility indicates greater substitution/redundancy
post-hoc experimental-design extension	50p_E2_to_E1	50% epiboly	E2	E2→E1	0.1	1.0	zgc:175088	mdm2	16	4	0.0007948081071670332	0.00024266597281125124	0.7139874739039666	479	lower conditional utility indicates greater substitution/redundancy
post-hoc experimental-design extension	50p_E2_to_E1	50% epiboly	E2	E2→E1	0.1	1.0	zgc:175088	gata2a	16	5	0.0008173035726602995	0.0002545601766926753	0.7098121085594989	479	lower conditional utility indicates greater substitution/redundancy
post-hoc experimental-design extension	50p_E2_to_E1	50% epiboly	E2	E2→E1	0.1	1.0	zgc:175088	vent	16	6	0.0007122857669019655	0.00022429788950056873	0.7014613778705637	479	lower conditional utility indicates greater substitution/redundancy
post-hoc experimental-design extension	50p_E2_to_E1	50% epiboly	E2	E2→E1	0.1	1.0	zgc:175088	krt8	16	7	0.000698647995925894	0.00022099530536688616	0.7098121085594989	479	lower conditional utility indicates greater substitution/redundancy
post-hoc experimental-design extension	50p_E2_to_E1	50% epiboly	E2	E2→E1	0.1	1.0	zgc:175088	si:ch211-113a14.12	16	8	0.0006383489499542927	0.00021179811823285322	0.6910229645093946	479	lower conditional utility indicates greater substitution/redundancy
post-hoc experimental-design extension	50p_E2_to_E1	50% epiboly	E2	E2→E1	0.1	1.0	zgc:175088	tfap2c	16	9	0.0007107108200676282	0.00022656567478451795	0.7035490605427975	479	lower conditional utility indicates greater substitution/redundancy
post-hoc experimental-design extension	50p_E2_to_E1	50% epiboly	E2	E2→E1	0.1	1.0	zgc:175088	oclna	16	10	0.0007324255532088486	0.00022963587112906358	0.7098121085594989	479	lower conditional utility indicates greater substitution/redundancy
post-hoc experimental-design extension	50p_E2_to_E1	50% epiboly	E2	E2→E1	0.1	1.0	zgc:175088	frmd4ba	16	11	0.0007069462429204476	0.000217482572190425	0.6931106471816284	479	lower conditional utility indicates greater substitution/redundancy
post-hoc experimental-design extension	50p_E2_to_E1	50% epiboly	E2	E2→E1	0.1	1.0	zgc:175088	dynll1	16	12	0.000971118218672129	0.00027936888547092087	0.7160751565762005	479	lower conditional utility indicates greater substitution/redundancy
post-hoc experimental-design extension	50p_E2_to_E1	50% epiboly	E2	E2→E1	0.1	1.0	zgc:175088	vgll4l	16	13	0.0007142323513438797	0.00021495165553553353	0.7139874739039666	479	lower conditional utility indicates greater substitution/redundancy
post-hoc experimental-design extension	50p_E2_to_E1	50% epiboly	E2	E2→E1	0.1	1.0	zgc:175088	nkx2.5	16	14	0.0008131087490008682	0.00026606674636941996	0.7244258872651357	479	lower conditional utility indicates greater substitution/redundancy
post-hoc experimental-design extension	50p_E2_to_E1	50% epiboly	E2	E2→E1	0.1	1.0	zgc:175088	cdx4	16	15	0.0008361447194605853	0.00022127357149864801	0.7077244258872651	479	lower conditional utility indicates greater substitution/redundancy
post-hoc experimental-design extension	75p_E1_to_E2	75% epiboly	E1	E1→E2	10.0	1.0	znf185	kirrel3l	1	2	0.0015863667877805132	0.0005077460995346061	0.7014613778705637	479	lower conditional utility indicates greater substitution/redundancy
post-hoc experimental-design extension	75p_E1_to_E2	75% epiboly	E1	E1→E2	10.0	1.0	znf185	nsd2	1	3	0.00211732403333198	0.0005222683070159051	0.7160751565762005	479	lower conditional utility indicates greater substitution/redundancy
post-hoc experimental-design extension	75p_E1_to_E2	75% epiboly	E1	E1→E2	10.0	1.0	znf185	cdh6	1	4	0.0026473466249580246	0.0006206493941102176	0.7494780793319415	479	lower conditional utility indicates greater substitution/redundancy
post-hoc experimental-design extension	75p_E1_to_E2	75% epiboly	E1	E1→E2	10.0	1.0	znf185	tfap2c	1	5	0.0015587601580647759	0.00046875228079577835	0.6993736951983298	479	lower conditional utility indicates greater substitution/redundancy
post-hoc experimental-design extension	75p_E1_to_E2	75% epiboly	E1	E1→E2	10.0	1.0	znf185	lmo4a	1	6	0.0016726424911507887	0.00043714372560216264	0.697286012526096	479	lower conditional utility indicates greater substitution/redundancy
post-hoc experimental-design extension	75p_E1_to_E2	75% epiboly	E1	E1→E2	10.0	1.0	znf185	tgif1	1	7	0.0018541933482166262	0.0004504037728494392	0.7098121085594989	479	lower conditional utility indicates greater substitution/redundancy
post-hoc experimental-design extension	75p_E1_to_E2	75% epiboly	E1	E1→E2	10.0	1.0	znf185	six4a	1	8	0.0016174159423343326	0.0004582764552630847	0.6951983298538622	479	lower conditional utility indicates greater substitution/redundancy
post-hoc experimental-design extension	75p_E1_to_E2	75% epiboly	E1	E1→E2	10.0	1.0	znf185	lamb1a	1	9	0.004464815074086026	0.0010742981597525736	0.7745302713987474	479	lower conditional utility indicates greater substitution/redundancy
post-hoc experimental-design extension	75p_E1_to_E2	75% epiboly	E1	E1→E2	10.0	1.0	znf185	ved	1	10	0.001610483214219638	0.0004397872665963948	0.7139874739039666	479	lower conditional utility indicates greater substitution/redundancy
post-hoc experimental-design extension	75p_E1_to_E2	75% epiboly	E1	E1→E2	10.0	1.0	znf185	lft2	1	11	0.0015485735208645712	0.00046904475470799234	0.6931106471816284	479	lower conditional utility indicates greater substitution/redundancy
post-hoc experimental-design extension	75p_E1_to_E2	75% epiboly	E1	E1→E2	10.0	1.0	znf185	dlx3b	1	12	0.0014685341278923847	0.00038693298757452865	0.6910229645093946	479	lower conditional utility indicates greater substitution/redundancy
post-hoc experimental-design extension	75p_E1_to_E2	75% epiboly	E1	E1→E2	10.0	1.0	znf185	fezf2	1	13	0.001604595911686213	0.00047991969800587064	0.697286012526096	479	lower conditional utility indicates greater substitution/redundancy
post-hoc experimental-design extension	75p_E1_to_E2	75% epiboly	E1	E1→E2	10.0	1.0	znf185	six4b	1	14	0.0016247759009472285	0.00041557697686189776	0.7035490605427975	479	lower conditional utility indicates greater substitution/redundancy
post-hoc experimental-design extension	75p_E1_to_E2	75% epiboly	E1	E1→E2	10.0	1.0	znf185	crabp2b	1	15	0.0022046516594937254	0.0006370797102245307	0.7223382045929019	479	lower conditional utility indicates greater substitution/redundancy
post-hoc experimental-design extension	75p_E1_to_E2	75% epiboly	E1	E1→E2	10.0	1.0	znf185	zic3	1	16	0.0017239890198844088	0.0004711509401599395	0.7056367432150313	479	lower conditional utility indicates greater substitution/redundancy
post-hoc experimental-design extension	75p_E1_to_E2	75% epiboly	E1	E1→E2	10.0	1.0	kirrel3l	znf185	2	1	0.0005149684643240837	0.00010219974949740585	0.5866388308977035	479	lower conditional utility indicates greater substitution/redundancy
post-hoc experimental-design extension	75p_E1_to_E2	75% epiboly	E1	E1→E2	10.0	1.0	kirrel3l	nsd2	2	3	0.00030705204607317516	6.294832079917212e-05	0.5678496868475992	479	lower conditional utility indicates greater substitution/redundancy
post-hoc experimental-design extension	75p_E1_to_E2	75% epiboly	E1	E1→E2	10.0	1.0	kirrel3l	cdh6	2	4	0.000328747473499591	2.918977144261703e-05	0.5594989561586639	479	lower conditional utility indicates greater substitution/redundancy
post-hoc experimental-design extension	75p_E1_to_E2	75% epiboly	E1	E1→E2	10.0	1.0	kirrel3l	tfap2c	2	5	0.00036207313448510803	3.717832409899646e-05	0.55741127348643	479	lower conditional utility indicates greater substitution/redundancy
post-hoc experimental-design extension	75p_E1_to_E2	75% epiboly	E1	E1→E2	10.0	1.0	kirrel3l	lmo4a	2	6	0.0003625240302381483	8.895059153758711e-05	0.5657620041753654	479	lower conditional utility indicates greater substitution/redundancy
post-hoc experimental-design extension	75p_E1_to_E2	75% epiboly	E1	E1→E2	10.0	1.0	kirrel3l	tgif1	2	7	0.00028146475323298503	3.1885303788892205e-05	0.5615866388308977	479	lower conditional utility indicates greater substitution/redundancy
post-hoc experimental-design extension	75p_E1_to_E2	75% epiboly	E1	E1→E2	10.0	1.0	kirrel3l	six4a	2	8	0.002229279785980698	0.0005212512676146253	0.7432150313152401	479	lower conditional utility indicates greater substitution/redundancy
post-hoc experimental-design extension	75p_E1_to_E2	75% epiboly	E1	E1→E2	10.0	1.0	kirrel3l	lamb1a	2	9	0.0006243755817191277	0.00012416483312888138	0.6096033402922756	479	lower conditional utility indicates greater substitution/redundancy
post-hoc experimental-design extension	75p_E1_to_E2	75% epiboly	E1	E1→E2	10.0	1.0	kirrel3l	ved	2	10	0.00037946736566685235	6.360933605498165e-05	0.5636743215031316	479	lower conditional utility indicates greater substitution/redundancy
post-hoc experimental-design extension	75p_E1_to_E2	75% epiboly	E1	E1→E2	10.0	1.0	kirrel3l	lft2	2	11	0.0004313656193932758	7.78430173020428e-05	0.5657620041753654	479	lower conditional utility indicates greater substitution/redundancy
post-hoc experimental-design extension	75p_E1_to_E2	75% epiboly	E1	E1→E2	10.0	1.0	kirrel3l	dlx3b	2	12	0.0003741034560695855	6.174373496187213e-05	0.5720250521920668	479	lower conditional utility indicates greater substitution/redundancy
post-hoc experimental-design extension	75p_E1_to_E2	75% epiboly	E1	E1→E2	10.0	1.0	kirrel3l	fezf2	2	13	0.0002676910119337461	3.2101122472261157e-05	0.5532359081419624	479	lower conditional utility indicates greater substitution/redundancy
post-hoc experimental-design extension	75p_E1_to_E2	75% epiboly	E1	E1→E2	10.0	1.0	kirrel3l	six4b	2	14	0.0005088013643579081	0.00010962865665126165	0.5887265135699373	479	lower conditional utility indicates greater substitution/redundancy
post-hoc experimental-design extension	75p_E1_to_E2	75% epiboly	E1	E1→E2	10.0	1.0	kirrel3l	crabp2b	2	15	0.0006522124850250055	0.00011295794431520623	0.5908141962421712	479	lower conditional utility indicates greater substitution/redundancy
post-hoc experimental-design extension	75p_E1_to_E2	75% epiboly	E1	E1→E2	10.0	1.0	kirrel3l	zic3	2	16	0.00031217536919425637	4.205334369669633e-05	0.5657620041753654	479	lower conditional utility indicates greater substitution/redundancy
post-hoc experimental-design extension	75p_E1_to_E2	75% epiboly	E1	E1→E2	10.0	1.0	nsd2	znf185	3	1	0.0015054800129459395	0.00034303970250804117	0.6847599164926931	479	lower conditional utility indicates greater substitution/redundancy
post-hoc experimental-design extension	75p_E1_to_E2	75% epiboly	E1	E1→E2	10.0	1.0	nsd2	kirrel3l	3	2	0.0014512549931540164	0.0003386606713053908	0.6743215031315241	479	lower conditional utility indicates greater substitution/redundancy
post-hoc experimental-design extension	75p_E1_to_E2	75% epiboly	E1	E1→E2	10.0	1.0	nsd2	cdh6	3	4	0.0016927651158789858	0.00046239763622329955	0.6931106471816284	479	lower conditional utility indicates greater substitution/redundancy
post-hoc experimental-design extension	75p_E1_to_E2	75% epiboly	E1	E1→E2	10.0	1.0	nsd2	tfap2c	3	5	0.0010432652686230282	0.00021616354025338902	0.6555323590814196	479	lower conditional utility indicates greater substitution/redundancy
post-hoc experimental-design extension	75p_E1_to_E2	75% epiboly	E1	E1→E2	10.0	1.0	nsd2	lmo4a	3	6	0.0008972511167245623	0.0001886708509393764	0.6597077244258872	479	lower conditional utility indicates greater substitution/redundancy
post-hoc experimental-design extension	75p_E1_to_E2	75% epiboly	E1	E1→E2	10.0	1.0	nsd2	tgif1	3	7	0.0020077505285758246	0.0005406481060672985	0.6931106471816284	479	lower conditional utility indicates greater substitution/redundancy
post-hoc experimental-design extension	75p_E1_to_E2	75% epiboly	E1	E1→E2	10.0	1.0	nsd2	six4a	3	8	0.00098359298484485	0.00020836915657412858	0.6492693110647182	479	lower conditional utility indicates greater substitution/redundancy
post-hoc experimental-design extension	75p_E1_to_E2	75% epiboly	E1	E1→E2	10.0	1.0	nsd2	lamb1a	3	9	0.0010098812908859722	0.00020741114860145515	0.6659707724425887	479	lower conditional utility indicates greater substitution/redundancy
post-hoc experimental-design extension	75p_E1_to_E2	75% epiboly	E1	E1→E2	10.0	1.0	nsd2	ved	3	10	0.0011651439785085593	0.00028629823654546804	0.6638830897703549	479	lower conditional utility indicates greater substitution/redundancy
post-hoc experimental-design extension	75p_E1_to_E2	75% epiboly	E1	E1→E2	10.0	1.0	nsd2	lft2	3	11	0.0010722605250100825	0.00022955107564420763	0.651356993736952	479	lower conditional utility indicates greater substitution/redundancy
post-hoc experimental-design extension	75p_E1_to_E2	75% epiboly	E1	E1→E2	10.0	1.0	nsd2	dlx3b	3	12	0.0011811047973235844	0.00023496165771706712	0.6492693110647182	479	lower conditional utility indicates greater substitution/redundancy
post-hoc experimental-design extension	75p_E1_to_E2	75% epiboly	E1	E1→E2	10.0	1.0	nsd2	fezf2	3	13	0.0010835879027278894	0.00024272669722297247	0.6576200417536534	479	lower conditional utility indicates greater substitution/redundancy
post-hoc experimental-design extension	75p_E1_to_E2	75% epiboly	E1	E1→E2	10.0	1.0	nsd2	six4b	3	14	0.0010757217360234383	0.00026981606484012544	0.6722338204592901	479	lower conditional utility indicates greater substitution/redundancy
post-hoc experimental-design extension	75p_E1_to_E2	75% epiboly	E1	E1→E2	10.0	1.0	nsd2	crabp2b	3	15	0.0019516354269284442	0.0004842145018518207	0.6805845511482255	479	lower conditional utility indicates greater substitution/redundancy
post-hoc experimental-design extension	75p_E1_to_E2	75% epiboly	E1	E1→E2	10.0	1.0	nsd2	zic3	3	16	0.0011943713813287182	0.0003141852914887999	0.6889352818371608	479	lower conditional utility indicates greater substitution/redundancy
post-hoc experimental-design extension	75p_E1_to_E2	75% epiboly	E1	E1→E2	10.0	1.0	cdh6	znf185	4	1	0.00554992233361401	0.001441965703505299	0.7432150313152401	479	lower conditional utility indicates greater substitution/redundancy
post-hoc experimental-design extension	75p_E1_to_E2	75% epiboly	E1	E1→E2	10.0	1.0	cdh6	kirrel3l	4	2	0.005405418791630423	0.0015653521762530875	0.7265135699373695	479	lower conditional utility indicates greater substitution/redundancy
post-hoc experimental-design extension	75p_E1_to_E2	75% epiboly	E1	E1→E2	10.0	1.0	cdh6	nsd2	4	3	0.006110526615089429	0.0018084092024828746	0.7432150313152401	479	lower conditional utility indicates greater substitution/redundancy
post-hoc experimental-design extension	75p_E1_to_E2	75% epiboly	E1	E1→E2	10.0	1.0	cdh6	tfap2c	4	5	0.005335754390414508	0.001581432547999695	0.7432150313152401	479	lower conditional utility indicates greater substitution/redundancy
post-hoc experimental-design extension	75p_E1_to_E2	75% epiboly	E1	E1→E2	10.0	1.0	cdh6	lmo4a	4	6	0.005592144634805896	0.0016233716404938647	0.7348643006263048	479	lower conditional utility indicates greater substitution/redundancy
post-hoc experimental-design extension	75p_E1_to_E2	75% epiboly	E1	E1→E2	10.0	1.0	cdh6	tgif1	4	7	0.005765292999099076	0.001756957629512862	0.7390396659707724	479	lower conditional utility indicates greater substitution/redundancy
post-hoc experimental-design extension	75p_E1_to_E2	75% epiboly	E1	E1→E2	10.0	1.0	cdh6	six4a	4	8	0.0054022119062644425	0.0016518848800877173	0.7306889352818372	479	lower conditional utility indicates greater substitution/redundancy
post-hoc experimental-design extension	75p_E1_to_E2	75% epiboly	E1	E1→E2	10.0	1.0	cdh6	lamb1a	4	9	0.005866154060322121	0.0017809713197994848	0.7494780793319415	479	lower conditional utility indicates greater substitution/redundancy
post-hoc experimental-design extension	75p_E1_to_E2	75% epiboly	E1	E1→E2	10.0	1.0	cdh6	ved	4	10	0.005305708055735048	0.001572216616329225	0.7286012526096033	479	lower conditional utility indicates greater substitution/redundancy
post-hoc experimental-design extension	75p_E1_to_E2	75% epiboly	E1	E1→E2	10.0	1.0	cdh6	lft2	4	11	0.0047016478810416595	0.001575413044129781	0.7306889352818372	479	lower conditional utility indicates greater substitution/redundancy
post-hoc experimental-design extension	75p_E1_to_E2	75% epiboly	E1	E1→E2	10.0	1.0	cdh6	dlx3b	4	12	0.005195827648994955	0.001601075075649383	0.7286012526096033	479	lower conditional utility indicates greater substitution/redundancy
post-hoc experimental-design extension	75p_E1_to_E2	75% epiboly	E1	E1→E2	10.0	1.0	cdh6	fezf2	4	13	0.0053782681347362415	0.0017145639790223655	0.7306889352818372	479	lower conditional utility indicates greater substitution/redundancy
post-hoc experimental-design extension	75p_E1_to_E2	75% epiboly	E1	E1→E2	10.0	1.0	cdh6	six4b	4	14	0.005118093451276451	0.00161833645259285	0.732776617954071	479	lower conditional utility indicates greater substitution/redundancy
post-hoc experimental-design extension	75p_E1_to_E2	75% epiboly	E1	E1→E2	10.0	1.0	cdh6	crabp2b	4	15	0.005547297751265778	0.0015171160064447742	0.7348643006263048	479	lower conditional utility indicates greater substitution/redundancy
post-hoc experimental-design extension	75p_E1_to_E2	75% epiboly	E1	E1→E2	10.0	1.0	cdh6	zic3	4	16	0.006219423532866752	0.001695639776457758	0.7348643006263048	479	lower conditional utility indicates greater substitution/redundancy
post-hoc experimental-design extension	75p_E1_to_E2	75% epiboly	E1	E1→E2	10.0	1.0	tfap2c	znf185	5	1	0.001174053428958266	0.00023813880295708856	0.615866388308977	479	lower conditional utility indicates greater substitution/redundancy
post-hoc experimental-design extension	75p_E1_to_E2	75% epiboly	E1	E1→E2	10.0	1.0	tfap2c	kirrel3l	5	2	0.001325669157699605	0.00023700021871725374	0.6116910229645094	479	lower conditional utility indicates greater substitution/redundancy
post-hoc experimental-design extension	75p_E1_to_E2	75% epiboly	E1	E1→E2	10.0	1.0	tfap2c	nsd2	5	3	0.001320493917450094	0.00021179430683254674	0.615866388308977	479	lower conditional utility indicates greater substitution/redundancy
post-hoc experimental-design extension	75p_E1_to_E2	75% epiboly	E1	E1→E2	10.0	1.0	tfap2c	cdh6	5	4	0.00148919473880188	0.00034433170922543166	0.6346555323590815	479	lower conditional utility indicates greater substitution/redundancy
post-hoc experimental-design extension	75p_E1_to_E2	75% epiboly	E1	E1→E2	10.0	1.0	tfap2c	lmo4a	5	6	0.001081097087704208	0.00021514641818753955	0.6033402922755741	479	lower conditional utility indicates greater substitution/redundancy
post-hoc experimental-design extension	75p_E1_to_E2	75% epiboly	E1	E1→E2	10.0	1.0	tfap2c	tgif1	5	7	0.001379282267096299	0.0002609032798707167	0.6096033402922756	479	lower conditional utility indicates greater substitution/redundancy
post-hoc experimental-design extension	75p_E1_to_E2	75% epiboly	E1	E1→E2	10.0	1.0	tfap2c	six4a	5	8	0.0012220722203027667	0.00024875156012355015	0.6221294363256785	479	lower conditional utility indicates greater substitution/redundancy
post-hoc experimental-design extension	75p_E1_to_E2	75% epiboly	E1	E1→E2	10.0	1.0	tfap2c	lamb1a	5	9	0.001285636463755735	0.0002400450665944187	0.6200417536534447	479	lower conditional utility indicates greater substitution/redundancy
post-hoc experimental-design extension	75p_E1_to_E2	75% epiboly	E1	E1→E2	10.0	1.0	tfap2c	ved	5	10	0.001218256969548026	0.0002240677451313955	0.6200417536534447	479	lower conditional utility indicates greater substitution/redundancy
post-hoc experimental-design extension	75p_E1_to_E2	75% epiboly	E1	E1→E2	10.0	1.0	tfap2c	lft2	5	11	0.001252036895480535	0.00020780064919323493	0.6075156576200418	479	lower conditional utility indicates greater substitution/redundancy
post-hoc experimental-design extension	75p_E1_to_E2	75% epiboly	E1	E1→E2	10.0	1.0	tfap2c	dlx3b	5	12	0.0013242001862158181	0.00026725828591955825	0.5991649269311065	479	lower conditional utility indicates greater substitution/redundancy
post-hoc experimental-design extension	75p_E1_to_E2	75% epiboly	E1	E1→E2	10.0	1.0	tfap2c	fezf2	5	13	0.0012766333998357193	0.00024394653788717413	0.615866388308977	479	lower conditional utility indicates greater substitution/redundancy
post-hoc experimental-design extension	75p_E1_to_E2	75% epiboly	E1	E1→E2	10.0	1.0	tfap2c	six4b	5	14	0.0012906721565632828	0.0002624733335209739	0.6283924843423799	479	lower conditional utility indicates greater substitution/redundancy
post-hoc experimental-design extension	75p_E1_to_E2	75% epiboly	E1	E1→E2	10.0	1.0	tfap2c	crabp2b	5	15	0.0014396624564313454	0.00042391122834661843	0.6304801670146137	479	lower conditional utility indicates greater substitution/redundancy
post-hoc experimental-design extension	75p_E1_to_E2	75% epiboly	E1	E1→E2	10.0	1.0	tfap2c	zic3	5	16	0.0010791387515589612	0.00021859955966219147	0.6096033402922756	479	lower conditional utility indicates greater substitution/redundancy
post-hoc experimental-design extension	75p_E1_to_E2	75% epiboly	E1	E1→E2	10.0	1.0	lmo4a	znf185	6	1	0.0002553775478297826	9.138496188471068e-06	0.5302713987473904	479	lower conditional utility indicates greater substitution/redundancy
post-hoc experimental-design extension	75p_E1_to_E2	75% epiboly	E1	E1→E2	10.0	1.0	lmo4a	kirrel3l	6	2	0.0003328147958725908	3.1476214441356065e-05	0.534446764091858	479	lower conditional utility indicates greater substitution/redundancy
post-hoc experimental-design extension	75p_E1_to_E2	75% epiboly	E1	E1→E2	10.0	1.0	lmo4a	nsd2	6	3	0.00026149667847918945	1.8195993439718006e-05	0.5365344467640919	479	lower conditional utility indicates greater substitution/redundancy
post-hoc experimental-design extension	75p_E1_to_E2	75% epiboly	E1	E1→E2	10.0	1.0	lmo4a	cdh6	6	4	0.0003224669980169681	8.74818359969387e-05	0.5490605427974948	479	lower conditional utility indicates greater substitution/redundancy
post-hoc experimental-design extension	75p_E1_to_E2	75% epiboly	E1	E1→E2	10.0	1.0	lmo4a	tfap2c	6	5	0.000209704835680391	2.1960689903080532e-05	0.5219206680584552	479	lower conditional utility indicates greater substitution/redundancy
post-hoc experimental-design extension	75p_E1_to_E2	75% epiboly	E1	E1→E2	10.0	1.0	lmo4a	tgif1	6	7	0.00035910605889677427	4.567638626695736e-05	0.5407098121085595	479	lower conditional utility indicates greater substitution/redundancy
post-hoc experimental-design extension	75p_E1_to_E2	75% epiboly	E1	E1→E2	10.0	1.0	lmo4a	six4a	6	8	0.00023160841729524817	3.0452092262600594e-05	0.524008350730689	479	lower conditional utility indicates greater substitution/redundancy
post-hoc experimental-design extension	75p_E1_to_E2	75% epiboly	E1	E1→E2	10.0	1.0	lmo4a	lamb1a	6	9	0.00047774823320498316	6.620307320054364e-05	0.5532359081419624	479	lower conditional utility indicates greater substitution/redundancy
post-hoc experimental-design extension	75p_E1_to_E2	75% epiboly	E1	E1→E2	10.0	1.0	lmo4a	ved	6	10	0.0002858737284356372	1.3656988340132736e-05	0.5365344467640919	479	lower conditional utility indicates greater substitution/redundancy
post-hoc experimental-design extension	75p_E1_to_E2	75% epiboly	E1	E1→E2	10.0	1.0	lmo4a	lft2	6	11	0.00015362516917211133	1.3387310501156158e-05	0.5219206680584552	479	lower conditional utility indicates greater substitution/redundancy
post-hoc experimental-design extension	75p_E1_to_E2	75% epiboly	E1	E1→E2	10.0	1.0	lmo4a	dlx3b	6	12	0.00031565732264005053	2.0353128740158155e-05	0.5365344467640919	479	lower conditional utility indicates greater substitution/redundancy
post-hoc experimental-design extension	75p_E1_to_E2	75% epiboly	E1	E1→E2	10.0	1.0	lmo4a	fezf2	6	13	1.603447706827188e-05	-6.603918747238868e-06	0.5052192066805845	479	lower conditional utility indicates greater substitution/redundancy
post-hoc experimental-design extension	75p_E1_to_E2	75% epiboly	E1	E1→E2	10.0	1.0	lmo4a	six4b	6	14	0.00024705236859318136	3.069463405734607e-05	0.5323590814196242	479	lower conditional utility indicates greater substitution/redundancy
post-hoc experimental-design extension	75p_E1_to_E2	75% epiboly	E1	E1→E2	10.0	1.0	lmo4a	crabp2b	6	15	0.00015342633314718856	3.17823879655843e-05	0.5302713987473904	479	lower conditional utility indicates greater substitution/redundancy
post-hoc experimental-design extension	75p_E1_to_E2	75% epiboly	E1	E1→E2	10.0	1.0	lmo4a	zic3	6	16	0.00015892268885853156	3.8141381884515546e-06	0.5198329853862212	479	lower conditional utility indicates greater substitution/redundancy
post-hoc experimental-design extension	75p_E1_to_E2	75% epiboly	E1	E1→E2	10.0	1.0	tgif1	znf185	7	1	0.0014334797769961494	0.00040909144008149934	0.6450939457202505	479	lower conditional utility indicates greater substitution/redundancy
post-hoc experimental-design extension	75p_E1_to_E2	75% epiboly	E1	E1→E2	10.0	1.0	tgif1	kirrel3l	7	2	0.00105669221195831	0.00026827458859352005	0.6367432150313153	479	lower conditional utility indicates greater substitution/redundancy
post-hoc experimental-design extension	75p_E1_to_E2	75% epiboly	E1	E1→E2	10.0	1.0	tgif1	nsd2	7	3	0.0016382786342119537	0.0004566182750304071	0.6659707724425887	479	lower conditional utility indicates greater substitution/redundancy
post-hoc experimental-design extension	75p_E1_to_E2	75% epiboly	E1	E1→E2	10.0	1.0	tgif1	cdh6	7	4	0.0020361218166533857	0.00039031066151995475	0.6701461377870563	479	lower conditional utility indicates greater substitution/redundancy
post-hoc experimental-design extension	75p_E1_to_E2	75% epiboly	E1	E1→E2	10.0	1.0	tgif1	tfap2c	7	5	0.0010136369947977841	0.00023712216971871758	0.6304801670146137	479	lower conditional utility indicates greater substitution/redundancy
post-hoc experimental-design extension	75p_E1_to_E2	75% epiboly	E1	E1→E2	10.0	1.0	tgif1	lmo4a	7	6	0.0011593153312972893	0.00034548804424949786	0.6304801670146137	479	lower conditional utility indicates greater substitution/redundancy
post-hoc experimental-design extension	75p_E1_to_E2	75% epiboly	E1	E1→E2	10.0	1.0	tgif1	six4a	7	8	0.0009529181823469401	0.0002392510270368131	0.6346555323590815	479	lower conditional utility indicates greater substitution/redundancy
post-hoc experimental-design extension	75p_E1_to_E2	75% epiboly	E1	E1→E2	10.0	1.0	tgif1	lamb1a	7	9	0.0016238134498711698	0.0004901443040849496	0.6409185803757829	479	lower conditional utility indicates greater substitution/redundancy
post-hoc experimental-design extension	75p_E1_to_E2	75% epiboly	E1	E1→E2	10.0	1.0	tgif1	ved	7	10	0.0011052810146978675	0.000309973344616743	0.6367432150313153	479	lower conditional utility indicates greater substitution/redundancy
post-hoc experimental-design extension	75p_E1_to_E2	75% epiboly	E1	E1→E2	10.0	1.0	tgif1	lft2	7	11	0.0011218861102339495	0.0002857854538186877	0.6283924843423799	479	lower conditional utility indicates greater substitution/redundancy
post-hoc experimental-design extension	75p_E1_to_E2	75% epiboly	E1	E1→E2	10.0	1.0	tgif1	dlx3b	7	12	0.0011377901770245336	0.0003190119727642382	0.6388308977035491	479	lower conditional utility indicates greater substitution/redundancy
post-hoc experimental-design extension	75p_E1_to_E2	75% epiboly	E1	E1→E2	10.0	1.0	tgif1	fezf2	7	13	0.0012825567540396543	0.00037101707506198567	0.6304801670146137	479	lower conditional utility indicates greater substitution/redundancy
post-hoc experimental-design extension	75p_E1_to_E2	75% epiboly	E1	E1→E2	10.0	1.0	tgif1	six4b	7	14	0.000988321763006339	0.00027848495012255947	0.6283924843423799	479	lower conditional utility indicates greater substitution/redundancy
post-hoc experimental-design extension	75p_E1_to_E2	75% epiboly	E1	E1→E2	10.0	1.0	tgif1	crabp2b	7	15	0.0011551228026420723	0.0002781679770081369	0.6346555323590815	479	lower conditional utility indicates greater substitution/redundancy
post-hoc experimental-design extension	75p_E1_to_E2	75% epiboly	E1	E1→E2	10.0	1.0	tgif1	zic3	7	16	0.001005295707130635	0.00025324186314440444	0.6325678496868476	479	lower conditional utility indicates greater substitution/redundancy
post-hoc experimental-design extension	75p_E1_to_E2	75% epiboly	E1	E1→E2	10.0	1.0	six4a	znf185	8	1	0.0008798641883068781	0.0001527691779062701	0.6221294363256785	479	lower conditional utility indicates greater substitution/redundancy
post-hoc experimental-design extension	75p_E1_to_E2	75% epiboly	E1	E1→E2	10.0	1.0	six4a	kirrel3l	8	2	0.002957089753671732	0.0006108893439655816	0.7098121085594989	479	lower conditional utility indicates greater substitution/redundancy
post-hoc experimental-design extension	75p_E1_to_E2	75% epiboly	E1	E1→E2	10.0	1.0	six4a	nsd2	8	3	0.0009639796361543829	0.0001722959846100769	0.6221294363256785	479	lower conditional utility indicates greater substitution/redundancy
post-hoc experimental-design extension	75p_E1_to_E2	75% epiboly	E1	E1→E2	10.0	1.0	six4a	cdh6	8	4	0.0009785908481082517	0.00015494481972888607	0.615866388308977	479	lower conditional utility indicates greater substitution/redundancy
post-hoc experimental-design extension	75p_E1_to_E2	75% epiboly	E1	E1→E2	10.0	1.0	six4a	tfap2c	8	5	0.0012034634445325931	0.00020844564593006099	0.6200417536534447	479	lower conditional utility indicates greater substitution/redundancy
post-hoc experimental-design extension	75p_E1_to_E2	75% epiboly	E1	E1→E2	10.0	1.0	six4a	lmo4a	8	6	0.001012714541449522	0.0001736492815630486	0.6221294363256785	479	lower conditional utility indicates greater substitution/redundancy
post-hoc experimental-design extension	75p_E1_to_E2	75% epiboly	E1	E1→E2	10.0	1.0	six4a	tgif1	8	7	0.000853624343762488	0.00012773301627785894	0.6137787056367432	479	lower conditional utility indicates greater substitution/redundancy
post-hoc experimental-design extension	75p_E1_to_E2	75% epiboly	E1	E1→E2	10.0	1.0	six4a	lamb1a	8	9	0.0010151916481098144	0.00016194158884902388	0.6283924843423799	479	lower conditional utility indicates greater substitution/redundancy
post-hoc experimental-design extension	75p_E1_to_E2	75% epiboly	E1	E1→E2	10.0	1.0	six4a	ved	8	10	0.000915408223444325	0.00016589575768996556	0.6242171189979123	479	lower conditional utility indicates greater substitution/redundancy
post-hoc experimental-design extension	75p_E1_to_E2	75% epiboly	E1	E1→E2	10.0	1.0	six4a	lft2	8	11	0.0008446742150067799	0.0001777076879797279	0.6012526096033403	479	lower conditional utility indicates greater substitution/redundancy
post-hoc experimental-design extension	75p_E1_to_E2	75% epiboly	E1	E1→E2	10.0	1.0	six4a	dlx3b	8	12	0.0009208218337550811	0.00016147216978668055	0.6200417536534447	479	lower conditional utility indicates greater substitution/redundancy
post-hoc experimental-design extension	75p_E1_to_E2	75% epiboly	E1	E1→E2	10.0	1.0	six4a	fezf2	8	13	0.0009446817955170994	0.00017450599465015926	0.6179540709812108	479	lower conditional utility indicates greater substitution/redundancy
post-hoc experimental-design extension	75p_E1_to_E2	75% epiboly	E1	E1→E2	10.0	1.0	six4a	six4b	8	14	0.000970478659828522	0.0001831468465696845	0.6179540709812108	479	lower conditional utility indicates greater substitution/redundancy
post-hoc experimental-design extension	75p_E1_to_E2	75% epiboly	E1	E1→E2	10.0	1.0	six4a	crabp2b	8	15	0.000994831387614914	0.00016641426429186978	0.6137787056367432	479	lower conditional utility indicates greater substitution/redundancy
post-hoc experimental-design extension	75p_E1_to_E2	75% epiboly	E1	E1→E2	10.0	1.0	six4a	zic3	8	16	0.0009864840027344335	0.00016557929828470153	0.6346555323590815	479	lower conditional utility indicates greater substitution/redundancy
post-hoc experimental-design extension	75p_E1_to_E2	75% epiboly	E1	E1→E2	10.0	1.0	lamb1a	znf185	9	1	0.004363134042065814	0.0012456963138205435	0.7640918580375783	479	lower conditional utility indicates greater substitution/redundancy
post-hoc experimental-design extension	75p_E1_to_E2	75% epiboly	E1	E1→E2	10.0	1.0	lamb1a	kirrel3l	9	2	0.0031906823649735516	0.0008484500501464431	0.7453027139874739	479	lower conditional utility indicates greater substitution/redundancy
post-hoc experimental-design extension	75p_E1_to_E2	75% epiboly	E1	E1→E2	10.0	1.0	lamb1a	nsd2	9	3	0.00265224992484675	0.0006312598460623264	0.7286012526096033	479	lower conditional utility indicates greater substitution/redundancy
post-hoc experimental-design extension	75p_E1_to_E2	75% epiboly	E1	E1→E2	10.0	1.0	lamb1a	cdh6	9	4	0.005157213680160352	0.0014073915454106967	0.8162839248434238	479	lower conditional utility indicates greater substitution/redundancy
post-hoc experimental-design extension	75p_E1_to_E2	75% epiboly	E1	E1→E2	10.0	1.0	lamb1a	tfap2c	9	5	0.0023699326900928908	0.0006129602592944705	0.7139874739039666	479	lower conditional utility indicates greater substitution/redundancy
post-hoc experimental-design extension	75p_E1_to_E2	75% epiboly	E1	E1→E2	10.0	1.0	lamb1a	lmo4a	9	6	0.002790271993090676	0.0007237563411687242	0.7390396659707724	479	lower conditional utility indicates greater substitution/redundancy
post-hoc experimental-design extension	75p_E1_to_E2	75% epiboly	E1	E1→E2	10.0	1.0	lamb1a	tgif1	9	7	0.0034426838257982095	0.0008275711210326553	0.7369519832985386	479	lower conditional utility indicates greater substitution/redundancy
post-hoc experimental-design extension	75p_E1_to_E2	75% epiboly	E1	E1→E2	10.0	1.0	lamb1a	six4a	9	8	0.0025337939753595773	0.0006289375549196619	0.7098121085594989	479	lower conditional utility indicates greater substitution/redundancy
post-hoc experimental-design extension	75p_E1_to_E2	75% epiboly	E1	E1→E2	10.0	1.0	lamb1a	ved	9	10	0.002849945270081311	0.0007101759790539841	0.7181628392484343	479	lower conditional utility indicates greater substitution/redundancy
post-hoc experimental-design extension	75p_E1_to_E2	75% epiboly	E1	E1→E2	10.0	1.0	lamb1a	lft2	9	11	0.002685213991644453	0.000638133183441858	0.7265135699373695	479	lower conditional utility indicates greater substitution/redundancy
post-hoc experimental-design extension	75p_E1_to_E2	75% epiboly	E1	E1→E2	10.0	1.0	lamb1a	dlx3b	9	12	0.002466301578505359	0.0006151627032262574	0.7160751565762005	479	lower conditional utility indicates greater substitution/redundancy
post-hoc experimental-design extension	75p_E1_to_E2	75% epiboly	E1	E1→E2	10.0	1.0	lamb1a	fezf2	9	13	0.002318620463857668	0.0006140478392869797	0.7098121085594989	479	lower conditional utility indicates greater substitution/redundancy
post-hoc experimental-design extension	75p_E1_to_E2	75% epiboly	E1	E1→E2	10.0	1.0	lamb1a	six4b	9	14	0.002496867532816166	0.000574784619620683	0.7014613778705637	479	lower conditional utility indicates greater substitution/redundancy
post-hoc experimental-design extension	75p_E1_to_E2	75% epiboly	E1	E1→E2	10.0	1.0	lamb1a	crabp2b	9	15	0.002586092618609828	0.0005990676468787814	0.7118997912317327	479	lower conditional utility indicates greater substitution/redundancy
post-hoc experimental-design extension	75p_E1_to_E2	75% epiboly	E1	E1→E2	10.0	1.0	lamb1a	zic3	9	16	0.0024404903936533495	0.0006075723298127333	0.7035490605427975	479	lower conditional utility indicates greater substitution/redundancy
post-hoc experimental-design extension	75p_E1_to_E2	75% epiboly	E1	E1→E2	10.0	1.0	ved	znf185	10	1	0.0006810132618149667	0.00017096215982725926	0.6012526096033403	479	lower conditional utility indicates greater substitution/redundancy
post-hoc experimental-design extension	75p_E1_to_E2	75% epiboly	E1	E1→E2	10.0	1.0	ved	kirrel3l	10	2	0.00013879631412971882	3.665092591892405e-05	0.5386221294363257	479	lower conditional utility indicates greater substitution/redundancy
post-hoc experimental-design extension	75p_E1_to_E2	75% epiboly	E1	E1→E2	10.0	1.0	ved	nsd2	10	3	0.0004469149255242888	7.278312143940702e-05	0.5803757828810021	479	lower conditional utility indicates greater substitution/redundancy
post-hoc experimental-design extension	75p_E1_to_E2	75% epiboly	E1	E1→E2	10.0	1.0	ved	cdh6	10	4	0.0002505959377893108	4.0141322800280044e-05	0.5448851774530271	479	lower conditional utility indicates greater substitution/redundancy
post-hoc experimental-design extension	75p_E1_to_E2	75% epiboly	E1	E1→E2	10.0	1.0	ved	tfap2c	10	5	0.0003825619537730085	6.955630734567508e-05	0.5720250521920668	479	lower conditional utility indicates greater substitution/redundancy
post-hoc experimental-design extension	75p_E1_to_E2	75% epiboly	E1	E1→E2	10.0	1.0	ved	lmo4a	10	6	0.0004069503975841493	5.8684087274440966e-05	0.5532359081419624	479	lower conditional utility indicates greater substitution/redundancy
post-hoc experimental-design extension	75p_E1_to_E2	75% epiboly	E1	E1→E2	10.0	1.0	ved	tgif1	10	7	0.0003928657220456655	6.835208173039398e-05	0.5594989561586639	479	lower conditional utility indicates greater substitution/redundancy
post-hoc experimental-design extension	75p_E1_to_E2	75% epiboly	E1	E1→E2	10.0	1.0	ved	six4a	10	8	0.0003320871416756105	5.764441484303051e-05	0.5615866388308977	479	lower conditional utility indicates greater substitution/redundancy
post-hoc experimental-design extension	75p_E1_to_E2	75% epiboly	E1	E1→E2	10.0	1.0	ved	lamb1a	10	9	0.0005488372018294108	0.0001329269635678143	0.5991649269311065	479	lower conditional utility indicates greater substitution/redundancy
post-hoc experimental-design extension	75p_E1_to_E2	75% epiboly	E1	E1→E2	10.0	1.0	ved	lft2	10	11	0.00039938284950546965	7.574944378781895e-05	0.5720250521920668	479	lower conditional utility indicates greater substitution/redundancy
post-hoc experimental-design extension	75p_E1_to_E2	75% epiboly	E1	E1→E2	10.0	1.0	ved	dlx3b	10	12	0.0004301176023817077	8.983694928893504e-05	0.5762004175365344	479	lower conditional utility indicates greater substitution/redundancy
post-hoc experimental-design extension	75p_E1_to_E2	75% epiboly	E1	E1→E2	10.0	1.0	ved	fezf2	10	13	0.00035937639421068646	7.219369101779671e-05	0.5636743215031316	479	lower conditional utility indicates greater substitution/redundancy
post-hoc experimental-design extension	75p_E1_to_E2	75% epiboly	E1	E1→E2	10.0	1.0	ved	six4b	10	14	0.00035469107221464125	4.955311496254722e-05	0.5636743215031316	479	lower conditional utility indicates greater substitution/redundancy
post-hoc experimental-design extension	75p_E1_to_E2	75% epiboly	E1	E1→E2	10.0	1.0	ved	crabp2b	10	15	0.00035096311352444953	5.353100241328734e-05	0.5490605427974948	479	lower conditional utility indicates greater substitution/redundancy
post-hoc experimental-design extension	75p_E1_to_E2	75% epiboly	E1	E1→E2	10.0	1.0	ved	zic3	10	16	0.0002883594726440508	5.148591455039764e-05	0.55741127348643	479	lower conditional utility indicates greater substitution/redundancy
post-hoc experimental-design extension	75p_E1_to_E2	75% epiboly	E1	E1→E2	10.0	1.0	lft2	znf185	11	1	5.508812854881917e-05	-1.070222076331867e-05	0.5073068893528184	479	lower conditional utility indicates greater substitution/redundancy
post-hoc experimental-design extension	75p_E1_to_E2	75% epiboly	E1	E1→E2	10.0	1.0	lft2	kirrel3l	11	2	4.8014557647801936e-05	-1.5463522929526352e-05	0.5093945720250522	479	lower conditional utility indicates greater substitution/redundancy
post-hoc experimental-design extension	75p_E1_to_E2	75% epiboly	E1	E1→E2	10.0	1.0	lft2	nsd2	11	3	8.161786625326961e-06	-1.8582567292146912e-05	0.5031315240083507	479	lower conditional utility indicates greater substitution/redundancy
post-hoc experimental-design extension	75p_E1_to_E2	75% epiboly	E1	E1→E2	10.0	1.0	lft2	cdh6	11	4	-8.644249734668374e-05	-5.10925127084616e-05	0.4822546972860125	479	lower conditional utility indicates greater substitution/redundancy
post-hoc experimental-design extension	75p_E1_to_E2	75% epiboly	E1	E1→E2	10.0	1.0	lft2	tfap2c	11	5	-1.6832347388695545e-05	-3.225950982130299e-05	0.49478079331941544	479	lower conditional utility indicates greater substitution/redundancy
post-hoc experimental-design extension	75p_E1_to_E2	75% epiboly	E1	E1→E2	10.0	1.0	lft2	lmo4a	11	6	-6.809400718243985e-05	-3.8190844290852954e-05	0.4822546972860125	479	lower conditional utility indicates greater substitution/redundancy
post-hoc experimental-design extension	75p_E1_to_E2	75% epiboly	E1	E1→E2	10.0	1.0	lft2	tgif1	11	7	6.0847460476409765e-05	-1.5571969954275566e-05	0.5093945720250522	479	lower conditional utility indicates greater substitution/redundancy
post-hoc experimental-design extension	75p_E1_to_E2	75% epiboly	E1	E1→E2	10.0	1.0	lft2	six4a	11	8	0.0001514804393512037	-2.2539028129375804e-05	0.5219206680584552	479	lower conditional utility indicates greater substitution/redundancy
post-hoc experimental-design extension	75p_E1_to_E2	75% epiboly	E1	E1→E2	10.0	1.0	lft2	lamb1a	11	9	7.473266316737615e-05	-2.493524842761552e-05	0.511482254697286	479	lower conditional utility indicates greater substitution/redundancy
post-hoc experimental-design extension	75p_E1_to_E2	75% epiboly	E1	E1→E2	10.0	1.0	lft2	ved	11	10	2.438174187113784e-05	-1.5176608608058473e-05	0.5093945720250522	479	lower conditional utility indicates greater substitution/redundancy
post-hoc experimental-design extension	75p_E1_to_E2	75% epiboly	E1	E1→E2	10.0	1.0	lft2	dlx3b	11	12	-6.510176352642061e-06	-1.8966353592997365e-05	0.4968684759916493	479	lower conditional utility indicates greater substitution/redundancy
post-hoc experimental-design extension	75p_E1_to_E2	75% epiboly	E1	E1→E2	10.0	1.0	lft2	fezf2	11	13	-6.981132259736844e-05	-4.614436992309012e-05	0.48643006263048016	479	lower conditional utility indicates greater substitution/redundancy
post-hoc experimental-design extension	75p_E1_to_E2	75% epiboly	E1	E1→E2	10.0	1.0	lft2	six4b	11	14	8.028757645239804e-05	5.1713356852278736e-06	0.5219206680584552	479	lower conditional utility indicates greater substitution/redundancy
post-hoc experimental-design extension	75p_E1_to_E2	75% epiboly	E1	E1→E2	10.0	1.0	lft2	crabp2b	11	15	-0.00010015642924687818	-4.530966793431235e-05	0.4780793319415449	479	lower conditional utility indicates greater substitution/redundancy
post-hoc experimental-design extension	75p_E1_to_E2	75% epiboly	E1	E1→E2	10.0	1.0	lft2	zic3	11	16	2.3460810726683157e-05	-2.240530156000231e-05	0.5052192066805845	479	lower conditional utility indicates greater substitution/redundancy
post-hoc experimental-design extension	75p_E1_to_E2	75% epiboly	E1	E1→E2	10.0	1.0	dlx3b	znf185	12	1	0.00045487184296205685	9.610503887280686e-05	0.5741127348643006	479	lower conditional utility indicates greater substitution/redundancy
post-hoc experimental-design extension	75p_E1_to_E2	75% epiboly	E1	E1→E2	10.0	1.0	dlx3b	kirrel3l	12	2	0.0002618542368700849	3.3641733186873246e-05	0.5553235908141962	479	lower conditional utility indicates greater substitution/redundancy
post-hoc experimental-design extension	75p_E1_to_E2	75% epiboly	E1	E1→E2	10.0	1.0	dlx3b	nsd2	12	3	0.00018046659208581506	2.0627502033188083e-05	0.5260960334029228	479	lower conditional utility indicates greater substitution/redundancy
post-hoc experimental-design extension	75p_E1_to_E2	75% epiboly	E1	E1→E2	10.0	1.0	dlx3b	cdh6	12	4	4.862535126232137e-05	-1.301607131803939e-05	0.5156576200417536	479	lower conditional utility indicates greater substitution/redundancy
post-hoc experimental-design extension	75p_E1_to_E2	75% epiboly	E1	E1→E2	10.0	1.0	dlx3b	tfap2c	12	5	0.0004281288238477954	6.47115992248315e-05	0.5720250521920668	479	lower conditional utility indicates greater substitution/redundancy
post-hoc experimental-design extension	75p_E1_to_E2	75% epiboly	E1	E1→E2	10.0	1.0	dlx3b	lmo4a	12	6	0.00019792531862583562	1.4240026834144714e-05	0.5469728601252609	479	lower conditional utility indicates greater substitution/redundancy
post-hoc experimental-design extension	75p_E1_to_E2	75% epiboly	E1	E1→E2	10.0	1.0	dlx3b	tgif1	12	7	0.00012742437611942825	3.733296092489624e-06	0.5260960334029228	479	lower conditional utility indicates greater substitution/redundancy
post-hoc experimental-design extension	75p_E1_to_E2	75% epiboly	E1	E1→E2	10.0	1.0	dlx3b	six4a	12	8	8.530843360776696e-05	6.537362919473155e-06	0.5260960334029228	479	lower conditional utility indicates greater substitution/redundancy
post-hoc experimental-design extension	75p_E1_to_E2	75% epiboly	E1	E1→E2	10.0	1.0	dlx3b	lamb1a	12	9	0.00015921205958102647	1.4557022731620517e-05	0.5302713987473904	479	lower conditional utility indicates greater substitution/redundancy
post-hoc experimental-design extension	75p_E1_to_E2	75% epiboly	E1	E1→E2	10.0	1.0	dlx3b	ved	12	10	0.00014348459797197677	1.0590526310166881e-05	0.5260960334029228	479	lower conditional utility indicates greater substitution/redundancy
post-hoc experimental-design extension	75p_E1_to_E2	75% epiboly	E1	E1→E2	10.0	1.0	dlx3b	lft2	12	11	9.533581520471124e-05	6.579099647824327e-06	0.5323590814196242	479	lower conditional utility indicates greater substitution/redundancy
post-hoc experimental-design extension	75p_E1_to_E2	75% epiboly	E1	E1→E2	10.0	1.0	dlx3b	fezf2	12	13	0.0001436663998583554	2.5513761503337395e-05	0.534446764091858	479	lower conditional utility indicates greater substitution/redundancy
post-hoc experimental-design extension	75p_E1_to_E2	75% epiboly	E1	E1→E2	10.0	1.0	dlx3b	six4b	12	14	9.632820714716717e-05	1.5740863829522e-05	0.5323590814196242	479	lower conditional utility indicates greater substitution/redundancy
post-hoc experimental-design extension	75p_E1_to_E2	75% epiboly	E1	E1→E2	10.0	1.0	dlx3b	crabp2b	12	15	0.0003429909484514715	5.166353615432273e-05	0.5553235908141962	479	lower conditional utility indicates greater substitution/redundancy
post-hoc experimental-design extension	75p_E1_to_E2	75% epiboly	E1	E1→E2	10.0	1.0	dlx3b	zic3	12	16	5.8218345720395526e-06	-1.1872662210254958e-05	0.5031315240083507	479	lower conditional utility indicates greater substitution/redundancy
post-hoc experimental-design extension	75p_E1_to_E2	75% epiboly	E1	E1→E2	10.0	1.0	fezf2	znf185	13	1	0.0004381017383998653	8.508707355703304e-05	0.5636743215031316	479	lower conditional utility indicates greater substitution/redundancy
post-hoc experimental-design extension	75p_E1_to_E2	75% epiboly	E1	E1→E2	10.0	1.0	fezf2	kirrel3l	13	2	0.0004223652482815976	0.00010397259467426201	0.5782881002087683	479	lower conditional utility indicates greater substitution/redundancy
post-hoc experimental-design extension	75p_E1_to_E2	75% epiboly	E1	E1→E2	10.0	1.0	fezf2	nsd2	13	3	0.0006215304304216795	0.00020271085040973746	0.6096033402922756	479	lower conditional utility indicates greater substitution/redundancy
post-hoc experimental-design extension	75p_E1_to_E2	75% epiboly	E1	E1→E2	10.0	1.0	fezf2	cdh6	13	4	0.0007134485252382194	0.0001336057622085829	0.5991649269311065	479	lower conditional utility indicates greater substitution/redundancy
post-hoc experimental-design extension	75p_E1_to_E2	75% epiboly	E1	E1→E2	10.0	1.0	fezf2	tfap2c	13	5	0.000368646144778495	8.77432587107485e-05	0.5824634655532359	479	lower conditional utility indicates greater substitution/redundancy
post-hoc experimental-design extension	75p_E1_to_E2	75% epiboly	E1	E1→E2	10.0	1.0	fezf2	lmo4a	13	6	0.00019704400598696825	4.023400589156512e-05	0.5469728601252609	479	lower conditional utility indicates greater substitution/redundancy
post-hoc experimental-design extension	75p_E1_to_E2	75% epiboly	E1	E1→E2	10.0	1.0	fezf2	tgif1	13	7	0.0005536572169161369	0.00019872210053972772	0.6221294363256785	479	lower conditional utility indicates greater substitution/redundancy
post-hoc experimental-design extension	75p_E1_to_E2	75% epiboly	E1	E1→E2	10.0	1.0	fezf2	six4a	13	8	0.00038179972638560655	0.00011252706508885213	0.5782881002087683	479	lower conditional utility indicates greater substitution/redundancy
post-hoc experimental-design extension	75p_E1_to_E2	75% epiboly	E1	E1→E2	10.0	1.0	fezf2	lamb1a	13	9	0.0003848420028820243	9.652123698389303e-05	0.5594989561586639	479	lower conditional utility indicates greater substitution/redundancy
post-hoc experimental-design extension	75p_E1_to_E2	75% epiboly	E1	E1→E2	10.0	1.0	fezf2	ved	13	10	0.00038576719591068565	9.12676247663835e-05	0.5782881002087683	479	lower conditional utility indicates greater substitution/redundancy
post-hoc experimental-design extension	75p_E1_to_E2	75% epiboly	E1	E1→E2	10.0	1.0	fezf2	lft2	13	11	0.0003283106979314332	0.00010793319726179473	0.5741127348643006	479	lower conditional utility indicates greater substitution/redundancy
post-hoc experimental-design extension	75p_E1_to_E2	75% epiboly	E1	E1→E2	10.0	1.0	fezf2	dlx3b	13	12	0.0004992529966468817	0.0001141216227587144	0.5991649269311065	479	lower conditional utility indicates greater substitution/redundancy
post-hoc experimental-design extension	75p_E1_to_E2	75% epiboly	E1	E1→E2	10.0	1.0	fezf2	six4b	13	14	0.0003697563212234356	9.218959822256123e-05	0.5657620041753654	479	lower conditional utility indicates greater substitution/redundancy
post-hoc experimental-design extension	75p_E1_to_E2	75% epiboly	E1	E1→E2	10.0	1.0	fezf2	crabp2b	13	15	0.0003630985056643776	0.00011286326850662443	0.5866388308977035	479	lower conditional utility indicates greater substitution/redundancy
post-hoc experimental-design extension	75p_E1_to_E2	75% epiboly	E1	E1→E2	10.0	1.0	fezf2	zic3	13	16	0.0004476136709374856	0.00011638422196386111	0.5887265135699373	479	lower conditional utility indicates greater substitution/redundancy
post-hoc experimental-design extension	75p_E1_to_E2	75% epiboly	E1	E1→E2	10.0	1.0	six4b	znf185	14	1	5.6787849973982674e-05	-1.5889256377660255e-05	0.511482254697286	479	lower conditional utility indicates greater substitution/redundancy
post-hoc experimental-design extension	75p_E1_to_E2	75% epiboly	E1	E1→E2	10.0	1.0	six4b	kirrel3l	14	2	6.541625589329136e-05	-1.0823878229510031e-05	0.511482254697286	479	lower conditional utility indicates greater substitution/redundancy
post-hoc experimental-design extension	75p_E1_to_E2	75% epiboly	E1	E1→E2	10.0	1.0	six4b	nsd2	14	3	0.00025473450701996025	8.67287769146241e-06	0.5198329853862212	479	lower conditional utility indicates greater substitution/redundancy
post-hoc experimental-design extension	75p_E1_to_E2	75% epiboly	E1	E1→E2	10.0	1.0	six4b	cdh6	14	4	0.00012579465837855852	-7.631424380760699e-06	0.524008350730689	479	lower conditional utility indicates greater substitution/redundancy
post-hoc experimental-design extension	75p_E1_to_E2	75% epiboly	E1	E1→E2	10.0	1.0	six4b	tfap2c	14	5	0.00016788319340055313	2.0888205254365744e-05	0.5365344467640919	479	lower conditional utility indicates greater substitution/redundancy
post-hoc experimental-design extension	75p_E1_to_E2	75% epiboly	E1	E1→E2	10.0	1.0	six4b	lmo4a	14	6	-4.1681793852221816e-05	-3.9023396684712e-05	0.4906054279749478	479	lower conditional utility indicates greater substitution/redundancy
post-hoc experimental-design extension	75p_E1_to_E2	75% epiboly	E1	E1→E2	10.0	1.0	six4b	tgif1	14	7	6.239162533477893e-05	-2.873150380749978e-05	0.5073068893528184	479	lower conditional utility indicates greater substitution/redundancy
post-hoc experimental-design extension	75p_E1_to_E2	75% epiboly	E1	E1→E2	10.0	1.0	six4b	six4a	14	8	7.005488461819809e-05	2.680747668154515e-06	0.5219206680584552	479	lower conditional utility indicates greater substitution/redundancy
post-hoc experimental-design extension	75p_E1_to_E2	75% epiboly	E1	E1→E2	10.0	1.0	six4b	lamb1a	14	9	5.859545963227131e-05	-6.235544462440679e-06	0.5135699373695198	479	lower conditional utility indicates greater substitution/redundancy
post-hoc experimental-design extension	75p_E1_to_E2	75% epiboly	E1	E1→E2	10.0	1.0	six4b	ved	14	10	6.309144521776666e-05	2.3015165608875066e-06	0.5198329853862212	479	lower conditional utility indicates greater substitution/redundancy
post-hoc experimental-design extension	75p_E1_to_E2	75% epiboly	E1	E1→E2	10.0	1.0	six4b	lft2	14	11	0.00031037411168366447	3.448724106053236e-05	0.534446764091858	479	lower conditional utility indicates greater substitution/redundancy
post-hoc experimental-design extension	75p_E1_to_E2	75% epiboly	E1	E1→E2	10.0	1.0	six4b	dlx3b	14	12	9.031066372128249e-05	-1.0509513549139538e-05	0.5135699373695198	479	lower conditional utility indicates greater substitution/redundancy
post-hoc experimental-design extension	75p_E1_to_E2	75% epiboly	E1	E1→E2	10.0	1.0	six4b	fezf2	14	13	0.00011307792662379468	-1.5026357877978569e-05	0.5177453027139874	479	lower conditional utility indicates greater substitution/redundancy
post-hoc experimental-design extension	75p_E1_to_E2	75% epiboly	E1	E1→E2	10.0	1.0	six4b	crabp2b	14	15	3.2997624696273764e-05	-1.360612341513856e-05	0.5073068893528184	479	lower conditional utility indicates greater substitution/redundancy
post-hoc experimental-design extension	75p_E1_to_E2	75% epiboly	E1	E1→E2	10.0	1.0	six4b	zic3	14	16	3.7735919242276594e-05	-1.615737013588303e-05	0.5073068893528184	479	lower conditional utility indicates greater substitution/redundancy
post-hoc experimental-design extension	75p_E1_to_E2	75% epiboly	E1	E1→E2	10.0	1.0	crabp2b	znf185	15	1	0.0011399852874849903	0.00028398174944949117	0.6221294363256785	479	lower conditional utility indicates greater substitution/redundancy
post-hoc experimental-design extension	75p_E1_to_E2	75% epiboly	E1	E1→E2	10.0	1.0	crabp2b	kirrel3l	15	2	0.0012244487737352316	0.0002690166212147016	0.6325678496868476	479	lower conditional utility indicates greater substitution/redundancy
post-hoc experimental-design extension	75p_E1_to_E2	75% epiboly	E1	E1→E2	10.0	1.0	crabp2b	nsd2	15	3	0.0016767795739424107	0.0003819621840882581	0.6450939457202505	479	lower conditional utility indicates greater substitution/redundancy
post-hoc experimental-design extension	75p_E1_to_E2	75% epiboly	E1	E1→E2	10.0	1.0	crabp2b	cdh6	15	4	0.0010160682465550908	0.0002194072366540345	0.6283924843423799	479	lower conditional utility indicates greater substitution/redundancy
post-hoc experimental-design extension	75p_E1_to_E2	75% epiboly	E1	E1→E2	10.0	1.0	crabp2b	tfap2c	15	5	0.0014551657206346436	0.0003740421461362331	0.6388308977035491	479	lower conditional utility indicates greater substitution/redundancy
post-hoc experimental-design extension	75p_E1_to_E2	75% epiboly	E1	E1→E2	10.0	1.0	crabp2b	lmo4a	15	6	0.0006971335355058228	0.00016450635537790248	0.5991649269311065	479	lower conditional utility indicates greater substitution/redundancy
post-hoc experimental-design extension	75p_E1_to_E2	75% epiboly	E1	E1→E2	10.0	1.0	crabp2b	tgif1	15	7	0.0009914806686524003	0.00020522709523090876	0.6137787056367432	479	lower conditional utility indicates greater substitution/redundancy
post-hoc experimental-design extension	75p_E1_to_E2	75% epiboly	E1	E1→E2	10.0	1.0	crabp2b	six4a	15	8	0.0006038187316620425	0.00014517901874822048	0.6012526096033403	479	lower conditional utility indicates greater substitution/redundancy
post-hoc experimental-design extension	75p_E1_to_E2	75% epiboly	E1	E1→E2	10.0	1.0	crabp2b	lamb1a	15	9	0.0006654428510223243	0.0001577928745831736	0.5908141962421712	479	lower conditional utility indicates greater substitution/redundancy
post-hoc experimental-design extension	75p_E1_to_E2	75% epiboly	E1	E1→E2	10.0	1.0	crabp2b	ved	15	10	0.0006713716013466708	0.00012842699843262917	0.5991649269311065	479	lower conditional utility indicates greater substitution/redundancy
post-hoc experimental-design extension	75p_E1_to_E2	75% epiboly	E1	E1→E2	10.0	1.0	crabp2b	lft2	15	11	0.0005854376793059668	0.00017439212392345027	0.5845511482254697	479	lower conditional utility indicates greater substitution/redundancy
post-hoc experimental-design extension	75p_E1_to_E2	75% epiboly	E1	E1→E2	10.0	1.0	crabp2b	dlx3b	15	12	0.0008343776414833082	0.0002010294231930415	0.605427974947808	479	lower conditional utility indicates greater substitution/redundancy
post-hoc experimental-design extension	75p_E1_to_E2	75% epiboly	E1	E1→E2	10.0	1.0	crabp2b	fezf2	15	13	0.000589103265278168	0.00013182280419610226	0.5970772442588727	479	lower conditional utility indicates greater substitution/redundancy
post-hoc experimental-design extension	75p_E1_to_E2	75% epiboly	E1	E1→E2	10.0	1.0	crabp2b	six4b	15	14	0.000582774939316244	0.00013840179607904624	0.592901878914405	479	lower conditional utility indicates greater substitution/redundancy
post-hoc experimental-design extension	75p_E1_to_E2	75% epiboly	E1	E1→E2	10.0	1.0	crabp2b	zic3	15	16	0.00151896395681278	0.0003551826672402725	0.6367432150313153	479	lower conditional utility indicates greater substitution/redundancy
post-hoc experimental-design extension	75p_E1_to_E2	75% epiboly	E1	E1→E2	10.0	1.0	zic3	znf185	16	1	0.0007412766908279078	0.0001324244625831028	0.5824634655532359	479	lower conditional utility indicates greater substitution/redundancy
post-hoc experimental-design extension	75p_E1_to_E2	75% epiboly	E1	E1→E2	10.0	1.0	zic3	kirrel3l	16	2	0.0007651940189655759	0.00014241603352360688	0.5782881002087683	479	lower conditional utility indicates greater substitution/redundancy
post-hoc experimental-design extension	75p_E1_to_E2	75% epiboly	E1	E1→E2	10.0	1.0	zic3	nsd2	16	3	0.0009412383454510675	0.00019454392320128466	0.605427974947808	479	lower conditional utility indicates greater substitution/redundancy
post-hoc experimental-design extension	75p_E1_to_E2	75% epiboly	E1	E1→E2	10.0	1.0	zic3	cdh6	16	4	0.0013972633828606418	0.0003152186977982141	0.6388308977035491	479	lower conditional utility indicates greater substitution/redundancy
post-hoc experimental-design extension	75p_E1_to_E2	75% epiboly	E1	E1→E2	10.0	1.0	zic3	tfap2c	16	5	0.0006394535370847221	9.758169298496044e-05	0.5762004175365344	479	lower conditional utility indicates greater substitution/redundancy
post-hoc experimental-design extension	75p_E1_to_E2	75% epiboly	E1	E1→E2	10.0	1.0	zic3	lmo4a	16	6	0.0006647367659001202	0.00011929091988108209	0.569937369519833	479	lower conditional utility indicates greater substitution/redundancy
post-hoc experimental-design extension	75p_E1_to_E2	75% epiboly	E1	E1→E2	10.0	1.0	zic3	tgif1	16	7	0.0007053478002168878	0.00010637882053921022	0.5741127348643006	479	lower conditional utility indicates greater substitution/redundancy
post-hoc experimental-design extension	75p_E1_to_E2	75% epiboly	E1	E1→E2	10.0	1.0	zic3	six4a	16	8	0.0006513195399013572	0.00012875626499114778	0.5908141962421712	479	lower conditional utility indicates greater substitution/redundancy
post-hoc experimental-design extension	75p_E1_to_E2	75% epiboly	E1	E1→E2	10.0	1.0	zic3	lamb1a	16	9	0.0006519921271305185	9.701544682877428e-05	0.5741127348643006	479	lower conditional utility indicates greater substitution/redundancy
post-hoc experimental-design extension	75p_E1_to_E2	75% epiboly	E1	E1→E2	10.0	1.0	zic3	ved	16	10	0.0007694414006916839	0.00011955675125260856	0.5866388308977035	479	lower conditional utility indicates greater substitution/redundancy
post-hoc experimental-design extension	75p_E1_to_E2	75% epiboly	E1	E1→E2	10.0	1.0	zic3	lft2	16	11	0.000779378085085991	0.00016780238781641255	0.5887265135699373	479	lower conditional utility indicates greater substitution/redundancy
post-hoc experimental-design extension	75p_E1_to_E2	75% epiboly	E1	E1→E2	10.0	1.0	zic3	dlx3b	16	12	0.0006874676704853311	0.00011394215549731523	0.5782881002087683	479	lower conditional utility indicates greater substitution/redundancy
post-hoc experimental-design extension	75p_E1_to_E2	75% epiboly	E1	E1→E2	10.0	1.0	zic3	fezf2	16	13	0.0010499900925663441	0.00022386191121748222	0.6221294363256785	479	lower conditional utility indicates greater substitution/redundancy
post-hoc experimental-design extension	75p_E1_to_E2	75% epiboly	E1	E1→E2	10.0	1.0	zic3	six4b	16	14	0.0007523966036985241	0.00013655465631429164	0.5824634655532359	479	lower conditional utility indicates greater substitution/redundancy
post-hoc experimental-design extension	75p_E1_to_E2	75% epiboly	E1	E1→E2	10.0	1.0	zic3	crabp2b	16	15	0.0011036936315209633	0.00028808550595382787	0.6283924843423799	479	lower conditional utility indicates greater substitution/redundancy
post-hoc experimental-design extension	75p_E2_to_E1	75% epiboly	E2	E2→E1	10.0	1.0	add3b	flrt3	1	2	0.001720858666048708	0.0004535056625044609	0.6492693110647182	479	lower conditional utility indicates greater substitution/redundancy
post-hoc experimental-design extension	75p_E2_to_E1	75% epiboly	E2	E2→E1	10.0	1.0	add3b	tfap2a	1	3	0.0016640225312638535	0.0004294202350869636	0.6430062630480167	479	lower conditional utility indicates greater substitution/redundancy
post-hoc experimental-design extension	75p_E2_to_E1	75% epiboly	E2	E2→E1	10.0	1.0	add3b	znf185	1	4	0.002690735609115813	0.0005169773116541765	0.6764091858037579	479	lower conditional utility indicates greater substitution/redundancy
post-hoc experimental-design extension	75p_E2_to_E1	75% epiboly	E2	E2→E1	10.0	1.0	add3b	otx2b	1	5	0.0019127823523617526	0.0005045243959790335	0.6597077244258872	479	lower conditional utility indicates greater substitution/redundancy
post-hoc experimental-design extension	75p_E2_to_E1	75% epiboly	E2	E2→E1	10.0	1.0	add3b	sox32	1	6	0.0024613031793593865	0.0006019535713654989	0.6847599164926931	479	lower conditional utility indicates greater substitution/redundancy
post-hoc experimental-design extension	75p_E2_to_E1	75% epiboly	E2	E2→E1	10.0	1.0	add3b	bmp4	1	7	0.002091787113968402	0.0005180917507456861	0.6722338204592901	479	lower conditional utility indicates greater substitution/redundancy
post-hoc experimental-design extension	75p_E2_to_E1	75% epiboly	E2	E2→E1	10.0	1.0	add3b	pcdh10b	1	8	0.0017833247463275859	0.0004539962237739559	0.6450939457202505	479	lower conditional utility indicates greater substitution/redundancy
post-hoc experimental-design extension	75p_E2_to_E1	75% epiboly	E2	E2→E1	10.0	1.0	add3b	lmo4a	1	9	0.001787318222682882	0.00044520077415954873	0.6534446764091858	479	lower conditional utility indicates greater substitution/redundancy
post-hoc experimental-design extension	75p_E2_to_E1	75% epiboly	E2	E2→E1	10.0	1.0	add3b	crabp2b	1	10	0.003139413866385929	0.0007990405653670596	0.7139874739039666	479	lower conditional utility indicates greater substitution/redundancy
post-hoc experimental-design extension	75p_E2_to_E1	75% epiboly	E2	E2→E1	10.0	1.0	add3b	rrbp1b	1	11	0.0019640200579759126	0.00040112530430169713	0.6471816283924844	479	lower conditional utility indicates greater substitution/redundancy
post-hoc experimental-design extension	75p_E2_to_E1	75% epiboly	E2	E2→E1	10.0	1.0	add3b	six4a	1	12	0.001843324948950037	0.0004680681059430758	0.651356993736952	479	lower conditional utility indicates greater substitution/redundancy
post-hoc experimental-design extension	75p_E2_to_E1	75% epiboly	E2	E2→E1	10.0	1.0	add3b	si:dkey-108k21.14	1	13	0.0019197233410663261	0.0005064004561972368	0.6659707724425887	479	lower conditional utility indicates greater substitution/redundancy
post-hoc experimental-design extension	75p_E2_to_E1	75% epiboly	E2	E2→E1	10.0	1.0	add3b	zic3	1	14	0.0015384064447853119	0.0003569954955903176	0.6409185803757829	479	lower conditional utility indicates greater substitution/redundancy
post-hoc experimental-design extension	75p_E2_to_E1	75% epiboly	E2	E2→E1	10.0	1.0	add3b	lamb1a	1	15	0.0032725617481430547	0.0009435238020097936	0.6847599164926931	479	lower conditional utility indicates greater substitution/redundancy
post-hoc experimental-design extension	75p_E2_to_E1	75% epiboly	E2	E2→E1	10.0	1.0	add3b	foxd5	1	16	0.0021134242868243724	0.0005998473539025051	0.6722338204592901	479	lower conditional utility indicates greater substitution/redundancy
post-hoc experimental-design extension	75p_E2_to_E1	75% epiboly	E2	E2→E1	10.0	1.0	flrt3	add3b	2	1	0.0012013957509805634	0.00027896919319320146	0.6680584551148225	479	lower conditional utility indicates greater substitution/redundancy
post-hoc experimental-design extension	75p_E2_to_E1	75% epiboly	E2	E2→E1	10.0	1.0	flrt3	tfap2a	2	3	0.0010325869290983003	0.00029362759368645186	0.6805845511482255	479	lower conditional utility indicates greater substitution/redundancy
post-hoc experimental-design extension	75p_E2_to_E1	75% epiboly	E2	E2→E1	10.0	1.0	flrt3	znf185	2	4	0.0011748485184002455	0.00026859780753774043	0.6784968684759917	479	lower conditional utility indicates greater substitution/redundancy
post-hoc experimental-design extension	75p_E2_to_E1	75% epiboly	E2	E2→E1	10.0	1.0	flrt3	otx2b	2	5	0.0013549799274111818	0.0004401386296513654	0.697286012526096	479	lower conditional utility indicates greater substitution/redundancy
post-hoc experimental-design extension	75p_E2_to_E1	75% epiboly	E2	E2→E1	10.0	1.0	flrt3	sox32	2	6	0.0018168868788901171	0.0004795845470647597	0.7118997912317327	479	lower conditional utility indicates greater substitution/redundancy
post-hoc experimental-design extension	75p_E2_to_E1	75% epiboly	E2	E2→E1	10.0	1.0	flrt3	bmp4	2	7	0.001169912213255131	0.0003004871604228021	0.6743215031315241	479	lower conditional utility indicates greater substitution/redundancy
post-hoc experimental-design extension	75p_E2_to_E1	75% epiboly	E2	E2→E1	10.0	1.0	flrt3	pcdh10b	2	8	0.0011930695142541303	0.0003233623341039049	0.6993736951983298	479	lower conditional utility indicates greater substitution/redundancy
post-hoc experimental-design extension	75p_E2_to_E1	75% epiboly	E2	E2→E1	10.0	1.0	flrt3	lmo4a	2	9	0.0011344488288362875	0.00028461207158031465	0.6743215031315241	479	lower conditional utility indicates greater substitution/redundancy
post-hoc experimental-design extension	75p_E2_to_E1	75% epiboly	E2	E2→E1	10.0	1.0	flrt3	crabp2b	2	10	0.0011426378993177333	0.0002842819357204984	0.6659707724425887	479	lower conditional utility indicates greater substitution/redundancy
post-hoc experimental-design extension	75p_E2_to_E1	75% epiboly	E2	E2→E1	10.0	1.0	flrt3	rrbp1b	2	11	0.001281120184632778	0.0003427978762999273	0.7077244258872651	479	lower conditional utility indicates greater substitution/redundancy
post-hoc experimental-design extension	75p_E2_to_E1	75% epiboly	E2	E2→E1	10.0	1.0	flrt3	six4a	2	12	0.0012099157187774184	0.00033520079106671985	0.7056367432150313	479	lower conditional utility indicates greater substitution/redundancy
post-hoc experimental-design extension	75p_E2_to_E1	75% epiboly	E2	E2→E1	10.0	1.0	flrt3	si:dkey-108k21.14	2	13	0.0011243609453941428	0.0002896789702702268	0.6826722338204593	479	lower conditional utility indicates greater substitution/redundancy
post-hoc experimental-design extension	75p_E2_to_E1	75% epiboly	E2	E2→E1	10.0	1.0	flrt3	zic3	2	14	0.0007576498243585528	0.00023364179144491626	0.651356993736952	479	lower conditional utility indicates greater substitution/redundancy
post-hoc experimental-design extension	75p_E2_to_E1	75% epiboly	E2	E2→E1	10.0	1.0	flrt3	lamb1a	2	15	0.0015682477540216455	0.0004211199091572748	0.7035490605427975	479	lower conditional utility indicates greater substitution/redundancy
post-hoc experimental-design extension	75p_E2_to_E1	75% epiboly	E2	E2→E1	10.0	1.0	flrt3	foxd5	2	16	0.0008950911801425265	0.00025376072790672666	0.6680584551148225	479	lower conditional utility indicates greater substitution/redundancy
post-hoc experimental-design extension	75p_E2_to_E1	75% epiboly	E2	E2→E1	10.0	1.0	tfap2a	add3b	3	1	0.0007901725931472314	0.00012471898769467193	0.5970772442588727	479	lower conditional utility indicates greater substitution/redundancy
post-hoc experimental-design extension	75p_E2_to_E1	75% epiboly	E2	E2→E1	10.0	1.0	tfap2a	flrt3	3	2	0.0007170057445372024	0.000165144820931995	0.6137787056367432	479	lower conditional utility indicates greater substitution/redundancy
post-hoc experimental-design extension	75p_E2_to_E1	75% epiboly	E2	E2→E1	10.0	1.0	tfap2a	znf185	3	4	0.001669322155483266	0.0004050425832298199	0.6826722338204593	479	lower conditional utility indicates greater substitution/redundancy
post-hoc experimental-design extension	75p_E2_to_E1	75% epiboly	E2	E2→E1	10.0	1.0	tfap2a	otx2b	3	5	0.0006263491211385697	0.0001320949512564895	0.6012526096033403	479	lower conditional utility indicates greater substitution/redundancy
post-hoc experimental-design extension	75p_E2_to_E1	75% epiboly	E2	E2→E1	10.0	1.0	tfap2a	sox32	3	6	0.0007018581499855792	0.00016614080952120913	0.6242171189979123	479	lower conditional utility indicates greater substitution/redundancy
post-hoc experimental-design extension	75p_E2_to_E1	75% epiboly	E2	E2→E1	10.0	1.0	tfap2a	bmp4	3	7	0.0006559158625953909	0.00015891152115582452	0.6179540709812108	479	lower conditional utility indicates greater substitution/redundancy
post-hoc experimental-design extension	75p_E2_to_E1	75% epiboly	E2	E2→E1	10.0	1.0	tfap2a	pcdh10b	3	8	0.0008650829034761998	0.00016557954948201448	0.6200417536534447	479	lower conditional utility indicates greater substitution/redundancy
post-hoc experimental-design extension	75p_E2_to_E1	75% epiboly	E2	E2→E1	10.0	1.0	tfap2a	lmo4a	3	9	0.0008483470270215232	0.00017664458826832652	0.6012526096033403	479	lower conditional utility indicates greater substitution/redundancy
post-hoc experimental-design extension	75p_E2_to_E1	75% epiboly	E2	E2→E1	10.0	1.0	tfap2a	crabp2b	3	10	0.0019197072001463367	0.00046846261759150853	0.6534446764091858	479	lower conditional utility indicates greater substitution/redundancy
post-hoc experimental-design extension	75p_E2_to_E1	75% epiboly	E2	E2→E1	10.0	1.0	tfap2a	rrbp1b	3	11	0.0007426704690888242	0.00015031507775770114	0.605427974947808	479	lower conditional utility indicates greater substitution/redundancy
post-hoc experimental-design extension	75p_E2_to_E1	75% epiboly	E2	E2→E1	10.0	1.0	tfap2a	six4a	3	12	0.0013898428005448826	0.00025888231090354097	0.6471816283924844	479	lower conditional utility indicates greater substitution/redundancy
post-hoc experimental-design extension	75p_E2_to_E1	75% epiboly	E2	E2→E1	10.0	1.0	tfap2a	si:dkey-108k21.14	3	13	0.000705359619114998	0.0001563525963159118	0.6075156576200418	479	lower conditional utility indicates greater substitution/redundancy
post-hoc experimental-design extension	75p_E2_to_E1	75% epiboly	E2	E2→E1	10.0	1.0	tfap2a	zic3	3	14	0.0005439932161248051	8.658388468579803e-05	0.5782881002087683	479	lower conditional utility indicates greater substitution/redundancy
post-hoc experimental-design extension	75p_E2_to_E1	75% epiboly	E2	E2→E1	10.0	1.0	tfap2a	lamb1a	3	15	0.0007487644254746684	0.00015864807366253175	0.6116910229645094	479	lower conditional utility indicates greater substitution/redundancy
post-hoc experimental-design extension	75p_E2_to_E1	75% epiboly	E2	E2→E1	10.0	1.0	tfap2a	foxd5	3	16	0.0009997033771241837	0.00027631937741168233	0.605427974947808	479	lower conditional utility indicates greater substitution/redundancy
post-hoc experimental-design extension	75p_E2_to_E1	75% epiboly	E2	E2→E1	10.0	1.0	znf185	add3b	4	1	0.0017735503901183947	0.0003663879797373981	0.6617954070981211	479	lower conditional utility indicates greater substitution/redundancy
post-hoc experimental-design extension	75p_E2_to_E1	75% epiboly	E2	E2→E1	10.0	1.0	znf185	flrt3	4	2	0.0010045266834282363	0.00021738587473468796	0.6346555323590815	479	lower conditional utility indicates greater substitution/redundancy
post-hoc experimental-design extension	75p_E2_to_E1	75% epiboly	E2	E2→E1	10.0	1.0	znf185	tfap2a	4	3	0.0011071857981953537	0.0003517025953891917	0.6534446764091858	479	lower conditional utility indicates greater substitution/redundancy
post-hoc experimental-design extension	75p_E2_to_E1	75% epiboly	E2	E2→E1	10.0	1.0	znf185	otx2b	4	5	0.0009650342704335957	0.00022744614501896132	0.6346555323590815	479	lower conditional utility indicates greater substitution/redundancy
post-hoc experimental-design extension	75p_E2_to_E1	75% epiboly	E2	E2→E1	10.0	1.0	znf185	sox32	4	6	0.001135949626703714	0.00028437279798870785	0.6430062630480167	479	lower conditional utility indicates greater substitution/redundancy
post-hoc experimental-design extension	75p_E2_to_E1	75% epiboly	E2	E2→E1	10.0	1.0	znf185	bmp4	4	7	0.0011313384060626375	0.0003145361424175541	0.6450939457202505	479	lower conditional utility indicates greater substitution/redundancy
post-hoc experimental-design extension	75p_E2_to_E1	75% epiboly	E2	E2→E1	10.0	1.0	znf185	pcdh10b	4	8	0.0009580936395046091	0.00019657691991320503	0.6367432150313153	479	lower conditional utility indicates greater substitution/redundancy
post-hoc experimental-design extension	75p_E2_to_E1	75% epiboly	E2	E2→E1	10.0	1.0	znf185	lmo4a	4	9	0.0010316442239615142	0.00021760402136794532	0.6200417536534447	479	lower conditional utility indicates greater substitution/redundancy
post-hoc experimental-design extension	75p_E2_to_E1	75% epiboly	E2	E2→E1	10.0	1.0	znf185	crabp2b	4	10	0.0015868152154324688	0.0004241543991118646	0.6764091858037579	479	lower conditional utility indicates greater substitution/redundancy
post-hoc experimental-design extension	75p_E2_to_E1	75% epiboly	E2	E2→E1	10.0	1.0	znf185	rrbp1b	4	11	0.0009736915966696291	0.0001915376965055393	0.6263048016701461	479	lower conditional utility indicates greater substitution/redundancy
post-hoc experimental-design extension	75p_E2_to_E1	75% epiboly	E2	E2→E1	10.0	1.0	znf185	six4a	4	12	0.0010640396609282732	0.00023916253326244918	0.6346555323590815	479	lower conditional utility indicates greater substitution/redundancy
post-hoc experimental-design extension	75p_E2_to_E1	75% epiboly	E2	E2→E1	10.0	1.0	znf185	si:dkey-108k21.14	4	13	0.001156444971744719	0.00024880067496324543	0.6409185803757829	479	lower conditional utility indicates greater substitution/redundancy
post-hoc experimental-design extension	75p_E2_to_E1	75% epiboly	E2	E2→E1	10.0	1.0	znf185	zic3	4	14	0.0009555699344619417	0.0001976462657418132	0.6367432150313153	479	lower conditional utility indicates greater substitution/redundancy
post-hoc experimental-design extension	75p_E2_to_E1	75% epiboly	E2	E2→E1	10.0	1.0	znf185	lamb1a	4	15	0.001792705300531272	0.00034268647885493664	0.6659707724425887	479	lower conditional utility indicates greater substitution/redundancy
post-hoc experimental-design extension	75p_E2_to_E1	75% epiboly	E2	E2→E1	10.0	1.0	znf185	foxd5	4	16	0.0010142047664443155	0.00023479948943133655	0.6346555323590815	479	lower conditional utility indicates greater substitution/redundancy
post-hoc experimental-design extension	75p_E2_to_E1	75% epiboly	E2	E2→E1	10.0	1.0	otx2b	add3b	5	1	0.0003692034324366267	3.456131264434337e-05	0.534446764091858	479	lower conditional utility indicates greater substitution/redundancy
post-hoc experimental-design extension	75p_E2_to_E1	75% epiboly	E2	E2→E1	10.0	1.0	otx2b	flrt3	5	2	0.0005183379685184952	0.00012007882234985057	0.5553235908141962	479	lower conditional utility indicates greater substitution/redundancy
post-hoc experimental-design extension	75p_E2_to_E1	75% epiboly	E2	E2→E1	10.0	1.0	otx2b	tfap2a	5	3	8.826467779299296e-05	2.337870404428566e-05	0.5156576200417536	479	lower conditional utility indicates greater substitution/redundancy
post-hoc experimental-design extension	75p_E2_to_E1	75% epiboly	E2	E2→E1	10.0	1.0	otx2b	znf185	5	4	9.227325245803053e-05	2.401588325706694e-06	0.5198329853862212	479	lower conditional utility indicates greater substitution/redundancy
post-hoc experimental-design extension	75p_E2_to_E1	75% epiboly	E2	E2→E1	10.0	1.0	otx2b	sox32	5	6	0.00010235666306745994	9.204017003161535e-06	0.5177453027139874	479	lower conditional utility indicates greater substitution/redundancy
post-hoc experimental-design extension	75p_E2_to_E1	75% epiboly	E2	E2→E1	10.0	1.0	otx2b	bmp4	5	7	0.0001607608132634386	4.261792557691546e-05	0.524008350730689	479	lower conditional utility indicates greater substitution/redundancy
post-hoc experimental-design extension	75p_E2_to_E1	75% epiboly	E2	E2→E1	10.0	1.0	otx2b	pcdh10b	5	8	0.0003904888982750876	9.75658955127412e-05	0.5490605427974948	479	lower conditional utility indicates greater substitution/redundancy
post-hoc experimental-design extension	75p_E2_to_E1	75% epiboly	E2	E2→E1	10.0	1.0	otx2b	lmo4a	5	9	0.00031038904787333843	6.017202674002409e-05	0.5386221294363257	479	lower conditional utility indicates greater substitution/redundancy
post-hoc experimental-design extension	75p_E2_to_E1	75% epiboly	E2	E2→E1	10.0	1.0	otx2b	crabp2b	5	10	0.00040135309508265715	0.00013958478779835248	0.5615866388308977	479	lower conditional utility indicates greater substitution/redundancy
post-hoc experimental-design extension	75p_E2_to_E1	75% epiboly	E2	E2→E1	10.0	1.0	otx2b	rrbp1b	5	11	0.00020606050409877064	1.8452038638483437e-05	0.524008350730689	479	lower conditional utility indicates greater substitution/redundancy
post-hoc experimental-design extension	75p_E2_to_E1	75% epiboly	E2	E2→E1	10.0	1.0	otx2b	six4a	5	12	0.00023508712998127068	5.070574696508512e-05	0.5407098121085595	479	lower conditional utility indicates greater substitution/redundancy
post-hoc experimental-design extension	75p_E2_to_E1	75% epiboly	E2	E2→E1	10.0	1.0	otx2b	si:dkey-108k21.14	5	13	0.0005548416362127495	0.00010773891415366554	0.5407098121085595	479	lower conditional utility indicates greater substitution/redundancy
post-hoc experimental-design extension	75p_E2_to_E1	75% epiboly	E2	E2→E1	10.0	1.0	otx2b	zic3	5	14	0.000376125978449493	6.719162289403613e-05	0.5365344467640919	479	lower conditional utility indicates greater substitution/redundancy
post-hoc experimental-design extension	75p_E2_to_E1	75% epiboly	E2	E2→E1	10.0	1.0	otx2b	lamb1a	5	15	0.00010796605577884089	1.3297009264223725e-05	0.5135699373695198	479	lower conditional utility indicates greater substitution/redundancy
post-hoc experimental-design extension	75p_E2_to_E1	75% epiboly	E2	E2→E1	10.0	1.0	otx2b	foxd5	5	16	0.00023150229371945996	5.35117702007426e-05	0.5302713987473904	479	lower conditional utility indicates greater substitution/redundancy
post-hoc experimental-design extension	75p_E2_to_E1	75% epiboly	E2	E2→E1	10.0	1.0	sox32	add3b	6	1	0.0009877478987785349	0.0002109858343112836	0.5991649269311065	479	lower conditional utility indicates greater substitution/redundancy
post-hoc experimental-design extension	75p_E2_to_E1	75% epiboly	E2	E2→E1	10.0	1.0	sox32	flrt3	6	2	0.0006161423795738585	0.00016184108247779827	0.5824634655532359	479	lower conditional utility indicates greater substitution/redundancy
post-hoc experimental-design extension	75p_E2_to_E1	75% epiboly	E2	E2→E1	10.0	1.0	sox32	tfap2a	6	3	0.0001674644179233964	4.008649322206903e-06	0.5260960334029228	479	lower conditional utility indicates greater substitution/redundancy
post-hoc experimental-design extension	75p_E2_to_E1	75% epiboly	E2	E2→E1	10.0	1.0	sox32	znf185	6	4	0.0002497967258126843	3.386762806556476e-05	0.534446764091858	479	lower conditional utility indicates greater substitution/redundancy
post-hoc experimental-design extension	75p_E2_to_E1	75% epiboly	E2	E2→E1	10.0	1.0	sox32	otx2b	6	5	0.00015949959520067392	2.203132344283376e-05	0.534446764091858	479	lower conditional utility indicates greater substitution/redundancy
post-hoc experimental-design extension	75p_E2_to_E1	75% epiboly	E2	E2→E1	10.0	1.0	sox32	bmp4	6	7	0.00019924136892188193	2.9353147998623097e-05	0.5323590814196242	479	lower conditional utility indicates greater substitution/redundancy
post-hoc experimental-design extension	75p_E2_to_E1	75% epiboly	E2	E2→E1	10.0	1.0	sox32	pcdh10b	6	8	0.00020926954651068197	1.9684425549698625e-05	0.5281837160751566	479	lower conditional utility indicates greater substitution/redundancy
post-hoc experimental-design extension	75p_E2_to_E1	75% epiboly	E2	E2→E1	10.0	1.0	sox32	lmo4a	6	9	0.00016602528674170003	9.747613332916627e-06	0.5198329853862212	479	lower conditional utility indicates greater substitution/redundancy
post-hoc experimental-design extension	75p_E2_to_E1	75% epiboly	E2	E2→E1	10.0	1.0	sox32	crabp2b	6	10	0.00020681923548038217	1.3060660549346625e-05	0.5302713987473904	479	lower conditional utility indicates greater substitution/redundancy
post-hoc experimental-design extension	75p_E2_to_E1	75% epiboly	E2	E2→E1	10.0	1.0	sox32	rrbp1b	6	11	0.000661220400215462	0.00013746020653937485	0.569937369519833	479	lower conditional utility indicates greater substitution/redundancy
post-hoc experimental-design extension	75p_E2_to_E1	75% epiboly	E2	E2→E1	10.0	1.0	sox32	six4a	6	12	0.00016149037285173584	5.231802362781757e-06	0.5177453027139874	479	lower conditional utility indicates greater substitution/redundancy
post-hoc experimental-design extension	75p_E2_to_E1	75% epiboly	E2	E2→E1	10.0	1.0	sox32	si:dkey-108k21.14	6	13	0.0003428078063771878	5.340360124300725e-05	0.5448851774530271	479	lower conditional utility indicates greater substitution/redundancy
post-hoc experimental-design extension	75p_E2_to_E1	75% epiboly	E2	E2→E1	10.0	1.0	sox32	zic3	6	14	0.000193957100235842	2.6891711474963387e-05	0.534446764091858	479	lower conditional utility indicates greater substitution/redundancy
post-hoc experimental-design extension	75p_E2_to_E1	75% epiboly	E2	E2→E1	10.0	1.0	sox32	lamb1a	6	15	0.0002925604906796053	2.980534483509878e-05	0.5302713987473904	479	lower conditional utility indicates greater substitution/redundancy
post-hoc experimental-design extension	75p_E2_to_E1	75% epiboly	E2	E2→E1	10.0	1.0	sox32	foxd5	6	16	0.00018640841766282001	2.641309309264761e-05	0.534446764091858	479	lower conditional utility indicates greater substitution/redundancy
post-hoc experimental-design extension	75p_E2_to_E1	75% epiboly	E2	E2→E1	10.0	1.0	bmp4	add3b	7	1	0.0008308211565224155	0.0001844314982354378	0.6346555323590815	479	lower conditional utility indicates greater substitution/redundancy
post-hoc experimental-design extension	75p_E2_to_E1	75% epiboly	E2	E2→E1	10.0	1.0	bmp4	flrt3	7	2	0.00029518987838084154	6.652824137459712e-05	0.5887265135699373	479	lower conditional utility indicates greater substitution/redundancy
post-hoc experimental-design extension	75p_E2_to_E1	75% epiboly	E2	E2→E1	10.0	1.0	bmp4	tfap2a	7	3	0.0003078485519828478	6.632329654793212e-05	0.5762004175365344	479	lower conditional utility indicates greater substitution/redundancy
post-hoc experimental-design extension	75p_E2_to_E1	75% epiboly	E2	E2→E1	10.0	1.0	bmp4	znf185	7	4	0.0004350849495645126	9.179389602437249e-05	0.5949895615866388	479	lower conditional utility indicates greater substitution/redundancy
post-hoc experimental-design extension	75p_E2_to_E1	75% epiboly	E2	E2→E1	10.0	1.0	bmp4	otx2b	7	5	0.0003936582795942556	5.5933141067499026e-05	0.5762004175365344	479	lower conditional utility indicates greater substitution/redundancy
post-hoc experimental-design extension	75p_E2_to_E1	75% epiboly	E2	E2→E1	10.0	1.0	bmp4	sox32	7	6	0.00024959467477986275	5.160285930971842e-05	0.5803757828810021	479	lower conditional utility indicates greater substitution/redundancy
post-hoc experimental-design extension	75p_E2_to_E1	75% epiboly	E2	E2→E1	10.0	1.0	bmp4	pcdh10b	7	8	0.00028204563976186314	5.797960168174576e-05	0.5866388308977035	479	lower conditional utility indicates greater substitution/redundancy
post-hoc experimental-design extension	75p_E2_to_E1	75% epiboly	E2	E2→E1	10.0	1.0	bmp4	lmo4a	7	9	0.0003470116438064469	7.165075520783326e-05	0.6075156576200418	479	lower conditional utility indicates greater substitution/redundancy
post-hoc experimental-design extension	75p_E2_to_E1	75% epiboly	E2	E2→E1	10.0	1.0	bmp4	crabp2b	7	10	0.0003879564603596064	6.828868331135163e-05	0.5908141962421712	479	lower conditional utility indicates greater substitution/redundancy
post-hoc experimental-design extension	75p_E2_to_E1	75% epiboly	E2	E2→E1	10.0	1.0	bmp4	rrbp1b	7	11	0.00023059191805385737	4.855301929684863e-05	0.5845511482254697	479	lower conditional utility indicates greater substitution/redundancy
post-hoc experimental-design extension	75p_E2_to_E1	75% epiboly	E2	E2→E1	10.0	1.0	bmp4	six4a	7	12	0.00030080190852344035	5.2076147372182024e-05	0.5908141962421712	479	lower conditional utility indicates greater substitution/redundancy
post-hoc experimental-design extension	75p_E2_to_E1	75% epiboly	E2	E2→E1	10.0	1.0	bmp4	si:dkey-108k21.14	7	13	0.0002995939689373617	7.163831376150176e-05	0.5949895615866388	479	lower conditional utility indicates greater substitution/redundancy
post-hoc experimental-design extension	75p_E2_to_E1	75% epiboly	E2	E2→E1	10.0	1.0	bmp4	zic3	7	14	0.0004609414971300796	7.636009387518294e-05	0.5866388308977035	479	lower conditional utility indicates greater substitution/redundancy
post-hoc experimental-design extension	75p_E2_to_E1	75% epiboly	E2	E2→E1	10.0	1.0	bmp4	lamb1a	7	15	0.000494321146292831	9.843308911861026e-05	0.615866388308977	479	lower conditional utility indicates greater substitution/redundancy
post-hoc experimental-design extension	75p_E2_to_E1	75% epiboly	E2	E2→E1	10.0	1.0	bmp4	foxd5	7	16	0.00031351884658063767	7.858524611425999e-05	0.5908141962421712	479	lower conditional utility indicates greater substitution/redundancy
post-hoc experimental-design extension	75p_E2_to_E1	75% epiboly	E2	E2→E1	10.0	1.0	pcdh10b	add3b	8	1	0.00021474076245697749	3.1363129266548384e-05	0.5407098121085595	479	lower conditional utility indicates greater substitution/redundancy
post-hoc experimental-design extension	75p_E2_to_E1	75% epiboly	E2	E2→E1	10.0	1.0	pcdh10b	flrt3	8	2	0.0003418146372799469	6.295851047544154e-05	0.5720250521920668	479	lower conditional utility indicates greater substitution/redundancy
post-hoc experimental-design extension	75p_E2_to_E1	75% epiboly	E2	E2→E1	10.0	1.0	pcdh10b	tfap2a	8	3	0.0003929073422575535	6.878471674193198e-05	0.5803757828810021	479	lower conditional utility indicates greater substitution/redundancy
post-hoc experimental-design extension	75p_E2_to_E1	75% epiboly	E2	E2→E1	10.0	1.0	pcdh10b	znf185	8	4	0.0002828537767305406	7.060570552980261e-05	0.5678496868475992	479	lower conditional utility indicates greater substitution/redundancy
post-hoc experimental-design extension	75p_E2_to_E1	75% epiboly	E2	E2→E1	10.0	1.0	pcdh10b	otx2b	8	5	0.00029578315650835574	3.983692411788087e-05	0.5636743215031316	479	lower conditional utility indicates greater substitution/redundancy
post-hoc experimental-design extension	75p_E2_to_E1	75% epiboly	E2	E2→E1	10.0	1.0	pcdh10b	sox32	8	6	0.0003116361606703144	5.877363335010655e-05	0.55741127348643	479	lower conditional utility indicates greater substitution/redundancy
post-hoc experimental-design extension	75p_E2_to_E1	75% epiboly	E2	E2→E1	10.0	1.0	pcdh10b	bmp4	8	7	0.00020184426390146282	4.916419702111208e-05	0.5490605427974948	479	lower conditional utility indicates greater substitution/redundancy
post-hoc experimental-design extension	75p_E2_to_E1	75% epiboly	E2	E2→E1	10.0	1.0	pcdh10b	lmo4a	8	9	0.0002668017045985849	5.8802956237197224e-05	0.5615866388308977	479	lower conditional utility indicates greater substitution/redundancy
post-hoc experimental-design extension	75p_E2_to_E1	75% epiboly	E2	E2→E1	10.0	1.0	pcdh10b	crabp2b	8	10	0.00038151651718321133	7.053846582205647e-05	0.5741127348643006	479	lower conditional utility indicates greater substitution/redundancy
post-hoc experimental-design extension	75p_E2_to_E1	75% epiboly	E2	E2→E1	10.0	1.0	pcdh10b	rrbp1b	8	11	0.00020147903774631049	3.4607040335532524e-05	0.5448851774530271	479	lower conditional utility indicates greater substitution/redundancy
post-hoc experimental-design extension	75p_E2_to_E1	75% epiboly	E2	E2→E1	10.0	1.0	pcdh10b	six4a	8	12	0.0007638360083641604	0.00012662280633896073	0.5803757828810021	479	lower conditional utility indicates greater substitution/redundancy
post-hoc experimental-design extension	75p_E2_to_E1	75% epiboly	E2	E2→E1	10.0	1.0	pcdh10b	si:dkey-108k21.14	8	13	0.0005308366627688743	0.000107239445395646	0.5803757828810021	479	lower conditional utility indicates greater substitution/redundancy
post-hoc experimental-design extension	75p_E2_to_E1	75% epiboly	E2	E2→E1	10.0	1.0	pcdh10b	zic3	8	14	0.0002884398442741798	5.871233117843433e-05	0.5594989561586639	479	lower conditional utility indicates greater substitution/redundancy
post-hoc experimental-design extension	75p_E2_to_E1	75% epiboly	E2	E2→E1	10.0	1.0	pcdh10b	lamb1a	8	15	0.00023602181994536453	3.1286318714796035e-05	0.5532359081419624	479	lower conditional utility indicates greater substitution/redundancy
post-hoc experimental-design extension	75p_E2_to_E1	75% epiboly	E2	E2→E1	10.0	1.0	pcdh10b	foxd5	8	16	0.0005119884963166177	9.77344183820672e-05	0.5657620041753654	479	lower conditional utility indicates greater substitution/redundancy
post-hoc experimental-design extension	75p_E2_to_E1	75% epiboly	E2	E2→E1	10.0	1.0	lmo4a	add3b	9	1	-0.0002729082084735879	-0.00010892258833161694	0.4509394572025052	479	lower conditional utility indicates greater substitution/redundancy
post-hoc experimental-design extension	75p_E2_to_E1	75% epiboly	E2	E2→E1	10.0	1.0	lmo4a	flrt3	9	2	-6.241762872116752e-05	-5.180728718884309e-05	0.48643006263048016	479	lower conditional utility indicates greater substitution/redundancy
post-hoc experimental-design extension	75p_E2_to_E1	75% epiboly	E2	E2→E1	10.0	1.0	lmo4a	tfap2a	9	3	-9.77892624124399e-05	-7.25674540656418e-05	0.4780793319415449	479	lower conditional utility indicates greater substitution/redundancy
post-hoc experimental-design extension	75p_E2_to_E1	75% epiboly	E2	E2→E1	10.0	1.0	lmo4a	znf185	9	4	-4.060764741242728e-06	-4.1245354439500836e-05	0.4989561586638831	479	lower conditional utility indicates greater substitution/redundancy
post-hoc experimental-design extension	75p_E2_to_E1	75% epiboly	E2	E2→E1	10.0	1.0	lmo4a	otx2b	9	5	-0.00023218173873507109	-9.931672137114544e-05	0.4384133611691023	479	lower conditional utility indicates greater substitution/redundancy
post-hoc experimental-design extension	75p_E2_to_E1	75% epiboly	E2	E2→E1	10.0	1.0	lmo4a	sox32	9	6	9.830429002710694e-06	-3.578225107153665e-05	0.5010438413361169	479	lower conditional utility indicates greater substitution/redundancy
post-hoc experimental-design extension	75p_E2_to_E1	75% epiboly	E2	E2→E1	10.0	1.0	lmo4a	bmp4	9	7	-6.31653589588943e-05	-3.867630894288654e-05	0.4906054279749478	479	lower conditional utility indicates greater substitution/redundancy
post-hoc experimental-design extension	75p_E2_to_E1	75% epiboly	E2	E2→E1	10.0	1.0	lmo4a	pcdh10b	9	8	-9.986475996248689e-05	-6.133775554301168e-05	0.4822546972860125	479	lower conditional utility indicates greater substitution/redundancy
post-hoc experimental-design extension	75p_E2_to_E1	75% epiboly	E2	E2→E1	10.0	1.0	lmo4a	crabp2b	9	10	-7.738350835095886e-05	-4.189717386693381e-05	0.49269311064718163	479	lower conditional utility indicates greater substitution/redundancy
post-hoc experimental-design extension	75p_E2_to_E1	75% epiboly	E2	E2→E1	10.0	1.0	lmo4a	rrbp1b	9	11	-0.00012046505381690942	-9.666750421472026e-05	0.4718162839248434	479	lower conditional utility indicates greater substitution/redundancy
post-hoc experimental-design extension	75p_E2_to_E1	75% epiboly	E2	E2→E1	10.0	1.0	lmo4a	six4a	9	12	-6.851756881232074e-05	-5.528400552406998e-05	0.49269311064718163	479	lower conditional utility indicates greater substitution/redundancy
post-hoc experimental-design extension	75p_E2_to_E1	75% epiboly	E2	E2→E1	10.0	1.0	lmo4a	si:dkey-108k21.14	9	13	3.270057038851082e-05	-1.1510219610877392e-05	0.5073068893528184	479	lower conditional utility indicates greater substitution/redundancy
post-hoc experimental-design extension	75p_E2_to_E1	75% epiboly	E2	E2→E1	10.0	1.0	lmo4a	zic3	9	14	-3.319988300942711e-07	-2.1624823806132287e-05	0.4989561586638831	479	lower conditional utility indicates greater substitution/redundancy
post-hoc experimental-design extension	75p_E2_to_E1	75% epiboly	E2	E2→E1	10.0	1.0	lmo4a	lamb1a	9	15	-4.464100454182329e-06	-1.5489661182865877e-05	0.4989561586638831	479	lower conditional utility indicates greater substitution/redundancy
post-hoc experimental-design extension	75p_E2_to_E1	75% epiboly	E2	E2→E1	10.0	1.0	lmo4a	foxd5	9	16	0.0004013347275089729	4.525334721799945e-05	0.5511482254697286	479	lower conditional utility indicates greater substitution/redundancy
post-hoc experimental-design extension	75p_E2_to_E1	75% epiboly	E2	E2→E1	10.0	1.0	crabp2b	add3b	10	1	0.003050246112965782	0.0009255370411737629	0.7181628392484343	479	lower conditional utility indicates greater substitution/redundancy
post-hoc experimental-design extension	75p_E2_to_E1	75% epiboly	E2	E2→E1	10.0	1.0	crabp2b	flrt3	10	2	0.001997425685970333	0.0005567123070742697	0.6597077244258872	479	lower conditional utility indicates greater substitution/redundancy
post-hoc experimental-design extension	75p_E2_to_E1	75% epiboly	E2	E2→E1	10.0	1.0	crabp2b	tfap2a	10	3	0.0026508255097345557	0.0006592378101002994	0.6555323590814196	479	lower conditional utility indicates greater substitution/redundancy
post-hoc experimental-design extension	75p_E2_to_E1	75% epiboly	E2	E2→E1	10.0	1.0	crabp2b	znf185	10	4	0.0023790162215021615	0.0006905587998142781	0.6826722338204593	479	lower conditional utility indicates greater substitution/redundancy
post-hoc experimental-design extension	75p_E2_to_E1	75% epiboly	E2	E2→E1	10.0	1.0	crabp2b	otx2b	10	5	0.0020356061407059423	0.0005677663204274874	0.6597077244258872	479	lower conditional utility indicates greater substitution/redundancy
post-hoc experimental-design extension	75p_E2_to_E1	75% epiboly	E2	E2→E1	10.0	1.0	crabp2b	sox32	10	6	0.0016689393170807865	0.0004451123526493239	0.6430062630480167	479	lower conditional utility indicates greater substitution/redundancy
post-hoc experimental-design extension	75p_E2_to_E1	75% epiboly	E2	E2→E1	10.0	1.0	crabp2b	bmp4	10	7	0.0016726536253471869	0.0004893645208979835	0.6534446764091858	479	lower conditional utility indicates greater substitution/redundancy
post-hoc experimental-design extension	75p_E2_to_E1	75% epiboly	E2	E2→E1	10.0	1.0	crabp2b	pcdh10b	10	8	0.0017964298699193193	0.0004393370210883929	0.651356993736952	479	lower conditional utility indicates greater substitution/redundancy
post-hoc experimental-design extension	75p_E2_to_E1	75% epiboly	E2	E2→E1	10.0	1.0	crabp2b	lmo4a	10	9	0.0016521895442175305	0.0005109387618166261	0.6492693110647182	479	lower conditional utility indicates greater substitution/redundancy
post-hoc experimental-design extension	75p_E2_to_E1	75% epiboly	E2	E2→E1	10.0	1.0	crabp2b	rrbp1b	10	11	0.0019280883355532463	0.000511033510665504	0.6576200417536534	479	lower conditional utility indicates greater substitution/redundancy
post-hoc experimental-design extension	75p_E2_to_E1	75% epiboly	E2	E2→E1	10.0	1.0	crabp2b	six4a	10	12	0.001631351048956009	0.00045089106409129664	0.6409185803757829	479	lower conditional utility indicates greater substitution/redundancy
post-hoc experimental-design extension	75p_E2_to_E1	75% epiboly	E2	E2→E1	10.0	1.0	crabp2b	si:dkey-108k21.14	10	13	0.0019253910011807762	0.0005476034445482392	0.6430062630480167	479	lower conditional utility indicates greater substitution/redundancy
post-hoc experimental-design extension	75p_E2_to_E1	75% epiboly	E2	E2→E1	10.0	1.0	crabp2b	zic3	10	14	0.002257076097262223	0.0006245991523980421	0.651356993736952	479	lower conditional utility indicates greater substitution/redundancy
post-hoc experimental-design extension	75p_E2_to_E1	75% epiboly	E2	E2→E1	10.0	1.0	crabp2b	lamb1a	10	15	0.001636377855831317	0.0004806001934821169	0.6471816283924844	479	lower conditional utility indicates greater substitution/redundancy
post-hoc experimental-design extension	75p_E2_to_E1	75% epiboly	E2	E2→E1	10.0	1.0	crabp2b	foxd5	10	16	0.0015301917321945413	0.0004050164750114271	0.6430062630480167	479	lower conditional utility indicates greater substitution/redundancy
post-hoc experimental-design extension	75p_E2_to_E1	75% epiboly	E2	E2→E1	10.0	1.0	rrbp1b	add3b	11	1	0.002289162257579233	0.00043234253245988397	0.6638830897703549	479	lower conditional utility indicates greater substitution/redundancy
post-hoc experimental-design extension	75p_E2_to_E1	75% epiboly	E2	E2→E1	10.0	1.0	rrbp1b	flrt3	11	2	0.002066378408726366	0.0005360231787092107	0.6722338204592901	479	lower conditional utility indicates greater substitution/redundancy
post-hoc experimental-design extension	75p_E2_to_E1	75% epiboly	E2	E2→E1	10.0	1.0	rrbp1b	tfap2a	11	3	0.001913046180150868	0.00048012367066641026	0.6555323590814196	479	lower conditional utility indicates greater substitution/redundancy
post-hoc experimental-design extension	75p_E2_to_E1	75% epiboly	E2	E2→E1	10.0	1.0	rrbp1b	znf185	11	4	0.0018306647743120408	0.000393065108121593	0.6534446764091858	479	lower conditional utility indicates greater substitution/redundancy
post-hoc experimental-design extension	75p_E2_to_E1	75% epiboly	E2	E2→E1	10.0	1.0	rrbp1b	otx2b	11	5	0.0019840340564935	0.0004703299403160388	0.6597077244258872	479	lower conditional utility indicates greater substitution/redundancy
post-hoc experimental-design extension	75p_E2_to_E1	75% epiboly	E2	E2→E1	10.0	1.0	rrbp1b	sox32	11	6	0.002560698553149443	0.0005833739192431242	0.6910229645093946	479	lower conditional utility indicates greater substitution/redundancy
post-hoc experimental-design extension	75p_E2_to_E1	75% epiboly	E2	E2→E1	10.0	1.0	rrbp1b	bmp4	11	7	0.0018244320789766177	0.0004707227787863061	0.6430062630480167	479	lower conditional utility indicates greater substitution/redundancy
post-hoc experimental-design extension	75p_E2_to_E1	75% epiboly	E2	E2→E1	10.0	1.0	rrbp1b	pcdh10b	11	8	0.0017439565731965923	0.0004205170350555232	0.6534446764091858	479	lower conditional utility indicates greater substitution/redundancy
post-hoc experimental-design extension	75p_E2_to_E1	75% epiboly	E2	E2→E1	10.0	1.0	rrbp1b	lmo4a	11	9	0.001694642345047126	0.0004254425384946914	0.6367432150313153	479	lower conditional utility indicates greater substitution/redundancy
post-hoc experimental-design extension	75p_E2_to_E1	75% epiboly	E2	E2→E1	10.0	1.0	rrbp1b	crabp2b	11	10	0.002197224487933136	0.0005118669650727714	0.6638830897703549	479	lower conditional utility indicates greater substitution/redundancy
post-hoc experimental-design extension	75p_E2_to_E1	75% epiboly	E2	E2→E1	10.0	1.0	rrbp1b	six4a	11	12	0.0022194232304155737	0.0005856407188035706	0.6659707724425887	479	lower conditional utility indicates greater substitution/redundancy
post-hoc experimental-design extension	75p_E2_to_E1	75% epiboly	E2	E2→E1	10.0	1.0	rrbp1b	si:dkey-108k21.14	11	13	0.0022718057353650623	0.0005761921072841569	0.6638830897703549	479	lower conditional utility indicates greater substitution/redundancy
post-hoc experimental-design extension	75p_E2_to_E1	75% epiboly	E2	E2→E1	10.0	1.0	rrbp1b	zic3	11	14	0.002023415924981453	0.0005209626026175251	0.6534446764091858	479	lower conditional utility indicates greater substitution/redundancy
post-hoc experimental-design extension	75p_E2_to_E1	75% epiboly	E2	E2→E1	10.0	1.0	rrbp1b	lamb1a	11	15	0.002514345793787953	0.0006340538442204391	0.6826722338204593	479	lower conditional utility indicates greater substitution/redundancy
post-hoc experimental-design extension	75p_E2_to_E1	75% epiboly	E2	E2→E1	10.0	1.0	rrbp1b	foxd5	11	16	0.0018748144484346252	0.00043033061975357445	0.6638830897703549	479	lower conditional utility indicates greater substitution/redundancy
post-hoc experimental-design extension	75p_E2_to_E1	75% epiboly	E2	E2→E1	10.0	1.0	six4a	add3b	12	1	0.00046358188351636187	0.0001058327395095926	0.6012526096033403	479	lower conditional utility indicates greater substitution/redundancy
post-hoc experimental-design extension	75p_E2_to_E1	75% epiboly	E2	E2→E1	10.0	1.0	six4a	flrt3	12	2	0.0007205472808813895	0.00014497270420671393	0.6012526096033403	479	lower conditional utility indicates greater substitution/redundancy
post-hoc experimental-design extension	75p_E2_to_E1	75% epiboly	E2	E2→E1	10.0	1.0	six4a	tfap2a	12	3	0.0007058360228819338	0.0002204675806762313	0.5970772442588727	479	lower conditional utility indicates greater substitution/redundancy
post-hoc experimental-design extension	75p_E2_to_E1	75% epiboly	E2	E2→E1	10.0	1.0	six4a	znf185	12	4	0.0003288823946596131	9.488261914791796e-05	0.5678496868475992	479	lower conditional utility indicates greater substitution/redundancy
post-hoc experimental-design extension	75p_E2_to_E1	75% epiboly	E2	E2→E1	10.0	1.0	six4a	otx2b	12	5	0.0003910532533510369	9.137889052723835e-05	0.5762004175365344	479	lower conditional utility indicates greater substitution/redundancy
post-hoc experimental-design extension	75p_E2_to_E1	75% epiboly	E2	E2→E1	10.0	1.0	six4a	sox32	12	6	0.00038532641855010263	9.140462633883129e-05	0.5762004175365344	479	lower conditional utility indicates greater substitution/redundancy
post-hoc experimental-design extension	75p_E2_to_E1	75% epiboly	E2	E2→E1	10.0	1.0	six4a	bmp4	12	7	0.0004402261794583806	0.00011962277761737306	0.5762004175365344	479	lower conditional utility indicates greater substitution/redundancy
post-hoc experimental-design extension	75p_E2_to_E1	75% epiboly	E2	E2→E1	10.0	1.0	six4a	pcdh10b	12	8	0.0009141888413113364	0.00016531686899506903	0.6012526096033403	479	lower conditional utility indicates greater substitution/redundancy
post-hoc experimental-design extension	75p_E2_to_E1	75% epiboly	E2	E2→E1	10.0	1.0	six4a	lmo4a	12	9	0.00046507122393402156	0.00011483467105061207	0.5866388308977035	479	lower conditional utility indicates greater substitution/redundancy
post-hoc experimental-design extension	75p_E2_to_E1	75% epiboly	E2	E2→E1	10.0	1.0	six4a	crabp2b	12	10	0.0004520904645220758	9.964056080657979e-05	0.5782881002087683	479	lower conditional utility indicates greater substitution/redundancy
post-hoc experimental-design extension	75p_E2_to_E1	75% epiboly	E2	E2→E1	10.0	1.0	six4a	rrbp1b	12	11	0.0004454425684725649	9.690685827262735e-05	0.592901878914405	479	lower conditional utility indicates greater substitution/redundancy
post-hoc experimental-design extension	75p_E2_to_E1	75% epiboly	E2	E2→E1	10.0	1.0	six4a	si:dkey-108k21.14	12	13	0.0004701929782163772	9.837604277884715e-05	0.5866388308977035	479	lower conditional utility indicates greater substitution/redundancy
post-hoc experimental-design extension	75p_E2_to_E1	75% epiboly	E2	E2→E1	10.0	1.0	six4a	zic3	12	14	0.00047400223222937576	0.00010247482605030278	0.5908141962421712	479	lower conditional utility indicates greater substitution/redundancy
post-hoc experimental-design extension	75p_E2_to_E1	75% epiboly	E2	E2→E1	10.0	1.0	six4a	lamb1a	12	15	0.00038672879950141237	9.424033089594497e-05	0.569937369519833	479	lower conditional utility indicates greater substitution/redundancy
post-hoc experimental-design extension	75p_E2_to_E1	75% epiboly	E2	E2→E1	10.0	1.0	six4a	foxd5	12	16	0.00028324780554545015	5.542839244743192e-05	0.5720250521920668	479	lower conditional utility indicates greater substitution/redundancy
post-hoc experimental-design extension	75p_E2_to_E1	75% epiboly	E2	E2→E1	10.0	1.0	si:dkey-108k21.14	add3b	13	1	0.0010713218653427004	0.00030226124749654915	0.6304801670146137	479	lower conditional utility indicates greater substitution/redundancy
post-hoc experimental-design extension	75p_E2_to_E1	75% epiboly	E2	E2→E1	10.0	1.0	si:dkey-108k21.14	flrt3	13	2	0.0008808279944872432	0.00028063949008005906	0.6179540709812108	479	lower conditional utility indicates greater substitution/redundancy
post-hoc experimental-design extension	75p_E2_to_E1	75% epiboly	E2	E2→E1	10.0	1.0	si:dkey-108k21.14	tfap2a	13	3	0.0009368509274921832	0.00029869983253694166	0.615866388308977	479	lower conditional utility indicates greater substitution/redundancy
post-hoc experimental-design extension	75p_E2_to_E1	75% epiboly	E2	E2→E1	10.0	1.0	si:dkey-108k21.14	znf185	13	4	0.0008960965578169722	0.0003026943330707299	0.6263048016701461	479	lower conditional utility indicates greater substitution/redundancy
post-hoc experimental-design extension	75p_E2_to_E1	75% epiboly	E2	E2→E1	10.0	1.0	si:dkey-108k21.14	otx2b	13	5	0.0011637307294959376	0.00035903983815482876	0.6492693110647182	479	lower conditional utility indicates greater substitution/redundancy
post-hoc experimental-design extension	75p_E2_to_E1	75% epiboly	E2	E2→E1	10.0	1.0	si:dkey-108k21.14	sox32	13	6	0.0009314496817920404	0.00030173604828309664	0.6325678496868476	479	lower conditional utility indicates greater substitution/redundancy
post-hoc experimental-design extension	75p_E2_to_E1	75% epiboly	E2	E2→E1	10.0	1.0	si:dkey-108k21.14	bmp4	13	7	0.0008590275727541341	0.0002722138405913399	0.6304801670146137	479	lower conditional utility indicates greater substitution/redundancy
post-hoc experimental-design extension	75p_E2_to_E1	75% epiboly	E2	E2→E1	10.0	1.0	si:dkey-108k21.14	pcdh10b	13	8	0.000986013524575946	0.0002759811938030099	0.6367432150313153	479	lower conditional utility indicates greater substitution/redundancy
post-hoc experimental-design extension	75p_E2_to_E1	75% epiboly	E2	E2→E1	10.0	1.0	si:dkey-108k21.14	lmo4a	13	9	0.000976972435578427	0.00020923802130773383	0.615866388308977	479	lower conditional utility indicates greater substitution/redundancy
post-hoc experimental-design extension	75p_E2_to_E1	75% epiboly	E2	E2→E1	10.0	1.0	si:dkey-108k21.14	crabp2b	13	10	0.001400857395311761	0.00035140458662413776	0.6367432150313153	479	lower conditional utility indicates greater substitution/redundancy
post-hoc experimental-design extension	75p_E2_to_E1	75% epiboly	E2	E2→E1	10.0	1.0	si:dkey-108k21.14	rrbp1b	13	11	0.0009034494513988633	0.0002974561942916121	0.6221294363256785	479	lower conditional utility indicates greater substitution/redundancy
post-hoc experimental-design extension	75p_E2_to_E1	75% epiboly	E2	E2→E1	10.0	1.0	si:dkey-108k21.14	six4a	13	12	0.0009063379722643594	0.0002551692697253527	0.6283924843423799	479	lower conditional utility indicates greater substitution/redundancy
post-hoc experimental-design extension	75p_E2_to_E1	75% epiboly	E2	E2→E1	10.0	1.0	si:dkey-108k21.14	zic3	13	14	0.000784501989833597	0.0002711311549563611	0.6137787056367432	479	lower conditional utility indicates greater substitution/redundancy
post-hoc experimental-design extension	75p_E2_to_E1	75% epiboly	E2	E2→E1	10.0	1.0	si:dkey-108k21.14	lamb1a	13	15	0.0008554699024204693	0.0002751106051737118	0.6263048016701461	479	lower conditional utility indicates greater substitution/redundancy
post-hoc experimental-design extension	75p_E2_to_E1	75% epiboly	E2	E2→E1	10.0	1.0	si:dkey-108k21.14	foxd5	13	16	0.0008173597685791623	0.0002683368496412819	0.6200417536534447	479	lower conditional utility indicates greater substitution/redundancy
post-hoc experimental-design extension	75p_E2_to_E1	75% epiboly	E2	E2→E1	10.0	1.0	zic3	add3b	14	1	0.0010107169413973438	0.0002372139417575192	0.5991649269311065	479	lower conditional utility indicates greater substitution/redundancy
post-hoc experimental-design extension	75p_E2_to_E1	75% epiboly	E2	E2→E1	10.0	1.0	zic3	flrt3	14	2	0.0007005627609076859	0.000229205294004442	0.6033402922755741	479	lower conditional utility indicates greater substitution/redundancy
post-hoc experimental-design extension	75p_E2_to_E1	75% epiboly	E2	E2→E1	10.0	1.0	zic3	tfap2a	14	3	0.0005675092730812459	0.00012654251489890855	0.5782881002087683	479	lower conditional utility indicates greater substitution/redundancy
post-hoc experimental-design extension	75p_E2_to_E1	75% epiboly	E2	E2→E1	10.0	1.0	zic3	znf185	14	4	0.0009415421373283328	0.00020262656603575735	0.5970772442588727	479	lower conditional utility indicates greater substitution/redundancy
post-hoc experimental-design extension	75p_E2_to_E1	75% epiboly	E2	E2→E1	10.0	1.0	zic3	otx2b	14	5	0.0009233516287050492	0.00031348641232814556	0.6283924843423799	479	lower conditional utility indicates greater substitution/redundancy
post-hoc experimental-design extension	75p_E2_to_E1	75% epiboly	E2	E2→E1	10.0	1.0	zic3	sox32	14	6	0.0008013371764572508	0.00023068877769416574	0.6033402922755741	479	lower conditional utility indicates greater substitution/redundancy
post-hoc experimental-design extension	75p_E2_to_E1	75% epiboly	E2	E2→E1	10.0	1.0	zic3	bmp4	14	7	0.0009054147357688835	0.00033566799244327816	0.5845511482254697	479	lower conditional utility indicates greater substitution/redundancy
post-hoc experimental-design extension	75p_E2_to_E1	75% epiboly	E2	E2→E1	10.0	1.0	zic3	pcdh10b	14	8	0.0007852546124715865	0.00020399529878417644	0.6075156576200418	479	lower conditional utility indicates greater substitution/redundancy
post-hoc experimental-design extension	75p_E2_to_E1	75% epiboly	E2	E2→E1	10.0	1.0	zic3	lmo4a	14	9	0.0008278862603716686	0.00030747676734427243	0.6221294363256785	479	lower conditional utility indicates greater substitution/redundancy
post-hoc experimental-design extension	75p_E2_to_E1	75% epiboly	E2	E2→E1	10.0	1.0	zic3	crabp2b	14	10	0.0013609634753140032	0.0003523534770711323	0.6409185803757829	479	lower conditional utility indicates greater substitution/redundancy
post-hoc experimental-design extension	75p_E2_to_E1	75% epiboly	E2	E2→E1	10.0	1.0	zic3	rrbp1b	14	11	0.0008948918701000563	0.0002487921735968568	0.6116910229645094	479	lower conditional utility indicates greater substitution/redundancy
post-hoc experimental-design extension	75p_E2_to_E1	75% epiboly	E2	E2→E1	10.0	1.0	zic3	six4a	14	12	0.0008185019832554485	0.0002370059254676593	0.6075156576200418	479	lower conditional utility indicates greater substitution/redundancy
post-hoc experimental-design extension	75p_E2_to_E1	75% epiboly	E2	E2→E1	10.0	1.0	zic3	si:dkey-108k21.14	14	13	0.0006969770423981836	0.0001796329933470009	0.5970772442588727	479	lower conditional utility indicates greater substitution/redundancy
post-hoc experimental-design extension	75p_E2_to_E1	75% epiboly	E2	E2→E1	10.0	1.0	zic3	lamb1a	14	15	0.0006186062635192835	0.0001697129055659996	0.5949895615866388	479	lower conditional utility indicates greater substitution/redundancy
post-hoc experimental-design extension	75p_E2_to_E1	75% epiboly	E2	E2→E1	10.0	1.0	zic3	foxd5	14	16	0.0007138069341231512	0.00021392729566999114	0.5970772442588727	479	lower conditional utility indicates greater substitution/redundancy
post-hoc experimental-design extension	75p_E2_to_E1	75% epiboly	E2	E2→E1	10.0	1.0	lamb1a	add3b	15	1	0.0031944366698090088	0.0007337035075146714	0.7390396659707724	479	lower conditional utility indicates greater substitution/redundancy
post-hoc experimental-design extension	75p_E2_to_E1	75% epiboly	E2	E2→E1	10.0	1.0	lamb1a	flrt3	15	2	0.002111339988400074	0.0005622286466653303	0.732776617954071	479	lower conditional utility indicates greater substitution/redundancy
post-hoc experimental-design extension	75p_E2_to_E1	75% epiboly	E2	E2→E1	10.0	1.0	lamb1a	tfap2a	15	3	0.0016499249241696545	0.0003545231186355413	0.7139874739039666	479	lower conditional utility indicates greater substitution/redundancy
post-hoc experimental-design extension	75p_E2_to_E1	75% epiboly	E2	E2→E1	10.0	1.0	lamb1a	znf185	15	4	0.0023131625503551925	0.000609501880248442	0.7494780793319415	479	lower conditional utility indicates greater substitution/redundancy
post-hoc experimental-design extension	75p_E2_to_E1	75% epiboly	E2	E2→E1	10.0	1.0	lamb1a	otx2b	15	5	0.0015011365594115311	0.0003736741284361689	0.7098121085594989	479	lower conditional utility indicates greater substitution/redundancy
post-hoc experimental-design extension	75p_E2_to_E1	75% epiboly	E2	E2→E1	10.0	1.0	lamb1a	sox32	15	6	0.0017881660257803578	0.00043915685748063815	0.7139874739039666	479	lower conditional utility indicates greater substitution/redundancy
post-hoc experimental-design extension	75p_E2_to_E1	75% epiboly	E2	E2→E1	10.0	1.0	lamb1a	bmp4	15	7	0.0017896722049992597	0.00042829857995879683	0.7411273486430062	479	lower conditional utility indicates greater substitution/redundancy
post-hoc experimental-design extension	75p_E2_to_E1	75% epiboly	E2	E2→E1	10.0	1.0	lamb1a	pcdh10b	15	8	0.001628048776813218	0.00043890638851862285	0.7265135699373695	479	lower conditional utility indicates greater substitution/redundancy
post-hoc experimental-design extension	75p_E2_to_E1	75% epiboly	E2	E2→E1	10.0	1.0	lamb1a	lmo4a	15	9	0.0017388205182381489	0.0004674246118512859	0.7369519832985386	479	lower conditional utility indicates greater substitution/redundancy
post-hoc experimental-design extension	75p_E2_to_E1	75% epiboly	E2	E2→E1	10.0	1.0	lamb1a	crabp2b	15	10	0.0015371513946654813	0.0004100492542470635	0.732776617954071	479	lower conditional utility indicates greater substitution/redundancy
post-hoc experimental-design extension	75p_E2_to_E1	75% epiboly	E2	E2→E1	10.0	1.0	lamb1a	rrbp1b	15	11	0.002798942289335693	0.000721894595214323	0.7578288100208769	479	lower conditional utility indicates greater substitution/redundancy
post-hoc experimental-design extension	75p_E2_to_E1	75% epiboly	E2	E2→E1	10.0	1.0	lamb1a	six4a	15	12	0.0015175256640158619	0.000416109885025856	0.7139874739039666	479	lower conditional utility indicates greater substitution/redundancy
post-hoc experimental-design extension	75p_E2_to_E1	75% epiboly	E2	E2→E1	10.0	1.0	lamb1a	si:dkey-108k21.14	15	13	0.0016392675476917945	0.00041731472706008077	0.7390396659707724	479	lower conditional utility indicates greater substitution/redundancy
post-hoc experimental-design extension	75p_E2_to_E1	75% epiboly	E2	E2→E1	10.0	1.0	lamb1a	zic3	15	14	0.0013669844807055742	0.00033315605801759185	0.7139874739039666	479	lower conditional utility indicates greater substitution/redundancy
post-hoc experimental-design extension	75p_E2_to_E1	75% epiboly	E2	E2→E1	10.0	1.0	lamb1a	foxd5	15	16	0.0015270946259533513	0.0003877162987532823	0.732776617954071	479	lower conditional utility indicates greater substitution/redundancy
post-hoc experimental-design extension	75p_E2_to_E1	75% epiboly	E2	E2→E1	10.0	1.0	foxd5	add3b	16	1	0.0003405958056148517	4.818694690494896e-05	0.5407098121085595	479	lower conditional utility indicates greater substitution/redundancy
post-hoc experimental-design extension	75p_E2_to_E1	75% epiboly	E2	E2→E1	10.0	1.0	foxd5	flrt3	16	2	-4.684367605284345e-06	-3.186501538982034e-05	0.4989561586638831	479	lower conditional utility indicates greater substitution/redundancy
post-hoc experimental-design extension	75p_E2_to_E1	75% epiboly	E2	E2→E1	10.0	1.0	foxd5	tfap2a	16	3	-0.00010990101950514308	-5.8745404329041406e-05	0.48643006263048016	479	lower conditional utility indicates greater substitution/redundancy
post-hoc experimental-design extension	75p_E2_to_E1	75% epiboly	E2	E2→E1	10.0	1.0	foxd5	znf185	16	4	1.6208686959839902e-05	-5.997119235517934e-05	0.5052192066805845	479	lower conditional utility indicates greater substitution/redundancy
post-hoc experimental-design extension	75p_E2_to_E1	75% epiboly	E2	E2→E1	10.0	1.0	foxd5	otx2b	16	5	3.681943470146276e-05	-4.354325890271182e-05	0.5052192066805845	479	lower conditional utility indicates greater substitution/redundancy
post-hoc experimental-design extension	75p_E2_to_E1	75% epiboly	E2	E2→E1	10.0	1.0	foxd5	sox32	16	6	0.00014969162012967718	-1.2694858482126259e-05	0.5135699373695198	479	lower conditional utility indicates greater substitution/redundancy
post-hoc experimental-design extension	75p_E2_to_E1	75% epiboly	E2	E2→E1	10.0	1.0	foxd5	bmp4	16	7	0.0001159026207835645	-6.683814157693035e-08	0.5135699373695198	479	lower conditional utility indicates greater substitution/redundancy
post-hoc experimental-design extension	75p_E2_to_E1	75% epiboly	E2	E2→E1	10.0	1.0	foxd5	pcdh10b	16	8	0.00010384195855184242	8.709799913519944e-06	0.5198329853862212	479	lower conditional utility indicates greater substitution/redundancy
post-hoc experimental-design extension	75p_E2_to_E1	75% epiboly	E2	E2→E1	10.0	1.0	foxd5	lmo4a	16	9	0.0011028039834408282	0.0002800437751523943	0.6137787056367432	479	lower conditional utility indicates greater substitution/redundancy
post-hoc experimental-design extension	75p_E2_to_E1	75% epiboly	E2	E2→E1	10.0	1.0	foxd5	crabp2b	16	10	2.6503406359790205e-05	-3.7060051060855415e-05	0.5031315240083507	479	lower conditional utility indicates greater substitution/redundancy
post-hoc experimental-design extension	75p_E2_to_E1	75% epiboly	E2	E2→E1	10.0	1.0	foxd5	rrbp1b	16	11	5.5856225671280235e-05	-1.606124400577169e-05	0.5073068893528184	479	lower conditional utility indicates greater substitution/redundancy
post-hoc experimental-design extension	75p_E2_to_E1	75% epiboly	E2	E2→E1	10.0	1.0	foxd5	six4a	16	12	-3.1467089809250615e-05	-3.225657196015419e-05	0.49269311064718163	479	lower conditional utility indicates greater substitution/redundancy
post-hoc experimental-design extension	75p_E2_to_E1	75% epiboly	E2	E2→E1	10.0	1.0	foxd5	si:dkey-108k21.14	16	13	2.3265039504893892e-05	-6.373878117416076e-06	0.511482254697286	479	lower conditional utility indicates greater substitution/redundancy
post-hoc experimental-design extension	75p_E2_to_E1	75% epiboly	E2	E2→E1	10.0	1.0	foxd5	zic3	16	14	-7.688594434740459e-05	-3.781701882438204e-05	0.4906054279749478	479	lower conditional utility indicates greater substitution/redundancy
post-hoc experimental-design extension	75p_E2_to_E1	75% epiboly	E2	E2→E1	10.0	1.0	foxd5	lamb1a	16	15	1.6957631560787778e-05	-3.280707583350195e-05	0.5010438413361169	479	lower conditional utility indicates greater substitution/redundancy
post-hoc experimental-design extension	6s_E1_to_E2	6-somite	E1	E1→E2	10.0	0.75	cdh1	fn1b	1	2	0.0014259254411186084	0.00024358337691698928	0.7014613778705637	479	lower conditional utility indicates greater substitution/redundancy
post-hoc experimental-design extension	6s_E1_to_E2	6-somite	E1	E1→E2	10.0	0.75	cdh1	nsd2	1	3	0.0008825374849011358	0.00014165106348162926	0.6304801670146137	479	lower conditional utility indicates greater substitution/redundancy
post-hoc experimental-design extension	6s_E1_to_E2	6-somite	E1	E1→E2	10.0	0.75	cdh1	tbx16l	1	4	0.0008635312684646679	0.00015207495753188915	0.6430062630480167	479	lower conditional utility indicates greater substitution/redundancy
post-hoc experimental-design extension	6s_E1_to_E2	6-somite	E1	E1→E2	10.0	0.75	cdh1	rrbp1b	1	5	0.000895138628899006	0.00013446859494198327	0.6346555323590815	479	lower conditional utility indicates greater substitution/redundancy
post-hoc experimental-design extension	6s_E1_to_E2	6-somite	E1	E1→E2	10.0	0.75	cdh1	fn1a	1	6	0.0008849811701316934	0.00015422766887029926	0.6450939457202505	479	lower conditional utility indicates greater substitution/redundancy
post-hoc experimental-design extension	6s_E1_to_E2	6-somite	E1	E1→E2	10.0	0.75	cdh1	znf185	1	7	0.0022493753270552697	0.0003070913361316596	0.6910229645093946	479	lower conditional utility indicates greater substitution/redundancy
post-hoc experimental-design extension	6s_E1_to_E2	6-somite	E1	E1→E2	10.0	0.75	cdh1	six7	1	8	0.0008238797006000775	0.00014561435011073431	0.6450939457202505	479	lower conditional utility indicates greater substitution/redundancy
post-hoc experimental-design extension	6s_E1_to_E2	6-somite	E1	E1→E2	10.0	0.75	cdh1	aurkb	1	9	0.0007923170743414087	0.00015177708364400022	0.6409185803757829	479	lower conditional utility indicates greater substitution/redundancy
post-hoc experimental-design extension	6s_E1_to_E2	6-somite	E1	E1→E2	10.0	0.75	cdh1	hoxb9a	1	10	0.0008059651185496897	0.0001521275041468928	0.6325678496868476	479	lower conditional utility indicates greater substitution/redundancy
post-hoc experimental-design extension	6s_E1_to_E2	6-somite	E1	E1→E2	10.0	0.75	cdh1	ntd5	1	11	0.0007910040909830662	0.00016333681316776927	0.6409185803757829	479	lower conditional utility indicates greater substitution/redundancy
post-hoc experimental-design extension	6s_E1_to_E2	6-somite	E1	E1→E2	10.0	0.75	cdh1	sox11a	1	12	0.0007462823327785695	0.0001483642108597305	0.6325678496868476	479	lower conditional utility indicates greater substitution/redundancy
post-hoc experimental-design extension	6s_E1_to_E2	6-somite	E1	E1→E2	10.0	0.75	cdh1	gata5	1	13	0.0008279215797917239	0.0001330951016870474	0.6283924843423799	479	lower conditional utility indicates greater substitution/redundancy
post-hoc experimental-design extension	6s_E1_to_E2	6-somite	E1	E1→E2	10.0	0.75	cdh1	prmt1	1	14	0.0008681663216125179	0.00014008368347845357	0.6367432150313153	479	lower conditional utility indicates greater substitution/redundancy
post-hoc experimental-design extension	6s_E1_to_E2	6-somite	E1	E1→E2	10.0	0.75	cdh1	mcm2	1	15	0.0008684806582792137	0.00016813965718576185	0.6283924843423799	479	lower conditional utility indicates greater substitution/redundancy
post-hoc experimental-design extension	6s_E1_to_E2	6-somite	E1	E1→E2	10.0	0.75	cdh1	pax3a	1	16	0.0009096232995886577	0.00016958781324249994	0.6450939457202505	479	lower conditional utility indicates greater substitution/redundancy
post-hoc experimental-design extension	6s_E1_to_E2	6-somite	E1	E1→E2	10.0	0.75	fn1b	cdh1	2	1	0.004339748826382384	0.0006098559248493562	0.7599164926931107	479	lower conditional utility indicates greater substitution/redundancy
post-hoc experimental-design extension	6s_E1_to_E2	6-somite	E1	E1→E2	10.0	0.75	fn1b	nsd2	2	3	0.00310865580462355	0.0005621621200624094	0.7473903966597077	479	lower conditional utility indicates greater substitution/redundancy
post-hoc experimental-design extension	6s_E1_to_E2	6-somite	E1	E1→E2	10.0	0.75	fn1b	tbx16l	2	4	0.004865379884448656	0.0008335913101099601	0.778705636743215	479	lower conditional utility indicates greater substitution/redundancy
post-hoc experimental-design extension	6s_E1_to_E2	6-somite	E1	E1→E2	10.0	0.75	fn1b	rrbp1b	2	5	0.0033194103069831005	0.0005561252515731141	0.7473903966597077	479	lower conditional utility indicates greater substitution/redundancy
post-hoc experimental-design extension	6s_E1_to_E2	6-somite	E1	E1→E2	10.0	0.75	fn1b	fn1a	2	6	0.004145845853583852	0.0005618153926430502	0.755741127348643	479	lower conditional utility indicates greater substitution/redundancy
post-hoc experimental-design extension	6s_E1_to_E2	6-somite	E1	E1→E2	10.0	0.75	fn1b	znf185	2	7	0.003615765569605911	0.0005708753818612355	0.7766179540709812	479	lower conditional utility indicates greater substitution/redundancy
post-hoc experimental-design extension	6s_E1_to_E2	6-somite	E1	E1→E2	10.0	0.75	fn1b	six7	2	8	0.0028935576063308655	0.0005253412469684027	0.7536534446764092	479	lower conditional utility indicates greater substitution/redundancy
post-hoc experimental-design extension	6s_E1_to_E2	6-somite	E1	E1→E2	10.0	0.75	fn1b	aurkb	2	9	0.003045144344113848	0.0005162605790652863	0.755741127348643	479	lower conditional utility indicates greater substitution/redundancy
post-hoc experimental-design extension	6s_E1_to_E2	6-somite	E1	E1→E2	10.0	0.75	fn1b	hoxb9a	2	10	0.00301364983578134	0.0005080427471275684	0.7515657620041754	479	lower conditional utility indicates greater substitution/redundancy
post-hoc experimental-design extension	6s_E1_to_E2	6-somite	E1	E1→E2	10.0	0.75	fn1b	ntd5	2	11	0.003928149764791666	0.0005878251696178061	0.7578288100208769	479	lower conditional utility indicates greater substitution/redundancy
post-hoc experimental-design extension	6s_E1_to_E2	6-somite	E1	E1→E2	10.0	0.75	fn1b	sox11a	2	12	0.0033426665020459545	0.0005517864983438647	0.7390396659707724	479	lower conditional utility indicates greater substitution/redundancy
post-hoc experimental-design extension	6s_E1_to_E2	6-somite	E1	E1→E2	10.0	0.75	fn1b	gata5	2	13	0.003015908376200138	0.00043944841841925264	0.7578288100208769	479	lower conditional utility indicates greater substitution/redundancy
post-hoc experimental-design extension	6s_E1_to_E2	6-somite	E1	E1→E2	10.0	0.75	fn1b	prmt1	2	14	0.00325442471240249	0.0005221672523837428	0.7369519832985386	479	lower conditional utility indicates greater substitution/redundancy
post-hoc experimental-design extension	6s_E1_to_E2	6-somite	E1	E1→E2	10.0	0.75	fn1b	mcm2	2	15	0.0030161260047262273	0.0005438422664324483	0.7453027139874739	479	lower conditional utility indicates greater substitution/redundancy
post-hoc experimental-design extension	6s_E1_to_E2	6-somite	E1	E1→E2	10.0	0.75	fn1b	pax3a	2	16	0.0030140198228012505	0.00047577367888639033	0.755741127348643	479	lower conditional utility indicates greater substitution/redundancy
post-hoc experimental-design extension	6s_E1_to_E2	6-somite	E1	E1→E2	10.0	0.75	nsd2	cdh1	3	1	0.0005522614010920746	0.00010880904446272655	0.697286012526096	479	lower conditional utility indicates greater substitution/redundancy
post-hoc experimental-design extension	6s_E1_to_E2	6-somite	E1	E1→E2	10.0	0.75	nsd2	fn1b	3	2	0.0006953346000786453	0.00011483494036618191	0.6993736951983298	479	lower conditional utility indicates greater substitution/redundancy
post-hoc experimental-design extension	6s_E1_to_E2	6-somite	E1	E1→E2	10.0	0.75	nsd2	tbx16l	3	4	0.0005745515992721106	0.00010706810127436572	0.6910229645093946	479	lower conditional utility indicates greater substitution/redundancy
post-hoc experimental-design extension	6s_E1_to_E2	6-somite	E1	E1→E2	10.0	0.75	nsd2	rrbp1b	3	5	0.0006044761726792247	0.00010550768451728088	0.7056367432150313	479	lower conditional utility indicates greater substitution/redundancy
post-hoc experimental-design extension	6s_E1_to_E2	6-somite	E1	E1→E2	10.0	0.75	nsd2	fn1a	3	6	0.0006416773839618695	0.00010211508455901241	0.6805845511482255	479	lower conditional utility indicates greater substitution/redundancy
post-hoc experimental-design extension	6s_E1_to_E2	6-somite	E1	E1→E2	10.0	0.75	nsd2	znf185	3	7	0.000773431119568152	0.00013921387178789102	0.7014613778705637	479	lower conditional utility indicates greater substitution/redundancy
post-hoc experimental-design extension	6s_E1_to_E2	6-somite	E1	E1→E2	10.0	0.75	nsd2	six7	3	8	0.0005499618592993416	0.00011106761032292356	0.6868475991649269	479	lower conditional utility indicates greater substitution/redundancy
post-hoc experimental-design extension	6s_E1_to_E2	6-somite	E1	E1→E2	10.0	0.75	nsd2	aurkb	3	9	0.0010316260736057403	0.0001916962103756248	0.7077244258872651	479	lower conditional utility indicates greater substitution/redundancy
post-hoc experimental-design extension	6s_E1_to_E2	6-somite	E1	E1→E2	10.0	0.75	nsd2	hoxb9a	3	10	0.000672470990339763	0.0001286319769790989	0.6993736951983298	479	lower conditional utility indicates greater substitution/redundancy
post-hoc experimental-design extension	6s_E1_to_E2	6-somite	E1	E1→E2	10.0	0.75	nsd2	ntd5	3	11	0.0006192195794179622	0.0001084067075967643	0.6951983298538622	479	lower conditional utility indicates greater substitution/redundancy
post-hoc experimental-design extension	6s_E1_to_E2	6-somite	E1	E1→E2	10.0	0.75	nsd2	sox11a	3	12	0.0010947826376480618	0.00018632455568318163	0.7265135699373695	479	lower conditional utility indicates greater substitution/redundancy
post-hoc experimental-design extension	6s_E1_to_E2	6-somite	E1	E1→E2	10.0	0.75	nsd2	gata5	3	13	0.0005554828291208791	0.00010595758029374736	0.6993736951983298	479	lower conditional utility indicates greater substitution/redundancy
post-hoc experimental-design extension	6s_E1_to_E2	6-somite	E1	E1→E2	10.0	0.75	nsd2	prmt1	3	14	0.0005839155952345743	0.00012055171624775207	0.7014613778705637	479	lower conditional utility indicates greater substitution/redundancy
post-hoc experimental-design extension	6s_E1_to_E2	6-somite	E1	E1→E2	10.0	0.75	nsd2	mcm2	3	15	0.0010678169441500351	0.00020750975992711584	0.7390396659707724	479	lower conditional utility indicates greater substitution/redundancy
post-hoc experimental-design extension	6s_E1_to_E2	6-somite	E1	E1→E2	10.0	0.75	nsd2	pax3a	3	16	0.0005398722057972094	0.00011474438204839288	0.697286012526096	479	lower conditional utility indicates greater substitution/redundancy
post-hoc experimental-design extension	6s_E1_to_E2	6-somite	E1	E1→E2	10.0	0.75	tbx16l	cdh1	4	1	0.0009751807767278131	0.00019863029992861492	0.6471816283924844	479	lower conditional utility indicates greater substitution/redundancy
post-hoc experimental-design extension	6s_E1_to_E2	6-somite	E1	E1→E2	10.0	0.75	tbx16l	fn1b	4	2	0.002831796228601524	0.0004321454711328221	0.7432150313152401	479	lower conditional utility indicates greater substitution/redundancy
post-hoc experimental-design extension	6s_E1_to_E2	6-somite	E1	E1→E2	10.0	0.75	tbx16l	nsd2	4	3	0.0010624909584312225	0.00015675493341354985	0.6367432150313153	479	lower conditional utility indicates greater substitution/redundancy
post-hoc experimental-design extension	6s_E1_to_E2	6-somite	E1	E1→E2	10.0	0.75	tbx16l	rrbp1b	4	5	0.0009818824524486791	0.00016207967092815578	0.6430062630480167	479	lower conditional utility indicates greater substitution/redundancy
post-hoc experimental-design extension	6s_E1_to_E2	6-somite	E1	E1→E2	10.0	0.75	tbx16l	fn1a	4	6	0.0010352825252390174	0.00016538299134950807	0.651356993736952	479	lower conditional utility indicates greater substitution/redundancy
post-hoc experimental-design extension	6s_E1_to_E2	6-somite	E1	E1→E2	10.0	0.75	tbx16l	znf185	4	7	0.0009500546099674989	0.00016075991765934772	0.6388308977035491	479	lower conditional utility indicates greater substitution/redundancy
post-hoc experimental-design extension	6s_E1_to_E2	6-somite	E1	E1→E2	10.0	0.75	tbx16l	six7	4	8	0.0010031271883175208	0.0001692518334948101	0.6492693110647182	479	lower conditional utility indicates greater substitution/redundancy
post-hoc experimental-design extension	6s_E1_to_E2	6-somite	E1	E1→E2	10.0	0.75	tbx16l	aurkb	4	9	0.0011346261908175004	0.0001748462705724041	0.651356993736952	479	lower conditional utility indicates greater substitution/redundancy
post-hoc experimental-design extension	6s_E1_to_E2	6-somite	E1	E1→E2	10.0	0.75	tbx16l	hoxb9a	4	10	0.0009732978623848698	0.00016329440210838264	0.6492693110647182	479	lower conditional utility indicates greater substitution/redundancy
post-hoc experimental-design extension	6s_E1_to_E2	6-somite	E1	E1→E2	10.0	0.75	tbx16l	ntd5	4	11	0.0009398081346488063	0.0001685301632158298	0.6492693110647182	479	lower conditional utility indicates greater substitution/redundancy
post-hoc experimental-design extension	6s_E1_to_E2	6-somite	E1	E1→E2	10.0	0.75	tbx16l	sox11a	4	12	0.0013358917508591028	0.00019120612622763877	0.6617954070981211	479	lower conditional utility indicates greater substitution/redundancy
post-hoc experimental-design extension	6s_E1_to_E2	6-somite	E1	E1→E2	10.0	0.75	tbx16l	gata5	4	13	0.0009160396507386648	0.00018542940177154743	0.6430062630480167	479	lower conditional utility indicates greater substitution/redundancy
post-hoc experimental-design extension	6s_E1_to_E2	6-somite	E1	E1→E2	10.0	0.75	tbx16l	prmt1	4	14	0.0010413747445684463	0.00016898258776043562	0.6450939457202505	479	lower conditional utility indicates greater substitution/redundancy
post-hoc experimental-design extension	6s_E1_to_E2	6-somite	E1	E1→E2	10.0	0.75	tbx16l	mcm2	4	15	0.0010699653140688603	0.0001843610926812872	0.651356993736952	479	lower conditional utility indicates greater substitution/redundancy
post-hoc experimental-design extension	6s_E1_to_E2	6-somite	E1	E1→E2	10.0	0.75	tbx16l	pax3a	4	16	0.0009769562232740947	0.00017057239933254698	0.6492693110647182	479	lower conditional utility indicates greater substitution/redundancy
post-hoc experimental-design extension	6s_E1_to_E2	6-somite	E1	E1→E2	10.0	0.75	rrbp1b	cdh1	5	1	0.0017254843772221418	0.0002583594738102546	0.6889352818371608	479	lower conditional utility indicates greater substitution/redundancy
post-hoc experimental-design extension	6s_E1_to_E2	6-somite	E1	E1→E2	10.0	0.75	rrbp1b	fn1b	5	2	0.0016938861086163715	0.00025283897050931703	0.6597077244258872	479	lower conditional utility indicates greater substitution/redundancy
post-hoc experimental-design extension	6s_E1_to_E2	6-somite	E1	E1→E2	10.0	0.75	rrbp1b	nsd2	5	3	0.0015487649960609917	0.00024504620562604273	0.697286012526096	479	lower conditional utility indicates greater substitution/redundancy
post-hoc experimental-design extension	6s_E1_to_E2	6-somite	E1	E1→E2	10.0	0.75	rrbp1b	tbx16l	5	4	0.0015467670641358122	0.0002615643592323025	0.6805845511482255	479	lower conditional utility indicates greater substitution/redundancy
post-hoc experimental-design extension	6s_E1_to_E2	6-somite	E1	E1→E2	10.0	0.75	rrbp1b	fn1a	5	6	0.0015627151905385217	0.00026084068565115914	0.6868475991649269	479	lower conditional utility indicates greater substitution/redundancy
post-hoc experimental-design extension	6s_E1_to_E2	6-somite	E1	E1→E2	10.0	0.75	rrbp1b	znf185	5	7	0.001584889785909649	0.0002433059833602258	0.6889352818371608	479	lower conditional utility indicates greater substitution/redundancy
post-hoc experimental-design extension	6s_E1_to_E2	6-somite	E1	E1→E2	10.0	0.75	rrbp1b	six7	5	8	0.0016689423116056923	0.00025311196734889574	0.6889352818371608	479	lower conditional utility indicates greater substitution/redundancy
post-hoc experimental-design extension	6s_E1_to_E2	6-somite	E1	E1→E2	10.0	0.75	rrbp1b	aurkb	5	9	0.001659219048786742	0.00027362719150786363	0.6931106471816284	479	lower conditional utility indicates greater substitution/redundancy
post-hoc experimental-design extension	6s_E1_to_E2	6-somite	E1	E1→E2	10.0	0.75	rrbp1b	hoxb9a	5	10	0.0015716931383333854	0.0002514867517751651	0.6826722338204593	479	lower conditional utility indicates greater substitution/redundancy
post-hoc experimental-design extension	6s_E1_to_E2	6-somite	E1	E1→E2	10.0	0.75	rrbp1b	ntd5	5	11	0.0021594714313014074	0.00034764505413470426	0.697286012526096	479	lower conditional utility indicates greater substitution/redundancy
post-hoc experimental-design extension	6s_E1_to_E2	6-somite	E1	E1→E2	10.0	0.75	rrbp1b	sox11a	5	12	0.0017577634430661904	0.00024286748191854057	0.6889352818371608	479	lower conditional utility indicates greater substitution/redundancy
post-hoc experimental-design extension	6s_E1_to_E2	6-somite	E1	E1→E2	10.0	0.75	rrbp1b	gata5	5	13	0.0028088991347217096	0.00044917005055983283	0.7202505219206681	479	lower conditional utility indicates greater substitution/redundancy
post-hoc experimental-design extension	6s_E1_to_E2	6-somite	E1	E1→E2	10.0	0.75	rrbp1b	prmt1	5	14	0.0017927169530898568	0.0002544485867770896	0.6889352818371608	479	lower conditional utility indicates greater substitution/redundancy
post-hoc experimental-design extension	6s_E1_to_E2	6-somite	E1	E1→E2	10.0	0.75	rrbp1b	mcm2	5	15	0.0018178918546898348	0.0002319347156524154	0.6889352818371608	479	lower conditional utility indicates greater substitution/redundancy
post-hoc experimental-design extension	6s_E1_to_E2	6-somite	E1	E1→E2	10.0	0.75	rrbp1b	pax3a	5	16	0.0017423667383381636	0.0002734985069942075	0.6805845511482255	479	lower conditional utility indicates greater substitution/redundancy
post-hoc experimental-design extension	6s_E1_to_E2	6-somite	E1	E1→E2	10.0	0.75	fn1a	cdh1	6	1	0.0027048618416705694	0.00040363191319370273	0.7244258872651357	479	lower conditional utility indicates greater substitution/redundancy
post-hoc experimental-design extension	6s_E1_to_E2	6-somite	E1	E1→E2	10.0	0.75	fn1a	fn1b	6	2	0.003267079345256524	0.0004869896817357722	0.7411273486430062	479	lower conditional utility indicates greater substitution/redundancy
post-hoc experimental-design extension	6s_E1_to_E2	6-somite	E1	E1→E2	10.0	0.75	fn1a	nsd2	6	3	0.0023641923126169195	0.0003461691985763016	0.7118997912317327	479	lower conditional utility indicates greater substitution/redundancy
post-hoc experimental-design extension	6s_E1_to_E2	6-somite	E1	E1→E2	10.0	0.75	fn1a	tbx16l	6	4	0.002729643518878888	0.0003889904191128335	0.7223382045929019	479	lower conditional utility indicates greater substitution/redundancy
post-hoc experimental-design extension	6s_E1_to_E2	6-somite	E1	E1→E2	10.0	0.75	fn1a	rrbp1b	6	5	0.002224521684983105	0.00037203572664867846	0.7056367432150313	479	lower conditional utility indicates greater substitution/redundancy
post-hoc experimental-design extension	6s_E1_to_E2	6-somite	E1	E1→E2	10.0	0.75	fn1a	znf185	6	7	0.002418908626499461	0.0004631938698509974	0.7139874739039666	479	lower conditional utility indicates greater substitution/redundancy
post-hoc experimental-design extension	6s_E1_to_E2	6-somite	E1	E1→E2	10.0	0.75	fn1a	six7	6	8	0.002487284018819258	0.000370103753417228	0.7160751565762005	479	lower conditional utility indicates greater substitution/redundancy
post-hoc experimental-design extension	6s_E1_to_E2	6-somite	E1	E1→E2	10.0	0.75	fn1a	aurkb	6	9	0.0024291279238983776	0.0003514657284706679	0.7077244258872651	479	lower conditional utility indicates greater substitution/redundancy
post-hoc experimental-design extension	6s_E1_to_E2	6-somite	E1	E1→E2	10.0	0.75	fn1a	hoxb9a	6	10	0.002342184433100858	0.00037115629338835276	0.7118997912317327	479	lower conditional utility indicates greater substitution/redundancy
post-hoc experimental-design extension	6s_E1_to_E2	6-somite	E1	E1→E2	10.0	0.75	fn1a	ntd5	6	11	0.0026788232760089348	0.0004151786397645907	0.7223382045929019	479	lower conditional utility indicates greater substitution/redundancy
post-hoc experimental-design extension	6s_E1_to_E2	6-somite	E1	E1→E2	10.0	0.75	fn1a	sox11a	6	12	0.0022875791102542897	0.00035464376059662905	0.7160751565762005	479	lower conditional utility indicates greater substitution/redundancy
post-hoc experimental-design extension	6s_E1_to_E2	6-somite	E1	E1→E2	10.0	0.75	fn1a	gata5	6	13	0.0022733597764884594	0.00034585491393970824	0.7098121085594989	479	lower conditional utility indicates greater substitution/redundancy
post-hoc experimental-design extension	6s_E1_to_E2	6-somite	E1	E1→E2	10.0	0.75	fn1a	prmt1	6	14	0.002436151318225832	0.00037253662202690885	0.7118997912317327	479	lower conditional utility indicates greater substitution/redundancy
post-hoc experimental-design extension	6s_E1_to_E2	6-somite	E1	E1→E2	10.0	0.75	fn1a	mcm2	6	15	0.0024213667990218013	0.0003589072300083096	0.7056367432150313	479	lower conditional utility indicates greater substitution/redundancy
post-hoc experimental-design extension	6s_E1_to_E2	6-somite	E1	E1→E2	10.0	0.75	fn1a	pax3a	6	16	0.002789273967959721	0.0003569443729485866	0.7056367432150313	479	lower conditional utility indicates greater substitution/redundancy
post-hoc experimental-design extension	6s_E1_to_E2	6-somite	E1	E1→E2	10.0	0.75	znf185	cdh1	7	1	0.0029588308634328486	0.00045255967189461455	0.7035490605427975	479	lower conditional utility indicates greater substitution/redundancy
post-hoc experimental-design extension	6s_E1_to_E2	6-somite	E1	E1→E2	10.0	0.75	znf185	fn1b	7	2	0.0013807478056929445	0.00023611584452865042	0.6805845511482255	479	lower conditional utility indicates greater substitution/redundancy
post-hoc experimental-design extension	6s_E1_to_E2	6-somite	E1	E1→E2	10.0	0.75	znf185	nsd2	7	3	0.0012027425650456558	0.00017739526159593622	0.6659707724425887	479	lower conditional utility indicates greater substitution/redundancy
post-hoc experimental-design extension	6s_E1_to_E2	6-somite	E1	E1→E2	10.0	0.75	znf185	tbx16l	7	4	0.0012081048695925523	0.0001818303320714476	0.6784968684759917	479	lower conditional utility indicates greater substitution/redundancy
post-hoc experimental-design extension	6s_E1_to_E2	6-somite	E1	E1→E2	10.0	0.75	znf185	rrbp1b	7	5	0.0010929131457411978	0.00017221734302863556	0.6597077244258872	479	lower conditional utility indicates greater substitution/redundancy
post-hoc experimental-design extension	6s_E1_to_E2	6-somite	E1	E1→E2	10.0	0.75	znf185	fn1a	7	6	0.0013260598693052295	0.0002044886623986386	0.6951983298538622	479	lower conditional utility indicates greater substitution/redundancy
post-hoc experimental-design extension	6s_E1_to_E2	6-somite	E1	E1→E2	10.0	0.75	znf185	six7	7	8	0.0011110534991420201	0.00015850959983360058	0.6722338204592901	479	lower conditional utility indicates greater substitution/redundancy
post-hoc experimental-design extension	6s_E1_to_E2	6-somite	E1	E1→E2	10.0	0.75	znf185	aurkb	7	9	0.0011180939487770436	0.00018151071764166415	0.6784968684759917	479	lower conditional utility indicates greater substitution/redundancy
post-hoc experimental-design extension	6s_E1_to_E2	6-somite	E1	E1→E2	10.0	0.75	znf185	hoxb9a	7	10	0.0011922439568714527	0.00018428708591106124	0.6805845511482255	479	lower conditional utility indicates greater substitution/redundancy
post-hoc experimental-design extension	6s_E1_to_E2	6-somite	E1	E1→E2	10.0	0.75	znf185	ntd5	7	11	0.001041426327514583	0.00016519546196611112	0.6680584551148225	479	lower conditional utility indicates greater substitution/redundancy
post-hoc experimental-design extension	6s_E1_to_E2	6-somite	E1	E1→E2	10.0	0.75	znf185	sox11a	7	12	0.0011387895642510082	0.00016591361817863692	0.6534446764091858	479	lower conditional utility indicates greater substitution/redundancy
post-hoc experimental-design extension	6s_E1_to_E2	6-somite	E1	E1→E2	10.0	0.75	znf185	gata5	7	13	0.0013440806630282132	0.0002231031114736104	0.6680584551148225	479	lower conditional utility indicates greater substitution/redundancy
post-hoc experimental-design extension	6s_E1_to_E2	6-somite	E1	E1→E2	10.0	0.75	znf185	prmt1	7	14	0.0012276438839415038	0.00018005722844571803	0.6659707724425887	479	lower conditional utility indicates greater substitution/redundancy
post-hoc experimental-design extension	6s_E1_to_E2	6-somite	E1	E1→E2	10.0	0.75	znf185	mcm2	7	15	0.0011267368672488176	0.00016470014807626332	0.6555323590814196	479	lower conditional utility indicates greater substitution/redundancy
post-hoc experimental-design extension	6s_E1_to_E2	6-somite	E1	E1→E2	10.0	0.75	znf185	pax3a	7	16	0.0010690349440111158	0.0001599698235961733	0.6617954070981211	479	lower conditional utility indicates greater substitution/redundancy
post-hoc experimental-design extension	6s_E1_to_E2	6-somite	E1	E1→E2	10.0	0.75	six7	cdh1	8	1	0.00012063469712320085	2.922126448837159e-05	0.5532359081419624	479	lower conditional utility indicates greater substitution/redundancy
post-hoc experimental-design extension	6s_E1_to_E2	6-somite	E1	E1→E2	10.0	0.75	six7	fn1b	8	2	0.00014235042598653713	3.287464441970034e-05	0.5615866388308977	479	lower conditional utility indicates greater substitution/redundancy
post-hoc experimental-design extension	6s_E1_to_E2	6-somite	E1	E1→E2	10.0	0.75	six7	nsd2	8	3	0.00012041446614424745	2.7175083259084465e-05	0.5553235908141962	479	lower conditional utility indicates greater substitution/redundancy
post-hoc experimental-design extension	6s_E1_to_E2	6-somite	E1	E1→E2	10.0	0.75	six7	tbx16l	8	4	0.00015468021066117332	3.813320990897484e-05	0.5678496868475992	479	lower conditional utility indicates greater substitution/redundancy
post-hoc experimental-design extension	6s_E1_to_E2	6-somite	E1	E1→E2	10.0	0.75	six7	rrbp1b	8	5	8.244643789942496e-05	2.1342097284937633e-05	0.5427974947807933	479	lower conditional utility indicates greater substitution/redundancy
post-hoc experimental-design extension	6s_E1_to_E2	6-somite	E1	E1→E2	10.0	0.75	six7	fn1a	8	6	0.00018458097169612997	3.990201227954682e-05	0.569937369519833	479	lower conditional utility indicates greater substitution/redundancy
post-hoc experimental-design extension	6s_E1_to_E2	6-somite	E1	E1→E2	10.0	0.75	six7	znf185	8	7	0.0002309618279213027	4.8342899965331254e-05	0.5803757828810021	479	lower conditional utility indicates greater substitution/redundancy
post-hoc experimental-design extension	6s_E1_to_E2	6-somite	E1	E1→E2	10.0	0.75	six7	aurkb	8	9	0.00011620240485005207	2.6172468702040375e-05	0.5594989561586639	479	lower conditional utility indicates greater substitution/redundancy
post-hoc experimental-design extension	6s_E1_to_E2	6-somite	E1	E1→E2	10.0	0.75	six7	hoxb9a	8	10	0.00014160154287676252	3.4662063591567316e-05	0.5657620041753654	479	lower conditional utility indicates greater substitution/redundancy
post-hoc experimental-design extension	6s_E1_to_E2	6-somite	E1	E1→E2	10.0	0.75	six7	ntd5	8	11	0.00014010100935013536	4.305822454497843e-05	0.569937369519833	479	lower conditional utility indicates greater substitution/redundancy
post-hoc experimental-design extension	6s_E1_to_E2	6-somite	E1	E1→E2	10.0	0.75	six7	sox11a	8	12	0.00012941808593824877	3.0856830240511e-05	0.5532359081419624	479	lower conditional utility indicates greater substitution/redundancy
post-hoc experimental-design extension	6s_E1_to_E2	6-somite	E1	E1→E2	10.0	0.75	six7	gata5	8	13	6.63192727244355e-05	1.6398149690344255e-05	0.5260960334029228	479	lower conditional utility indicates greater substitution/redundancy
post-hoc experimental-design extension	6s_E1_to_E2	6-somite	E1	E1→E2	10.0	0.75	six7	prmt1	8	14	0.0001508450890278512	3.0311488682904786e-05	0.55741127348643	479	lower conditional utility indicates greater substitution/redundancy
post-hoc experimental-design extension	6s_E1_to_E2	6-somite	E1	E1→E2	10.0	0.75	six7	mcm2	8	15	0.00015828641607396055	3.541653267449818e-05	0.5511482254697286	479	lower conditional utility indicates greater substitution/redundancy
post-hoc experimental-design extension	6s_E1_to_E2	6-somite	E1	E1→E2	10.0	0.75	six7	pax3a	8	16	8.518594470563468e-05	1.794764766416268e-05	0.5407098121085595	479	lower conditional utility indicates greater substitution/redundancy
post-hoc experimental-design extension	6s_E1_to_E2	6-somite	E1	E1→E2	10.0	0.75	aurkb	cdh1	9	1	0.001123989333592701	0.00018920818954593077	0.7494780793319415	479	lower conditional utility indicates greater substitution/redundancy
post-hoc experimental-design extension	6s_E1_to_E2	6-somite	E1	E1→E2	10.0	0.75	aurkb	fn1b	9	2	0.0010680277287045403	0.00018526430567344931	0.7411273486430062	479	lower conditional utility indicates greater substitution/redundancy
post-hoc experimental-design extension	6s_E1_to_E2	6-somite	E1	E1→E2	10.0	0.75	aurkb	nsd2	9	3	0.001524778329762888	0.0002541446892092847	0.7432150313152401	479	lower conditional utility indicates greater substitution/redundancy
post-hoc experimental-design extension	6s_E1_to_E2	6-somite	E1	E1→E2	10.0	0.75	aurkb	tbx16l	9	4	0.0010814069732260623	0.00018649571418610789	0.7369519832985386	479	lower conditional utility indicates greater substitution/redundancy
post-hoc experimental-design extension	6s_E1_to_E2	6-somite	E1	E1→E2	10.0	0.75	aurkb	rrbp1b	9	5	0.0010425704311401995	0.000188246286423166	0.7244258872651357	479	lower conditional utility indicates greater substitution/redundancy
post-hoc experimental-design extension	6s_E1_to_E2	6-somite	E1	E1→E2	10.0	0.75	aurkb	fn1a	9	6	0.0011043327795019486	0.00016727078557376984	0.7411273486430062	479	lower conditional utility indicates greater substitution/redundancy
post-hoc experimental-design extension	6s_E1_to_E2	6-somite	E1	E1→E2	10.0	0.75	aurkb	znf185	9	7	0.0013597684491381545	0.0002015473172636284	0.7473903966597077	479	lower conditional utility indicates greater substitution/redundancy
post-hoc experimental-design extension	6s_E1_to_E2	6-somite	E1	E1→E2	10.0	0.75	aurkb	six7	9	8	0.0010893255007761726	0.00018304348634332057	0.7411273486430062	479	lower conditional utility indicates greater substitution/redundancy
post-hoc experimental-design extension	6s_E1_to_E2	6-somite	E1	E1→E2	10.0	0.75	aurkb	hoxb9a	9	10	0.001149013430997714	0.00021460802670092427	0.7306889352818372	479	lower conditional utility indicates greater substitution/redundancy
post-hoc experimental-design extension	6s_E1_to_E2	6-somite	E1	E1→E2	10.0	0.75	aurkb	ntd5	9	11	0.0010715991350754295	0.00017424367683482878	0.7160751565762005	479	lower conditional utility indicates greater substitution/redundancy
post-hoc experimental-design extension	6s_E1_to_E2	6-somite	E1	E1→E2	10.0	0.75	aurkb	sox11a	9	12	0.001218732156347574	0.00019198407130388562	0.7473903966597077	479	lower conditional utility indicates greater substitution/redundancy
post-hoc experimental-design extension	6s_E1_to_E2	6-somite	E1	E1→E2	10.0	0.75	aurkb	gata5	9	13	0.0010849419929317983	0.00018281038347267575	0.7432150313152401	479	lower conditional utility indicates greater substitution/redundancy
post-hoc experimental-design extension	6s_E1_to_E2	6-somite	E1	E1→E2	10.0	0.75	aurkb	prmt1	9	14	0.0013183281632913324	0.0002219747872511113	0.7599164926931107	479	lower conditional utility indicates greater substitution/redundancy
post-hoc experimental-design extension	6s_E1_to_E2	6-somite	E1	E1→E2	10.0	0.75	aurkb	mcm2	9	15	0.0010324084097691477	0.00017776473407807303	0.7390396659707724	479	lower conditional utility indicates greater substitution/redundancy
post-hoc experimental-design extension	6s_E1_to_E2	6-somite	E1	E1→E2	10.0	0.75	aurkb	pax3a	9	16	0.0010204097004585244	0.00016593977228590573	0.7223382045929019	479	lower conditional utility indicates greater substitution/redundancy
post-hoc experimental-design extension	6s_E1_to_E2	6-somite	E1	E1→E2	10.0	0.75	hoxb9a	cdh1	10	1	0.00028882947060612785	6.580571713449279e-05	0.5970772442588727	479	lower conditional utility indicates greater substitution/redundancy
post-hoc experimental-design extension	6s_E1_to_E2	6-somite	E1	E1→E2	10.0	0.75	hoxb9a	fn1b	10	2	0.00036129603298290514	5.913365446108543e-05	0.5803757828810021	479	lower conditional utility indicates greater substitution/redundancy
post-hoc experimental-design extension	6s_E1_to_E2	6-somite	E1	E1→E2	10.0	0.75	hoxb9a	nsd2	10	3	0.0004442262389458551	8.909227080949877e-05	0.6116910229645094	479	lower conditional utility indicates greater substitution/redundancy
post-hoc experimental-design extension	6s_E1_to_E2	6-somite	E1	E1→E2	10.0	0.75	hoxb9a	tbx16l	10	4	0.00021798935024025523	5.830886025082194e-05	0.5908141962421712	479	lower conditional utility indicates greater substitution/redundancy
post-hoc experimental-design extension	6s_E1_to_E2	6-somite	E1	E1→E2	10.0	0.75	hoxb9a	rrbp1b	10	5	0.0002479042125995701	5.458877901154402e-05	0.5782881002087683	479	lower conditional utility indicates greater substitution/redundancy
post-hoc experimental-design extension	6s_E1_to_E2	6-somite	E1	E1→E2	10.0	0.75	hoxb9a	fn1a	10	6	0.0002865977561667954	6.30831336246307e-05	0.615866388308977	479	lower conditional utility indicates greater substitution/redundancy
post-hoc experimental-design extension	6s_E1_to_E2	6-somite	E1	E1→E2	10.0	0.75	hoxb9a	znf185	10	7	0.0003597001064076233	8.266348317767513e-05	0.6221294363256785	479	lower conditional utility indicates greater substitution/redundancy
post-hoc experimental-design extension	6s_E1_to_E2	6-somite	E1	E1→E2	10.0	0.75	hoxb9a	six7	10	8	0.00023334419418041819	6.993609174915649e-05	0.605427974947808	479	lower conditional utility indicates greater substitution/redundancy
post-hoc experimental-design extension	6s_E1_to_E2	6-somite	E1	E1→E2	10.0	0.75	hoxb9a	aurkb	10	9	0.0004702663918680905	9.861045150486025e-05	0.6242171189979123	479	lower conditional utility indicates greater substitution/redundancy
post-hoc experimental-design extension	6s_E1_to_E2	6-somite	E1	E1→E2	10.0	0.75	hoxb9a	ntd5	10	11	0.00028618486737291837	6.908368824937172e-05	0.605427974947808	479	lower conditional utility indicates greater substitution/redundancy
post-hoc experimental-design extension	6s_E1_to_E2	6-somite	E1	E1→E2	10.0	0.75	hoxb9a	sox11a	10	12	0.0007474592469520758	0.00011064834500873477	0.6325678496868476	479	lower conditional utility indicates greater substitution/redundancy
post-hoc experimental-design extension	6s_E1_to_E2	6-somite	E1	E1→E2	10.0	0.75	hoxb9a	gata5	10	13	0.00025660519659387315	6.439508068656341e-05	0.5991649269311065	479	lower conditional utility indicates greater substitution/redundancy
post-hoc experimental-design extension	6s_E1_to_E2	6-somite	E1	E1→E2	10.0	0.75	hoxb9a	prmt1	10	14	0.0003282059104240398	7.230285755804866e-05	0.6346555323590815	479	lower conditional utility indicates greater substitution/redundancy
post-hoc experimental-design extension	6s_E1_to_E2	6-somite	E1	E1→E2	10.0	0.75	hoxb9a	mcm2	10	15	0.00034505481397174853	7.770765088427334e-05	0.615866388308977	479	lower conditional utility indicates greater substitution/redundancy
post-hoc experimental-design extension	6s_E1_to_E2	6-somite	E1	E1→E2	10.0	0.75	hoxb9a	pax3a	10	16	0.0003352453189017224	7.0499589420292e-05	0.6179540709812108	479	lower conditional utility indicates greater substitution/redundancy
post-hoc experimental-design extension	6s_E1_to_E2	6-somite	E1	E1→E2	10.0	0.75	ntd5	cdh1	11	1	0.0008516409730995322	0.00014743661015165221	0.6743215031315241	479	lower conditional utility indicates greater substitution/redundancy
post-hoc experimental-design extension	6s_E1_to_E2	6-somite	E1	E1→E2	10.0	0.75	ntd5	fn1b	11	2	0.0013536312284616048	0.0002134152839754211	0.7077244258872651	479	lower conditional utility indicates greater substitution/redundancy
post-hoc experimental-design extension	6s_E1_to_E2	6-somite	E1	E1→E2	10.0	0.75	ntd5	nsd2	11	3	0.0009841576017650122	0.00012840112139206328	0.6868475991649269	479	lower conditional utility indicates greater substitution/redundancy
post-hoc experimental-design extension	6s_E1_to_E2	6-somite	E1	E1→E2	10.0	0.75	ntd5	tbx16l	11	4	0.0007415613602778648	0.0001046908298947824	0.6722338204592901	479	lower conditional utility indicates greater substitution/redundancy
post-hoc experimental-design extension	6s_E1_to_E2	6-somite	E1	E1→E2	10.0	0.75	ntd5	rrbp1b	11	5	0.0014642229009635688	0.00019813865813236853	0.6951983298538622	479	lower conditional utility indicates greater substitution/redundancy
post-hoc experimental-design extension	6s_E1_to_E2	6-somite	E1	E1→E2	10.0	0.75	ntd5	fn1a	11	6	0.00103841065471022	0.0001194171034860636	0.697286012526096	479	lower conditional utility indicates greater substitution/redundancy
post-hoc experimental-design extension	6s_E1_to_E2	6-somite	E1	E1→E2	10.0	0.75	ntd5	znf185	11	7	0.0008027073542752339	0.00012926741005217512	0.6659707724425887	479	lower conditional utility indicates greater substitution/redundancy
post-hoc experimental-design extension	6s_E1_to_E2	6-somite	E1	E1→E2	10.0	0.75	ntd5	six7	11	8	0.0007471908598259414	0.00012088774885593567	0.6597077244258872	479	lower conditional utility indicates greater substitution/redundancy
post-hoc experimental-design extension	6s_E1_to_E2	6-somite	E1	E1→E2	10.0	0.75	ntd5	aurkb	11	9	0.0007842528187875786	0.00012025159859307966	0.6617954070981211	479	lower conditional utility indicates greater substitution/redundancy
post-hoc experimental-design extension	6s_E1_to_E2	6-somite	E1	E1→E2	10.0	0.75	ntd5	hoxb9a	11	10	0.0007340364447881997	0.00011639122748535735	0.6805845511482255	479	lower conditional utility indicates greater substitution/redundancy
post-hoc experimental-design extension	6s_E1_to_E2	6-somite	E1	E1→E2	10.0	0.75	ntd5	sox11a	11	12	0.0008892171925556358	0.00012532717329127863	0.6784968684759917	479	lower conditional utility indicates greater substitution/redundancy
post-hoc experimental-design extension	6s_E1_to_E2	6-somite	E1	E1→E2	10.0	0.75	ntd5	gata5	11	13	0.0008662787047052367	0.00012739620401028273	0.6805845511482255	479	lower conditional utility indicates greater substitution/redundancy
post-hoc experimental-design extension	6s_E1_to_E2	6-somite	E1	E1→E2	10.0	0.75	ntd5	prmt1	11	14	0.0007689541447026826	0.00011738006162514969	0.6764091858037579	479	lower conditional utility indicates greater substitution/redundancy
post-hoc experimental-design extension	6s_E1_to_E2	6-somite	E1	E1→E2	10.0	0.75	ntd5	mcm2	11	15	0.0008933732256917043	0.00014454546839443028	0.6868475991649269	479	lower conditional utility indicates greater substitution/redundancy
post-hoc experimental-design extension	6s_E1_to_E2	6-somite	E1	E1→E2	10.0	0.75	ntd5	pax3a	11	16	0.0008347348042275493	0.0001358198030293467	0.6638830897703549	479	lower conditional utility indicates greater substitution/redundancy
post-hoc experimental-design extension	6s_E1_to_E2	6-somite	E1	E1→E2	10.0	0.75	sox11a	cdh1	12	1	0.002042966835941601	0.00034778227145032536	0.6889352818371608	479	lower conditional utility indicates greater substitution/redundancy
post-hoc experimental-design extension	6s_E1_to_E2	6-somite	E1	E1→E2	10.0	0.75	sox11a	fn1b	12	2	0.002505232006683289	0.0003658735069926866	0.6910229645093946	479	lower conditional utility indicates greater substitution/redundancy
post-hoc experimental-design extension	6s_E1_to_E2	6-somite	E1	E1→E2	10.0	0.75	sox11a	nsd2	12	3	0.002557369402669707	0.00047703574122909265	0.7056367432150313	479	lower conditional utility indicates greater substitution/redundancy
post-hoc experimental-design extension	6s_E1_to_E2	6-somite	E1	E1→E2	10.0	0.75	sox11a	tbx16l	12	4	0.0025812036711427844	0.00034116567569941747	0.6805845511482255	479	lower conditional utility indicates greater substitution/redundancy
post-hoc experimental-design extension	6s_E1_to_E2	6-somite	E1	E1→E2	10.0	0.75	sox11a	rrbp1b	12	5	0.002191528530165243	0.0003689624036702366	0.6951983298538622	479	lower conditional utility indicates greater substitution/redundancy
post-hoc experimental-design extension	6s_E1_to_E2	6-somite	E1	E1→E2	10.0	0.75	sox11a	fn1a	12	6	0.002196002434586508	0.0003471996740893324	0.6889352818371608	479	lower conditional utility indicates greater substitution/redundancy
post-hoc experimental-design extension	6s_E1_to_E2	6-somite	E1	E1→E2	10.0	0.75	sox11a	znf185	12	7	0.0021547374670977115	0.0004319187597758012	0.7077244258872651	479	lower conditional utility indicates greater substitution/redundancy
post-hoc experimental-design extension	6s_E1_to_E2	6-somite	E1	E1→E2	10.0	0.75	sox11a	six7	12	8	0.0020986332653295525	0.0003848084494526005	0.6931106471816284	479	lower conditional utility indicates greater substitution/redundancy
post-hoc experimental-design extension	6s_E1_to_E2	6-somite	E1	E1→E2	10.0	0.75	sox11a	aurkb	12	9	0.002191545045209742	0.0003897433361277347	0.6910229645093946	479	lower conditional utility indicates greater substitution/redundancy
post-hoc experimental-design extension	6s_E1_to_E2	6-somite	E1	E1→E2	10.0	0.75	sox11a	hoxb9a	12	10	0.002739706643089479	0.00043968218879703036	0.7035490605427975	479	lower conditional utility indicates greater substitution/redundancy
post-hoc experimental-design extension	6s_E1_to_E2	6-somite	E1	E1→E2	10.0	0.75	sox11a	ntd5	12	11	0.002043361976048763	0.0003595339950491355	0.7014613778705637	479	lower conditional utility indicates greater substitution/redundancy
post-hoc experimental-design extension	6s_E1_to_E2	6-somite	E1	E1→E2	10.0	0.75	sox11a	gata5	12	13	0.002114593275479776	0.0003528994277743336	0.6931106471816284	479	lower conditional utility indicates greater substitution/redundancy
post-hoc experimental-design extension	6s_E1_to_E2	6-somite	E1	E1→E2	10.0	0.75	sox11a	prmt1	12	14	0.0020840483109794278	0.00037564577958443257	0.6889352818371608	479	lower conditional utility indicates greater substitution/redundancy
post-hoc experimental-design extension	6s_E1_to_E2	6-somite	E1	E1→E2	10.0	0.75	sox11a	mcm2	12	15	0.0028362469661526446	0.00040544300171196923	0.7014613778705637	479	lower conditional utility indicates greater substitution/redundancy
post-hoc experimental-design extension	6s_E1_to_E2	6-somite	E1	E1→E2	10.0	0.75	sox11a	pax3a	12	16	0.002204956683047876	0.00041713149463357135	0.7035490605427975	479	lower conditional utility indicates greater substitution/redundancy
post-hoc experimental-design extension	6s_E1_to_E2	6-somite	E1	E1→E2	10.0	0.75	gata5	cdh1	13	1	0.0005914641266591136	9.37607712998001e-05	0.6012526096033403	479	lower conditional utility indicates greater substitution/redundancy
post-hoc experimental-design extension	6s_E1_to_E2	6-somite	E1	E1→E2	10.0	0.75	gata5	fn1b	13	2	0.0006067245350525885	0.00011070080808678329	0.605427974947808	479	lower conditional utility indicates greater substitution/redundancy
post-hoc experimental-design extension	6s_E1_to_E2	6-somite	E1	E1→E2	10.0	0.75	gata5	nsd2	13	3	0.0006316404325459879	9.786200267758449e-05	0.6075156576200418	479	lower conditional utility indicates greater substitution/redundancy
post-hoc experimental-design extension	6s_E1_to_E2	6-somite	E1	E1→E2	10.0	0.75	gata5	tbx16l	13	4	0.0005710788326858118	0.0001094696769794179	0.6179540709812108	479	lower conditional utility indicates greater substitution/redundancy
post-hoc experimental-design extension	6s_E1_to_E2	6-somite	E1	E1→E2	10.0	0.75	gata5	rrbp1b	13	5	0.0018610675869052962	0.00035334289251925943	0.697286012526096	479	lower conditional utility indicates greater substitution/redundancy
post-hoc experimental-design extension	6s_E1_to_E2	6-somite	E1	E1→E2	10.0	0.75	gata5	fn1a	13	6	0.0005652412336375479	9.782159545806968e-05	0.5991649269311065	479	lower conditional utility indicates greater substitution/redundancy
post-hoc experimental-design extension	6s_E1_to_E2	6-somite	E1	E1→E2	10.0	0.75	gata5	znf185	13	7	0.000800218664739949	0.00013963882883849532	0.6283924843423799	479	lower conditional utility indicates greater substitution/redundancy
post-hoc experimental-design extension	6s_E1_to_E2	6-somite	E1	E1→E2	10.0	0.75	gata5	six7	13	8	0.000585037570640011	0.00010029419624549285	0.6033402922755741	479	lower conditional utility indicates greater substitution/redundancy
post-hoc experimental-design extension	6s_E1_to_E2	6-somite	E1	E1→E2	10.0	0.75	gata5	aurkb	13	9	0.0006362249799789499	0.00010371507945569625	0.6137787056367432	479	lower conditional utility indicates greater substitution/redundancy
post-hoc experimental-design extension	6s_E1_to_E2	6-somite	E1	E1→E2	10.0	0.75	gata5	hoxb9a	13	10	0.0005516064305599033	0.00010133336118084424	0.6012526096033403	479	lower conditional utility indicates greater substitution/redundancy
post-hoc experimental-design extension	6s_E1_to_E2	6-somite	E1	E1→E2	10.0	0.75	gata5	ntd5	13	11	0.0005275748237858202	9.493456123621513e-05	0.5908141962421712	479	lower conditional utility indicates greater substitution/redundancy
post-hoc experimental-design extension	6s_E1_to_E2	6-somite	E1	E1→E2	10.0	0.75	gata5	sox11a	13	12	0.0005232717828178579	8.948842949063618e-05	0.6179540709812108	479	lower conditional utility indicates greater substitution/redundancy
post-hoc experimental-design extension	6s_E1_to_E2	6-somite	E1	E1→E2	10.0	0.75	gata5	prmt1	13	14	0.0007518885991807389	0.0001341791524768765	0.6096033402922756	479	lower conditional utility indicates greater substitution/redundancy
post-hoc experimental-design extension	6s_E1_to_E2	6-somite	E1	E1→E2	10.0	0.75	gata5	mcm2	13	15	0.0005652436839580499	8.98937782349285e-05	0.6012526096033403	479	lower conditional utility indicates greater substitution/redundancy
post-hoc experimental-design extension	6s_E1_to_E2	6-somite	E1	E1→E2	10.0	0.75	gata5	pax3a	13	16	0.0005670350323445372	9.817403110845557e-05	0.6033402922755741	479	lower conditional utility indicates greater substitution/redundancy
post-hoc experimental-design extension	6s_E1_to_E2	6-somite	E1	E1→E2	10.0	0.75	prmt1	cdh1	14	1	0.0007560360287940382	0.00016203905348000092	0.6638830897703549	479	lower conditional utility indicates greater substitution/redundancy
post-hoc experimental-design extension	6s_E1_to_E2	6-somite	E1	E1→E2	10.0	0.75	prmt1	fn1b	14	2	0.000917007590976418	0.00018820806514595334	0.6993736951983298	479	lower conditional utility indicates greater substitution/redundancy
post-hoc experimental-design extension	6s_E1_to_E2	6-somite	E1	E1→E2	10.0	0.75	prmt1	nsd2	14	3	0.0006936389072603882	0.00014549962666854377	0.6764091858037579	479	lower conditional utility indicates greater substitution/redundancy
post-hoc experimental-design extension	6s_E1_to_E2	6-somite	E1	E1→E2	10.0	0.75	prmt1	tbx16l	14	4	0.0006752832468603365	0.00013612471562673978	0.6638830897703549	479	lower conditional utility indicates greater substitution/redundancy
post-hoc experimental-design extension	6s_E1_to_E2	6-somite	E1	E1→E2	10.0	0.75	prmt1	rrbp1b	14	5	0.0005818155532693048	0.00013497853023305972	0.651356993736952	479	lower conditional utility indicates greater substitution/redundancy
post-hoc experimental-design extension	6s_E1_to_E2	6-somite	E1	E1→E2	10.0	0.75	prmt1	fn1a	14	6	0.0006234110132395387	0.0001354075445665348	0.6701461377870563	479	lower conditional utility indicates greater substitution/redundancy
post-hoc experimental-design extension	6s_E1_to_E2	6-somite	E1	E1→E2	10.0	0.75	prmt1	znf185	14	7	0.0008810428162192574	0.0001825640245213811	0.6743215031315241	479	lower conditional utility indicates greater substitution/redundancy
post-hoc experimental-design extension	6s_E1_to_E2	6-somite	E1	E1→E2	10.0	0.75	prmt1	six7	14	8	0.000660842282880103	0.00013623225619807666	0.6826722338204593	479	lower conditional utility indicates greater substitution/redundancy
post-hoc experimental-design extension	6s_E1_to_E2	6-somite	E1	E1→E2	10.0	0.75	prmt1	aurkb	14	9	0.0011120012434319981	0.00018795642910574006	0.6951983298538622	479	lower conditional utility indicates greater substitution/redundancy
post-hoc experimental-design extension	6s_E1_to_E2	6-somite	E1	E1→E2	10.0	0.75	prmt1	hoxb9a	14	10	0.0007975258148002484	0.00015374205906965033	0.6847599164926931	479	lower conditional utility indicates greater substitution/redundancy
post-hoc experimental-design extension	6s_E1_to_E2	6-somite	E1	E1→E2	10.0	0.75	prmt1	ntd5	14	11	0.0005982596452394073	0.00013047442215463612	0.6680584551148225	479	lower conditional utility indicates greater substitution/redundancy
post-hoc experimental-design extension	6s_E1_to_E2	6-somite	E1	E1→E2	10.0	0.75	prmt1	sox11a	14	12	0.0006365528678559107	0.00014233887976791704	0.6722338204592901	479	lower conditional utility indicates greater substitution/redundancy
post-hoc experimental-design extension	6s_E1_to_E2	6-somite	E1	E1→E2	10.0	0.75	prmt1	gata5	14	13	0.00082382391096536	0.00017618053222001606	0.6910229645093946	479	lower conditional utility indicates greater substitution/redundancy
post-hoc experimental-design extension	6s_E1_to_E2	6-somite	E1	E1→E2	10.0	0.75	prmt1	mcm2	14	15	0.0009375281525714207	0.00016848628345705885	0.6764091858037579	479	lower conditional utility indicates greater substitution/redundancy
post-hoc experimental-design extension	6s_E1_to_E2	6-somite	E1	E1→E2	10.0	0.75	prmt1	pax3a	14	16	0.0008183699511240539	0.00014302249759440278	0.6743215031315241	479	lower conditional utility indicates greater substitution/redundancy
post-hoc experimental-design extension	6s_E1_to_E2	6-somite	E1	E1→E2	10.0	0.75	mcm2	cdh1	15	1	0.0007048429978075976	0.00011605900304823003	0.6805845511482255	479	lower conditional utility indicates greater substitution/redundancy
post-hoc experimental-design extension	6s_E1_to_E2	6-somite	E1	E1→E2	10.0	0.75	mcm2	fn1b	15	2	0.0006048526760389361	0.00010287228315701558	0.6659707724425887	479	lower conditional utility indicates greater substitution/redundancy
post-hoc experimental-design extension	6s_E1_to_E2	6-somite	E1	E1→E2	10.0	0.75	mcm2	nsd2	15	3	0.0012388850418169062	0.00022427225508239723	0.697286012526096	479	lower conditional utility indicates greater substitution/redundancy
post-hoc experimental-design extension	6s_E1_to_E2	6-somite	E1	E1→E2	10.0	0.75	mcm2	tbx16l	15	4	0.0005959685611539589	0.00010154112403232274	0.6597077244258872	479	lower conditional utility indicates greater substitution/redundancy
post-hoc experimental-design extension	6s_E1_to_E2	6-somite	E1	E1→E2	10.0	0.75	mcm2	rrbp1b	15	5	0.0008385753900896908	0.00014431014168758693	0.6680584551148225	479	lower conditional utility indicates greater substitution/redundancy
post-hoc experimental-design extension	6s_E1_to_E2	6-somite	E1	E1→E2	10.0	0.75	mcm2	fn1a	15	6	0.0005821177678793088	0.00010147613067587602	0.6659707724425887	479	lower conditional utility indicates greater substitution/redundancy
post-hoc experimental-design extension	6s_E1_to_E2	6-somite	E1	E1→E2	10.0	0.75	mcm2	znf185	15	7	0.0005829865465241946	9.619611396610717e-05	0.6555323590814196	479	lower conditional utility indicates greater substitution/redundancy
post-hoc experimental-design extension	6s_E1_to_E2	6-somite	E1	E1→E2	10.0	0.75	mcm2	six7	15	8	0.0005655605714837697	8.781127154589008e-05	0.6576200417536534	479	lower conditional utility indicates greater substitution/redundancy
post-hoc experimental-design extension	6s_E1_to_E2	6-somite	E1	E1→E2	10.0	0.75	mcm2	aurkb	15	9	0.0007697780612416077	0.0001248091475196389	0.6638830897703549	479	lower conditional utility indicates greater substitution/redundancy
post-hoc experimental-design extension	6s_E1_to_E2	6-somite	E1	E1→E2	10.0	0.75	mcm2	hoxb9a	15	10	0.0006594154549637854	0.00010836820185472495	0.6638830897703549	479	lower conditional utility indicates greater substitution/redundancy
post-hoc experimental-design extension	6s_E1_to_E2	6-somite	E1	E1→E2	10.0	0.75	mcm2	ntd5	15	11	0.0006500816656147546	0.00011223996297088368	0.6680584551148225	479	lower conditional utility indicates greater substitution/redundancy
post-hoc experimental-design extension	6s_E1_to_E2	6-somite	E1	E1→E2	10.0	0.75	mcm2	sox11a	15	12	0.0012010866700720713	0.00017625717464890903	0.7035490605427975	479	lower conditional utility indicates greater substitution/redundancy
post-hoc experimental-design extension	6s_E1_to_E2	6-somite	E1	E1→E2	10.0	0.75	mcm2	gata5	15	13	0.0005417725403341622	9.016832576103084e-05	0.6534446764091858	479	lower conditional utility indicates greater substitution/redundancy
post-hoc experimental-design extension	6s_E1_to_E2	6-somite	E1	E1→E2	10.0	0.75	mcm2	prmt1	15	14	0.0006844870606995818	0.00011982456779308093	0.6638830897703549	479	lower conditional utility indicates greater substitution/redundancy
post-hoc experimental-design extension	6s_E1_to_E2	6-somite	E1	E1→E2	10.0	0.75	mcm2	pax3a	15	16	0.0005823471840773475	9.903521081069955e-05	0.6534446764091858	479	lower conditional utility indicates greater substitution/redundancy
post-hoc experimental-design extension	6s_E1_to_E2	6-somite	E1	E1→E2	10.0	0.75	pax3a	cdh1	16	1	0.0004755449775354359	9.761885357384426e-05	0.5720250521920668	479	lower conditional utility indicates greater substitution/redundancy
post-hoc experimental-design extension	6s_E1_to_E2	6-somite	E1	E1→E2	10.0	0.75	pax3a	fn1b	16	2	0.00039201942959653235	0.0001045658203776556	0.5594989561586639	479	lower conditional utility indicates greater substitution/redundancy
post-hoc experimental-design extension	6s_E1_to_E2	6-somite	E1	E1→E2	10.0	0.75	pax3a	nsd2	16	3	0.0004005228704393182	9.508488501797085e-05	0.5824634655532359	479	lower conditional utility indicates greater substitution/redundancy
post-hoc experimental-design extension	6s_E1_to_E2	6-somite	E1	E1→E2	10.0	0.75	pax3a	tbx16l	16	4	0.00048248739649814354	8.728806816538093e-05	0.5866388308977035	479	lower conditional utility indicates greater substitution/redundancy
post-hoc experimental-design extension	6s_E1_to_E2	6-somite	E1	E1→E2	10.0	0.75	pax3a	rrbp1b	16	5	0.0006494000805333383	0.0001262740200849155	0.5782881002087683	479	lower conditional utility indicates greater substitution/redundancy
post-hoc experimental-design extension	6s_E1_to_E2	6-somite	E1	E1→E2	10.0	0.75	pax3a	fn1a	16	6	0.0006195010847832583	0.0001307902018683471	0.5970772442588727	479	lower conditional utility indicates greater substitution/redundancy
post-hoc experimental-design extension	6s_E1_to_E2	6-somite	E1	E1→E2	10.0	0.75	pax3a	znf185	16	7	0.00048594224195017133	9.627601189760027e-05	0.5845511482254697	479	lower conditional utility indicates greater substitution/redundancy
post-hoc experimental-design extension	6s_E1_to_E2	6-somite	E1	E1→E2	10.0	0.75	pax3a	six7	16	8	0.00034433844036318995	9.598050124541568e-05	0.5762004175365344	479	lower conditional utility indicates greater substitution/redundancy
post-hoc experimental-design extension	6s_E1_to_E2	6-somite	E1	E1→E2	10.0	0.75	pax3a	aurkb	16	9	0.0003150392102478916	8.262660915175912e-05	0.5636743215031316	479	lower conditional utility indicates greater substitution/redundancy
post-hoc experimental-design extension	6s_E1_to_E2	6-somite	E1	E1→E2	10.0	0.75	pax3a	hoxb9a	16	10	0.00041090807848331856	0.00011140039679358171	0.5887265135699373	479	lower conditional utility indicates greater substitution/redundancy
post-hoc experimental-design extension	6s_E1_to_E2	6-somite	E1	E1→E2	10.0	0.75	pax3a	ntd5	16	11	0.00044820967649264465	9.004417453106761e-05	0.5678496868475992	479	lower conditional utility indicates greater substitution/redundancy
post-hoc experimental-design extension	6s_E1_to_E2	6-somite	E1	E1→E2	10.0	0.75	pax3a	sox11a	16	12	0.0006518465233362192	0.00011751380705760095	0.5949895615866388	479	lower conditional utility indicates greater substitution/redundancy
post-hoc experimental-design extension	6s_E1_to_E2	6-somite	E1	E1→E2	10.0	0.75	pax3a	gata5	16	13	0.0004287215311886694	9.306091298028063e-05	0.5741127348643006	479	lower conditional utility indicates greater substitution/redundancy
post-hoc experimental-design extension	6s_E1_to_E2	6-somite	E1	E1→E2	10.0	0.75	pax3a	prmt1	16	14	0.0007178980703718141	0.0001185719977599975	0.6096033402922756	479	lower conditional utility indicates greater substitution/redundancy
post-hoc experimental-design extension	6s_E1_to_E2	6-somite	E1	E1→E2	10.0	0.75	pax3a	mcm2	16	15	0.00037077136835061975	9.050550321337836e-05	0.5678496868475992	479	lower conditional utility indicates greater substitution/redundancy
post-hoc experimental-design extension	6s_E2_to_E1	6-somite	E2	E2→E1	0.1	1.0	tagln2	tuba8l2	1	2	0.0011577917761280004	0.00017801420367169474	0.6597077244258872	479	lower conditional utility indicates greater substitution/redundancy
post-hoc experimental-design extension	6s_E2_to_E1	6-somite	E2	E2→E1	0.1	1.0	tagln2	fn1b	1	3	0.0011492657909401571	0.00015017935360928103	0.6450939457202505	479	lower conditional utility indicates greater substitution/redundancy
post-hoc experimental-design extension	6s_E2_to_E1	6-somite	E2	E2→E1	0.1	1.0	tagln2	rrbp1b	1	4	0.0013238887223606943	0.0001583140548253037	0.651356993736952	479	lower conditional utility indicates greater substitution/redundancy
post-hoc experimental-design extension	6s_E2_to_E1	6-somite	E2	E2→E1	0.1	1.0	tagln2	hoxc3a	1	5	0.0013525179575703261	0.00017419058539519527	0.6743215031315241	479	lower conditional utility indicates greater substitution/redundancy
post-hoc experimental-design extension	6s_E2_to_E1	6-somite	E2	E2→E1	0.1	1.0	tagln2	nsd2	1	6	0.0014785410895744033	0.0002038905374868033	0.6910229645093946	479	lower conditional utility indicates greater substitution/redundancy
post-hoc experimental-design extension	6s_E2_to_E1	6-somite	E2	E2→E1	0.1	1.0	tagln2	tbx16l	1	7	0.0013070794489560833	0.00017183595222031167	0.6701461377870563	479	lower conditional utility indicates greater substitution/redundancy
post-hoc experimental-design extension	6s_E2_to_E1	6-somite	E2	E2→E1	0.1	1.0	tagln2	znf185	1	8	0.0021473702105710007	0.00031544409089434566	0.6951983298538622	479	lower conditional utility indicates greater substitution/redundancy
post-hoc experimental-design extension	6s_E2_to_E1	6-somite	E2	E2→E1	0.1	1.0	tagln2	fn1a	1	9	0.0010400125714581376	0.0001332836607289556	0.6409185803757829	479	lower conditional utility indicates greater substitution/redundancy
post-hoc experimental-design extension	6s_E2_to_E1	6-somite	E2	E2→E1	0.1	1.0	tagln2	six7	1	10	0.0012206299575820423	0.00016061677905152005	0.6743215031315241	479	lower conditional utility indicates greater substitution/redundancy
post-hoc experimental-design extension	6s_E2_to_E1	6-somite	E2	E2→E1	0.1	1.0	tagln2	aurkb	1	11	0.0012197218247522734	0.00017782707747834858	0.6805845511482255	479	lower conditional utility indicates greater substitution/redundancy
post-hoc experimental-design extension	6s_E2_to_E1	6-somite	E2	E2→E1	0.1	1.0	tagln2	meox1	1	12	0.0009963620097380443	0.0001514097046199092	0.651356993736952	479	lower conditional utility indicates greater substitution/redundancy
post-hoc experimental-design extension	6s_E2_to_E1	6-somite	E2	E2→E1	0.1	1.0	tagln2	gata5	1	13	0.00159941960403448	0.00020852972765084132	0.6784968684759917	479	lower conditional utility indicates greater substitution/redundancy
post-hoc experimental-design extension	6s_E2_to_E1	6-somite	E2	E2→E1	0.1	1.0	tagln2	msx1b	1	14	0.0011636540387153227	0.00015799656638787463	0.6784968684759917	479	lower conditional utility indicates greater substitution/redundancy
post-hoc experimental-design extension	6s_E2_to_E1	6-somite	E2	E2→E1	0.1	1.0	tagln2	bmp4	1	15	0.0011946158682398234	0.00016589627577745514	0.6722338204592901	479	lower conditional utility indicates greater substitution/redundancy
post-hoc experimental-design extension	6s_E2_to_E1	6-somite	E2	E2→E1	0.1	1.0	tagln2	nanos3	1	16	0.001176413277887256	0.00016079339725391661	0.6805845511482255	479	lower conditional utility indicates greater substitution/redundancy
post-hoc experimental-design extension	6s_E2_to_E1	6-somite	E2	E2→E1	0.1	1.0	tuba8l2	tagln2	2	1	0.0020882256272173327	0.0002806948390745023	0.7014613778705637	479	lower conditional utility indicates greater substitution/redundancy
post-hoc experimental-design extension	6s_E2_to_E1	6-somite	E2	E2→E1	0.1	1.0	tuba8l2	fn1b	2	3	0.0025312525625396654	0.00043832407981889143	0.7160751565762005	479	lower conditional utility indicates greater substitution/redundancy
post-hoc experimental-design extension	6s_E2_to_E1	6-somite	E2	E2→E1	0.1	1.0	tuba8l2	rrbp1b	2	4	0.0037997931893231085	0.0006082093636554653	0.7453027139874739	479	lower conditional utility indicates greater substitution/redundancy
post-hoc experimental-design extension	6s_E2_to_E1	6-somite	E2	E2→E1	0.1	1.0	tuba8l2	hoxc3a	2	5	0.002107582964990251	0.00035851702980860267	0.6868475991649269	479	lower conditional utility indicates greater substitution/redundancy
post-hoc experimental-design extension	6s_E2_to_E1	6-somite	E2	E2→E1	0.1	1.0	tuba8l2	nsd2	2	6	0.0035912218051614986	0.0005218355430280375	0.7453027139874739	479	lower conditional utility indicates greater substitution/redundancy
post-hoc experimental-design extension	6s_E2_to_E1	6-somite	E2	E2→E1	0.1	1.0	tuba8l2	tbx16l	2	7	0.0022565024391460464	0.00033949017026491113	0.7139874739039666	479	lower conditional utility indicates greater substitution/redundancy
post-hoc experimental-design extension	6s_E2_to_E1	6-somite	E2	E2→E1	0.1	1.0	tuba8l2	znf185	2	8	0.002498976152957799	0.0004718883771021032	0.7098121085594989	479	lower conditional utility indicates greater substitution/redundancy
post-hoc experimental-design extension	6s_E2_to_E1	6-somite	E2	E2→E1	0.1	1.0	tuba8l2	fn1a	2	9	0.002469310553766091	0.0002959989798073659	0.6847599164926931	479	lower conditional utility indicates greater substitution/redundancy
post-hoc experimental-design extension	6s_E2_to_E1	6-somite	E2	E2→E1	0.1	1.0	tuba8l2	six7	2	10	0.0021481880456824254	0.00029627164416271	0.7014613778705637	479	lower conditional utility indicates greater substitution/redundancy
post-hoc experimental-design extension	6s_E2_to_E1	6-somite	E2	E2→E1	0.1	1.0	tuba8l2	aurkb	2	11	0.0022484412063503156	0.00028143949357306575	0.7014613778705637	479	lower conditional utility indicates greater substitution/redundancy
post-hoc experimental-design extension	6s_E2_to_E1	6-somite	E2	E2→E1	0.1	1.0	tuba8l2	meox1	2	12	0.002331006481618318	0.0003001860441148585	0.7181628392484343	479	lower conditional utility indicates greater substitution/redundancy
post-hoc experimental-design extension	6s_E2_to_E1	6-somite	E2	E2→E1	0.1	1.0	tuba8l2	gata5	2	13	0.0020457859672602385	0.00029260232283237486	0.6805845511482255	479	lower conditional utility indicates greater substitution/redundancy
post-hoc experimental-design extension	6s_E2_to_E1	6-somite	E2	E2→E1	0.1	1.0	tuba8l2	msx1b	2	14	0.002171404351885453	0.0003085771110173663	0.7098121085594989	479	lower conditional utility indicates greater substitution/redundancy
post-hoc experimental-design extension	6s_E2_to_E1	6-somite	E2	E2→E1	0.1	1.0	tuba8l2	bmp4	2	15	0.00195601457318334	0.00026708889256082946	0.6931106471816284	479	lower conditional utility indicates greater substitution/redundancy
post-hoc experimental-design extension	6s_E2_to_E1	6-somite	E2	E2→E1	0.1	1.0	tuba8l2	nanos3	2	16	0.002054789169252072	0.0002972399573450968	0.6993736951983298	479	lower conditional utility indicates greater substitution/redundancy
post-hoc experimental-design extension	6s_E2_to_E1	6-somite	E2	E2→E1	0.1	1.0	fn1b	tagln2	3	1	0.000782188696223915	0.00010168546852087901	0.5678496868475992	479	lower conditional utility indicates greater substitution/redundancy
post-hoc experimental-design extension	6s_E2_to_E1	6-somite	E2	E2→E1	0.1	1.0	fn1b	tuba8l2	3	2	0.0014319868747246223	0.000168375025737022	0.6116910229645094	479	lower conditional utility indicates greater substitution/redundancy
post-hoc experimental-design extension	6s_E2_to_E1	6-somite	E2	E2→E1	0.1	1.0	fn1b	rrbp1b	3	4	0.0010734567232556225	8.276484097569092e-05	0.569937369519833	479	lower conditional utility indicates greater substitution/redundancy
post-hoc experimental-design extension	6s_E2_to_E1	6-somite	E2	E2→E1	0.1	1.0	fn1b	hoxc3a	3	5	0.0008829216665166284	0.00010504414539130869	0.569937369519833	479	lower conditional utility indicates greater substitution/redundancy
post-hoc experimental-design extension	6s_E2_to_E1	6-somite	E2	E2→E1	0.1	1.0	fn1b	nsd2	3	6	0.001106554991248787	0.0001184149686669217	0.5741127348643006	479	lower conditional utility indicates greater substitution/redundancy
post-hoc experimental-design extension	6s_E2_to_E1	6-somite	E2	E2→E1	0.1	1.0	fn1b	tbx16l	3	7	0.0021592443039024634	0.00022361187706521068	0.6388308977035491	479	lower conditional utility indicates greater substitution/redundancy
post-hoc experimental-design extension	6s_E2_to_E1	6-somite	E2	E2→E1	0.1	1.0	fn1b	znf185	3	8	0.0012155316584876452	0.00015089843628646182	0.5991649269311065	479	lower conditional utility indicates greater substitution/redundancy
post-hoc experimental-design extension	6s_E2_to_E1	6-somite	E2	E2→E1	0.1	1.0	fn1b	fn1a	3	9	0.0011060470740775763	0.00011517270050592776	0.5741127348643006	479	lower conditional utility indicates greater substitution/redundancy
post-hoc experimental-design extension	6s_E2_to_E1	6-somite	E2	E2→E1	0.1	1.0	fn1b	six7	3	10	0.0009087329960627555	0.00010741533675076576	0.5678496868475992	479	lower conditional utility indicates greater substitution/redundancy
post-hoc experimental-design extension	6s_E2_to_E1	6-somite	E2	E2→E1	0.1	1.0	fn1b	aurkb	3	11	0.0009052394662936725	0.0001097987458393429	0.5803757828810021	479	lower conditional utility indicates greater substitution/redundancy
post-hoc experimental-design extension	6s_E2_to_E1	6-somite	E2	E2→E1	0.1	1.0	fn1b	meox1	3	12	0.001217359466889445	0.0001562692086014561	0.6137787056367432	479	lower conditional utility indicates greater substitution/redundancy
post-hoc experimental-design extension	6s_E2_to_E1	6-somite	E2	E2→E1	0.1	1.0	fn1b	gata5	3	13	0.0009139666515541878	0.00010535394365443485	0.5762004175365344	479	lower conditional utility indicates greater substitution/redundancy
post-hoc experimental-design extension	6s_E2_to_E1	6-somite	E2	E2→E1	0.1	1.0	fn1b	msx1b	3	14	0.001187357674926004	0.00011535133672227471	0.6137787056367432	479	lower conditional utility indicates greater substitution/redundancy
post-hoc experimental-design extension	6s_E2_to_E1	6-somite	E2	E2→E1	0.1	1.0	fn1b	bmp4	3	15	0.0011060434905032501	0.00010828527637013474	0.5782881002087683	479	lower conditional utility indicates greater substitution/redundancy
post-hoc experimental-design extension	6s_E2_to_E1	6-somite	E2	E2→E1	0.1	1.0	fn1b	nanos3	3	16	0.0009338803332504808	0.00010677741752534997	0.5762004175365344	479	lower conditional utility indicates greater substitution/redundancy
post-hoc experimental-design extension	6s_E2_to_E1	6-somite	E2	E2→E1	0.1	1.0	rrbp1b	tagln2	4	1	0.002937520957859263	0.00048291000911931947	0.6993736951983298	479	lower conditional utility indicates greater substitution/redundancy
post-hoc experimental-design extension	6s_E2_to_E1	6-somite	E2	E2→E1	0.1	1.0	rrbp1b	tuba8l2	4	2	0.0030593579626439493	0.0005839289586858643	0.7286012526096033	479	lower conditional utility indicates greater substitution/redundancy
post-hoc experimental-design extension	6s_E2_to_E1	6-somite	E2	E2→E1	0.1	1.0	rrbp1b	fn1b	4	3	0.002927068330198318	0.00044026613342196264	0.697286012526096	479	lower conditional utility indicates greater substitution/redundancy
post-hoc experimental-design extension	6s_E2_to_E1	6-somite	E2	E2→E1	0.1	1.0	rrbp1b	hoxc3a	4	5	0.002602283613257095	0.00042834395530089164	0.6847599164926931	479	lower conditional utility indicates greater substitution/redundancy
post-hoc experimental-design extension	6s_E2_to_E1	6-somite	E2	E2→E1	0.1	1.0	rrbp1b	nsd2	4	6	0.00326723798534867	0.000503358620982608	0.7098121085594989	479	lower conditional utility indicates greater substitution/redundancy
post-hoc experimental-design extension	6s_E2_to_E1	6-somite	E2	E2→E1	0.1	1.0	rrbp1b	tbx16l	4	7	0.0024949124804907186	0.00036730361044740034	0.697286012526096	479	lower conditional utility indicates greater substitution/redundancy
post-hoc experimental-design extension	6s_E2_to_E1	6-somite	E2	E2→E1	0.1	1.0	rrbp1b	znf185	4	8	0.0027989526891172983	0.0003945125909921715	0.7056367432150313	479	lower conditional utility indicates greater substitution/redundancy
post-hoc experimental-design extension	6s_E2_to_E1	6-somite	E2	E2→E1	0.1	1.0	rrbp1b	fn1a	4	9	0.002404370616619661	0.0003969851123901136	0.6868475991649269	479	lower conditional utility indicates greater substitution/redundancy
post-hoc experimental-design extension	6s_E2_to_E1	6-somite	E2	E2→E1	0.1	1.0	rrbp1b	six7	4	10	0.0025572256701751617	0.00044392803280984827	0.7014613778705637	479	lower conditional utility indicates greater substitution/redundancy
post-hoc experimental-design extension	6s_E2_to_E1	6-somite	E2	E2→E1	0.1	1.0	rrbp1b	aurkb	4	11	0.002671034266175487	0.00040978397354241025	0.6931106471816284	479	lower conditional utility indicates greater substitution/redundancy
post-hoc experimental-design extension	6s_E2_to_E1	6-somite	E2	E2→E1	0.1	1.0	rrbp1b	meox1	4	12	0.002540297684191839	0.0004225627627499895	0.6889352818371608	479	lower conditional utility indicates greater substitution/redundancy
post-hoc experimental-design extension	6s_E2_to_E1	6-somite	E2	E2→E1	0.1	1.0	rrbp1b	gata5	4	13	0.0041662565686862996	0.000689812837775361	0.7118997912317327	479	lower conditional utility indicates greater substitution/redundancy
post-hoc experimental-design extension	6s_E2_to_E1	6-somite	E2	E2→E1	0.1	1.0	rrbp1b	msx1b	4	14	0.0025161612050029203	0.0003389335699131024	0.6659707724425887	479	lower conditional utility indicates greater substitution/redundancy
post-hoc experimental-design extension	6s_E2_to_E1	6-somite	E2	E2→E1	0.1	1.0	rrbp1b	bmp4	4	15	0.0024745987323157234	0.0004102350514218478	0.6910229645093946	479	lower conditional utility indicates greater substitution/redundancy
post-hoc experimental-design extension	6s_E2_to_E1	6-somite	E2	E2→E1	0.1	1.0	rrbp1b	nanos3	4	16	0.0025777324950216896	0.00041946936845327354	0.6931106471816284	479	lower conditional utility indicates greater substitution/redundancy
post-hoc experimental-design extension	6s_E2_to_E1	6-somite	E2	E2→E1	0.1	1.0	hoxc3a	tagln2	5	1	0.0004385260001553287	5.4979710407632165e-05	0.5762004175365344	479	lower conditional utility indicates greater substitution/redundancy
post-hoc experimental-design extension	6s_E2_to_E1	6-somite	E2	E2→E1	0.1	1.0	hoxc3a	tuba8l2	5	2	0.0006282072868121213	9.124665578041924e-05	0.6179540709812108	479	lower conditional utility indicates greater substitution/redundancy
post-hoc experimental-design extension	6s_E2_to_E1	6-somite	E2	E2→E1	0.1	1.0	hoxc3a	fn1b	5	3	0.00037117230463573625	4.25811830384315e-05	0.5782881002087683	479	lower conditional utility indicates greater substitution/redundancy
post-hoc experimental-design extension	6s_E2_to_E1	6-somite	E2	E2→E1	0.1	1.0	hoxc3a	rrbp1b	5	4	0.0006296916311883949	6.374376515860813e-05	0.5908141962421712	479	lower conditional utility indicates greater substitution/redundancy
post-hoc experimental-design extension	6s_E2_to_E1	6-somite	E2	E2→E1	0.1	1.0	hoxc3a	nsd2	5	6	0.0008403911045250512	0.00011139264187681741	0.6096033402922756	479	lower conditional utility indicates greater substitution/redundancy
post-hoc experimental-design extension	6s_E2_to_E1	6-somite	E2	E2→E1	0.1	1.0	hoxc3a	tbx16l	5	7	0.0005613810970074296	5.2171422813912516e-05	0.5762004175365344	479	lower conditional utility indicates greater substitution/redundancy
post-hoc experimental-design extension	6s_E2_to_E1	6-somite	E2	E2→E1	0.1	1.0	hoxc3a	znf185	5	8	0.000639224240461006	5.9773435396981434e-05	0.6075156576200418	479	lower conditional utility indicates greater substitution/redundancy
post-hoc experimental-design extension	6s_E2_to_E1	6-somite	E2	E2→E1	0.1	1.0	hoxc3a	fn1a	5	9	0.000858129096783608	0.00012512047487484024	0.6221294363256785	479	lower conditional utility indicates greater substitution/redundancy
post-hoc experimental-design extension	6s_E2_to_E1	6-somite	E2	E2→E1	0.1	1.0	hoxc3a	six7	5	10	0.0006557311203098659	6.4765254120136e-05	0.5949895615866388	479	lower conditional utility indicates greater substitution/redundancy
post-hoc experimental-design extension	6s_E2_to_E1	6-somite	E2	E2→E1	0.1	1.0	hoxc3a	aurkb	5	11	0.0006440181152921332	7.383588986187295e-05	0.5970772442588727	479	lower conditional utility indicates greater substitution/redundancy
post-hoc experimental-design extension	6s_E2_to_E1	6-somite	E2	E2→E1	0.1	1.0	hoxc3a	meox1	5	12	0.0005888912392429946	5.575853351016957e-05	0.5866388308977035	479	lower conditional utility indicates greater substitution/redundancy
post-hoc experimental-design extension	6s_E2_to_E1	6-somite	E2	E2→E1	0.1	1.0	hoxc3a	gata5	5	13	0.0006510258299066707	6.499814120020098e-05	0.5908141962421712	479	lower conditional utility indicates greater substitution/redundancy
post-hoc experimental-design extension	6s_E2_to_E1	6-somite	E2	E2→E1	0.1	1.0	hoxc3a	msx1b	5	14	0.0006335302379942287	5.89765033228995e-05	0.5824634655532359	479	lower conditional utility indicates greater substitution/redundancy
post-hoc experimental-design extension	6s_E2_to_E1	6-somite	E2	E2→E1	0.1	1.0	hoxc3a	bmp4	5	15	0.0005010970670517451	6.84749649662586e-05	0.5845511482254697	479	lower conditional utility indicates greater substitution/redundancy
post-hoc experimental-design extension	6s_E2_to_E1	6-somite	E2	E2→E1	0.1	1.0	hoxc3a	nanos3	5	16	0.0005462129820706929	6.217816886233685e-05	0.5803757828810021	479	lower conditional utility indicates greater substitution/redundancy
post-hoc experimental-design extension	6s_E2_to_E1	6-somite	E2	E2→E1	0.1	1.0	nsd2	tagln2	6	1	0.0028007334369072323	0.00043979849815783956	0.7286012526096033	479	lower conditional utility indicates greater substitution/redundancy
post-hoc experimental-design extension	6s_E2_to_E1	6-somite	E2	E2→E1	0.1	1.0	nsd2	tuba8l2	6	2	0.003636484021411701	0.0006214888597659562	0.7515657620041754	479	lower conditional utility indicates greater substitution/redundancy
post-hoc experimental-design extension	6s_E2_to_E1	6-somite	E2	E2→E1	0.1	1.0	nsd2	fn1b	6	3	0.002257885630101153	0.0003888067768810233	0.7098121085594989	479	lower conditional utility indicates greater substitution/redundancy
post-hoc experimental-design extension	6s_E2_to_E1	6-somite	E2	E2→E1	0.1	1.0	nsd2	rrbp1b	6	4	0.003404574143927752	0.0004991446594394544	0.7536534446764092	479	lower conditional utility indicates greater substitution/redundancy
post-hoc experimental-design extension	6s_E2_to_E1	6-somite	E2	E2→E1	0.1	1.0	nsd2	hoxc3a	6	5	0.0024421994905653444	0.00038258056709911115	0.7265135699373695	479	lower conditional utility indicates greater substitution/redundancy
post-hoc experimental-design extension	6s_E2_to_E1	6-somite	E2	E2→E1	0.1	1.0	nsd2	tbx16l	6	7	0.002243230044865832	0.00038434725620400956	0.7035490605427975	479	lower conditional utility indicates greater substitution/redundancy
post-hoc experimental-design extension	6s_E2_to_E1	6-somite	E2	E2→E1	0.1	1.0	nsd2	znf185	6	8	0.002265376703146138	0.00035885116684902796	0.7139874739039666	479	lower conditional utility indicates greater substitution/redundancy
post-hoc experimental-design extension	6s_E2_to_E1	6-somite	E2	E2→E1	0.1	1.0	nsd2	fn1a	6	9	0.00233664416670043	0.00036468282988855183	0.7202505219206681	479	lower conditional utility indicates greater substitution/redundancy
post-hoc experimental-design extension	6s_E2_to_E1	6-somite	E2	E2→E1	0.1	1.0	nsd2	six7	6	10	0.0022784807017145192	0.0004013759256383531	0.7139874739039666	479	lower conditional utility indicates greater substitution/redundancy
post-hoc experimental-design extension	6s_E2_to_E1	6-somite	E2	E2→E1	0.1	1.0	nsd2	aurkb	6	11	0.003129956975383208	0.0005027686637536777	0.7160751565762005	479	lower conditional utility indicates greater substitution/redundancy
post-hoc experimental-design extension	6s_E2_to_E1	6-somite	E2	E2→E1	0.1	1.0	nsd2	meox1	6	12	0.0021825022134029926	0.00043340545130465813	0.7202505219206681	479	lower conditional utility indicates greater substitution/redundancy
post-hoc experimental-design extension	6s_E2_to_E1	6-somite	E2	E2→E1	0.1	1.0	nsd2	gata5	6	13	0.0021928464506027756	0.0003726068469765975	0.7077244258872651	479	lower conditional utility indicates greater substitution/redundancy
post-hoc experimental-design extension	6s_E2_to_E1	6-somite	E2	E2→E1	0.1	1.0	nsd2	msx1b	6	14	0.0022638037212603934	0.00039609534944834435	0.7056367432150313	479	lower conditional utility indicates greater substitution/redundancy
post-hoc experimental-design extension	6s_E2_to_E1	6-somite	E2	E2→E1	0.1	1.0	nsd2	bmp4	6	15	0.0023639796912962308	0.0004195219277332851	0.7077244258872651	479	lower conditional utility indicates greater substitution/redundancy
post-hoc experimental-design extension	6s_E2_to_E1	6-somite	E2	E2→E1	0.1	1.0	nsd2	nanos3	6	16	0.0022699591744405334	0.0003879477673301157	0.7139874739039666	479	lower conditional utility indicates greater substitution/redundancy
post-hoc experimental-design extension	6s_E2_to_E1	6-somite	E2	E2→E1	0.1	1.0	tbx16l	tagln2	7	1	0.001300425186162385	0.00015747686857914278	0.6263048016701461	479	lower conditional utility indicates greater substitution/redundancy
post-hoc experimental-design extension	6s_E2_to_E1	6-somite	E2	E2→E1	0.1	1.0	tbx16l	tuba8l2	7	2	0.0015020370096303637	0.00017801536511941052	0.6430062630480167	479	lower conditional utility indicates greater substitution/redundancy
post-hoc experimental-design extension	6s_E2_to_E1	6-somite	E2	E2→E1	0.1	1.0	tbx16l	fn1b	7	3	0.0022865495047995343	0.00034024166841761794	0.7014613778705637	479	lower conditional utility indicates greater substitution/redundancy
post-hoc experimental-design extension	6s_E2_to_E1	6-somite	E2	E2→E1	0.1	1.0	tbx16l	rrbp1b	7	4	0.0013248485119756181	0.00012122445223794465	0.6346555323590815	479	lower conditional utility indicates greater substitution/redundancy
post-hoc experimental-design extension	6s_E2_to_E1	6-somite	E2	E2→E1	0.1	1.0	tbx16l	hoxc3a	7	5	0.001163389879699106	0.0001453598477217377	0.6283924843423799	479	lower conditional utility indicates greater substitution/redundancy
post-hoc experimental-design extension	6s_E2_to_E1	6-somite	E2	E2→E1	0.1	1.0	tbx16l	nsd2	7	6	0.0012205574923980778	0.00013563950443168382	0.6263048016701461	479	lower conditional utility indicates greater substitution/redundancy
post-hoc experimental-design extension	6s_E2_to_E1	6-somite	E2	E2→E1	0.1	1.0	tbx16l	znf185	7	8	0.0012354842097359875	0.00014641424819666904	0.6304801670146137	479	lower conditional utility indicates greater substitution/redundancy
post-hoc experimental-design extension	6s_E2_to_E1	6-somite	E2	E2→E1	0.1	1.0	tbx16l	fn1a	7	9	0.0013976283586878413	0.000124940882095248	0.6304801670146137	479	lower conditional utility indicates greater substitution/redundancy
post-hoc experimental-design extension	6s_E2_to_E1	6-somite	E2	E2→E1	0.1	1.0	tbx16l	six7	7	10	0.0011407942284705486	0.00013953719826975686	0.6283924843423799	479	lower conditional utility indicates greater substitution/redundancy
post-hoc experimental-design extension	6s_E2_to_E1	6-somite	E2	E2→E1	0.1	1.0	tbx16l	aurkb	7	11	0.0013347030262399473	0.00013169400486418015	0.6346555323590815	479	lower conditional utility indicates greater substitution/redundancy
post-hoc experimental-design extension	6s_E2_to_E1	6-somite	E2	E2→E1	0.1	1.0	tbx16l	meox1	7	12	0.0013549733232390004	0.00018035327676330093	0.6304801670146137	479	lower conditional utility indicates greater substitution/redundancy
post-hoc experimental-design extension	6s_E2_to_E1	6-somite	E2	E2→E1	0.1	1.0	tbx16l	gata5	7	13	0.0012596424735875078	0.0001306604651786225	0.6346555323590815	479	lower conditional utility indicates greater substitution/redundancy
post-hoc experimental-design extension	6s_E2_to_E1	6-somite	E2	E2→E1	0.1	1.0	tbx16l	msx1b	7	14	0.0014591659964413584	0.00019996259068794098	0.6597077244258872	479	lower conditional utility indicates greater substitution/redundancy
post-hoc experimental-design extension	6s_E2_to_E1	6-somite	E2	E2→E1	0.1	1.0	tbx16l	bmp4	7	15	0.001272951343483264	0.0001363931128896545	0.6346555323590815	479	lower conditional utility indicates greater substitution/redundancy
post-hoc experimental-design extension	6s_E2_to_E1	6-somite	E2	E2→E1	0.1	1.0	tbx16l	nanos3	7	16	0.0012864724494503488	0.00013049166033189674	0.6367432150313153	479	lower conditional utility indicates greater substitution/redundancy
post-hoc experimental-design extension	6s_E2_to_E1	6-somite	E2	E2→E1	0.1	1.0	znf185	tagln2	8	1	0.0018967672459518359	0.00022683567604953048	0.6805845511482255	479	lower conditional utility indicates greater substitution/redundancy
post-hoc experimental-design extension	6s_E2_to_E1	6-somite	E2	E2→E1	0.1	1.0	znf185	tuba8l2	8	2	0.0011969009285023313	0.0001747109943655567	0.6471816283924844	479	lower conditional utility indicates greater substitution/redundancy
post-hoc experimental-design extension	6s_E2_to_E1	6-somite	E2	E2→E1	0.1	1.0	znf185	fn1b	8	3	0.0010857399918372534	0.00018341409714897616	0.6534446764091858	479	lower conditional utility indicates greater substitution/redundancy
post-hoc experimental-design extension	6s_E2_to_E1	6-somite	E2	E2→E1	0.1	1.0	znf185	rrbp1b	8	4	0.0008681839587370288	0.00010214713388784213	0.6263048016701461	479	lower conditional utility indicates greater substitution/redundancy
post-hoc experimental-design extension	6s_E2_to_E1	6-somite	E2	E2→E1	0.1	1.0	znf185	hoxc3a	8	5	0.0008702856534346104	8.516385302159701e-05	0.6263048016701461	479	lower conditional utility indicates greater substitution/redundancy
post-hoc experimental-design extension	6s_E2_to_E1	6-somite	E2	E2→E1	0.1	1.0	znf185	nsd2	8	6	0.0007270120694759519	9.13434301570426e-05	0.6116910229645094	479	lower conditional utility indicates greater substitution/redundancy
post-hoc experimental-design extension	6s_E2_to_E1	6-somite	E2	E2→E1	0.1	1.0	znf185	tbx16l	8	7	0.0008627568244553505	8.703985779101586e-05	0.6242171189979123	479	lower conditional utility indicates greater substitution/redundancy
post-hoc experimental-design extension	6s_E2_to_E1	6-somite	E2	E2→E1	0.1	1.0	znf185	fn1a	8	9	0.0008937693406282365	8.494616415208323e-05	0.6012526096033403	479	lower conditional utility indicates greater substitution/redundancy
post-hoc experimental-design extension	6s_E2_to_E1	6-somite	E2	E2→E1	0.1	1.0	znf185	six7	8	10	0.0007424312755011098	7.390212403327046e-05	0.6033402922755741	479	lower conditional utility indicates greater substitution/redundancy
post-hoc experimental-design extension	6s_E2_to_E1	6-somite	E2	E2→E1	0.1	1.0	znf185	aurkb	8	11	0.0010046328563273615	0.00011053669532759547	0.6200417536534447	479	lower conditional utility indicates greater substitution/redundancy
post-hoc experimental-design extension	6s_E2_to_E1	6-somite	E2	E2→E1	0.1	1.0	znf185	meox1	8	12	0.0010123409459678046	0.00012574198581166707	0.6388308977035491	479	lower conditional utility indicates greater substitution/redundancy
post-hoc experimental-design extension	6s_E2_to_E1	6-somite	E2	E2→E1	0.1	1.0	znf185	gata5	8	13	0.0007919876405872162	0.00010605034770305721	0.615866388308977	479	lower conditional utility indicates greater substitution/redundancy
post-hoc experimental-design extension	6s_E2_to_E1	6-somite	E2	E2→E1	0.1	1.0	znf185	msx1b	8	14	0.0011498942997700962	0.000149164174612193	0.6430062630480167	479	lower conditional utility indicates greater substitution/redundancy
post-hoc experimental-design extension	6s_E2_to_E1	6-somite	E2	E2→E1	0.1	1.0	znf185	bmp4	8	15	0.0007286719482817727	8.0218997168785e-05	0.6012526096033403	479	lower conditional utility indicates greater substitution/redundancy
post-hoc experimental-design extension	6s_E2_to_E1	6-somite	E2	E2→E1	0.1	1.0	znf185	nanos3	8	16	0.0007065055050559099	7.764004775528965e-05	0.6137787056367432	479	lower conditional utility indicates greater substitution/redundancy
post-hoc experimental-design extension	6s_E2_to_E1	6-somite	E2	E2→E1	0.1	1.0	fn1a	tagln2	9	1	0.0014224702377816922	0.00019199281627674258	0.5949895615866388	479	lower conditional utility indicates greater substitution/redundancy
post-hoc experimental-design extension	6s_E2_to_E1	6-somite	E2	E2→E1	0.1	1.0	fn1a	tuba8l2	9	2	0.001447341226744281	0.00017722672607831114	0.6033402922755741	479	lower conditional utility indicates greater substitution/redundancy
post-hoc experimental-design extension	6s_E2_to_E1	6-somite	E2	E2→E1	0.1	1.0	fn1a	fn1b	9	3	0.0015545922951716307	0.00016705964518917704	0.6012526096033403	479	lower conditional utility indicates greater substitution/redundancy
post-hoc experimental-design extension	6s_E2_to_E1	6-somite	E2	E2→E1	0.1	1.0	fn1a	rrbp1b	9	4	0.0014092447170303037	0.0001369936548344941	0.5949895615866388	479	lower conditional utility indicates greater substitution/redundancy
post-hoc experimental-design extension	6s_E2_to_E1	6-somite	E2	E2→E1	0.1	1.0	fn1a	hoxc3a	9	5	0.0016010957878372228	0.0001889539286150932	0.6137787056367432	479	lower conditional utility indicates greater substitution/redundancy
post-hoc experimental-design extension	6s_E2_to_E1	6-somite	E2	E2→E1	0.1	1.0	fn1a	nsd2	9	6	0.0019168674744695496	0.0001454120916356133	0.5991649269311065	479	lower conditional utility indicates greater substitution/redundancy
post-hoc experimental-design extension	6s_E2_to_E1	6-somite	E2	E2→E1	0.1	1.0	fn1a	tbx16l	9	7	0.0018396423175506271	0.00018799205345026992	0.5991649269311065	479	lower conditional utility indicates greater substitution/redundancy
post-hoc experimental-design extension	6s_E2_to_E1	6-somite	E2	E2→E1	0.1	1.0	fn1a	znf185	9	8	0.0016696061766822146	0.00026009581221425604	0.6325678496868476	479	lower conditional utility indicates greater substitution/redundancy
post-hoc experimental-design extension	6s_E2_to_E1	6-somite	E2	E2→E1	0.1	1.0	fn1a	six7	9	10	0.0016063235628968053	0.0001517352240900105	0.5908141962421712	479	lower conditional utility indicates greater substitution/redundancy
post-hoc experimental-design extension	6s_E2_to_E1	6-somite	E2	E2→E1	0.1	1.0	fn1a	aurkb	9	11	0.0018764474068925785	0.00016938174379818594	0.5991649269311065	479	lower conditional utility indicates greater substitution/redundancy
post-hoc experimental-design extension	6s_E2_to_E1	6-somite	E2	E2→E1	0.1	1.0	fn1a	meox1	9	12	0.0018936994697938692	0.00017072224061875918	0.6200417536534447	479	lower conditional utility indicates greater substitution/redundancy
post-hoc experimental-design extension	6s_E2_to_E1	6-somite	E2	E2→E1	0.1	1.0	fn1a	gata5	9	13	0.0015183101588011338	0.00016307524419839625	0.5845511482254697	479	lower conditional utility indicates greater substitution/redundancy
post-hoc experimental-design extension	6s_E2_to_E1	6-somite	E2	E2→E1	0.1	1.0	fn1a	msx1b	9	14	0.0018623590165630644	0.0001924618047006721	0.6200417536534447	479	lower conditional utility indicates greater substitution/redundancy
post-hoc experimental-design extension	6s_E2_to_E1	6-somite	E2	E2→E1	0.1	1.0	fn1a	bmp4	9	15	0.001454204684670557	0.00015573801079588057	0.5970772442588727	479	lower conditional utility indicates greater substitution/redundancy
post-hoc experimental-design extension	6s_E2_to_E1	6-somite	E2	E2→E1	0.1	1.0	fn1a	nanos3	9	16	0.001741182508136152	0.0001637868084050087	0.592901878914405	479	lower conditional utility indicates greater substitution/redundancy
post-hoc experimental-design extension	6s_E2_to_E1	6-somite	E2	E2→E1	0.1	1.0	six7	tagln2	10	1	0.0008380502765224507	0.0001014300987827732	0.6263048016701461	479	lower conditional utility indicates greater substitution/redundancy
post-hoc experimental-design extension	6s_E2_to_E1	6-somite	E2	E2→E1	0.1	1.0	six7	tuba8l2	10	2	0.0009340442149099459	0.00012223055086243995	0.6179540709812108	479	lower conditional utility indicates greater substitution/redundancy
post-hoc experimental-design extension	6s_E2_to_E1	6-somite	E2	E2→E1	0.1	1.0	six7	fn1b	10	3	0.0006638094191677157	0.0001029742526938715	0.6200417536534447	479	lower conditional utility indicates greater substitution/redundancy
post-hoc experimental-design extension	6s_E2_to_E1	6-somite	E2	E2→E1	0.1	1.0	six7	rrbp1b	10	4	0.0008894029121252478	0.00010142568331275581	0.6137787056367432	479	lower conditional utility indicates greater substitution/redundancy
post-hoc experimental-design extension	6s_E2_to_E1	6-somite	E2	E2→E1	0.1	1.0	six7	hoxc3a	10	5	0.0010065706765473026	0.00015025411853392123	0.6283924843423799	479	lower conditional utility indicates greater substitution/redundancy
post-hoc experimental-design extension	6s_E2_to_E1	6-somite	E2	E2→E1	0.1	1.0	six7	nsd2	10	6	0.0007000166045784684	9.183734487211437e-05	0.6075156576200418	479	lower conditional utility indicates greater substitution/redundancy
post-hoc experimental-design extension	6s_E2_to_E1	6-somite	E2	E2→E1	0.1	1.0	six7	tbx16l	10	7	0.0008553463353102031	0.00013203507008618942	0.6409185803757829	479	lower conditional utility indicates greater substitution/redundancy
post-hoc experimental-design extension	6s_E2_to_E1	6-somite	E2	E2→E1	0.1	1.0	six7	znf185	10	8	0.0008424738785018926	9.78533296562556e-05	0.615866388308977	479	lower conditional utility indicates greater substitution/redundancy
post-hoc experimental-design extension	6s_E2_to_E1	6-somite	E2	E2→E1	0.1	1.0	six7	fn1a	10	9	0.0007360076409362315	9.562147434619139e-05	0.6200417536534447	479	lower conditional utility indicates greater substitution/redundancy
post-hoc experimental-design extension	6s_E2_to_E1	6-somite	E2	E2→E1	0.1	1.0	six7	aurkb	10	11	0.0009393806949399286	0.00011729595762957623	0.6263048016701461	479	lower conditional utility indicates greater substitution/redundancy
post-hoc experimental-design extension	6s_E2_to_E1	6-somite	E2	E2→E1	0.1	1.0	six7	meox1	10	12	0.0007881873911769754	0.00010497263488362663	0.6200417536534447	479	lower conditional utility indicates greater substitution/redundancy
post-hoc experimental-design extension	6s_E2_to_E1	6-somite	E2	E2→E1	0.1	1.0	six7	gata5	10	13	0.0009264853880808221	0.00014576826931816944	0.6325678496868476	479	lower conditional utility indicates greater substitution/redundancy
post-hoc experimental-design extension	6s_E2_to_E1	6-somite	E2	E2→E1	0.1	1.0	six7	msx1b	10	14	0.0008728027814061956	0.00013081441213719236	0.6325678496868476	479	lower conditional utility indicates greater substitution/redundancy
post-hoc experimental-design extension	6s_E2_to_E1	6-somite	E2	E2→E1	0.1	1.0	six7	bmp4	10	15	0.0009048173614183974	0.00011915195436404402	0.6304801670146137	479	lower conditional utility indicates greater substitution/redundancy
post-hoc experimental-design extension	6s_E2_to_E1	6-somite	E2	E2→E1	0.1	1.0	six7	nanos3	10	16	0.0008875369119056842	0.00010969469687857614	0.6221294363256785	479	lower conditional utility indicates greater substitution/redundancy
post-hoc experimental-design extension	6s_E2_to_E1	6-somite	E2	E2→E1	0.1	1.0	aurkb	tagln2	11	1	0.0008763815708339451	0.0001571233356711943	0.7056367432150313	479	lower conditional utility indicates greater substitution/redundancy
post-hoc experimental-design extension	6s_E2_to_E1	6-somite	E2	E2→E1	0.1	1.0	aurkb	tuba8l2	11	2	0.0007270427742044339	8.876257356968398e-05	0.6868475991649269	479	lower conditional utility indicates greater substitution/redundancy
post-hoc experimental-design extension	6s_E2_to_E1	6-somite	E2	E2→E1	0.1	1.0	aurkb	fn1b	11	3	0.0007196583197771611	9.625082919798023e-05	0.6931106471816284	479	lower conditional utility indicates greater substitution/redundancy
post-hoc experimental-design extension	6s_E2_to_E1	6-somite	E2	E2→E1	0.1	1.0	aurkb	rrbp1b	11	4	0.001016522859787039	0.00016066519305135696	0.6910229645093946	479	lower conditional utility indicates greater substitution/redundancy
post-hoc experimental-design extension	6s_E2_to_E1	6-somite	E2	E2→E1	0.1	1.0	aurkb	hoxc3a	11	5	0.000751567921286056	0.0001147543751609803	0.7035490605427975	479	lower conditional utility indicates greater substitution/redundancy
post-hoc experimental-design extension	6s_E2_to_E1	6-somite	E2	E2→E1	0.1	1.0	aurkb	nsd2	11	6	0.0014193183417214872	0.00021624282383558846	0.7035490605427975	479	lower conditional utility indicates greater substitution/redundancy
post-hoc experimental-design extension	6s_E2_to_E1	6-somite	E2	E2→E1	0.1	1.0	aurkb	tbx16l	11	7	0.0007163303031303969	9.615695265824398e-05	0.6931106471816284	479	lower conditional utility indicates greater substitution/redundancy
post-hoc experimental-design extension	6s_E2_to_E1	6-somite	E2	E2→E1	0.1	1.0	aurkb	znf185	11	8	0.0010389687086145294	0.00014361514360641814	0.697286012526096	479	lower conditional utility indicates greater substitution/redundancy
post-hoc experimental-design extension	6s_E2_to_E1	6-somite	E2	E2→E1	0.1	1.0	aurkb	fn1a	11	9	0.0006847201705130201	0.00010711267584737061	0.6805845511482255	479	lower conditional utility indicates greater substitution/redundancy
post-hoc experimental-design extension	6s_E2_to_E1	6-somite	E2	E2→E1	0.1	1.0	aurkb	six7	11	10	0.0007065532253007906	0.00010271927909105694	0.6910229645093946	479	lower conditional utility indicates greater substitution/redundancy
post-hoc experimental-design extension	6s_E2_to_E1	6-somite	E2	E2→E1	0.1	1.0	aurkb	meox1	11	12	0.0007395719487970354	0.00013329119960647784	0.6868475991649269	479	lower conditional utility indicates greater substitution/redundancy
post-hoc experimental-design extension	6s_E2_to_E1	6-somite	E2	E2→E1	0.1	1.0	aurkb	gata5	11	13	0.0007350202547840579	9.724219815887558e-05	0.6931106471816284	479	lower conditional utility indicates greater substitution/redundancy
post-hoc experimental-design extension	6s_E2_to_E1	6-somite	E2	E2→E1	0.1	1.0	aurkb	msx1b	11	14	0.0006288728526934184	0.00010162562397150743	0.6680584551148225	479	lower conditional utility indicates greater substitution/redundancy
post-hoc experimental-design extension	6s_E2_to_E1	6-somite	E2	E2→E1	0.1	1.0	aurkb	bmp4	11	15	0.0007550258074869864	0.00011222358169726832	0.697286012526096	479	lower conditional utility indicates greater substitution/redundancy
post-hoc experimental-design extension	6s_E2_to_E1	6-somite	E2	E2→E1	0.1	1.0	aurkb	nanos3	11	16	0.0007226739389823988	9.42218923592475e-05	0.6951983298538622	479	lower conditional utility indicates greater substitution/redundancy
post-hoc experimental-design extension	6s_E2_to_E1	6-somite	E2	E2→E1	0.1	1.0	meox1	tagln2	12	1	0.000715852308646639	8.111035285748858e-05	0.5678496868475992	479	lower conditional utility indicates greater substitution/redundancy
post-hoc experimental-design extension	6s_E2_to_E1	6-somite	E2	E2→E1	0.1	1.0	meox1	tuba8l2	12	2	0.0007778619190558778	9.098485070224704e-05	0.5866388308977035	479	lower conditional utility indicates greater substitution/redundancy
post-hoc experimental-design extension	6s_E2_to_E1	6-somite	E2	E2→E1	0.1	1.0	meox1	fn1b	12	3	0.0006873575169399349	0.00010043292979777796	0.5845511482254697	479	lower conditional utility indicates greater substitution/redundancy
post-hoc experimental-design extension	6s_E2_to_E1	6-somite	E2	E2→E1	0.1	1.0	meox1	rrbp1b	12	4	0.0003862716422966539	5.164359136700103e-05	0.55741127348643	479	lower conditional utility indicates greater substitution/redundancy
post-hoc experimental-design extension	6s_E2_to_E1	6-somite	E2	E2→E1	0.1	1.0	meox1	hoxc3a	12	5	0.000642082341718142	8.41105124584074e-05	0.5782881002087683	479	lower conditional utility indicates greater substitution/redundancy
post-hoc experimental-design extension	6s_E2_to_E1	6-somite	E2	E2→E1	0.1	1.0	meox1	nsd2	12	6	0.0006199159796574927	6.402155626505923e-05	0.5678496868475992	479	lower conditional utility indicates greater substitution/redundancy
post-hoc experimental-design extension	6s_E2_to_E1	6-somite	E2	E2→E1	0.1	1.0	meox1	tbx16l	12	7	0.0012939394492883505	0.00013229030739664305	0.5887265135699373	479	lower conditional utility indicates greater substitution/redundancy
post-hoc experimental-design extension	6s_E2_to_E1	6-somite	E2	E2→E1	0.1	1.0	meox1	znf185	12	8	0.0008920335333926221	0.00010876467359335895	0.5824634655532359	479	lower conditional utility indicates greater substitution/redundancy
post-hoc experimental-design extension	6s_E2_to_E1	6-somite	E2	E2→E1	0.1	1.0	meox1	fn1a	12	9	0.0008996620094984253	0.00011052978318465412	0.5949895615866388	479	lower conditional utility indicates greater substitution/redundancy
post-hoc experimental-design extension	6s_E2_to_E1	6-somite	E2	E2→E1	0.1	1.0	meox1	six7	12	10	0.0006454940686170807	7.571180869417327e-05	0.5762004175365344	479	lower conditional utility indicates greater substitution/redundancy
post-hoc experimental-design extension	6s_E2_to_E1	6-somite	E2	E2→E1	0.1	1.0	meox1	aurkb	12	11	0.0009057633566130208	0.00011968196498526873	0.5803757828810021	479	lower conditional utility indicates greater substitution/redundancy
post-hoc experimental-design extension	6s_E2_to_E1	6-somite	E2	E2→E1	0.1	1.0	meox1	gata5	12	13	0.0006609300623628689	7.048074101334567e-05	0.5762004175365344	479	lower conditional utility indicates greater substitution/redundancy
post-hoc experimental-design extension	6s_E2_to_E1	6-somite	E2	E2→E1	0.1	1.0	meox1	msx1b	12	14	0.000986161402882435	0.00011954712624284713	0.6075156576200418	479	lower conditional utility indicates greater substitution/redundancy
post-hoc experimental-design extension	6s_E2_to_E1	6-somite	E2	E2→E1	0.1	1.0	meox1	bmp4	12	15	0.000695771314515925	7.91209702193929e-05	0.5720250521920668	479	lower conditional utility indicates greater substitution/redundancy
post-hoc experimental-design extension	6s_E2_to_E1	6-somite	E2	E2→E1	0.1	1.0	meox1	nanos3	12	16	0.0007164207845208881	8.748190704715997e-05	0.5824634655532359	479	lower conditional utility indicates greater substitution/redundancy
post-hoc experimental-design extension	6s_E2_to_E1	6-somite	E2	E2→E1	0.1	1.0	gata5	tagln2	13	1	0.0009406639443769738	0.00011522633341265465	0.6325678496868476	479	lower conditional utility indicates greater substitution/redundancy
post-hoc experimental-design extension	6s_E2_to_E1	6-somite	E2	E2→E1	0.1	1.0	gata5	tuba8l2	13	2	0.0006378690513793306	6.749284526663679e-05	0.5991649269311065	479	lower conditional utility indicates greater substitution/redundancy
post-hoc experimental-design extension	6s_E2_to_E1	6-somite	E2	E2→E1	0.1	1.0	gata5	fn1b	13	3	0.0005362363580988516	6.191232643015798e-05	0.5845511482254697	479	lower conditional utility indicates greater substitution/redundancy
post-hoc experimental-design extension	6s_E2_to_E1	6-somite	E2	E2→E1	0.1	1.0	gata5	rrbp1b	13	4	0.0017736666593849426	0.00024199838552170505	0.6764091858037579	479	lower conditional utility indicates greater substitution/redundancy
post-hoc experimental-design extension	6s_E2_to_E1	6-somite	E2	E2→E1	0.1	1.0	gata5	hoxc3a	13	5	0.0006685785066658512	7.271511374233597e-05	0.5949895615866388	479	lower conditional utility indicates greater substitution/redundancy
post-hoc experimental-design extension	6s_E2_to_E1	6-somite	E2	E2→E1	0.1	1.0	gata5	nsd2	13	6	0.000485258059609861	5.4234809546083174e-05	0.5824634655532359	479	lower conditional utility indicates greater substitution/redundancy
post-hoc experimental-design extension	6s_E2_to_E1	6-somite	E2	E2→E1	0.1	1.0	gata5	tbx16l	13	7	0.0005604634725208113	6.877981278674561e-05	0.5908141962421712	479	lower conditional utility indicates greater substitution/redundancy
post-hoc experimental-design extension	6s_E2_to_E1	6-somite	E2	E2→E1	0.1	1.0	gata5	znf185	13	8	0.0005545642864944189	8.174614815048553e-05	0.5970772442588727	479	lower conditional utility indicates greater substitution/redundancy
post-hoc experimental-design extension	6s_E2_to_E1	6-somite	E2	E2→E1	0.1	1.0	gata5	fn1a	13	9	0.0006102854925565948	7.410640278937564e-05	0.5970772442588727	479	lower conditional utility indicates greater substitution/redundancy
post-hoc experimental-design extension	6s_E2_to_E1	6-somite	E2	E2→E1	0.1	1.0	gata5	six7	13	10	0.0003933938047275265	5.5548074556072136e-05	0.5866388308977035	479	lower conditional utility indicates greater substitution/redundancy
post-hoc experimental-design extension	6s_E2_to_E1	6-somite	E2	E2→E1	0.1	1.0	gata5	aurkb	13	11	0.0006301665201724482	6.444986606607417e-05	0.5970772442588727	479	lower conditional utility indicates greater substitution/redundancy
post-hoc experimental-design extension	6s_E2_to_E1	6-somite	E2	E2→E1	0.1	1.0	gata5	meox1	13	12	0.0005660940319239249	6.191497547453073e-05	0.5887265135699373	479	lower conditional utility indicates greater substitution/redundancy
post-hoc experimental-design extension	6s_E2_to_E1	6-somite	E2	E2→E1	0.1	1.0	gata5	msx1b	13	14	0.0004963193398778154	6.305483221173691e-05	0.5845511482254697	479	lower conditional utility indicates greater substitution/redundancy
post-hoc experimental-design extension	6s_E2_to_E1	6-somite	E2	E2→E1	0.1	1.0	gata5	bmp4	13	15	0.0005988370102183449	7.80554355984675e-05	0.5970772442588727	479	lower conditional utility indicates greater substitution/redundancy
post-hoc experimental-design extension	6s_E2_to_E1	6-somite	E2	E2→E1	0.1	1.0	gata5	nanos3	13	16	0.0006302266445242788	6.831977173277215e-05	0.5949895615866388	479	lower conditional utility indicates greater substitution/redundancy
post-hoc experimental-design extension	6s_E2_to_E1	6-somite	E2	E2→E1	0.1	1.0	msx1b	tagln2	14	1	0.002248389761091596	0.00029177276077943515	0.6576200417536534	479	lower conditional utility indicates greater substitution/redundancy
post-hoc experimental-design extension	6s_E2_to_E1	6-somite	E2	E2→E1	0.1	1.0	msx1b	tuba8l2	14	2	0.0024209907542101505	0.00029233525981492425	0.6555323590814196	479	lower conditional utility indicates greater substitution/redundancy
post-hoc experimental-design extension	6s_E2_to_E1	6-somite	E2	E2→E1	0.1	1.0	msx1b	fn1b	14	3	0.0022416510875102047	0.0002616403664300049	0.6576200417536534	479	lower conditional utility indicates greater substitution/redundancy
post-hoc experimental-design extension	6s_E2_to_E1	6-somite	E2	E2→E1	0.1	1.0	msx1b	rrbp1b	14	4	0.0023693730368656574	0.000345398487522075	0.6534446764091858	479	lower conditional utility indicates greater substitution/redundancy
post-hoc experimental-design extension	6s_E2_to_E1	6-somite	E2	E2→E1	0.1	1.0	msx1b	hoxc3a	14	5	0.0023210441481875677	0.00029974501836985135	0.6576200417536534	479	lower conditional utility indicates greater substitution/redundancy
post-hoc experimental-design extension	6s_E2_to_E1	6-somite	E2	E2→E1	0.1	1.0	msx1b	nsd2	14	6	0.0022660877578253857	0.00031567360341305806	0.6701461377870563	479	lower conditional utility indicates greater substitution/redundancy
post-hoc experimental-design extension	6s_E2_to_E1	6-somite	E2	E2→E1	0.1	1.0	msx1b	tbx16l	14	7	0.0029693196952477185	0.00037344353399951236	0.6826722338204593	479	lower conditional utility indicates greater substitution/redundancy
post-hoc experimental-design extension	6s_E2_to_E1	6-somite	E2	E2→E1	0.1	1.0	msx1b	znf185	14	8	0.0025331325108348124	0.00031335748206612335	0.6701461377870563	479	lower conditional utility indicates greater substitution/redundancy
post-hoc experimental-design extension	6s_E2_to_E1	6-somite	E2	E2→E1	0.1	1.0	msx1b	fn1a	14	9	0.002084120431888825	0.00024443316590117004	0.6597077244258872	479	lower conditional utility indicates greater substitution/redundancy
post-hoc experimental-design extension	6s_E2_to_E1	6-somite	E2	E2→E1	0.1	1.0	msx1b	six7	14	10	0.0023237378283599286	0.0002943705517549078	0.6576200417536534	479	lower conditional utility indicates greater substitution/redundancy
post-hoc experimental-design extension	6s_E2_to_E1	6-somite	E2	E2→E1	0.1	1.0	msx1b	aurkb	14	11	0.002217768714105388	0.00030848638616770563	0.6638830897703549	479	lower conditional utility indicates greater substitution/redundancy
post-hoc experimental-design extension	6s_E2_to_E1	6-somite	E2	E2→E1	0.1	1.0	msx1b	meox1	14	12	0.0021817223369919314	0.000336846798810686	0.6722338204592901	479	lower conditional utility indicates greater substitution/redundancy
post-hoc experimental-design extension	6s_E2_to_E1	6-somite	E2	E2→E1	0.1	1.0	msx1b	gata5	14	13	0.002241569435525087	0.0002780821097859154	0.6555323590814196	479	lower conditional utility indicates greater substitution/redundancy
post-hoc experimental-design extension	6s_E2_to_E1	6-somite	E2	E2→E1	0.1	1.0	msx1b	bmp4	14	15	0.002367535789307651	0.0002612570216358745	0.6659707724425887	479	lower conditional utility indicates greater substitution/redundancy
post-hoc experimental-design extension	6s_E2_to_E1	6-somite	E2	E2→E1	0.1	1.0	msx1b	nanos3	14	16	0.002249274054301087	0.0002964606081547472	0.6576200417536534	479	lower conditional utility indicates greater substitution/redundancy
post-hoc experimental-design extension	6s_E2_to_E1	6-somite	E2	E2→E1	0.1	1.0	bmp4	tagln2	15	1	2.648030032514903e-05	-2.6410258583409174e-06	0.5135699373695198	479	lower conditional utility indicates greater substitution/redundancy
post-hoc experimental-design extension	6s_E2_to_E1	6-somite	E2	E2→E1	0.1	1.0	bmp4	tuba8l2	15	2	-4.2981743147985085e-07	-4.345102681213575e-06	0.4989561586638831	479	lower conditional utility indicates greater substitution/redundancy
post-hoc experimental-design extension	6s_E2_to_E1	6-somite	E2	E2→E1	0.1	1.0	bmp4	fn1b	15	3	0.0001485386288571089	1.3630440603651373e-05	0.5427974947807933	479	lower conditional utility indicates greater substitution/redundancy
post-hoc experimental-design extension	6s_E2_to_E1	6-somite	E2	E2→E1	0.1	1.0	bmp4	rrbp1b	15	4	3.509815120611437e-05	-6.381495152862904e-07	0.5198329853862212	479	lower conditional utility indicates greater substitution/redundancy
post-hoc experimental-design extension	6s_E2_to_E1	6-somite	E2	E2→E1	0.1	1.0	bmp4	hoxc3a	15	5	5.526892637841563e-05	2.9280777952417347e-06	0.5219206680584552	479	lower conditional utility indicates greater substitution/redundancy
post-hoc experimental-design extension	6s_E2_to_E1	6-somite	E2	E2→E1	0.1	1.0	bmp4	nsd2	15	6	6.64024146830311e-05	4.02996671400313e-06	0.534446764091858	479	lower conditional utility indicates greater substitution/redundancy
post-hoc experimental-design extension	6s_E2_to_E1	6-somite	E2	E2→E1	0.1	1.0	bmp4	tbx16l	15	7	3.648450202792253e-05	1.7413889265016635e-06	0.5177453027139874	479	lower conditional utility indicates greater substitution/redundancy
post-hoc experimental-design extension	6s_E2_to_E1	6-somite	E2	E2→E1	0.1	1.0	bmp4	znf185	15	8	8.044350610741935e-05	8.115379081713447e-06	0.5427974947807933	479	lower conditional utility indicates greater substitution/redundancy
post-hoc experimental-design extension	6s_E2_to_E1	6-somite	E2	E2→E1	0.1	1.0	bmp4	fn1a	15	9	-1.707914271609212e-05	-9.973638549570785e-06	0.4906054279749478	479	lower conditional utility indicates greater substitution/redundancy
post-hoc experimental-design extension	6s_E2_to_E1	6-somite	E2	E2→E1	0.1	1.0	bmp4	six7	15	10	7.055109423011185e-05	5.058564630067153e-06	0.5427974947807933	479	lower conditional utility indicates greater substitution/redundancy
post-hoc experimental-design extension	6s_E2_to_E1	6-somite	E2	E2→E1	0.1	1.0	bmp4	aurkb	15	11	8.915784187113474e-05	5.362950251774912e-06	0.5407098121085595	479	lower conditional utility indicates greater substitution/redundancy
post-hoc experimental-design extension	6s_E2_to_E1	6-somite	E2	E2→E1	0.1	1.0	bmp4	meox1	15	12	3.934114294062985e-05	-3.791279026832406e-07	0.5198329853862212	479	lower conditional utility indicates greater substitution/redundancy
post-hoc experimental-design extension	6s_E2_to_E1	6-somite	E2	E2→E1	0.1	1.0	bmp4	gata5	15	13	5.7357215889952684e-05	5.676594720810391e-06	0.534446764091858	479	lower conditional utility indicates greater substitution/redundancy
post-hoc experimental-design extension	6s_E2_to_E1	6-somite	E2	E2→E1	0.1	1.0	bmp4	msx1b	15	14	5.3160120270234756e-05	-2.7672931658950795e-06	0.5219206680584552	479	lower conditional utility indicates greater substitution/redundancy
post-hoc experimental-design extension	6s_E2_to_E1	6-somite	E2	E2→E1	0.1	1.0	bmp4	nanos3	15	16	6.359102813502382e-05	2.5323728030934856e-06	0.5260960334029228	479	lower conditional utility indicates greater substitution/redundancy
post-hoc experimental-design extension	6s_E2_to_E1	6-somite	E2	E2→E1	0.1	1.0	nanos3	tagln2	16	1	3.0766488463701558e-06	-1.0455158716671242e-05	0.5010438413361169	479	lower conditional utility indicates greater substitution/redundancy
post-hoc experimental-design extension	6s_E2_to_E1	6-somite	E2	E2→E1	0.1	1.0	nanos3	tuba8l2	16	2	-4.736927119830536e-05	-1.7182757347911082e-05	0.4822546972860125	479	lower conditional utility indicates greater substitution/redundancy
post-hoc experimental-design extension	6s_E2_to_E1	6-somite	E2	E2→E1	0.1	1.0	nanos3	fn1b	16	3	6.894540597157661e-06	-4.918511848375773e-06	0.5010438413361169	479	lower conditional utility indicates greater substitution/redundancy
post-hoc experimental-design extension	6s_E2_to_E1	6-somite	E2	E2→E1	0.1	1.0	nanos3	rrbp1b	16	4	5.55477066360166e-05	1.74952854889443e-06	0.5260960334029228	479	lower conditional utility indicates greater substitution/redundancy
post-hoc experimental-design extension	6s_E2_to_E1	6-somite	E2	E2→E1	0.1	1.0	nanos3	hoxc3a	16	5	-3.0952520940763506e-06	-9.188387206315873e-06	0.4989561586638831	479	lower conditional utility indicates greater substitution/redundancy
post-hoc experimental-design extension	6s_E2_to_E1	6-somite	E2	E2→E1	0.1	1.0	nanos3	nsd2	16	6	-9.591539529285598e-07	-1.0388595619803542e-05	0.4989561586638831	479	lower conditional utility indicates greater substitution/redundancy
post-hoc experimental-design extension	6s_E2_to_E1	6-somite	E2	E2→E1	0.1	1.0	nanos3	tbx16l	16	7	-6.472569931137429e-07	-1.0181283697452415e-05	0.4968684759916493	479	lower conditional utility indicates greater substitution/redundancy
post-hoc experimental-design extension	6s_E2_to_E1	6-somite	E2	E2→E1	0.1	1.0	nanos3	znf185	16	8	-1.8457076903288794e-05	-8.226736579852734e-06	0.49269311064718163	479	lower conditional utility indicates greater substitution/redundancy
post-hoc experimental-design extension	6s_E2_to_E1	6-somite	E2	E2→E1	0.1	1.0	nanos3	fn1a	16	9	9.166337541888225e-06	-9.547501066076158e-06	0.5031315240083507	479	lower conditional utility indicates greater substitution/redundancy
post-hoc experimental-design extension	6s_E2_to_E1	6-somite	E2	E2→E1	0.1	1.0	nanos3	six7	16	10	9.761913583039572e-07	-1.0349712046331394e-05	0.5010438413361169	479	lower conditional utility indicates greater substitution/redundancy
post-hoc experimental-design extension	6s_E2_to_E1	6-somite	E2	E2→E1	0.1	1.0	nanos3	aurkb	16	11	-2.1511034746790614e-06	-7.190927780426071e-06	0.4968684759916493	479	lower conditional utility indicates greater substitution/redundancy
post-hoc experimental-design extension	6s_E2_to_E1	6-somite	E2	E2→E1	0.1	1.0	nanos3	meox1	16	12	-1.7776008770509222e-06	-6.774496561168242e-06	0.4989561586638831	479	lower conditional utility indicates greater substitution/redundancy
post-hoc experimental-design extension	6s_E2_to_E1	6-somite	E2	E2→E1	0.1	1.0	nanos3	gata5	16	13	-1.3956161274419898e-05	-7.692296778993857e-06	0.4906054279749478	479	lower conditional utility indicates greater substitution/redundancy
post-hoc experimental-design extension	6s_E2_to_E1	6-somite	E2	E2→E1	0.1	1.0	nanos3	msx1b	16	14	1.4088635606201994e-05	-4.092435960584284e-06	0.5093945720250522	479	lower conditional utility indicates greater substitution/redundancy
post-hoc experimental-design extension	6s_E2_to_E1	6-somite	E2	E2→E1	0.1	1.0	nanos3	bmp4	16	15	-1.5474990909813968e-06	-7.74210872674097e-06	0.4968684759916493	479	lower conditional utility indicates greater substitution/redundancy
