target_key	stage	source_embryo	target_embryo	gene_index	gene	is_anchor	source_cv_selected_validation_pearson	source_cv_idw_validation_pearson	source_cv_delta_pearson	source_cv_selected_validation_mse	source_cv_idw_validation_mse	source_cv_delta_mse_favorable	raw_source_cv_guard_pass	guard_pass	guard_fallback	raw_selected_candidate	selected_predictor_category	source_defined_confirmatory_predictable_non_anchor	guard_rule
50p_E1_to_E2	50% epiboly	E1	E2	0	ackr3b	False	0.8623852729797363	0.10809632390737534	0.754288949072361	0.3406456410884857	1.7134991884231567	1.372853547334671	True	True	False	global_anchor_w1.00	Anchor-only	True	selected_source_cv_mse < idw_source_cv_mse AND delta_source_cv_pearson > 0.03
50p_E1_to_E2	50% epiboly	E1	E2	1	acvr1ba	False	0.5842733383178711	0.2685869634151459	0.3156863749027252	0.19566428661346436	0.2797926664352417	0.08412837982177734	True	True	False	local_anchor_w0.25	Calibrated mixture	True	selected_source_cv_mse < idw_source_cv_mse AND delta_source_cv_pearson > 0.03
50p_E1_to_E2	50% epiboly	E1	E2	2	add3b	False	0.785104513168335	0.28094518184661865	0.5041593313217163	0.2532045543193817	0.6873739361763	0.43416938185691833	True	True	False	local_anchor_w0.50	Calibrated mixture	True	selected_source_cv_mse < idw_source_cv_mse AND delta_source_cv_pearson > 0.03
50p_E1_to_E2	50% epiboly	E1	E2	3	adka	False	0.5282965898513794	0.3471216857433319	0.18117490410804749	0.1430608332157135	0.191428080201149	0.048367246985435486	True	True	False	local_anchor_w0.25	Calibrated mixture	True	selected_source_cv_mse < idw_source_cv_mse AND delta_source_cv_pearson > 0.03
50p_E1_to_E2	50% epiboly	E1	E2	4	admp	False	0.6615977883338928	0.5510720014572144	0.11052578687667847	0.46853774785995483	0.6425841450691223	0.17404639720916748	True	True	False	local_anchor_w0.50	Calibrated mixture	True	selected_source_cv_mse < idw_source_cv_mse AND delta_source_cv_pearson > 0.03
50p_E1_to_E2	50% epiboly	E1	E2	5	ahi1	False	0.47622713446617126	0.017136836424469948	0.4590902980417013	0.3054978847503662	0.4193475842475891	0.1138496994972229	True	True	False	global_anchor_w1.00	Anchor-only	True	selected_source_cv_mse < idw_source_cv_mse AND delta_source_cv_pearson > 0.03
50p_E1_to_E2	50% epiboly	E1	E2	6	akap12b	False	0.7301512956619263	0.41438916325569153	0.31576213240623474	0.06981174647808075	0.12225254625082016	0.05244079977273941	True	True	False	local_anchor_w0.50	Calibrated mixture	True	selected_source_cv_mse < idw_source_cv_mse AND delta_source_cv_pearson > 0.03
50p_E1_to_E2	50% epiboly	E1	E2	7	alcamb	False	0.7767868638038635	0.0758747011423111	0.7009121626615524	0.31575119495391846	0.9648153781890869	0.6490641832351685	True	True	False	global_anchor_w0.75	Calibrated mixture	True	selected_source_cv_mse < idw_source_cv_mse AND delta_source_cv_pearson > 0.03
50p_E1_to_E2	50% epiboly	E1	E2	8	aldob	False	0.8852694034576416	0.27364933490753174	0.6116200685501099	0.13962888717651367	0.6772743463516235	0.5376454591751099	True	True	False	local_anchor_w0.25	Calibrated mixture	True	selected_source_cv_mse < idw_source_cv_mse AND delta_source_cv_pearson > 0.03
50p_E1_to_E2	50% epiboly	E1	E2	9	anp32e	False	0.8321614861488342	0.4727339744567871	0.3594275116920471	0.1116672232747078	0.28946954011917114	0.17780231684446335	True	True	False	local_anchor_w0.50	Calibrated mixture	True	selected_source_cv_mse < idw_source_cv_mse AND delta_source_cv_pearson > 0.03
50p_E1_to_E2	50% epiboly	E1	E2	10	apex1	False	0.20780746638774872	0.045096516609191895	0.16271094977855682	0.27099791169166565	0.3409935235977173	0.06999561190605164	True	True	False	local_anchor_w0.75	Calibrated mixture	True	selected_source_cv_mse < idw_source_cv_mse AND delta_source_cv_pearson > 0.03
50p_E1_to_E2	50% epiboly	E1	E2	11	aplnra	False	0.90775465965271	0.13016778230667114	0.7775868773460388	0.2169881910085678	1.5135695934295654	1.2965814024209976	True	True	False	global_anchor_w1.00	Anchor-only	True	selected_source_cv_mse < idw_source_cv_mse AND delta_source_cv_pearson > 0.03
50p_E1_to_E2	50% epiboly	E1	E2	12	aplnrb	False	0.2427704632282257	0.026764003559947014	0.2160064596682787	0.2825720012187958	0.3189735412597656	0.03640154004096985	True	True	False	global_anchor_w1.00	Anchor-only	True	selected_source_cv_mse < idw_source_cv_mse AND delta_source_cv_pearson > 0.03
50p_E1_to_E2	50% epiboly	E1	E2	13	apoc1	False	0.43074971437454224	0.21988213062286377	0.21086758375167847	0.07353425025939941	0.09435021877288818	0.02081596851348877	True	True	False	global_anchor_w1.00	Anchor-only	True	selected_source_cv_mse < idw_source_cv_mse AND delta_source_cv_pearson > 0.03
50p_E1_to_E2	50% epiboly	E1	E2	14	arf5	False	0.43112102150917053	0.18632805347442627	0.24479296803474426	0.11149924248456955	0.14085322618484497	0.02935398370027542	True	True	False	local_anchor_w0.50	Calibrated mixture	True	selected_source_cv_mse < idw_source_cv_mse AND delta_source_cv_pearson > 0.03
50p_E1_to_E2	50% epiboly	E1	E2	15	arhgap5	False	0.3467218279838562	0.025349773466587067	0.32137205451726913	0.2608669102191925	0.31266945600509644	0.05180254578590393	True	True	False	global_anchor_w1.00	Anchor-only	True	selected_source_cv_mse < idw_source_cv_mse AND delta_source_cv_pearson > 0.03
50p_E1_to_E2	50% epiboly	E1	E2	16	arl4aa	False	0.20106811821460724	0.04011520370841026	0.16095291450619698	0.24974247813224792	0.298600971698761	0.04885849356651306	True	True	False	global_anchor_w1.00	Anchor-only	True	selected_source_cv_mse < idw_source_cv_mse AND delta_source_cv_pearson > 0.03
50p_E1_to_E2	50% epiboly	E1	E2	17	arl4ab	False	0.7324295043945312	0.49199941754341125	0.24043008685112	0.4591354429721832	0.7729609608650208	0.3138255178928375	True	True	False	local_anchor_w0.25	Calibrated mixture	True	selected_source_cv_mse < idw_source_cv_mse AND delta_source_cv_pearson > 0.03
50p_E1_to_E2	50% epiboly	E1	E2	18	arl4d	False	0.6194744110107422	0.09131136536598206	0.5281630456447601	0.26718297600746155	0.457870215177536	0.19068723917007446	True	True	False	global_anchor_w1.00	Anchor-only	True	selected_source_cv_mse < idw_source_cv_mse AND delta_source_cv_pearson > 0.03
50p_E1_to_E2	50% epiboly	E1	E2	19	arl6ip5a	False	0.45347827672958374	0.15763810276985168	0.29584017395973206	0.3057597279548645	0.4074602723121643	0.1017005443572998	True	True	False	global_anchor_w1.00	Anchor-only	True	selected_source_cv_mse < idw_source_cv_mse AND delta_source_cv_pearson > 0.03
50p_E1_to_E2	50% epiboly	E1	E2	20	aspm	False	0.3163297474384308	0.009248577989637852	0.30708116944879293	0.31836411356925964	0.41266578435897827	0.09430167078971863	True	True	False	global_anchor_w1.00	Anchor-only	True	selected_source_cv_mse < idw_source_cv_mse AND delta_source_cv_pearson > 0.03
50p_E1_to_E2	50% epiboly	E1	E2	21	atf6	False	0.19651925563812256	0.08350642025470734	0.11301283538341522	0.22427786886692047	0.24118880927562714	0.016910940408706665	True	True	False	local_anchor_w0.75	Calibrated mixture	True	selected_source_cv_mse < idw_source_cv_mse AND delta_source_cv_pearson > 0.03
50p_E1_to_E2	50% epiboly	E1	E2	22	atoh1c	False	0.12612512707710266	0.01855969801545143	0.10756542906165123	0.21412718296051025	0.24175210297107697	0.02762492001056671	True	True	False	global_anchor_w1.00	Anchor-only	True	selected_source_cv_mse < idw_source_cv_mse AND delta_source_cv_pearson > 0.03
50p_E1_to_E2	50% epiboly	E1	E2	23	atp2b1a	False	0.2616303861141205	0.012197073549032211	0.24943331256508827	0.06977374106645584	0.08114787936210632	0.011374138295650482	True	True	False	global_anchor_w1.00	Anchor-only	True	selected_source_cv_mse < idw_source_cv_mse AND delta_source_cv_pearson > 0.03
50p_E1_to_E2	50% epiboly	E1	E2	24	atrxl	False	0.47386106848716736	0.1708434820175171	0.30301758646965027	0.09239419549703598	0.11769980937242508	0.0253056138753891	True	True	False	local_anchor_w0.50	Calibrated mixture	True	selected_source_cv_mse < idw_source_cv_mse AND delta_source_cv_pearson > 0.03
50p_E1_to_E2	50% epiboly	E1	E2	25	aurkb	False	0.3618030250072479	0.19052255153656006	0.17128047347068787	0.19373483955860138	0.22032910585403442	0.026594266295433044	True	True	False	local_anchor_w0.75	Calibrated mixture	True	selected_source_cv_mse < idw_source_cv_mse AND delta_source_cv_pearson > 0.03
50p_E1_to_E2	50% epiboly	E1	E2	26	axin2	False	0.5445843935012817	0.18073208630084991	0.3638523072004318	0.2969105839729309	0.412934273481369	0.11602368950843811	True	True	False	local_anchor_w0.50	Calibrated mixture	True	selected_source_cv_mse < idw_source_cv_mse AND delta_source_cv_pearson > 0.03
50p_E1_to_E2	50% epiboly	E1	E2	27	bach1b	False	0.21724878251552582	0.047670841217041016	0.1695779412984848	0.2960551679134369	0.3574872612953186	0.061432093381881714	True	True	False	global_anchor_w1.00	Anchor-only	True	selected_source_cv_mse < idw_source_cv_mse AND delta_source_cv_pearson > 0.03
50p_E1_to_E2	50% epiboly	E1	E2	28	bambia	False	0.7198742032051086	0.513076901435852	0.2067973017692566	0.12679634988307953	0.21925030648708344	0.0924539566040039	True	True	False	local_anchor_w0.25	Calibrated mixture	True	selected_source_cv_mse < idw_source_cv_mse AND delta_source_cv_pearson > 0.03
50p_E1_to_E2	50% epiboly	E1	E2	29	baz1b	False	0.5794835090637207	0.3235922157764435	0.2558912932872772	0.2579576075077057	0.36486053466796875	0.10690292716026306	True	True	False	local_anchor_w0.25	Calibrated mixture	True	selected_source_cv_mse < idw_source_cv_mse AND delta_source_cv_pearson > 0.03
50p_E1_to_E2	50% epiboly	E1	E2	30	bcl2l1	False	0.28245100378990173	0.0868314728140831	0.19561953097581863	0.3612538278102875	0.4249660074710846	0.06371217966079712	True	True	False	local_anchor_w0.75	Calibrated mixture	True	selected_source_cv_mse < idw_source_cv_mse AND delta_source_cv_pearson > 0.03
50p_E1_to_E2	50% epiboly	E1	E2	31	bhlha15	False	0.3365132808685303	0.11964336782693863	0.21686991304159164	0.3013800084590912	0.3765513598918915	0.07517135143280029	True	True	False	global_anchor_w1.00	Anchor-only	True	selected_source_cv_mse < idw_source_cv_mse AND delta_source_cv_pearson > 0.03
50p_E1_to_E2	50% epiboly	E1	E2	32	blf	False	0.3541654348373413	0.07776792347431183	0.2763975113630295	0.3118332028388977	0.3756634593009949	0.06383025646209717	True	True	False	global_anchor_w1.00	Anchor-only	True	selected_source_cv_mse < idw_source_cv_mse AND delta_source_cv_pearson > 0.03
50p_E1_to_E2	50% epiboly	E1	E2	33	bmp2b	False	0.7524557113647461	0.3531593680381775	0.3992963433265686	0.30662044882774353	0.7004037499427795	0.393783301115036	True	True	False	local_anchor_w0.50	Calibrated mixture	True	selected_source_cv_mse < idw_source_cv_mse AND delta_source_cv_pearson > 0.03
50p_E1_to_E2	50% epiboly	E1	E2	34	bmp4	False	0.5604065656661987	0.23762257397174835	0.3227839916944504	0.3873913586139679	0.5782024264335632	0.19081106781959534	True	True	False	local_anchor_w0.50	Calibrated mixture	True	selected_source_cv_mse < idw_source_cv_mse AND delta_source_cv_pearson > 0.03
50p_E1_to_E2	50% epiboly	E1	E2	35	bmp7a	True	1.0000016689300537	0.3081717789173126	0.6918298900127411	3.4679383134061936e-06	0.8093364834785461	0.8093330155402327	True	False	True	global_anchor_w0.00	IDW fallback	False	selected_source_cv_mse < idw_source_cv_mse AND delta_source_cv_pearson > 0.03
50p_E1_to_E2	50% epiboly	E1	E2	36	brd2a	False	0.7087283134460449	0.39543890953063965	0.3132894039154053	0.06715590506792068	0.12197393923997879	0.054818034172058105	True	True	False	local_anchor_w0.75	Calibrated mixture	True	selected_source_cv_mse < idw_source_cv_mse AND delta_source_cv_pearson > 0.03
50p_E1_to_E2	50% epiboly	E1	E2	37	btg2	False	0.7848829627037048	0.17316247522830963	0.6117204874753952	0.050974681973457336	0.1341427117586136	0.08316802978515625	True	True	False	local_anchor_w0.75	Calibrated mixture	True	selected_source_cv_mse < idw_source_cv_mse AND delta_source_cv_pearson > 0.03
50p_E1_to_E2	50% epiboly	E1	E2	38	c1qbp	False	0.17206959426403046	0.008253741078078747	0.1638158531859517	0.20703651010990143	0.233194500207901	0.026157990097999573	True	True	False	local_anchor_w0.75	Calibrated mixture	True	selected_source_cv_mse < idw_source_cv_mse AND delta_source_cv_pearson > 0.03
50p_E1_to_E2	50% epiboly	E1	E2	39	C7H16orf87	False	0.15359756350517273	0.02652408368885517	0.12707347981631756	0.32283419370651245	0.3700999319553375	0.04726573824882507	True	True	False	global_anchor_w1.00	Anchor-only	True	selected_source_cv_mse < idw_source_cv_mse AND delta_source_cv_pearson > 0.03
50p_E1_to_E2	50% epiboly	E1	E2	40	ca9	False	0.6909798383712769	0.11586333066225052	0.5751165077090263	0.3730270266532898	0.7764766812324524	0.4034496545791626	True	True	False	local_anchor_w0.75	Calibrated mixture	True	selected_source_cv_mse < idw_source_cv_mse AND delta_source_cv_pearson > 0.03
50p_E1_to_E2	50% epiboly	E1	E2	41	casz1	False	0.3521956503391266	0.1726444959640503	0.1795511543750763	0.35932865738868713	0.407772958278656	0.04844430088996887	True	True	False	local_anchor_w0.75	Calibrated mixture	True	selected_source_cv_mse < idw_source_cv_mse AND delta_source_cv_pearson > 0.03
50p_E1_to_E2	50% epiboly	E1	E2	42	cbx3a	False	0.48732560873031616	0.2873612940311432	0.19996431469917297	0.1239478662610054	0.16474689543247223	0.04079902917146683	True	True	False	local_anchor_w0.50	Calibrated mixture	True	selected_source_cv_mse < idw_source_cv_mse AND delta_source_cv_pearson > 0.03
50p_E1_to_E2	50% epiboly	E1	E2	43	cbx5	False	0.40744322538375854	0.03435296192765236	0.3730902634561062	0.06814461201429367	0.08789455890655518	0.019749946892261505	True	True	False	global_anchor_w0.75	Calibrated mixture	True	selected_source_cv_mse < idw_source_cv_mse AND delta_source_cv_pearson > 0.03
50p_E1_to_E2	50% epiboly	E1	E2	44	ccne2	False	0.3590739071369171	0.07813338935375214	0.280940517783165	0.32066982984542847	0.4111137390136719	0.09044390916824341	True	True	False	local_anchor_w0.75	Calibrated mixture	True	selected_source_cv_mse < idw_source_cv_mse AND delta_source_cv_pearson > 0.03
50p_E1_to_E2	50% epiboly	E1	E2	45	ccnf	False	0.47733432054519653	0.11191168427467346	0.36542263627052307	0.25101473927497864	0.33303987979888916	0.08202514052391052	True	True	False	local_anchor_w0.75	Calibrated mixture	True	selected_source_cv_mse < idw_source_cv_mse AND delta_source_cv_pearson > 0.03
50p_E1_to_E2	50% epiboly	E1	E2	46	ccng1	False	0.723792552947998	0.26351669430732727	0.4602758586406708	0.03799024224281311	0.07632213830947876	0.03833189606666565	True	True	False	local_anchor_w0.50	Calibrated mixture	True	selected_source_cv_mse < idw_source_cv_mse AND delta_source_cv_pearson > 0.03
50p_E1_to_E2	50% epiboly	E1	E2	47	cd63	False	0.15186938643455505	0.03511897101998329	0.11675041541457176	0.3558480739593506	0.42075031995773315	0.06490224599838257	True	True	False	global_anchor_w1.00	Anchor-only	True	selected_source_cv_mse < idw_source_cv_mse AND delta_source_cv_pearson > 0.03
50p_E1_to_E2	50% epiboly	E1	E2	48	cdc14b	False	0.6779882311820984	0.2612246870994568	0.4167635440826416	0.12549257278442383	0.23190666735172272	0.10641409456729889	True	True	False	local_anchor_w0.25	Calibrated mixture	True	selected_source_cv_mse < idw_source_cv_mse AND delta_source_cv_pearson > 0.03
50p_E1_to_E2	50% epiboly	E1	E2	49	cdc42ep4a	False	0.2453194111585617	-0.026558715850114822	0.27187812700867653	0.30665335059165955	0.3804101049900055	0.07375675439834595	True	True	False	global_anchor_w1.00	Anchor-only	True	selected_source_cv_mse < idw_source_cv_mse AND delta_source_cv_pearson > 0.03
50p_E1_to_E2	50% epiboly	E1	E2	50	cdca8	False	0.2970060706138611	0.09573277831077576	0.20127329230308533	0.18092505633831024	0.2043195366859436	0.023394480347633362	True	True	False	local_anchor_w0.75	Calibrated mixture	True	selected_source_cv_mse < idw_source_cv_mse AND delta_source_cv_pearson > 0.03
50p_E1_to_E2	50% epiboly	E1	E2	51	cdh1	False	0.8533892631530762	0.08910875022411346	0.7642805129289627	0.06623051315546036	0.2593795955181122	0.19314908236265182	True	True	False	global_anchor_w0.75	Calibrated mixture	True	selected_source_cv_mse < idw_source_cv_mse AND delta_source_cv_pearson > 0.03
50p_E1_to_E2	50% epiboly	E1	E2	52	cdh2	False	0.260322242975235	-0.0031474304851144552	0.26346967346034944	0.33674904704093933	0.3926621973514557	0.05591315031051636	True	True	False	global_anchor_w1.00	Anchor-only	True	selected_source_cv_mse < idw_source_cv_mse AND delta_source_cv_pearson > 0.03
50p_E1_to_E2	50% epiboly	E1	E2	53	cdh6	False	0.4176229238510132	0.150193989276886	0.2674289345741272	0.2791450023651123	0.34323960542678833	0.06409460306167603	True	True	False	global_anchor_w1.00	Anchor-only	True	selected_source_cv_mse < idw_source_cv_mse AND delta_source_cv_pearson > 0.03
50p_E1_to_E2	50% epiboly	E1	E2	54	cdkn1ca	False	0.671306848526001	0.2812926471233368	0.3900142014026642	0.38648390769958496	0.6759121417999268	0.2894282341003418	True	True	False	local_anchor_w0.75	Calibrated mixture	True	selected_source_cv_mse < idw_source_cv_mse AND delta_source_cv_pearson > 0.03
50p_E1_to_E2	50% epiboly	E1	E2	55	cdt1	False	0.7581786513328552	0.20613543689250946	0.5520432144403458	0.04093432426452637	0.09405741095542908	0.05312308669090271	True	True	False	local_anchor_w0.50	Calibrated mixture	True	selected_source_cv_mse < idw_source_cv_mse AND delta_source_cv_pearson > 0.03
50p_E1_to_E2	50% epiboly	E1	E2	56	cdx1a	False	0.12714843451976776	0.02846207655966282	0.09868635796010494	0.2310011237859726	0.28188860416412354	0.05088748037815094	True	True	False	global_anchor_w1.00	Anchor-only	True	selected_source_cv_mse < idw_source_cv_mse AND delta_source_cv_pearson > 0.03
50p_E1_to_E2	50% epiboly	E1	E2	57	cdx4	True	1.0000017881393433	0.2877672016620636	0.7122345864772797	1.626039193070028e-06	0.5404813885688782	0.5404797625296851	True	False	True	global_anchor_w0.00	IDW fallback	False	selected_source_cv_mse < idw_source_cv_mse AND delta_source_cv_pearson > 0.03
50p_E1_to_E2	50% epiboly	E1	E2	58	cenpf	False	0.5787129998207092	0.20789355039596558	0.37081944942474365	0.19874908030033112	0.3140108287334442	0.1152617484331131	True	True	False	local_anchor_w0.75	Calibrated mixture	True	selected_source_cv_mse < idw_source_cv_mse AND delta_source_cv_pearson > 0.03
50p_E1_to_E2	50% epiboly	E1	E2	59	cfl1l	True	1.000000238418579	0.1087106242775917	0.8912896141409874	8.839853649078577e-07	0.3107246160507202	0.3107237320653553	True	False	True	global_anchor_w0.25	IDW fallback	False	selected_source_cv_mse < idw_source_cv_mse AND delta_source_cv_pearson > 0.03
50p_E1_to_E2	50% epiboly	E1	E2	60	chaf1a	False	0.5069946050643921	0.26358991861343384	0.24340468645095825	0.15596097707748413	0.19800226390361786	0.04204128682613373	True	True	False	local_anchor_w0.50	Calibrated mixture	True	selected_source_cv_mse < idw_source_cv_mse AND delta_source_cv_pearson > 0.03
50p_E1_to_E2	50% epiboly	E1	E2	61	chrd	False	0.7723135352134705	0.7610464692115784	0.01126706600189209	0.5975975394248962	0.6256198287010193	0.028022289276123047	False	False	True	local_anchor_w0.00	IDW fallback	False	selected_source_cv_mse < idw_source_cv_mse AND delta_source_cv_pearson > 0.03
50p_E1_to_E2	50% epiboly	E1	E2	62	chst11	False	0.3880155384540558	0.12396162003278732	0.26405391842126846	0.3052513003349304	0.36670982837677	0.0614585280418396	True	True	False	local_anchor_w0.75	Calibrated mixture	True	selected_source_cv_mse < idw_source_cv_mse AND delta_source_cv_pearson > 0.03
50p_E1_to_E2	50% epiboly	E1	E2	63	cldnd	False	0.5235553979873657	0.28582873940467834	0.23772665858268738	0.13425321877002716	0.19378148019313812	0.05952826142311096	True	True	False	local_anchor_w0.50	Calibrated mixture	True	selected_source_cv_mse < idw_source_cv_mse AND delta_source_cv_pearson > 0.03
50p_E1_to_E2	50% epiboly	E1	E2	64	clic4	False	0.6310927271842957	0.21432344615459442	0.41676928102970123	0.2838481068611145	0.44659316539764404	0.16274505853652954	True	True	False	local_anchor_w0.50	Calibrated mixture	True	selected_source_cv_mse < idw_source_cv_mse AND delta_source_cv_pearson > 0.03
50p_E1_to_E2	50% epiboly	E1	E2	65	clocka	False	0.23273532092571259	0.029268551617860794	0.2034667693078518	0.34810206294059753	0.41586047410964966	0.06775841116905212	True	True	False	global_anchor_w1.00	Anchor-only	True	selected_source_cv_mse < idw_source_cv_mse AND delta_source_cv_pearson > 0.03
50p_E1_to_E2	50% epiboly	E1	E2	66	cmtm6	False	0.42030176520347595	0.15531405806541443	0.2649877071380615	0.2568354308605194	0.3381609618663788	0.08132553100585938	True	True	False	local_anchor_w0.75	Calibrated mixture	True	selected_source_cv_mse < idw_source_cv_mse AND delta_source_cv_pearson > 0.03
50p_E1_to_E2	50% epiboly	E1	E2	67	cnmd	False	0.24052652716636658	0.08058680593967438	0.1599397212266922	0.3103809356689453	0.3633109927177429	0.05293005704879761	True	True	False	global_anchor_w1.00	Anchor-only	True	selected_source_cv_mse < idw_source_cv_mse AND delta_source_cv_pearson > 0.03
50p_E1_to_E2	50% epiboly	E1	E2	68	cnn3a	False	0.3478618264198303	0.026770025491714478	0.32109180092811584	0.3620316684246063	0.459652841091156	0.09762117266654968	True	True	False	local_anchor_w0.75	Calibrated mixture	True	selected_source_cv_mse < idw_source_cv_mse AND delta_source_cv_pearson > 0.03
50p_E1_to_E2	50% epiboly	E1	E2	69	coq10b	False	0.21597693860530853	0.012667025439441204	0.20330991316586733	0.34437453746795654	0.38944438099861145	0.04506984353065491	True	True	False	global_anchor_w1.00	Anchor-only	True	selected_source_cv_mse < idw_source_cv_mse AND delta_source_cv_pearson > 0.03
50p_E1_to_E2	50% epiboly	E1	E2	70	crabp2b	False	0.26993465423583984	0.20475469529628754	0.06517995893955231	0.4549584686756134	0.5905287861824036	0.13557031750679016	True	True	False	global_anchor_w0.50	Calibrated mixture	True	selected_source_cv_mse < idw_source_cv_mse AND delta_source_cv_pearson > 0.03
50p_E1_to_E2	50% epiboly	E1	E2	71	creb3l1	False	0.1609402894973755	0.04438367113471031	0.11655661836266518	0.24748146533966064	0.2909531593322754	0.043471693992614746	True	True	False	global_anchor_w1.00	Anchor-only	True	selected_source_cv_mse < idw_source_cv_mse AND delta_source_cv_pearson > 0.03
50p_E1_to_E2	50% epiboly	E1	E2	72	creb3l2	False	0.112129345536232	0.0034254842903465033	0.10870386124588549	0.37627992033958435	0.4397411048412323	0.06346118450164795	True	True	False	global_anchor_w1.00	Anchor-only	True	selected_source_cv_mse < idw_source_cv_mse AND delta_source_cv_pearson > 0.03
50p_E1_to_E2	50% epiboly	E1	E2	73	csrp1a	False	0.26803845167160034	0.018530892208218575	0.24950755946338177	0.2757176160812378	0.32520338892936707	0.04948577284812927	True	True	False	global_anchor_w1.00	Anchor-only	True	selected_source_cv_mse < idw_source_cv_mse AND delta_source_cv_pearson > 0.03
50p_E1_to_E2	50% epiboly	E1	E2	74	cst3	False	0.5839146375656128	0.23378662765026093	0.35012800991535187	0.34141436219215393	0.5037998557090759	0.162385493516922	True	True	False	global_anchor_w1.00	Anchor-only	True	selected_source_cv_mse < idw_source_cv_mse AND delta_source_cv_pearson > 0.03
50p_E1_to_E2	50% epiboly	E1	E2	75	ctcf	False	0.5334902405738831	0.23733001947402954	0.2961602210998535	0.02447027713060379	0.034400928765535355	0.009930651634931564	True	True	False	local_anchor_w0.75	Calibrated mixture	True	selected_source_cv_mse < idw_source_cv_mse AND delta_source_cv_pearson > 0.03
50p_E1_to_E2	50% epiboly	E1	E2	76	cth1	False	0.563275158405304	0.3311489522457123	0.23212620615959167	0.13859249651432037	0.1828673928976059	0.04427489638328552	True	True	False	local_anchor_w0.50	Calibrated mixture	True	selected_source_cv_mse < idw_source_cv_mse AND delta_source_cv_pearson > 0.03
50p_E1_to_E2	50% epiboly	E1	E2	77	CU570769.1	False	0.32873448729515076	0.14338982105255127	0.1853446662425995	0.3177875280380249	0.4109736979007721	0.09318616986274719	True	True	False	local_anchor_w0.75	Calibrated mixture	True	selected_source_cv_mse < idw_source_cv_mse AND delta_source_cv_pearson > 0.03
50p_E1_to_E2	50% epiboly	E1	E2	78	cux1a	False	0.26881569623947144	0.01615830324590206	0.2526573929935694	0.32341793179512024	0.39146313071250916	0.06804519891738892	True	True	False	global_anchor_w0.75	Calibrated mixture	True	selected_source_cv_mse < idw_source_cv_mse AND delta_source_cv_pearson > 0.03
50p_E1_to_E2	50% epiboly	E1	E2	79	cxcl12b	False	0.16272050142288208	0.002932958770543337	0.15978754265233874	0.22384674847126007	0.26748672127723694	0.04363997280597687	True	True	False	global_anchor_w1.00	Anchor-only	True	selected_source_cv_mse < idw_source_cv_mse AND delta_source_cv_pearson > 0.03
50p_E1_to_E2	50% epiboly	E1	E2	80	cxcr4a	True	0.9999987483024597	0.27902108430862427	0.7209776639938354	2.1893401935813017e-06	0.5851263999938965	0.5851242106537029	True	False	True	global_anchor_w0.00	IDW fallback	False	selected_source_cv_mse < idw_source_cv_mse AND delta_source_cv_pearson > 0.03
50p_E1_to_E2	50% epiboly	E1	E2	81	dact2	True	0.9999996423721313	0.3488675355911255	0.6511321067810059	2.5262750114052324e-06	0.5919528603553772	0.5919503340803658	True	False	True	global_anchor_w0.00	IDW fallback	False	selected_source_cv_mse < idw_source_cv_mse AND delta_source_cv_pearson > 0.03
50p_E1_to_E2	50% epiboly	E1	E2	82	dand5	False	0.21862904727458954	0.021964237093925476	0.19666481018066406	0.30820631980895996	0.3740808963775635	0.06587457656860352	True	True	False	local_anchor_w0.75	Calibrated mixture	True	selected_source_cv_mse < idw_source_cv_mse AND delta_source_cv_pearson > 0.03
50p_E1_to_E2	50% epiboly	E1	E2	83	dbx1a	False	0.174698144197464	0.07356414198875427	0.10113400220870972	0.1595654934644699	0.19983114302158356	0.04026564955711365	True	True	False	local_anchor_w0.75	Calibrated mixture	True	selected_source_cv_mse < idw_source_cv_mse AND delta_source_cv_pearson > 0.03
50p_E1_to_E2	50% epiboly	E1	E2	84	ddx4	False	0.5736202597618103	0.3867349922657013	0.186885267496109	0.25522691011428833	0.32507285475730896	0.06984594464302063	True	True	False	local_anchor_w0.25	Calibrated mixture	True	selected_source_cv_mse < idw_source_cv_mse AND delta_source_cv_pearson > 0.03
50p_E1_to_E2	50% epiboly	E1	E2	85	dharma	False	0.18702492117881775	0.06347540766000748	0.12354951351881027	0.3413897752761841	0.4061090648174286	0.0647192895412445	True	True	False	global_anchor_w0.75	Calibrated mixture	True	selected_source_cv_mse < idw_source_cv_mse AND delta_source_cv_pearson > 0.03
50p_E1_to_E2	50% epiboly	E1	E2	86	dkc1	False	0.8394501805305481	0.3216691315174103	0.5177810490131378	0.03784643113613129	0.13030347228050232	0.09245704114437103	True	True	False	local_anchor_w0.50	Calibrated mixture	True	selected_source_cv_mse < idw_source_cv_mse AND delta_source_cv_pearson > 0.03
50p_E1_to_E2	50% epiboly	E1	E2	87	dkk1b	False	0.686568558216095	0.38170644640922546	0.3048621118068695	0.3280276656150818	0.625277578830719	0.2972499132156372	True	True	False	local_anchor_w0.75	Calibrated mixture	True	selected_source_cv_mse < idw_source_cv_mse AND delta_source_cv_pearson > 0.03
50p_E1_to_E2	50% epiboly	E1	E2	88	dld	False	0.4441017210483551	0.1958334594964981	0.248268261551857	0.493072509765625	0.6307082772254944	0.13763576745986938	True	True	False	local_anchor_w0.25	Calibrated mixture	True	selected_source_cv_mse < idw_source_cv_mse AND delta_source_cv_pearson > 0.03
50p_E1_to_E2	50% epiboly	E1	E2	89	dlgap5	False	0.42563575506210327	0.21625837683677673	0.20937737822532654	0.04390924423933029	0.054142966866493225	0.010233722627162933	True	True	False	local_anchor_w0.25	Calibrated mixture	True	selected_source_cv_mse < idw_source_cv_mse AND delta_source_cv_pearson > 0.03
50p_E1_to_E2	50% epiboly	E1	E2	90	dlx3b	False	0.3838215172290802	0.10577279329299927	0.27804872393608093	0.34399959444999695	0.4211883246898651	0.07718873023986816	True	True	False	global_anchor_w1.00	Anchor-only	True	selected_source_cv_mse < idw_source_cv_mse AND delta_source_cv_pearson > 0.03
50p_E1_to_E2	50% epiboly	E1	E2	91	dmd	False	0.34667056798934937	0.16417242586612701	0.18249814212322235	0.2182425707578659	0.28609153628349304	0.06784896552562714	True	True	False	local_anchor_w0.75	Calibrated mixture	True	selected_source_cv_mse < idw_source_cv_mse AND delta_source_cv_pearson > 0.03
50p_E1_to_E2	50% epiboly	E1	E2	92	dnmt3bb.2	False	0.4137064218521118	0.037863001227378845	0.37584342062473297	0.2983170449733734	0.3748575448989868	0.0765404999256134	True	True	False	global_anchor_w1.00	Anchor-only	True	selected_source_cv_mse < idw_source_cv_mse AND delta_source_cv_pearson > 0.03
50p_E1_to_E2	50% epiboly	E1	E2	93	drll.2	False	0.7201358079910278	0.3790285289287567	0.3411072790622711	0.2729017734527588	0.48774799704551697	0.21484622359275818	True	True	False	local_anchor_w0.25	Calibrated mixture	True	selected_source_cv_mse < idw_source_cv_mse AND delta_source_cv_pearson > 0.03
50p_E1_to_E2	50% epiboly	E1	E2	94	drll.3	False	0.6370590329170227	0.335993230342865	0.3010658025741577	0.33545032143592834	0.5021307468414307	0.16668042540550232	True	True	False	local_anchor_w0.50	Calibrated mixture	True	selected_source_cv_mse < idw_source_cv_mse AND delta_source_cv_pearson > 0.03
50p_E1_to_E2	50% epiboly	E1	E2	95	dscc1	False	0.1551273614168167	0.09417981654405594	0.06094754487276077	0.2899681031703949	0.319795697927475	0.029827594757080078	True	True	False	local_anchor_w0.50	Calibrated mixture	True	selected_source_cv_mse < idw_source_cv_mse AND delta_source_cv_pearson > 0.03
50p_E1_to_E2	50% epiboly	E1	E2	96	dync1li1	False	0.2176705002784729	0.01569310389459133	0.20197739638388157	0.3395771384239197	0.4088495075702667	0.06927236914634705	True	True	False	global_anchor_w1.00	Anchor-only	True	selected_source_cv_mse < idw_source_cv_mse AND delta_source_cv_pearson > 0.03
50p_E1_to_E2	50% epiboly	E1	E2	97	dynll1	False	0.6384316086769104	0.3717752695083618	0.2666563391685486	0.3252004384994507	0.5034676790237427	0.178267240524292	True	True	False	local_anchor_w0.50	Calibrated mixture	True	selected_source_cv_mse < idw_source_cv_mse AND delta_source_cv_pearson > 0.03
50p_E1_to_E2	50% epiboly	E1	E2	98	dynll2b	False	0.3234110474586487	0.12015827745199203	0.20325277000665665	0.29554474353790283	0.3646775782108307	0.06913283467292786	True	True	False	local_anchor_w0.75	Calibrated mixture	True	selected_source_cv_mse < idw_source_cv_mse AND delta_source_cv_pearson > 0.03
50p_E1_to_E2	50% epiboly	E1	E2	99	ednraa	False	0.14518901705741882	-0.005708734970539808	0.15089775202795863	0.2295551747083664	0.2863464653491974	0.056791290640830994	True	True	False	global_anchor_w1.00	Anchor-only	True	selected_source_cv_mse < idw_source_cv_mse AND delta_source_cv_pearson > 0.03
50p_E1_to_E2	50% epiboly	E1	E2	100	efemp2b	False	0.37932106852531433	0.06617502123117447	0.31314604729413986	0.3257298767566681	0.3979664444923401	0.072236567735672	True	True	False	local_anchor_w0.75	Calibrated mixture	True	selected_source_cv_mse < idw_source_cv_mse AND delta_source_cv_pearson > 0.03
50p_E1_to_E2	50% epiboly	E1	E2	101	efna1a	False	0.7019481062889099	0.4594983160495758	0.2424497902393341	0.4139569103717804	0.7121871709823608	0.29823026061058044	True	True	False	local_anchor_w0.50	Calibrated mixture	True	selected_source_cv_mse < idw_source_cv_mse AND delta_source_cv_pearson > 0.03
50p_E1_to_E2	50% epiboly	E1	E2	102	efnb2a	True	1.0000019073486328	0.3202589154243469	0.6797429919242859	1.6178300938918255e-06	0.5010576248168945	0.5010560069868006	True	False	True	global_anchor_w0.75	IDW fallback	False	selected_source_cv_mse < idw_source_cv_mse AND delta_source_cv_pearson > 0.03
50p_E1_to_E2	50% epiboly	E1	E2	103	efnb2b	False	0.5343211889266968	0.22960689663887024	0.30471429228782654	0.3603035509586334	0.5011928081512451	0.1408892571926117	True	True	False	global_anchor_w1.00	Anchor-only	True	selected_source_cv_mse < idw_source_cv_mse AND delta_source_cv_pearson > 0.03
50p_E1_to_E2	50% epiboly	E1	E2	104	egln1b	False	0.4807305634021759	0.10798158496618271	0.3727489784359932	0.2454807162284851	0.335491806268692	0.09001109004020691	True	True	False	local_anchor_w0.50	Calibrated mixture	True	selected_source_cv_mse < idw_source_cv_mse AND delta_source_cv_pearson > 0.03
50p_E1_to_E2	50% epiboly	E1	E2	105	eif3ea	False	0.3920052647590637	0.0758444219827652	0.3161608427762985	0.17928580939769745	0.22599627077579498	0.046710461378097534	True	True	False	local_anchor_w0.75	Calibrated mixture	True	selected_source_cv_mse < idw_source_cv_mse AND delta_source_cv_pearson > 0.03
50p_E1_to_E2	50% epiboly	E1	E2	106	elavl3	False	0.41815894842147827	0.04194513335824013	0.37621381506323814	0.42017436027526855	0.637535810470581	0.2173614501953125	True	True	False	global_anchor_w1.00	Anchor-only	True	selected_source_cv_mse < idw_source_cv_mse AND delta_source_cv_pearson > 0.03
50p_E1_to_E2	50% epiboly	E1	E2	107	elf1	False	0.7846933603286743	0.04717845469713211	0.7375149056315422	0.19368687272071838	0.613551139831543	0.4198642671108246	True	True	False	global_anchor_w1.00	Anchor-only	True	selected_source_cv_mse < idw_source_cv_mse AND delta_source_cv_pearson > 0.03
50p_E1_to_E2	50% epiboly	E1	E2	108	elob	False	0.3652622401714325	0.08368608355522156	0.28157615661621094	0.31331247091293335	0.4016404449939728	0.08832797408103943	True	True	False	global_anchor_w1.00	Anchor-only	True	selected_source_cv_mse < idw_source_cv_mse AND delta_source_cv_pearson > 0.03
50p_E1_to_E2	50% epiboly	E1	E2	109	emid1	False	0.24070288240909576	0.10376569628715515	0.1369371861219406	0.32410115003585815	0.3673081398010254	0.043206989765167236	True	True	False	local_anchor_w0.75	Calibrated mixture	True	selected_source_cv_mse < idw_source_cv_mse AND delta_source_cv_pearson > 0.03
50p_E1_to_E2	50% epiboly	E1	E2	110	emx2	False	0.28983229398727417	0.07234786450862885	0.21748442947864532	0.28925761580467224	0.34446796774864197	0.05521035194396973	True	True	False	global_anchor_w0.75	Calibrated mixture	True	selected_source_cv_mse < idw_source_cv_mse AND delta_source_cv_pearson > 0.03
50p_E1_to_E2	50% epiboly	E1	E2	111	emx3	False	0.30552929639816284	0.12372895330190659	0.18180034309625626	0.33635351061820984	0.3810714781284332	0.04471796751022339	True	True	False	global_anchor_w1.00	Anchor-only	True	selected_source_cv_mse < idw_source_cv_mse AND delta_source_cv_pearson > 0.03
50p_E1_to_E2	50% epiboly	E1	E2	112	epcam	False	0.6248820424079895	0.09793245047330856	0.5269495919346809	0.39448049664497375	0.7306922078132629	0.3362117111682892	True	True	False	local_anchor_w0.75	Calibrated mixture	True	selected_source_cv_mse < idw_source_cv_mse AND delta_source_cv_pearson > 0.03
50p_E1_to_E2	50% epiboly	E1	E2	113	epha2a	False	0.6530814170837402	0.13317802548408508	0.5199033915996552	0.26688385009765625	0.5109866857528687	0.2441028356552124	True	True	False	local_anchor_w0.75	Calibrated mixture	True	selected_source_cv_mse < idw_source_cv_mse AND delta_source_cv_pearson > 0.03
50p_E1_to_E2	50% epiboly	E1	E2	114	ephb3a	False	0.3813093900680542	0.08398836106061935	0.29732102900743484	0.32363787293434143	0.42056113481521606	0.09692326188087463	True	True	False	global_anchor_w1.00	Anchor-only	True	selected_source_cv_mse < idw_source_cv_mse AND delta_source_cv_pearson > 0.03
50p_E1_to_E2	50% epiboly	E1	E2	115	eppk1	False	0.7227494120597839	0.07388348132371902	0.6488659307360649	0.4488527178764343	1.124284029006958	0.6754313111305237	True	True	False	local_anchor_w0.75	Calibrated mixture	True	selected_source_cv_mse < idw_source_cv_mse AND delta_source_cv_pearson > 0.03
50p_E1_to_E2	50% epiboly	E1	E2	116	erf	False	0.495686411857605	0.14844171702861786	0.3472446948289871	0.07296492904424667	0.1002376601099968	0.027272731065750122	True	True	False	local_anchor_w0.50	Calibrated mixture	True	selected_source_cv_mse < idw_source_cv_mse AND delta_source_cv_pearson > 0.03
50p_E1_to_E2	50% epiboly	E1	E2	117	esrra	False	0.22297148406505585	0.035608358681201935	0.1873631253838539	0.32256290316581726	0.3902972936630249	0.06773439049720764	True	True	False	global_anchor_w1.00	Anchor-only	True	selected_source_cv_mse < idw_source_cv_mse AND delta_source_cv_pearson > 0.03
50p_E1_to_E2	50% epiboly	E1	E2	118	ets2	False	0.7247154712677002	0.23871682584285736	0.48599864542484283	0.40496283769607544	0.8749383091926575	0.46997547149658203	True	True	False	local_anchor_w0.50	Calibrated mixture	True	selected_source_cv_mse < idw_source_cv_mse AND delta_source_cv_pearson > 0.03
50p_E1_to_E2	50% epiboly	E1	E2	119	etv2	False	0.10754844546318054	0.023960020393133163	0.08358842507004738	0.19864051043987274	0.23334535956382751	0.03470484912395477	True	True	False	local_anchor_w0.75	Calibrated mixture	True	selected_source_cv_mse < idw_source_cv_mse AND delta_source_cv_pearson > 0.03
50p_E1_to_E2	50% epiboly	E1	E2	120	etv4	False	0.7848820686340332	0.47784027457237244	0.30704179406166077	0.20405122637748718	0.4399608075618744	0.2359095811843872	True	True	False	local_anchor_w0.25	Calibrated mixture	True	selected_source_cv_mse < idw_source_cv_mse AND delta_source_cv_pearson > 0.03
50p_E1_to_E2	50% epiboly	E1	E2	121	etv5a	False	0.3085942268371582	0.07840389758348465	0.23019032925367355	0.15766842663288116	0.18546241521835327	0.027793988585472107	True	True	False	global_anchor_w1.00	Anchor-only	True	selected_source_cv_mse < idw_source_cv_mse AND delta_source_cv_pearson > 0.03
50p_E1_to_E2	50% epiboly	E1	E2	122	etv5b	False	0.7896286845207214	0.512702226638794	0.2769264578819275	0.0669146478176117	0.14437586069107056	0.07746121287345886	True	True	False	local_anchor_w0.50	Calibrated mixture	True	selected_source_cv_mse < idw_source_cv_mse AND delta_source_cv_pearson > 0.03
50p_E1_to_E2	50% epiboly	E1	E2	123	eve1	False	0.7223559021949768	0.4704567492008209	0.2518991529941559	0.5092942714691162	0.7978328466415405	0.2885385751724243	True	True	False	local_anchor_w0.25	Calibrated mixture	True	selected_source_cv_mse < idw_source_cv_mse AND delta_source_cv_pearson > 0.03
50p_E1_to_E2	50% epiboly	E1	E2	124	f11r.1	False	0.5834665298461914	0.0822315588593483	0.5012349709868431	0.2360973209142685	0.3909035921096802	0.15480627119541168	True	True	False	global_anchor_w1.00	Anchor-only	True	selected_source_cv_mse < idw_source_cv_mse AND delta_source_cv_pearson > 0.03
50p_E1_to_E2	50% epiboly	E1	E2	125	fbln2	False	0.3029019832611084	0.07670534402132034	0.22619663923978806	0.3239537179470062	0.38332197070121765	0.059368252754211426	True	True	False	local_anchor_w0.75	Calibrated mixture	True	selected_source_cv_mse < idw_source_cv_mse AND delta_source_cv_pearson > 0.03
50p_E1_to_E2	50% epiboly	E1	E2	126	fezf2	False	0.3905421793460846	0.15471255779266357	0.23582962155342102	0.16883909702301025	0.21628572046756744	0.04744662344455719	True	True	False	local_anchor_w0.75	Calibrated mixture	True	selected_source_cv_mse < idw_source_cv_mse AND delta_source_cv_pearson > 0.03
50p_E1_to_E2	50% epiboly	E1	E2	127	fgf8a	False	0.7618025541305542	0.5508127808570862	0.21098977327346802	0.453897625207901	0.782511293888092	0.32861366868019104	True	True	False	local_anchor_w0.25	Calibrated mixture	True	selected_source_cv_mse < idw_source_cv_mse AND delta_source_cv_pearson > 0.03
50p_E1_to_E2	50% epiboly	E1	E2	128	flrt3	False	0.782728910446167	0.5600959062576294	0.2226330041885376	0.416471391916275	0.7514443397521973	0.33497294783592224	True	True	False	local_anchor_w0.25	Calibrated mixture	True	selected_source_cv_mse < idw_source_cv_mse AND delta_source_cv_pearson > 0.03
50p_E1_to_E2	50% epiboly	E1	E2	129	fn1a	False	0.36380165815353394	0.028421243652701378	0.33538041450083256	0.288545161485672	0.34883418679237366	0.06028902530670166	True	True	False	global_anchor_w1.00	Anchor-only	True	selected_source_cv_mse < idw_source_cv_mse AND delta_source_cv_pearson > 0.03
50p_E1_to_E2	50% epiboly	E1	E2	130	fn1b	False	0.19903609156608582	0.0014221431920304894	0.19761394837405533	0.3493339717388153	0.3978760838508606	0.04854211211204529	True	True	False	global_anchor_w1.00	Anchor-only	True	selected_source_cv_mse < idw_source_cv_mse AND delta_source_cv_pearson > 0.03
50p_E1_to_E2	50% epiboly	E1	E2	131	fnbp1l	False	0.47604110836982727	0.22560852766036987	0.2504325807094574	0.10011692345142365	0.12489473819732666	0.024777814745903015	True	True	False	local_anchor_w0.50	Calibrated mixture	True	selected_source_cv_mse < idw_source_cv_mse AND delta_source_cv_pearson > 0.03
50p_E1_to_E2	50% epiboly	E1	E2	132	fosab	False	0.35556697845458984	0.17360730469226837	0.18195967376232147	0.2802005708217621	0.33148184418678284	0.05128127336502075	True	True	False	local_anchor_w0.75	Calibrated mixture	True	selected_source_cv_mse < idw_source_cv_mse AND delta_source_cv_pearson > 0.03
50p_E1_to_E2	50% epiboly	E1	E2	133	foxa	False	0.6153086423873901	0.2859717309474945	0.32933691143989563	0.40123316645622253	0.604695200920105	0.20346203446388245	True	True	False	local_anchor_w0.75	Calibrated mixture	True	selected_source_cv_mse < idw_source_cv_mse AND delta_source_cv_pearson > 0.03
50p_E1_to_E2	50% epiboly	E1	E2	134	foxa2	False	0.32138606905937195	0.11414685100317001	0.20723921805620193	0.33398520946502686	0.4191044569015503	0.08511924743652344	True	True	False	local_anchor_w0.75	Calibrated mixture	True	selected_source_cv_mse < idw_source_cv_mse AND delta_source_cv_pearson > 0.03
50p_E1_to_E2	50% epiboly	E1	E2	135	foxa3	False	0.8224168419837952	0.49737662076950073	0.32504022121429443	0.7531667947769165	1.8431370258331299	1.0899702310562134	True	True	False	local_anchor_w0.25	Calibrated mixture	True	selected_source_cv_mse < idw_source_cv_mse AND delta_source_cv_pearson > 0.03
50p_E1_to_E2	50% epiboly	E1	E2	136	foxb1a	False	0.48361220955848694	0.4374866485595703	0.046125560998916626	0.37540867924690247	0.4198935031890869	0.04448482394218445	True	True	False	global_anchor_w0.50	Calibrated mixture	True	selected_source_cv_mse < idw_source_cv_mse AND delta_source_cv_pearson > 0.03
50p_E1_to_E2	50% epiboly	E1	E2	137	foxb1b	False	0.4954805374145508	0.25261014699935913	0.24287039041519165	0.16208642721176147	0.2103804349899292	0.048294007778167725	True	True	False	local_anchor_w0.75	Calibrated mixture	True	selected_source_cv_mse < idw_source_cv_mse AND delta_source_cv_pearson > 0.03
50p_E1_to_E2	50% epiboly	E1	E2	138	foxc1a	False	0.5349268317222595	0.32125675678253174	0.21367007493972778	0.38277581334114075	0.533848762512207	0.15107294917106628	True	True	False	local_anchor_w0.75	Calibrated mixture	True	selected_source_cv_mse < idw_source_cv_mse AND delta_source_cv_pearson > 0.03
50p_E1_to_E2	50% epiboly	E1	E2	139	foxc1b	False	0.2976289987564087	0.14138458669185638	0.1562444120645523	0.3393764793872833	0.38795822858810425	0.04858174920082092	True	True	False	local_anchor_w0.75	Calibrated mixture	True	selected_source_cv_mse < idw_source_cv_mse AND delta_source_cv_pearson > 0.03
50p_E1_to_E2	50% epiboly	E1	E2	140	foxd3	False	0.7403233051300049	0.4338992238044739	0.306424081325531	0.44736871123313904	0.8878783583641052	0.4405096471309662	True	True	False	local_anchor_w0.50	Calibrated mixture	True	selected_source_cv_mse < idw_source_cv_mse AND delta_source_cv_pearson > 0.03
50p_E1_to_E2	50% epiboly	E1	E2	141	foxd5	True	0.9999995827674866	0.49335208535194397	0.5066474974155426	2.277405883432948e-06	0.6908373236656189	0.6908350462597355	True	False	True	global_anchor_w0.00	IDW fallback	False	selected_source_cv_mse < idw_source_cv_mse AND delta_source_cv_pearson > 0.03
50p_E1_to_E2	50% epiboly	E1	E2	142	foxg1a	True	1.0000005960464478	0.08142951130867004	0.9185710847377777	6.506358545266266e-07	0.2812582552433014	0.28125760460744686	True	False	True	global_anchor_w1.00	IDW fallback	False	selected_source_cv_mse < idw_source_cv_mse AND delta_source_cv_pearson > 0.03
50p_E1_to_E2	50% epiboly	E1	E2	143	foxh1	False	0.8552142977714539	0.5944093465805054	0.2608049511909485	0.12514850497245789	0.3204963207244873	0.19534781575202942	True	True	False	local_anchor_w0.25	Calibrated mixture	True	selected_source_cv_mse < idw_source_cv_mse AND delta_source_cv_pearson > 0.03
50p_E1_to_E2	50% epiboly	E1	E2	144	foxi1	False	0.5948478579521179	0.036773860454559326	0.5580739974975586	0.36415043473243713	0.6230188012123108	0.25886836647987366	True	True	False	local_anchor_w0.75	Calibrated mixture	True	selected_source_cv_mse < idw_source_cv_mse AND delta_source_cv_pearson > 0.03
50p_E1_to_E2	50% epiboly	E1	E2	145	foxn2b	False	0.5224113464355469	0.017822304740548134	0.5045890416949987	0.19559690356254578	0.28884124755859375	0.09324434399604797	True	True	False	global_anchor_w0.75	Calibrated mixture	True	selected_source_cv_mse < idw_source_cv_mse AND delta_source_cv_pearson > 0.03
50p_E1_to_E2	50% epiboly	E1	E2	146	foxo1a	False	0.1482439637184143	0.018262609839439392	0.12998135387897491	0.12264969944953918	0.15170027315616608	0.029050573706626892	True	True	False	global_anchor_w1.00	Anchor-only	True	selected_source_cv_mse < idw_source_cv_mse AND delta_source_cv_pearson > 0.03
50p_E1_to_E2	50% epiboly	E1	E2	147	foxp1b	False	0.3224266767501831	0.10629807412624359	0.21612860262393951	0.3263821303844452	0.39177292585372925	0.06539079546928406	True	True	False	local_anchor_w0.75	Calibrated mixture	True	selected_source_cv_mse < idw_source_cv_mse AND delta_source_cv_pearson > 0.03
50p_E1_to_E2	50% epiboly	E1	E2	148	foxp2	False	0.45395317673683167	0.07854440808296204	0.37540876865386963	0.4286266565322876	0.5997948050498962	0.17116814851760864	True	True	False	local_anchor_w0.75	Calibrated mixture	True	selected_source_cv_mse < idw_source_cv_mse AND delta_source_cv_pearson > 0.03
50p_E1_to_E2	50% epiboly	E1	E2	149	frmd4ba	False	0.7740924954414368	0.16734549403190613	0.6067470014095306	0.39340826869010925	1.1362178325653076	0.7428095638751984	True	True	False	global_anchor_w1.00	Anchor-only	True	selected_source_cv_mse < idw_source_cv_mse AND delta_source_cv_pearson > 0.03
50p_E1_to_E2	50% epiboly	E1	E2	150	fscn1a	False	0.7616180181503296	0.3219754099845886	0.43964260816574097	0.14201942086219788	0.3641837537288666	0.2221643328666687	True	True	False	local_anchor_w0.25	Calibrated mixture	True	selected_source_cv_mse < idw_source_cv_mse AND delta_source_cv_pearson > 0.03
50p_E1_to_E2	50% epiboly	E1	E2	151	fzd7a	False	0.7503116726875305	0.15754903852939606	0.5927626341581345	0.319691002368927	0.7899897694587708	0.47029876708984375	True	True	False	local_anchor_w0.50	Calibrated mixture	True	selected_source_cv_mse < idw_source_cv_mse AND delta_source_cv_pearson > 0.03
50p_E1_to_E2	50% epiboly	E1	E2	152	fzd7b	False	0.26986995339393616	0.05699428543448448	0.21287566795945168	0.2434881031513214	0.2770172953605652	0.033529192209243774	True	True	False	local_anchor_w0.75	Calibrated mixture	True	selected_source_cv_mse < idw_source_cv_mse AND delta_source_cv_pearson > 0.03
50p_E1_to_E2	50% epiboly	E1	E2	153	fzd8a	False	0.5261453986167908	0.47323736548423767	0.0529080331325531	0.2894785404205322	0.3380664587020874	0.048587918281555176	True	True	False	local_anchor_w0.00	Local residual	True	selected_source_cv_mse < idw_source_cv_mse AND delta_source_cv_pearson > 0.03
50p_E1_to_E2	50% epiboly	E1	E2	154	gadd45gip1	False	0.33507177233695984	0.0645604208111763	0.27051135152578354	0.29140523076057434	0.36006319522857666	0.06865796446800232	True	True	False	local_anchor_w0.75	Calibrated mixture	True	selected_source_cv_mse < idw_source_cv_mse AND delta_source_cv_pearson > 0.03
50p_E1_to_E2	50% epiboly	E1	E2	155	gapdh	False	0.4515531361103058	0.15150398015975952	0.30004915595054626	0.19775226712226868	0.2499852329492569	0.05223296582698822	True	True	False	local_anchor_w0.75	Calibrated mixture	True	selected_source_cv_mse < idw_source_cv_mse AND delta_source_cv_pearson > 0.03
50p_E1_to_E2	50% epiboly	E1	E2	156	gata2a	False	0.8710341453552246	0.11982548981904984	0.7512086555361748	0.305859237909317	1.6798068284988403	1.3739475905895233	True	True	False	local_anchor_w0.75	Calibrated mixture	True	selected_source_cv_mse < idw_source_cv_mse AND delta_source_cv_pearson > 0.03
50p_E1_to_E2	50% epiboly	E1	E2	157	gata3	False	0.6392363905906677	0.18376682698726654	0.4554695636034012	0.32271045446395874	0.5954417586326599	0.27273130416870117	True	True	False	local_anchor_w0.75	Calibrated mixture	True	selected_source_cv_mse < idw_source_cv_mse AND delta_source_cv_pearson > 0.03
50p_E1_to_E2	50% epiboly	E1	E2	158	gata5	True	0.9999935030937195	0.5301543474197388	0.4698391556739807	3.488123184069991e-06	0.7729906439781189	0.7729871558549348	True	False	True	global_anchor_w0.00	IDW fallback	False	selected_source_cv_mse < idw_source_cv_mse AND delta_source_cv_pearson > 0.03
50p_E1_to_E2	50% epiboly	E1	E2	159	gata6	False	0.8737338185310364	0.4601834714412689	0.41355034708976746	0.3605920970439911	1.3277106285095215	0.9671185314655304	True	True	False	global_anchor_w1.00	Anchor-only	True	selected_source_cv_mse < idw_source_cv_mse AND delta_source_cv_pearson > 0.03
50p_E1_to_E2	50% epiboly	E1	E2	160	gbx1	False	0.5471404194831848	0.3312406837940216	0.2158997356891632	0.3451673686504364	0.4393822252750397	0.09421485662460327	True	True	False	local_anchor_w0.75	Calibrated mixture	True	selected_source_cv_mse < idw_source_cv_mse AND delta_source_cv_pearson > 0.03
50p_E1_to_E2	50% epiboly	E1	E2	161	gcm2	False	0.12461300194263458	0.09210922569036484	0.032503776252269745	0.12129846960306168	0.13452203571796417	0.013223566114902496	True	True	False	local_anchor_w0.75	Calibrated mixture	True	selected_source_cv_mse < idw_source_cv_mse AND delta_source_cv_pearson > 0.03
50p_E1_to_E2	50% epiboly	E1	E2	162	gfi1aa	False	0.3462825417518616	0.16939105093479156	0.17689149081707	0.3390781283378601	0.3903971016407013	0.051318973302841187	True	True	False	local_anchor_w0.75	Calibrated mixture	True	selected_source_cv_mse < idw_source_cv_mse AND delta_source_cv_pearson > 0.03
50p_E1_to_E2	50% epiboly	E1	E2	163	gli1	False	0.20457163453102112	0.08264368772506714	0.12192794680595398	0.3161979913711548	0.3672523498535156	0.05105435848236084	True	True	False	local_anchor_w0.75	Calibrated mixture	True	selected_source_cv_mse < idw_source_cv_mse AND delta_source_cv_pearson > 0.03
50p_E1_to_E2	50% epiboly	E1	E2	164	gli2a	False	0.1577473282814026	-0.000929487869143486	0.15867681615054607	0.3179302513599396	0.36936813592910767	0.05143788456916809	True	True	False	local_anchor_w0.75	Calibrated mixture	True	selected_source_cv_mse < idw_source_cv_mse AND delta_source_cv_pearson > 0.03
50p_E1_to_E2	50% epiboly	E1	E2	165	gmnn	False	0.6477158665657043	0.2210644781589508	0.42665138840675354	0.08581648766994476	0.14501863718032837	0.059202149510383606	True	True	False	local_anchor_w0.50	Calibrated mixture	True	selected_source_cv_mse < idw_source_cv_mse AND delta_source_cv_pearson > 0.03
50p_E1_to_E2	50% epiboly	E1	E2	166	gpr137bb	False	0.6688472628593445	0.14351758360862732	0.5253296792507172	0.3851049840450287	0.7571448683738708	0.37203988432884216	True	True	False	local_anchor_w0.75	Calibrated mixture	True	selected_source_cv_mse < idw_source_cv_mse AND delta_source_cv_pearson > 0.03
50p_E1_to_E2	50% epiboly	E1	E2	167	grhl1	False	0.9064935445785522	0.11187876015901566	0.7946147844195366	0.36325258016586304	3.0275425910949707	2.6642900109291077	True	True	False	global_anchor_w1.00	Anchor-only	True	selected_source_cv_mse < idw_source_cv_mse AND delta_source_cv_pearson > 0.03
50p_E1_to_E2	50% epiboly	E1	E2	168	grhl2b	False	0.23563215136528015	-0.0015416443347930908	0.23717379570007324	0.34660637378692627	0.4032200276851654	0.056613653898239136	True	True	False	global_anchor_w1.00	Anchor-only	True	selected_source_cv_mse < idw_source_cv_mse AND delta_source_cv_pearson > 0.03
50p_E1_to_E2	50% epiboly	E1	E2	169	gsc	False	0.22782598435878754	0.07251643389463425	0.1553095504641533	0.38330304622650146	0.40606871247291565	0.022765666246414185	True	True	False	global_anchor_w0.75	Calibrated mixture	True	selected_source_cv_mse < idw_source_cv_mse AND delta_source_cv_pearson > 0.03
50p_E1_to_E2	50% epiboly	E1	E2	170	h1-0	False	0.3814942538738251	0.12237580120563507	0.25911845266819	0.34032946825027466	0.41545066237449646	0.0751211941242218	True	True	False	global_anchor_w1.00	Anchor-only	True	selected_source_cv_mse < idw_source_cv_mse AND delta_source_cv_pearson > 0.03
50p_E1_to_E2	50% epiboly	E1	E2	171	hdlbpa	False	0.48763328790664673	0.3042413592338562	0.18339192867279053	0.03549013286828995	0.0443478487432003	0.008857715874910355	True	True	False	local_anchor_w0.75	Calibrated mixture	True	selected_source_cv_mse < idw_source_cv_mse AND delta_source_cv_pearson > 0.03
50p_E1_to_E2	50% epiboly	E1	E2	172	helb	False	0.4890250563621521	0.07791432738304138	0.4111107289791107	0.235740527510643	0.3307209610939026	0.09498043358325958	True	True	False	global_anchor_w1.00	Anchor-only	True	selected_source_cv_mse < idw_source_cv_mse AND delta_source_cv_pearson > 0.03
50p_E1_to_E2	50% epiboly	E1	E2	173	hells	False	0.22142422199249268	0.035847000777721405	0.18557722121477127	0.31575682759284973	0.36161521077156067	0.04585838317871094	True	True	False	global_anchor_w1.00	Anchor-only	True	selected_source_cv_mse < idw_source_cv_mse AND delta_source_cv_pearson > 0.03
50p_E1_to_E2	50% epiboly	E1	E2	174	her1	False	0.4966721534729004	0.2753654420375824	0.221306711435318	0.42623504996299744	0.6550741195678711	0.22883906960487366	True	True	False	local_anchor_w0.75	Calibrated mixture	True	selected_source_cv_mse < idw_source_cv_mse AND delta_source_cv_pearson > 0.03
50p_E1_to_E2	50% epiboly	E1	E2	175	her11	False	0.31012094020843506	0.08022474497556686	0.2298961952328682	0.3148954212665558	0.37940502166748047	0.06450960040092468	True	True	False	local_anchor_w0.75	Calibrated mixture	True	selected_source_cv_mse < idw_source_cv_mse AND delta_source_cv_pearson > 0.03
50p_E1_to_E2	50% epiboly	E1	E2	176	her12	False	0.28852906823158264	0.0693892240524292	0.21913984417915344	0.3169266879558563	0.37542739510536194	0.058500707149505615	True	True	False	global_anchor_w1.00	Anchor-only	True	selected_source_cv_mse < idw_source_cv_mse AND delta_source_cv_pearson > 0.03
50p_E1_to_E2	50% epiboly	E1	E2	177	her2	False	0.2704961895942688	0.03420951962471008	0.23628666996955872	0.33373942971229553	0.3977518677711487	0.06401243805885315	True	True	False	local_anchor_w0.75	Calibrated mixture	True	selected_source_cv_mse < idw_source_cv_mse AND delta_source_cv_pearson > 0.03
50p_E1_to_E2	50% epiboly	E1	E2	178	her3	False	0.18198086321353912	0.07095649093389511	0.11102437227964401	0.20233173668384552	0.21890465915203094	0.016572922468185425	True	True	False	global_anchor_w1.00	Anchor-only	True	selected_source_cv_mse < idw_source_cv_mse AND delta_source_cv_pearson > 0.03
50p_E1_to_E2	50% epiboly	E1	E2	179	her5	False	0.7506208419799805	0.17270492017269135	0.5779159218072891	0.2275894433259964	0.5403723120689392	0.3127828687429428	True	True	False	local_anchor_w0.75	Calibrated mixture	True	selected_source_cv_mse < idw_source_cv_mse AND delta_source_cv_pearson > 0.03
50p_E1_to_E2	50% epiboly	E1	E2	180	her6	False	0.8604938983917236	0.07167033106088638	0.7888235673308372	0.37797173857688904	1.9115997552871704	1.5336280167102814	True	True	False	global_anchor_w1.00	Anchor-only	True	selected_source_cv_mse < idw_source_cv_mse AND delta_source_cv_pearson > 0.03
50p_E1_to_E2	50% epiboly	E1	E2	181	her7	False	0.4188191592693329	0.1492093950510025	0.2696097642183304	0.22586992383003235	0.3166533410549164	0.09078341722488403	True	True	False	local_anchor_w0.75	Calibrated mixture	True	selected_source_cv_mse < idw_source_cv_mse AND delta_source_cv_pearson > 0.03
50p_E1_to_E2	50% epiboly	E1	E2	182	her8a	False	0.3771941363811493	0.23002371191978455	0.14717042446136475	0.2505545914173126	0.31319931149482727	0.06264472007751465	True	True	False	local_anchor_w0.75	Calibrated mixture	True	selected_source_cv_mse < idw_source_cv_mse AND delta_source_cv_pearson > 0.03
50p_E1_to_E2	50% epiboly	E1	E2	183	her9	False	0.37125542759895325	0.10032610595226288	0.27092932164669037	0.29028889536857605	0.34243249893188477	0.052143603563308716	True	True	False	local_anchor_w0.75	Calibrated mixture	True	selected_source_cv_mse < idw_source_cv_mse AND delta_source_cv_pearson > 0.03
50p_E1_to_E2	50% epiboly	E1	E2	184	hes6	False	0.3388189971446991	0.07351650297641754	0.26530249416828156	0.30909883975982666	0.39163652062416077	0.0825376808643341	True	True	False	local_anchor_w0.75	Calibrated mixture	True	selected_source_cv_mse < idw_source_cv_mse AND delta_source_cv_pearson > 0.03
50p_E1_to_E2	50% epiboly	E1	E2	185	hesx1	False	0.3945125341415405	0.11710971593856812	0.2774028182029724	0.1863115280866623	0.22955846786499023	0.04324693977832794	True	True	False	local_anchor_w0.75	Calibrated mixture	True	selected_source_cv_mse < idw_source_cv_mse AND delta_source_cv_pearson > 0.03
50p_E1_to_E2	50% epiboly	E1	E2	186	hic1l	False	0.24260322749614716	0.055480170994997025	0.18712305650115013	0.33360645174980164	0.4185968041419983	0.08499035239219666	True	True	False	global_anchor_w1.00	Anchor-only	True	selected_source_cv_mse < idw_source_cv_mse AND delta_source_cv_pearson > 0.03
50p_E1_to_E2	50% epiboly	E1	E2	187	higd1a	False	0.3392255902290344	0.07093585282564163	0.2682897374033928	0.22250467538833618	0.2815917134284973	0.05908703804016113	True	True	False	global_anchor_w1.00	Anchor-only	True	selected_source_cv_mse < idw_source_cv_mse AND delta_source_cv_pearson > 0.03
50p_E1_to_E2	50% epiboly	E1	E2	188	hivep2a	False	0.3599686622619629	0.1469220370054245	0.2130466252565384	0.34720882773399353	0.4132082462310791	0.06599941849708557	True	True	False	local_anchor_w0.75	Calibrated mixture	True	selected_source_cv_mse < idw_source_cv_mse AND delta_source_cv_pearson > 0.03
50p_E1_to_E2	50% epiboly	E1	E2	189	hoxb1b	True	1.0000044107437134	-0.011722147464752197	1.0117265582084656	3.421581595830503e-07	0.1501437872648239	0.15014344510666433	True	False	True	global_anchor_w0.75	IDW fallback	False	selected_source_cv_mse < idw_source_cv_mse AND delta_source_cv_pearson > 0.03
50p_E1_to_E2	50% epiboly	E1	E2	190	hoxb7a	False	0.43248844146728516	0.224773108959198	0.20771533250808716	0.28001099824905396	0.35817649960517883	0.07816550135612488	True	True	False	global_anchor_w1.00	Anchor-only	True	selected_source_cv_mse < idw_source_cv_mse AND delta_source_cv_pearson > 0.03
50p_E1_to_E2	50% epiboly	E1	E2	191	hoxb8a	False	0.3348093628883362	0.12681320309638977	0.2079961597919464	0.2876332700252533	0.35747361183166504	0.06984034180641174	True	True	False	global_anchor_w1.00	Anchor-only	True	selected_source_cv_mse < idw_source_cv_mse AND delta_source_cv_pearson > 0.03
50p_E1_to_E2	50% epiboly	E1	E2	192	hoxb9a	False	0.11545921862125397	0.08622898161411285	0.029230237007141113	0.3181862533092499	0.34803488850593567	0.02984863519668579	False	False	True	global_anchor_w0.50	IDW fallback	False	selected_source_cv_mse < idw_source_cv_mse AND delta_source_cv_pearson > 0.03
50p_E1_to_E2	50% epiboly	E1	E2	193	hoxc3a	False	0.4039500057697296	0.12790147960186005	0.27604852616786957	0.30756306648254395	0.4004368185997009	0.09287375211715698	True	True	False	local_anchor_w0.75	Calibrated mixture	True	selected_source_cv_mse < idw_source_cv_mse AND delta_source_cv_pearson > 0.03
50p_E1_to_E2	50% epiboly	E1	E2	194	hoxc6a	False	0.35018390417099	0.08876272290945053	0.26142118126153946	0.2938125729560852	0.35648611187934875	0.06267353892326355	True	True	False	local_anchor_w0.75	Calibrated mixture	True	selected_source_cv_mse < idw_source_cv_mse AND delta_source_cv_pearson > 0.03
50p_E1_to_E2	50% epiboly	E1	E2	195	hoxc8a	False	0.16995739936828613	0.06347295641899109	0.10648444294929504	0.13427920639514923	0.20435112714767456	0.07007192075252533	True	True	False	global_anchor_w1.00	Anchor-only	True	selected_source_cv_mse < idw_source_cv_mse AND delta_source_cv_pearson > 0.03
50p_E1_to_E2	50% epiboly	E1	E2	196	hsp90aa1.2	False	0.16494499146938324	0.049985505640506744	0.1149594858288765	0.36454442143440247	0.4110878109931946	0.046543389558792114	True	True	False	local_anchor_w0.75	Calibrated mixture	True	selected_source_cv_mse < idw_source_cv_mse AND delta_source_cv_pearson > 0.03
50p_E1_to_E2	50% epiboly	E1	E2	197	id3	False	0.3084085285663605	0.02411135844886303	0.28429717011749744	0.3691484034061432	0.48085033893585205	0.11170193552970886	True	True	False	global_anchor_w1.00	Anchor-only	True	selected_source_cv_mse < idw_source_cv_mse AND delta_source_cv_pearson > 0.03
50p_E1_to_E2	50% epiboly	E1	E2	198	igf2bp1	False	0.536616861820221	0.08365281671285629	0.45296404510736465	0.12011229991912842	0.1809903383255005	0.06087803840637207	True	True	False	global_anchor_w0.75	Calibrated mixture	True	selected_source_cv_mse < idw_source_cv_mse AND delta_source_cv_pearson > 0.03
50p_E1_to_E2	50% epiboly	E1	E2	199	igfbp1a	False	0.3713703751564026	0.13797858357429504	0.23339179158210754	0.32164910435676575	0.3956649899482727	0.07401588559150696	True	True	False	global_anchor_w1.00	Anchor-only	True	selected_source_cv_mse < idw_source_cv_mse AND delta_source_cv_pearson > 0.03
50p_E1_to_E2	50% epiboly	E1	E2	200	irf2a	False	0.3892819285392761	0.19619598984718323	0.1930859386920929	0.3231634497642517	0.4064415395259857	0.08327808976173401	True	True	False	local_anchor_w0.75	Calibrated mixture	True	selected_source_cv_mse < idw_source_cv_mse AND delta_source_cv_pearson > 0.03
50p_E1_to_E2	50% epiboly	E1	E2	201	irx1b	False	0.10813088715076447	0.013933737762272358	0.09419714938849211	0.36633890867233276	0.42045915126800537	0.05412024259567261	True	True	False	local_anchor_w0.75	Calibrated mixture	True	selected_source_cv_mse < idw_source_cv_mse AND delta_source_cv_pearson > 0.03
50p_E1_to_E2	50% epiboly	E1	E2	202	irx3a	False	0.28972646594047546	0.10613218694925308	0.18359427899122238	0.3304799199104309	0.3695613443851471	0.039081424474716187	True	True	False	global_anchor_w1.00	Anchor-only	True	selected_source_cv_mse < idw_source_cv_mse AND delta_source_cv_pearson > 0.03
50p_E1_to_E2	50% epiboly	E1	E2	203	irx5a	False	0.17548079788684845	0.002209148835390806	0.17327164905145764	0.30710920691490173	0.35186341404914856	0.044754207134246826	True	True	False	global_anchor_w1.00	Anchor-only	True	selected_source_cv_mse < idw_source_cv_mse AND delta_source_cv_pearson > 0.03
50p_E1_to_E2	50% epiboly	E1	E2	204	irx7	False	0.2934802174568176	0.030985450372099876	0.26249476708471775	0.3359270393848419	0.4057141840457916	0.06978714466094971	True	True	False	global_anchor_w1.00	Anchor-only	True	selected_source_cv_mse < idw_source_cv_mse AND delta_source_cv_pearson > 0.03
50p_E1_to_E2	50% epiboly	E1	E2	205	ism1	False	0.6698189377784729	0.39363500475883484	0.27618393301963806	0.40356341004371643	0.6075188517570496	0.20395544171333313	True	True	False	local_anchor_w0.75	Calibrated mixture	True	selected_source_cv_mse < idw_source_cv_mse AND delta_source_cv_pearson > 0.03
50p_E1_to_E2	50% epiboly	E1	E2	206	itga6a	False	0.13011783361434937	0.05764085054397583	0.07247698307037354	0.31230148673057556	0.34837067127227783	0.03606918454170227	True	True	False	global_anchor_w0.75	Calibrated mixture	True	selected_source_cv_mse < idw_source_cv_mse AND delta_source_cv_pearson > 0.03
50p_E1_to_E2	50% epiboly	E1	E2	207	itgb5	False	0.27106115221977234	0.06406328827142715	0.20699786394834518	0.24859274923801422	0.29202911257743835	0.04343636333942413	True	True	False	local_anchor_w0.75	Calibrated mixture	True	selected_source_cv_mse < idw_source_cv_mse AND delta_source_cv_pearson > 0.03
50p_E1_to_E2	50% epiboly	E1	E2	208	itm2cb	False	0.4384623169898987	0.01807412877678871	0.42038818821310997	0.30831852555274963	0.4362422227859497	0.12792369723320007	True	True	False	local_anchor_w0.75	Calibrated mixture	True	selected_source_cv_mse < idw_source_cv_mse AND delta_source_cv_pearson > 0.03
50p_E1_to_E2	50% epiboly	E1	E2	209	jcada	False	0.22908619046211243	0.028084646910429	0.20100154355168343	0.33081117272377014	0.38837191462516785	0.057560741901397705	True	True	False	global_anchor_w1.00	Anchor-only	True	selected_source_cv_mse < idw_source_cv_mse AND delta_source_cv_pearson > 0.03
50p_E1_to_E2	50% epiboly	E1	E2	210	kank1a	False	0.35661548376083374	0.10283687710762024	0.2537786066532135	0.3049812614917755	0.39212849736213684	0.08714723587036133	True	True	False	global_anchor_w1.00	Anchor-only	True	selected_source_cv_mse < idw_source_cv_mse AND delta_source_cv_pearson > 0.03
50p_E1_to_E2	50% epiboly	E1	E2	211	kazald2	False	0.248520165681839	0.14985968172550201	0.09866048395633698	0.37569451332092285	0.4668968915939331	0.09120237827301025	True	True	False	local_anchor_w0.50	Calibrated mixture	True	selected_source_cv_mse < idw_source_cv_mse AND delta_source_cv_pearson > 0.03
50p_E1_to_E2	50% epiboly	E1	E2	212	kdrl	False	0.43222901225090027	0.1667938530445099	0.2654351592063904	0.3371334373950958	0.432303786277771	0.09517034888267517	True	True	False	local_anchor_w0.75	Calibrated mixture	True	selected_source_cv_mse < idw_source_cv_mse AND delta_source_cv_pearson > 0.03
50p_E1_to_E2	50% epiboly	E1	E2	213	kif15	False	0.24917833507061005	0.06929215043783188	0.17988618463277817	0.29097992181777954	0.33147478103637695	0.04049485921859741	True	True	False	global_anchor_w0.75	Calibrated mixture	True	selected_source_cv_mse < idw_source_cv_mse AND delta_source_cv_pearson > 0.03
50p_E1_to_E2	50% epiboly	E1	E2	214	kirrel3l	False	0.4970426559448242	0.2591724991798401	0.23787015676498413	0.36325502395629883	0.5305089950561523	0.16725397109985352	True	True	False	global_anchor_w0.50	Calibrated mixture	True	selected_source_cv_mse < idw_source_cv_mse AND delta_source_cv_pearson > 0.03
50p_E1_to_E2	50% epiboly	E1	E2	215	klf17	False	0.14475490152835846	0.056910548359155655	0.0878443531692028	0.30637064576148987	0.34820038080215454	0.04182973504066467	True	True	False	global_anchor_w1.00	Anchor-only	True	selected_source_cv_mse < idw_source_cv_mse AND delta_source_cv_pearson > 0.03
50p_E1_to_E2	50% epiboly	E1	E2	216	klf2a	True	0.9999926090240479	0.11860859394073486	0.881384015083313	2.1616078811348416e-05	4.320148944854736	4.320127328775925	True	False	True	global_anchor_w0.75	IDW fallback	False	selected_source_cv_mse < idw_source_cv_mse AND delta_source_cv_pearson > 0.03
50p_E1_to_E2	50% epiboly	E1	E2	217	klf2b	False	0.7800039649009705	0.18006035685539246	0.599943608045578	0.3894285559654236	1.3439686298370361	0.9545400738716125	True	True	False	local_anchor_w0.75	Calibrated mixture	True	selected_source_cv_mse < idw_source_cv_mse AND delta_source_cv_pearson > 0.03
50p_E1_to_E2	50% epiboly	E1	E2	218	klf3	False	0.6977604627609253	0.38216152787208557	0.3155989348888397	0.4439583718776703	0.7776228785514832	0.33366450667381287	True	True	False	local_anchor_w0.25	Calibrated mixture	True	selected_source_cv_mse < idw_source_cv_mse AND delta_source_cv_pearson > 0.03
50p_E1_to_E2	50% epiboly	E1	E2	219	klf7a	False	0.35607045888900757	0.011324525810778141	0.3447459330782294	0.30050015449523926	0.37820395827293396	0.0777038037776947	True	True	False	global_anchor_w1.00	Anchor-only	True	selected_source_cv_mse < idw_source_cv_mse AND delta_source_cv_pearson > 0.03
50p_E1_to_E2	50% epiboly	E1	E2	220	klf8	False	0.3106260299682617	0.07491522282361984	0.23571080714464188	0.18686677515506744	0.21720534563064575	0.030338570475578308	True	True	False	global_anchor_w1.00	Anchor-only	True	selected_source_cv_mse < idw_source_cv_mse AND delta_source_cv_pearson > 0.03
50p_E1_to_E2	50% epiboly	E1	E2	221	kmt2bb	False	0.441523015499115	0.12502388656139374	0.31649912893772125	0.2887802720069885	0.3892793357372284	0.10049906373023987	True	True	False	global_anchor_w0.75	Calibrated mixture	True	selected_source_cv_mse < idw_source_cv_mse AND delta_source_cv_pearson > 0.03
50p_E1_to_E2	50% epiboly	E1	E2	222	kmt5aa	False	0.38212358951568604	0.13875600695610046	0.24336758255958557	0.07010616362094879	0.08513597398996353	0.01502981036901474	True	True	False	local_anchor_w0.75	Calibrated mixture	True	selected_source_cv_mse < idw_source_cv_mse AND delta_source_cv_pearson > 0.03
50p_E1_to_E2	50% epiboly	E1	E2	223	krt18a.1	False	0.8944615721702576	0.22017605602741241	0.6742855161428452	0.8871891498565674	6.125977039337158	5.238787889480591	True	True	False	local_anchor_w0.75	Calibrated mixture	True	selected_source_cv_mse < idw_source_cv_mse AND delta_source_cv_pearson > 0.03
50p_E1_to_E2	50% epiboly	E1	E2	224	krt4	False	0.9266732931137085	0.1190924346446991	0.8075808584690094	0.630459189414978	7.359602451324463	6.729143261909485	True	True	False	local_anchor_w0.75	Calibrated mixture	True	selected_source_cv_mse < idw_source_cv_mse AND delta_source_cv_pearson > 0.03
50p_E1_to_E2	50% epiboly	E1	E2	225	krt8	False	0.9088637232780457	0.18834277987480164	0.720520943403244	0.5758864879608154	4.532330513000488	3.956444025039673	True	True	False	local_anchor_w0.75	Calibrated mixture	True	selected_source_cv_mse < idw_source_cv_mse AND delta_source_cv_pearson > 0.03
50p_E1_to_E2	50% epiboly	E1	E2	226	krt99	False	0.39560627937316895	0.17818772792816162	0.21741855144500732	0.45542386174201965	0.5912765264511108	0.1358526647090912	True	True	False	global_anchor_w0.75	Calibrated mixture	True	selected_source_cv_mse < idw_source_cv_mse AND delta_source_cv_pearson > 0.03
50p_E1_to_E2	50% epiboly	E1	E2	227	lamb1a	False	0.6675790548324585	0.17250555753707886	0.49507349729537964	0.4024045765399933	0.7675302028656006	0.3651256263256073	True	True	False	local_anchor_w0.75	Calibrated mixture	True	selected_source_cv_mse < idw_source_cv_mse AND delta_source_cv_pearson > 0.03
50p_E1_to_E2	50% epiboly	E1	E2	228	lamc1	False	0.403080552816391	0.19251501560211182	0.21056553721427917	0.19435180723667145	0.24079878628253937	0.04644697904586792	True	True	False	local_anchor_w0.50	Calibrated mixture	True	selected_source_cv_mse < idw_source_cv_mse AND delta_source_cv_pearson > 0.03
50p_E1_to_E2	50% epiboly	E1	E2	229	lamp2	False	0.8066720962524414	0.33688515424728394	0.46978694200515747	0.045816171914339066	0.11702655255794525	0.07121038064360619	True	True	False	local_anchor_w0.25	Calibrated mixture	True	selected_source_cv_mse < idw_source_cv_mse AND delta_source_cv_pearson > 0.03
50p_E1_to_E2	50% epiboly	E1	E2	230	lbx2	False	0.2514466643333435	0.06847924739122391	0.1829674169421196	0.2667888104915619	0.31277886033058167	0.045990049839019775	True	True	False	global_anchor_w1.00	Anchor-only	True	selected_source_cv_mse < idw_source_cv_mse AND delta_source_cv_pearson > 0.03
50p_E1_to_E2	50% epiboly	E1	E2	231	lef1	False	0.575530469417572	0.22577279806137085	0.34975767135620117	0.3423353135585785	0.501558780670166	0.15922346711158752	True	True	False	local_anchor_w0.75	Calibrated mixture	True	selected_source_cv_mse < idw_source_cv_mse AND delta_source_cv_pearson > 0.03
50p_E1_to_E2	50% epiboly	E1	E2	232	lft1	False	0.7156572341918945	0.4102729558944702	0.3053842782974243	0.4808160662651062	0.8776029348373413	0.3967868685722351	True	True	False	local_anchor_w0.50	Calibrated mixture	True	selected_source_cv_mse < idw_source_cv_mse AND delta_source_cv_pearson > 0.03
50p_E1_to_E2	50% epiboly	E1	E2	233	lft2	False	0.8258883357048035	0.5847057104110718	0.2411826252937317	0.44244617223739624	1.068019151687622	0.6255729794502258	True	True	False	local_anchor_w0.50	Calibrated mixture	True	selected_source_cv_mse < idw_source_cv_mse AND delta_source_cv_pearson > 0.03
50p_E1_to_E2	50% epiboly	E1	E2	234	lgals3b	False	0.240777850151062	0.08260133117437363	0.15817651897668839	0.33746597170829773	0.40320485830307007	0.06573888659477234	True	True	False	local_anchor_w0.75	Calibrated mixture	True	selected_source_cv_mse < idw_source_cv_mse AND delta_source_cv_pearson > 0.03
50p_E1_to_E2	50% epiboly	E1	E2	235	lhfpl6	False	0.0952063724398613	-0.0004949630820192397	0.09570133552188054	0.2738734483718872	0.3290916979312897	0.055218249559402466	True	True	False	global_anchor_w1.00	Anchor-only	True	selected_source_cv_mse < idw_source_cv_mse AND delta_source_cv_pearson > 0.03
50p_E1_to_E2	50% epiboly	E1	E2	236	lhx1a	False	0.7486284375190735	0.4768397808074951	0.27178865671157837	0.459500253200531	0.9248910546302795	0.46539080142974854	True	True	False	local_anchor_w0.50	Calibrated mixture	True	selected_source_cv_mse < idw_source_cv_mse AND delta_source_cv_pearson > 0.03
50p_E1_to_E2	50% epiboly	E1	E2	237	lhx5	False	0.3918186128139496	0.09898925572633743	0.29282935708761215	0.4415147304534912	0.622250497341156	0.1807357668876648	True	True	False	local_anchor_w0.75	Calibrated mixture	True	selected_source_cv_mse < idw_source_cv_mse AND delta_source_cv_pearson > 0.03
50p_E1_to_E2	50% epiboly	E1	E2	238	lima1a	False	0.5074602365493774	0.011443342082202435	0.496016894467175	0.1561538130044937	0.2614073157310486	0.10525350272655487	True	True	False	global_anchor_w1.00	Anchor-only	True	selected_source_cv_mse < idw_source_cv_mse AND delta_source_cv_pearson > 0.03
50p_E1_to_E2	50% epiboly	E1	E2	239	lmnb1	False	0.6841681003570557	0.3387313187122345	0.34543678164482117	0.0324997715651989	0.058626580983400345	0.026126809418201447	True	True	False	local_anchor_w0.75	Calibrated mixture	True	selected_source_cv_mse < idw_source_cv_mse AND delta_source_cv_pearson > 0.03
50p_E1_to_E2	50% epiboly	E1	E2	240	lmo2	False	0.33059170842170715	0.08764726668596268	0.24294444173574448	0.32895898818969727	0.3904908001422882	0.06153181195259094	True	True	False	global_anchor_w1.00	Anchor-only	True	selected_source_cv_mse < idw_source_cv_mse AND delta_source_cv_pearson > 0.03
50p_E1_to_E2	50% epiboly	E1	E2	241	lmo4a	False	0.2828613221645355	0.07526840269565582	0.2075929194688797	0.3541012704372406	0.4114946722984314	0.057393401861190796	True	True	False	local_anchor_w0.75	Calibrated mixture	True	selected_source_cv_mse < idw_source_cv_mse AND delta_source_cv_pearson > 0.03
50p_E1_to_E2	50% epiboly	E1	E2	242	lratb.1	False	0.2768796980381012	0.0697391927242279	0.2071405053138733	0.31616848707199097	0.3813329339027405	0.06516444683074951	True	True	False	local_anchor_w0.75	Calibrated mixture	True	selected_source_cv_mse < idw_source_cv_mse AND delta_source_cv_pearson > 0.03
50p_E1_to_E2	50% epiboly	E1	E2	243	lratd1	False	0.3981688618659973	0.035124972462654114	0.3630438894033432	0.3853900134563446	0.5030654072761536	0.11767539381980896	True	True	False	global_anchor_w1.00	Anchor-only	True	selected_source_cv_mse < idw_source_cv_mse AND delta_source_cv_pearson > 0.03
50p_E1_to_E2	50% epiboly	E1	E2	244	mab21l2	False	0.24946890771389008	0.0720340684056282	0.17743483930826187	0.2929922342300415	0.34017354249954224	0.04718130826950073	True	True	False	local_anchor_w0.75	Calibrated mixture	True	selected_source_cv_mse < idw_source_cv_mse AND delta_source_cv_pearson > 0.03
50p_E1_to_E2	50% epiboly	E1	E2	245	mad1l1	False	0.5851097702980042	0.29094186425209045	0.2941679060459137	0.0652163177728653	0.09813924133777618	0.03292292356491089	True	True	False	local_anchor_w0.50	Calibrated mixture	True	selected_source_cv_mse < idw_source_cv_mse AND delta_source_cv_pearson > 0.03
50p_E1_to_E2	50% epiboly	E1	E2	246	map1lc3b	False	0.30812233686447144	0.054173555225133896	0.25394878163933754	0.23773206770420074	0.2745859622955322	0.03685389459133148	True	True	False	local_anchor_w0.50	Calibrated mixture	True	selected_source_cv_mse < idw_source_cv_mse AND delta_source_cv_pearson > 0.03
50p_E1_to_E2	50% epiboly	E1	E2	247	map2k6	False	0.5400907397270203	0.07168854027986526	0.468402199447155	0.22830542922019958	0.34871962666511536	0.12041419744491577	True	True	False	global_anchor_w0.75	Calibrated mixture	True	selected_source_cv_mse < idw_source_cv_mse AND delta_source_cv_pearson > 0.03
50p_E1_to_E2	50% epiboly	E1	E2	248	mcama	False	0.33665817975997925	0.09086835384368896	0.24578982591629028	0.3247905373573303	0.3857353925704956	0.06094485521316528	True	True	False	local_anchor_w0.75	Calibrated mixture	True	selected_source_cv_mse < idw_source_cv_mse AND delta_source_cv_pearson > 0.03
50p_E1_to_E2	50% epiboly	E1	E2	249	mcm2	False	0.4831032156944275	0.14259187877178192	0.34051133692264557	0.18214651942253113	0.24588721990585327	0.06374070048332214	True	True	False	local_anchor_w0.50	Calibrated mixture	True	selected_source_cv_mse < idw_source_cv_mse AND delta_source_cv_pearson > 0.03
50p_E1_to_E2	50% epiboly	E1	E2	250	mcm3	False	0.7334257960319519	0.33873966336250305	0.39468613266944885	0.10318412631750107	0.21823427081108093	0.11505014449357986	True	True	False	local_anchor_w0.75	Calibrated mixture	True	selected_source_cv_mse < idw_source_cv_mse AND delta_source_cv_pearson > 0.03
50p_E1_to_E2	50% epiboly	E1	E2	251	mcm4	False	0.649049699306488	0.29479315876960754	0.3542565405368805	0.03877665847539902	0.06830700486898422	0.029530346393585205	True	True	False	local_anchor_w0.25	Calibrated mixture	True	selected_source_cv_mse < idw_source_cv_mse AND delta_source_cv_pearson > 0.03
50p_E1_to_E2	50% epiboly	E1	E2	252	mcm5	False	0.6064434051513672	0.12076196074485779	0.4856814444065094	0.22924381494522095	0.37167826294898987	0.14243444800376892	True	True	False	local_anchor_w0.75	Calibrated mixture	True	selected_source_cv_mse < idw_source_cv_mse AND delta_source_cv_pearson > 0.03
50p_E1_to_E2	50% epiboly	E1	E2	253	mcm7	False	0.6725979447364807	0.3394516706466675	0.33314627408981323	0.03490254655480385	0.058695655316114426	0.023793108761310577	True	True	False	local_anchor_w0.75	Calibrated mixture	True	selected_source_cv_mse < idw_source_cv_mse AND delta_source_cv_pearson > 0.03
50p_E1_to_E2	50% epiboly	E1	E2	254	mdm2	True	1.0000003576278687	0.328357458114624	0.6716428995132446	3.342810487083625e-06	0.777437150478363	0.777433807667876	True	False	True	global_anchor_w0.25	IDW fallback	False	selected_source_cv_mse < idw_source_cv_mse AND delta_source_cv_pearson > 0.03
50p_E1_to_E2	50% epiboly	E1	E2	255	mef2d	False	0.2939312756061554	0.11335115879774094	0.18058011680841446	0.345027357339859	0.4068707823753357	0.061843425035476685	True	True	False	local_anchor_w0.75	Calibrated mixture	True	selected_source_cv_mse < idw_source_cv_mse AND delta_source_cv_pearson > 0.03
50p_E1_to_E2	50% epiboly	E1	E2	256	meis1b	False	0.4290451109409332	0.22225788235664368	0.20678722858428955	0.3284309506416321	0.40021979808807373	0.07178884744644165	True	True	False	global_anchor_w1.00	Anchor-only	True	selected_source_cv_mse < idw_source_cv_mse AND delta_source_cv_pearson > 0.03
50p_E1_to_E2	50% epiboly	E1	E2	257	meis2a	False	0.38797205686569214	0.1265469640493393	0.26142509281635284	0.31816384196281433	0.39492857456207275	0.07676473259925842	True	True	False	global_anchor_w1.00	Anchor-only	True	selected_source_cv_mse < idw_source_cv_mse AND delta_source_cv_pearson > 0.03
50p_E1_to_E2	50% epiboly	E1	E2	258	meis3	False	0.20360836386680603	0.09059317409992218	0.11301518976688385	0.19545744359493256	0.21495957672595978	0.01950213313102722	True	True	False	local_anchor_w0.75	Calibrated mixture	True	selected_source_cv_mse < idw_source_cv_mse AND delta_source_cv_pearson > 0.03
50p_E1_to_E2	50% epiboly	E1	E2	259	meox1	False	0.09383982419967651	0.013696403242647648	0.08014342095702887	0.18825951218605042	0.21506202220916748	0.026802510023117065	True	True	False	global_anchor_w0.75	Calibrated mixture	True	selected_source_cv_mse < idw_source_cv_mse AND delta_source_cv_pearson > 0.03
50p_E1_to_E2	50% epiboly	E1	E2	260	mespaa	False	0.2733120024204254	0.06531253457069397	0.20799946784973145	0.3135090470314026	0.36256539821624756	0.04905635118484497	True	True	False	local_anchor_w0.75	Calibrated mixture	True	selected_source_cv_mse < idw_source_cv_mse AND delta_source_cv_pearson > 0.03
50p_E1_to_E2	50% epiboly	E1	E2	261	mespab	False	0.38286080956459045	0.0882161557674408	0.29464465379714966	0.2806839942932129	0.3724176287651062	0.09173363447189331	True	True	False	global_anchor_w1.00	Anchor-only	True	selected_source_cv_mse < idw_source_cv_mse AND delta_source_cv_pearson > 0.03
50p_E1_to_E2	50% epiboly	E1	E2	262	mgst3b	False	0.33749842643737793	0.15869884192943573	0.1787995845079422	0.3315631151199341	0.3822652995586395	0.050702184438705444	True	True	False	local_anchor_w0.75	Calibrated mixture	True	selected_source_cv_mse < idw_source_cv_mse AND delta_source_cv_pearson > 0.03
50p_E1_to_E2	50% epiboly	E1	E2	263	mibp2	False	0.34544530510902405	0.04936200752854347	0.2960832975804806	0.22134605050086975	0.2697814106941223	0.048435360193252563	True	True	False	local_anchor_w0.75	Calibrated mixture	True	selected_source_cv_mse < idw_source_cv_mse AND delta_source_cv_pearson > 0.03
50p_E1_to_E2	50% epiboly	E1	E2	264	mixl1	False	0.8650485873222351	0.5560864806175232	0.3089621067047119	0.6109103560447693	1.687394380569458	1.0764840245246887	True	True	False	local_anchor_w0.00	Local residual	True	selected_source_cv_mse < idw_source_cv_mse AND delta_source_cv_pearson > 0.03
50p_E1_to_E2	50% epiboly	E1	E2	265	mki67	False	0.5885295271873474	0.35655996203422546	0.23196956515312195	0.061841875314712524	0.08927018195390701	0.02742830663919449	True	True	False	local_anchor_w0.50	Calibrated mixture	True	selected_source_cv_mse < idw_source_cv_mse AND delta_source_cv_pearson > 0.03
50p_E1_to_E2	50% epiboly	E1	E2	266	mns1	False	0.33870625495910645	0.049650322645902634	0.2890559323132038	0.3483891189098358	0.4358709156513214	0.0874817967414856	True	True	False	global_anchor_w1.00	Anchor-only	True	selected_source_cv_mse < idw_source_cv_mse AND delta_source_cv_pearson > 0.03
50p_E1_to_E2	50% epiboly	E1	E2	267	msgn1	False	0.327283650636673	0.1661231815814972	0.16116046905517578	0.3137635588645935	0.40384623408317566	0.09008267521858215	True	True	False	global_anchor_w0.50	Calibrated mixture	True	selected_source_cv_mse < idw_source_cv_mse AND delta_source_cv_pearson > 0.03
50p_E1_to_E2	50% epiboly	E1	E2	268	msx1b	False	0.36297696828842163	0.10400868952274323	0.2589682787656784	0.39507579803466797	0.49504128098487854	0.09996548295021057	True	True	False	local_anchor_w0.75	Calibrated mixture	True	selected_source_cv_mse < idw_source_cv_mse AND delta_source_cv_pearson > 0.03
50p_E1_to_E2	50% epiboly	E1	E2	269	msx3	False	0.25763022899627686	0.07021858543157578	0.18741164356470108	0.21446116268634796	0.2541925013065338	0.03973133862018585	True	True	False	local_anchor_w0.75	Calibrated mixture	True	selected_source_cv_mse < idw_source_cv_mse AND delta_source_cv_pearson > 0.03
50p_E1_to_E2	50% epiboly	E1	E2	270	mycb	False	0.1562880128622055	-0.007954370230436325	0.16424238309264183	0.15916134417057037	0.18882416188716888	0.02966281771659851	True	True	False	global_anchor_w1.00	Anchor-only	True	selected_source_cv_mse < idw_source_cv_mse AND delta_source_cv_pearson > 0.03
50p_E1_to_E2	50% epiboly	E1	E2	271	mych	False	0.8303932547569275	0.3548705577850342	0.4755226969718933	0.09150025993585587	0.2633027136325836	0.17180245369672775	True	True	False	local_anchor_w0.25	Calibrated mixture	True	selected_source_cv_mse < idw_source_cv_mse AND delta_source_cv_pearson > 0.03
50p_E1_to_E2	50% epiboly	E1	E2	272	mycla	False	0.7729498147964478	0.39240726828575134	0.3805425465106964	0.09149911999702454	0.21209271252155304	0.1205935925245285	True	True	False	local_anchor_w0.50	Calibrated mixture	True	selected_source_cv_mse < idw_source_cv_mse AND delta_source_cv_pearson > 0.03
50p_E1_to_E2	50% epiboly	E1	E2	273	myclb	False	0.4149615466594696	0.1250472515821457	0.2899142950773239	0.3122917115688324	0.4109764099121094	0.09868469834327698	True	True	False	local_anchor_w0.75	Calibrated mixture	True	selected_source_cv_mse < idw_source_cv_mse AND delta_source_cv_pearson > 0.03
50p_E1_to_E2	50% epiboly	E1	E2	274	mycn	False	0.5273110270500183	0.2755982577800751	0.25171276926994324	0.4624365568161011	0.6454590559005737	0.18302249908447266	True	True	False	local_anchor_w0.50	Calibrated mixture	True	selected_source_cv_mse < idw_source_cv_mse AND delta_source_cv_pearson > 0.03
50p_E1_to_E2	50% epiboly	E1	E2	275	myf5	False	0.16965171694755554	0.06200065463781357	0.10765106230974197	0.18911437690258026	0.2088368833065033	0.019722506403923035	True	True	False	local_anchor_w0.75	Calibrated mixture	True	selected_source_cv_mse < idw_source_cv_mse AND delta_source_cv_pearson > 0.03
50p_E1_to_E2	50% epiboly	E1	E2	276	myod1	False	0.3527572453022003	0.0906619280576706	0.2620953172445297	0.3095020055770874	0.3673701584339142	0.05786815285682678	True	True	False	local_anchor_w0.75	Calibrated mixture	True	selected_source_cv_mse < idw_source_cv_mse AND delta_source_cv_pearson > 0.03
50p_E1_to_E2	50% epiboly	E1	E2	277	nanog	False	0.6488122940063477	0.29484978318214417	0.3539625108242035	0.06988314539194107	0.10841474682092667	0.038531601428985596	True	True	False	local_anchor_w0.25	Calibrated mixture	True	selected_source_cv_mse < idw_source_cv_mse AND delta_source_cv_pearson > 0.03
50p_E1_to_E2	50% epiboly	E1	E2	278	nanos3	False	0.3423815071582794	0.05192547291517258	0.29045603424310684	0.3287737965583801	0.4227854311466217	0.09401163458824158	True	True	False	global_anchor_w0.75	Calibrated mixture	True	selected_source_cv_mse < idw_source_cv_mse AND delta_source_cv_pearson > 0.03
50p_E1_to_E2	50% epiboly	E1	E2	279	nap1l1	False	0.47163018584251404	0.14754818379878998	0.32408200204372406	0.0979899987578392	0.13062314689159393	0.03263314813375473	True	True	False	local_anchor_w0.50	Calibrated mixture	True	selected_source_cv_mse < idw_source_cv_mse AND delta_source_cv_pearson > 0.03
50p_E1_to_E2	50% epiboly	E1	E2	280	nasp	False	0.8451623320579529	0.5102344751358032	0.33492785692214966	0.11934688687324524	0.3344905972480774	0.21514371037483215	True	True	False	local_anchor_w0.25	Calibrated mixture	True	selected_source_cv_mse < idw_source_cv_mse AND delta_source_cv_pearson > 0.03
50p_E1_to_E2	50% epiboly	E1	E2	281	ncapd2	False	0.7806087732315063	0.4432816803455353	0.33732709288597107	0.10076982527971268	0.22257769107818604	0.12180786579847336	True	True	False	local_anchor_w0.25	Calibrated mixture	True	selected_source_cv_mse < idw_source_cv_mse AND delta_source_cv_pearson > 0.03
50p_E1_to_E2	50% epiboly	E1	E2	282	nckap5l	False	0.2545621991157532	0.1202508732676506	0.13431132584810257	0.1319013386964798	0.14654602110385895	0.01464468240737915	True	True	False	global_anchor_w0.75	Calibrated mixture	True	selected_source_cv_mse < idw_source_cv_mse AND delta_source_cv_pearson > 0.03
50p_E1_to_E2	50% epiboly	E1	E2	283	ndr1	False	0.832111656665802	0.62950599193573	0.20260566473007202	0.3666825592517853	0.7310543656349182	0.36437180638313293	True	True	False	local_anchor_w0.25	Calibrated mixture	True	selected_source_cv_mse < idw_source_cv_mse AND delta_source_cv_pearson > 0.03
50p_E1_to_E2	50% epiboly	E1	E2	284	ndr2	False	0.8210650682449341	0.603554368019104	0.21751070022583008	0.4191697835922241	0.7867692708969116	0.3675994873046875	True	True	False	local_anchor_w0.25	Calibrated mixture	True	selected_source_cv_mse < idw_source_cv_mse AND delta_source_cv_pearson > 0.03
50p_E1_to_E2	50% epiboly	E1	E2	285	ndufv3	False	0.406038373708725	0.0814848318696022	0.32455354183912277	0.31762632727622986	0.40451809763908386	0.086891770362854	True	True	False	local_anchor_w0.75	Calibrated mixture	True	selected_source_cv_mse < idw_source_cv_mse AND delta_source_cv_pearson > 0.03
50p_E1_to_E2	50% epiboly	E1	E2	286	nid2a	False	0.2661811411380768	0.06285009533166885	0.20333104580640793	0.31190696358680725	0.35935062170028687	0.047443658113479614	True	True	False	local_anchor_w0.75	Calibrated mixture	True	selected_source_cv_mse < idw_source_cv_mse AND delta_source_cv_pearson > 0.03
50p_E1_to_E2	50% epiboly	E1	E2	287	nip7	False	0.27832168340682983	0.0829770490527153	0.19534463435411453	0.30707037448883057	0.36837947368621826	0.061309099197387695	True	True	False	local_anchor_w0.75	Calibrated mixture	True	selected_source_cv_mse < idw_source_cv_mse AND delta_source_cv_pearson > 0.03
50p_E1_to_E2	50% epiboly	E1	E2	288	nkx1.2la	False	0.2326996922492981	0.02526969648897648	0.20742999576032162	0.2998200058937073	0.3449834883213043	0.045163482427597046	True	True	False	global_anchor_w0.75	Calibrated mixture	True	selected_source_cv_mse < idw_source_cv_mse AND delta_source_cv_pearson > 0.03
50p_E1_to_E2	50% epiboly	E1	E2	289	nkx2.2a	False	0.29422423243522644	0.08270756900310516	0.21151666343212128	0.17373625934123993	0.21271781623363495	0.03898155689239502	True	True	False	global_anchor_w1.00	Anchor-only	True	selected_source_cv_mse < idw_source_cv_mse AND delta_source_cv_pearson > 0.03
50p_E1_to_E2	50% epiboly	E1	E2	290	nkx2.5	False	0.4738380014896393	0.09418342262506485	0.37965457886457443	0.3245689868927002	0.44165322184562683	0.11708423495292664	True	True	False	local_anchor_w0.75	Calibrated mixture	True	selected_source_cv_mse < idw_source_cv_mse AND delta_source_cv_pearson > 0.03
50p_E1_to_E2	50% epiboly	E1	E2	291	nog1	False	0.18300005793571472	-0.09096036106348038	0.2739604189991951	0.32826265692710876	0.3915158212184906	0.06325316429138184	True	True	False	global_anchor_w1.00	Anchor-only	True	selected_source_cv_mse < idw_source_cv_mse AND delta_source_cv_pearson > 0.03
50p_E1_to_E2	50% epiboly	E1	E2	292	nop58	False	0.7912765741348267	0.49931180477142334	0.2919647693634033	0.03974062204360962	0.08519534766674042	0.0454547256231308	True	True	False	local_anchor_w0.25	Calibrated mixture	True	selected_source_cv_mse < idw_source_cv_mse AND delta_source_cv_pearson > 0.03
50p_E1_to_E2	50% epiboly	E1	E2	293	notch1a	False	0.3274197578430176	0.022396601736545563	0.305023156106472	0.1344859004020691	0.16268648207187653	0.028200581669807434	True	True	False	global_anchor_w1.00	Anchor-only	True	selected_source_cv_mse < idw_source_cv_mse AND delta_source_cv_pearson > 0.03
50p_E1_to_E2	50% epiboly	E1	E2	294	noto	False	0.6748877763748169	0.5623809695243835	0.11250680685043335	0.44475632905960083	0.5566133260726929	0.11185699701309204	True	True	False	local_anchor_w0.00	Local residual	True	selected_source_cv_mse < idw_source_cv_mse AND delta_source_cv_pearson > 0.03
50p_E1_to_E2	50% epiboly	E1	E2	295	nr2f2	False	0.24523651599884033	0.05413789674639702	0.1910986192524433	0.341514527797699	0.3989041745662689	0.057389646768569946	True	True	False	local_anchor_w0.75	Calibrated mixture	True	selected_source_cv_mse < idw_source_cv_mse AND delta_source_cv_pearson > 0.03
50p_E1_to_E2	50% epiboly	E1	E2	296	nr6a1a	False	0.22152961790561676	0.0745045468211174	0.14702507108449936	0.3297472894191742	0.3748336434364319	0.04508635401725769	True	True	False	local_anchor_w0.75	Calibrated mixture	True	selected_source_cv_mse < idw_source_cv_mse AND delta_source_cv_pearson > 0.03
50p_E1_to_E2	50% epiboly	E1	E2	297	nrarpa	False	0.5264856219291687	0.05414021015167236	0.47234541177749634	0.3228774964809418	0.5338382124900818	0.21096071600914001	True	True	False	global_anchor_w1.00	Anchor-only	True	selected_source_cv_mse < idw_source_cv_mse AND delta_source_cv_pearson > 0.03
50p_E1_to_E2	50% epiboly	E1	E2	298	nsd2	False	0.8229918479919434	0.4461427330970764	0.37684911489486694	0.1300562024116516	0.363694429397583	0.2336382269859314	True	True	False	local_anchor_w0.25	Calibrated mixture	True	selected_source_cv_mse < idw_source_cv_mse AND delta_source_cv_pearson > 0.03
50p_E1_to_E2	50% epiboly	E1	E2	299	ntd5	False	0.3778734505176544	0.10797395557165146	0.26989949494600296	0.30143237113952637	0.36486512422561646	0.06343275308609009	True	True	False	local_anchor_w0.75	Calibrated mixture	True	selected_source_cv_mse < idw_source_cv_mse AND delta_source_cv_pearson > 0.03
50p_E1_to_E2	50% epiboly	E1	E2	300	oclna	False	0.6873769760131836	0.19446058571338654	0.49291639029979706	0.17190520465373993	0.3179406225681305	0.14603541791439056	True	True	False	local_anchor_w0.75	Calibrated mixture	True	selected_source_cv_mse < idw_source_cv_mse AND delta_source_cv_pearson > 0.03
50p_E1_to_E2	50% epiboly	E1	E2	301	olig4	False	0.19646626710891724	0.03511882200837135	0.16134744510054588	0.24281764030456543	0.2824321389198303	0.03961449861526489	True	True	False	global_anchor_w1.00	Anchor-only	True	selected_source_cv_mse < idw_source_cv_mse AND delta_source_cv_pearson > 0.03
50p_E1_to_E2	50% epiboly	E1	E2	302	osr1	False	0.6632159352302551	0.3625098168849945	0.3007061183452606	0.39491453766822815	0.630030632019043	0.23511609435081482	True	True	False	local_anchor_w0.50	Calibrated mixture	True	selected_source_cv_mse < idw_source_cv_mse AND delta_source_cv_pearson > 0.03
50p_E1_to_E2	50% epiboly	E1	E2	303	otx1	False	0.3775336742401123	0.18135516345500946	0.19617851078510284	0.33277085423469543	0.4348837435245514	0.10211288928985596	True	True	False	local_anchor_w0.50	Calibrated mixture	True	selected_source_cv_mse < idw_source_cv_mse AND delta_source_cv_pearson > 0.03
50p_E1_to_E2	50% epiboly	E1	E2	304	otx2a	False	0.40432706475257874	0.12075037509202957	0.28357668966054916	0.30994418263435364	0.3947761654853821	0.08483198285102844	True	True	False	local_anchor_w0.75	Calibrated mixture	True	selected_source_cv_mse < idw_source_cv_mse AND delta_source_cv_pearson > 0.03
50p_E1_to_E2	50% epiboly	E1	E2	305	otx2b	False	0.29075464606285095	0.13987407088279724	0.1508805751800537	0.30469226837158203	0.346906840801239	0.04221457242965698	True	True	False	global_anchor_w1.00	Anchor-only	True	selected_source_cv_mse < idw_source_cv_mse AND delta_source_cv_pearson > 0.03
50p_E1_to_E2	50% epiboly	E1	E2	306	pax2a	False	0.25332972407341003	0.13109375536441803	0.122235968708992	0.2586531639099121	0.3331972658634186	0.07454410195350647	True	True	False	local_anchor_w0.75	Calibrated mixture	True	selected_source_cv_mse < idw_source_cv_mse AND delta_source_cv_pearson > 0.03
50p_E1_to_E2	50% epiboly	E1	E2	307	pax3a	False	0.30735862255096436	0.0925770252943039	0.21478159725666046	0.32926180958747864	0.3838554322719574	0.05459362268447876	True	True	False	global_anchor_w1.00	Anchor-only	True	selected_source_cv_mse < idw_source_cv_mse AND delta_source_cv_pearson > 0.03
50p_E1_to_E2	50% epiboly	E1	E2	308	pax6a	False	0.41850292682647705	0.10129468888044357	0.3172082379460335	0.3278639018535614	0.4237212538719177	0.09585735201835632	True	True	False	local_anchor_w0.75	Calibrated mixture	True	selected_source_cv_mse < idw_source_cv_mse AND delta_source_cv_pearson > 0.03
50p_E1_to_E2	50% epiboly	E1	E2	309	pax6b	False	0.2080918401479721	0.12392713874578476	0.08416470140218735	0.33012375235557556	0.38420218229293823	0.05407842993736267	True	True	False	global_anchor_w1.00	Anchor-only	True	selected_source_cv_mse < idw_source_cv_mse AND delta_source_cv_pearson > 0.03
50p_E1_to_E2	50% epiboly	E1	E2	310	pbx1b	False	0.17112138867378235	0.024362072348594666	0.14675931632518768	0.2427532970905304	0.28115755319595337	0.038404256105422974	True	True	False	global_anchor_w1.00	Anchor-only	True	selected_source_cv_mse < idw_source_cv_mse AND delta_source_cv_pearson > 0.03
50p_E1_to_E2	50% epiboly	E1	E2	311	pbx4	False	0.30663710832595825	0.10245077311992645	0.2041863352060318	0.03803490102291107	0.04271627217531204	0.0046813711524009705	True	True	False	local_anchor_w0.75	Calibrated mixture	True	selected_source_cv_mse < idw_source_cv_mse AND delta_source_cv_pearson > 0.03
50p_E1_to_E2	50% epiboly	E1	E2	312	pcdh10b	False	0.22074666619300842	0.07339881360530853	0.1473478525876999	0.16477657854557037	0.191191628575325	0.02641505002975464	True	True	False	global_anchor_w0.75	Calibrated mixture	True	selected_source_cv_mse < idw_source_cv_mse AND delta_source_cv_pearson > 0.03
50p_E1_to_E2	50% epiboly	E1	E2	313	pcdh7b	False	0.13067281246185303	0.041404370218515396	0.08926844224333763	0.15946877002716064	0.18235982954502106	0.022891059517860413	True	True	False	local_anchor_w0.75	Calibrated mixture	True	selected_source_cv_mse < idw_source_cv_mse AND delta_source_cv_pearson > 0.03
50p_E1_to_E2	50% epiboly	E1	E2	314	PCDH8	False	0.18507632613182068	0.055322177708148956	0.12975414842367172	0.09820196777582169	0.11819581687450409	0.019993849098682404	True	True	False	global_anchor_w1.00	Anchor-only	True	selected_source_cv_mse < idw_source_cv_mse AND delta_source_cv_pearson > 0.03
50p_E1_to_E2	50% epiboly	E1	E2	315	pcdh8	False	0.5526808500289917	0.2052805870771408	0.3474002629518509	0.3346300423145294	0.5076904296875	0.17306038737297058	True	True	False	local_anchor_w0.75	Calibrated mixture	True	selected_source_cv_mse < idw_source_cv_mse AND delta_source_cv_pearson > 0.03
50p_E1_to_E2	50% epiboly	E1	E2	316	pdap1a	False	0.38562890887260437	0.07073641568422318	0.3148924931883812	0.314724862575531	0.4010487496852875	0.08632388710975647	True	True	False	local_anchor_w0.75	Calibrated mixture	True	selected_source_cv_mse < idw_source_cv_mse AND delta_source_cv_pearson > 0.03
50p_E1_to_E2	50% epiboly	E1	E2	317	perp	True	0.999997615814209	0.12423120439052582	0.8757664114236832	8.85534882399952e-06	1.3463118076324463	1.3463029522836223	True	False	True	global_anchor_w0.75	IDW fallback	False	selected_source_cv_mse < idw_source_cv_mse AND delta_source_cv_pearson > 0.03
50p_E1_to_E2	50% epiboly	E1	E2	318	pfn2	False	0.5617080926895142	0.18332165479660034	0.3783864378929138	0.11841102689504623	0.17497947812080383	0.0565684512257576	True	True	False	local_anchor_w0.50	Calibrated mixture	True	selected_source_cv_mse < idw_source_cv_mse AND delta_source_cv_pearson > 0.03
50p_E1_to_E2	50% epiboly	E1	E2	319	pitx2	False	0.5403581261634827	0.34027981758117676	0.2000783085823059	0.3460431396961212	0.4534209966659546	0.10737785696983337	True	True	False	local_anchor_w0.75	Calibrated mixture	True	selected_source_cv_mse < idw_source_cv_mse AND delta_source_cv_pearson > 0.03
50p_E1_to_E2	50% epiboly	E1	E2	320	pknox1.1	False	0.4693702459335327	0.07452500611543655	0.39484523981809616	0.3518887758255005	0.4924943149089813	0.14060553908348083	True	True	False	local_anchor_w0.50	Calibrated mixture	True	selected_source_cv_mse < idw_source_cv_mse AND delta_source_cv_pearson > 0.03
50p_E1_to_E2	50% epiboly	E1	E2	321	plagl2	False	0.19470752775669098	0.0543842688202858	0.14032325893640518	0.3208746910095215	0.3733817934989929	0.052507102489471436	True	True	False	local_anchor_w0.75	Calibrated mixture	True	selected_source_cv_mse < idw_source_cv_mse AND delta_source_cv_pearson > 0.03
50p_E1_to_E2	50% epiboly	E1	E2	322	plekhg5b	False	0.39941826462745667	0.045182108879089355	0.3542361557483673	0.347633957862854	0.44894519448280334	0.10131123661994934	True	True	False	global_anchor_w1.00	Anchor-only	True	selected_source_cv_mse < idw_source_cv_mse AND delta_source_cv_pearson > 0.03
50p_E1_to_E2	50% epiboly	E1	E2	323	pmp22b	False	0.10397262126207352	0.01851944625377655	0.08545317500829697	0.22852298617362976	0.25870105624198914	0.030178070068359375	True	True	False	global_anchor_w1.00	Anchor-only	True	selected_source_cv_mse < idw_source_cv_mse AND delta_source_cv_pearson > 0.03
50p_E1_to_E2	50% epiboly	E1	E2	324	pold3	False	0.3879033923149109	0.03852496296167374	0.34937842935323715	0.23318171501159668	0.29283249378204346	0.05965077877044678	True	True	False	global_anchor_w1.00	Anchor-only	True	selected_source_cv_mse < idw_source_cv_mse AND delta_source_cv_pearson > 0.03
50p_E1_to_E2	50% epiboly	E1	E2	325	ppan	False	0.37978094816207886	0.16527728736400604	0.21450366079807281	0.3434174656867981	0.4192523956298828	0.07583492994308472	True	True	False	local_anchor_w0.75	Calibrated mixture	True	selected_source_cv_mse < idw_source_cv_mse AND delta_source_cv_pearson > 0.03
50p_E1_to_E2	50% epiboly	E1	E2	326	ppp1r7	True	0.9999998807907104	0.12905091047286987	0.8709489703178406	1.174941871795454e-06	0.4347957372665405	0.43479456232466873	True	False	True	global_anchor_w0.25	IDW fallback	False	selected_source_cv_mse < idw_source_cv_mse AND delta_source_cv_pearson > 0.03
50p_E1_to_E2	50% epiboly	E1	E2	327	prdm1a	False	0.14539533853530884	0.018594397231936455	0.12680094130337238	0.3249160647392273	0.3978317975997925	0.07291573286056519	True	True	False	local_anchor_w0.75	Calibrated mixture	True	selected_source_cv_mse < idw_source_cv_mse AND delta_source_cv_pearson > 0.03
50p_E1_to_E2	50% epiboly	E1	E2	328	prickle1b	False	0.7301042079925537	0.17367124557495117	0.5564329624176025	0.33586159348487854	0.7529293298721313	0.4170677363872528	True	True	False	local_anchor_w0.50	Calibrated mixture	True	selected_source_cv_mse < idw_source_cv_mse AND delta_source_cv_pearson > 0.03
50p_E1_to_E2	50% epiboly	E1	E2	329	prmt1	False	0.49692317843437195	0.23027175664901733	0.2666514217853546	0.06453942507505417	0.08690688759088516	0.022367462515830994	True	True	False	local_anchor_w0.50	Calibrated mixture	True	selected_source_cv_mse < idw_source_cv_mse AND delta_source_cv_pearson > 0.03
50p_E1_to_E2	50% epiboly	E1	E2	330	prox1a	False	0.2639930546283722	0.10281507670879364	0.16117797791957855	0.3175240159034729	0.36147356033325195	0.04394954442977905	True	True	False	local_anchor_w0.75	Calibrated mixture	True	selected_source_cv_mse < idw_source_cv_mse AND delta_source_cv_pearson > 0.03
50p_E1_to_E2	50% epiboly	E1	E2	331	ptp4a2b	False	0.5733970999717712	0.09198383241891861	0.48141326755285263	0.059004176408052444	0.09280247986316681	0.033798303455114365	True	True	False	local_anchor_w0.75	Calibrated mixture	True	selected_source_cv_mse < idw_source_cv_mse AND delta_source_cv_pearson > 0.03
50p_E1_to_E2	50% epiboly	E1	E2	332	pttg1	False	0.44447100162506104	0.10517187416553497	0.33929912745952606	0.21730545163154602	0.2835761308670044	0.06627067923545837	True	True	False	local_anchor_w0.75	Calibrated mixture	True	selected_source_cv_mse < idw_source_cv_mse AND delta_source_cv_pearson > 0.03
50p_E1_to_E2	50% epiboly	E1	E2	333	rab11fip4a	False	0.37065064907073975	0.1467158943414688	0.22393475472927094	0.39864403009414673	0.48686468601226807	0.08822065591812134	True	True	False	local_anchor_w0.75	Calibrated mixture	True	selected_source_cv_mse < idw_source_cv_mse AND delta_source_cv_pearson > 0.03
50p_E1_to_E2	50% epiboly	E1	E2	334	rac1a	False	0.4779706299304962	0.14210985600948334	0.3358607739210129	0.051372647285461426	0.07211176306009293	0.0207391157746315	True	True	False	local_anchor_w0.50	Calibrated mixture	True	selected_source_cv_mse < idw_source_cv_mse AND delta_source_cv_pearson > 0.03
50p_E1_to_E2	50% epiboly	E1	E2	335	raraa	False	0.4005979895591736	0.055432647466659546	0.34516534209251404	0.34935054183006287	0.4849637448787689	0.13561320304870605	True	True	False	global_anchor_w1.00	Anchor-only	True	selected_source_cv_mse < idw_source_cv_mse AND delta_source_cv_pearson > 0.03
50p_E1_to_E2	50% epiboly	E1	E2	336	rasgef1ba	False	0.5555779933929443	0.2339174598455429	0.32166053354740143	0.34751179814338684	0.5313951969146729	0.183883398771286	True	True	False	local_anchor_w0.25	Calibrated mixture	True	selected_source_cv_mse < idw_source_cv_mse AND delta_source_cv_pearson > 0.03
50p_E1_to_E2	50% epiboly	E1	E2	337	rasl11b	False	0.43202781677246094	0.12099458277225494	0.311033234000206	0.39045605063438416	0.503532886505127	0.1130768358707428	True	True	False	local_anchor_w0.75	Calibrated mixture	True	selected_source_cv_mse < idw_source_cv_mse AND delta_source_cv_pearson > 0.03
50p_E1_to_E2	50% epiboly	E1	E2	338	rbbp4	False	0.678921103477478	0.2928161919116974	0.38610491156578064	0.1391686201095581	0.26410090923309326	0.12493228912353516	True	True	False	local_anchor_w0.50	Calibrated mixture	True	selected_source_cv_mse < idw_source_cv_mse AND delta_source_cv_pearson > 0.03
50p_E1_to_E2	50% epiboly	E1	E2	339	rbm4.3	False	0.6716214418411255	0.4896726608276367	0.18194878101348877	0.14381583034992218	0.20621609687805176	0.06240026652812958	True	True	False	local_anchor_w0.25	Calibrated mixture	True	selected_source_cv_mse < idw_source_cv_mse AND delta_source_cv_pearson > 0.03
50p_E1_to_E2	50% epiboly	E1	E2	340	rbm7	False	0.49553796648979187	0.2736634314060211	0.22187453508377075	0.07824297249317169	0.10008352994918823	0.02184055745601654	True	True	False	local_anchor_w0.50	Calibrated mixture	True	selected_source_cv_mse < idw_source_cv_mse AND delta_source_cv_pearson > 0.03
50p_E1_to_E2	50% epiboly	E1	E2	341	rbmx	False	0.43084895610809326	0.31965047121047974	0.11119848489761353	0.07907136529684067	0.0863640308380127	0.007292665541172028	True	True	False	local_anchor_w0.25	Calibrated mixture	True	selected_source_cv_mse < idw_source_cv_mse AND delta_source_cv_pearson > 0.03
50p_E1_to_E2	50% epiboly	E1	E2	342	rcc1	False	0.56557297706604	0.2214583158493042	0.34411466121673584	0.02832118049263954	0.04273741692304611	0.01441623643040657	True	True	False	local_anchor_w0.50	Calibrated mixture	True	selected_source_cv_mse < idw_source_cv_mse AND delta_source_cv_pearson > 0.03
50p_E1_to_E2	50% epiboly	E1	E2	343	rdh10b	False	0.24381843209266663	-0.02325712889432907	0.2670755609869957	0.3759467601776123	0.4403851330280304	0.06443837285041809	True	True	False	global_anchor_w1.00	Anchor-only	True	selected_source_cv_mse < idw_source_cv_mse AND delta_source_cv_pearson > 0.03
50p_E1_to_E2	50% epiboly	E1	E2	344	rfx2	False	0.7559576034545898	0.12726794183254242	0.6286896616220474	0.18885086476802826	0.49168798327445984	0.3028371185064316	True	True	False	local_anchor_w0.75	Calibrated mixture	True	selected_source_cv_mse < idw_source_cv_mse AND delta_source_cv_pearson > 0.03
50p_E1_to_E2	50% epiboly	E1	E2	345	rhov	False	0.6890251636505127	0.3758150637149811	0.3132100999355316	0.2673110067844391	0.43727409839630127	0.16996309161186218	True	True	False	global_anchor_w0.75	Calibrated mixture	True	selected_source_cv_mse < idw_source_cv_mse AND delta_source_cv_pearson > 0.03
50p_E1_to_E2	50% epiboly	E1	E2	346	ripply1	False	0.2546166479587555	0.0010061139473691583	0.25361053401138633	0.3324110209941864	0.37380358576774597	0.04139256477355957	True	True	False	global_anchor_w1.00	Anchor-only	True	selected_source_cv_mse < idw_source_cv_mse AND delta_source_cv_pearson > 0.03
50p_E1_to_E2	50% epiboly	E1	E2	347	rnd1b	False	0.37606361508369446	0.14011985063552856	0.2359437644481659	0.38637953996658325	0.4888797700405121	0.10250023007392883	True	True	False	local_anchor_w0.75	Calibrated mixture	True	selected_source_cv_mse < idw_source_cv_mse AND delta_source_cv_pearson > 0.03
50p_E1_to_E2	50% epiboly	E1	E2	348	rpl10	False	0.5304428339004517	0.17419855296611786	0.3562442809343338	0.18595264852046967	0.2745506763458252	0.08859802782535553	True	True	False	local_anchor_w0.75	Calibrated mixture	True	selected_source_cv_mse < idw_source_cv_mse AND delta_source_cv_pearson > 0.03
50p_E1_to_E2	50% epiboly	E1	E2	349	rpl19	False	0.4151497483253479	0.07567694038152695	0.33947280794382095	0.17023693025112152	0.2202683538198471	0.050031423568725586	True	True	False	local_anchor_w0.75	Calibrated mixture	True	selected_source_cv_mse < idw_source_cv_mse AND delta_source_cv_pearson > 0.03
50p_E1_to_E2	50% epiboly	E1	E2	350	rpl31	False	0.3652583956718445	0.06229564920067787	0.3029627464711666	0.1907968968153	0.23640765249729156	0.04561075568199158	True	True	False	local_anchor_w0.75	Calibrated mixture	True	selected_source_cv_mse < idw_source_cv_mse AND delta_source_cv_pearson > 0.03
50p_E1_to_E2	50% epiboly	E1	E2	351	rpl34	False	0.27600082755088806	0.020890990272164345	0.2551098372787237	0.31230971217155457	0.3802275061607361	0.06791779398918152	True	True	False	global_anchor_w1.00	Anchor-only	True	selected_source_cv_mse < idw_source_cv_mse AND delta_source_cv_pearson > 0.03
50p_E1_to_E2	50% epiboly	E1	E2	352	rpl38	False	0.317615270614624	0.032442983239889145	0.2851722873747349	0.31174996495246887	0.38712629675865173	0.07537633180618286	True	True	False	global_anchor_w1.00	Anchor-only	True	selected_source_cv_mse < idw_source_cv_mse AND delta_source_cv_pearson > 0.03
50p_E1_to_E2	50% epiboly	E1	E2	353	rpl4	False	0.4157085716724396	0.19058847427368164	0.22512009739875793	0.24305470287799835	0.3011395037174225	0.05808480083942413	True	True	False	local_anchor_w0.50	Calibrated mixture	True	selected_source_cv_mse < idw_source_cv_mse AND delta_source_cv_pearson > 0.03
50p_E1_to_E2	50% epiboly	E1	E2	354	rpl5a	False	0.17115631699562073	0.012558357790112495	0.15859795920550823	0.21282805502414703	0.2392546832561493	0.02642662823200226	True	True	False	global_anchor_w1.00	Anchor-only	True	selected_source_cv_mse < idw_source_cv_mse AND delta_source_cv_pearson > 0.03
50p_E1_to_E2	50% epiboly	E1	E2	355	rpl6	False	0.3418835401535034	0.08385154604911804	0.2580319941043854	0.07300201058387756	0.0856773778796196	0.012675367295742035	True	True	False	local_anchor_w0.75	Calibrated mixture	True	selected_source_cv_mse < idw_source_cv_mse AND delta_source_cv_pearson > 0.03
50p_E1_to_E2	50% epiboly	E1	E2	356	rplp0	False	0.5717447400093079	0.2783679664134979	0.29337677359580994	0.04822036996483803	0.07344744354486465	0.025227073580026627	True	True	False	local_anchor_w0.50	Calibrated mixture	True	selected_source_cv_mse < idw_source_cv_mse AND delta_source_cv_pearson > 0.03
50p_E1_to_E2	50% epiboly	E1	E2	357	rplp2l	False	0.5842044353485107	0.29928019642829895	0.2849242389202118	0.1140604093670845	0.17044542729854584	0.056385017931461334	True	True	False	global_anchor_w0.25	Calibrated mixture	True	selected_source_cv_mse < idw_source_cv_mse AND delta_source_cv_pearson > 0.03
50p_E1_to_E2	50% epiboly	E1	E2	358	rps3	False	0.16940896213054657	0.04036815091967583	0.12904081121087074	0.1295156329870224	0.13939011096954346	0.009874477982521057	True	True	False	global_anchor_w1.00	Anchor-only	True	selected_source_cv_mse < idw_source_cv_mse AND delta_source_cv_pearson > 0.03
50p_E1_to_E2	50% epiboly	E1	E2	359	rps6	False	0.6262241005897522	0.2864237427711487	0.3398003578186035	0.04029654711484909	0.069184809923172	0.028888262808322906	True	True	False	local_anchor_w0.25	Calibrated mixture	True	selected_source_cv_mse < idw_source_cv_mse AND delta_source_cv_pearson > 0.03
50p_E1_to_E2	50% epiboly	E1	E2	360	rrbp1b	False	0.5656029582023621	0.2463720142841339	0.31923094391822815	0.23503701388835907	0.359792023897171	0.12475501000881195	True	True	False	local_anchor_w0.25	Calibrated mixture	True	selected_source_cv_mse < idw_source_cv_mse AND delta_source_cv_pearson > 0.03
50p_E1_to_E2	50% epiboly	E1	E2	361	rreb1a	False	0.5664587020874023	0.20309022068977356	0.3633684813976288	0.22485333681106567	0.3503096103668213	0.12545627355575562	True	True	False	local_anchor_w0.75	Calibrated mixture	True	selected_source_cv_mse < idw_source_cv_mse AND delta_source_cv_pearson > 0.03
50p_E1_to_E2	50% epiboly	E1	E2	362	rreb1b	False	0.37333372235298157	0.1069389134645462	0.26639480888843536	0.3023057281970978	0.3685832619667053	0.06627753376960754	True	True	False	local_anchor_w0.75	Calibrated mixture	True	selected_source_cv_mse < idw_source_cv_mse AND delta_source_cv_pearson > 0.03
50p_E1_to_E2	50% epiboly	E1	E2	363	rrm2	False	0.6206871271133423	0.4476756453514099	0.17301148176193237	0.04408014565706253	0.0581236258149147	0.014043480157852173	True	True	False	global_anchor_w0.25	Calibrated mixture	True	selected_source_cv_mse < idw_source_cv_mse AND delta_source_cv_pearson > 0.03
50p_E1_to_E2	50% epiboly	E1	E2	364	rrp8	False	0.27252501249313354	-0.006178249605000019	0.27870326209813356	0.28823381662368774	0.360920786857605	0.07268697023391724	True	True	False	global_anchor_w1.00	Anchor-only	True	selected_source_cv_mse < idw_source_cv_mse AND delta_source_cv_pearson > 0.03
50p_E1_to_E2	50% epiboly	E1	E2	365	rx3	False	0.34557464718818665	0.0665913075208664	0.27898333966732025	0.34552836418151855	0.42631885409355164	0.08079048991203308	True	True	False	global_anchor_w1.00	Anchor-only	True	selected_source_cv_mse < idw_source_cv_mse AND delta_source_cv_pearson > 0.03
50p_E1_to_E2	50% epiboly	E1	E2	366	rxraa	False	0.1709585189819336	0.029197020456194878	0.14176149852573872	0.29805153608322144	0.35845082998275757	0.06039929389953613	True	True	False	global_anchor_w1.00	Anchor-only	True	selected_source_cv_mse < idw_source_cv_mse AND delta_source_cv_pearson > 0.03
50p_E1_to_E2	50% epiboly	E1	E2	367	rxrgb	False	0.4609338939189911	0.04531770944595337	0.4156161844730377	0.3087562024593353	0.41053393483161926	0.10177773237228394	True	True	False	global_anchor_w1.00	Anchor-only	True	selected_source_cv_mse < idw_source_cv_mse AND delta_source_cv_pearson > 0.03
50p_E1_to_E2	50% epiboly	E1	E2	368	sall1a	False	0.3084091246128082	0.08884362876415253	0.2195654958486557	0.21626953780651093	0.2776869833469391	0.06141744554042816	True	True	False	global_anchor_w1.00	Anchor-only	True	selected_source_cv_mse < idw_source_cv_mse AND delta_source_cv_pearson > 0.03
50p_E1_to_E2	50% epiboly	E1	E2	369	sall3a	False	0.35934576392173767	0.14245541393756866	0.216890349984169	0.37747833132743835	0.4592997133731842	0.08182138204574585	True	True	False	local_anchor_w0.75	Calibrated mixture	True	selected_source_cv_mse < idw_source_cv_mse AND delta_source_cv_pearson > 0.03
50p_E1_to_E2	50% epiboly	E1	E2	370	sall3b	False	0.4586053192615509	0.09343276917934418	0.3651725500822067	0.48793861269950867	0.7138933539390564	0.22595474123954773	True	True	False	local_anchor_w0.75	Calibrated mixture	True	selected_source_cv_mse < idw_source_cv_mse AND delta_source_cv_pearson > 0.03
50p_E1_to_E2	50% epiboly	E1	E2	371	sdc4	False	0.5278959274291992	0.2312833070755005	0.29661262035369873	0.23911084234714508	0.32486769556999207	0.08575685322284698	True	True	False	local_anchor_w0.75	Calibrated mixture	True	selected_source_cv_mse < idw_source_cv_mse AND delta_source_cv_pearson > 0.03
50p_E1_to_E2	50% epiboly	E1	E2	372	sebox	False	0.7056668400764465	0.392825186252594	0.31284165382385254	0.22812364995479584	0.4186475872993469	0.1905239373445511	True	True	False	local_anchor_w0.50	Calibrated mixture	True	selected_source_cv_mse < idw_source_cv_mse AND delta_source_cv_pearson > 0.03
50p_E1_to_E2	50% epiboly	E1	E2	373	sept9a	False	0.6184835433959961	0.31506994366645813	0.30341359972953796	0.13729631900787354	0.21869534254074097	0.08139902353286743	True	True	False	global_anchor_w1.00	Anchor-only	True	selected_source_cv_mse < idw_source_cv_mse AND delta_source_cv_pearson > 0.03
50p_E1_to_E2	50% epiboly	E1	E2	374	shha	False	0.33202794194221497	0.02384958043694496	0.30817836150527	0.32674819231033325	0.4257703423500061	0.09902215003967285	True	True	False	global_anchor_w1.00	Anchor-only	True	selected_source_cv_mse < idw_source_cv_mse AND delta_source_cv_pearson > 0.03
50p_E1_to_E2	50% epiboly	E1	E2	375	si:ch211-106e7.2	False	0.4896240532398224	0.07872429490089417	0.4108997583389282	0.309048593044281	0.4319048821926117	0.12285628914833069	True	True	False	local_anchor_w0.75	Calibrated mixture	True	selected_source_cv_mse < idw_source_cv_mse AND delta_source_cv_pearson > 0.03
50p_E1_to_E2	50% epiboly	E1	E2	376	si:ch211-113a14.12	False	0.3823585510253906	0.08826261013746262	0.294095940887928	0.27855604887008667	0.33585742115974426	0.05730137228965759	True	True	False	local_anchor_w0.75	Calibrated mixture	True	selected_source_cv_mse < idw_source_cv_mse AND delta_source_cv_pearson > 0.03
50p_E1_to_E2	50% epiboly	E1	E2	377	si:ch211-113a14.18	False	0.3153879642486572	0.07645519822835922	0.238932766020298	0.32145556807518005	0.41268038749694824	0.09122481942176819	True	True	False	global_anchor_w0.75	Calibrated mixture	True	selected_source_cv_mse < idw_source_cv_mse AND delta_source_cv_pearson > 0.03
50p_E1_to_E2	50% epiboly	E1	E2	378	si:ch211-114n24.6	False	0.4158270061016083	0.04841579869389534	0.36741120740771294	0.300427109003067	0.40692225098609924	0.10649514198303223	True	True	False	global_anchor_w1.00	Anchor-only	True	selected_source_cv_mse < idw_source_cv_mse AND delta_source_cv_pearson > 0.03
50p_E1_to_E2	50% epiboly	E1	E2	379	si:ch211-155e24.3	False	0.6109151244163513	0.31244581937789917	0.29846930503845215	0.22073008120059967	0.33187592029571533	0.11114583909511566	True	True	False	local_anchor_w0.75	Calibrated mixture	True	selected_source_cv_mse < idw_source_cv_mse AND delta_source_cv_pearson > 0.03
50p_E1_to_E2	50% epiboly	E1	E2	380	si:ch211-161h7.4	False	0.41330400109291077	0.1938023716211319	0.21950162947177887	0.11476802825927734	0.14161552488803864	0.02684749662876129	True	True	False	local_anchor_w0.75	Calibrated mixture	True	selected_source_cv_mse < idw_source_cv_mse AND delta_source_cv_pearson > 0.03
50p_E1_to_E2	50% epiboly	E1	E2	381	si:ch211-163l21.7	False	0.06878001987934113	-0.005278182215988636	0.07405820209532976	0.08700874447822571	0.09762683510780334	0.010618090629577637	True	True	False	global_anchor_w1.00	Anchor-only	True	selected_source_cv_mse < idw_source_cv_mse AND delta_source_cv_pearson > 0.03
50p_E1_to_E2	50% epiboly	E1	E2	382	si:dkey-108k21.14	False	0.7483256459236145	0.17639009654521942	0.5719355493783951	0.12690363824367523	0.28330764174461365	0.15640400350093842	True	True	False	local_anchor_w0.25	Calibrated mixture	True	selected_source_cv_mse < idw_source_cv_mse AND delta_source_cv_pearson > 0.03
50p_E1_to_E2	50% epiboly	E1	E2	383	si:dkey-108k21.21	False	0.2677857279777527	0.07556425034999847	0.1922214776277542	0.18920934200286865	0.21873603761196136	0.029526695609092712	True	True	False	local_anchor_w0.75	Calibrated mixture	True	selected_source_cv_mse < idw_source_cv_mse AND delta_source_cv_pearson > 0.03
50p_E1_to_E2	50% epiboly	E1	E2	384	si:dkey-261h17.1	False	0.18499040603637695	0.066861592233181	0.11812881380319595	0.3463100790977478	0.389769971370697	0.04345989227294922	True	True	False	local_anchor_w0.75	Calibrated mixture	True	selected_source_cv_mse < idw_source_cv_mse AND delta_source_cv_pearson > 0.03
50p_E1_to_E2	50% epiboly	E1	E2	385	si:dkey-261m9.12	False	0.5488799214363098	0.20268671214580536	0.34619320929050446	0.18346600234508514	0.24992462992668152	0.06645862758159637	True	True	False	global_anchor_w0.00	Global residual	True	selected_source_cv_mse < idw_source_cv_mse AND delta_source_cv_pearson > 0.03
50p_E1_to_E2	50% epiboly	E1	E2	386	si:dkey-66i24.9	False	0.421806275844574	0.04394754394888878	0.3778587318956852	0.18231621384620667	0.23049171268939972	0.048175498843193054	True	True	False	local_anchor_w0.75	Calibrated mixture	True	selected_source_cv_mse < idw_source_cv_mse AND delta_source_cv_pearson > 0.03
50p_E1_to_E2	50% epiboly	E1	E2	387	si:dkey-68o6.5	False	0.4417802393436432	0.15087023377418518	0.290910005569458	0.26909932494163513	0.3425198197364807	0.07342049479484558	True	True	False	local_anchor_w0.25	Calibrated mixture	True	selected_source_cv_mse < idw_source_cv_mse AND delta_source_cv_pearson > 0.03
50p_E1_to_E2	50% epiboly	E1	E2	388	si:dkey-92i17.2	False	0.36698484420776367	0.08108654618263245	0.2858982980251312	0.3167061507701874	0.3811124861240387	0.06440633535385132	True	True	False	local_anchor_w0.75	Calibrated mixture	True	selected_source_cv_mse < idw_source_cv_mse AND delta_source_cv_pearson > 0.03
50p_E1_to_E2	50% epiboly	E1	E2	389	six3b	False	0.11938285827636719	-0.0024583747144788504	0.12184123299084604	0.24518927931785583	0.2905545234680176	0.04536524415016174	True	True	False	global_anchor_w1.00	Anchor-only	True	selected_source_cv_mse < idw_source_cv_mse AND delta_source_cv_pearson > 0.03
50p_E1_to_E2	50% epiboly	E1	E2	390	six4a	False	0.2150963991880417	0.04125736653804779	0.1738390326499939	0.23061473667621613	0.280354768037796	0.049740031361579895	True	True	False	global_anchor_w1.00	Anchor-only	True	selected_source_cv_mse < idw_source_cv_mse AND delta_source_cv_pearson > 0.03
50p_E1_to_E2	50% epiboly	E1	E2	391	six4b	False	0.12125738710165024	0.01570381410419941	0.10555357299745083	0.16417452692985535	0.19172130525112152	0.027546778321266174	True	True	False	global_anchor_w1.00	Anchor-only	True	selected_source_cv_mse < idw_source_cv_mse AND delta_source_cv_pearson > 0.03
50p_E1_to_E2	50% epiboly	E1	E2	392	six7	False	0.337880939245224	0.03377364203333855	0.30410729721188545	0.33523663878440857	0.41689983010292053	0.08166319131851196	True	True	False	global_anchor_w1.00	Anchor-only	True	selected_source_cv_mse < idw_source_cv_mse AND delta_source_cv_pearson > 0.03
50p_E1_to_E2	50% epiboly	E1	E2	393	skia	False	0.5096734762191772	0.09500688314437866	0.4146665930747986	0.2577819526195526	0.38643497228622437	0.12865301966667175	True	True	False	global_anchor_w1.00	Anchor-only	True	selected_source_cv_mse < idw_source_cv_mse AND delta_source_cv_pearson > 0.03
50p_E1_to_E2	50% epiboly	E1	E2	394	skila	False	0.20969551801681519	0.11946961283683777	0.09022590517997742	0.2658099830150604	0.2810796797275543	0.015269696712493896	True	True	False	local_anchor_w0.75	Calibrated mixture	True	selected_source_cv_mse < idw_source_cv_mse AND delta_source_cv_pearson > 0.03
50p_E1_to_E2	50% epiboly	E1	E2	395	skilb	False	0.2626211941242218	0.041253358125686646	0.22136783599853516	0.37831777334213257	0.42616933584213257	0.0478515625	True	True	False	local_anchor_w0.75	Calibrated mixture	True	selected_source_cv_mse < idw_source_cv_mse AND delta_source_cv_pearson > 0.03
50p_E1_to_E2	50% epiboly	E1	E2	396	smtnl	False	0.5732796788215637	0.22645717859268188	0.34682250022888184	0.2626503109931946	0.4040280878543854	0.1413777768611908	True	True	False	local_anchor_w0.75	Calibrated mixture	True	selected_source_cv_mse < idw_source_cv_mse AND delta_source_cv_pearson > 0.03
50p_E1_to_E2	50% epiboly	E1	E2	397	snai1a	False	0.8034617900848389	0.3780883848667145	0.4253734052181244	0.14396044611930847	0.3613843619823456	0.2174239158630371	True	True	False	local_anchor_w0.75	Calibrated mixture	True	selected_source_cv_mse < idw_source_cv_mse AND delta_source_cv_pearson > 0.03
50p_E1_to_E2	50% epiboly	E1	E2	398	snai2	False	0.839698076248169	0.39061617851257324	0.4490818977355957	0.19711975753307343	0.6623002290725708	0.4651804715394974	True	True	False	local_anchor_w0.50	Calibrated mixture	True	selected_source_cv_mse < idw_source_cv_mse AND delta_source_cv_pearson > 0.03
50p_E1_to_E2	50% epiboly	E1	E2	399	snrpc	False	0.41466206312179565	0.09359181672334671	0.32107024639844894	0.2904850244522095	0.36838921904563904	0.07790419459342957	True	True	False	global_anchor_w1.00	Anchor-only	True	selected_source_cv_mse < idw_source_cv_mse AND delta_source_cv_pearson > 0.03
50p_E1_to_E2	50% epiboly	E1	E2	400	snrpd3	False	0.4155113101005554	0.09639408439397812	0.3191172257065773	0.238189235329628	0.3153061270713806	0.07711689174175262	True	True	False	local_anchor_w0.75	Calibrated mixture	True	selected_source_cv_mse < idw_source_cv_mse AND delta_source_cv_pearson > 0.03
50p_E1_to_E2	50% epiboly	E1	E2	401	snrpg	False	0.09101054072380066	-0.03315239027142525	0.1241629309952259	0.3264627456665039	0.38723331689834595	0.06077057123184204	True	True	False	global_anchor_w1.00	Anchor-only	True	selected_source_cv_mse < idw_source_cv_mse AND delta_source_cv_pearson > 0.03
50p_E1_to_E2	50% epiboly	E1	E2	402	sox10	True	0.999995231628418	-0.011003817431628704	1.0109990490600467	6.621104375881259e-07	0.2832449972629547	0.2832443351525171	True	False	True	global_anchor_w1.00	IDW fallback	False	selected_source_cv_mse < idw_source_cv_mse AND delta_source_cv_pearson > 0.03
50p_E1_to_E2	50% epiboly	E1	E2	403	sox11a	False	0.7918336391448975	0.32664954662323	0.4651840925216675	0.2866632640361786	0.7844820022583008	0.4978187382221222	True	True	False	global_anchor_w1.00	Anchor-only	True	selected_source_cv_mse < idw_source_cv_mse AND delta_source_cv_pearson > 0.03
50p_E1_to_E2	50% epiboly	E1	E2	404	sox11b	False	0.8350801467895508	0.3528817892074585	0.4821983575820923	0.15610481798648834	0.4937829375267029	0.33767811954021454	True	True	False	local_anchor_w0.50	Calibrated mixture	True	selected_source_cv_mse < idw_source_cv_mse AND delta_source_cv_pearson > 0.03
50p_E1_to_E2	50% epiboly	E1	E2	405	sox13	False	0.33088499307632446	0.10869725793600082	0.22218773514032364	0.3497473895549774	0.457380086183548	0.10763269662857056	True	True	False	local_anchor_w0.75	Calibrated mixture	True	selected_source_cv_mse < idw_source_cv_mse AND delta_source_cv_pearson > 0.03
50p_E1_to_E2	50% epiboly	E1	E2	406	sox17	False	0.20593871176242828	0.14831019937992096	0.057628512382507324	0.18249531090259552	0.2021963894367218	0.019701078534126282	True	True	False	local_anchor_w0.75	Calibrated mixture	True	selected_source_cv_mse < idw_source_cv_mse AND delta_source_cv_pearson > 0.03
50p_E1_to_E2	50% epiboly	E1	E2	407	sox19a	False	0.8638208508491516	0.5440523028373718	0.3197685480117798	0.16759006679058075	0.5190892219543457	0.35149915516376495	True	True	False	local_anchor_w0.50	Calibrated mixture	True	selected_source_cv_mse < idw_source_cv_mse AND delta_source_cv_pearson > 0.03
50p_E1_to_E2	50% epiboly	E1	E2	408	sox2	False	0.37599602341651917	0.08410205692052841	0.29189396649599075	0.37215691804885864	0.4515509009361267	0.07939398288726807	True	True	False	global_anchor_w1.00	Anchor-only	True	selected_source_cv_mse < idw_source_cv_mse AND delta_source_cv_pearson > 0.03
50p_E1_to_E2	50% epiboly	E1	E2	409	sox3	False	0.8205470442771912	0.4695795476436615	0.35096749663352966	0.3466542661190033	1.0790557861328125	0.7324015200138092	True	True	False	local_anchor_w0.00	Local residual	True	selected_source_cv_mse < idw_source_cv_mse AND delta_source_cv_pearson > 0.03
50p_E1_to_E2	50% epiboly	E1	E2	410	sox32	False	0.8209363222122192	0.5572960376739502	0.26364028453826904	0.49757829308509827	1.03080415725708	0.5332258641719818	True	True	False	local_anchor_w0.50	Calibrated mixture	True	selected_source_cv_mse < idw_source_cv_mse AND delta_source_cv_pearson > 0.03
50p_E1_to_E2	50% epiboly	E1	E2	411	sox5	False	0.21222662925720215	0.09425248950719833	0.11797413975000381	0.3104919195175171	0.3813636302947998	0.07087171077728271	True	True	False	global_anchor_w1.00	Anchor-only	True	selected_source_cv_mse < idw_source_cv_mse AND delta_source_cv_pearson > 0.03
50p_E1_to_E2	50% epiboly	E1	E2	412	sp5a	False	0.2925569713115692	0.055461619049310684	0.23709535226225853	0.2395046204328537	0.2887040376663208	0.0491994172334671	True	True	False	global_anchor_w1.00	Anchor-only	True	selected_source_cv_mse < idw_source_cv_mse AND delta_source_cv_pearson > 0.03
50p_E1_to_E2	50% epiboly	E1	E2	413	sp5l	False	0.5932368636131287	0.3461468815803528	0.24708998203277588	0.27766868472099304	0.4226307272911072	0.14496204257011414	True	True	False	local_anchor_w0.25	Calibrated mixture	True	selected_source_cv_mse < idw_source_cv_mse AND delta_source_cv_pearson > 0.03
50p_E1_to_E2	50% epiboly	E1	E2	414	sp8b	False	0.3719046711921692	0.24164828658103943	0.13025638461112976	0.4035046696662903	0.5873982906341553	0.183893620967865	True	True	False	global_anchor_w0.50	Calibrated mixture	True	selected_source_cv_mse < idw_source_cv_mse AND delta_source_cv_pearson > 0.03
50p_E1_to_E2	50% epiboly	E1	E2	415	spon1b	False	0.23397216200828552	0.11179734766483307	0.12217481434345245	0.13352423906326294	0.16679507493972778	0.033270835876464844	True	True	False	global_anchor_w1.00	Anchor-only	True	selected_source_cv_mse < idw_source_cv_mse AND delta_source_cv_pearson > 0.03
50p_E1_to_E2	50% epiboly	E1	E2	416	srp19	False	0.32780247926712036	0.10747706145048141	0.22032541781663895	0.3160068690776825	0.3724345266819	0.05642765760421753	True	True	False	local_anchor_w0.75	Calibrated mixture	True	selected_source_cv_mse < idw_source_cv_mse AND delta_source_cv_pearson > 0.03
50p_E1_to_E2	50% epiboly	E1	E2	417	srrm4	False	0.28625690937042236	0.01797618716955185	0.2682807222008705	0.3300962746143341	0.4177132248878479	0.0876169502735138	True	True	False	global_anchor_w1.00	Anchor-only	True	selected_source_cv_mse < idw_source_cv_mse AND delta_source_cv_pearson > 0.03
50p_E1_to_E2	50% epiboly	E1	E2	418	stmn1a	False	0.48131105303764343	0.14099110662937164	0.3403199464082718	0.3059174418449402	0.4217641353607178	0.11584669351577759	True	True	False	local_anchor_w0.75	Calibrated mixture	True	selected_source_cv_mse < idw_source_cv_mse AND delta_source_cv_pearson > 0.03
50p_E1_to_E2	50% epiboly	E1	E2	419	stox1	False	0.5930119156837463	0.05760939419269562	0.5354025214910507	0.22161965072155	0.36864107847213745	0.14702142775058746	True	True	False	local_anchor_w0.50	Calibrated mixture	True	selected_source_cv_mse < idw_source_cv_mse AND delta_source_cv_pearson > 0.03
50p_E1_to_E2	50% epiboly	E1	E2	420	supt16h	False	0.6754668354988098	0.3520612120628357	0.3234056234359741	0.02977561019361019	0.05267489701509476	0.022899286821484566	True	True	False	local_anchor_w0.25	Calibrated mixture	True	selected_source_cv_mse < idw_source_cv_mse AND delta_source_cv_pearson > 0.03
50p_E1_to_E2	50% epiboly	E1	E2	421	syne2b	False	0.5258163809776306	0.295095831155777	0.23072054982185364	0.38452810049057007	0.5196505188941956	0.1351224184036255	True	True	False	local_anchor_w0.50	Calibrated mixture	True	selected_source_cv_mse < idw_source_cv_mse AND delta_source_cv_pearson > 0.03
50p_E1_to_E2	50% epiboly	E1	E2	422	szl	False	0.27908289432525635	0.16103896498680115	0.1180439293384552	0.2842138707637787	0.3581485152244568	0.0739346444606781	True	True	False	global_anchor_w0.75	Calibrated mixture	True	selected_source_cv_mse < idw_source_cv_mse AND delta_source_cv_pearson > 0.03
50p_E1_to_E2	50% epiboly	E1	E2	423	tagln2	False	0.5459492802619934	0.17660720646381378	0.3693420737981796	0.6556052565574646	1.048086166381836	0.39248090982437134	True	True	False	local_anchor_w0.75	Calibrated mixture	True	selected_source_cv_mse < idw_source_cv_mse AND delta_source_cv_pearson > 0.03
50p_E1_to_E2	50% epiboly	E1	E2	424	tbr1b	False	0.21048298478126526	-0.007984830066561699	0.21846781484782696	0.18266546726226807	0.23373369872570038	0.05106823146343231	True	True	False	global_anchor_w1.00	Anchor-only	True	selected_source_cv_mse < idw_source_cv_mse AND delta_source_cv_pearson > 0.03
50p_E1_to_E2	50% epiboly	E1	E2	425	tbx1	False	0.2085818648338318	0.07642844319343567	0.13215342164039612	0.16396969556808472	0.19139684736728668	0.027427151799201965	True	True	False	local_anchor_w0.75	Calibrated mixture	True	selected_source_cv_mse < idw_source_cv_mse AND delta_source_cv_pearson > 0.03
50p_E1_to_E2	50% epiboly	E1	E2	426	tbx16	False	0.8513984084129333	0.19656555354595184	0.6548328548669815	0.15291014313697815	0.5489110946655273	0.3960009515285492	True	True	False	local_anchor_w0.75	Calibrated mixture	True	selected_source_cv_mse < idw_source_cv_mse AND delta_source_cv_pearson > 0.03
50p_E1_to_E2	50% epiboly	E1	E2	427	tbx16l	False	0.3547016382217407	0.19015775620937347	0.16454388201236725	0.3573966920375824	0.40935635566711426	0.05195966362953186	True	True	False	local_anchor_w0.50	Calibrated mixture	True	selected_source_cv_mse < idw_source_cv_mse AND delta_source_cv_pearson > 0.03
50p_E1_to_E2	50% epiboly	E1	E2	428	tbx3b	False	0.2721176743507385	0.07317490875720978	0.19894276559352875	0.31136786937713623	0.3671025335788727	0.05573466420173645	True	True	False	global_anchor_w0.75	Calibrated mixture	True	selected_source_cv_mse < idw_source_cv_mse AND delta_source_cv_pearson > 0.03
50p_E1_to_E2	50% epiboly	E1	E2	429	tbx6	False	0.2735643684864044	0.09968286007642746	0.17388150840997696	0.3253472149372101	0.3790498375892639	0.05370262265205383	True	True	False	global_anchor_w0.75	Calibrated mixture	True	selected_source_cv_mse < idw_source_cv_mse AND delta_source_cv_pearson > 0.03
50p_E1_to_E2	50% epiboly	E1	E2	430	tbxta	False	0.8269538283348083	0.5055468082427979	0.3214070200920105	1.0187366008758545	2.713561773300171	1.6948251724243164	True	True	False	local_anchor_w0.00	Local residual	True	selected_source_cv_mse < idw_source_cv_mse AND delta_source_cv_pearson > 0.03
50p_E1_to_E2	50% epiboly	E1	E2	431	tbxtb	False	0.247733473777771	0.023535752668976784	0.2241977211087942	0.3157823383808136	0.3729225993156433	0.05714026093482971	True	True	False	local_anchor_w0.75	Calibrated mixture	True	selected_source_cv_mse < idw_source_cv_mse AND delta_source_cv_pearson > 0.03
50p_E1_to_E2	50% epiboly	E1	E2	432	tcf3b	False	0.6447516679763794	0.1886572688817978	0.4560943990945816	0.14946690201759338	0.2537905275821686	0.1043236255645752	True	True	False	local_anchor_w0.75	Calibrated mixture	True	selected_source_cv_mse < idw_source_cv_mse AND delta_source_cv_pearson > 0.03
50p_E1_to_E2	50% epiboly	E1	E2	433	tcf7	False	0.2594710886478424	0.038237933069467545	0.22123315557837486	0.27157485485076904	0.3272819221019745	0.055707067251205444	True	True	False	global_anchor_w1.00	Anchor-only	True	selected_source_cv_mse < idw_source_cv_mse AND delta_source_cv_pearson > 0.03
50p_E1_to_E2	50% epiboly	E1	E2	434	tcf7l1a	False	0.6518121957778931	0.41107574105262756	0.2407364547252655	0.19824622571468353	0.31125175952911377	0.11300553381443024	True	True	False	local_anchor_w0.25	Calibrated mixture	True	selected_source_cv_mse < idw_source_cv_mse AND delta_source_cv_pearson > 0.03
50p_E1_to_E2	50% epiboly	E1	E2	435	tcf7l1b	False	0.5834091305732727	0.22696982324123383	0.3564393073320389	0.19891883432865143	0.30547499656677246	0.10655616223812103	True	True	False	local_anchor_w0.50	Calibrated mixture	True	selected_source_cv_mse < idw_source_cv_mse AND delta_source_cv_pearson > 0.03
50p_E1_to_E2	50% epiboly	E1	E2	436	tcf7l2	False	0.26861023902893066	0.04055093973875046	0.2280592992901802	0.2561660408973694	0.33398696780204773	0.07782092690467834	True	True	False	global_anchor_w1.00	Anchor-only	True	selected_source_cv_mse < idw_source_cv_mse AND delta_source_cv_pearson > 0.03
50p_E1_to_E2	50% epiboly	E1	E2	437	tdgf1	False	0.7006201148033142	0.1542060822248459	0.5464140325784683	0.118137888610363	0.2239401936531067	0.10580230504274368	True	True	False	local_anchor_w0.75	Calibrated mixture	True	selected_source_cv_mse < idw_source_cv_mse AND delta_source_cv_pearson > 0.03
50p_E1_to_E2	50% epiboly	E1	E2	438	tead1a	False	0.21721044182777405	0.032750558108091354	0.1844598837196827	0.3568938374519348	0.4138762354850769	0.05698239803314209	True	True	False	global_anchor_w1.00	Anchor-only	True	selected_source_cv_mse < idw_source_cv_mse AND delta_source_cv_pearson > 0.03
50p_E1_to_E2	50% epiboly	E1	E2	439	tead1b	False	0.33065155148506165	0.03278465196490288	0.29786689952015877	0.3101484775543213	0.3725775182247162	0.0624290406703949	True	True	False	local_anchor_w0.75	Calibrated mixture	True	selected_source_cv_mse < idw_source_cv_mse AND delta_source_cv_pearson > 0.03
50p_E1_to_E2	50% epiboly	E1	E2	440	tfap2a	False	0.847234308719635	0.10357854515314102	0.743655763566494	0.2944541871547699	1.2981966733932495	1.0037424862384796	True	True	False	global_anchor_w1.00	Anchor-only	True	selected_source_cv_mse < idw_source_cv_mse AND delta_source_cv_pearson > 0.03
50p_E1_to_E2	50% epiboly	E1	E2	441	tfap2c	True	1.0000004768371582	0.592614471912384	0.40738600492477417	1.3571645922638709e-06	0.5490191578865051	0.5490178007219129	True	False	True	global_anchor_w0.00	IDW fallback	False	selected_source_cv_mse < idw_source_cv_mse AND delta_source_cv_pearson > 0.03
50p_E1_to_E2	50% epiboly	E1	E2	442	tgif1	False	0.6318541169166565	0.1557352989912033	0.4761188179254532	0.16057263314723969	0.2668563425540924	0.10628370940685272	True	True	False	local_anchor_w0.75	Calibrated mixture	True	selected_source_cv_mse < idw_source_cv_mse AND delta_source_cv_pearson > 0.03
50p_E1_to_E2	50% epiboly	E1	E2	443	tlcd5a	False	0.5846622586250305	0.12162807583808899	0.46303418278694153	0.3011024594306946	0.5116412043571472	0.21053874492645264	True	True	False	global_anchor_w1.00	Anchor-only	True	selected_source_cv_mse < idw_source_cv_mse AND delta_source_cv_pearson > 0.03
50p_E1_to_E2	50% epiboly	E1	E2	444	tmed10	False	0.28546974062919617	0.034291788935661316	0.25117795169353485	0.2919217646121979	0.34050309658050537	0.048581331968307495	True	True	False	global_anchor_w1.00	Anchor-only	True	selected_source_cv_mse < idw_source_cv_mse AND delta_source_cv_pearson > 0.03
50p_E1_to_E2	50% epiboly	E1	E2	445	tmed2	False	0.40254151821136475	0.1417568475008011	0.26078467071056366	0.35394102334976196	0.44194936752319336	0.0880083441734314	True	True	False	global_anchor_w1.00	Anchor-only	True	selected_source_cv_mse < idw_source_cv_mse AND delta_source_cv_pearson > 0.03
50p_E1_to_E2	50% epiboly	E1	E2	446	tp63	False	0.45108434557914734	0.18250258266925812	0.2685817629098892	0.3747343122959137	0.4750698506832123	0.10033553838729858	True	True	False	local_anchor_w0.50	Calibrated mixture	True	selected_source_cv_mse < idw_source_cv_mse AND delta_source_cv_pearson > 0.03
50p_E1_to_E2	50% epiboly	E1	E2	447	tph1b	False	0.5234596729278564	0.40118592977523804	0.12227374315261841	0.46426108479499817	0.6170220971107483	0.15276101231575012	True	True	False	local_anchor_w0.25	Calibrated mixture	True	selected_source_cv_mse < idw_source_cv_mse AND delta_source_cv_pearson > 0.03
50p_E1_to_E2	50% epiboly	E1	E2	448	tpx2	False	0.20790782570838928	0.07968743145465851	0.12822039425373077	0.2768256366252899	0.31164658069610596	0.03482094407081604	True	True	False	local_anchor_w0.75	Calibrated mixture	True	selected_source_cv_mse < idw_source_cv_mse AND delta_source_cv_pearson > 0.03
50p_E1_to_E2	50% epiboly	E1	E2	449	tram1	False	0.530414342880249	0.11532025039196014	0.4150940924882889	0.0990300327539444	0.14449326694011688	0.045463234186172485	True	True	False	local_anchor_w0.75	Calibrated mixture	True	selected_source_cv_mse < idw_source_cv_mse AND delta_source_cv_pearson > 0.03
50p_E1_to_E2	50% epiboly	E1	E2	450	trps1	False	0.43593230843544006	0.0014912554761394858	0.4344410529593006	0.2695123553276062	0.3649027943611145	0.0953904390335083	True	True	False	global_anchor_w1.00	Anchor-only	True	selected_source_cv_mse < idw_source_cv_mse AND delta_source_cv_pearson > 0.03
50p_E1_to_E2	50% epiboly	E1	E2	451	tshz3b	False	0.23244546353816986	0.03626472130417824	0.19618074223399162	0.3621665835380554	0.4059101939201355	0.04374361038208008	True	True	False	local_anchor_w0.50	Calibrated mixture	True	selected_source_cv_mse < idw_source_cv_mse AND delta_source_cv_pearson > 0.03
50p_E1_to_E2	50% epiboly	E1	E2	452	tuba1a	False	0.3380189836025238	0.046765826642513275	0.29125315696001053	0.40187522768974304	0.5407817363739014	0.13890650868415833	True	True	False	global_anchor_w1.00	Anchor-only	True	selected_source_cv_mse < idw_source_cv_mse AND delta_source_cv_pearson > 0.03
50p_E1_to_E2	50% epiboly	E1	E2	453	tuba8l	False	0.45748820900917053	0.028704220429062843	0.4287839885801077	0.26911982893943787	0.3738558888435364	0.10473605990409851	True	True	False	global_anchor_w1.00	Anchor-only	True	selected_source_cv_mse < idw_source_cv_mse AND delta_source_cv_pearson > 0.03
50p_E1_to_E2	50% epiboly	E1	E2	454	tuba8l2	False	0.20298892259597778	0.07898792624473572	0.12400099635124207	0.34371286630630493	0.3859002888202667	0.04218742251396179	True	True	False	local_anchor_w0.75	Calibrated mixture	True	selected_source_cv_mse < idw_source_cv_mse AND delta_source_cv_pearson > 0.03
50p_E1_to_E2	50% epiboly	E1	E2	455	tuba8l4	False	0.8814540505409241	0.4264277517795563	0.4550262987613678	0.047381434589624405	0.19695132970809937	0.14956989511847496	True	True	False	local_anchor_w0.25	Calibrated mixture	True	selected_source_cv_mse < idw_source_cv_mse AND delta_source_cv_pearson > 0.03
50p_E1_to_E2	50% epiboly	E1	E2	456	tubb2b	False	0.5108844637870789	0.10287444293498993	0.40801002085208893	0.10060906410217285	0.145833358168602	0.04522429406642914	True	True	False	local_anchor_w0.50	Calibrated mixture	True	selected_source_cv_mse < idw_source_cv_mse AND delta_source_cv_pearson > 0.03
50p_E1_to_E2	50% epiboly	E1	E2	457	twist1a	False	0.07024411857128143	0.01800854690372944	0.052235571667551994	0.16126719117164612	0.1912943422794342	0.030027151107788086	True	True	False	local_anchor_w0.50	Calibrated mixture	True	selected_source_cv_mse < idw_source_cv_mse AND delta_source_cv_pearson > 0.03
50p_E1_to_E2	50% epiboly	E1	E2	458	twist2	False	0.22228696942329407	0.09815851598978043	0.12412845343351364	0.2749822735786438	0.3355596661567688	0.060577392578125	True	True	False	local_anchor_w0.75	Calibrated mixture	True	selected_source_cv_mse < idw_source_cv_mse AND delta_source_cv_pearson > 0.03
50p_E1_to_E2	50% epiboly	E1	E2	459	ube2c	False	0.2677036225795746	0.09204873442649841	0.17565488815307617	0.3143925368785858	0.3654381334781647	0.05104559659957886	True	True	False	local_anchor_w0.75	Calibrated mixture	True	selected_source_cv_mse < idw_source_cv_mse AND delta_source_cv_pearson > 0.03
50p_E1_to_E2	50% epiboly	E1	E2	460	uhrf1	False	0.8352737426757812	0.44637930393218994	0.3888944387435913	0.025432469323277473	0.07892367988824844	0.05349121056497097	True	True	False	local_anchor_w0.00	Local residual	True	selected_source_cv_mse < idw_source_cv_mse AND delta_source_cv_pearson > 0.03
50p_E1_to_E2	50% epiboly	E1	E2	461	unc5b	False	0.10986116528511047	0.025769827887415886	0.08409133739769459	0.3481544256210327	0.40236136317253113	0.05420693755149841	True	True	False	global_anchor_w1.00	Anchor-only	True	selected_source_cv_mse < idw_source_cv_mse AND delta_source_cv_pearson > 0.03
50p_E1_to_E2	50% epiboly	E1	E2	462	uncx4.1	False	0.5792343020439148	0.11386600136756897	0.4653683006763458	0.45145145058631897	0.7973489761352539	0.34589752554893494	True	True	False	local_anchor_w0.75	Calibrated mixture	True	selected_source_cv_mse < idw_source_cv_mse AND delta_source_cv_pearson > 0.03
50p_E1_to_E2	50% epiboly	E1	E2	463	unga	False	0.4325392246246338	0.11959494650363922	0.31294427812099457	0.1829511672258377	0.2515064775943756	0.0685553103685379	True	True	False	global_anchor_w0.75	Calibrated mixture	True	selected_source_cv_mse < idw_source_cv_mse AND delta_source_cv_pearson > 0.03
50p_E1_to_E2	50% epiboly	E1	E2	464	usf1	False	0.30893898010253906	-0.015761835500597954	0.324700815603137	0.32821595668792725	0.4081934988498688	0.07997754216194153	True	True	False	global_anchor_w1.00	Anchor-only	True	selected_source_cv_mse < idw_source_cv_mse AND delta_source_cv_pearson > 0.03
50p_E1_to_E2	50% epiboly	E1	E2	465	ved	False	0.7112102508544922	0.5561876893043518	0.15502256155014038	0.32397201657295227	0.4292025566101074	0.10523054003715515	True	True	False	local_anchor_w0.25	Calibrated mixture	True	selected_source_cv_mse < idw_source_cv_mse AND delta_source_cv_pearson > 0.03
50p_E1_to_E2	50% epiboly	E1	E2	466	vent	False	0.8153005838394165	0.5191183686256409	0.29618221521377563	0.3840464651584625	0.7995187044143677	0.41547223925590515	True	True	False	local_anchor_w0.25	Calibrated mixture	True	selected_source_cv_mse < idw_source_cv_mse AND delta_source_cv_pearson > 0.03
50p_E1_to_E2	50% epiboly	E1	E2	467	vgll4l	False	0.7368688583374023	0.2610893249511719	0.47577953338623047	0.3091038465499878	0.6596337556838989	0.35052990913391113	True	True	False	local_anchor_w0.50	Calibrated mixture	True	selected_source_cv_mse < idw_source_cv_mse AND delta_source_cv_pearson > 0.03
50p_E1_to_E2	50% epiboly	E1	E2	468	vox	False	0.48008838295936584	0.1270401030778885	0.35304827988147736	0.30967655777931213	0.4129447937011719	0.10326823592185974	True	True	False	global_anchor_w0.75	Calibrated mixture	True	selected_source_cv_mse < idw_source_cv_mse AND delta_source_cv_pearson > 0.03
50p_E1_to_E2	50% epiboly	E1	E2	469	vrtn	False	0.8684574365615845	0.22254717350006104	0.6459102630615234	0.08796736598014832	0.34208518266677856	0.25411781668663025	True	True	False	local_anchor_w0.25	Calibrated mixture	True	selected_source_cv_mse < idw_source_cv_mse AND delta_source_cv_pearson > 0.03
50p_E1_to_E2	50% epiboly	E1	E2	470	vsx2	False	0.2501513957977295	0.08483990281820297	0.16531149297952652	0.21762603521347046	0.25721779465675354	0.03959175944328308	True	True	False	global_anchor_w1.00	Anchor-only	True	selected_source_cv_mse < idw_source_cv_mse AND delta_source_cv_pearson > 0.03
50p_E1_to_E2	50% epiboly	E1	E2	471	wnt11f2	False	0.8479874730110168	0.5726004242897034	0.2753870487213135	0.6644781827926636	1.7723817825317383	1.1079035997390747	True	True	False	local_anchor_w0.00	Local residual	True	selected_source_cv_mse < idw_source_cv_mse AND delta_source_cv_pearson > 0.03
50p_E1_to_E2	50% epiboly	E1	E2	472	wnt8a	False	0.5505937933921814	0.32058557868003845	0.23000821471214294	0.3123859763145447	0.4130663573741913	0.1006803810596466	True	True	False	local_anchor_w0.75	Calibrated mixture	True	selected_source_cv_mse < idw_source_cv_mse AND delta_source_cv_pearson > 0.03
50p_E1_to_E2	50% epiboly	E1	E2	473	xbp1	False	0.6112629771232605	0.38518258929252625	0.22608038783073425	0.12429897487163544	0.1640462428331375	0.039747267961502075	True	True	False	local_anchor_w0.25	Calibrated mixture	True	selected_source_cv_mse < idw_source_cv_mse AND delta_source_cv_pearson > 0.03
50p_E1_to_E2	50% epiboly	E1	E2	474	ypel3	False	0.39519017934799194	0.07592964172363281	0.31926053762435913	0.2600206434726715	0.3275579512119293	0.06753730773925781	True	True	False	local_anchor_w0.75	Calibrated mixture	True	selected_source_cv_mse < idw_source_cv_mse AND delta_source_cv_pearson > 0.03
50p_E1_to_E2	50% epiboly	E1	E2	475	zbtb18	False	0.3624315857887268	0.1043478474020958	0.258083738386631	0.32031509280204773	0.39128831028938293	0.0709732174873352	True	True	False	local_anchor_w0.75	Calibrated mixture	True	selected_source_cv_mse < idw_source_cv_mse AND delta_source_cv_pearson > 0.03
50p_E1_to_E2	50% epiboly	E1	E2	476	zc4h2	False	0.4863417148590088	0.11880216747522354	0.36753954738378525	0.3162078261375427	0.4404190182685852	0.12421119213104248	True	True	False	global_anchor_w1.00	Anchor-only	True	selected_source_cv_mse < idw_source_cv_mse AND delta_source_cv_pearson > 0.03
50p_E1_to_E2	50% epiboly	E1	E2	477	zeb1a	False	0.6670283079147339	0.2754676938056946	0.3915606141090393	0.271501362323761	0.4980480670928955	0.22654670476913452	True	True	False	local_anchor_w0.75	Calibrated mixture	True	selected_source_cv_mse < idw_source_cv_mse AND delta_source_cv_pearson > 0.03
50p_E1_to_E2	50% epiboly	E1	E2	478	zeb1b	False	0.36709123849868774	0.11957897245883942	0.24751226603984833	0.3301921486854553	0.4160817861557007	0.08588963747024536	True	True	False	global_anchor_w1.00	Anchor-only	True	selected_source_cv_mse < idw_source_cv_mse AND delta_source_cv_pearson > 0.03
50p_E1_to_E2	50% epiboly	E1	E2	479	zeb2a	False	0.16205450892448425	0.017218036577105522	0.14483647234737873	0.3097188174724579	0.3720530867576599	0.062334269285202026	True	True	False	global_anchor_w1.00	Anchor-only	True	selected_source_cv_mse < idw_source_cv_mse AND delta_source_cv_pearson > 0.03
50p_E1_to_E2	50% epiboly	E1	E2	480	zeb2b	False	0.5350953340530396	0.32038041949272156	0.214714914560318	0.48995286226272583	0.6817735433578491	0.1918206810951233	True	True	False	local_anchor_w0.75	Calibrated mixture	True	selected_source_cv_mse < idw_source_cv_mse AND delta_source_cv_pearson > 0.03
50p_E1_to_E2	50% epiboly	E1	E2	481	zfand5a	False	0.2565331757068634	0.10548092424869537	0.15105225145816803	0.18156476318836212	0.20731811225414276	0.02575334906578064	True	True	False	global_anchor_w1.00	Anchor-only	True	selected_source_cv_mse < idw_source_cv_mse AND delta_source_cv_pearson > 0.03
50p_E1_to_E2	50% epiboly	E1	E2	482	zgc:113372	False	0.11296828091144562	0.025433911010622978	0.08753436990082264	0.2058306187391281	0.23860882222652435	0.03277820348739624	True	True	False	global_anchor_w1.00	Anchor-only	True	selected_source_cv_mse < idw_source_cv_mse AND delta_source_cv_pearson > 0.03
50p_E1_to_E2	50% epiboly	E1	E2	483	zgc:113424	False	0.5052374601364136	0.212798073887825	0.29243938624858856	0.3296366035938263	0.43724995851516724	0.10761335492134094	True	True	False	local_anchor_w0.75	Calibrated mixture	True	selected_source_cv_mse < idw_source_cv_mse AND delta_source_cv_pearson > 0.03
50p_E1_to_E2	50% epiboly	E1	E2	484	zgc:174154	False	0.40370139479637146	0.2824549973011017	0.12124639749526978	0.20843738317489624	0.26245319843292236	0.05401581525802612	True	True	False	local_anchor_w0.75	Calibrated mixture	True	selected_source_cv_mse < idw_source_cv_mse AND delta_source_cv_pearson > 0.03
50p_E1_to_E2	50% epiboly	E1	E2	485	zgc:175088	False	0.24709762632846832	0.0300215482711792	0.21707607805728912	0.30806833505630493	0.352546751499176	0.044478416442871094	True	True	False	global_anchor_w1.00	Anchor-only	True	selected_source_cv_mse < idw_source_cv_mse AND delta_source_cv_pearson > 0.03
50p_E1_to_E2	50% epiboly	E1	E2	486	zic2a	False	0.6164677143096924	0.24107220768928528	0.3753955066204071	0.4937647581100464	0.8737480044364929	0.37998324632644653	True	True	False	local_anchor_w0.50	Calibrated mixture	True	selected_source_cv_mse < idw_source_cv_mse AND delta_source_cv_pearson > 0.03
50p_E1_to_E2	50% epiboly	E1	E2	487	zic2b	False	0.9020219445228577	0.4784255027770996	0.42359644174575806	0.2311789095401764	1.1086108684539795	0.8774319589138031	True	True	False	local_anchor_w0.25	Calibrated mixture	True	selected_source_cv_mse < idw_source_cv_mse AND delta_source_cv_pearson > 0.03
50p_E1_to_E2	50% epiboly	E1	E2	488	zic3	False	0.6774388551712036	0.3581026792526245	0.3193361759185791	0.38415995240211487	0.7177190184593201	0.3335590660572052	True	True	False	local_anchor_w0.50	Calibrated mixture	True	selected_source_cv_mse < idw_source_cv_mse AND delta_source_cv_pearson > 0.03
50p_E1_to_E2	50% epiboly	E1	E2	489	zmp:0000000624	False	0.39278796315193176	0.020065339282155037	0.3727226238697767	0.3022439479827881	0.39379939436912537	0.09155544638633728	True	True	False	global_anchor_w1.00	Anchor-only	True	selected_source_cv_mse < idw_source_cv_mse AND delta_source_cv_pearson > 0.03
50p_E1_to_E2	50% epiboly	E1	E2	490	znf1004	False	0.7269444465637207	0.41896697878837585	0.30797746777534485	0.21735779941082	0.4199924170970917	0.20263461768627167	True	True	False	local_anchor_w0.75	Calibrated mixture	True	selected_source_cv_mse < idw_source_cv_mse AND delta_source_cv_pearson > 0.03
50p_E1_to_E2	50% epiboly	E1	E2	491	znf185	False	0.8994097113609314	0.06026767939329147	0.8391420319676399	0.38893184065818787	2.9496684074401855	2.5607365667819977	True	True	False	global_anchor_w1.00	Anchor-only	True	selected_source_cv_mse < idw_source_cv_mse AND delta_source_cv_pearson > 0.03
50p_E1_to_E2	50% epiboly	E1	E2	492	znf576.2	False	0.39366957545280457	0.2666124403476715	0.12705713510513306	0.14376340806484222	0.16323432326316833	0.01947091519832611	True	True	False	local_anchor_w0.25	Calibrated mixture	True	selected_source_cv_mse < idw_source_cv_mse AND delta_source_cv_pearson > 0.03
50p_E1_to_E2	50% epiboly	E1	E2	493	znfl2a	False	0.6625246405601501	0.09496273100376129	0.5675619095563889	0.21251335740089417	0.40227651596069336	0.1897631585597992	True	True	False	local_anchor_w0.50	Calibrated mixture	True	selected_source_cv_mse < idw_source_cv_mse AND delta_source_cv_pearson > 0.03
50p_E1_to_E2	50% epiboly	E1	E2	494	zswim5	False	0.6153026819229126	0.43466296792030334	0.18063971400260925	0.21116888523101807	0.2893977165222168	0.07822883129119873	True	True	False	local_anchor_w0.25	Calibrated mixture	True	selected_source_cv_mse < idw_source_cv_mse AND delta_source_cv_pearson > 0.03
50p_E2_to_E1	50% epiboly	E2	E1	0	ackr3b	False	0.818140983581543	0.15594570338726044	0.6621952801942825	0.38853275775909424	1.68218195438385	1.2936491966247559	True	True	False	local_anchor_w0.75	Calibrated mixture	True	selected_source_cv_mse < idw_source_cv_mse AND delta_source_cv_pearson > 0.03
50p_E2_to_E1	50% epiboly	E2	E1	1	acvr1ba	False	0.5967466831207275	0.1527751088142395	0.44397157430648804	0.24738159775733948	0.39357343316078186	0.14619183540344238	True	True	False	local_anchor_w0.25	Calibrated mixture	True	selected_source_cv_mse < idw_source_cv_mse AND delta_source_cv_pearson > 0.03
50p_E2_to_E1	50% epiboly	E2	E1	2	add3b	False	0.7784388661384583	0.22122982144355774	0.5572090446949005	0.3589935004711151	1.0323208570480347	0.6733273565769196	True	True	False	local_anchor_w0.75	Calibrated mixture	True	selected_source_cv_mse < idw_source_cv_mse AND delta_source_cv_pearson > 0.03
50p_E2_to_E1	50% epiboly	E2	E1	3	adka	False	0.5376089215278625	0.46975526213645935	0.0678536593914032	0.17613378167152405	0.2013055682182312	0.025171786546707153	True	True	False	global_anchor_w0.25	Calibrated mixture	True	selected_source_cv_mse < idw_source_cv_mse AND delta_source_cv_pearson > 0.03
50p_E2_to_E1	50% epiboly	E2	E1	4	admp	False	0.4634630084037781	0.3132958710193634	0.15016713738441467	0.48340222239494324	0.6446906328201294	0.16128841042518616	True	True	False	local_anchor_w0.75	Calibrated mixture	True	selected_source_cv_mse < idw_source_cv_mse AND delta_source_cv_pearson > 0.03
50p_E2_to_E1	50% epiboly	E2	E1	5	ahi1	False	0.6095536947250366	0.16620635986328125	0.44334733486175537	0.32254043221473694	0.5175416469573975	0.19500121474266052	True	True	False	local_anchor_w0.75	Calibrated mixture	True	selected_source_cv_mse < idw_source_cv_mse AND delta_source_cv_pearson > 0.03
50p_E2_to_E1	50% epiboly	E2	E1	6	akap12b	False	0.7151840329170227	0.22944317758083344	0.48574085533618927	0.07243219017982483	0.14810515940189362	0.07567296922206879	True	True	False	local_anchor_w0.75	Calibrated mixture	True	selected_source_cv_mse < idw_source_cv_mse AND delta_source_cv_pearson > 0.03
50p_E2_to_E1	50% epiboly	E2	E1	7	alcamb	False	0.8310892581939697	0.09254127740859985	0.7385479807853699	0.2781980633735657	1.277421236038208	0.9992231726646423	True	True	False	local_anchor_w0.75	Calibrated mixture	True	selected_source_cv_mse < idw_source_cv_mse AND delta_source_cv_pearson > 0.03
50p_E2_to_E1	50% epiboly	E2	E1	8	aldob	False	0.8924129009246826	0.26721522212028503	0.6251976788043976	0.1398765593767166	0.7120993733406067	0.5722228139638901	True	True	False	local_anchor_w0.50	Calibrated mixture	True	selected_source_cv_mse < idw_source_cv_mse AND delta_source_cv_pearson > 0.03
50p_E2_to_E1	50% epiboly	E2	E1	9	anp32e	False	0.8694766759872437	0.42553067207336426	0.4439460039138794	0.10551581531763077	0.378364622592926	0.27284880727529526	True	True	False	local_anchor_w0.50	Calibrated mixture	True	selected_source_cv_mse < idw_source_cv_mse AND delta_source_cv_pearson > 0.03
50p_E2_to_E1	50% epiboly	E2	E1	10	apex1	False	0.3157719671726227	0.06403214484453201	0.25173982232809067	0.2997882664203644	0.395196795463562	0.09540852904319763	True	True	False	local_anchor_w0.75	Calibrated mixture	True	selected_source_cv_mse < idw_source_cv_mse AND delta_source_cv_pearson > 0.03
50p_E2_to_E1	50% epiboly	E2	E1	11	aplnra	False	0.9220005869865417	0.21647532284259796	0.7055252641439438	0.2230665534734726	1.7260918617248535	1.503025308251381	True	True	False	local_anchor_w0.75	Calibrated mixture	True	selected_source_cv_mse < idw_source_cv_mse AND delta_source_cv_pearson > 0.03
50p_E2_to_E1	50% epiboly	E2	E1	12	aplnrb	False	0.32686179876327515	0.14167183637619019	0.18518996238708496	0.35590142011642456	0.4302709996700287	0.07436957955360413	True	True	False	local_anchor_w0.75	Calibrated mixture	True	selected_source_cv_mse < idw_source_cv_mse AND delta_source_cv_pearson > 0.03
50p_E2_to_E1	50% epiboly	E2	E1	13	apoc1	False	0.5473748445510864	0.2404680699110031	0.3069067746400833	0.23224429786205292	0.3738194406032562	0.1415751427412033	True	True	False	global_anchor_w0.75	Calibrated mixture	True	selected_source_cv_mse < idw_source_cv_mse AND delta_source_cv_pearson > 0.03
50p_E2_to_E1	50% epiboly	E2	E1	14	arf5	False	0.4807891249656677	0.16801202297210693	0.3127771019935608	0.14255650341510773	0.1889769732952118	0.046420469880104065	True	True	False	local_anchor_w0.50	Calibrated mixture	True	selected_source_cv_mse < idw_source_cv_mse AND delta_source_cv_pearson > 0.03
50p_E2_to_E1	50% epiboly	E2	E1	15	arhgap5	False	0.46265658736228943	0.08658360689878464	0.3760729804635048	0.2852758467197418	0.38695231080055237	0.10167646408081055	True	True	False	local_anchor_w0.75	Calibrated mixture	True	selected_source_cv_mse < idw_source_cv_mse AND delta_source_cv_pearson > 0.03
50p_E2_to_E1	50% epiboly	E2	E1	16	arl4aa	False	0.2979847192764282	0.07034320384263992	0.2276415154337883	0.22035616636276245	0.29780417680740356	0.07744801044464111	True	True	False	global_anchor_w0.75	Calibrated mixture	True	selected_source_cv_mse < idw_source_cv_mse AND delta_source_cv_pearson > 0.03
50p_E2_to_E1	50% epiboly	E2	E1	17	arl4ab	False	0.6393616795539856	0.47141698002815247	0.16794469952583313	0.47982057929039	0.642023503780365	0.16220292448997498	True	True	False	local_anchor_w0.25	Calibrated mixture	True	selected_source_cv_mse < idw_source_cv_mse AND delta_source_cv_pearson > 0.03
50p_E2_to_E1	50% epiboly	E2	E1	18	arl4d	False	0.48684701323509216	0.10268454998731613	0.38416246324777603	0.38666409254074097	0.5533278584480286	0.1666637659072876	True	True	False	local_anchor_w0.75	Calibrated mixture	True	selected_source_cv_mse < idw_source_cv_mse AND delta_source_cv_pearson > 0.03
50p_E2_to_E1	50% epiboly	E2	E1	19	arl6ip5a	False	0.5754839777946472	0.12936390936374664	0.4461200684309006	0.280610591173172	0.5055429339408875	0.22493234276771545	True	True	False	local_anchor_w0.75	Calibrated mixture	True	selected_source_cv_mse < idw_source_cv_mse AND delta_source_cv_pearson > 0.03
50p_E2_to_E1	50% epiboly	E2	E1	20	aspm	False	0.33448442816734314	0.15828271210193634	0.1762017160654068	0.35408076643943787	0.429365873336792	0.07528510689735413	True	True	False	local_anchor_w0.75	Calibrated mixture	True	selected_source_cv_mse < idw_source_cv_mse AND delta_source_cv_pearson > 0.03
50p_E2_to_E1	50% epiboly	E2	E1	21	atf6	False	0.22481845319271088	0.10023830831050873	0.12458014488220215	0.2900490164756775	0.3189133107662201	0.028864294290542603	True	True	False	local_anchor_w0.50	Calibrated mixture	True	selected_source_cv_mse < idw_source_cv_mse AND delta_source_cv_pearson > 0.03
50p_E2_to_E1	50% epiboly	E2	E1	22	atoh1c	False	0.2860371172428131	0.1291402131319046	0.1568969041109085	0.24150758981704712	0.30452850461006165	0.06302091479301453	True	True	False	local_anchor_w0.50	Calibrated mixture	True	selected_source_cv_mse < idw_source_cv_mse AND delta_source_cv_pearson > 0.03
50p_E2_to_E1	50% epiboly	E2	E1	23	atp2b1a	False	0.45211556553840637	0.08326076716184616	0.3688547983765602	0.1125514954328537	0.15210974216461182	0.03955824673175812	True	True	False	global_anchor_w1.00	Anchor-only	True	selected_source_cv_mse < idw_source_cv_mse AND delta_source_cv_pearson > 0.03
50p_E2_to_E1	50% epiboly	E2	E1	24	atrxl	False	0.5648778676986694	0.15459376573562622	0.4102841019630432	0.1475030481815338	0.2212589830160141	0.07375593483448029	True	True	False	local_anchor_w0.75	Calibrated mixture	True	selected_source_cv_mse < idw_source_cv_mse AND delta_source_cv_pearson > 0.03
50p_E2_to_E1	50% epiboly	E2	E1	25	aurkb	False	0.38466641306877136	0.11396460235118866	0.2707018107175827	0.2832358777523041	0.3570128381252289	0.0737769603729248	True	True	False	global_anchor_w1.00	Anchor-only	True	selected_source_cv_mse < idw_source_cv_mse AND delta_source_cv_pearson > 0.03
50p_E2_to_E1	50% epiboly	E2	E1	26	axin2	False	0.6102911233901978	0.18144740164279938	0.4288437217473984	0.331902414560318	0.5344693064689636	0.20256689190864563	True	True	False	local_anchor_w0.75	Calibrated mixture	True	selected_source_cv_mse < idw_source_cv_mse AND delta_source_cv_pearson > 0.03
50p_E2_to_E1	50% epiboly	E2	E1	27	bach1b	False	0.2863583266735077	0.1118500828742981	0.1745082437992096	0.3493652641773224	0.4354953467845917	0.08613008260726929	True	True	False	global_anchor_w0.75	Calibrated mixture	True	selected_source_cv_mse < idw_source_cv_mse AND delta_source_cv_pearson > 0.03
50p_E2_to_E1	50% epiboly	E2	E1	28	bambia	False	0.8108476400375366	0.5227600932121277	0.28808754682540894	0.11393627524375916	0.25613462924957275	0.1421983540058136	True	True	False	local_anchor_w0.25	Calibrated mixture	True	selected_source_cv_mse < idw_source_cv_mse AND delta_source_cv_pearson > 0.03
50p_E2_to_E1	50% epiboly	E2	E1	29	baz1b	False	0.5977387428283691	0.24002152681350708	0.35771721601486206	0.2678607702255249	0.41378188133239746	0.14592111110687256	True	True	False	local_anchor_w0.75	Calibrated mixture	True	selected_source_cv_mse < idw_source_cv_mse AND delta_source_cv_pearson > 0.03
50p_E2_to_E1	50% epiboly	E2	E1	30	bcl2l1	False	0.2910058796405792	0.058628663420677185	0.23237721621990204	0.4192732274532318	0.5192272663116455	0.0999540388584137	True	True	False	global_anchor_w0.75	Calibrated mixture	True	selected_source_cv_mse < idw_source_cv_mse AND delta_source_cv_pearson > 0.03
50p_E2_to_E1	50% epiboly	E2	E1	31	bhlha15	False	0.2780146896839142	0.11896729469299316	0.15904739499092102	0.3059971332550049	0.35674336552619934	0.05074623227119446	True	True	False	global_anchor_w0.75	Calibrated mixture	True	selected_source_cv_mse < idw_source_cv_mse AND delta_source_cv_pearson > 0.03
50p_E2_to_E1	50% epiboly	E2	E1	32	blf	False	0.6208463311195374	0.21058136224746704	0.4102649688720703	0.32434016466140747	0.5782880783081055	0.253947913646698	True	True	False	local_anchor_w0.75	Calibrated mixture	True	selected_source_cv_mse < idw_source_cv_mse AND delta_source_cv_pearson > 0.03
50p_E2_to_E1	50% epiboly	E2	E1	33	bmp2b	False	0.7559462189674377	0.3364080786705017	0.41953814029693604	0.3635019361972809	0.8022125363349915	0.43871060013771057	True	True	False	local_anchor_w0.50	Calibrated mixture	True	selected_source_cv_mse < idw_source_cv_mse AND delta_source_cv_pearson > 0.03
50p_E2_to_E1	50% epiboly	E2	E1	34	bmp4	False	0.5783367156982422	0.2447027564048767	0.3336339592933655	0.40634918212890625	0.6069984436035156	0.20064926147460938	True	True	False	local_anchor_w0.50	Calibrated mixture	True	selected_source_cv_mse < idw_source_cv_mse AND delta_source_cv_pearson > 0.03
50p_E2_to_E1	50% epiboly	E2	E1	35	bmp7a	False	0.8509149551391602	0.12645015120506287	0.7244648039340973	0.2891472578048706	1.0930947065353394	0.8039474487304688	True	True	False	local_anchor_w0.75	Calibrated mixture	True	selected_source_cv_mse < idw_source_cv_mse AND delta_source_cv_pearson > 0.03
50p_E2_to_E1	50% epiboly	E2	E1	36	brd2a	False	0.638611376285553	0.31448352336883545	0.32412785291671753	0.06880903244018555	0.11458603292703629	0.04577700048685074	True	True	False	global_anchor_w0.50	Calibrated mixture	True	selected_source_cv_mse < idw_source_cv_mse AND delta_source_cv_pearson > 0.03
50p_E2_to_E1	50% epiboly	E2	E1	37	btg2	False	0.7980141639709473	0.10454893112182617	0.6934652328491211	0.06096070632338524	0.18892443180084229	0.12796372547745705	True	True	False	local_anchor_w0.75	Calibrated mixture	True	selected_source_cv_mse < idw_source_cv_mse AND delta_source_cv_pearson > 0.03
50p_E2_to_E1	50% epiboly	E2	E1	38	c1qbp	False	0.25185427069664	0.10181692987680435	0.15003734081983566	0.190561905503273	0.2112160474061966	0.020654141902923584	True	True	False	local_anchor_w0.75	Calibrated mixture	True	selected_source_cv_mse < idw_source_cv_mse AND delta_source_cv_pearson > 0.03
50p_E2_to_E1	50% epiboly	E2	E1	39	C7H16orf87	False	0.17912515997886658	0.07942608743906021	0.09969907253980637	0.3510560095310211	0.41793501377105713	0.06687900424003601	True	True	False	global_anchor_w0.75	Calibrated mixture	True	selected_source_cv_mse < idw_source_cv_mse AND delta_source_cv_pearson > 0.03
50p_E2_to_E1	50% epiboly	E2	E1	40	ca9	False	0.7237822413444519	0.16269569098949432	0.5610865503549576	0.3818416893482208	0.8502286672592163	0.4683869779109955	True	True	False	global_anchor_w0.50	Calibrated mixture	True	selected_source_cv_mse < idw_source_cv_mse AND delta_source_cv_pearson > 0.03
50p_E2_to_E1	50% epiboly	E2	E1	41	casz1	False	0.522406816482544	0.1964259296655655	0.32598088681697845	0.32122594118118286	0.47152936458587646	0.1503034234046936	True	True	False	local_anchor_w0.75	Calibrated mixture	True	selected_source_cv_mse < idw_source_cv_mse AND delta_source_cv_pearson > 0.03
50p_E2_to_E1	50% epiboly	E2	E1	42	cbx3a	False	0.5777080655097961	0.3868655860424042	0.19084247946739197	0.09204887598752975	0.11662720143795013	0.02457832545042038	True	True	False	local_anchor_w0.25	Calibrated mixture	True	selected_source_cv_mse < idw_source_cv_mse AND delta_source_cv_pearson > 0.03
50p_E2_to_E1	50% epiboly	E2	E1	43	cbx5	False	0.5445557236671448	0.2619500160217285	0.28260570764541626	0.06356101483106613	0.08832858502864838	0.024767570197582245	True	True	False	local_anchor_w0.50	Calibrated mixture	True	selected_source_cv_mse < idw_source_cv_mse AND delta_source_cv_pearson > 0.03
50p_E2_to_E1	50% epiboly	E2	E1	44	ccne2	False	0.4393687844276428	0.13371875882148743	0.3056500256061554	0.3356686532497406	0.442623496055603	0.10695484280586243	True	True	False	local_anchor_w0.50	Calibrated mixture	True	selected_source_cv_mse < idw_source_cv_mse AND delta_source_cv_pearson > 0.03
50p_E2_to_E1	50% epiboly	E2	E1	45	ccnf	False	0.5509892106056213	0.2807185649871826	0.2702706456184387	0.34030887484550476	0.47555238008499146	0.1352435052394867	True	True	False	global_anchor_w1.00	Anchor-only	True	selected_source_cv_mse < idw_source_cv_mse AND delta_source_cv_pearson > 0.03
50p_E2_to_E1	50% epiboly	E2	E1	46	ccng1	False	0.7177795767784119	0.16653858125209808	0.5512409955263138	0.038609519600868225	0.08256494253873825	0.043955422937870026	True	True	False	local_anchor_w0.50	Calibrated mixture	True	selected_source_cv_mse < idw_source_cv_mse AND delta_source_cv_pearson > 0.03
50p_E2_to_E1	50% epiboly	E2	E1	47	cd63	False	0.18520988523960114	0.0016077628824859858	0.18360212235711515	0.35819947719573975	0.40870401263237	0.05050453543663025	True	True	False	global_anchor_w1.00	Anchor-only	True	selected_source_cv_mse < idw_source_cv_mse AND delta_source_cv_pearson > 0.03
50p_E2_to_E1	50% epiboly	E2	E1	48	cdc14b	False	0.6382890343666077	0.22601604461669922	0.41227298974990845	0.15673334896564484	0.2607652544975281	0.10403190553188324	True	True	False	local_anchor_w0.75	Calibrated mixture	True	selected_source_cv_mse < idw_source_cv_mse AND delta_source_cv_pearson > 0.03
50p_E2_to_E1	50% epiboly	E2	E1	49	cdc42ep4a	False	0.359141081571579	0.04510169103741646	0.3140393905341625	0.3325071930885315	0.43792951107025146	0.10542231798171997	True	True	False	global_anchor_w1.00	Anchor-only	True	selected_source_cv_mse < idw_source_cv_mse AND delta_source_cv_pearson > 0.03
50p_E2_to_E1	50% epiboly	E2	E1	50	cdca8	False	0.44768038392066956	0.25030937790870667	0.1973710060119629	0.1677839457988739	0.19956381618976593	0.03177987039089203	True	True	False	local_anchor_w0.75	Calibrated mixture	True	selected_source_cv_mse < idw_source_cv_mse AND delta_source_cv_pearson > 0.03
50p_E2_to_E1	50% epiboly	E2	E1	51	cdh1	False	0.8290185332298279	0.12641794979572296	0.7026005834341049	0.07522013783454895	0.27853238582611084	0.2033122479915619	True	True	False	local_anchor_w0.75	Calibrated mixture	True	selected_source_cv_mse < idw_source_cv_mse AND delta_source_cv_pearson > 0.03
50p_E2_to_E1	50% epiboly	E2	E1	52	cdh2	False	0.5231212377548218	0.2018022984266281	0.32131893932819366	0.3388088345527649	0.48110201954841614	0.14229318499565125	True	True	False	local_anchor_w0.75	Calibrated mixture	True	selected_source_cv_mse < idw_source_cv_mse AND delta_source_cv_pearson > 0.03
50p_E2_to_E1	50% epiboly	E2	E1	53	cdh6	False	0.6193220019340515	0.17222712934017181	0.4470948725938797	0.26439109444618225	0.5050508379936218	0.24065974354743958	True	True	False	local_anchor_w0.75	Calibrated mixture	True	selected_source_cv_mse < idw_source_cv_mse AND delta_source_cv_pearson > 0.03
50p_E2_to_E1	50% epiboly	E2	E1	54	cdkn1ca	False	0.7381271123886108	0.24335482716560364	0.4947722852230072	0.3811374306678772	0.8623594641685486	0.4812220335006714	True	True	False	local_anchor_w0.75	Calibrated mixture	True	selected_source_cv_mse < idw_source_cv_mse AND delta_source_cv_pearson > 0.03
50p_E2_to_E1	50% epiboly	E2	E1	55	cdt1	False	0.8251678943634033	0.28403791785240173	0.5411299765110016	0.04011141136288643	0.11911681294441223	0.0790054015815258	True	True	False	local_anchor_w0.75	Calibrated mixture	True	selected_source_cv_mse < idw_source_cv_mse AND delta_source_cv_pearson > 0.03
50p_E2_to_E1	50% epiboly	E2	E1	56	cdx1a	False	0.34245914220809937	0.08331232517957687	0.2591468170285225	0.27039697766304016	0.3738078474998474	0.10341086983680725	True	True	False	global_anchor_w0.75	Calibrated mixture	True	selected_source_cv_mse < idw_source_cv_mse AND delta_source_cv_pearson > 0.03
50p_E2_to_E1	50% epiboly	E2	E1	57	cdx4	True	1.0000019073486328	0.3072759807109833	0.6927259266376495	1.8299331494553428e-10	0.8589827418327332	0.8589827416497399	True	False	True	global_anchor_w0.00	IDW fallback	False	selected_source_cv_mse < idw_source_cv_mse AND delta_source_cv_pearson > 0.03
50p_E2_to_E1	50% epiboly	E2	E1	58	cenpf	False	0.6155102252960205	0.18290410935878754	0.43260611593723297	0.2298736870288849	0.3939495384693146	0.1640758514404297	True	True	False	local_anchor_w0.75	Calibrated mixture	True	selected_source_cv_mse < idw_source_cv_mse AND delta_source_cv_pearson > 0.03
50p_E2_to_E1	50% epiboly	E2	E1	59	cfl1l	False	0.31469103693962097	0.05898313224315643	0.25570790469646454	0.25281810760498047	0.30102595686912537	0.0482078492641449	True	True	False	local_anchor_w0.75	Calibrated mixture	True	selected_source_cv_mse < idw_source_cv_mse AND delta_source_cv_pearson > 0.03
50p_E2_to_E1	50% epiboly	E2	E1	60	chaf1a	False	0.5723134875297546	0.1552520990371704	0.41706138849258423	0.2751777172088623	0.4279901087284088	0.1528123915195465	True	True	False	local_anchor_w0.75	Calibrated mixture	True	selected_source_cv_mse < idw_source_cv_mse AND delta_source_cv_pearson > 0.03
50p_E2_to_E1	50% epiboly	E2	E1	61	chrd	False	0.49005770683288574	0.47083577513694763	0.01922193169593811	0.5424692034721375	0.6579395532608032	0.11547034978866577	False	False	True	local_anchor_w0.25	IDW fallback	False	selected_source_cv_mse < idw_source_cv_mse AND delta_source_cv_pearson > 0.03
50p_E2_to_E1	50% epiboly	E2	E1	62	chst11	False	0.5836842060089111	0.11312752217054367	0.47055668383836746	0.3285191059112549	0.5619876384735107	0.23346853256225586	True	True	False	global_anchor_w1.00	Anchor-only	True	selected_source_cv_mse < idw_source_cv_mse AND delta_source_cv_pearson > 0.03
50p_E2_to_E1	50% epiboly	E2	E1	63	cldnd	False	0.5215216279029846	0.3926200568675995	0.12890157103538513	0.17808930575847626	0.22038915753364563	0.04229985177516937	True	True	False	local_anchor_w0.00	Local residual	True	selected_source_cv_mse < idw_source_cv_mse AND delta_source_cv_pearson > 0.03
50p_E2_to_E1	50% epiboly	E2	E1	64	clic4	False	0.5237925052642822	0.1722494214773178	0.3515430837869644	0.28586268424987793	0.39991307258605957	0.11405038833618164	True	True	False	local_anchor_w0.75	Calibrated mixture	True	selected_source_cv_mse < idw_source_cv_mse AND delta_source_cv_pearson > 0.03
50p_E2_to_E1	50% epiboly	E2	E1	65	clocka	False	0.2502274513244629	0.034103572368621826	0.21612387895584106	0.3968258798122406	0.48217037320137024	0.08534449338912964	True	True	False	global_anchor_w0.75	Calibrated mixture	True	selected_source_cv_mse < idw_source_cv_mse AND delta_source_cv_pearson > 0.03
50p_E2_to_E1	50% epiboly	E2	E1	66	cmtm6	False	0.4413411319255829	0.08966755867004395	0.35167357325553894	0.29397451877593994	0.3937166631221771	0.09974214434623718	True	True	False	global_anchor_w0.75	Calibrated mixture	True	selected_source_cv_mse < idw_source_cv_mse AND delta_source_cv_pearson > 0.03
50p_E2_to_E1	50% epiboly	E2	E1	67	cnmd	False	0.31149962544441223	0.051421310752630234	0.260078314691782	0.2402648627758026	0.3295539617538452	0.0892890989780426	True	True	False	global_anchor_w1.00	Anchor-only	True	selected_source_cv_mse < idw_source_cv_mse AND delta_source_cv_pearson > 0.03
50p_E2_to_E1	50% epiboly	E2	E1	68	cnn3a	False	0.3641304671764374	0.05502384155988693	0.30910662561655045	0.3507322669029236	0.43613800406455994	0.08540573716163635	True	True	False	local_anchor_w0.75	Calibrated mixture	True	selected_source_cv_mse < idw_source_cv_mse AND delta_source_cv_pearson > 0.03
50p_E2_to_E1	50% epiboly	E2	E1	69	coq10b	False	0.1953735500574112	-0.0146535849198699	0.2100271349772811	0.39108648896217346	0.47486481070518494	0.08377832174301147	True	True	False	global_anchor_w1.00	Anchor-only	True	selected_source_cv_mse < idw_source_cv_mse AND delta_source_cv_pearson > 0.03
50p_E2_to_E1	50% epiboly	E2	E1	70	crabp2b	False	0.47118327021598816	0.10781846195459366	0.3633648082613945	0.4645509719848633	0.7247008681297302	0.26014989614486694	True	True	False	global_anchor_w1.00	Anchor-only	True	selected_source_cv_mse < idw_source_cv_mse AND delta_source_cv_pearson > 0.03
50p_E2_to_E1	50% epiboly	E2	E1	71	creb3l1	False	0.195933997631073	0.05431615561246872	0.14161784201860428	0.3672562837600708	0.4691369831562042	0.10188069939613342	True	True	False	global_anchor_w1.00	Anchor-only	True	selected_source_cv_mse < idw_source_cv_mse AND delta_source_cv_pearson > 0.03
50p_E2_to_E1	50% epiboly	E2	E1	72	creb3l2	False	0.20359434187412262	0.017095942050218582	0.18649839982390404	0.38995370268821716	0.49101802706718445	0.10106432437896729	True	True	False	global_anchor_w1.00	Anchor-only	True	selected_source_cv_mse < idw_source_cv_mse AND delta_source_cv_pearson > 0.03
50p_E2_to_E1	50% epiboly	E2	E1	73	csrp1a	False	0.4017913043498993	0.09029680490493774	0.31149449944496155	0.305430144071579	0.3962439298629761	0.0908137857913971	True	True	False	local_anchor_w0.75	Calibrated mixture	True	selected_source_cv_mse < idw_source_cv_mse AND delta_source_cv_pearson > 0.03
50p_E2_to_E1	50% epiboly	E2	E1	74	cst3	False	0.5073144435882568	0.1716197282075882	0.33569471538066864	0.3517968952655792	0.5007786750793457	0.14898177981376648	True	True	False	local_anchor_w0.75	Calibrated mixture	True	selected_source_cv_mse < idw_source_cv_mse AND delta_source_cv_pearson > 0.03
50p_E2_to_E1	50% epiboly	E2	E1	75	ctcf	False	0.6443215608596802	0.11794659495353699	0.5263749659061432	0.01661037839949131	0.03114733286201954	0.014536954462528229	True	True	False	global_anchor_w0.50	Calibrated mixture	True	selected_source_cv_mse < idw_source_cv_mse AND delta_source_cv_pearson > 0.03
50p_E2_to_E1	50% epiboly	E2	E1	76	cth1	False	0.6221246719360352	0.34389302134513855	0.2782316505908966	0.2038097232580185	0.2967437207698822	0.09293399751186371	True	True	False	local_anchor_w0.50	Calibrated mixture	True	selected_source_cv_mse < idw_source_cv_mse AND delta_source_cv_pearson > 0.03
50p_E2_to_E1	50% epiboly	E2	E1	77	CU570769.1	False	0.3795028030872345	0.1670062094926834	0.2124965935945511	0.2728675901889801	0.38778457045555115	0.11491698026657104	True	True	False	global_anchor_w0.75	Calibrated mixture	True	selected_source_cv_mse < idw_source_cv_mse AND delta_source_cv_pearson > 0.03
50p_E2_to_E1	50% epiboly	E2	E1	78	cux1a	False	0.33577919006347656	0.12936247885227203	0.20641671121120453	0.3244151771068573	0.3990560472011566	0.07464087009429932	True	True	False	local_anchor_w0.75	Calibrated mixture	True	selected_source_cv_mse < idw_source_cv_mse AND delta_source_cv_pearson > 0.03
50p_E2_to_E1	50% epiboly	E2	E1	79	cxcl12b	False	0.2677448093891144	0.10294825583696365	0.16479655355215073	0.23903325200080872	0.29089006781578064	0.051856815814971924	True	True	False	global_anchor_w1.00	Anchor-only	True	selected_source_cv_mse < idw_source_cv_mse AND delta_source_cv_pearson > 0.03
50p_E2_to_E1	50% epiboly	E2	E1	80	cxcr4a	False	0.7962188124656677	0.3445641100406647	0.45165470242500305	0.3198640048503876	0.8912543058395386	0.571390300989151	True	True	False	local_anchor_w0.50	Calibrated mixture	True	selected_source_cv_mse < idw_source_cv_mse AND delta_source_cv_pearson > 0.03
50p_E2_to_E1	50% epiboly	E2	E1	81	dact2	False	0.6205707788467407	0.3597656786441803	0.2608051002025604	0.4830883741378784	0.7456511855125427	0.2625628113746643	True	True	False	global_anchor_w0.00	Global residual	True	selected_source_cv_mse < idw_source_cv_mse AND delta_source_cv_pearson > 0.03
50p_E2_to_E1	50% epiboly	E2	E1	82	dand5	False	0.3724639415740967	0.19115783274173737	0.18130610883235931	0.3362213671207428	0.44543126225471497	0.10920989513397217	True	True	False	local_anchor_w0.50	Calibrated mixture	True	selected_source_cv_mse < idw_source_cv_mse AND delta_source_cv_pearson > 0.03
50p_E2_to_E1	50% epiboly	E2	E1	83	dbx1a	False	0.3950285017490387	0.16840173304080963	0.22662676870822906	0.18847393989562988	0.25380420684814453	0.06533026695251465	True	True	False	global_anchor_w0.50	Calibrated mixture	True	selected_source_cv_mse < idw_source_cv_mse AND delta_source_cv_pearson > 0.03
50p_E2_to_E1	50% epiboly	E2	E1	84	ddx4	False	0.5554050207138062	0.2808297574520111	0.27457526326179504	0.2453010380268097	0.3391862213611603	0.09388518333435059	True	True	False	local_anchor_w0.50	Calibrated mixture	True	selected_source_cv_mse < idw_source_cv_mse AND delta_source_cv_pearson > 0.03
50p_E2_to_E1	50% epiboly	E2	E1	85	dharma	False	0.19039149582386017	0.11247757077217102	0.07791392505168915	0.35235798358917236	0.4109054505825043	0.05854746699333191	True	True	False	local_anchor_w0.50	Calibrated mixture	True	selected_source_cv_mse < idw_source_cv_mse AND delta_source_cv_pearson > 0.03
50p_E2_to_E1	50% epiboly	E2	E1	86	dkc1	False	0.8364366292953491	0.28242358565330505	0.5540130436420441	0.050387658178806305	0.17038199305534363	0.11999433487653732	True	True	False	local_anchor_w0.50	Calibrated mixture	True	selected_source_cv_mse < idw_source_cv_mse AND delta_source_cv_pearson > 0.03
50p_E2_to_E1	50% epiboly	E2	E1	87	dkk1b	False	0.6728280782699585	0.39420828223228455	0.27861979603767395	0.38299360871315	0.6462887525558472	0.26329514384269714	True	True	False	local_anchor_w0.50	Calibrated mixture	True	selected_source_cv_mse < idw_source_cv_mse AND delta_source_cv_pearson > 0.03
50p_E2_to_E1	50% epiboly	E2	E1	88	dld	False	0.7125887274742126	0.32872387766838074	0.3838648498058319	0.6139921545982361	1.1274399757385254	0.5134478211402893	True	True	False	local_anchor_w0.50	Calibrated mixture	True	selected_source_cv_mse < idw_source_cv_mse AND delta_source_cv_pearson > 0.03
50p_E2_to_E1	50% epiboly	E2	E1	89	dlgap5	False	0.5172972083091736	0.21943776309490204	0.29785944521427155	0.04529731720685959	0.0633191168308258	0.018021799623966217	True	True	False	local_anchor_w0.50	Calibrated mixture	True	selected_source_cv_mse < idw_source_cv_mse AND delta_source_cv_pearson > 0.03
50p_E2_to_E1	50% epiboly	E2	E1	90	dlx3b	False	0.3670058250427246	0.15272514522075653	0.21428067982196808	0.35520049929618835	0.4405496418476105	0.08534914255142212	True	True	False	local_anchor_w0.75	Calibrated mixture	True	selected_source_cv_mse < idw_source_cv_mse AND delta_source_cv_pearson > 0.03
50p_E2_to_E1	50% epiboly	E2	E1	91	dmd	False	0.3096902668476105	0.1584184467792511	0.15127182006835938	0.28190720081329346	0.32830339670181274	0.04639619588851929	True	True	False	local_anchor_w0.75	Calibrated mixture	True	selected_source_cv_mse < idw_source_cv_mse AND delta_source_cv_pearson > 0.03
50p_E2_to_E1	50% epiboly	E2	E1	92	dnmt3bb.2	False	0.601545512676239	0.12440568953752518	0.47713982313871384	0.2984620928764343	0.4827316999435425	0.18426960706710815	True	True	False	local_anchor_w0.50	Calibrated mixture	True	selected_source_cv_mse < idw_source_cv_mse AND delta_source_cv_pearson > 0.03
50p_E2_to_E1	50% epiboly	E2	E1	93	drll.2	False	0.8265736103057861	0.20886145532131195	0.6177121549844742	0.35204583406448364	1.1283323764801025	0.7762865424156189	True	True	False	local_anchor_w0.50	Calibrated mixture	True	selected_source_cv_mse < idw_source_cv_mse AND delta_source_cv_pearson > 0.03
50p_E2_to_E1	50% epiboly	E2	E1	94	drll.3	False	0.6607553362846375	0.13017642498016357	0.5305789113044739	0.3551901876926422	0.7242037057876587	0.3690135180950165	True	True	False	global_anchor_w1.00	Anchor-only	True	selected_source_cv_mse < idw_source_cv_mse AND delta_source_cv_pearson > 0.03
50p_E2_to_E1	50% epiboly	E2	E1	95	dscc1	False	0.3444601893424988	0.13304132223129272	0.21141886711120605	0.25109049677848816	0.3274172246456146	0.07632672786712646	True	True	False	local_anchor_w0.75	Calibrated mixture	True	selected_source_cv_mse < idw_source_cv_mse AND delta_source_cv_pearson > 0.03
50p_E2_to_E1	50% epiboly	E2	E1	96	dync1li1	False	0.4373730421066284	0.15817409753799438	0.27919894456863403	0.2972993850708008	0.3973030745983124	0.1000036895275116	True	True	False	global_anchor_w0.75	Calibrated mixture	True	selected_source_cv_mse < idw_source_cv_mse AND delta_source_cv_pearson > 0.03
50p_E2_to_E1	50% epiboly	E2	E1	97	dynll1	True	1.000000238418579	0.36347460746765137	0.6365256309509277	1.2240733426871486e-10	0.48169007897377014	0.48169007885136284	True	False	True	global_anchor_w0.00	IDW fallback	False	selected_source_cv_mse < idw_source_cv_mse AND delta_source_cv_pearson > 0.03
50p_E2_to_E1	50% epiboly	E2	E1	98	dynll2b	False	0.36855944991111755	0.13691933453083038	0.23164011538028717	0.34455400705337524	0.41952207684516907	0.07496806979179382	True	True	False	local_anchor_w0.75	Calibrated mixture	True	selected_source_cv_mse < idw_source_cv_mse AND delta_source_cv_pearson > 0.03
50p_E2_to_E1	50% epiboly	E2	E1	99	ednraa	False	0.2993304431438446	0.13313652575016022	0.1661939173936844	0.259470134973526	0.33498117327690125	0.07551103830337524	True	True	False	global_anchor_w0.75	Calibrated mixture	True	selected_source_cv_mse < idw_source_cv_mse AND delta_source_cv_pearson > 0.03
50p_E2_to_E1	50% epiboly	E2	E1	100	efemp2b	False	0.32460105419158936	0.07196547836065292	0.25263557583093643	0.36718249320983887	0.4463403522968292	0.07915785908699036	True	True	False	global_anchor_w1.00	Anchor-only	True	selected_source_cv_mse < idw_source_cv_mse AND delta_source_cv_pearson > 0.03
50p_E2_to_E1	50% epiboly	E2	E1	101	efna1a	False	0.6425203680992126	0.3492242693901062	0.29329609870910645	0.4325104355812073	0.6508420705795288	0.21833163499832153	True	True	False	local_anchor_w0.50	Calibrated mixture	True	selected_source_cv_mse < idw_source_cv_mse AND delta_source_cv_pearson > 0.03
50p_E2_to_E1	50% epiboly	E2	E1	102	efnb2a	False	0.6656070947647095	0.3630223572254181	0.3025847375392914	0.3562704622745514	0.585237443447113	0.22896698117256165	True	True	False	local_anchor_w0.50	Calibrated mixture	True	selected_source_cv_mse < idw_source_cv_mse AND delta_source_cv_pearson > 0.03
50p_E2_to_E1	50% epiboly	E2	E1	103	efnb2b	False	0.6196081638336182	0.2486216127872467	0.37098655104637146	0.34165436029434204	0.571448028087616	0.22979366779327393	True	True	False	local_anchor_w0.75	Calibrated mixture	True	selected_source_cv_mse < idw_source_cv_mse AND delta_source_cv_pearson > 0.03
50p_E2_to_E1	50% epiboly	E2	E1	104	egln1b	False	0.5302216410636902	0.15248613059520721	0.37773551046848297	0.30912429094314575	0.4762868881225586	0.16716259717941284	True	True	False	global_anchor_w1.00	Anchor-only	True	selected_source_cv_mse < idw_source_cv_mse AND delta_source_cv_pearson > 0.03
50p_E2_to_E1	50% epiboly	E2	E1	105	eif3ea	False	0.5278124213218689	0.11455457657575607	0.4132578447461128	0.21474508941173553	0.3093219995498657	0.09457691013813019	True	True	False	global_anchor_w1.00	Anchor-only	True	selected_source_cv_mse < idw_source_cv_mse AND delta_source_cv_pearson > 0.03
50p_E2_to_E1	50% epiboly	E2	E1	106	elavl3	False	0.43890899419784546	0.0830080434679985	0.35590095072984695	0.37458452582359314	0.6036034822463989	0.2290189564228058	True	True	False	global_anchor_w1.00	Anchor-only	True	selected_source_cv_mse < idw_source_cv_mse AND delta_source_cv_pearson > 0.03
50p_E2_to_E1	50% epiboly	E2	E1	107	elf1	False	0.7816838026046753	0.05380075424909592	0.7278830483555794	0.2575896084308624	0.8681778907775879	0.6105882823467255	True	True	False	local_anchor_w0.75	Calibrated mixture	True	selected_source_cv_mse < idw_source_cv_mse AND delta_source_cv_pearson > 0.03
50p_E2_to_E1	50% epiboly	E2	E1	108	elob	False	0.3488413691520691	0.09075845777988434	0.25808291137218475	0.30153873562812805	0.4113273024559021	0.10978856682777405	True	True	False	global_anchor_w1.00	Anchor-only	True	selected_source_cv_mse < idw_source_cv_mse AND delta_source_cv_pearson > 0.03
50p_E2_to_E1	50% epiboly	E2	E1	109	emid1	False	0.4194734990596771	0.07812811434268951	0.3413453847169876	0.24527126550674438	0.34981876611709595	0.10454750061035156	True	True	False	global_anchor_w1.00	Anchor-only	True	selected_source_cv_mse < idw_source_cv_mse AND delta_source_cv_pearson > 0.03
50p_E2_to_E1	50% epiboly	E2	E1	110	emx2	False	0.30245646834373474	0.11000670492649078	0.19244976341724396	0.2546587288379669	0.31354594230651855	0.058887213468551636	True	True	False	global_anchor_w0.75	Calibrated mixture	True	selected_source_cv_mse < idw_source_cv_mse AND delta_source_cv_pearson > 0.03
50p_E2_to_E1	50% epiboly	E2	E1	111	emx3	False	0.3814420700073242	0.08935907483100891	0.2920829951763153	0.3263198733329773	0.4317605197429657	0.1054406464099884	True	True	False	global_anchor_w1.00	Anchor-only	True	selected_source_cv_mse < idw_source_cv_mse AND delta_source_cv_pearson > 0.03
50p_E2_to_E1	50% epiboly	E2	E1	112	epcam	False	0.6439558863639832	0.0799347311258316	0.5640211552381516	0.3879651725292206	0.811866283416748	0.42390111088752747	True	True	False	local_anchor_w0.75	Calibrated mixture	True	selected_source_cv_mse < idw_source_cv_mse AND delta_source_cv_pearson > 0.03
50p_E2_to_E1	50% epiboly	E2	E1	113	epha2a	False	0.72051602602005	0.32433104515075684	0.3961849808692932	0.37826061248779297	0.7414953112602234	0.3632346987724304	True	True	False	global_anchor_w0.50	Calibrated mixture	True	selected_source_cv_mse < idw_source_cv_mse AND delta_source_cv_pearson > 0.03
50p_E2_to_E1	50% epiboly	E2	E1	114	ephb3a	False	0.32077065110206604	0.11310577392578125	0.2076648771762848	0.32685983180999756	0.41249966621398926	0.0856398344039917	True	True	False	global_anchor_w0.75	Calibrated mixture	True	selected_source_cv_mse < idw_source_cv_mse AND delta_source_cv_pearson > 0.03
50p_E2_to_E1	50% epiboly	E2	E1	115	eppk1	False	0.7226110696792603	0.08489947021007538	0.6377115994691849	0.4569683372974396	1.6222450733184814	1.1652767360210419	True	True	False	global_anchor_w1.00	Anchor-only	True	selected_source_cv_mse < idw_source_cv_mse AND delta_source_cv_pearson > 0.03
50p_E2_to_E1	50% epiboly	E2	E1	116	erf	False	0.5880557894706726	0.2631375789642334	0.3249182105064392	0.10686890780925751	0.1565413773059845	0.04967246949672699	True	True	False	local_anchor_w0.50	Calibrated mixture	True	selected_source_cv_mse < idw_source_cv_mse AND delta_source_cv_pearson > 0.03
50p_E2_to_E1	50% epiboly	E2	E1	117	esrra	False	0.22779834270477295	0.0435836985707283	0.18421464413404465	0.3648573160171509	0.42180824279785156	0.056950926780700684	True	True	False	global_anchor_w1.00	Anchor-only	True	selected_source_cv_mse < idw_source_cv_mse AND delta_source_cv_pearson > 0.03
50p_E2_to_E1	50% epiboly	E2	E1	118	ets2	False	0.7588483691215515	0.454572468996048	0.30427590012550354	0.4470690190792084	0.8420699238777161	0.3950009047985077	True	True	False	local_anchor_w0.25	Calibrated mixture	True	selected_source_cv_mse < idw_source_cv_mse AND delta_source_cv_pearson > 0.03
50p_E2_to_E1	50% epiboly	E2	E1	119	etv2	False	0.2617644965648651	0.12365101277828217	0.13811348378658295	0.2280178815126419	0.28987351059913635	0.061855629086494446	True	True	False	local_anchor_w0.50	Calibrated mixture	True	selected_source_cv_mse < idw_source_cv_mse AND delta_source_cv_pearson > 0.03
50p_E2_to_E1	50% epiboly	E2	E1	120	etv4	False	0.8336125016212463	0.35749348998069763	0.4761190116405487	0.24295303225517273	0.7862772345542908	0.543324202299118	True	True	False	local_anchor_w0.00	Local residual	True	selected_source_cv_mse < idw_source_cv_mse AND delta_source_cv_pearson > 0.03
50p_E2_to_E1	50% epiboly	E2	E1	121	etv5a	False	0.24353116750717163	0.15372984111309052	0.08980132639408112	0.22778014838695526	0.2455514669418335	0.017771318554878235	True	True	False	global_anchor_w0.50	Calibrated mixture	True	selected_source_cv_mse < idw_source_cv_mse AND delta_source_cv_pearson > 0.03
50p_E2_to_E1	50% epiboly	E2	E1	122	etv5b	False	0.7306943535804749	0.23914988338947296	0.4915444701910019	0.10965116322040558	0.24010305106639862	0.13045188784599304	True	True	False	global_anchor_w0.25	Calibrated mixture	True	selected_source_cv_mse < idw_source_cv_mse AND delta_source_cv_pearson > 0.03
50p_E2_to_E1	50% epiboly	E2	E1	123	eve1	False	0.8010047674179077	0.4884544909000397	0.31255027651786804	0.5465593338012695	1.1445170640945435	0.5979577302932739	True	True	False	local_anchor_w0.25	Calibrated mixture	True	selected_source_cv_mse < idw_source_cv_mse AND delta_source_cv_pearson > 0.03
50p_E2_to_E1	50% epiboly	E2	E1	124	f11r.1	False	0.5791658759117126	0.0939144566655159	0.48525141924619675	0.22854585945606232	0.36214521527290344	0.13359935581684113	True	True	False	local_anchor_w0.75	Calibrated mixture	True	selected_source_cv_mse < idw_source_cv_mse AND delta_source_cv_pearson > 0.03
50p_E2_to_E1	50% epiboly	E2	E1	125	fbln2	False	0.43742483854293823	0.09309358149766922	0.344331257045269	0.32452884316444397	0.4462227523326874	0.12169390916824341	True	True	False	global_anchor_w1.00	Anchor-only	True	selected_source_cv_mse < idw_source_cv_mse AND delta_source_cv_pearson > 0.03
50p_E2_to_E1	50% epiboly	E2	E1	126	fezf2	False	0.4551190435886383	0.14387375116348267	0.31124529242515564	0.25057196617126465	0.36777937412261963	0.11720740795135498	True	True	False	global_anchor_w1.00	Anchor-only	True	selected_source_cv_mse < idw_source_cv_mse AND delta_source_cv_pearson > 0.03
50p_E2_to_E1	50% epiboly	E2	E1	127	fgf8a	False	0.7308480739593506	0.41146937012672424	0.31937870383262634	0.5490031838417053	1.048349142074585	0.49934595823287964	True	True	False	local_anchor_w0.50	Calibrated mixture	True	selected_source_cv_mse < idw_source_cv_mse AND delta_source_cv_pearson > 0.03
50p_E2_to_E1	50% epiboly	E2	E1	128	flrt3	False	0.8025813698768616	0.4850880205631256	0.31749334931373596	0.40694814920425415	0.8956384658813477	0.4886903166770935	True	True	False	local_anchor_w0.50	Calibrated mixture	True	selected_source_cv_mse < idw_source_cv_mse AND delta_source_cv_pearson > 0.03
50p_E2_to_E1	50% epiboly	E2	E1	129	fn1a	False	0.31682613492012024	0.1433851271867752	0.17344100773334503	0.28278878331184387	0.3346033990383148	0.05181461572647095	True	True	False	global_anchor_w0.50	Calibrated mixture	True	selected_source_cv_mse < idw_source_cv_mse AND delta_source_cv_pearson > 0.03
50p_E2_to_E1	50% epiboly	E2	E1	130	fn1b	False	0.33030998706817627	0.17650561034679413	0.15380437672138214	0.38498038053512573	0.4662817716598511	0.08130139112472534	True	True	False	global_anchor_w0.50	Calibrated mixture	True	selected_source_cv_mse < idw_source_cv_mse AND delta_source_cv_pearson > 0.03
50p_E2_to_E1	50% epiboly	E2	E1	131	fnbp1l	False	0.4439546465873718	0.3291817009449005	0.11477294564247131	0.12720200419425964	0.14404796063899994	0.016845956444740295	True	True	False	global_anchor_w0.25	Calibrated mixture	True	selected_source_cv_mse < idw_source_cv_mse AND delta_source_cv_pearson > 0.03
50p_E2_to_E1	50% epiboly	E2	E1	132	fosab	False	0.39658495783805847	0.1385716050863266	0.2580133527517319	0.24484416842460632	0.3208850622177124	0.07604089379310608	True	True	False	local_anchor_w0.75	Calibrated mixture	True	selected_source_cv_mse < idw_source_cv_mse AND delta_source_cv_pearson > 0.03
50p_E2_to_E1	50% epiboly	E2	E1	133	foxa	False	0.7106472849845886	0.3941715657711029	0.3164757192134857	0.3635155260562897	0.664766252040863	0.30125072598457336	True	True	False	local_anchor_w0.50	Calibrated mixture	True	selected_source_cv_mse < idw_source_cv_mse AND delta_source_cv_pearson > 0.03
50p_E2_to_E1	50% epiboly	E2	E1	134	foxa2	False	0.4402981996536255	0.1429055631160736	0.2973926365375519	0.3243105709552765	0.4620017111301422	0.13769114017486572	True	True	False	local_anchor_w0.75	Calibrated mixture	True	selected_source_cv_mse < idw_source_cv_mse AND delta_source_cv_pearson > 0.03
50p_E2_to_E1	50% epiboly	E2	E1	135	foxa3	False	0.8523318767547607	0.42832323908805847	0.42400863766670227	0.6155313849449158	2.1602895259857178	1.544758141040802	True	True	False	local_anchor_w0.50	Calibrated mixture	True	selected_source_cv_mse < idw_source_cv_mse AND delta_source_cv_pearson > 0.03
50p_E2_to_E1	50% epiboly	E2	E1	136	foxb1a	False	0.3211488127708435	0.268832266330719	0.05231654644012451	0.41822412610054016	0.47644907236099243	0.05822494626045227	True	True	False	local_anchor_w0.50	Calibrated mixture	True	selected_source_cv_mse < idw_source_cv_mse AND delta_source_cv_pearson > 0.03
50p_E2_to_E1	50% epiboly	E2	E1	137	foxb1b	False	0.5350030064582825	0.21101419627666473	0.32398881018161774	0.2299821674823761	0.3734537363052368	0.14347156882286072	True	True	False	local_anchor_w0.75	Calibrated mixture	True	selected_source_cv_mse < idw_source_cv_mse AND delta_source_cv_pearson > 0.03
50p_E2_to_E1	50% epiboly	E2	E1	138	foxc1a	False	0.6231070756912231	0.38682809472084045	0.2362789809703827	0.3791825771331787	0.5388940572738647	0.15971148014068604	True	True	False	local_anchor_w0.75	Calibrated mixture	True	selected_source_cv_mse < idw_source_cv_mse AND delta_source_cv_pearson > 0.03
50p_E2_to_E1	50% epiboly	E2	E1	139	foxc1b	False	0.1967960000038147	0.03563936427235603	0.16115663573145866	0.3377271890640259	0.3990716338157654	0.0613444447517395	True	True	False	global_anchor_w1.00	Anchor-only	True	selected_source_cv_mse < idw_source_cv_mse AND delta_source_cv_pearson > 0.03
50p_E2_to_E1	50% epiboly	E2	E1	140	foxd3	False	0.6339991092681885	0.4261482059955597	0.20785090327262878	0.4807433485984802	0.7278159260749817	0.24707257747650146	True	True	False	global_anchor_w0.25	Calibrated mixture	True	selected_source_cv_mse < idw_source_cv_mse AND delta_source_cv_pearson > 0.03
50p_E2_to_E1	50% epiboly	E2	E1	141	foxd5	False	0.7757317423820496	0.48174014687538147	0.2939915955066681	0.3503205180168152	0.7927065491676331	0.44238603115081787	True	True	False	local_anchor_w0.50	Calibrated mixture	True	selected_source_cv_mse < idw_source_cv_mse AND delta_source_cv_pearson > 0.03
50p_E2_to_E1	50% epiboly	E2	E1	142	foxg1a	False	0.39245590567588806	0.1353505402803421	0.25710536539554596	0.34706172347068787	0.45469048619270325	0.10762876272201538	True	True	False	local_anchor_w0.50	Calibrated mixture	True	selected_source_cv_mse < idw_source_cv_mse AND delta_source_cv_pearson > 0.03
50p_E2_to_E1	50% epiboly	E2	E1	143	foxh1	False	0.8392043113708496	0.587418258190155	0.2517860531806946	0.2035108208656311	0.5242322087287903	0.3207213878631592	True	True	False	local_anchor_w0.25	Calibrated mixture	True	selected_source_cv_mse < idw_source_cv_mse AND delta_source_cv_pearson > 0.03
50p_E2_to_E1	50% epiboly	E2	E1	144	foxi1	False	0.511802613735199	0.13000822067260742	0.38179439306259155	0.4333065450191498	0.6717145442962646	0.23840799927711487	True	True	False	local_anchor_w0.75	Calibrated mixture	True	selected_source_cv_mse < idw_source_cv_mse AND delta_source_cv_pearson > 0.03
50p_E2_to_E1	50% epiboly	E2	E1	145	foxn2b	False	0.5730702877044678	0.10384216159582138	0.4692281261086464	0.2429882436990738	0.3922763466835022	0.1492881029844284	True	True	False	global_anchor_w0.75	Calibrated mixture	True	selected_source_cv_mse < idw_source_cv_mse AND delta_source_cv_pearson > 0.03
50p_E2_to_E1	50% epiboly	E2	E1	146	foxo1a	False	0.33400586247444153	0.11598633229732513	0.2180195301771164	0.1754869520664215	0.23342029750347137	0.057933345437049866	True	True	False	global_anchor_w0.75	Calibrated mixture	True	selected_source_cv_mse < idw_source_cv_mse AND delta_source_cv_pearson > 0.03
50p_E2_to_E1	50% epiboly	E2	E1	147	foxp1b	False	0.4842275083065033	0.10858851671218872	0.3756389915943146	0.3232455849647522	0.47284451127052307	0.14959892630577087	True	True	False	local_anchor_w0.75	Calibrated mixture	True	selected_source_cv_mse < idw_source_cv_mse AND delta_source_cv_pearson > 0.03
50p_E2_to_E1	50% epiboly	E2	E1	148	foxp2	False	0.5182350277900696	0.18801869451999664	0.33021633327007294	0.4898262619972229	0.7139546275138855	0.2241283655166626	True	True	False	local_anchor_w0.50	Calibrated mixture	True	selected_source_cv_mse < idw_source_cv_mse AND delta_source_cv_pearson > 0.03
50p_E2_to_E1	50% epiboly	E2	E1	149	frmd4ba	True	1.0000014305114746	0.27101078629493713	0.7289906442165375	4.853724089315392e-10	1.3823285102844238	1.3823285097990514	True	False	True	global_anchor_w0.50	IDW fallback	False	selected_source_cv_mse < idw_source_cv_mse AND delta_source_cv_pearson > 0.03
50p_E2_to_E1	50% epiboly	E2	E1	150	fscn1a	False	0.80082768201828	0.449629008769989	0.351198673248291	0.17829957604408264	0.4302048087120056	0.251905232667923	True	True	False	local_anchor_w0.25	Calibrated mixture	True	selected_source_cv_mse < idw_source_cv_mse AND delta_source_cv_pearson > 0.03
50p_E2_to_E1	50% epiboly	E2	E1	151	fzd7a	False	0.7889159917831421	0.17313191294670105	0.615784078836441	0.3473363518714905	1.1129571199417114	0.765620768070221	True	True	False	global_anchor_w1.00	Anchor-only	True	selected_source_cv_mse < idw_source_cv_mse AND delta_source_cv_pearson > 0.03
50p_E2_to_E1	50% epiboly	E2	E1	152	fzd7b	False	0.4051963984966278	0.1905623823404312	0.2146340161561966	0.2694244980812073	0.3604399859905243	0.09101548790931702	True	True	False	local_anchor_w0.75	Calibrated mixture	True	selected_source_cv_mse < idw_source_cv_mse AND delta_source_cv_pearson > 0.03
50p_E2_to_E1	50% epiboly	E2	E1	153	fzd8a	False	0.3352887034416199	0.17718170583248138	0.1581069976091385	0.35734280943870544	0.4476548135280609	0.09031200408935547	True	True	False	local_anchor_w0.50	Calibrated mixture	True	selected_source_cv_mse < idw_source_cv_mse AND delta_source_cv_pearson > 0.03
50p_E2_to_E1	50% epiboly	E2	E1	154	gadd45gip1	False	0.26353970170021057	0.11765934526920319	0.14588035643100739	0.31959185004234314	0.3549025058746338	0.03531065583229065	True	True	False	global_anchor_w0.75	Calibrated mixture	True	selected_source_cv_mse < idw_source_cv_mse AND delta_source_cv_pearson > 0.03
50p_E2_to_E1	50% epiboly	E2	E1	155	gapdh	False	0.6148744821548462	0.1993899643421173	0.4154845178127289	0.2863039970397949	0.4694868326187134	0.18318283557891846	True	True	False	local_anchor_w0.75	Calibrated mixture	True	selected_source_cv_mse < idw_source_cv_mse AND delta_source_cv_pearson > 0.03
50p_E2_to_E1	50% epiboly	E2	E1	156	gata2a	True	1.0000008344650269	0.18368485569953918	0.8163159787654877	5.458568042016054e-10	1.5953468084335327	1.595346807887676	True	False	True	global_anchor_w0.25	IDW fallback	False	selected_source_cv_mse < idw_source_cv_mse AND delta_source_cv_pearson > 0.03
50p_E2_to_E1	50% epiboly	E2	E1	157	gata3	False	0.41143888235092163	0.16117578744888306	0.2502630949020386	0.2496621459722519	0.3118380904197693	0.062175944447517395	True	True	False	global_anchor_w1.00	Anchor-only	True	selected_source_cv_mse < idw_source_cv_mse AND delta_source_cv_pearson > 0.03
50p_E2_to_E1	50% epiboly	E2	E1	158	gata5	True	1.0000009536743164	0.48899614810943604	0.5110048055648804	3.5410163690130503e-10	1.0835727453231812	1.0835727449690795	True	False	True	global_anchor_w0.25	IDW fallback	False	selected_source_cv_mse < idw_source_cv_mse AND delta_source_cv_pearson > 0.03
50p_E2_to_E1	50% epiboly	E2	E1	159	gata6	False	0.9002770185470581	0.3882494866847992	0.5120275318622589	0.3634110689163208	2.0157220363616943	1.6523109674453735	True	True	False	local_anchor_w0.75	Calibrated mixture	True	selected_source_cv_mse < idw_source_cv_mse AND delta_source_cv_pearson > 0.03
50p_E2_to_E1	50% epiboly	E2	E1	160	gbx1	False	0.6591295003890991	0.2762452960014343	0.3828842043876648	0.35457515716552734	0.6052031517028809	0.2506279945373535	True	True	False	local_anchor_w0.75	Calibrated mixture	True	selected_source_cv_mse < idw_source_cv_mse AND delta_source_cv_pearson > 0.03
50p_E2_to_E1	50% epiboly	E2	E1	161	gcm2	False	0.315432071685791	0.12823183834552765	0.18720023334026337	0.18668133020401	0.2266073375940323	0.03992600739002228	True	True	False	local_anchor_w0.75	Calibrated mixture	True	selected_source_cv_mse < idw_source_cv_mse AND delta_source_cv_pearson > 0.03
50p_E2_to_E1	50% epiboly	E2	E1	162	gfi1aa	False	0.4724891781806946	0.15494772791862488	0.3175414502620697	0.2950180768966675	0.4523947536945343	0.15737667679786682	True	True	False	local_anchor_w0.75	Calibrated mixture	True	selected_source_cv_mse < idw_source_cv_mse AND delta_source_cv_pearson > 0.03
50p_E2_to_E1	50% epiboly	E2	E1	163	gli1	False	0.2778836488723755	0.13949257135391235	0.13839107751846313	0.3284660875797272	0.38626202940940857	0.057795941829681396	True	True	False	global_anchor_w0.75	Calibrated mixture	True	selected_source_cv_mse < idw_source_cv_mse AND delta_source_cv_pearson > 0.03
50p_E2_to_E1	50% epiboly	E2	E1	164	gli2a	False	0.15446209907531738	0.011123153381049633	0.14333894569426775	0.3693687915802002	0.44074198603630066	0.07137319445610046	True	True	False	global_anchor_w1.00	Anchor-only	True	selected_source_cv_mse < idw_source_cv_mse AND delta_source_cv_pearson > 0.03
50p_E2_to_E1	50% epiboly	E2	E1	165	gmnn	False	0.6709808707237244	0.38807031512260437	0.28291055560112	0.11503106355667114	0.18298545479774475	0.06795439124107361	True	True	False	local_anchor_w0.50	Calibrated mixture	True	selected_source_cv_mse < idw_source_cv_mse AND delta_source_cv_pearson > 0.03
50p_E2_to_E1	50% epiboly	E2	E1	166	gpr137bb	False	0.3642100691795349	0.14998526871204376	0.21422480046749115	0.28781914710998535	0.36448416113853455	0.0766650140285492	True	True	False	global_anchor_w0.75	Calibrated mixture	True	selected_source_cv_mse < idw_source_cv_mse AND delta_source_cv_pearson > 0.03
50p_E2_to_E1	50% epiboly	E2	E1	167	grhl1	False	0.9023128747940063	0.12988382577896118	0.7724290490150452	0.31772539019584656	2.5685675144195557	2.250842124223709	True	True	False	global_anchor_w0.75	Calibrated mixture	True	selected_source_cv_mse < idw_source_cv_mse AND delta_source_cv_pearson > 0.03
50p_E2_to_E1	50% epiboly	E2	E1	168	grhl2b	False	0.5030959248542786	0.11843179166316986	0.3846641331911087	0.2766614258289337	0.4351254999637604	0.15846407413482666	True	True	False	global_anchor_w1.00	Anchor-only	True	selected_source_cv_mse < idw_source_cv_mse AND delta_source_cv_pearson > 0.03
50p_E2_to_E1	50% epiboly	E2	E1	169	gsc	False	0.4695274531841278	0.2309083193540573	0.2386191338300705	0.34689512848854065	0.45362699031829834	0.10673186182975769	True	True	False	local_anchor_w0.75	Calibrated mixture	True	selected_source_cv_mse < idw_source_cv_mse AND delta_source_cv_pearson > 0.03
50p_E2_to_E1	50% epiboly	E2	E1	170	h1-0	False	0.35232779383659363	0.07930253446102142	0.2730252593755722	0.3570164144039154	0.4457358419895172	0.0887194275856018	True	True	False	local_anchor_w0.75	Calibrated mixture	True	selected_source_cv_mse < idw_source_cv_mse AND delta_source_cv_pearson > 0.03
50p_E2_to_E1	50% epiboly	E2	E1	171	hdlbpa	False	0.5913482904434204	0.3247120678424835	0.2666362226009369	0.027211152017116547	0.039741843938827515	0.012530691921710968	True	True	False	local_anchor_w0.50	Calibrated mixture	True	selected_source_cv_mse < idw_source_cv_mse AND delta_source_cv_pearson > 0.03
50p_E2_to_E1	50% epiboly	E2	E1	172	helb	False	0.5524387359619141	0.12908709049224854	0.4233516454696655	0.27012157440185547	0.40356993675231934	0.13344836235046387	True	True	False	global_anchor_w0.50	Calibrated mixture	True	selected_source_cv_mse < idw_source_cv_mse AND delta_source_cv_pearson > 0.03
50p_E2_to_E1	50% epiboly	E2	E1	173	hells	False	0.22893230617046356	0.052585847675800323	0.17634645849466324	0.3632563352584839	0.4380788207054138	0.07482248544692993	True	True	False	global_anchor_w1.00	Anchor-only	True	selected_source_cv_mse < idw_source_cv_mse AND delta_source_cv_pearson > 0.03
50p_E2_to_E1	50% epiboly	E2	E1	174	her1	False	0.7519960403442383	0.46524763107299805	0.28674840927124023	0.623867928981781	1.1302412748336792	0.5063733458518982	True	True	False	local_anchor_w0.50	Calibrated mixture	True	selected_source_cv_mse < idw_source_cv_mse AND delta_source_cv_pearson > 0.03
50p_E2_to_E1	50% epiboly	E2	E1	175	her11	False	0.47650033235549927	0.16910801827907562	0.30739231407642365	0.32098692655563354	0.4446190595626831	0.12363213300704956	True	True	False	local_anchor_w0.75	Calibrated mixture	True	selected_source_cv_mse < idw_source_cv_mse AND delta_source_cv_pearson > 0.03
50p_E2_to_E1	50% epiboly	E2	E1	176	her12	False	0.3091411292552948	0.053323183208703995	0.2558179460465908	0.3208332359790802	0.3947029411792755	0.07386970520019531	True	True	False	local_anchor_w0.75	Calibrated mixture	True	selected_source_cv_mse < idw_source_cv_mse AND delta_source_cv_pearson > 0.03
50p_E2_to_E1	50% epiboly	E2	E1	177	her2	False	0.32516229152679443	0.13801303505897522	0.1871492564678192	0.39390695095062256	0.49334201216697693	0.09943506121635437	True	True	False	global_anchor_w0.50	Calibrated mixture	True	selected_source_cv_mse < idw_source_cv_mse AND delta_source_cv_pearson > 0.03
50p_E2_to_E1	50% epiboly	E2	E1	178	her3	False	0.26770544052124023	0.062066223472356796	0.20563921704888344	0.17203140258789062	0.22168593108654022	0.0496545284986496	True	True	False	global_anchor_w0.75	Calibrated mixture	True	selected_source_cv_mse < idw_source_cv_mse AND delta_source_cv_pearson > 0.03
50p_E2_to_E1	50% epiboly	E2	E1	179	her5	False	0.7298837304115295	0.15245965123176575	0.5774240791797638	0.2809295654296875	0.632375955581665	0.35144639015197754	True	True	False	local_anchor_w0.75	Calibrated mixture	True	selected_source_cv_mse < idw_source_cv_mse AND delta_source_cv_pearson > 0.03
50p_E2_to_E1	50% epiboly	E2	E1	180	her6	False	0.8058997392654419	0.15064072608947754	0.6552590131759644	0.3955373764038086	1.50029456615448	1.1047571897506714	True	True	False	global_anchor_w1.00	Anchor-only	True	selected_source_cv_mse < idw_source_cv_mse AND delta_source_cv_pearson > 0.03
50p_E2_to_E1	50% epiboly	E2	E1	181	her7	False	0.572062611579895	0.2553662657737732	0.3166963458061218	0.4021205008029938	0.5790773630142212	0.17695686221122742	True	True	False	local_anchor_w0.50	Calibrated mixture	True	selected_source_cv_mse < idw_source_cv_mse AND delta_source_cv_pearson > 0.03
50p_E2_to_E1	50% epiboly	E2	E1	182	her8a	False	0.4156971573829651	0.3089919984340668	0.10670515894889832	0.32572275400161743	0.39797261357307434	0.07224985957145691	True	True	False	global_anchor_w0.50	Calibrated mixture	True	selected_source_cv_mse < idw_source_cv_mse AND delta_source_cv_pearson > 0.03
50p_E2_to_E1	50% epiboly	E2	E1	183	her9	False	0.35809847712516785	0.15345878899097443	0.20463968813419342	0.3206649124622345	0.4054596722126007	0.08479475975036621	True	True	False	local_anchor_w0.50	Calibrated mixture	True	selected_source_cv_mse < idw_source_cv_mse AND delta_source_cv_pearson > 0.03
50p_E2_to_E1	50% epiboly	E2	E1	184	hes6	False	0.419076144695282	0.19303953647613525	0.22603660821914673	0.31798505783081055	0.4252620041370392	0.10727694630622864	True	True	False	global_anchor_w0.75	Calibrated mixture	True	selected_source_cv_mse < idw_source_cv_mse AND delta_source_cv_pearson > 0.03
50p_E2_to_E1	50% epiboly	E2	E1	185	hesx1	False	0.3992782533168793	0.15076027810573578	0.2485179752111435	0.2353159785270691	0.28681692481040955	0.051500946283340454	True	True	False	global_anchor_w0.50	Calibrated mixture	True	selected_source_cv_mse < idw_source_cv_mse AND delta_source_cv_pearson > 0.03
50p_E2_to_E1	50% epiboly	E2	E1	186	hic1l	False	0.2973542809486389	0.1650383174419403	0.1323159635066986	0.35499298572540283	0.39522117376327515	0.040228188037872314	True	True	False	global_anchor_w0.75	Calibrated mixture	True	selected_source_cv_mse < idw_source_cv_mse AND delta_source_cv_pearson > 0.03
50p_E2_to_E1	50% epiboly	E2	E1	187	higd1a	False	0.2992824912071228	0.09681100398302078	0.20247148722410202	0.27176162600517273	0.349877268075943	0.07811564207077026	True	True	False	global_anchor_w0.75	Calibrated mixture	True	selected_source_cv_mse < idw_source_cv_mse AND delta_source_cv_pearson > 0.03
50p_E2_to_E1	50% epiboly	E2	E1	188	hivep2a	False	0.5025237202644348	0.11286204308271408	0.38966167718172073	0.3446263074874878	0.554132342338562	0.20950603485107422	True	True	False	local_anchor_w0.75	Calibrated mixture	True	selected_source_cv_mse < idw_source_cv_mse AND delta_source_cv_pearson > 0.03
50p_E2_to_E1	50% epiboly	E2	E1	189	hoxb1b	False	0.2694639563560486	0.04850110411643982	0.22096285223960876	0.1648193895816803	0.2087654173374176	0.043946027755737305	True	True	False	local_anchor_w0.75	Calibrated mixture	True	selected_source_cv_mse < idw_source_cv_mse AND delta_source_cv_pearson > 0.03
50p_E2_to_E1	50% epiboly	E2	E1	190	hoxb7a	False	0.3827100098133087	0.09153459221124649	0.2911754176020622	0.32701852917671204	0.45324403047561646	0.12622550129890442	True	True	False	local_anchor_w0.50	Calibrated mixture	True	selected_source_cv_mse < idw_source_cv_mse AND delta_source_cv_pearson > 0.03
50p_E2_to_E1	50% epiboly	E2	E1	191	hoxb8a	False	0.3911287486553192	0.06143611669540405	0.32969263195991516	0.23558863997459412	0.31811290979385376	0.08252426981925964	True	True	False	global_anchor_w1.00	Anchor-only	True	selected_source_cv_mse < idw_source_cv_mse AND delta_source_cv_pearson > 0.03
50p_E2_to_E1	50% epiboly	E2	E1	192	hoxb9a	False	0.24616463482379913	0.05733167380094528	0.18883296102285385	0.3045365512371063	0.3498452603816986	0.045308709144592285	True	True	False	local_anchor_w0.75	Calibrated mixture	True	selected_source_cv_mse < idw_source_cv_mse AND delta_source_cv_pearson > 0.03
50p_E2_to_E1	50% epiboly	E2	E1	193	hoxc3a	False	0.38513636589050293	0.14585833251476288	0.23927803337574005	0.32967931032180786	0.39910486340522766	0.0694255530834198	True	True	False	local_anchor_w0.75	Calibrated mixture	True	selected_source_cv_mse < idw_source_cv_mse AND delta_source_cv_pearson > 0.03
50p_E2_to_E1	50% epiboly	E2	E1	194	hoxc6a	False	0.3808707892894745	0.060080863535404205	0.3207899257540703	0.33932310342788696	0.4360347092151642	0.09671160578727722	True	True	False	local_anchor_w0.75	Calibrated mixture	True	selected_source_cv_mse < idw_source_cv_mse AND delta_source_cv_pearson > 0.03
50p_E2_to_E1	50% epiboly	E2	E1	195	hoxc8a	False	0.41586175560951233	0.14693796634674072	0.2689237892627716	0.2116248905658722	0.32271939516067505	0.11109450459480286	True	True	False	local_anchor_w0.75	Calibrated mixture	True	selected_source_cv_mse < idw_source_cv_mse AND delta_source_cv_pearson > 0.03
50p_E2_to_E1	50% epiboly	E2	E1	196	hsp90aa1.2	False	0.3066372573375702	0.08364203572273254	0.22299522161483765	0.35003745555877686	0.4449014961719513	0.09486404061317444	True	True	False	global_anchor_w1.00	Anchor-only	True	selected_source_cv_mse < idw_source_cv_mse AND delta_source_cv_pearson > 0.03
50p_E2_to_E1	50% epiboly	E2	E1	197	id3	False	0.5551243424415588	0.21992266178131104	0.3352016806602478	0.42462262511253357	0.7041543126106262	0.27953168749809265	True	True	False	local_anchor_w0.75	Calibrated mixture	True	selected_source_cv_mse < idw_source_cv_mse AND delta_source_cv_pearson > 0.03
50p_E2_to_E1	50% epiboly	E2	E1	198	igf2bp1	False	0.5617318749427795	0.23574869334697723	0.3259831815958023	0.16250599920749664	0.2370070517063141	0.07450105249881744	True	True	False	local_anchor_w0.50	Calibrated mixture	True	selected_source_cv_mse < idw_source_cv_mse AND delta_source_cv_pearson > 0.03
50p_E2_to_E1	50% epiboly	E2	E1	199	igfbp1a	False	0.4634570777416229	0.11053459346294403	0.3529224842786789	0.3578929603099823	0.5273846387863159	0.16949167847633362	True	True	False	local_anchor_w0.75	Calibrated mixture	True	selected_source_cv_mse < idw_source_cv_mse AND delta_source_cv_pearson > 0.03
50p_E2_to_E1	50% epiboly	E2	E1	200	irf2a	False	0.44979825615882874	0.13278061151504517	0.31701764464378357	0.30045151710510254	0.3927285373210907	0.09227702021598816	True	True	False	local_anchor_w0.75	Calibrated mixture	True	selected_source_cv_mse < idw_source_cv_mse AND delta_source_cv_pearson > 0.03
50p_E2_to_E1	50% epiboly	E2	E1	201	irx1b	False	0.40771234035491943	0.06458733975887299	0.34312500059604645	0.2806222140789032	0.402567595243454	0.12194538116455078	True	True	False	global_anchor_w1.00	Anchor-only	True	selected_source_cv_mse < idw_source_cv_mse AND delta_source_cv_pearson > 0.03
50p_E2_to_E1	50% epiboly	E2	E1	202	irx3a	False	0.4108372628688812	0.17967665195465088	0.23116061091423035	0.33396217226982117	0.4261942207813263	0.09223204851150513	True	True	False	global_anchor_w0.75	Calibrated mixture	True	selected_source_cv_mse < idw_source_cv_mse AND delta_source_cv_pearson > 0.03
50p_E2_to_E1	50% epiboly	E2	E1	203	irx5a	False	0.4414844512939453	0.13368934392929077	0.30779510736465454	0.3460344076156616	0.46541497111320496	0.11938056349754333	True	True	False	global_anchor_w0.75	Calibrated mixture	True	selected_source_cv_mse < idw_source_cv_mse AND delta_source_cv_pearson > 0.03
50p_E2_to_E1	50% epiboly	E2	E1	204	irx7	False	0.34728050231933594	0.23133593797683716	0.11594456434249878	0.43240293860435486	0.5115554332733154	0.07915249466896057	True	True	False	global_anchor_w0.50	Calibrated mixture	True	selected_source_cv_mse < idw_source_cv_mse AND delta_source_cv_pearson > 0.03
50p_E2_to_E1	50% epiboly	E2	E1	205	ism1	False	0.716947078704834	0.3699865937232971	0.34696048498153687	0.4291902184486389	0.8118160367012024	0.3826258182525635	True	True	False	local_anchor_w0.75	Calibrated mixture	True	selected_source_cv_mse < idw_source_cv_mse AND delta_source_cv_pearson > 0.03
50p_E2_to_E1	50% epiboly	E2	E1	206	itga6a	False	0.16878746449947357	0.017824994400143623	0.15096247009932995	0.3252417743206024	0.39065828919410706	0.06541651487350464	True	True	False	global_anchor_w1.00	Anchor-only	True	selected_source_cv_mse < idw_source_cv_mse AND delta_source_cv_pearson > 0.03
50p_E2_to_E1	50% epiboly	E2	E1	207	itgb5	False	0.39483410120010376	0.03062961809337139	0.36420448310673237	0.2709081768989563	0.3441729247570038	0.07326474785804749	True	True	False	global_anchor_w0.75	Calibrated mixture	True	selected_source_cv_mse < idw_source_cv_mse AND delta_source_cv_pearson > 0.03
50p_E2_to_E1	50% epiboly	E2	E1	208	itm2cb	False	0.41730067133903503	-0.004069566261023283	0.4213702376000583	0.34325388073921204	0.47870415449142456	0.13545027375221252	True	True	False	global_anchor_w1.00	Anchor-only	True	selected_source_cv_mse < idw_source_cv_mse AND delta_source_cv_pearson > 0.03
50p_E2_to_E1	50% epiboly	E2	E1	209	jcada	False	0.3424665629863739	0.13680227100849152	0.20566429197788239	0.3279776871204376	0.39634883403778076	0.06837114691734314	True	True	False	global_anchor_w0.75	Calibrated mixture	True	selected_source_cv_mse < idw_source_cv_mse AND delta_source_cv_pearson > 0.03
50p_E2_to_E1	50% epiboly	E2	E1	210	kank1a	False	0.3549957871437073	0.05860664322972298	0.2963891439139843	0.3531052768230438	0.4363274574279785	0.08322218060493469	True	True	False	global_anchor_w1.00	Anchor-only	True	selected_source_cv_mse < idw_source_cv_mse AND delta_source_cv_pearson > 0.03
50p_E2_to_E1	50% epiboly	E2	E1	211	kazald2	False	0.4820990264415741	0.2543906271457672	0.22770839929580688	0.35418936610221863	0.44207459688186646	0.08788523077964783	True	True	False	local_anchor_w0.75	Calibrated mixture	True	selected_source_cv_mse < idw_source_cv_mse AND delta_source_cv_pearson > 0.03
50p_E2_to_E1	50% epiboly	E2	E1	212	kdrl	False	0.479080468416214	0.11379890888929367	0.3652815595269203	0.3094633221626282	0.48823294043540955	0.17876961827278137	True	True	False	global_anchor_w1.00	Anchor-only	True	selected_source_cv_mse < idw_source_cv_mse AND delta_source_cv_pearson > 0.03
50p_E2_to_E1	50% epiboly	E2	E1	213	kif15	False	0.31795331835746765	0.07494618743658066	0.243007130920887	0.2928347587585449	0.39559802412986755	0.10276326537132263	True	True	False	global_anchor_w1.00	Anchor-only	True	selected_source_cv_mse < idw_source_cv_mse AND delta_source_cv_pearson > 0.03
50p_E2_to_E1	50% epiboly	E2	E1	214	kirrel3l	False	0.6568188667297363	0.4030819833278656	0.2537368834018707	0.45761948823928833	0.7649344205856323	0.307314932346344	True	True	False	local_anchor_w0.50	Calibrated mixture	True	selected_source_cv_mse < idw_source_cv_mse AND delta_source_cv_pearson > 0.03
50p_E2_to_E1	50% epiboly	E2	E1	215	klf17	False	0.3173433244228363	0.07941827923059464	0.23792504519224167	0.3009259104728699	0.3708638846874237	0.06993797421455383	True	True	False	global_anchor_w1.00	Anchor-only	True	selected_source_cv_mse < idw_source_cv_mse AND delta_source_cv_pearson > 0.03
50p_E2_to_E1	50% epiboly	E2	E1	216	klf2a	False	0.9251848459243774	0.16744782030582428	0.7577370256185532	0.3541950285434723	3.8789446353912354	3.524749606847763	True	True	False	global_anchor_w1.00	Anchor-only	True	selected_source_cv_mse < idw_source_cv_mse AND delta_source_cv_pearson > 0.03
50p_E2_to_E1	50% epiboly	E2	E1	217	klf2b	False	0.7787460088729858	0.19952422380447388	0.579221785068512	0.4879935681819916	1.8216887712478638	1.3336952030658722	True	True	False	local_anchor_w0.75	Calibrated mixture	True	selected_source_cv_mse < idw_source_cv_mse AND delta_source_cv_pearson > 0.03
50p_E2_to_E1	50% epiboly	E2	E1	218	klf3	False	0.7195669412612915	0.40312308073043823	0.31644386053085327	0.4548240900039673	0.8202959895133972	0.36547189950942993	True	True	False	local_anchor_w0.50	Calibrated mixture	True	selected_source_cv_mse < idw_source_cv_mse AND delta_source_cv_pearson > 0.03
50p_E2_to_E1	50% epiboly	E2	E1	219	klf7a	False	0.4684067964553833	0.10788625478744507	0.36052054166793823	0.23582802712917328	0.34821340441703796	0.11238537728786469	True	True	False	local_anchor_w0.75	Calibrated mixture	True	selected_source_cv_mse < idw_source_cv_mse AND delta_source_cv_pearson > 0.03
50p_E2_to_E1	50% epiboly	E2	E1	220	klf8	False	0.17832036316394806	0.08822683990001678	0.09009352326393127	0.2202688604593277	0.2577440142631531	0.03747515380382538	True	True	False	global_anchor_w0.50	Calibrated mixture	True	selected_source_cv_mse < idw_source_cv_mse AND delta_source_cv_pearson > 0.03
50p_E2_to_E1	50% epiboly	E2	E1	221	kmt2bb	False	0.41746070981025696	0.20034590363502502	0.21711480617523193	0.3034723997116089	0.3956568241119385	0.09218442440032959	True	True	False	local_anchor_w0.75	Calibrated mixture	True	selected_source_cv_mse < idw_source_cv_mse AND delta_source_cv_pearson > 0.03
50p_E2_to_E1	50% epiboly	E2	E1	222	kmt5aa	False	0.5155014991760254	0.22567109763622284	0.28983040153980255	0.05695419758558273	0.08106723427772522	0.024113036692142487	True	True	False	local_anchor_w0.50	Calibrated mixture	True	selected_source_cv_mse < idw_source_cv_mse AND delta_source_cv_pearson > 0.03
50p_E2_to_E1	50% epiboly	E2	E1	223	krt18a.1	False	0.9503433704376221	0.2591070234775543	0.6912363469600677	0.44923701882362366	6.9475579261779785	6.498320907354355	True	True	False	local_anchor_w0.75	Calibrated mixture	True	selected_source_cv_mse < idw_source_cv_mse AND delta_source_cv_pearson > 0.03
50p_E2_to_E1	50% epiboly	E2	E1	224	krt4	True	0.999997615814209	0.1792379915714264	0.8207596242427826	7.628944587168007e-09	8.88155746459961	8.881557456970665	True	False	True	global_anchor_w0.25	IDW fallback	False	selected_source_cv_mse < idw_source_cv_mse AND delta_source_cv_pearson > 0.03
50p_E2_to_E1	50% epiboly	E2	E1	225	krt8	True	1.000000238418579	0.25598204135894775	0.7440181970596313	5.702277761088226e-09	6.073995590209961	6.073995584507683	True	False	True	global_anchor_w0.00	IDW fallback	False	selected_source_cv_mse < idw_source_cv_mse AND delta_source_cv_pearson > 0.03
50p_E2_to_E1	50% epiboly	E2	E1	226	krt99	False	0.5736074447631836	0.17308126389980316	0.40052618086338043	0.5476487278938293	0.9237040281295776	0.3760553002357483	True	True	False	local_anchor_w0.75	Calibrated mixture	True	selected_source_cv_mse < idw_source_cv_mse AND delta_source_cv_pearson > 0.03
50p_E2_to_E1	50% epiboly	E2	E1	227	lamb1a	False	0.737760066986084	0.26679229736328125	0.47096776962280273	0.4540861248970032	0.9553402662277222	0.501254141330719	True	True	False	global_anchor_w0.50	Calibrated mixture	True	selected_source_cv_mse < idw_source_cv_mse AND delta_source_cv_pearson > 0.03
50p_E2_to_E1	50% epiboly	E2	E1	228	lamc1	False	0.4320342540740967	0.16573873162269592	0.26629552245140076	0.24909204244613647	0.3035213053226471	0.05442926287651062	True	True	False	global_anchor_w0.75	Calibrated mixture	True	selected_source_cv_mse < idw_source_cv_mse AND delta_source_cv_pearson > 0.03
50p_E2_to_E1	50% epiboly	E2	E1	229	lamp2	False	0.8220075368881226	0.4516054689884186	0.370402067899704	0.048545848578214645	0.12005623430013657	0.07151038572192192	True	True	False	global_anchor_w0.25	Calibrated mixture	True	selected_source_cv_mse < idw_source_cv_mse AND delta_source_cv_pearson > 0.03
50p_E2_to_E1	50% epiboly	E2	E1	230	lbx2	False	0.23259952664375305	-0.025306927040219307	0.25790645368397236	0.29282650351524353	0.36862635612487793	0.0757998526096344	True	True	False	global_anchor_w1.00	Anchor-only	True	selected_source_cv_mse < idw_source_cv_mse AND delta_source_cv_pearson > 0.03
50p_E2_to_E1	50% epiboly	E2	E1	231	lef1	False	0.6219789981842041	0.18763679265975952	0.4343422055244446	0.30779770016670227	0.5543938279151917	0.24659612774848938	True	True	False	global_anchor_w1.00	Anchor-only	True	selected_source_cv_mse < idw_source_cv_mse AND delta_source_cv_pearson > 0.03
50p_E2_to_E1	50% epiboly	E2	E1	232	lft1	False	0.6745696067810059	0.4312554895877838	0.24331411719322205	0.4199115037918091	0.624452531337738	0.20454102754592896	True	True	False	local_anchor_w0.50	Calibrated mixture	True	selected_source_cv_mse < idw_source_cv_mse AND delta_source_cv_pearson > 0.03
50p_E2_to_E1	50% epiboly	E2	E1	233	lft2	False	0.7894613742828369	0.5226715207099915	0.26678985357284546	0.47187289595603943	1.0050839185714722	0.5332110226154327	True	True	False	local_anchor_w0.50	Calibrated mixture	True	selected_source_cv_mse < idw_source_cv_mse AND delta_source_cv_pearson > 0.03
50p_E2_to_E1	50% epiboly	E2	E1	234	lgals3b	False	0.3340938687324524	0.12287857383489609	0.2112152948975563	0.37976640462875366	0.46904662251472473	0.08928021788597107	True	True	False	local_anchor_w0.50	Calibrated mixture	True	selected_source_cv_mse < idw_source_cv_mse AND delta_source_cv_pearson > 0.03
50p_E2_to_E1	50% epiboly	E2	E1	235	lhfpl6	False	0.2502126097679138	0.07191866636276245	0.17829394340515137	0.28044646978378296	0.34089764952659607	0.06045117974281311	True	True	False	local_anchor_w0.75	Calibrated mixture	True	selected_source_cv_mse < idw_source_cv_mse AND delta_source_cv_pearson > 0.03
50p_E2_to_E1	50% epiboly	E2	E1	236	lhx1a	False	0.778309166431427	0.42573225498199463	0.3525769114494324	0.5046533942222595	1.1900490522384644	0.6853956580162048	True	True	False	local_anchor_w0.50	Calibrated mixture	True	selected_source_cv_mse < idw_source_cv_mse AND delta_source_cv_pearson > 0.03
50p_E2_to_E1	50% epiboly	E2	E1	237	lhx5	False	0.4232946038246155	0.04105094075202942	0.38224366307258606	0.4714467525482178	0.9999691247940063	0.5285223722457886	True	True	False	global_anchor_w1.00	Anchor-only	True	selected_source_cv_mse < idw_source_cv_mse AND delta_source_cv_pearson > 0.03
50p_E2_to_E1	50% epiboly	E2	E1	238	lima1a	False	0.34665554761886597	0.07843901216983795	0.268216535449028	0.20591923594474792	0.2457130253314972	0.03979378938674927	True	True	False	global_anchor_w1.00	Anchor-only	True	selected_source_cv_mse < idw_source_cv_mse AND delta_source_cv_pearson > 0.03
50p_E2_to_E1	50% epiboly	E2	E1	239	lmnb1	False	0.7097418308258057	0.23689711093902588	0.4728447198867798	0.04275994002819061	0.08550552278757095	0.04274558275938034	True	True	False	global_anchor_w0.50	Calibrated mixture	True	selected_source_cv_mse < idw_source_cv_mse AND delta_source_cv_pearson > 0.03
50p_E2_to_E1	50% epiboly	E2	E1	240	lmo2	False	0.39271625876426697	0.13004738092422485	0.2626688778400421	0.30547136068344116	0.40294399857521057	0.09747263789176941	True	True	False	global_anchor_w0.75	Calibrated mixture	True	selected_source_cv_mse < idw_source_cv_mse AND delta_source_cv_pearson > 0.03
50p_E2_to_E1	50% epiboly	E2	E1	241	lmo4a	False	0.3437281548976898	0.23612330853939056	0.10760484635829926	0.38679254055023193	0.4654390215873718	0.07864648103713989	True	True	False	global_anchor_w0.25	Calibrated mixture	True	selected_source_cv_mse < idw_source_cv_mse AND delta_source_cv_pearson > 0.03
50p_E2_to_E1	50% epiboly	E2	E1	242	lratb.1	False	0.35335105657577515	0.08765022456645966	0.2657008320093155	0.30144429206848145	0.39364349842071533	0.09219920635223389	True	True	False	local_anchor_w0.75	Calibrated mixture	True	selected_source_cv_mse < idw_source_cv_mse AND delta_source_cv_pearson > 0.03
50p_E2_to_E1	50% epiboly	E2	E1	243	lratd1	False	0.4384104609489441	0.053653594106435776	0.3847568668425083	0.42132315039634705	0.6494240760803223	0.22810092568397522	True	True	False	global_anchor_w1.00	Anchor-only	True	selected_source_cv_mse < idw_source_cv_mse AND delta_source_cv_pearson > 0.03
50p_E2_to_E1	50% epiboly	E2	E1	244	mab21l2	False	0.38900992274284363	0.11286226660013199	0.27614765614271164	0.2588094472885132	0.34841036796569824	0.08960092067718506	True	True	False	local_anchor_w0.75	Calibrated mixture	True	selected_source_cv_mse < idw_source_cv_mse AND delta_source_cv_pearson > 0.03
50p_E2_to_E1	50% epiboly	E2	E1	245	mad1l1	False	0.5417289137840271	0.15747134387493134	0.38425756990909576	0.09028533846139908	0.1397773027420044	0.049491964280605316	True	True	False	local_anchor_w0.75	Calibrated mixture	True	selected_source_cv_mse < idw_source_cv_mse AND delta_source_cv_pearson > 0.03
50p_E2_to_E1	50% epiboly	E2	E1	246	map1lc3b	False	0.49001359939575195	0.10529667884111404	0.3847169205546379	0.26833847165107727	0.36773204803466797	0.0993935763835907	True	True	False	local_anchor_w0.75	Calibrated mixture	True	selected_source_cv_mse < idw_source_cv_mse AND delta_source_cv_pearson > 0.03
50p_E2_to_E1	50% epiboly	E2	E1	247	map2k6	False	0.6053410768508911	0.07927116751670837	0.5260699093341827	0.29950329661369324	0.5036604404449463	0.20415714383125305	True	True	False	global_anchor_w0.75	Calibrated mixture	True	selected_source_cv_mse < idw_source_cv_mse AND delta_source_cv_pearson > 0.03
50p_E2_to_E1	50% epiboly	E2	E1	248	mcama	False	0.4033766984939575	0.027991583570837975	0.37538511492311954	0.29595983028411865	0.414578378200531	0.11861854791641235	True	True	False	global_anchor_w1.00	Anchor-only	True	selected_source_cv_mse < idw_source_cv_mse AND delta_source_cv_pearson > 0.03
50p_E2_to_E1	50% epiboly	E2	E1	249	mcm2	False	0.41235053539276123	0.11462999135255814	0.2977205440402031	0.21911640465259552	0.2809147536754608	0.061798349022865295	True	True	False	local_anchor_w0.75	Calibrated mixture	True	selected_source_cv_mse < idw_source_cv_mse AND delta_source_cv_pearson > 0.03
50p_E2_to_E1	50% epiboly	E2	E1	250	mcm3	False	0.7720168232917786	0.3392060101032257	0.43281081318855286	0.1480848789215088	0.35053160786628723	0.20244672894477844	True	True	False	local_anchor_w0.25	Calibrated mixture	True	selected_source_cv_mse < idw_source_cv_mse AND delta_source_cv_pearson > 0.03
50p_E2_to_E1	50% epiboly	E2	E1	251	mcm4	False	0.5968543887138367	0.2263907790184021	0.37046360969543457	0.0448511466383934	0.0704389438033104	0.025587797164916992	True	True	False	global_anchor_w0.75	Calibrated mixture	True	selected_source_cv_mse < idw_source_cv_mse AND delta_source_cv_pearson > 0.03
50p_E2_to_E1	50% epiboly	E2	E1	252	mcm5	False	0.7136569023132324	0.19154198467731476	0.5221149176359177	0.2398468554019928	0.49694421887397766	0.25709736347198486	True	True	False	local_anchor_w0.75	Calibrated mixture	True	selected_source_cv_mse < idw_source_cv_mse AND delta_source_cv_pearson > 0.03
50p_E2_to_E1	50% epiboly	E2	E1	253	mcm7	False	0.708625316619873	0.2659737467765808	0.44265156984329224	0.03037213534116745	0.061625245958566666	0.031253110617399216	True	True	False	local_anchor_w0.50	Calibrated mixture	True	selected_source_cv_mse < idw_source_cv_mse AND delta_source_cv_pearson > 0.03
50p_E2_to_E1	50% epiboly	E2	E1	254	mdm2	True	0.9999983310699463	0.3411015272140503	0.658896803855896	3.774898171826635e-10	1.377249836921692	1.377249836544202	True	False	True	global_anchor_w1.00	IDW fallback	False	selected_source_cv_mse < idw_source_cv_mse AND delta_source_cv_pearson > 0.03
50p_E2_to_E1	50% epiboly	E2	E1	255	mef2d	False	0.37292152643203735	0.13961824774742126	0.2333032786846161	0.34116461873054504	0.4383179247379303	0.09715330600738525	True	True	False	local_anchor_w0.50	Calibrated mixture	True	selected_source_cv_mse < idw_source_cv_mse AND delta_source_cv_pearson > 0.03
50p_E2_to_E1	50% epiboly	E2	E1	256	meis1b	False	0.5157779455184937	0.16678625345230103	0.3489916920661926	0.300780326128006	0.4493752419948578	0.1485949158668518	True	True	False	local_anchor_w0.75	Calibrated mixture	True	selected_source_cv_mse < idw_source_cv_mse AND delta_source_cv_pearson > 0.03
50p_E2_to_E1	50% epiboly	E2	E1	257	meis2a	False	0.28935256600379944	0.0859668105840683	0.20338575541973114	0.275651752948761	0.3596348166465759	0.08398306369781494	True	True	False	global_anchor_w0.75	Calibrated mixture	True	selected_source_cv_mse < idw_source_cv_mse AND delta_source_cv_pearson > 0.03
50p_E2_to_E1	50% epiboly	E2	E1	258	meis3	False	0.3446670174598694	0.09709682315587997	0.2475701943039894	0.23457995057106018	0.3524181842803955	0.11783823370933533	True	True	False	local_anchor_w0.75	Calibrated mixture	True	selected_source_cv_mse < idw_source_cv_mse AND delta_source_cv_pearson > 0.03
50p_E2_to_E1	50% epiboly	E2	E1	259	meox1	False	0.28401806950569153	0.10206107050180435	0.18195699900388718	0.27261751890182495	0.3502263128757477	0.07760879397392273	True	True	False	local_anchor_w0.75	Calibrated mixture	True	selected_source_cv_mse < idw_source_cv_mse AND delta_source_cv_pearson > 0.03
50p_E2_to_E1	50% epiboly	E2	E1	260	mespaa	False	0.212821364402771	0.07786142826080322	0.13495993614196777	0.34913870692253113	0.4174369275569916	0.06829822063446045	True	True	False	local_anchor_w0.75	Calibrated mixture	True	selected_source_cv_mse < idw_source_cv_mse AND delta_source_cv_pearson > 0.03
50p_E2_to_E1	50% epiboly	E2	E1	261	mespab	False	0.40155190229415894	0.13283179700374603	0.2687201052904129	0.3174557387828827	0.39965587854385376	0.08220013976097107	True	True	False	local_anchor_w0.75	Calibrated mixture	True	selected_source_cv_mse < idw_source_cv_mse AND delta_source_cv_pearson > 0.03
50p_E2_to_E1	50% epiboly	E2	E1	262	mgst3b	False	0.3377135694026947	0.20338524878025055	0.13432832062244415	0.3203512728214264	0.38524946570396423	0.06489819288253784	True	True	False	global_anchor_w0.75	Calibrated mixture	True	selected_source_cv_mse < idw_source_cv_mse AND delta_source_cv_pearson > 0.03
50p_E2_to_E1	50% epiboly	E2	E1	263	mibp2	False	0.5914450287818909	0.18914058804512024	0.40230444073677063	0.27912572026252747	0.4267398416996002	0.14761412143707275	True	True	False	local_anchor_w0.75	Calibrated mixture	True	selected_source_cv_mse < idw_source_cv_mse AND delta_source_cv_pearson > 0.03
50p_E2_to_E1	50% epiboly	E2	E1	264	mixl1	False	0.8629295229911804	0.4945261776447296	0.3684033453464508	0.6612686514854431	2.130779504776001	1.4695108532905579	True	True	False	local_anchor_w0.25	Calibrated mixture	True	selected_source_cv_mse < idw_source_cv_mse AND delta_source_cv_pearson > 0.03
50p_E2_to_E1	50% epiboly	E2	E1	265	mki67	False	0.6706476211547852	0.3470548689365387	0.32359275221824646	0.04487467184662819	0.07848063111305237	0.03360595926642418	True	True	False	local_anchor_w0.50	Calibrated mixture	True	selected_source_cv_mse < idw_source_cv_mse AND delta_source_cv_pearson > 0.03
50p_E2_to_E1	50% epiboly	E2	E1	266	mns1	False	0.38293910026550293	0.03971230238676071	0.3432267978787422	0.3591395318508148	0.47167590260505676	0.11253637075424194	True	True	False	local_anchor_w0.75	Calibrated mixture	True	selected_source_cv_mse < idw_source_cv_mse AND delta_source_cv_pearson > 0.03
50p_E2_to_E1	50% epiboly	E2	E1	267	msgn1	False	0.36684879660606384	0.09590592980384827	0.2709428668022156	0.4701249599456787	0.6905177235603333	0.22039276361465454	True	True	False	global_anchor_w0.50	Calibrated mixture	True	selected_source_cv_mse < idw_source_cv_mse AND delta_source_cv_pearson > 0.03
50p_E2_to_E1	50% epiboly	E2	E1	268	msx1b	False	0.38470062613487244	-0.05285147204995155	0.437552098184824	0.45020902156829834	0.6338946223258972	0.18368560075759888	True	True	False	global_anchor_w1.00	Anchor-only	True	selected_source_cv_mse < idw_source_cv_mse AND delta_source_cv_pearson > 0.03
50p_E2_to_E1	50% epiboly	E2	E1	269	msx3	False	0.4350437521934509	0.21919439733028412	0.2158493548631668	0.26883721351623535	0.3375467360019684	0.06870952248573303	True	True	False	global_anchor_w0.75	Calibrated mixture	True	selected_source_cv_mse < idw_source_cv_mse AND delta_source_cv_pearson > 0.03
50p_E2_to_E1	50% epiboly	E2	E1	270	mycb	False	0.27271899580955505	0.0690540224313736	0.20366497337818146	0.183706134557724	0.2650660574436188	0.08135992288589478	True	True	False	global_anchor_w1.00	Anchor-only	True	selected_source_cv_mse < idw_source_cv_mse AND delta_source_cv_pearson > 0.03
50p_E2_to_E1	50% epiboly	E2	E1	271	mych	False	0.8444244861602783	0.3586539924144745	0.48577049374580383	0.1386370211839676	0.44688594341278076	0.30824892222881317	True	True	False	global_anchor_w0.50	Calibrated mixture	True	selected_source_cv_mse < idw_source_cv_mse AND delta_source_cv_pearson > 0.03
50p_E2_to_E1	50% epiboly	E2	E1	272	mycla	False	0.7768479585647583	0.3622552156448364	0.4145927429199219	0.1775813102722168	0.4238426387310028	0.246261328458786	True	True	False	local_anchor_w0.50	Calibrated mixture	True	selected_source_cv_mse < idw_source_cv_mse AND delta_source_cv_pearson > 0.03
50p_E2_to_E1	50% epiboly	E2	E1	273	myclb	False	0.44168657064437866	0.16112710535526276	0.2805594652891159	0.3446723222732544	0.45530855655670166	0.11063623428344727	True	True	False	local_anchor_w0.75	Calibrated mixture	True	selected_source_cv_mse < idw_source_cv_mse AND delta_source_cv_pearson > 0.03
50p_E2_to_E1	50% epiboly	E2	E1	274	mycn	False	0.5189591646194458	0.2933773100376129	0.22558185458183289	0.5044355988502502	0.7117661237716675	0.20733052492141724	True	True	False	local_anchor_w0.50	Calibrated mixture	True	selected_source_cv_mse < idw_source_cv_mse AND delta_source_cv_pearson > 0.03
50p_E2_to_E1	50% epiboly	E2	E1	275	myf5	False	0.24006392061710358	0.1322626769542694	0.10780124366283417	0.21884511411190033	0.25328826904296875	0.03444315493106842	True	True	False	local_anchor_w0.75	Calibrated mixture	True	selected_source_cv_mse < idw_source_cv_mse AND delta_source_cv_pearson > 0.03
50p_E2_to_E1	50% epiboly	E2	E1	276	myod1	False	0.3373314142227173	0.026062263175845146	0.31126915104687214	0.26382291316986084	0.38235387206077576	0.11853095889091492	True	True	False	local_anchor_w0.75	Calibrated mixture	True	selected_source_cv_mse < idw_source_cv_mse AND delta_source_cv_pearson > 0.03
50p_E2_to_E1	50% epiboly	E2	E1	277	nanog	False	0.7537985444068909	0.3228839039802551	0.43091464042663574	0.0570695586502552	0.12290952354669571	0.0658399648964405	True	True	False	local_anchor_w0.50	Calibrated mixture	True	selected_source_cv_mse < idw_source_cv_mse AND delta_source_cv_pearson > 0.03
50p_E2_to_E1	50% epiboly	E2	E1	278	nanos3	False	0.2828510105609894	0.014270717278122902	0.2685802932828665	0.499309241771698	0.6245282292366028	0.12521898746490479	True	True	False	local_anchor_w0.75	Calibrated mixture	True	selected_source_cv_mse < idw_source_cv_mse AND delta_source_cv_pearson > 0.03
50p_E2_to_E1	50% epiboly	E2	E1	279	nap1l1	False	0.6232059597969055	0.2261800616979599	0.3970258980989456	0.1313897967338562	0.20810669660568237	0.07671689987182617	True	True	False	local_anchor_w0.75	Calibrated mixture	True	selected_source_cv_mse < idw_source_cv_mse AND delta_source_cv_pearson > 0.03
50p_E2_to_E1	50% epiboly	E2	E1	280	nasp	False	0.8238688707351685	0.5039428472518921	0.31992602348327637	0.18115969002246857	0.4756549596786499	0.29449526965618134	True	True	False	local_anchor_w0.75	Calibrated mixture	True	selected_source_cv_mse < idw_source_cv_mse AND delta_source_cv_pearson > 0.03
50p_E2_to_E1	50% epiboly	E2	E1	281	ncapd2	False	0.812770664691925	0.33572450280189514	0.4770461618900299	0.09832535684108734	0.2830401062965393	0.18471474945545197	True	True	False	local_anchor_w0.50	Calibrated mixture	True	selected_source_cv_mse < idw_source_cv_mse AND delta_source_cv_pearson > 0.03
50p_E2_to_E1	50% epiboly	E2	E1	282	nckap5l	False	0.4588387906551361	0.2299034148454666	0.2289353758096695	0.1721191704273224	0.21289901435375214	0.04077984392642975	True	True	False	local_anchor_w0.50	Calibrated mixture	True	selected_source_cv_mse < idw_source_cv_mse AND delta_source_cv_pearson > 0.03
50p_E2_to_E1	50% epiboly	E2	E1	283	ndr1	False	0.7774686217308044	0.5327401757240295	0.2447284460067749	0.36780595779418945	0.6821506023406982	0.3143446445465088	True	True	False	local_anchor_w0.25	Calibrated mixture	True	selected_source_cv_mse < idw_source_cv_mse AND delta_source_cv_pearson > 0.03
50p_E2_to_E1	50% epiboly	E2	E1	284	ndr2	False	0.8128190636634827	0.496466726064682	0.31635233759880066	0.4175814986228943	0.9780803322792053	0.560498833656311	True	True	False	local_anchor_w0.25	Calibrated mixture	True	selected_source_cv_mse < idw_source_cv_mse AND delta_source_cv_pearson > 0.03
50p_E2_to_E1	50% epiboly	E2	E1	285	ndufv3	False	0.4178442358970642	0.09633594751358032	0.3215082883834839	0.3661785423755646	0.5068088173866272	0.14063027501106262	True	True	False	local_anchor_w0.75	Calibrated mixture	True	selected_source_cv_mse < idw_source_cv_mse AND delta_source_cv_pearson > 0.03
50p_E2_to_E1	50% epiboly	E2	E1	286	nid2a	False	0.47786611318588257	0.16274003684520721	0.31512607634067535	0.33276620507240295	0.4439646899700165	0.11119848489761353	True	True	False	local_anchor_w0.75	Calibrated mixture	True	selected_source_cv_mse < idw_source_cv_mse AND delta_source_cv_pearson > 0.03
50p_E2_to_E1	50% epiboly	E2	E1	287	nip7	False	0.40358954668045044	0.2102990746498108	0.19329047203063965	0.34770455956459045	0.4293287396430969	0.08162418007850647	True	True	False	global_anchor_w1.00	Anchor-only	True	selected_source_cv_mse < idw_source_cv_mse AND delta_source_cv_pearson > 0.03
50p_E2_to_E1	50% epiboly	E2	E1	288	nkx1.2la	False	0.3974320888519287	0.0774926245212555	0.3199394643306732	0.35039767622947693	0.4508935213088989	0.100495845079422	True	True	False	local_anchor_w0.75	Calibrated mixture	True	selected_source_cv_mse < idw_source_cv_mse AND delta_source_cv_pearson > 0.03
50p_E2_to_E1	50% epiboly	E2	E1	289	nkx2.2a	False	0.32875436544418335	0.08183449506759644	0.24691987037658691	0.25677597522735596	0.3356797993183136	0.07890382409095764	True	True	False	local_anchor_w0.75	Calibrated mixture	True	selected_source_cv_mse < idw_source_cv_mse AND delta_source_cv_pearson > 0.03
50p_E2_to_E1	50% epiboly	E2	E1	290	nkx2.5	True	0.9999997019767761	0.1095915362238884	0.8904081657528877	1.1923494136478752e-10	0.6156796216964722	0.6156796215772372	True	False	True	global_anchor_w0.25	IDW fallback	False	selected_source_cv_mse < idw_source_cv_mse AND delta_source_cv_pearson > 0.03
50p_E2_to_E1	50% epiboly	E2	E1	291	nog1	False	0.39846062660217285	0.10568185150623322	0.29277877509593964	0.34680241346359253	0.43405529856681824	0.08725288510322571	True	True	False	local_anchor_w0.75	Calibrated mixture	True	selected_source_cv_mse < idw_source_cv_mse AND delta_source_cv_pearson > 0.03
50p_E2_to_E1	50% epiboly	E2	E1	292	nop58	False	0.8421334624290466	0.47352004051208496	0.36861342191696167	0.031988948583602905	0.09098007529973984	0.05899112671613693	True	True	False	local_anchor_w0.50	Calibrated mixture	True	selected_source_cv_mse < idw_source_cv_mse AND delta_source_cv_pearson > 0.03
50p_E2_to_E1	50% epiboly	E2	E1	293	notch1a	False	0.22167028486728668	0.03408759832382202	0.18758268654346466	0.1663634181022644	0.19403941929340363	0.02767600119113922	True	True	False	global_anchor_w1.00	Anchor-only	True	selected_source_cv_mse < idw_source_cv_mse AND delta_source_cv_pearson > 0.03
50p_E2_to_E1	50% epiboly	E2	E1	294	noto	False	0.5405057072639465	0.37215733528137207	0.16834837198257446	0.4949706196784973	0.6312561631202698	0.13628554344177246	True	True	False	local_anchor_w0.25	Calibrated mixture	True	selected_source_cv_mse < idw_source_cv_mse AND delta_source_cv_pearson > 0.03
50p_E2_to_E1	50% epiboly	E2	E1	295	nr2f2	False	0.4550029933452606	0.12298138439655304	0.3320216089487076	0.345590740442276	0.5140556693077087	0.16846492886543274	True	True	False	local_anchor_w0.75	Calibrated mixture	True	selected_source_cv_mse < idw_source_cv_mse AND delta_source_cv_pearson > 0.03
50p_E2_to_E1	50% epiboly	E2	E1	296	nr6a1a	False	0.3764914870262146	0.16290657222270966	0.21358491480350494	0.29225796461105347	0.3840838074684143	0.09182584285736084	True	True	False	global_anchor_w0.75	Calibrated mixture	True	selected_source_cv_mse < idw_source_cv_mse AND delta_source_cv_pearson > 0.03
50p_E2_to_E1	50% epiboly	E2	E1	297	nrarpa	False	0.4413646161556244	0.11459597200155258	0.3267686441540718	0.332723468542099	0.45540228486061096	0.12267881631851196	True	True	False	local_anchor_w0.75	Calibrated mixture	True	selected_source_cv_mse < idw_source_cv_mse AND delta_source_cv_pearson > 0.03
50p_E2_to_E1	50% epiboly	E2	E1	298	nsd2	False	0.7810471653938293	0.4006631374359131	0.38038402795791626	0.16743887960910797	0.397279292345047	0.22984041273593903	True	True	False	local_anchor_w0.75	Calibrated mixture	True	selected_source_cv_mse < idw_source_cv_mse AND delta_source_cv_pearson > 0.03
50p_E2_to_E1	50% epiboly	E2	E1	299	ntd5	False	0.3571706712245941	0.14539778232574463	0.2117728888988495	0.31337404251098633	0.39991113543510437	0.08653709292411804	True	True	False	local_anchor_w0.50	Calibrated mixture	True	selected_source_cv_mse < idw_source_cv_mse AND delta_source_cv_pearson > 0.03
50p_E2_to_E1	50% epiboly	E2	E1	300	oclna	True	1.0000004768371582	0.17842628061771393	0.8215741962194443	1.0516359311152357e-10	0.4933176040649414	0.4933176039597778	True	False	True	global_anchor_w0.00	IDW fallback	False	selected_source_cv_mse < idw_source_cv_mse AND delta_source_cv_pearson > 0.03
50p_E2_to_E1	50% epiboly	E2	E1	301	olig4	False	0.32422181963920593	0.1332901120185852	0.19093170762062073	0.21213297545909882	0.2705228924751282	0.05838991701602936	True	True	False	global_anchor_w0.75	Calibrated mixture	True	selected_source_cv_mse < idw_source_cv_mse AND delta_source_cv_pearson > 0.03
50p_E2_to_E1	50% epiboly	E2	E1	302	osr1	False	0.7352069020271301	0.3782678246498108	0.35693907737731934	0.3403375446796417	0.6669889092445374	0.32665136456489563	True	True	False	local_anchor_w0.50	Calibrated mixture	True	selected_source_cv_mse < idw_source_cv_mse AND delta_source_cv_pearson > 0.03
50p_E2_to_E1	50% epiboly	E2	E1	303	otx1	False	0.36634209752082825	0.13875094056129456	0.2275911569595337	0.36489853262901306	0.4500787556171417	0.08518022298812866	True	True	False	local_anchor_w0.75	Calibrated mixture	True	selected_source_cv_mse < idw_source_cv_mse AND delta_source_cv_pearson > 0.03
50p_E2_to_E1	50% epiboly	E2	E1	304	otx2a	False	0.4981418251991272	0.21925951540470123	0.27888230979442596	0.33097025752067566	0.4799495041370392	0.14897924661636353	True	True	False	local_anchor_w0.50	Calibrated mixture	True	selected_source_cv_mse < idw_source_cv_mse AND delta_source_cv_pearson > 0.03
50p_E2_to_E1	50% epiboly	E2	E1	305	otx2b	False	0.30199986696243286	0.13184252381324768	0.17015734314918518	0.27853721380233765	0.3777930438518524	0.09925583004951477	True	True	False	local_anchor_w0.75	Calibrated mixture	True	selected_source_cv_mse < idw_source_cv_mse AND delta_source_cv_pearson > 0.03
50p_E2_to_E1	50% epiboly	E2	E1	306	pax2a	False	0.3791451156139374	0.1181313544511795	0.2610137611627579	0.30191144347190857	0.4199812710285187	0.11806982755661011	True	True	False	local_anchor_w0.75	Calibrated mixture	True	selected_source_cv_mse < idw_source_cv_mse AND delta_source_cv_pearson > 0.03
50p_E2_to_E1	50% epiboly	E2	E1	307	pax3a	False	0.43767645955085754	0.11989638954401016	0.3177800700068474	0.32392382621765137	0.4360588490962982	0.11213502287864685	True	True	False	local_anchor_w0.75	Calibrated mixture	True	selected_source_cv_mse < idw_source_cv_mse AND delta_source_cv_pearson > 0.03
50p_E2_to_E1	50% epiboly	E2	E1	308	pax6a	False	0.5353008508682251	0.14126229286193848	0.3940385580062866	0.31553030014038086	0.5291585922241211	0.21362829208374023	True	True	False	local_anchor_w0.75	Calibrated mixture	True	selected_source_cv_mse < idw_source_cv_mse AND delta_source_cv_pearson > 0.03
50p_E2_to_E1	50% epiboly	E2	E1	309	pax6b	False	0.18273034691810608	0.0696190893650055	0.11311125755310059	0.3211621940135956	0.3897460997104645	0.0685839056968689	True	True	False	local_anchor_w0.75	Calibrated mixture	True	selected_source_cv_mse < idw_source_cv_mse AND delta_source_cv_pearson > 0.03
50p_E2_to_E1	50% epiboly	E2	E1	310	pbx1b	False	0.36821821331977844	0.12610962986946106	0.24210858345031738	0.1991172730922699	0.2658480405807495	0.06673076748847961	True	True	False	global_anchor_w0.75	Calibrated mixture	True	selected_source_cv_mse < idw_source_cv_mse AND delta_source_cv_pearson > 0.03
50p_E2_to_E1	50% epiboly	E2	E1	311	pbx4	False	0.2681030333042145	0.08906974643468857	0.1790332868695259	0.043231893330812454	0.04833303019404411	0.005101136863231659	True	True	False	global_anchor_w0.50	Calibrated mixture	True	selected_source_cv_mse < idw_source_cv_mse AND delta_source_cv_pearson > 0.03
50p_E2_to_E1	50% epiboly	E2	E1	312	pcdh10b	False	0.39225322008132935	0.15468135476112366	0.2375718653202057	0.21290357410907745	0.2912540137767792	0.07835043966770172	True	True	False	local_anchor_w0.75	Calibrated mixture	True	selected_source_cv_mse < idw_source_cv_mse AND delta_source_cv_pearson > 0.03
50p_E2_to_E1	50% epiboly	E2	E1	313	pcdh7b	False	0.46645182371139526	0.22621092200279236	0.2402409017086029	0.31633225083351135	0.4494606852531433	0.13312843441963196	True	True	False	local_anchor_w0.25	Calibrated mixture	True	selected_source_cv_mse < idw_source_cv_mse AND delta_source_cv_pearson > 0.03
50p_E2_to_E1	50% epiboly	E2	E1	314	PCDH8	False	0.316427618265152	0.09912388771772385	0.21730373054742813	0.1734084188938141	0.22383055090904236	0.05042213201522827	True	True	False	global_anchor_w0.75	Calibrated mixture	True	selected_source_cv_mse < idw_source_cv_mse AND delta_source_cv_pearson > 0.03
50p_E2_to_E1	50% epiboly	E2	E1	315	pcdh8	False	0.6078752279281616	0.21477913856506348	0.39309608936309814	0.36713913083076477	0.5982365012168884	0.23109737038612366	True	True	False	local_anchor_w0.50	Calibrated mixture	True	selected_source_cv_mse < idw_source_cv_mse AND delta_source_cv_pearson > 0.03
50p_E2_to_E1	50% epiboly	E2	E1	316	pdap1a	False	0.5781521201133728	0.13556474447250366	0.44258737564086914	0.3124386966228485	0.49171242117881775	0.17927372455596924	True	True	False	local_anchor_w0.75	Calibrated mixture	True	selected_source_cv_mse < idw_source_cv_mse AND delta_source_cv_pearson > 0.03
50p_E2_to_E1	50% epiboly	E2	E1	317	perp	False	0.8739075660705566	0.12843318283557892	0.7454743832349777	0.2807919383049011	1.6446194648742676	1.3638275265693665	True	True	False	global_anchor_w0.75	Calibrated mixture	True	selected_source_cv_mse < idw_source_cv_mse AND delta_source_cv_pearson > 0.03
50p_E2_to_E1	50% epiboly	E2	E1	318	pfn2	False	0.7142752408981323	0.16327142715454102	0.5510038137435913	0.18328917026519775	0.4016287624835968	0.21833959221839905	True	True	False	local_anchor_w0.50	Calibrated mixture	True	selected_source_cv_mse < idw_source_cv_mse AND delta_source_cv_pearson > 0.03
50p_E2_to_E1	50% epiboly	E2	E1	319	pitx2	False	0.46376070380210876	0.22797565162181854	0.23578505218029022	0.3723132014274597	0.4759828448295593	0.10366964340209961	True	True	False	local_anchor_w0.50	Calibrated mixture	True	selected_source_cv_mse < idw_source_cv_mse AND delta_source_cv_pearson > 0.03
50p_E2_to_E1	50% epiboly	E2	E1	320	pknox1.1	False	0.6405496001243591	0.14803092181682587	0.49251867830753326	0.3926178812980652	0.7085041999816895	0.31588631868362427	True	True	False	local_anchor_w0.25	Calibrated mixture	True	selected_source_cv_mse < idw_source_cv_mse AND delta_source_cv_pearson > 0.03
50p_E2_to_E1	50% epiboly	E2	E1	321	plagl2	False	0.2993740737438202	0.08914913982152939	0.2102249339222908	0.34750038385391235	0.41506102681159973	0.06756064295768738	True	True	False	local_anchor_w0.75	Calibrated mixture	True	selected_source_cv_mse < idw_source_cv_mse AND delta_source_cv_pearson > 0.03
50p_E2_to_E1	50% epiboly	E2	E1	322	plekhg5b	False	0.5854111313819885	0.2203640341758728	0.3650470972061157	0.3526301681995392	0.5359311699867249	0.18330100178718567	True	True	False	local_anchor_w0.50	Calibrated mixture	True	selected_source_cv_mse < idw_source_cv_mse AND delta_source_cv_pearson > 0.03
50p_E2_to_E1	50% epiboly	E2	E1	323	pmp22b	False	0.3388441801071167	0.17526306211948395	0.16358111798763275	0.24213121831417084	0.3070842921733856	0.06495307385921478	True	True	False	local_anchor_w0.50	Calibrated mixture	True	selected_source_cv_mse < idw_source_cv_mse AND delta_source_cv_pearson > 0.03
50p_E2_to_E1	50% epiboly	E2	E1	324	pold3	False	0.5631117224693298	0.11218493431806564	0.4509267881512642	0.29377827048301697	0.46432778239250183	0.17054951190948486	True	True	False	global_anchor_w1.00	Anchor-only	True	selected_source_cv_mse < idw_source_cv_mse AND delta_source_cv_pearson > 0.03
50p_E2_to_E1	50% epiboly	E2	E1	325	ppan	False	0.5012940168380737	0.12168166786432266	0.37961234897375107	0.32900580763816833	0.4870026707649231	0.15799686312675476	True	True	False	global_anchor_w1.00	Anchor-only	True	selected_source_cv_mse < idw_source_cv_mse AND delta_source_cv_pearson > 0.03
50p_E2_to_E1	50% epiboly	E2	E1	326	ppp1r7	False	0.537929892539978	0.11098194122314453	0.4269479513168335	0.2649807333946228	0.4049875736236572	0.14000684022903442	True	True	False	global_anchor_w0.75	Calibrated mixture	True	selected_source_cv_mse < idw_source_cv_mse AND delta_source_cv_pearson > 0.03
50p_E2_to_E1	50% epiboly	E2	E1	327	prdm1a	False	0.2156292349100113	0.11008132994174957	0.10554790496826172	0.3825826048851013	0.41787272691726685	0.03529012203216553	True	True	False	global_anchor_w0.75	Calibrated mixture	True	selected_source_cv_mse < idw_source_cv_mse AND delta_source_cv_pearson > 0.03
50p_E2_to_E1	50% epiboly	E2	E1	328	prickle1b	False	0.7826039791107178	0.1258583813905716	0.6567455977201462	0.3772474527359009	1.0169591903686523	0.6397117376327515	True	True	False	local_anchor_w0.50	Calibrated mixture	True	selected_source_cv_mse < idw_source_cv_mse AND delta_source_cv_pearson > 0.03
50p_E2_to_E1	50% epiboly	E2	E1	329	prmt1	False	0.663966953754425	0.1520836055278778	0.5118833482265472	0.05721161514520645	0.10642452538013458	0.04921291023492813	True	True	False	global_anchor_w0.50	Calibrated mixture	True	selected_source_cv_mse < idw_source_cv_mse AND delta_source_cv_pearson > 0.03
50p_E2_to_E1	50% epiboly	E2	E1	330	prox1a	False	0.49470046162605286	0.1635494828224182	0.33115097880363464	0.2782949209213257	0.39294832944869995	0.11465340852737427	True	True	False	global_anchor_w1.00	Anchor-only	True	selected_source_cv_mse < idw_source_cv_mse AND delta_source_cv_pearson > 0.03
50p_E2_to_E1	50% epiboly	E2	E1	331	ptp4a2b	False	0.6489258408546448	0.3439693748950958	0.30495646595954895	0.08255109935998917	0.13069140911102295	0.04814030975103378	True	True	False	local_anchor_w0.50	Calibrated mixture	True	selected_source_cv_mse < idw_source_cv_mse AND delta_source_cv_pearson > 0.03
50p_E2_to_E1	50% epiboly	E2	E1	332	pttg1	False	0.35227537155151367	0.03265773504972458	0.3196176365017891	0.23277544975280762	0.2793586850166321	0.04658323526382446	True	True	False	global_anchor_w1.00	Anchor-only	True	selected_source_cv_mse < idw_source_cv_mse AND delta_source_cv_pearson > 0.03
50p_E2_to_E1	50% epiboly	E2	E1	333	rab11fip4a	False	0.4856592118740082	0.16005191206932068	0.3256072998046875	0.3624919056892395	0.5556060075759888	0.19311410188674927	True	True	False	local_anchor_w0.75	Calibrated mixture	True	selected_source_cv_mse < idw_source_cv_mse AND delta_source_cv_pearson > 0.03
50p_E2_to_E1	50% epiboly	E2	E1	334	rac1a	False	0.5282825231552124	0.24252121150493622	0.2857613116502762	0.04678497835993767	0.06800341606140137	0.0212184377014637	True	True	False	local_anchor_w0.75	Calibrated mixture	True	selected_source_cv_mse < idw_source_cv_mse AND delta_source_cv_pearson > 0.03
50p_E2_to_E1	50% epiboly	E2	E1	335	raraa	False	0.3131767511367798	0.06030134856700897	0.2528754025697708	0.3751598000526428	0.4708411991596222	0.09568139910697937	True	True	False	global_anchor_w0.75	Calibrated mixture	True	selected_source_cv_mse < idw_source_cv_mse AND delta_source_cv_pearson > 0.03
50p_E2_to_E1	50% epiboly	E2	E1	336	rasgef1ba	False	0.6655289530754089	0.2851947546005249	0.38033419847488403	0.4008777141571045	0.6896231770515442	0.2887454628944397	True	True	False	local_anchor_w0.25	Calibrated mixture	True	selected_source_cv_mse < idw_source_cv_mse AND delta_source_cv_pearson > 0.03
50p_E2_to_E1	50% epiboly	E2	E1	337	rasl11b	False	0.4044766128063202	0.08233968913555145	0.32213692367076874	0.41199469566345215	0.5672425627708435	0.15524786710739136	True	True	False	global_anchor_w1.00	Anchor-only	True	selected_source_cv_mse < idw_source_cv_mse AND delta_source_cv_pearson > 0.03
50p_E2_to_E1	50% epiboly	E2	E1	338	rbbp4	False	0.7212993502616882	0.2460961490869522	0.475203201174736	0.15045300126075745	0.3193823993206024	0.16892939805984497	True	True	False	local_anchor_w0.75	Calibrated mixture	True	selected_source_cv_mse < idw_source_cv_mse AND delta_source_cv_pearson > 0.03
50p_E2_to_E1	50% epiboly	E2	E1	339	rbm4.3	False	0.775080680847168	0.5083341002464294	0.2667465806007385	0.07201702147722244	0.14788863062858582	0.07587160915136337	True	True	False	local_anchor_w0.50	Calibrated mixture	True	selected_source_cv_mse < idw_source_cv_mse AND delta_source_cv_pearson > 0.03
50p_E2_to_E1	50% epiboly	E2	E1	340	rbm7	False	0.563936710357666	0.2536088526248932	0.3103278577327728	0.08513568341732025	0.12104414403438568	0.03590846061706543	True	True	False	local_anchor_w0.75	Calibrated mixture	True	selected_source_cv_mse < idw_source_cv_mse AND delta_source_cv_pearson > 0.03
50p_E2_to_E1	50% epiboly	E2	E1	341	rbmx	False	0.4954872727394104	0.22927595674991608	0.2662113159894943	0.09183891862630844	0.12196973711252213	0.030130818486213684	True	True	False	global_anchor_w0.50	Calibrated mixture	True	selected_source_cv_mse < idw_source_cv_mse AND delta_source_cv_pearson > 0.03
50p_E2_to_E1	50% epiboly	E2	E1	342	rcc1	False	0.5869998931884766	0.19956250488758087	0.3874373883008957	0.02411825768649578	0.03704436123371124	0.012926103547215462	True	True	False	global_anchor_w0.50	Calibrated mixture	True	selected_source_cv_mse < idw_source_cv_mse AND delta_source_cv_pearson > 0.03
50p_E2_to_E1	50% epiboly	E2	E1	343	rdh10b	False	0.302133172750473	0.07201513648033142	0.2301180362701416	0.3754372000694275	0.4623580276966095	0.086920827627182	True	True	False	local_anchor_w0.75	Calibrated mixture	True	selected_source_cv_mse < idw_source_cv_mse AND delta_source_cv_pearson > 0.03
50p_E2_to_E1	50% epiboly	E2	E1	344	rfx2	False	0.4861292839050293	0.14221811294555664	0.34391117095947266	0.3021867275238037	0.4379119277000427	0.135725200176239	True	True	False	local_anchor_w0.75	Calibrated mixture	True	selected_source_cv_mse < idw_source_cv_mse AND delta_source_cv_pearson > 0.03
50p_E2_to_E1	50% epiboly	E2	E1	345	rhov	False	0.7177102565765381	0.3707430064678192	0.34696725010871887	0.2548486888408661	0.45692768692970276	0.20207899808883667	True	True	False	local_anchor_w0.75	Calibrated mixture	True	selected_source_cv_mse < idw_source_cv_mse AND delta_source_cv_pearson > 0.03
50p_E2_to_E1	50% epiboly	E2	E1	346	ripply1	False	0.18737883865833282	0.042019207030534744	0.14535963162779808	0.33312681317329407	0.3846733868122101	0.051546573638916016	True	True	False	global_anchor_w0.75	Calibrated mixture	True	selected_source_cv_mse < idw_source_cv_mse AND delta_source_cv_pearson > 0.03
50p_E2_to_E1	50% epiboly	E2	E1	347	rnd1b	False	0.49062860012054443	0.14528508484363556	0.3453435152769089	0.4274424612522125	0.6096469163894653	0.1822044551372528	True	True	False	global_anchor_w1.00	Anchor-only	True	selected_source_cv_mse < idw_source_cv_mse AND delta_source_cv_pearson > 0.03
50p_E2_to_E1	50% epiboly	E2	E1	348	rpl10	False	0.4052940309047699	0.17968881130218506	0.22560521960258484	0.3723716735839844	0.504159152507782	0.1317874789237976	True	True	False	local_anchor_w0.75	Calibrated mixture	True	selected_source_cv_mse < idw_source_cv_mse AND delta_source_cv_pearson > 0.03
50p_E2_to_E1	50% epiboly	E2	E1	349	rpl19	False	0.3165551424026489	0.16994555294513702	0.1466095894575119	0.23109404742717743	0.25736597180366516	0.026271924376487732	True	True	False	global_anchor_w0.75	Calibrated mixture	True	selected_source_cv_mse < idw_source_cv_mse AND delta_source_cv_pearson > 0.03
50p_E2_to_E1	50% epiboly	E2	E1	350	rpl31	False	0.3110452890396118	0.2399289906024933	0.07111629843711853	0.22571268677711487	0.24340122938156128	0.01768854260444641	True	True	False	global_anchor_w0.50	Calibrated mixture	True	selected_source_cv_mse < idw_source_cv_mse AND delta_source_cv_pearson > 0.03
50p_E2_to_E1	50% epiboly	E2	E1	351	rpl34	False	0.23468191921710968	0.11381950974464417	0.12086240947246552	0.3621806800365448	0.4007112979888916	0.0385306179523468	True	True	False	local_anchor_w0.50	Calibrated mixture	True	selected_source_cv_mse < idw_source_cv_mse AND delta_source_cv_pearson > 0.03
50p_E2_to_E1	50% epiboly	E2	E1	352	rpl38	False	0.3509103059768677	0.10813615471124649	0.24277415126562119	0.33228325843811035	0.4146709144115448	0.08238765597343445	True	True	False	global_anchor_w0.75	Calibrated mixture	True	selected_source_cv_mse < idw_source_cv_mse AND delta_source_cv_pearson > 0.03
50p_E2_to_E1	50% epiboly	E2	E1	353	rpl4	False	0.45466870069503784	0.12935736775398254	0.3253113329410553	0.18670372664928436	0.2435436099767685	0.05683988332748413	True	True	False	local_anchor_w0.75	Calibrated mixture	True	selected_source_cv_mse < idw_source_cv_mse AND delta_source_cv_pearson > 0.03
50p_E2_to_E1	50% epiboly	E2	E1	354	rpl5a	False	0.2387867122888565	0.004564138129353523	0.23422257415950298	0.2541833519935608	0.285390704870224	0.031207352876663208	True	True	False	local_anchor_w0.75	Calibrated mixture	True	selected_source_cv_mse < idw_source_cv_mse AND delta_source_cv_pearson > 0.03
50p_E2_to_E1	50% epiboly	E2	E1	355	rpl6	False	0.2705720365047455	0.08747980743646622	0.18309222906827927	0.08787550777196884	0.10026244819164276	0.01238694041967392	True	True	False	local_anchor_w0.75	Calibrated mixture	True	selected_source_cv_mse < idw_source_cv_mse AND delta_source_cv_pearson > 0.03
50p_E2_to_E1	50% epiboly	E2	E1	356	rplp0	False	0.6211448311805725	0.23577050864696503	0.3853743225336075	0.08278622478246689	0.13670286536216736	0.05391664057970047	True	True	False	local_anchor_w0.75	Calibrated mixture	True	selected_source_cv_mse < idw_source_cv_mse AND delta_source_cv_pearson > 0.03
50p_E2_to_E1	50% epiboly	E2	E1	357	rplp2l	False	0.5846931338310242	0.22569675743579865	0.3589963763952255	0.2679819166660309	0.42701560258865356	0.15903368592262268	True	True	False	local_anchor_w0.50	Calibrated mixture	True	selected_source_cv_mse < idw_source_cv_mse AND delta_source_cv_pearson > 0.03
50p_E2_to_E1	50% epiboly	E2	E1	358	rps3	False	0.23106296360492706	0.1146918386220932	0.11637112498283386	0.11492033302783966	0.13019472360610962	0.015274390578269958	True	True	False	local_anchor_w0.75	Calibrated mixture	True	selected_source_cv_mse < idw_source_cv_mse AND delta_source_cv_pearson > 0.03
50p_E2_to_E1	50% epiboly	E2	E1	359	rps6	False	0.6404142379760742	0.21312430500984192	0.4272899329662323	0.04527198150753975	0.08812684565782547	0.04285486415028572	True	True	False	local_anchor_w0.50	Calibrated mixture	True	selected_source_cv_mse < idw_source_cv_mse AND delta_source_cv_pearson > 0.03
50p_E2_to_E1	50% epiboly	E2	E1	360	rrbp1b	False	0.474109947681427	0.23199841380119324	0.24211153388023376	0.3306039273738861	0.424655020236969	0.09405109286308289	True	True	False	global_anchor_w0.50	Calibrated mixture	True	selected_source_cv_mse < idw_source_cv_mse AND delta_source_cv_pearson > 0.03
50p_E2_to_E1	50% epiboly	E2	E1	361	rreb1a	False	0.4098217189311981	0.20372600853443146	0.20609571039676666	0.3188219666481018	0.3943627178668976	0.07554075121879578	True	True	False	local_anchor_w0.75	Calibrated mixture	True	selected_source_cv_mse < idw_source_cv_mse AND delta_source_cv_pearson > 0.03
50p_E2_to_E1	50% epiboly	E2	E1	362	rreb1b	False	0.24390119314193726	0.05990255996584892	0.18399863317608833	0.3686620593070984	0.42868608236312866	0.06002402305603027	True	True	False	local_anchor_w0.75	Calibrated mixture	True	selected_source_cv_mse < idw_source_cv_mse AND delta_source_cv_pearson > 0.03
50p_E2_to_E1	50% epiboly	E2	E1	363	rrm2	False	0.7307597398757935	0.5442207455635071	0.18653899431228638	0.03473292291164398	0.05669831484556198	0.021965391933918	True	True	False	local_anchor_w0.50	Calibrated mixture	True	selected_source_cv_mse < idw_source_cv_mse AND delta_source_cv_pearson > 0.03
50p_E2_to_E1	50% epiboly	E2	E1	364	rrp8	False	0.5072087645530701	0.13775959610939026	0.3694491684436798	0.25604647397994995	0.3799905478954315	0.12394407391548157	True	True	False	local_anchor_w0.75	Calibrated mixture	True	selected_source_cv_mse < idw_source_cv_mse AND delta_source_cv_pearson > 0.03
50p_E2_to_E1	50% epiboly	E2	E1	365	rx3	False	0.29231640696525574	0.14478759467601776	0.14752881228923798	0.3386666178703308	0.39646875858306885	0.05780214071273804	True	True	False	global_anchor_w0.75	Calibrated mixture	True	selected_source_cv_mse < idw_source_cv_mse AND delta_source_cv_pearson > 0.03
50p_E2_to_E1	50% epiboly	E2	E1	366	rxraa	False	0.10627957433462143	0.01379394344985485	0.09248563088476658	0.3502427339553833	0.38925448060035706	0.039011746644973755	True	True	False	global_anchor_w1.00	Anchor-only	True	selected_source_cv_mse < idw_source_cv_mse AND delta_source_cv_pearson > 0.03
50p_E2_to_E1	50% epiboly	E2	E1	367	rxrgb	False	0.6148209571838379	0.13804727792739868	0.4767736792564392	0.3398512005805969	0.6028233766555786	0.2629721760749817	True	True	False	local_anchor_w0.75	Calibrated mixture	True	selected_source_cv_mse < idw_source_cv_mse AND delta_source_cv_pearson > 0.03
50p_E2_to_E1	50% epiboly	E2	E1	368	sall1a	False	0.3843337595462799	0.13725657761096954	0.24707718193531036	0.2616916000843048	0.3362308144569397	0.07453921437263489	True	True	False	global_anchor_w1.00	Anchor-only	True	selected_source_cv_mse < idw_source_cv_mse AND delta_source_cv_pearson > 0.03
50p_E2_to_E1	50% epiboly	E2	E1	369	sall3a	False	0.41362929344177246	0.12111393362283707	0.2925153598189354	0.36188867688179016	0.47700056433677673	0.11511188745498657	True	True	False	global_anchor_w1.00	Anchor-only	True	selected_source_cv_mse < idw_source_cv_mse AND delta_source_cv_pearson > 0.03
50p_E2_to_E1	50% epiboly	E2	E1	370	sall3b	False	0.2952115535736084	0.18163935840129852	0.11357219517230988	0.38104861974716187	0.4420319199562073	0.06098330020904541	True	True	False	global_anchor_w0.50	Calibrated mixture	True	selected_source_cv_mse < idw_source_cv_mse AND delta_source_cv_pearson > 0.03
50p_E2_to_E1	50% epiboly	E2	E1	371	sdc4	False	0.4549875855445862	0.19177210330963135	0.26321548223495483	0.2690548300743103	0.3322294354438782	0.06317460536956787	True	True	False	local_anchor_w0.50	Calibrated mixture	True	selected_source_cv_mse < idw_source_cv_mse AND delta_source_cv_pearson > 0.03
50p_E2_to_E1	50% epiboly	E2	E1	372	sebox	False	0.6766263246536255	0.23226194083690643	0.44436438381671906	0.2727111876010895	0.5385069251060486	0.2657957375049591	True	True	False	local_anchor_w0.50	Calibrated mixture	True	selected_source_cv_mse < idw_source_cv_mse AND delta_source_cv_pearson > 0.03
50p_E2_to_E1	50% epiboly	E2	E1	373	sept9a	False	0.6063844561576843	0.3235091269016266	0.28287532925605774	0.15993532538414001	0.24186353385448456	0.08192820847034454	True	True	False	local_anchor_w0.50	Calibrated mixture	True	selected_source_cv_mse < idw_source_cv_mse AND delta_source_cv_pearson > 0.03
50p_E2_to_E1	50% epiboly	E2	E1	374	shha	False	0.24836382269859314	0.12832094728946686	0.12004287540912628	0.35854393243789673	0.4117720127105713	0.05322808027267456	True	True	False	local_anchor_w0.50	Calibrated mixture	True	selected_source_cv_mse < idw_source_cv_mse AND delta_source_cv_pearson > 0.03
50p_E2_to_E1	50% epiboly	E2	E1	375	si:ch211-106e7.2	False	0.5294866561889648	-0.03027832694351673	0.5597649831324816	0.3345014452934265	0.5556656122207642	0.22116416692733765	True	True	False	global_anchor_w1.00	Anchor-only	True	selected_source_cv_mse < idw_source_cv_mse AND delta_source_cv_pearson > 0.03
50p_E2_to_E1	50% epiboly	E2	E1	376	si:ch211-113a14.12	True	0.9999997615814209	0.18238681554794312	0.8176129460334778	1.9194140721268127e-10	0.7520738244056702	0.7520738242137288	True	False	True	global_anchor_w0.00	IDW fallback	False	selected_source_cv_mse < idw_source_cv_mse AND delta_source_cv_pearson > 0.03
50p_E2_to_E1	50% epiboly	E2	E1	377	si:ch211-113a14.18	False	0.3293733596801758	0.11892525851726532	0.21044810116291046	0.3455696403980255	0.40876710414886475	0.06319746375083923	True	True	False	global_anchor_w0.75	Calibrated mixture	True	selected_source_cv_mse < idw_source_cv_mse AND delta_source_cv_pearson > 0.03
50p_E2_to_E1	50% epiboly	E2	E1	378	si:ch211-114n24.6	False	0.48310840129852295	0.07665545493364334	0.4064529463648796	0.33008065819740295	0.4893421530723572	0.15926149487495422	True	True	False	global_anchor_w1.00	Anchor-only	True	selected_source_cv_mse < idw_source_cv_mse AND delta_source_cv_pearson > 0.03
50p_E2_to_E1	50% epiboly	E2	E1	379	si:ch211-155e24.3	False	0.5009822249412537	0.21723678708076477	0.2837454378604889	0.2463310956954956	0.3290080428123474	0.0826769471168518	True	True	False	global_anchor_w1.00	Anchor-only	True	selected_source_cv_mse < idw_source_cv_mse AND delta_source_cv_pearson > 0.03
50p_E2_to_E1	50% epiboly	E2	E1	380	si:ch211-161h7.4	False	0.42546385526657104	0.1979500651359558	0.22751379013061523	0.13500650227069855	0.1682537943124771	0.033247292041778564	True	True	False	global_anchor_w1.00	Anchor-only	True	selected_source_cv_mse < idw_source_cv_mse AND delta_source_cv_pearson > 0.03
50p_E2_to_E1	50% epiboly	E2	E1	381	si:ch211-163l21.7	False	0.3216699957847595	0.08027659356594086	0.24139340221881866	0.15350699424743652	0.22935764491558075	0.07585065066814423	True	True	False	local_anchor_w0.75	Calibrated mixture	True	selected_source_cv_mse < idw_source_cv_mse AND delta_source_cv_pearson > 0.03
50p_E2_to_E1	50% epiboly	E2	E1	382	si:dkey-108k21.14	False	0.812293291091919	0.2059650421142578	0.6063282489776611	0.10393249243497849	0.3046104311943054	0.20067793875932693	True	True	False	local_anchor_w0.75	Calibrated mixture	True	selected_source_cv_mse < idw_source_cv_mse AND delta_source_cv_pearson > 0.03
50p_E2_to_E1	50% epiboly	E2	E1	383	si:dkey-108k21.21	False	0.3989790380001068	0.16881534457206726	0.23016369342803955	0.299435019493103	0.3917025327682495	0.09226751327514648	True	True	False	global_anchor_w0.50	Calibrated mixture	True	selected_source_cv_mse < idw_source_cv_mse AND delta_source_cv_pearson > 0.03
50p_E2_to_E1	50% epiboly	E2	E1	384	si:dkey-261h17.1	False	0.2861301004886627	0.07988177239894867	0.20624832808971405	0.33353349566459656	0.4076484739780426	0.07411497831344604	True	True	False	global_anchor_w1.00	Anchor-only	True	selected_source_cv_mse < idw_source_cv_mse AND delta_source_cv_pearson > 0.03
50p_E2_to_E1	50% epiboly	E2	E1	385	si:dkey-261m9.12	False	0.6588950753211975	0.15459102392196655	0.504304051399231	0.16493342816829681	0.3033856451511383	0.1384522169828415	True	True	False	global_anchor_w1.00	Anchor-only	True	selected_source_cv_mse < idw_source_cv_mse AND delta_source_cv_pearson > 0.03
50p_E2_to_E1	50% epiboly	E2	E1	386	si:dkey-66i24.9	False	0.46327462792396545	0.1353742480278015	0.32790037989616394	0.2414495050907135	0.31809842586517334	0.07664892077445984	True	True	False	local_anchor_w0.50	Calibrated mixture	True	selected_source_cv_mse < idw_source_cv_mse AND delta_source_cv_pearson > 0.03
50p_E2_to_E1	50% epiboly	E2	E1	387	si:dkey-68o6.5	False	0.5257898569107056	0.15794573724269867	0.3678441196680069	0.2398950308561325	0.3458276391029358	0.10593260824680328	True	True	False	local_anchor_w0.75	Calibrated mixture	True	selected_source_cv_mse < idw_source_cv_mse AND delta_source_cv_pearson > 0.03
50p_E2_to_E1	50% epiboly	E2	E1	388	si:dkey-92i17.2	False	0.48553141951560974	0.01626581884920597	0.46926560066640377	0.32580918073654175	0.47458213567733765	0.1487729549407959	True	True	False	local_anchor_w0.75	Calibrated mixture	True	selected_source_cv_mse < idw_source_cv_mse AND delta_source_cv_pearson > 0.03
50p_E2_to_E1	50% epiboly	E2	E1	389	six3b	False	0.2788704037666321	0.11480414122343063	0.16406626254320145	0.26762840151786804	0.3285341262817383	0.06090572476387024	True	True	False	global_anchor_w0.75	Calibrated mixture	True	selected_source_cv_mse < idw_source_cv_mse AND delta_source_cv_pearson > 0.03
50p_E2_to_E1	50% epiboly	E2	E1	390	six4a	False	0.23211190104484558	0.12418947368860245	0.10792242735624313	0.2791159749031067	0.3249455392360687	0.045829564332962036	True	True	False	local_anchor_w0.75	Calibrated mixture	True	selected_source_cv_mse < idw_source_cv_mse AND delta_source_cv_pearson > 0.03
50p_E2_to_E1	50% epiboly	E2	E1	391	six4b	False	0.2816856801509857	0.06394384801387787	0.21774183213710785	0.22104530036449432	0.2802414298057556	0.05919612944126129	True	True	False	global_anchor_w0.75	Calibrated mixture	True	selected_source_cv_mse < idw_source_cv_mse AND delta_source_cv_pearson > 0.03
50p_E2_to_E1	50% epiboly	E2	E1	392	six7	False	0.45349207520484924	0.10510917752981186	0.3483828976750374	0.35378971695899963	0.5578802824020386	0.20409056544303894	True	True	False	local_anchor_w0.50	Calibrated mixture	True	selected_source_cv_mse < idw_source_cv_mse AND delta_source_cv_pearson > 0.03
50p_E2_to_E1	50% epiboly	E2	E1	393	skia	False	0.4863409996032715	0.021478693932294846	0.46486230567097664	0.3154025971889496	0.4673343300819397	0.1519317328929901	True	True	False	global_anchor_w1.00	Anchor-only	True	selected_source_cv_mse < idw_source_cv_mse AND delta_source_cv_pearson > 0.03
50p_E2_to_E1	50% epiboly	E2	E1	394	skila	False	0.25323763489723206	0.06673571467399597	0.18650192022323608	0.3238285779953003	0.36847734451293945	0.04464876651763916	True	True	False	global_anchor_w0.75	Calibrated mixture	True	selected_source_cv_mse < idw_source_cv_mse AND delta_source_cv_pearson > 0.03
50p_E2_to_E1	50% epiboly	E2	E1	395	skilb	False	0.3304489850997925	0.06696069985628128	0.2634882852435112	0.3590388596057892	0.42788946628570557	0.06885060667991638	True	True	False	global_anchor_w0.50	Calibrated mixture	True	selected_source_cv_mse < idw_source_cv_mse AND delta_source_cv_pearson > 0.03
50p_E2_to_E1	50% epiboly	E2	E1	396	smtnl	False	0.7000280618667603	0.3287312090396881	0.37129685282707214	0.305155485868454	0.587408721446991	0.282253235578537	True	True	False	local_anchor_w0.75	Calibrated mixture	True	selected_source_cv_mse < idw_source_cv_mse AND delta_source_cv_pearson > 0.03
50p_E2_to_E1	50% epiboly	E2	E1	397	snai1a	False	0.78736811876297	0.34278255701065063	0.44458556175231934	0.16169168055057526	0.381731778383255	0.22004009783267975	True	True	False	local_anchor_w0.75	Calibrated mixture	True	selected_source_cv_mse < idw_source_cv_mse AND delta_source_cv_pearson > 0.03
50p_E2_to_E1	50% epiboly	E2	E1	398	snai2	True	0.9999988675117493	0.4121458828449249	0.5878529846668243	3.3610383920468223e-10	0.8980386257171631	0.8980386253810593	True	False	True	global_anchor_w0.00	IDW fallback	False	selected_source_cv_mse < idw_source_cv_mse AND delta_source_cv_pearson > 0.03
50p_E2_to_E1	50% epiboly	E2	E1	399	snrpc	False	0.3077673017978668	0.1268991380929947	0.18086816370487213	0.2971033751964569	0.33461377024650574	0.03751039505004883	True	True	False	global_anchor_w0.75	Calibrated mixture	True	selected_source_cv_mse < idw_source_cv_mse AND delta_source_cv_pearson > 0.03
50p_E2_to_E1	50% epiboly	E2	E1	400	snrpd3	False	0.4280095398426056	0.13771827518939972	0.29029126465320587	0.33294299244880676	0.506608784198761	0.17366579174995422	True	True	False	local_anchor_w0.75	Calibrated mixture	True	selected_source_cv_mse < idw_source_cv_mse AND delta_source_cv_pearson > 0.03
50p_E2_to_E1	50% epiboly	E2	E1	401	snrpg	False	0.23445747792720795	0.17239828407764435	0.0620591938495636	0.3554246425628662	0.40347880125045776	0.04805415868759155	True	True	False	global_anchor_w0.50	Calibrated mixture	True	selected_source_cv_mse < idw_source_cv_mse AND delta_source_cv_pearson > 0.03
50p_E2_to_E1	50% epiboly	E2	E1	402	sox10	False	0.3456912636756897	0.10821674764156342	0.23747451603412628	0.24361355602741241	0.3158542215824127	0.0722406655550003	True	True	False	global_anchor_w1.00	Anchor-only	True	selected_source_cv_mse < idw_source_cv_mse AND delta_source_cv_pearson > 0.03
50p_E2_to_E1	50% epiboly	E2	E1	403	sox11a	False	0.8437075018882751	0.35008060932159424	0.4936268925666809	0.28704923391342163	0.9927074313163757	0.7056581974029541	True	True	False	local_anchor_w0.25	Calibrated mixture	True	selected_source_cv_mse < idw_source_cv_mse AND delta_source_cv_pearson > 0.03
50p_E2_to_E1	50% epiboly	E2	E1	404	sox11b	False	0.8509296774864197	0.273791640996933	0.5771380364894867	0.2580360472202301	0.9627078771591187	0.7046718299388885	True	True	False	local_anchor_w0.25	Calibrated mixture	True	selected_source_cv_mse < idw_source_cv_mse AND delta_source_cv_pearson > 0.03
50p_E2_to_E1	50% epiboly	E2	E1	405	sox13	False	0.4351605176925659	0.1407768875360489	0.29438363015651703	0.3376719355583191	0.48817041516304016	0.15049847960472107	True	True	False	global_anchor_w0.75	Calibrated mixture	True	selected_source_cv_mse < idw_source_cv_mse AND delta_source_cv_pearson > 0.03
50p_E2_to_E1	50% epiboly	E2	E1	406	sox17	False	0.3426263630390167	0.11596380174160004	0.2266625612974167	0.18811488151550293	0.288078248500824	0.09996336698532104	True	True	False	global_anchor_w1.00	Anchor-only	True	selected_source_cv_mse < idw_source_cv_mse AND delta_source_cv_pearson > 0.03
50p_E2_to_E1	50% epiboly	E2	E1	407	sox19a	False	0.8915289640426636	0.497948557138443	0.3935804069042206	0.22921353578567505	0.9892333149909973	0.7600197792053223	True	True	False	local_anchor_w0.25	Calibrated mixture	True	selected_source_cv_mse < idw_source_cv_mse AND delta_source_cv_pearson > 0.03
50p_E2_to_E1	50% epiboly	E2	E1	408	sox2	False	0.3847077488899231	0.1822803020477295	0.2024274468421936	0.39967527985572815	0.5110036134719849	0.11132833361625671	True	True	False	global_anchor_w0.75	Calibrated mixture	True	selected_source_cv_mse < idw_source_cv_mse AND delta_source_cv_pearson > 0.03
50p_E2_to_E1	50% epiboly	E2	E1	409	sox3	False	0.8635181188583374	0.5642522573471069	0.29926586151123047	0.40684714913368225	1.372516393661499	0.9656692445278168	True	True	False	local_anchor_w0.50	Calibrated mixture	True	selected_source_cv_mse < idw_source_cv_mse AND delta_source_cv_pearson > 0.03
50p_E2_to_E1	50% epiboly	E2	E1	410	sox32	False	0.8233124017715454	0.41512107849121094	0.4081913232803345	0.45731979608535767	1.375697374343872	0.9183775782585144	True	True	False	local_anchor_w0.75	Calibrated mixture	True	selected_source_cv_mse < idw_source_cv_mse AND delta_source_cv_pearson > 0.03
50p_E2_to_E1	50% epiboly	E2	E1	411	sox5	False	0.14598338305950165	-0.005249725189059973	0.15123310824856162	0.3497757017612457	0.41276222467422485	0.06298652291297913	True	True	False	global_anchor_w1.00	Anchor-only	True	selected_source_cv_mse < idw_source_cv_mse AND delta_source_cv_pearson > 0.03
50p_E2_to_E1	50% epiboly	E2	E1	412	sp5a	False	0.32068097591400146	0.07201891392469406	0.2486620619893074	0.252456933259964	0.3497854471206665	0.09732851386070251	True	True	False	global_anchor_w1.00	Anchor-only	True	selected_source_cv_mse < idw_source_cv_mse AND delta_source_cv_pearson > 0.03
50p_E2_to_E1	50% epiboly	E2	E1	413	sp5l	False	0.6490492224693298	0.276689350605011	0.37235987186431885	0.40785276889801025	0.7902026772499084	0.3823499083518982	True	True	False	local_anchor_w0.75	Calibrated mixture	True	selected_source_cv_mse < idw_source_cv_mse AND delta_source_cv_pearson > 0.03
50p_E2_to_E1	50% epiboly	E2	E1	414	sp8b	False	0.397379606962204	0.21577613055706024	0.18160347640514374	0.4049115478992462	0.5340389609336853	0.1291274130344391	True	True	False	global_anchor_w0.75	Calibrated mixture	True	selected_source_cv_mse < idw_source_cv_mse AND delta_source_cv_pearson > 0.03
50p_E2_to_E1	50% epiboly	E2	E1	415	spon1b	False	0.4086818993091583	0.1358693242073059	0.2728125751018524	0.19927647709846497	0.2885586619377136	0.08928218483924866	True	True	False	global_anchor_w1.00	Anchor-only	True	selected_source_cv_mse < idw_source_cv_mse AND delta_source_cv_pearson > 0.03
50p_E2_to_E1	50% epiboly	E2	E1	416	srp19	False	0.49342137575149536	0.13046620786190033	0.36295516788959503	0.3120832145214081	0.4735514521598816	0.1614682376384735	True	True	False	local_anchor_w0.75	Calibrated mixture	True	selected_source_cv_mse < idw_source_cv_mse AND delta_source_cv_pearson > 0.03
50p_E2_to_E1	50% epiboly	E2	E1	417	srrm4	False	0.32667624950408936	0.03502381965517998	0.2916524298489094	0.3389424979686737	0.4274190068244934	0.0884765088558197	True	True	False	global_anchor_w1.00	Anchor-only	True	selected_source_cv_mse < idw_source_cv_mse AND delta_source_cv_pearson > 0.03
50p_E2_to_E1	50% epiboly	E2	E1	418	stmn1a	False	0.541316568851471	0.24273617565631866	0.2985803931951523	0.28787171840667725	0.40257927775382996	0.11470755934715271	True	True	False	global_anchor_w0.75	Calibrated mixture	True	selected_source_cv_mse < idw_source_cv_mse AND delta_source_cv_pearson > 0.03
50p_E2_to_E1	50% epiboly	E2	E1	419	stox1	False	0.5534904599189758	0.11749838292598724	0.4359920769929886	0.283708393573761	0.4240838885307312	0.14037549495697021	True	True	False	local_anchor_w0.50	Calibrated mixture	True	selected_source_cv_mse < idw_source_cv_mse AND delta_source_cv_pearson > 0.03
50p_E2_to_E1	50% epiboly	E2	E1	420	supt16h	False	0.7532103657722473	0.21709415316581726	0.53611621260643	0.027003075927495956	0.0684719979763031	0.041468922048807144	True	True	False	local_anchor_w0.75	Calibrated mixture	True	selected_source_cv_mse < idw_source_cv_mse AND delta_source_cv_pearson > 0.03
50p_E2_to_E1	50% epiboly	E2	E1	421	syne2b	False	0.453744500875473	0.1916193962097168	0.2621251046657562	0.4171695113182068	0.5612504482269287	0.14408093690872192	True	True	False	local_anchor_w0.75	Calibrated mixture	True	selected_source_cv_mse < idw_source_cv_mse AND delta_source_cv_pearson > 0.03
50p_E2_to_E1	50% epiboly	E2	E1	422	szl	False	0.5625515580177307	0.41329294443130493	0.14925861358642578	0.4196298122406006	0.5642626285552979	0.14463281631469727	True	True	False	global_anchor_w0.75	Calibrated mixture	True	selected_source_cv_mse < idw_source_cv_mse AND delta_source_cv_pearson > 0.03
50p_E2_to_E1	50% epiboly	E2	E1	423	tagln2	False	0.28154343366622925	0.13168823719024658	0.14985519647598267	0.46704885363578796	0.5321295857429504	0.06508073210716248	True	True	False	local_anchor_w0.50	Calibrated mixture	True	selected_source_cv_mse < idw_source_cv_mse AND delta_source_cv_pearson > 0.03
50p_E2_to_E1	50% epiboly	E2	E1	424	tbr1b	False	0.2728501558303833	0.08697576820850372	0.18587438762187958	0.2235175371170044	0.2788640856742859	0.055346548557281494	True	True	False	global_anchor_w0.75	Calibrated mixture	True	selected_source_cv_mse < idw_source_cv_mse AND delta_source_cv_pearson > 0.03
50p_E2_to_E1	50% epiboly	E2	E1	425	tbx1	False	0.48557615280151367	0.19384439289569855	0.2917317599058151	0.1952303946018219	0.29108738899230957	0.09585699439048767	True	True	False	local_anchor_w0.75	Calibrated mixture	True	selected_source_cv_mse < idw_source_cv_mse AND delta_source_cv_pearson > 0.03
50p_E2_to_E1	50% epiboly	E2	E1	426	tbx16	False	0.8783600926399231	0.12434908747673035	0.7540110051631927	0.21077491343021393	0.973426342010498	0.7626514285802841	True	True	False	local_anchor_w0.50	Calibrated mixture	True	selected_source_cv_mse < idw_source_cv_mse AND delta_source_cv_pearson > 0.03
50p_E2_to_E1	50% epiboly	E2	E1	427	tbx16l	False	0.5013406276702881	0.10884964466094971	0.3924909830093384	0.39665499329566956	0.5713749527931213	0.17471995949745178	True	True	False	local_anchor_w0.50	Calibrated mixture	True	selected_source_cv_mse < idw_source_cv_mse AND delta_source_cv_pearson > 0.03
50p_E2_to_E1	50% epiboly	E2	E1	428	tbx3b	False	0.4252447187900543	0.0801718533039093	0.345072865486145	0.34941574931144714	0.4956720173358917	0.14625626802444458	True	True	False	local_anchor_w0.50	Calibrated mixture	True	selected_source_cv_mse < idw_source_cv_mse AND delta_source_cv_pearson > 0.03
50p_E2_to_E1	50% epiboly	E2	E1	429	tbx6	False	0.5694997310638428	0.13130328059196472	0.43819645047187805	0.27053242921829224	0.4871385991573334	0.21660616993904114	True	True	False	global_anchor_w1.00	Anchor-only	True	selected_source_cv_mse < idw_source_cv_mse AND delta_source_cv_pearson > 0.03
50p_E2_to_E1	50% epiboly	E2	E1	430	tbxta	False	0.8468559384346008	0.4859742224216461	0.3608817160129547	0.9190514087677002	2.4544286727905273	1.5353772640228271	True	True	False	local_anchor_w0.25	Calibrated mixture	True	selected_source_cv_mse < idw_source_cv_mse AND delta_source_cv_pearson > 0.03
50p_E2_to_E1	50% epiboly	E2	E1	431	tbxtb	False	0.3238086998462677	0.062325865030288696	0.261482834815979	0.3667481541633606	0.46774864196777344	0.10100048780441284	True	True	False	local_anchor_w0.75	Calibrated mixture	True	selected_source_cv_mse < idw_source_cv_mse AND delta_source_cv_pearson > 0.03
50p_E2_to_E1	50% epiboly	E2	E1	432	tcf3b	False	0.6600247025489807	0.19365903735160828	0.46636566519737244	0.18464618921279907	0.3222143054008484	0.13756811618804932	True	True	False	local_anchor_w0.25	Calibrated mixture	True	selected_source_cv_mse < idw_source_cv_mse AND delta_source_cv_pearson > 0.03
50p_E2_to_E1	50% epiboly	E2	E1	433	tcf7	False	0.308734267950058	0.10110656172037125	0.20762770622968674	0.36244529485702515	0.4556334912776947	0.09318819642066956	True	True	False	global_anchor_w0.50	Calibrated mixture	True	selected_source_cv_mse < idw_source_cv_mse AND delta_source_cv_pearson > 0.03
50p_E2_to_E1	50% epiboly	E2	E1	434	tcf7l1a	False	0.6289751529693604	0.2726043462753296	0.35637080669403076	0.2531709372997284	0.43290480971336365	0.17973387241363525	True	True	False	local_anchor_w0.75	Calibrated mixture	True	selected_source_cv_mse < idw_source_cv_mse AND delta_source_cv_pearson > 0.03
50p_E2_to_E1	50% epiboly	E2	E1	435	tcf7l1b	False	0.5789061784744263	0.224299818277359	0.35460636019706726	0.28533729910850525	0.4433807134628296	0.15804341435432434	True	True	False	local_anchor_w0.75	Calibrated mixture	True	selected_source_cv_mse < idw_source_cv_mse AND delta_source_cv_pearson > 0.03
50p_E2_to_E1	50% epiboly	E2	E1	436	tcf7l2	False	0.41079822182655334	0.12453358620405197	0.2862646356225014	0.29110023379325867	0.4146301746368408	0.12352994084358215	True	True	False	local_anchor_w0.75	Calibrated mixture	True	selected_source_cv_mse < idw_source_cv_mse AND delta_source_cv_pearson > 0.03
50p_E2_to_E1	50% epiboly	E2	E1	437	tdgf1	False	0.7136348485946655	0.2260163128376007	0.4876185357570648	0.17011259496212006	0.3324738144874573	0.16236121952533722	True	True	False	local_anchor_w0.75	Calibrated mixture	True	selected_source_cv_mse < idw_source_cv_mse AND delta_source_cv_pearson > 0.03
50p_E2_to_E1	50% epiboly	E2	E1	438	tead1a	False	0.489238977432251	0.1368933618068695	0.35234561562538147	0.32618284225463867	0.4731425642967224	0.14695972204208374	True	True	False	local_anchor_w0.75	Calibrated mixture	True	selected_source_cv_mse < idw_source_cv_mse AND delta_source_cv_pearson > 0.03
50p_E2_to_E1	50% epiboly	E2	E1	439	tead1b	False	0.4404103457927704	0.12438999116420746	0.3160203546285629	0.2947193384170532	0.41391244530677795	0.11919310688972473	True	True	False	local_anchor_w0.50	Calibrated mixture	True	selected_source_cv_mse < idw_source_cv_mse AND delta_source_cv_pearson > 0.03
50p_E2_to_E1	50% epiboly	E2	E1	440	tfap2a	False	0.8671176433563232	0.10074415802955627	0.766373485326767	0.3281678259372711	1.7460488080978394	1.4178809821605682	True	True	False	global_anchor_w0.75	Calibrated mixture	True	selected_source_cv_mse < idw_source_cv_mse AND delta_source_cv_pearson > 0.03
50p_E2_to_E1	50% epiboly	E2	E1	441	tfap2c	True	1.0000009536743164	0.5129503011703491	0.4870506525039673	1.9731366540653994e-10	0.8543379902839661	0.8543379900866523	True	False	True	global_anchor_w0.00	IDW fallback	False	selected_source_cv_mse < idw_source_cv_mse AND delta_source_cv_pearson > 0.03
50p_E2_to_E1	50% epiboly	E2	E1	442	tgif1	False	0.76402348279953	0.14469072222709656	0.6193327605724335	0.15113139152526855	0.3734036684036255	0.22227227687835693	True	True	False	local_anchor_w0.50	Calibrated mixture	True	selected_source_cv_mse < idw_source_cv_mse AND delta_source_cv_pearson > 0.03
50p_E2_to_E1	50% epiboly	E2	E1	443	tlcd5a	False	0.5356693863868713	0.09311674535274506	0.4425526410341263	0.33343684673309326	0.5079247951507568	0.17448794841766357	True	True	False	global_anchor_w0.75	Calibrated mixture	True	selected_source_cv_mse < idw_source_cv_mse AND delta_source_cv_pearson > 0.03
50p_E2_to_E1	50% epiboly	E2	E1	444	tmed10	False	0.5545085668563843	0.10612426698207855	0.4483842998743057	0.3073340952396393	0.4795139729976654	0.17217987775802612	True	True	False	global_anchor_w1.00	Anchor-only	True	selected_source_cv_mse < idw_source_cv_mse AND delta_source_cv_pearson > 0.03
50p_E2_to_E1	50% epiboly	E2	E1	445	tmed2	False	0.45360293984413147	0.024917129427194595	0.4286858104169369	0.33282607793807983	0.5166938304901123	0.18386775255203247	True	True	False	global_anchor_w1.00	Anchor-only	True	selected_source_cv_mse < idw_source_cv_mse AND delta_source_cv_pearson > 0.03
50p_E2_to_E1	50% epiboly	E2	E1	446	tp63	False	0.6063055396080017	0.23341433703899384	0.3728912025690079	0.3498847186565399	0.5673251152038574	0.2174403965473175	True	True	False	local_anchor_w0.75	Calibrated mixture	True	selected_source_cv_mse < idw_source_cv_mse AND delta_source_cv_pearson > 0.03
50p_E2_to_E1	50% epiboly	E2	E1	447	tph1b	False	0.3819054961204529	0.20784413814544678	0.1740613579750061	0.32023924589157104	0.38653162121772766	0.06629237532615662	True	True	False	local_anchor_w0.50	Calibrated mixture	True	selected_source_cv_mse < idw_source_cv_mse AND delta_source_cv_pearson > 0.03
50p_E2_to_E1	50% epiboly	E2	E1	448	tpx2	False	0.4126412868499756	0.14426788687705994	0.26837339997291565	0.30331939458847046	0.41406792402267456	0.1107485294342041	True	True	False	global_anchor_w1.00	Anchor-only	True	selected_source_cv_mse < idw_source_cv_mse AND delta_source_cv_pearson > 0.03
50p_E2_to_E1	50% epiboly	E2	E1	449	tram1	False	0.48026517033576965	0.24287308752536774	0.23739208281040192	0.12250296771526337	0.1555670201778412	0.03306405246257782	True	True	False	local_anchor_w0.75	Calibrated mixture	True	selected_source_cv_mse < idw_source_cv_mse AND delta_source_cv_pearson > 0.03
50p_E2_to_E1	50% epiboly	E2	E1	450	trps1	False	0.5674940347671509	0.14080657064914703	0.42668746411800385	0.3177613615989685	0.48596444725990295	0.16820308566093445	True	True	False	local_anchor_w0.75	Calibrated mixture	True	selected_source_cv_mse < idw_source_cv_mse AND delta_source_cv_pearson > 0.03
50p_E2_to_E1	50% epiboly	E2	E1	451	tshz3b	False	0.5413414835929871	0.2049265205860138	0.33641496300697327	0.35830482840538025	0.5362984538078308	0.17799362540245056	True	True	False	local_anchor_w0.75	Calibrated mixture	True	selected_source_cv_mse < idw_source_cv_mse AND delta_source_cv_pearson > 0.03
50p_E2_to_E1	50% epiboly	E2	E1	452	tuba1a	False	0.30697324872016907	0.007070070132613182	0.2999031785875559	0.4066212475299835	0.5396243333816528	0.1330030858516693	True	True	False	global_anchor_w1.00	Anchor-only	True	selected_source_cv_mse < idw_source_cv_mse AND delta_source_cv_pearson > 0.03
50p_E2_to_E1	50% epiboly	E2	E1	453	tuba8l	False	0.5846357941627502	0.14126504957675934	0.4433707445859909	0.31713178753852844	0.5211429595947266	0.20401117205619812	True	True	False	local_anchor_w0.75	Calibrated mixture	True	selected_source_cv_mse < idw_source_cv_mse AND delta_source_cv_pearson > 0.03
50p_E2_to_E1	50% epiboly	E2	E1	454	tuba8l2	False	0.319787859916687	0.20596985518932343	0.11381800472736359	0.34463196992874146	0.4003363847732544	0.05570441484451294	True	True	False	global_anchor_w0.50	Calibrated mixture	True	selected_source_cv_mse < idw_source_cv_mse AND delta_source_cv_pearson > 0.03
50p_E2_to_E1	50% epiboly	E2	E1	455	tuba8l4	False	0.8869743347167969	0.38800472021102905	0.4989696145057678	0.06468860059976578	0.289444237947464	0.2247556373476982	True	True	False	local_anchor_w0.75	Calibrated mixture	True	selected_source_cv_mse < idw_source_cv_mse AND delta_source_cv_pearson > 0.03
50p_E2_to_E1	50% epiboly	E2	E1	456	tubb2b	False	0.6661493182182312	0.24877744913101196	0.41737186908721924	0.11317482590675354	0.19387894868850708	0.08070412278175354	True	True	False	local_anchor_w0.75	Calibrated mixture	True	selected_source_cv_mse < idw_source_cv_mse AND delta_source_cv_pearson > 0.03
50p_E2_to_E1	50% epiboly	E2	E1	457	twist1a	False	0.1422048807144165	0.06959690898656845	0.07260797172784805	0.2095443159341812	0.25037142634391785	0.04082711040973663	True	True	False	local_anchor_w0.75	Calibrated mixture	True	selected_source_cv_mse < idw_source_cv_mse AND delta_source_cv_pearson > 0.03
50p_E2_to_E1	50% epiboly	E2	E1	458	twist2	False	0.4791475832462311	0.12053873389959335	0.3586088493466377	0.2223588079214096	0.3693637251853943	0.14700491726398468	True	True	False	local_anchor_w0.75	Calibrated mixture	True	selected_source_cv_mse < idw_source_cv_mse AND delta_source_cv_pearson > 0.03
50p_E2_to_E1	50% epiboly	E2	E1	459	ube2c	False	0.27052825689315796	0.05640266463160515	0.2141255922615528	0.33445969223976135	0.39807209372520447	0.06361240148544312	True	True	False	global_anchor_w0.75	Calibrated mixture	True	selected_source_cv_mse < idw_source_cv_mse AND delta_source_cv_pearson > 0.03
50p_E2_to_E1	50% epiboly	E2	E1	460	uhrf1	False	0.8446448445320129	0.4015982449054718	0.44304659962654114	0.0337190255522728	0.10876450687646866	0.07504548132419586	True	True	False	local_anchor_w0.25	Calibrated mixture	True	selected_source_cv_mse < idw_source_cv_mse AND delta_source_cv_pearson > 0.03
50p_E2_to_E1	50% epiboly	E2	E1	461	unc5b	False	0.3314298093318939	0.06506308913230896	0.26636672019958496	0.31048834323883057	0.46006104350090027	0.1495727002620697	True	True	False	global_anchor_w1.00	Anchor-only	True	selected_source_cv_mse < idw_source_cv_mse AND delta_source_cv_pearson > 0.03
50p_E2_to_E1	50% epiboly	E2	E1	462	uncx4.1	False	0.46057969331741333	0.12628842890262604	0.3342912644147873	0.46258607506752014	0.6274430155754089	0.1648569405078888	True	True	False	local_anchor_w0.75	Calibrated mixture	True	selected_source_cv_mse < idw_source_cv_mse AND delta_source_cv_pearson > 0.03
50p_E2_to_E1	50% epiboly	E2	E1	463	unga	False	0.6560850739479065	0.24502092599868774	0.41106414794921875	0.3051612079143524	0.5326705574989319	0.22750934958457947	True	True	False	global_anchor_w0.50	Calibrated mixture	True	selected_source_cv_mse < idw_source_cv_mse AND delta_source_cv_pearson > 0.03
50p_E2_to_E1	50% epiboly	E2	E1	464	usf1	False	0.37936750054359436	0.11957371234893799	0.25979378819465637	0.3487551510334015	0.449687123298645	0.10093197226524353	True	True	False	global_anchor_w0.75	Calibrated mixture	True	selected_source_cv_mse < idw_source_cv_mse AND delta_source_cv_pearson > 0.03
50p_E2_to_E1	50% epiboly	E2	E1	465	ved	False	0.5705746412277222	0.408964604139328	0.16161003708839417	0.35781240463256836	0.4090037941932678	0.05119138956069946	True	True	False	local_anchor_w0.50	Calibrated mixture	True	selected_source_cv_mse < idw_source_cv_mse AND delta_source_cv_pearson > 0.03
50p_E2_to_E1	50% epiboly	E2	E1	466	vent	True	1.0000007152557373	0.28906819224357605	0.7109325230121613	2.840547796978399e-10	0.9443984031677246	0.9443984028836698	True	False	True	global_anchor_w0.00	IDW fallback	False	selected_source_cv_mse < idw_source_cv_mse AND delta_source_cv_pearson > 0.03
50p_E2_to_E1	50% epiboly	E2	E1	467	vgll4l	True	1.0000005960464478	0.2188231498003006	0.7811774462461472	2.572928814448261e-10	0.8316912055015564	0.8316912052442635	True	False	True	global_anchor_w0.00	IDW fallback	False	selected_source_cv_mse < idw_source_cv_mse AND delta_source_cv_pearson > 0.03
50p_E2_to_E1	50% epiboly	E2	E1	468	vox	False	0.593622088432312	0.16059912741184235	0.43302296102046967	0.31622743606567383	0.5528431534767151	0.23661571741104126	True	True	False	local_anchor_w0.75	Calibrated mixture	True	selected_source_cv_mse < idw_source_cv_mse AND delta_source_cv_pearson > 0.03
50p_E2_to_E1	50% epiboly	E2	E1	469	vrtn	False	0.8577142953872681	0.27435195446014404	0.583362340927124	0.10887087136507034	0.3860161006450653	0.27714522927999496	True	True	False	local_anchor_w0.25	Calibrated mixture	True	selected_source_cv_mse < idw_source_cv_mse AND delta_source_cv_pearson > 0.03
50p_E2_to_E1	50% epiboly	E2	E1	470	vsx2	False	0.4437582194805145	0.08138855546712875	0.3623696640133858	0.291383296251297	0.4911969006061554	0.1998136043548584	True	True	False	global_anchor_w1.00	Anchor-only	True	selected_source_cv_mse < idw_source_cv_mse AND delta_source_cv_pearson > 0.03
50p_E2_to_E1	50% epiboly	E2	E1	471	wnt11f2	False	0.8640018105506897	0.6622096300125122	0.2017921805381775	0.7209985256195068	1.5829834938049316	0.8619849681854248	True	True	False	local_anchor_w0.25	Calibrated mixture	True	selected_source_cv_mse < idw_source_cv_mse AND delta_source_cv_pearson > 0.03
50p_E2_to_E1	50% epiboly	E2	E1	472	wnt8a	False	0.4299052357673645	0.19536849856376648	0.23453673720359802	0.3614206612110138	0.45938798785209656	0.09796732664108276	True	True	False	local_anchor_w0.50	Calibrated mixture	True	selected_source_cv_mse < idw_source_cv_mse AND delta_source_cv_pearson > 0.03
50p_E2_to_E1	50% epiboly	E2	E1	473	xbp1	False	0.6745710968971252	0.3846966028213501	0.28987449407577515	0.15237945318222046	0.2747996151447296	0.12242016196250916	True	True	False	local_anchor_w0.50	Calibrated mixture	True	selected_source_cv_mse < idw_source_cv_mse AND delta_source_cv_pearson > 0.03
50p_E2_to_E1	50% epiboly	E2	E1	474	ypel3	False	0.6527119278907776	0.21377471089363098	0.4389372169971466	0.3429865837097168	0.6180680990219116	0.2750815153121948	True	True	False	local_anchor_w0.75	Calibrated mixture	True	selected_source_cv_mse < idw_source_cv_mse AND delta_source_cv_pearson > 0.03
50p_E2_to_E1	50% epiboly	E2	E1	475	zbtb18	False	0.47354140877723694	0.04960707947611809	0.42393432930111885	0.32457616925239563	0.46418297290802	0.1396068036556244	True	True	False	global_anchor_w1.00	Anchor-only	True	selected_source_cv_mse < idw_source_cv_mse AND delta_source_cv_pearson > 0.03
50p_E2_to_E1	50% epiboly	E2	E1	476	zc4h2	False	0.5249621868133545	0.14745281636714935	0.37750937044620514	0.32884570956230164	0.46969661116600037	0.14085090160369873	True	True	False	local_anchor_w0.50	Calibrated mixture	True	selected_source_cv_mse < idw_source_cv_mse AND delta_source_cv_pearson > 0.03
50p_E2_to_E1	50% epiboly	E2	E1	477	zeb1a	False	0.712020218372345	0.2583090364933014	0.4537111818790436	0.3287695348262787	0.7253009676933289	0.39653143286705017	True	True	False	local_anchor_w0.50	Calibrated mixture	True	selected_source_cv_mse < idw_source_cv_mse AND delta_source_cv_pearson > 0.03
50p_E2_to_E1	50% epiboly	E2	E1	478	zeb1b	False	0.5093966126441956	0.19604983925819397	0.3133467733860016	0.3451516330242157	0.4789089858531952	0.1337573528289795	True	True	False	local_anchor_w0.75	Calibrated mixture	True	selected_source_cv_mse < idw_source_cv_mse AND delta_source_cv_pearson > 0.03
50p_E2_to_E1	50% epiboly	E2	E1	479	zeb2a	False	0.3639216423034668	0.07337500900030136	0.29054663330316544	0.31407344341278076	0.41034892201423645	0.09627547860145569	True	True	False	global_anchor_w1.00	Anchor-only	True	selected_source_cv_mse < idw_source_cv_mse AND delta_source_cv_pearson > 0.03
50p_E2_to_E1	50% epiboly	E2	E1	480	zeb2b	False	0.5132511854171753	0.23406659066677094	0.27918459475040436	0.4647858440876007	0.7294842600822449	0.26469841599464417	True	True	False	local_anchor_w0.75	Calibrated mixture	True	selected_source_cv_mse < idw_source_cv_mse AND delta_source_cv_pearson > 0.03
50p_E2_to_E1	50% epiboly	E2	E1	481	zfand5a	False	0.29693785309791565	0.1233677789568901	0.17357007414102554	0.22277404367923737	0.2686889171600342	0.045914873480796814	True	True	False	global_anchor_w1.00	Anchor-only	True	selected_source_cv_mse < idw_source_cv_mse AND delta_source_cv_pearson > 0.03
50p_E2_to_E1	50% epiboly	E2	E1	482	zgc:113372	False	0.39058399200439453	0.10168389976024628	0.28890009224414825	0.20708589255809784	0.2945801615715027	0.08749426901340485	True	True	False	local_anchor_w0.75	Calibrated mixture	True	selected_source_cv_mse < idw_source_cv_mse AND delta_source_cv_pearson > 0.03
50p_E2_to_E1	50% epiboly	E2	E1	483	zgc:113424	False	0.4819853901863098	0.17264819145202637	0.30933719873428345	0.33709317445755005	0.5053869485855103	0.1682937741279602	True	True	False	local_anchor_w0.75	Calibrated mixture	True	selected_source_cv_mse < idw_source_cv_mse AND delta_source_cv_pearson > 0.03
50p_E2_to_E1	50% epiboly	E2	E1	484	zgc:174154	False	0.353808730840683	0.1670391708612442	0.18676955997943878	0.2364037036895752	0.29591691493988037	0.059513211250305176	True	True	False	local_anchor_w0.75	Calibrated mixture	True	selected_source_cv_mse < idw_source_cv_mse AND delta_source_cv_pearson > 0.03
50p_E2_to_E1	50% epiboly	E2	E1	485	zgc:175088	True	1.0000001192092896	0.14721110463142395	0.8527890145778656	5.982482564892422e-11	0.3470169007778168	0.34701690071799196	True	False	True	global_anchor_w0.00	IDW fallback	False	selected_source_cv_mse < idw_source_cv_mse AND delta_source_cv_pearson > 0.03
50p_E2_to_E1	50% epiboly	E2	E1	486	zic2a	False	0.7035822868347168	0.28942573070526123	0.41415655612945557	0.47373297810554504	1.0051268339157104	0.5313938558101654	True	True	False	local_anchor_w0.75	Calibrated mixture	True	selected_source_cv_mse < idw_source_cv_mse AND delta_source_cv_pearson > 0.03
50p_E2_to_E1	50% epiboly	E2	E1	487	zic2b	False	0.8974993228912354	0.41893211007118225	0.4785672128200531	0.28734204173088074	1.505704641342163	1.2183625996112823	True	True	False	local_anchor_w0.25	Calibrated mixture	True	selected_source_cv_mse < idw_source_cv_mse AND delta_source_cv_pearson > 0.03
50p_E2_to_E1	50% epiboly	E2	E1	488	zic3	False	0.564997136592865	0.4457140266895294	0.11928310990333557	0.38511189818382263	0.5004088282585144	0.11529693007469177	True	True	False	global_anchor_w0.25	Calibrated mixture	True	selected_source_cv_mse < idw_source_cv_mse AND delta_source_cv_pearson > 0.03
50p_E2_to_E1	50% epiboly	E2	E1	489	zmp:0000000624	False	0.3675437569618225	0.025289487093687057	0.34225426986813545	0.33254870772361755	0.4315852224826813	0.09903651475906372	True	True	False	global_anchor_w1.00	Anchor-only	True	selected_source_cv_mse < idw_source_cv_mse AND delta_source_cv_pearson > 0.03
50p_E2_to_E1	50% epiboly	E2	E1	490	znf1004	False	0.7358644008636475	0.30857768654823303	0.42728671431541443	0.23287853598594666	0.5226138830184937	0.289735347032547	True	True	False	local_anchor_w0.75	Calibrated mixture	True	selected_source_cv_mse < idw_source_cv_mse AND delta_source_cv_pearson > 0.03
50p_E2_to_E1	50% epiboly	E2	E1	491	znf185	False	0.9234325885772705	0.16411744058132172	0.7593151479959488	0.3336902856826782	3.8192970752716064	3.4856067895889282	True	True	False	global_anchor_w0.75	Calibrated mixture	True	selected_source_cv_mse < idw_source_cv_mse AND delta_source_cv_pearson > 0.03
50p_E2_to_E1	50% epiboly	E2	E1	492	znf576.2	False	0.43981486558914185	0.1846972405910492	0.25511762499809265	0.12506525218486786	0.1555776447057724	0.03051239252090454	True	True	False	local_anchor_w0.50	Calibrated mixture	True	selected_source_cv_mse < idw_source_cv_mse AND delta_source_cv_pearson > 0.03
50p_E2_to_E1	50% epiboly	E2	E1	493	znfl2a	False	0.7163686156272888	0.26322996616363525	0.45313864946365356	0.3360571265220642	0.6631459593772888	0.3270888328552246	True	True	False	global_anchor_w0.25	Calibrated mixture	True	selected_source_cv_mse < idw_source_cv_mse AND delta_source_cv_pearson > 0.03
50p_E2_to_E1	50% epiboly	E2	E1	494	zswim5	False	0.6349026560783386	0.49996569752693176	0.13493695855140686	0.2828977406024933	0.35832029581069946	0.07542255520820618	True	True	False	local_anchor_w0.50	Calibrated mixture	True	selected_source_cv_mse < idw_source_cv_mse AND delta_source_cv_pearson > 0.03
75p_E1_to_E2	75% epiboly	E1	E2	0	ackr3b	False	0.5431353449821472	0.26654812693595886	0.27658721804618835	0.49039173126220703	0.755904495716095	0.26551276445388794	True	True	False	local_anchor_w0.75	Calibrated mixture	True	selected_source_cv_mse < idw_source_cv_mse AND delta_source_cv_pearson > 0.03
75p_E1_to_E2	75% epiboly	E1	E2	1	acvr1ba	False	0.5452938675880432	0.31622496247291565	0.22906890511512756	0.32586944103240967	0.43022844195365906	0.10435900092124939	True	True	False	local_anchor_w0.75	Calibrated mixture	True	selected_source_cv_mse < idw_source_cv_mse AND delta_source_cv_pearson > 0.03
75p_E1_to_E2	75% epiboly	E1	E2	2	add3b	False	0.8278565406799316	0.24581952393054962	0.582037016749382	0.17554788291454315	0.5439864993095398	0.36843861639499664	True	True	False	local_anchor_w0.50	Calibrated mixture	True	selected_source_cv_mse < idw_source_cv_mse AND delta_source_cv_pearson > 0.03
75p_E1_to_E2	75% epiboly	E1	E2	3	adka	False	0.4948172867298126	0.3249668776988983	0.1698504090309143	0.21804198622703552	0.29393792152404785	0.07589593529701233	True	True	False	global_anchor_w0.50	Calibrated mixture	True	selected_source_cv_mse < idw_source_cv_mse AND delta_source_cv_pearson > 0.03
75p_E1_to_E2	75% epiboly	E1	E2	4	admp	False	0.6941132545471191	0.6156604886054993	0.07845276594161987	0.7188234925270081	0.8953433036804199	0.17651981115341187	True	True	False	local_anchor_w0.00	Local residual	True	selected_source_cv_mse < idw_source_cv_mse AND delta_source_cv_pearson > 0.03
75p_E1_to_E2	75% epiboly	E1	E2	5	ahi1	False	0.6594603657722473	0.411710262298584	0.24775010347366333	0.33655592799186707	0.5203973054885864	0.18384137749671936	True	True	False	local_anchor_w0.50	Calibrated mixture	True	selected_source_cv_mse < idw_source_cv_mse AND delta_source_cv_pearson > 0.03
75p_E1_to_E2	75% epiboly	E1	E2	6	akap12b	False	0.5585067272186279	0.3136098086833954	0.24489691853523254	0.11175649613142014	0.15941183269023895	0.04765533655881882	True	True	False	global_anchor_w0.50	Calibrated mixture	True	selected_source_cv_mse < idw_source_cv_mse AND delta_source_cv_pearson > 0.03
75p_E1_to_E2	75% epiboly	E1	E2	7	alcamb	False	0.8879219889640808	0.23536010086536407	0.6525618880987167	0.29664820432662964	1.8710391521453857	1.574390947818756	True	True	False	global_anchor_w1.00	Anchor-only	True	selected_source_cv_mse < idw_source_cv_mse AND delta_source_cv_pearson > 0.03
75p_E1_to_E2	75% epiboly	E1	E2	8	aldob	False	0.7967560291290283	0.41013288497924805	0.3866231441497803	0.15543723106384277	0.3680948317050934	0.2126576006412506	True	True	False	local_anchor_w0.50	Calibrated mixture	True	selected_source_cv_mse < idw_source_cv_mse AND delta_source_cv_pearson > 0.03
75p_E1_to_E2	75% epiboly	E1	E2	9	anp32e	False	0.8238885998725891	0.25269582867622375	0.5711927711963654	0.14497213065624237	0.4422566294670105	0.2972844988107681	True	True	False	local_anchor_w0.50	Calibrated mixture	True	selected_source_cv_mse < idw_source_cv_mse AND delta_source_cv_pearson > 0.03
75p_E1_to_E2	75% epiboly	E1	E2	10	apex1	False	0.2496395856142044	0.05975789576768875	0.18988168984651566	0.21490149199962616	0.25633659958839417	0.041435107588768005	True	True	False	global_anchor_w1.00	Anchor-only	True	selected_source_cv_mse < idw_source_cv_mse AND delta_source_cv_pearson > 0.03
75p_E1_to_E2	75% epiboly	E1	E2	11	aplnra	False	0.6725722551345825	0.0805220752954483	0.5920501798391342	0.6064932942390442	1.374833583831787	0.7683402895927429	True	True	False	global_anchor_w0.75	Calibrated mixture	True	selected_source_cv_mse < idw_source_cv_mse AND delta_source_cv_pearson > 0.03
75p_E1_to_E2	75% epiboly	E1	E2	12	aplnrb	False	0.2632197141647339	0.10019293427467346	0.16302677989006042	0.30218592286109924	0.36509984731674194	0.0629139244556427	True	True	False	local_anchor_w0.75	Calibrated mixture	True	selected_source_cv_mse < idw_source_cv_mse AND delta_source_cv_pearson > 0.03
75p_E1_to_E2	75% epiboly	E1	E2	13	apoc1	False	0.7169941067695618	0.6574229001998901	0.05957120656967163	0.3241223990917206	0.36653855443000793	0.042416155338287354	True	True	False	global_anchor_w0.50	Calibrated mixture	True	selected_source_cv_mse < idw_source_cv_mse AND delta_source_cv_pearson > 0.03
75p_E1_to_E2	75% epiboly	E1	E2	14	arf5	False	0.3777133822441101	0.24745655059814453	0.13025683164596558	0.20982734858989716	0.2449589967727661	0.03513164818286896	True	True	False	local_anchor_w0.25	Calibrated mixture	True	selected_source_cv_mse < idw_source_cv_mse AND delta_source_cv_pearson > 0.03
75p_E1_to_E2	75% epiboly	E1	E2	15	arhgap5	False	0.13885930180549622	0.025444867089390755	0.11341443471610546	0.23654602468013763	0.27883797883987427	0.04229195415973663	True	True	False	global_anchor_w1.00	Anchor-only	True	selected_source_cv_mse < idw_source_cv_mse AND delta_source_cv_pearson > 0.03
75p_E1_to_E2	75% epiboly	E1	E2	16	arl4aa	False	0.4369724690914154	0.09241311997175217	0.34455934911966324	0.30227839946746826	0.48660001158714294	0.18432161211967468	True	True	False	local_anchor_w0.75	Calibrated mixture	True	selected_source_cv_mse < idw_source_cv_mse AND delta_source_cv_pearson > 0.03
75p_E1_to_E2	75% epiboly	E1	E2	17	arl4ab	False	0.5380412936210632	0.3020426332950592	0.23599866032600403	0.30025017261505127	0.46335965394973755	0.16310948133468628	True	True	False	local_anchor_w0.75	Calibrated mixture	True	selected_source_cv_mse < idw_source_cv_mse AND delta_source_cv_pearson > 0.03
75p_E1_to_E2	75% epiboly	E1	E2	18	arl4d	False	0.6934295296669006	0.5368064641952515	0.15662306547164917	0.40939202904701233	0.5605874061584473	0.15119537711143494	True	True	False	local_anchor_w0.50	Calibrated mixture	True	selected_source_cv_mse < idw_source_cv_mse AND delta_source_cv_pearson > 0.03
75p_E1_to_E2	75% epiboly	E1	E2	19	arl6ip5a	False	0.5073800683021545	0.048848479986190796	0.45853158831596375	0.2621716856956482	0.4596724510192871	0.19750076532363892	True	True	False	local_anchor_w0.75	Calibrated mixture	True	selected_source_cv_mse < idw_source_cv_mse AND delta_source_cv_pearson > 0.03
75p_E1_to_E2	75% epiboly	E1	E2	20	aspm	False	0.21259430050849915	0.04353368282318115	0.169060617685318	0.3093384802341461	0.3669745922088623	0.057636111974716187	True	True	False	local_anchor_w0.50	Calibrated mixture	True	selected_source_cv_mse < idw_source_cv_mse AND delta_source_cv_pearson > 0.03
75p_E1_to_E2	75% epiboly	E1	E2	21	atf6	False	0.613357663154602	0.23551973700523376	0.3778379261493683	0.2971145212650299	0.5249204039573669	0.22780588269233704	True	True	False	local_anchor_w0.75	Calibrated mixture	True	selected_source_cv_mse < idw_source_cv_mse AND delta_source_cv_pearson > 0.03
75p_E1_to_E2	75% epiboly	E1	E2	22	atoh1c	False	0.28516536951065063	0.11604160070419312	0.16912376880645752	0.10857179015874863	0.13037611544132233	0.0218043252825737	True	True	False	global_anchor_w1.00	Anchor-only	True	selected_source_cv_mse < idw_source_cv_mse AND delta_source_cv_pearson > 0.03
75p_E1_to_E2	75% epiboly	E1	E2	23	atp2b1a	False	0.7277783751487732	0.054970283061265945	0.6728080920875072	0.35419708490371704	0.9064379334449768	0.5522408485412598	True	True	False	local_anchor_w0.75	Calibrated mixture	True	selected_source_cv_mse < idw_source_cv_mse AND delta_source_cv_pearson > 0.03
75p_E1_to_E2	75% epiboly	E1	E2	24	atrxl	False	0.5798287391662598	0.15535983443260193	0.42446890473365784	0.16700509190559387	0.25476789474487305	0.08776280283927917	True	True	False	local_anchor_w0.75	Calibrated mixture	True	selected_source_cv_mse < idw_source_cv_mse AND delta_source_cv_pearson > 0.03
75p_E1_to_E2	75% epiboly	E1	E2	25	aurkb	False	0.32860201597213745	0.06630213558673859	0.26229988038539886	0.2319570779800415	0.2644731402397156	0.03251606225967407	True	True	False	local_anchor_w0.75	Calibrated mixture	True	selected_source_cv_mse < idw_source_cv_mse AND delta_source_cv_pearson > 0.03
75p_E1_to_E2	75% epiboly	E1	E2	26	axin2	False	0.5315998792648315	0.49713289737701416	0.03446698188781738	0.33808231353759766	0.3785072863101959	0.04042497277259827	True	True	False	local_anchor_w0.25	Calibrated mixture	True	selected_source_cv_mse < idw_source_cv_mse AND delta_source_cv_pearson > 0.03
75p_E1_to_E2	75% epiboly	E1	E2	27	bach1b	False	0.5390462279319763	0.14549945294857025	0.39354677498340607	0.3684827983379364	0.6063392162322998	0.2378564178943634	True	True	False	global_anchor_w0.75	Calibrated mixture	True	selected_source_cv_mse < idw_source_cv_mse AND delta_source_cv_pearson > 0.03
75p_E1_to_E2	75% epiboly	E1	E2	28	bambia	False	0.875989556312561	0.8409872055053711	0.03500235080718994	0.4439484179019928	0.5113946199417114	0.06744620203971863	True	True	False	global_anchor_w0.00	Global residual	True	selected_source_cv_mse < idw_source_cv_mse AND delta_source_cv_pearson > 0.03
75p_E1_to_E2	75% epiboly	E1	E2	29	baz1b	False	0.5575838088989258	0.16834206879138947	0.3892417401075363	0.28834056854248047	0.45213279128074646	0.163792222738266	True	True	False	global_anchor_w0.75	Calibrated mixture	True	selected_source_cv_mse < idw_source_cv_mse AND delta_source_cv_pearson > 0.03
75p_E1_to_E2	75% epiboly	E1	E2	30	bcl2l1	False	0.4622288644313812	0.03305993229150772	0.4291689321398735	0.32698628306388855	0.5345205664634705	0.2075342833995819	True	True	False	local_anchor_w0.75	Calibrated mixture	True	selected_source_cv_mse < idw_source_cv_mse AND delta_source_cv_pearson > 0.03
75p_E1_to_E2	75% epiboly	E1	E2	31	bhlha15	False	0.3183383047580719	0.06222496181726456	0.25611334294080734	0.2635401487350464	0.31390491127967834	0.05036476254463196	True	True	False	global_anchor_w1.00	Anchor-only	True	selected_source_cv_mse < idw_source_cv_mse AND delta_source_cv_pearson > 0.03
75p_E1_to_E2	75% epiboly	E1	E2	32	blf	False	0.1913691610097885	0.07685109972953796	0.11451806128025055	0.12488676607608795	0.1654823273420334	0.040595561265945435	True	True	False	global_anchor_w1.00	Anchor-only	True	selected_source_cv_mse < idw_source_cv_mse AND delta_source_cv_pearson > 0.03
75p_E1_to_E2	75% epiboly	E1	E2	33	bmp2b	False	0.8285102248191833	0.7872555255889893	0.04125469923019409	0.4828792214393616	0.639903724193573	0.15702450275421143	True	True	False	global_anchor_w0.25	Calibrated mixture	True	selected_source_cv_mse < idw_source_cv_mse AND delta_source_cv_pearson > 0.03
75p_E1_to_E2	75% epiboly	E1	E2	34	bmp4	False	0.8126236200332642	0.7210386395454407	0.09158498048782349	0.4494587481021881	0.5610085725784302	0.11154982447624207	True	True	False	global_anchor_w0.50	Calibrated mixture	True	selected_source_cv_mse < idw_source_cv_mse AND delta_source_cv_pearson > 0.03
75p_E1_to_E2	75% epiboly	E1	E2	35	bmp7a	False	0.862895131111145	0.7805541157722473	0.0823410153388977	0.30518990755081177	0.4790958762168884	0.17390596866607666	True	True	False	global_anchor_w0.25	Calibrated mixture	True	selected_source_cv_mse < idw_source_cv_mse AND delta_source_cv_pearson > 0.03
75p_E1_to_E2	75% epiboly	E1	E2	36	brd2a	False	0.36096757650375366	0.21737535297870636	0.1435922235250473	0.1144258975982666	0.1284756064414978	0.014049708843231201	True	True	False	global_anchor_w0.50	Calibrated mixture	True	selected_source_cv_mse < idw_source_cv_mse AND delta_source_cv_pearson > 0.03
75p_E1_to_E2	75% epiboly	E1	E2	37	btg2	False	0.6608591079711914	0.45099279284477234	0.20986631512641907	0.39956948161125183	0.5171515941619873	0.11758211255073547	True	True	False	local_anchor_w0.75	Calibrated mixture	True	selected_source_cv_mse < idw_source_cv_mse AND delta_source_cv_pearson > 0.03
75p_E1_to_E2	75% epiboly	E1	E2	38	c1qbp	False	0.6435301303863525	0.2750035226345062	0.3685266077518463	0.2324008196592331	0.40265485644340515	0.17025403678417206	True	True	False	local_anchor_w0.50	Calibrated mixture	True	selected_source_cv_mse < idw_source_cv_mse AND delta_source_cv_pearson > 0.03
75p_E1_to_E2	75% epiboly	E1	E2	39	C7H16orf87	False	0.21752366423606873	0.04673494026064873	0.17078872397542	0.2841144800186157	0.3715900480747223	0.08747556805610657	True	True	False	global_anchor_w1.00	Anchor-only	True	selected_source_cv_mse < idw_source_cv_mse AND delta_source_cv_pearson > 0.03
75p_E1_to_E2	75% epiboly	E1	E2	40	ca9	False	0.7238691449165344	0.4284878671169281	0.2953812777996063	0.32668742537498474	0.5757128596305847	0.24902543425559998	True	True	False	local_anchor_w0.50	Calibrated mixture	True	selected_source_cv_mse < idw_source_cv_mse AND delta_source_cv_pearson > 0.03
75p_E1_to_E2	75% epiboly	E1	E2	41	casz1	False	0.38865524530410767	0.017648041248321533	0.37100720405578613	0.2857550382614136	0.4127497375011444	0.12699469923973083	True	True	False	local_anchor_w0.75	Calibrated mixture	True	selected_source_cv_mse < idw_source_cv_mse AND delta_source_cv_pearson > 0.03
75p_E1_to_E2	75% epiboly	E1	E2	42	cbx3a	False	0.5806559920310974	0.32461392879486084	0.2560420632362366	0.18111005425453186	0.25983551144599915	0.07872545719146729	True	True	False	local_anchor_w0.25	Calibrated mixture	True	selected_source_cv_mse < idw_source_cv_mse AND delta_source_cv_pearson > 0.03
75p_E1_to_E2	75% epiboly	E1	E2	43	cbx5	False	0.5027405619621277	0.149566650390625	0.3531739115715027	0.17324911057949066	0.24434472620487213	0.07109561562538147	True	True	False	local_anchor_w0.50	Calibrated mixture	True	selected_source_cv_mse < idw_source_cv_mse AND delta_source_cv_pearson > 0.03
75p_E1_to_E2	75% epiboly	E1	E2	44	ccne2	False	0.1833338737487793	0.10291483998298645	0.08041903376579285	0.35278648138046265	0.4192207157611847	0.06643423438072205	True	True	False	local_anchor_w0.75	Calibrated mixture	True	selected_source_cv_mse < idw_source_cv_mse AND delta_source_cv_pearson > 0.03
75p_E1_to_E2	75% epiboly	E1	E2	45	ccnf	False	0.3972860276699066	0.06466098874807358	0.33262503892183304	0.21486589312553406	0.269474059343338	0.054608166217803955	True	True	False	local_anchor_w0.75	Calibrated mixture	True	selected_source_cv_mse < idw_source_cv_mse AND delta_source_cv_pearson > 0.03
75p_E1_to_E2	75% epiboly	E1	E2	46	ccng1	False	0.48263317346572876	0.28694769740104675	0.195685476064682	0.20323599874973297	0.2620970606803894	0.05886106193065643	True	True	False	local_anchor_w0.50	Calibrated mixture	True	selected_source_cv_mse < idw_source_cv_mse AND delta_source_cv_pearson > 0.03
75p_E1_to_E2	75% epiboly	E1	E2	47	cd63	False	0.29364463686943054	0.09890978038311005	0.1947348564863205	0.30523213744163513	0.3639467656612396	0.05871462821960449	True	True	False	global_anchor_w1.00	Anchor-only	True	selected_source_cv_mse < idw_source_cv_mse AND delta_source_cv_pearson > 0.03
75p_E1_to_E2	75% epiboly	E1	E2	48	cdc14b	False	0.5913127660751343	0.08327290415763855	0.5080398619174957	0.26204341650009155	0.42658400535583496	0.1645405888557434	True	True	False	local_anchor_w0.75	Calibrated mixture	True	selected_source_cv_mse < idw_source_cv_mse AND delta_source_cv_pearson > 0.03
75p_E1_to_E2	75% epiboly	E1	E2	49	cdc42ep4a	False	0.18366692960262299	0.08383622020483017	0.09983070939779282	0.2580619752407074	0.3204829692840576	0.06242099404335022	True	True	False	global_anchor_w1.00	Anchor-only	True	selected_source_cv_mse < idw_source_cv_mse AND delta_source_cv_pearson > 0.03
75p_E1_to_E2	75% epiboly	E1	E2	50	cdca8	False	0.2779354155063629	0.10065310448408127	0.17728231102228165	0.26948779821395874	0.31325653195381165	0.043768733739852905	True	True	False	local_anchor_w0.50	Calibrated mixture	True	selected_source_cv_mse < idw_source_cv_mse AND delta_source_cv_pearson > 0.03
75p_E1_to_E2	75% epiboly	E1	E2	51	cdh1	False	0.8188415169715881	0.06658830493688583	0.7522532120347023	0.24285811185836792	1.1731417179107666	0.9302836060523987	True	True	False	global_anchor_w0.75	Calibrated mixture	True	selected_source_cv_mse < idw_source_cv_mse AND delta_source_cv_pearson > 0.03
75p_E1_to_E2	75% epiboly	E1	E2	52	cdh2	False	0.6689053177833557	0.06424779444932938	0.6046575233340263	0.2994420528411865	0.6319652795791626	0.3325232267379761	True	True	False	local_anchor_w0.75	Calibrated mixture	True	selected_source_cv_mse < idw_source_cv_mse AND delta_source_cv_pearson > 0.03
75p_E1_to_E2	75% epiboly	E1	E2	53	cdh6	True	1.000003695487976	0.03813641145825386	0.9618672840297222	1.181571178676677e-06	1.7009131908416748	1.7009120092704961	True	False	True	global_anchor_w0.75	IDW fallback	False	selected_source_cv_mse < idw_source_cv_mse AND delta_source_cv_pearson > 0.03
75p_E1_to_E2	75% epiboly	E1	E2	54	cdkn1ca	False	0.36514562368392944	0.2061907947063446	0.15895482897758484	0.41133913397789	0.5159000754356384	0.10456094145774841	True	True	False	local_anchor_w0.25	Calibrated mixture	True	selected_source_cv_mse < idw_source_cv_mse AND delta_source_cv_pearson > 0.03
75p_E1_to_E2	75% epiboly	E1	E2	55	cdt1	False	0.6738694310188293	0.06336881965398788	0.6105006113648415	0.14691492915153503	0.28414320945739746	0.13722828030586243	True	True	False	local_anchor_w0.50	Calibrated mixture	True	selected_source_cv_mse < idw_source_cv_mse AND delta_source_cv_pearson > 0.03
75p_E1_to_E2	75% epiboly	E1	E2	56	cdx1a	False	0.8576198816299438	0.8186037540435791	0.039016127586364746	0.42496538162231445	0.49196431040763855	0.0669989287853241	True	True	False	local_anchor_w0.25	Calibrated mixture	True	selected_source_cv_mse < idw_source_cv_mse AND delta_source_cv_pearson > 0.03
75p_E1_to_E2	75% epiboly	E1	E2	57	cdx4	False	0.9574330449104309	0.9574330449104309	0.0	0.42179635167121887	0.42179635167121887	0.0	False	False	True	registered_idw	IDW fallback	False	selected_source_cv_mse < idw_source_cv_mse AND delta_source_cv_pearson > 0.03
75p_E1_to_E2	75% epiboly	E1	E2	58	cenpf	False	0.5718544125556946	0.1174064353108406	0.454447977244854	0.26687413454055786	0.42318466305732727	0.1563105285167694	True	True	False	global_anchor_w0.75	Calibrated mixture	True	selected_source_cv_mse < idw_source_cv_mse AND delta_source_cv_pearson > 0.03
75p_E1_to_E2	75% epiboly	E1	E2	59	cfl1l	False	0.2987048625946045	0.11291047185659409	0.1857943907380104	0.2960035800933838	0.3955530524253845	0.09954947233200073	True	True	False	global_anchor_w1.00	Anchor-only	True	selected_source_cv_mse < idw_source_cv_mse AND delta_source_cv_pearson > 0.03
75p_E1_to_E2	75% epiboly	E1	E2	60	chaf1a	False	0.6007702946662903	0.22509972751140594	0.37567056715488434	0.2298554927110672	0.35218650102615356	0.12233100831508636	True	True	False	local_anchor_w0.75	Calibrated mixture	True	selected_source_cv_mse < idw_source_cv_mse AND delta_source_cv_pearson > 0.03
75p_E1_to_E2	75% epiboly	E1	E2	61	chrd	False	0.899959921836853	0.8682748079299927	0.03168511390686035	0.5089642405509949	0.5565277338027954	0.04756349325180054	True	True	False	global_anchor_w0.25	Calibrated mixture	True	selected_source_cv_mse < idw_source_cv_mse AND delta_source_cv_pearson > 0.03
75p_E1_to_E2	75% epiboly	E1	E2	62	chst11	False	0.36797672510147095	0.20920656621456146	0.15877015888690948	0.3456384241580963	0.39548420906066895	0.04984578490257263	True	True	False	global_anchor_w0.50	Calibrated mixture	True	selected_source_cv_mse < idw_source_cv_mse AND delta_source_cv_pearson > 0.03
75p_E1_to_E2	75% epiboly	E1	E2	63	cldnd	False	0.21205462515354156	0.07137306779623032	0.14068155735731125	0.29067233204841614	0.37345626950263977	0.08278393745422363	True	True	False	local_anchor_w0.75	Calibrated mixture	True	selected_source_cv_mse < idw_source_cv_mse AND delta_source_cv_pearson > 0.03
75p_E1_to_E2	75% epiboly	E1	E2	64	clic4	False	0.5483574271202087	0.08976186066865921	0.45859556645154953	0.3745754361152649	0.5936763882637024	0.2191009521484375	True	True	False	local_anchor_w0.75	Calibrated mixture	True	selected_source_cv_mse < idw_source_cv_mse AND delta_source_cv_pearson > 0.03
75p_E1_to_E2	75% epiboly	E1	E2	65	clocka	False	0.16299855709075928	0.07051598280668259	0.09248257428407669	0.28998318314552307	0.35425639152526855	0.06427320837974548	True	True	False	global_anchor_w0.75	Calibrated mixture	True	selected_source_cv_mse < idw_source_cv_mse AND delta_source_cv_pearson > 0.03
75p_E1_to_E2	75% epiboly	E1	E2	66	cmtm6	False	0.39771297574043274	0.06099909916520119	0.33671387657523155	0.30664345622062683	0.3904367983341217	0.08379334211349487	True	True	False	local_anchor_w0.75	Calibrated mixture	True	selected_source_cv_mse < idw_source_cv_mse AND delta_source_cv_pearson > 0.03
75p_E1_to_E2	75% epiboly	E1	E2	67	cnmd	False	0.1468692570924759	0.059582021087408066	0.08728723600506783	0.20182473957538605	0.2371361404657364	0.03531140089035034	True	True	False	global_anchor_w0.75	Calibrated mixture	True	selected_source_cv_mse < idw_source_cv_mse AND delta_source_cv_pearson > 0.03
75p_E1_to_E2	75% epiboly	E1	E2	68	cnn3a	False	0.356183260679245	0.08987805247306824	0.26630520820617676	0.34372085332870483	0.4310942590236664	0.08737340569496155	True	True	False	global_anchor_w0.75	Calibrated mixture	True	selected_source_cv_mse < idw_source_cv_mse AND delta_source_cv_pearson > 0.03
75p_E1_to_E2	75% epiboly	E1	E2	69	coq10b	False	0.23612843453884125	0.09068694710731506	0.14544148743152618	0.2995990216732025	0.3620830476284027	0.062484025955200195	True	True	False	global_anchor_w0.75	Calibrated mixture	True	selected_source_cv_mse < idw_source_cv_mse AND delta_source_cv_pearson > 0.03
75p_E1_to_E2	75% epiboly	E1	E2	70	crabp2b	True	0.9999973177909851	0.38937854766845703	0.6106187701225281	7.417359029204817e-07	0.8254442811012268	0.8254435393653239	True	False	True	global_anchor_w0.00	IDW fallback	False	selected_source_cv_mse < idw_source_cv_mse AND delta_source_cv_pearson > 0.03
75p_E1_to_E2	75% epiboly	E1	E2	71	creb3l1	False	0.4189257323741913	0.11797700822353363	0.30094872415065765	0.29999634623527527	0.5920606255531311	0.29206427931785583	True	True	False	local_anchor_w0.75	Calibrated mixture	True	selected_source_cv_mse < idw_source_cv_mse AND delta_source_cv_pearson > 0.03
75p_E1_to_E2	75% epiboly	E1	E2	72	creb3l2	False	0.5033783912658691	0.13764530420303345	0.3657330870628357	0.4124400019645691	0.6345770359039307	0.22213703393936157	True	True	False	global_anchor_w0.75	Calibrated mixture	True	selected_source_cv_mse < idw_source_cv_mse AND delta_source_cv_pearson > 0.03
75p_E1_to_E2	75% epiboly	E1	E2	73	csrp1a	False	0.35135674476623535	0.15334618091583252	0.19801056385040283	0.3045799136161804	0.3833788335323334	0.07879891991615295	True	True	False	global_anchor_w1.00	Anchor-only	True	selected_source_cv_mse < idw_source_cv_mse AND delta_source_cv_pearson > 0.03
75p_E1_to_E2	75% epiboly	E1	E2	74	cst3	False	0.6939679384231567	0.08403322845697403	0.6099347099661827	0.37900981307029724	0.9018393754959106	0.5228295624256134	True	True	False	local_anchor_w0.75	Calibrated mixture	True	selected_source_cv_mse < idw_source_cv_mse AND delta_source_cv_pearson > 0.03
75p_E1_to_E2	75% epiboly	E1	E2	75	ctcf	False	0.7718831896781921	0.2813713848590851	0.49051180481910706	0.043457143008708954	0.10283824801445007	0.05938110500574112	True	True	False	local_anchor_w0.50	Calibrated mixture	True	selected_source_cv_mse < idw_source_cv_mse AND delta_source_cv_pearson > 0.03
75p_E1_to_E2	75% epiboly	E1	E2	76	cth1	False	0.2634313404560089	0.030774781480431557	0.23265655897557735	0.2961218059062958	0.3650015592575073	0.06887975335121155	True	True	False	local_anchor_w0.75	Calibrated mixture	True	selected_source_cv_mse < idw_source_cv_mse AND delta_source_cv_pearson > 0.03
75p_E1_to_E2	75% epiboly	E1	E2	77	CU570769.1	False	0.127926766872406	0.023108581081032753	0.10481818579137325	0.23419415950775146	0.29479819536209106	0.0606040358543396	True	True	False	global_anchor_w1.00	Anchor-only	True	selected_source_cv_mse < idw_source_cv_mse AND delta_source_cv_pearson > 0.03
75p_E1_to_E2	75% epiboly	E1	E2	78	cux1a	False	0.2535877525806427	0.07641810178756714	0.17716965079307556	0.15567515790462494	0.2151399850845337	0.05946482717990875	True	True	False	global_anchor_w1.00	Anchor-only	True	selected_source_cv_mse < idw_source_cv_mse AND delta_source_cv_pearson > 0.03
75p_E1_to_E2	75% epiboly	E1	E2	79	cxcl12b	False	0.2534884810447693	0.13825449347496033	0.11523398756980896	0.1807442605495453	0.21718862652778625	0.03644436597824097	True	True	False	local_anchor_w0.75	Calibrated mixture	True	selected_source_cv_mse < idw_source_cv_mse AND delta_source_cv_pearson > 0.03
75p_E1_to_E2	75% epiboly	E1	E2	80	cxcr4a	False	0.37842971086502075	0.15379734337329865	0.2246323674917221	0.42529138922691345	0.5435962080955505	0.11830481886863708	True	True	False	global_anchor_w1.00	Anchor-only	True	selected_source_cv_mse < idw_source_cv_mse AND delta_source_cv_pearson > 0.03
75p_E1_to_E2	75% epiboly	E1	E2	81	dact2	False	0.6959731578826904	0.5530597567558289	0.14291340112686157	0.6480672359466553	0.9386963248252869	0.2906290888786316	True	True	False	local_anchor_w0.50	Calibrated mixture	True	selected_source_cv_mse < idw_source_cv_mse AND delta_source_cv_pearson > 0.03
75p_E1_to_E2	75% epiboly	E1	E2	82	dand5	False	0.18353748321533203	0.11182739585638046	0.07171008735895157	0.19197042286396027	0.2291855812072754	0.037215158343315125	True	True	False	global_anchor_w1.00	Anchor-only	True	selected_source_cv_mse < idw_source_cv_mse AND delta_source_cv_pearson > 0.03
75p_E1_to_E2	75% epiboly	E1	E2	83	dbx1a	False	0.4846585690975189	0.4014158248901367	0.0832427442073822	0.48219817876815796	0.4854142963886261	0.0032161176204681396	True	True	False	local_anchor_w0.50	Calibrated mixture	True	selected_source_cv_mse < idw_source_cv_mse AND delta_source_cv_pearson > 0.03
75p_E1_to_E2	75% epiboly	E1	E2	84	ddx4	False	0.6344836950302124	0.14749352633953094	0.48699016869068146	0.3471055030822754	0.6604282855987549	0.3133227825164795	True	True	False	local_anchor_w0.75	Calibrated mixture	True	selected_source_cv_mse < idw_source_cv_mse AND delta_source_cv_pearson > 0.03
75p_E1_to_E2	75% epiboly	E1	E2	85	dharma	False	0.18404428660869598	0.026653485372662544	0.15739080123603344	0.2119540125131607	0.28548485040664673	0.07353083789348602	True	True	False	global_anchor_w0.75	Calibrated mixture	True	selected_source_cv_mse < idw_source_cv_mse AND delta_source_cv_pearson > 0.03
75p_E1_to_E2	75% epiboly	E1	E2	86	dkc1	False	0.7429282069206238	0.17616115510463715	0.5667670518159866	0.09683221578598022	0.20889194309711456	0.11205972731113434	True	True	False	local_anchor_w0.50	Calibrated mixture	True	selected_source_cv_mse < idw_source_cv_mse AND delta_source_cv_pearson > 0.03
75p_E1_to_E2	75% epiboly	E1	E2	87	dkk1b	False	0.45547598600387573	0.25905612111091614	0.1964198648929596	0.2174302041530609	0.408582866191864	0.1911526620388031	True	True	False	global_anchor_w0.75	Calibrated mixture	True	selected_source_cv_mse < idw_source_cv_mse AND delta_source_cv_pearson > 0.03
75p_E1_to_E2	75% epiboly	E1	E2	88	dld	False	0.8540230393409729	0.7452864646911621	0.10873657464981079	0.5072974562644958	0.8445422649383545	0.33724480867385864	True	True	False	local_anchor_w0.25	Calibrated mixture	True	selected_source_cv_mse < idw_source_cv_mse AND delta_source_cv_pearson > 0.03
75p_E1_to_E2	75% epiboly	E1	E2	89	dlgap5	False	0.48529189825057983	0.09803277254104614	0.3872591257095337	0.1004849225282669	0.13921913504600525	0.03873421251773834	True	True	False	local_anchor_w0.75	Calibrated mixture	True	selected_source_cv_mse < idw_source_cv_mse AND delta_source_cv_pearson > 0.03
75p_E1_to_E2	75% epiboly	E1	E2	90	dlx3b	True	1.0000004768371582	0.49590837955474854	0.5040920972824097	1.0243868473480688e-06	1.7807708978652954	1.780769873478448	True	False	True	global_anchor_w0.00	IDW fallback	False	selected_source_cv_mse < idw_source_cv_mse AND delta_source_cv_pearson > 0.03
75p_E1_to_E2	75% epiboly	E1	E2	91	dmd	False	0.27797362208366394	0.09423720091581345	0.1837364211678505	0.10262127220630646	0.12344900518655777	0.020827732980251312	True	True	False	global_anchor_w1.00	Anchor-only	True	selected_source_cv_mse < idw_source_cv_mse AND delta_source_cv_pearson > 0.03
75p_E1_to_E2	75% epiboly	E1	E2	92	dnmt3bb.2	False	0.5963683724403381	0.21321655809879303	0.3831518143415451	0.22549760341644287	0.341896116733551	0.11639851331710815	True	True	False	local_anchor_w0.50	Calibrated mixture	True	selected_source_cv_mse < idw_source_cv_mse AND delta_source_cv_pearson > 0.03
75p_E1_to_E2	75% epiboly	E1	E2	93	drll.2	False	0.7373242974281311	0.4676458537578583	0.2696784436702728	0.5162540078163147	0.8292834162712097	0.313029408454895	True	True	False	local_anchor_w0.25	Calibrated mixture	True	selected_source_cv_mse < idw_source_cv_mse AND delta_source_cv_pearson > 0.03
75p_E1_to_E2	75% epiboly	E1	E2	94	drll.3	False	0.6385672092437744	0.32867929339408875	0.30988791584968567	0.3314987123012543	0.46953046321868896	0.1380317509174347	True	True	False	local_anchor_w0.75	Calibrated mixture	True	selected_source_cv_mse < idw_source_cv_mse AND delta_source_cv_pearson > 0.03
75p_E1_to_E2	75% epiboly	E1	E2	95	dscc1	False	0.16315500438213348	0.10025780647993088	0.0628971979022026	0.16485609114170074	0.20707888901233673	0.042222797870635986	True	True	False	local_anchor_w0.75	Calibrated mixture	True	selected_source_cv_mse < idw_source_cv_mse AND delta_source_cv_pearson > 0.03
75p_E1_to_E2	75% epiboly	E1	E2	96	dync1li1	False	0.16744427382946014	0.06527449935674667	0.10216977447271347	0.20947062969207764	0.28257647156715393	0.0731058418750763	True	True	False	global_anchor_w1.00	Anchor-only	True	selected_source_cv_mse < idw_source_cv_mse AND delta_source_cv_pearson > 0.03
75p_E1_to_E2	75% epiboly	E1	E2	97	dynll1	False	0.46392443776130676	0.24328045547008514	0.22064398229122162	0.39911359548568726	0.5991944670677185	0.20008087158203125	True	True	False	global_anchor_w0.75	Calibrated mixture	True	selected_source_cv_mse < idw_source_cv_mse AND delta_source_cv_pearson > 0.03
75p_E1_to_E2	75% epiboly	E1	E2	98	dynll2b	False	0.21792814135551453	0.08025709539651871	0.13767104595899582	0.3498308062553406	0.4006769359111786	0.05084612965583801	True	True	False	local_anchor_w0.50	Calibrated mixture	True	selected_source_cv_mse < idw_source_cv_mse AND delta_source_cv_pearson > 0.03
75p_E1_to_E2	75% epiboly	E1	E2	99	ednraa	False	0.5984548926353455	0.165566086769104	0.43288880586624146	0.3036547899246216	0.6181092858314514	0.31445449590682983	True	True	False	global_anchor_w0.75	Calibrated mixture	True	selected_source_cv_mse < idw_source_cv_mse AND delta_source_cv_pearson > 0.03
75p_E1_to_E2	75% epiboly	E1	E2	100	efemp2b	False	0.7602905035018921	0.693031907081604	0.06725859642028809	0.4001551866531372	0.5157918334007263	0.11563664674758911	True	True	False	local_anchor_w0.50	Calibrated mixture	True	selected_source_cv_mse < idw_source_cv_mse AND delta_source_cv_pearson > 0.03
75p_E1_to_E2	75% epiboly	E1	E2	101	efna1a	False	0.43262413144111633	0.11778998374938965	0.3148341476917267	0.40584996342658997	0.5363192558288574	0.13046929240226746	True	True	False	global_anchor_w0.75	Calibrated mixture	True	selected_source_cv_mse < idw_source_cv_mse AND delta_source_cv_pearson > 0.03
75p_E1_to_E2	75% epiboly	E1	E2	102	efnb2a	False	0.4868312180042267	0.1851089596748352	0.3017222583293915	0.2840070128440857	0.42953479290008545	0.14552778005599976	True	True	False	global_anchor_w0.75	Calibrated mixture	True	selected_source_cv_mse < idw_source_cv_mse AND delta_source_cv_pearson > 0.03
75p_E1_to_E2	75% epiboly	E1	E2	103	efnb2b	False	0.7605386972427368	0.3144446909427643	0.44609400629997253	0.3945912718772888	0.8915210366249084	0.49692976474761963	True	True	False	global_anchor_w1.00	Anchor-only	True	selected_source_cv_mse < idw_source_cv_mse AND delta_source_cv_pearson > 0.03
75p_E1_to_E2	75% epiboly	E1	E2	104	egln1b	False	0.3828311264514923	0.006376215256750584	0.3764549111947417	0.33240678906440735	0.4437076449394226	0.11130085587501526	True	True	False	global_anchor_w0.75	Calibrated mixture	True	selected_source_cv_mse < idw_source_cv_mse AND delta_source_cv_pearson > 0.03
75p_E1_to_E2	75% epiboly	E1	E2	105	eif3ea	False	0.3044593930244446	0.1177801564335823	0.18667923659086227	0.18859350681304932	0.21687063574790955	0.02827712893486023	True	True	False	local_anchor_w0.50	Calibrated mixture	True	selected_source_cv_mse < idw_source_cv_mse AND delta_source_cv_pearson > 0.03
75p_E1_to_E2	75% epiboly	E1	E2	106	elavl3	False	0.19026845693588257	0.09428241103887558	0.09598604589700699	0.2787105143070221	0.3222304880619049	0.04351997375488281	True	True	False	global_anchor_w0.75	Calibrated mixture	True	selected_source_cv_mse < idw_source_cv_mse AND delta_source_cv_pearson > 0.03
75p_E1_to_E2	75% epiboly	E1	E2	107	elf1	False	0.7969568967819214	0.051765840500593185	0.7451910562813282	0.4316962659358978	2.2851414680480957	1.8534452021121979	True	True	False	global_anchor_w0.75	Calibrated mixture	True	selected_source_cv_mse < idw_source_cv_mse AND delta_source_cv_pearson > 0.03
75p_E1_to_E2	75% epiboly	E1	E2	108	elob	False	0.25856345891952515	0.08994641155004501	0.16861704736948013	0.2436823844909668	0.32065635919570923	0.07697397470474243	True	True	False	local_anchor_w0.75	Calibrated mixture	True	selected_source_cv_mse < idw_source_cv_mse AND delta_source_cv_pearson > 0.03
75p_E1_to_E2	75% epiboly	E1	E2	109	emid1	False	0.19833381474018097	0.060540955513715744	0.13779285922646523	0.23167647421360016	0.27755677700042725	0.04588030278682709	True	True	False	local_anchor_w0.75	Calibrated mixture	True	selected_source_cv_mse < idw_source_cv_mse AND delta_source_cv_pearson > 0.03
75p_E1_to_E2	75% epiboly	E1	E2	110	emx2	False	0.2123902589082718	0.1286603957414627	0.08372986316680908	0.1731535941362381	0.20415595173835754	0.031002357602119446	True	True	False	local_anchor_w0.75	Calibrated mixture	True	selected_source_cv_mse < idw_source_cv_mse AND delta_source_cv_pearson > 0.03
75p_E1_to_E2	75% epiboly	E1	E2	111	emx3	False	0.2789584994316101	0.08494234085083008	0.19401615858078003	0.27963170409202576	0.3458062708377838	0.06617456674575806	True	True	False	local_anchor_w0.75	Calibrated mixture	True	selected_source_cv_mse < idw_source_cv_mse AND delta_source_cv_pearson > 0.03
75p_E1_to_E2	75% epiboly	E1	E2	112	epcam	False	0.7273554801940918	0.12194521725177765	0.6054102629423141	0.3123020529747009	1.2962944507598877	0.9839923977851868	True	True	False	global_anchor_w0.75	Calibrated mixture	True	selected_source_cv_mse < idw_source_cv_mse AND delta_source_cv_pearson > 0.03
75p_E1_to_E2	75% epiboly	E1	E2	113	epha2a	False	0.5062200427055359	0.20923759043216705	0.29698245227336884	0.5055485963821411	0.7960056066513062	0.29045701026916504	True	True	False	local_anchor_w0.50	Calibrated mixture	True	selected_source_cv_mse < idw_source_cv_mse AND delta_source_cv_pearson > 0.03
75p_E1_to_E2	75% epiboly	E1	E2	114	ephb3a	False	0.7496886253356934	0.27458682656288147	0.4751017987728119	0.4075968265533447	0.8914772272109985	0.4838804006576538	True	True	False	local_anchor_w0.75	Calibrated mixture	True	selected_source_cv_mse < idw_source_cv_mse AND delta_source_cv_pearson > 0.03
75p_E1_to_E2	75% epiboly	E1	E2	115	eppk1	False	0.8282171487808228	0.08912747353315353	0.7390896752476692	0.3751339018344879	2.7140791416168213	2.3389452397823334	True	True	False	global_anchor_w1.00	Anchor-only	True	selected_source_cv_mse < idw_source_cv_mse AND delta_source_cv_pearson > 0.03
75p_E1_to_E2	75% epiboly	E1	E2	116	erf	False	0.643825113773346	0.28142303228378296	0.362402081489563	0.1838049739599228	0.29353418946266174	0.10972921550273895	True	True	False	global_anchor_w1.00	Anchor-only	True	selected_source_cv_mse < idw_source_cv_mse AND delta_source_cv_pearson > 0.03
75p_E1_to_E2	75% epiboly	E1	E2	117	esrra	False	0.4772765338420868	0.27033156156539917	0.20694497227668762	0.37135109305381775	0.4797259569168091	0.10837486386299133	True	True	False	local_anchor_w0.50	Calibrated mixture	True	selected_source_cv_mse < idw_source_cv_mse AND delta_source_cv_pearson > 0.03
75p_E1_to_E2	75% epiboly	E1	E2	118	ets2	False	0.6005593538284302	0.15842020511627197	0.4421391487121582	0.37458738684654236	0.7227855920791626	0.34819820523262024	True	True	False	global_anchor_w1.00	Anchor-only	True	selected_source_cv_mse < idw_source_cv_mse AND delta_source_cv_pearson > 0.03
75p_E1_to_E2	75% epiboly	E1	E2	119	etv2	False	0.06761673092842102	-0.0017562139546498656	0.06937294488307089	0.1243826374411583	0.13970255851745605	0.01531992107629776	True	True	False	global_anchor_w1.00	Anchor-only	True	selected_source_cv_mse < idw_source_cv_mse AND delta_source_cv_pearson > 0.03
75p_E1_to_E2	75% epiboly	E1	E2	120	etv4	False	0.8053237199783325	0.4328702390193939	0.3724534809589386	0.2772746980190277	0.6403767466545105	0.3631020486354828	True	True	False	local_anchor_w0.25	Calibrated mixture	True	selected_source_cv_mse < idw_source_cv_mse AND delta_source_cv_pearson > 0.03
75p_E1_to_E2	75% epiboly	E1	E2	121	etv5a	False	0.36528557538986206	0.18871845304965973	0.17656712234020233	0.30536437034606934	0.34822139143943787	0.04285702109336853	True	True	False	global_anchor_w0.75	Calibrated mixture	True	selected_source_cv_mse < idw_source_cv_mse AND delta_source_cv_pearson > 0.03
75p_E1_to_E2	75% epiboly	E1	E2	122	etv5b	False	0.7421365976333618	0.5657881498336792	0.17634844779968262	0.18523433804512024	0.2655170261859894	0.08028268814086914	True	True	False	global_anchor_w0.25	Calibrated mixture	True	selected_source_cv_mse < idw_source_cv_mse AND delta_source_cv_pearson > 0.03
75p_E1_to_E2	75% epiboly	E1	E2	123	eve1	False	0.9253336191177368	0.9031502604484558	0.022183358669281006	0.3564208745956421	0.4146898090839386	0.05826893448829651	False	False	True	local_anchor_w0.00	IDW fallback	False	selected_source_cv_mse < idw_source_cv_mse AND delta_source_cv_pearson > 0.03
75p_E1_to_E2	75% epiboly	E1	E2	124	f11r.1	False	0.6940102577209473	0.1252473145723343	0.568762943148613	0.38850536942481995	1.1222490072250366	0.7337436378002167	True	True	False	local_anchor_w0.75	Calibrated mixture	True	selected_source_cv_mse < idw_source_cv_mse AND delta_source_cv_pearson > 0.03
75p_E1_to_E2	75% epiboly	E1	E2	125	fbln2	False	0.5155689120292664	0.2411283552646637	0.27444055676460266	0.37564051151275635	0.5353465676307678	0.15970605611801147	True	True	False	global_anchor_w0.75	Calibrated mixture	True	selected_source_cv_mse < idw_source_cv_mse AND delta_source_cv_pearson > 0.03
75p_E1_to_E2	75% epiboly	E1	E2	126	fezf2	True	0.9999733567237854	0.6350836753845215	0.3648896813392639	4.058543083829136e-07	0.7065813541412354	0.706580948286927	True	False	True	global_anchor_w0.00	IDW fallback	False	selected_source_cv_mse < idw_source_cv_mse AND delta_source_cv_pearson > 0.03
75p_E1_to_E2	75% epiboly	E1	E2	127	fgf8a	False	0.4960506856441498	0.48552265763282776	0.010528028011322021	0.5304359793663025	0.5618658661842346	0.03142988681793213	False	False	True	local_anchor_w0.25	IDW fallback	False	selected_source_cv_mse < idw_source_cv_mse AND delta_source_cv_pearson > 0.03
75p_E1_to_E2	75% epiboly	E1	E2	128	flrt3	False	0.8080747127532959	0.3122980296611786	0.4957766830921173	0.4735400080680847	1.3073397874832153	0.8337997794151306	True	True	False	local_anchor_w0.75	Calibrated mixture	True	selected_source_cv_mse < idw_source_cv_mse AND delta_source_cv_pearson > 0.03
75p_E1_to_E2	75% epiboly	E1	E2	129	fn1a	False	0.8320835828781128	0.33743858337402344	0.49464499950408936	0.5853025317192078	1.8188040256500244	1.2335014939308167	True	True	False	local_anchor_w0.75	Calibrated mixture	True	selected_source_cv_mse < idw_source_cv_mse AND delta_source_cv_pearson > 0.03
75p_E1_to_E2	75% epiboly	E1	E2	130	fn1b	False	0.6227566599845886	0.4184373617172241	0.2043192982673645	0.4279372990131378	0.5976777672767639	0.1697404682636261	True	True	False	local_anchor_w0.50	Calibrated mixture	True	selected_source_cv_mse < idw_source_cv_mse AND delta_source_cv_pearson > 0.03
75p_E1_to_E2	75% epiboly	E1	E2	131	fnbp1l	False	0.5249542593955994	0.0930153876543045	0.43193887174129486	0.342546284198761	0.6053292155265808	0.2627829313278198	True	True	False	global_anchor_w1.00	Anchor-only	True	selected_source_cv_mse < idw_source_cv_mse AND delta_source_cv_pearson > 0.03
75p_E1_to_E2	75% epiboly	E1	E2	132	fosab	False	0.33508411049842834	0.187251016497612	0.14783309400081635	0.14601826667785645	0.20064231753349304	0.0546240508556366	True	True	False	global_anchor_w0.75	Calibrated mixture	True	selected_source_cv_mse < idw_source_cv_mse AND delta_source_cv_pearson > 0.03
75p_E1_to_E2	75% epiboly	E1	E2	133	foxa	False	0.7373831868171692	0.3435787856578827	0.3938044011592865	0.2721397876739502	0.6267836093902588	0.3546438217163086	True	True	False	global_anchor_w0.75	Calibrated mixture	True	selected_source_cv_mse < idw_source_cv_mse AND delta_source_cv_pearson > 0.03
75p_E1_to_E2	75% epiboly	E1	E2	134	foxa2	False	0.515101969242096	0.27083802223205566	0.24426394701004028	0.5871908664703369	0.7816702127456665	0.1944793462753296	True	True	False	local_anchor_w0.50	Calibrated mixture	True	selected_source_cv_mse < idw_source_cv_mse AND delta_source_cv_pearson > 0.03
75p_E1_to_E2	75% epiboly	E1	E2	135	foxa3	False	0.8461925983428955	0.4889964461326599	0.3571961522102356	0.7740379571914673	2.0896995067596436	1.3156615495681763	True	True	False	local_anchor_w0.25	Calibrated mixture	True	selected_source_cv_mse < idw_source_cv_mse AND delta_source_cv_pearson > 0.03
75p_E1_to_E2	75% epiboly	E1	E2	136	foxb1a	False	0.8122484087944031	0.6852120161056519	0.12703639268875122	0.4631103277206421	0.7688908576965332	0.3057805299758911	True	True	False	local_anchor_w0.25	Calibrated mixture	True	selected_source_cv_mse < idw_source_cv_mse AND delta_source_cv_pearson > 0.03
75p_E1_to_E2	75% epiboly	E1	E2	137	foxb1b	False	0.46575507521629333	0.4511311948299408	0.014623880386352539	0.24647414684295654	0.2500443756580353	0.0035702288150787354	False	False	True	global_anchor_w0.25	IDW fallback	False	selected_source_cv_mse < idw_source_cv_mse AND delta_source_cv_pearson > 0.03
75p_E1_to_E2	75% epiboly	E1	E2	138	foxc1a	False	0.7954320311546326	0.3851088285446167	0.41032320261001587	0.5542760491371155	1.2211313247680664	0.6668552756309509	True	True	False	local_anchor_w0.75	Calibrated mixture	True	selected_source_cv_mse < idw_source_cv_mse AND delta_source_cv_pearson > 0.03
75p_E1_to_E2	75% epiboly	E1	E2	139	foxc1b	False	0.3267936110496521	0.1762308031320572	0.1505628079175949	0.3899065852165222	0.41649481654167175	0.026588231325149536	True	True	False	local_anchor_w0.50	Calibrated mixture	True	selected_source_cv_mse < idw_source_cv_mse AND delta_source_cv_pearson > 0.03
75p_E1_to_E2	75% epiboly	E1	E2	140	foxd3	False	0.5756011009216309	0.4838985502719879	0.09170255064964294	0.552341878414154	0.6609925031661987	0.10865062475204468	True	True	False	local_anchor_w0.25	Calibrated mixture	True	selected_source_cv_mse < idw_source_cv_mse AND delta_source_cv_pearson > 0.03
75p_E1_to_E2	75% epiboly	E1	E2	141	foxd5	False	0.6761411428451538	0.3783162236213684	0.2978249192237854	0.9044116735458374	1.6631907224655151	0.7587790489196777	True	True	False	local_anchor_w0.50	Calibrated mixture	True	selected_source_cv_mse < idw_source_cv_mse AND delta_source_cv_pearson > 0.03
75p_E1_to_E2	75% epiboly	E1	E2	142	foxg1a	False	0.12148533761501312	0.04259996488690376	0.07888537272810936	0.09910870343446732	0.11973676830530167	0.02062806487083435	True	True	False	global_anchor_w1.00	Anchor-only	True	selected_source_cv_mse < idw_source_cv_mse AND delta_source_cv_pearson > 0.03
75p_E1_to_E2	75% epiboly	E1	E2	143	foxh1	False	0.7135798335075378	0.5029351711273193	0.2106446623802185	0.38023126125335693	0.6895021200180054	0.30927085876464844	True	True	False	global_anchor_w0.50	Calibrated mixture	True	selected_source_cv_mse < idw_source_cv_mse AND delta_source_cv_pearson > 0.03
75p_E1_to_E2	75% epiboly	E1	E2	144	foxi1	False	0.6720418930053711	0.4352991282939911	0.23674276471138	0.38584986329078674	0.8638480305671692	0.47799816727638245	True	True	False	local_anchor_w0.50	Calibrated mixture	True	selected_source_cv_mse < idw_source_cv_mse AND delta_source_cv_pearson > 0.03
75p_E1_to_E2	75% epiboly	E1	E2	145	foxn2b	False	0.5117186307907104	0.2471708208322525	0.26454780995845795	0.40647265315055847	0.5287172198295593	0.12224456667900085	True	True	False	global_anchor_w0.75	Calibrated mixture	True	selected_source_cv_mse < idw_source_cv_mse AND delta_source_cv_pearson > 0.03
75p_E1_to_E2	75% epiboly	E1	E2	146	foxo1a	False	0.4959239363670349	0.06804158538579941	0.4278823509812355	0.11300258338451385	0.13734066486358643	0.02433808147907257	True	True	False	global_anchor_w1.00	Anchor-only	True	selected_source_cv_mse < idw_source_cv_mse AND delta_source_cv_pearson > 0.03
75p_E1_to_E2	75% epiboly	E1	E2	147	foxp1b	False	0.5123823881149292	0.3617720901966095	0.1506102979183197	0.496109277009964	0.5497559309005737	0.05364665389060974	True	True	False	global_anchor_w0.50	Calibrated mixture	True	selected_source_cv_mse < idw_source_cv_mse AND delta_source_cv_pearson > 0.03
75p_E1_to_E2	75% epiboly	E1	E2	148	foxp2	False	0.3497737944126129	0.14299064874649048	0.20678314566612244	0.3931949734687805	0.4948877692222595	0.101692795753479	True	True	False	local_anchor_w0.75	Calibrated mixture	True	selected_source_cv_mse < idw_source_cv_mse AND delta_source_cv_pearson > 0.03
75p_E1_to_E2	75% epiboly	E1	E2	149	frmd4ba	False	0.5202165842056274	0.07973950356245041	0.44047708064317703	0.3718692362308502	0.6859849691390991	0.3141157329082489	True	True	False	local_anchor_w0.75	Calibrated mixture	True	selected_source_cv_mse < idw_source_cv_mse AND delta_source_cv_pearson > 0.03
75p_E1_to_E2	75% epiboly	E1	E2	150	fscn1a	False	0.7965448498725891	0.35337555408477783	0.4431692957878113	0.28983160853385925	0.7236770987510681	0.43384549021720886	True	True	False	global_anchor_w0.75	Calibrated mixture	True	selected_source_cv_mse < idw_source_cv_mse AND delta_source_cv_pearson > 0.03
75p_E1_to_E2	75% epiboly	E1	E2	151	fzd7a	False	0.7481954097747803	0.6745222210884094	0.07367318868637085	0.3278304934501648	0.4255199134349823	0.0976894199848175	True	True	False	local_anchor_w0.25	Calibrated mixture	True	selected_source_cv_mse < idw_source_cv_mse AND delta_source_cv_pearson > 0.03
75p_E1_to_E2	75% epiboly	E1	E2	152	fzd7b	False	0.4935663342475891	0.39315590262413025	0.10041043162345886	0.30566635727882385	0.3588363528251648	0.05316999554634094	True	True	False	local_anchor_w0.50	Calibrated mixture	True	selected_source_cv_mse < idw_source_cv_mse AND delta_source_cv_pearson > 0.03
75p_E1_to_E2	75% epiboly	E1	E2	153	fzd8a	False	0.9075642228126526	0.9056416749954224	0.0019225478172302246	0.42204099893569946	0.4163477420806885	-0.005693256855010986	False	False	True	local_anchor_w0.25	IDW fallback	False	selected_source_cv_mse < idw_source_cv_mse AND delta_source_cv_pearson > 0.03
75p_E1_to_E2	75% epiboly	E1	E2	154	gadd45gip1	False	0.3252668082714081	0.18119144439697266	0.14407536387443542	0.34116294980049133	0.3943244516849518	0.05316150188446045	True	True	False	global_anchor_w0.75	Calibrated mixture	True	selected_source_cv_mse < idw_source_cv_mse AND delta_source_cv_pearson > 0.03
75p_E1_to_E2	75% epiboly	E1	E2	155	gapdh	False	0.3118371367454529	0.09058734029531479	0.2212497964501381	0.3249417841434479	0.40498197078704834	0.08004018664360046	True	True	False	local_anchor_w0.75	Calibrated mixture	True	selected_source_cv_mse < idw_source_cv_mse AND delta_source_cv_pearson > 0.03
75p_E1_to_E2	75% epiboly	E1	E2	156	gata2a	False	0.8181082606315613	0.5615782737731934	0.2565299868583679	0.6468073725700378	1.9785988330841064	1.3317914605140686	True	True	False	local_anchor_w0.50	Calibrated mixture	True	selected_source_cv_mse < idw_source_cv_mse AND delta_source_cv_pearson > 0.03
75p_E1_to_E2	75% epiboly	E1	E2	157	gata3	False	0.4230121672153473	0.09215690195560455	0.33085526525974274	0.2149309366941452	0.35081902146339417	0.13588808476924896	True	True	False	global_anchor_w1.00	Anchor-only	True	selected_source_cv_mse < idw_source_cv_mse AND delta_source_cv_pearson > 0.03
75p_E1_to_E2	75% epiboly	E1	E2	158	gata5	False	0.7778573036193848	0.23278675973415375	0.545070543885231	0.4144366383552551	1.0517624616622925	0.6373258233070374	True	True	False	local_anchor_w0.75	Calibrated mixture	True	selected_source_cv_mse < idw_source_cv_mse AND delta_source_cv_pearson > 0.03
75p_E1_to_E2	75% epiboly	E1	E2	159	gata6	False	0.8563248515129089	0.096407450735569	0.7599174007773399	0.5619561076164246	3.1836931705474854	2.621737062931061	True	True	False	local_anchor_w0.50	Calibrated mixture	True	selected_source_cv_mse < idw_source_cv_mse AND delta_source_cv_pearson > 0.03
75p_E1_to_E2	75% epiboly	E1	E2	160	gbx1	False	0.5520287156105042	0.4191456437110901	0.13288307189941406	0.44439226388931274	0.5261428356170654	0.08175057172775269	True	True	False	local_anchor_w0.25	Calibrated mixture	True	selected_source_cv_mse < idw_source_cv_mse AND delta_source_cv_pearson > 0.03
75p_E1_to_E2	75% epiboly	E1	E2	161	gcm2	False	0.328916996717453	0.2327442169189453	0.09617277979850769	0.1169370710849762	0.13362668454647064	0.016689613461494446	True	True	False	local_anchor_w0.75	Calibrated mixture	True	selected_source_cv_mse < idw_source_cv_mse AND delta_source_cv_pearson > 0.03
75p_E1_to_E2	75% epiboly	E1	E2	162	gfi1aa	False	0.28326094150543213	0.10734028369188309	0.17592065781354904	0.2912605404853821	0.3579452633857727	0.06668472290039062	True	True	False	local_anchor_w0.75	Calibrated mixture	True	selected_source_cv_mse < idw_source_cv_mse AND delta_source_cv_pearson > 0.03
75p_E1_to_E2	75% epiboly	E1	E2	163	gli1	False	0.845952033996582	0.7854979038238525	0.06045413017272949	0.29412412643432617	0.4024437367916107	0.10831961035728455	True	True	False	local_anchor_w0.50	Calibrated mixture	True	selected_source_cv_mse < idw_source_cv_mse AND delta_source_cv_pearson > 0.03
75p_E1_to_E2	75% epiboly	E1	E2	164	gli2a	False	0.5161072611808777	0.27060574293136597	0.24550151824951172	0.33894747495651245	0.46197566390037537	0.12302818894386292	True	True	False	local_anchor_w0.75	Calibrated mixture	True	selected_source_cv_mse < idw_source_cv_mse AND delta_source_cv_pearson > 0.03
75p_E1_to_E2	75% epiboly	E1	E2	165	gmnn	False	0.510761559009552	0.11961890757083893	0.3911426514387131	0.27966538071632385	0.4127730131149292	0.13310763239860535	True	True	False	local_anchor_w0.75	Calibrated mixture	True	selected_source_cv_mse < idw_source_cv_mse AND delta_source_cv_pearson > 0.03
75p_E1_to_E2	75% epiboly	E1	E2	166	gpr137bb	False	0.45639774203300476	0.05695801228284836	0.3994397297501564	0.30221402645111084	0.5771651864051819	0.27495115995407104	True	True	False	local_anchor_w0.75	Calibrated mixture	True	selected_source_cv_mse < idw_source_cv_mse AND delta_source_cv_pearson > 0.03
75p_E1_to_E2	75% epiboly	E1	E2	167	grhl1	False	0.8726165294647217	0.09017706662416458	0.7824394628405571	0.3588605225086212	2.914340019226074	2.555479496717453	True	True	False	global_anchor_w1.00	Anchor-only	True	selected_source_cv_mse < idw_source_cv_mse AND delta_source_cv_pearson > 0.03
75p_E1_to_E2	75% epiboly	E1	E2	168	grhl2b	False	0.4313146471977234	0.192347913980484	0.23896673321723938	0.44834446907043457	0.5972805619239807	0.14893609285354614	True	True	False	global_anchor_w0.75	Calibrated mixture	True	selected_source_cv_mse < idw_source_cv_mse AND delta_source_cv_pearson > 0.03
75p_E1_to_E2	75% epiboly	E1	E2	169	gsc	False	0.40355584025382996	0.14969460666179657	0.2538612335920334	0.36296170949935913	0.41217920184135437	0.04921749234199524	True	True	False	global_anchor_w1.00	Anchor-only	True	selected_source_cv_mse < idw_source_cv_mse AND delta_source_cv_pearson > 0.03
75p_E1_to_E2	75% epiboly	E1	E2	170	h1-0	False	0.4274577498435974	0.013538357801735401	0.413919392041862	0.38389936089515686	0.5695816874504089	0.18568232655525208	True	True	False	global_anchor_w1.00	Anchor-only	True	selected_source_cv_mse < idw_source_cv_mse AND delta_source_cv_pearson > 0.03
75p_E1_to_E2	75% epiboly	E1	E2	171	hdlbpa	False	0.6461079120635986	0.22249530255794525	0.4236126095056534	0.06922462582588196	0.11309950798749924	0.04387488216161728	True	True	False	global_anchor_w0.75	Calibrated mixture	True	selected_source_cv_mse < idw_source_cv_mse AND delta_source_cv_pearson > 0.03
75p_E1_to_E2	75% epiboly	E1	E2	172	helb	False	0.5519565939903259	0.4337855577468872	0.11817103624343872	0.3592928349971771	0.4210003912448883	0.06170755624771118	True	True	False	local_anchor_w0.50	Calibrated mixture	True	selected_source_cv_mse < idw_source_cv_mse AND delta_source_cv_pearson > 0.03
75p_E1_to_E2	75% epiboly	E1	E2	173	hells	False	0.35393184423446655	0.1586751937866211	0.19525665044784546	0.2627028822898865	0.3143702745437622	0.05166739225387573	True	True	False	local_anchor_w0.75	Calibrated mixture	True	selected_source_cv_mse < idw_source_cv_mse AND delta_source_cv_pearson > 0.03
75p_E1_to_E2	75% epiboly	E1	E2	174	her1	False	0.8128324151039124	0.6888073086738586	0.12402510643005371	0.4734499752521515	0.730984091758728	0.25753411650657654	True	True	False	local_anchor_w0.25	Calibrated mixture	True	selected_source_cv_mse < idw_source_cv_mse AND delta_source_cv_pearson > 0.03
75p_E1_to_E2	75% epiboly	E1	E2	175	her11	False	0.3375632166862488	0.2065117210149765	0.13105149567127228	0.24957625567913055	0.30885472893714905	0.059278473258018494	True	True	False	local_anchor_w0.75	Calibrated mixture	True	selected_source_cv_mse < idw_source_cv_mse AND delta_source_cv_pearson > 0.03
75p_E1_to_E2	75% epiboly	E1	E2	176	her12	False	0.19470550119876862	0.09654246270656586	0.09816303849220276	0.28987088799476624	0.3358997404575348	0.046028852462768555	True	True	False	local_anchor_w0.75	Calibrated mixture	True	selected_source_cv_mse < idw_source_cv_mse AND delta_source_cv_pearson > 0.03
75p_E1_to_E2	75% epiboly	E1	E2	177	her2	False	0.20041678845882416	0.04023699834942818	0.16017979010939598	0.30067750811576843	0.3634032607078552	0.06272575259208679	True	True	False	global_anchor_w1.00	Anchor-only	True	selected_source_cv_mse < idw_source_cv_mse AND delta_source_cv_pearson > 0.03
75p_E1_to_E2	75% epiboly	E1	E2	178	her3	False	0.25587597489356995	0.13613411784172058	0.11974185705184937	0.206988126039505	0.23703353106975555	0.03004540503025055	True	True	False	global_anchor_w0.75	Calibrated mixture	True	selected_source_cv_mse < idw_source_cv_mse AND delta_source_cv_pearson > 0.03
75p_E1_to_E2	75% epiboly	E1	E2	179	her5	False	0.5331195592880249	0.49520155787467957	0.03791800141334534	0.41005393862724304	0.4905695617198944	0.08051562309265137	True	True	False	global_anchor_w0.00	Global residual	True	selected_source_cv_mse < idw_source_cv_mse AND delta_source_cv_pearson > 0.03
75p_E1_to_E2	75% epiboly	E1	E2	180	her6	False	0.6654602885246277	0.5135374665260315	0.1519228219985962	0.6687816977500916	0.8467032313346863	0.17792153358459473	True	True	False	global_anchor_w0.75	Calibrated mixture	True	selected_source_cv_mse < idw_source_cv_mse AND delta_source_cv_pearson > 0.03
75p_E1_to_E2	75% epiboly	E1	E2	181	her7	False	0.7501814961433411	0.6605721116065979	0.08960938453674316	0.2974493205547333	0.3853048086166382	0.08785548806190491	True	True	False	local_anchor_w0.25	Calibrated mixture	True	selected_source_cv_mse < idw_source_cv_mse AND delta_source_cv_pearson > 0.03
75p_E1_to_E2	75% epiboly	E1	E2	182	her8a	False	0.8084139227867126	0.6568418145179749	0.1515721082687378	0.3831585943698883	0.7073591947555542	0.3242006003856659	True	True	False	global_anchor_w0.25	Calibrated mixture	True	selected_source_cv_mse < idw_source_cv_mse AND delta_source_cv_pearson > 0.03
75p_E1_to_E2	75% epiboly	E1	E2	183	her9	False	0.5886585116386414	0.4482954144477844	0.14036309719085693	0.8319701552391052	1.4776411056518555	0.6456709504127502	True	True	False	local_anchor_w0.50	Calibrated mixture	True	selected_source_cv_mse < idw_source_cv_mse AND delta_source_cv_pearson > 0.03
75p_E1_to_E2	75% epiboly	E1	E2	184	hes6	False	0.2638130187988281	0.09205453097820282	0.1717584878206253	0.258724182844162	0.31899717450141907	0.06027299165725708	True	True	False	local_anchor_w0.75	Calibrated mixture	True	selected_source_cv_mse < idw_source_cv_mse AND delta_source_cv_pearson > 0.03
75p_E1_to_E2	75% epiboly	E1	E2	185	hesx1	False	0.22589994966983795	0.14531737565994263	0.08058257400989532	0.3383890390396118	0.39639636874198914	0.05800732970237732	True	True	False	local_anchor_w0.75	Calibrated mixture	True	selected_source_cv_mse < idw_source_cv_mse AND delta_source_cv_pearson > 0.03
75p_E1_to_E2	75% epiboly	E1	E2	186	hic1l	False	0.11789294332265854	0.06087690219283104	0.0570160411298275	0.3532865643501282	0.40232664346694946	0.04904007911682129	True	True	False	local_anchor_w0.75	Calibrated mixture	True	selected_source_cv_mse < idw_source_cv_mse AND delta_source_cv_pearson > 0.03
75p_E1_to_E2	75% epiboly	E1	E2	187	higd1a	False	0.1482411026954651	0.030510948970913887	0.1177301537245512	0.18781083822250366	0.21828122437000275	0.030470386147499084	True	True	False	local_anchor_w0.75	Calibrated mixture	True	selected_source_cv_mse < idw_source_cv_mse AND delta_source_cv_pearson > 0.03
75p_E1_to_E2	75% epiboly	E1	E2	188	hivep2a	False	0.22534102201461792	0.17529529333114624	0.05004572868347168	0.2837754189968109	0.33729588985443115	0.05352047085762024	True	True	False	global_anchor_w0.50	Calibrated mixture	True	selected_source_cv_mse < idw_source_cv_mse AND delta_source_cv_pearson > 0.03
75p_E1_to_E2	75% epiboly	E1	E2	189	hoxb1b	False	0.4014258086681366	0.4014258086681366	0.0	0.4141884446144104	0.4141884446144104	0.0	False	False	True	registered_idw	IDW fallback	False	selected_source_cv_mse < idw_source_cv_mse AND delta_source_cv_pearson > 0.03
75p_E1_to_E2	75% epiboly	E1	E2	190	hoxb7a	False	0.31178778409957886	0.08427829295396805	0.2275094911456108	0.25292885303497314	0.3231489956378937	0.07022014260292053	True	True	False	local_anchor_w0.75	Calibrated mixture	True	selected_source_cv_mse < idw_source_cv_mse AND delta_source_cv_pearson > 0.03
75p_E1_to_E2	75% epiboly	E1	E2	191	hoxb8a	False	0.35405680537223816	0.09312251210212708	0.2609342932701111	0.2534290552139282	0.33160290122032166	0.07817384600639343	True	True	False	global_anchor_w0.75	Calibrated mixture	True	selected_source_cv_mse < idw_source_cv_mse AND delta_source_cv_pearson > 0.03
75p_E1_to_E2	75% epiboly	E1	E2	192	hoxb9a	False	0.22438864409923553	0.1184811219573021	0.10590752214193344	0.20024922490119934	0.22618873417377472	0.02593950927257538	True	True	False	global_anchor_w0.75	Calibrated mixture	True	selected_source_cv_mse < idw_source_cv_mse AND delta_source_cv_pearson > 0.03
75p_E1_to_E2	75% epiboly	E1	E2	193	hoxc3a	False	0.2648604214191437	0.13747848570346832	0.12738193571567535	0.24625562131404877	0.29219603538513184	0.04594041407108307	True	True	False	local_anchor_w0.75	Calibrated mixture	True	selected_source_cv_mse < idw_source_cv_mse AND delta_source_cv_pearson > 0.03
75p_E1_to_E2	75% epiboly	E1	E2	194	hoxc6a	False	0.2346910834312439	0.02261771447956562	0.21207336895167828	0.21958400309085846	0.2795490622520447	0.05996505916118622	True	True	False	global_anchor_w1.00	Anchor-only	True	selected_source_cv_mse < idw_source_cv_mse AND delta_source_cv_pearson > 0.03
75p_E1_to_E2	75% epiboly	E1	E2	195	hoxc8a	False	0.24173188209533691	0.1530790776014328	0.08865280449390411	0.136957585811615	0.1678832620382309	0.030925676226615906	True	True	False	global_anchor_w0.75	Calibrated mixture	True	selected_source_cv_mse < idw_source_cv_mse AND delta_source_cv_pearson > 0.03
75p_E1_to_E2	75% epiboly	E1	E2	196	hsp90aa1.2	False	0.4646638333797455	0.23494333028793335	0.22972050309181213	0.35254615545272827	0.46357056498527527	0.111024409532547	True	True	False	local_anchor_w0.50	Calibrated mixture	True	selected_source_cv_mse < idw_source_cv_mse AND delta_source_cv_pearson > 0.03
75p_E1_to_E2	75% epiboly	E1	E2	197	id3	False	0.7897511124610901	0.3339720070362091	0.455779105424881	0.561039388179779	1.3683850765228271	0.8073456883430481	True	True	False	global_anchor_w0.25	Calibrated mixture	True	selected_source_cv_mse < idw_source_cv_mse AND delta_source_cv_pearson > 0.03
75p_E1_to_E2	75% epiboly	E1	E2	198	igf2bp1	False	0.6320658326148987	0.1779235303401947	0.454142302274704	0.08357881754636765	0.14287856221199036	0.05929974466562271	True	True	False	global_anchor_w0.75	Calibrated mixture	True	selected_source_cv_mse < idw_source_cv_mse AND delta_source_cv_pearson > 0.03
75p_E1_to_E2	75% epiboly	E1	E2	199	igfbp1a	False	0.3433053493499756	0.16060447692871094	0.18270087242126465	0.36420518159866333	0.49390342831611633	0.129698246717453	True	True	False	global_anchor_w1.00	Anchor-only	True	selected_source_cv_mse < idw_source_cv_mse AND delta_source_cv_pearson > 0.03
75p_E1_to_E2	75% epiboly	E1	E2	200	irf2a	False	0.3033720552921295	0.14961634576320648	0.15375570952892303	0.34580129384994507	0.4338366687297821	0.08803537487983704	True	True	False	local_anchor_w0.75	Calibrated mixture	True	selected_source_cv_mse < idw_source_cv_mse AND delta_source_cv_pearson > 0.03
75p_E1_to_E2	75% epiboly	E1	E2	201	irx1b	False	0.6960439085960388	0.6983308792114258	-0.002286970615386963	0.49595192074775696	0.519423246383667	0.023471325635910034	False	False	True	global_anchor_w0.00	IDW fallback	False	selected_source_cv_mse < idw_source_cv_mse AND delta_source_cv_pearson > 0.03
75p_E1_to_E2	75% epiboly	E1	E2	202	irx3a	False	0.1556491106748581	0.06361070275306702	0.09203840792179108	0.26657581329345703	0.3129993677139282	0.04642355442047119	True	True	False	local_anchor_w0.75	Calibrated mixture	True	selected_source_cv_mse < idw_source_cv_mse AND delta_source_cv_pearson > 0.03
75p_E1_to_E2	75% epiboly	E1	E2	203	irx5a	False	0.2900753915309906	0.052257437258958817	0.23781795427203178	0.2712961435317993	0.357846736907959	0.08655059337615967	True	True	False	local_anchor_w0.75	Calibrated mixture	True	selected_source_cv_mse < idw_source_cv_mse AND delta_source_cv_pearson > 0.03
75p_E1_to_E2	75% epiboly	E1	E2	204	irx7	False	0.7769131660461426	0.7838991284370422	-0.006985962390899658	0.5934097170829773	0.6538643836975098	0.06045466661453247	False	False	True	global_anchor_w0.00	IDW fallback	False	selected_source_cv_mse < idw_source_cv_mse AND delta_source_cv_pearson > 0.03
75p_E1_to_E2	75% epiboly	E1	E2	205	ism1	False	0.6044698357582092	0.17224717140197754	0.4322226643562317	0.633988082408905	1.2951741218566895	0.6611860394477844	True	True	False	local_anchor_w0.50	Calibrated mixture	True	selected_source_cv_mse < idw_source_cv_mse AND delta_source_cv_pearson > 0.03
75p_E1_to_E2	75% epiboly	E1	E2	206	itga6a	False	0.09366197139024734	0.027115460485219955	0.06654651090502739	0.1429300755262375	0.17204737663269043	0.029117301106452942	True	True	False	local_anchor_w0.75	Calibrated mixture	True	selected_source_cv_mse < idw_source_cv_mse AND delta_source_cv_pearson > 0.03
75p_E1_to_E2	75% epiboly	E1	E2	207	itgb5	False	0.5879060626029968	0.5040629506111145	0.08384311199188232	0.4180608093738556	0.4866042137145996	0.06854340434074402	True	True	False	local_anchor_w0.50	Calibrated mixture	True	selected_source_cv_mse < idw_source_cv_mse AND delta_source_cv_pearson > 0.03
75p_E1_to_E2	75% epiboly	E1	E2	208	itm2cb	False	0.537185549736023	0.256621390581131	0.28056415915489197	0.3369332551956177	0.47303879261016846	0.13610553741455078	True	True	False	local_anchor_w0.75	Calibrated mixture	True	selected_source_cv_mse < idw_source_cv_mse AND delta_source_cv_pearson > 0.03
75p_E1_to_E2	75% epiboly	E1	E2	209	jcada	False	0.633745014667511	0.26125568151474	0.372489333152771	0.3488398790359497	0.5695975422859192	0.22075766324996948	True	True	False	global_anchor_w0.75	Calibrated mixture	True	selected_source_cv_mse < idw_source_cv_mse AND delta_source_cv_pearson > 0.03
75p_E1_to_E2	75% epiboly	E1	E2	210	kank1a	False	0.16844332218170166	0.06655580550432205	0.10188751667737961	0.3234899044036865	0.38136887550354004	0.057878971099853516	True	True	False	local_anchor_w0.75	Calibrated mixture	True	selected_source_cv_mse < idw_source_cv_mse AND delta_source_cv_pearson > 0.03
75p_E1_to_E2	75% epiboly	E1	E2	211	kazald2	False	0.5715753436088562	0.5290930867195129	0.04248225688934326	0.3776026666164398	0.49841392040252686	0.12081125378608704	True	True	False	local_anchor_w0.50	Calibrated mixture	True	selected_source_cv_mse < idw_source_cv_mse AND delta_source_cv_pearson > 0.03
75p_E1_to_E2	75% epiboly	E1	E2	212	kdrl	False	0.2864147126674652	0.08654500544071198	0.19986970722675323	0.28228965401649475	0.39783915877342224	0.11554950475692749	True	True	False	local_anchor_w0.75	Calibrated mixture	True	selected_source_cv_mse < idw_source_cv_mse AND delta_source_cv_pearson > 0.03
75p_E1_to_E2	75% epiboly	E1	E2	213	kif15	False	0.20552854239940643	0.08717971295118332	0.11834882944822311	0.22677230834960938	0.2771548926830292	0.0503825843334198	True	True	False	global_anchor_w0.75	Calibrated mixture	True	selected_source_cv_mse < idw_source_cv_mse AND delta_source_cv_pearson > 0.03
75p_E1_to_E2	75% epiboly	E1	E2	214	kirrel3l	True	0.9999958276748657	0.25283148884773254	0.7471643388271332	1.9995245565951336e-06	1.7275480031967163	1.7275460036721597	True	False	True	global_anchor_w0.00	IDW fallback	False	selected_source_cv_mse < idw_source_cv_mse AND delta_source_cv_pearson > 0.03
75p_E1_to_E2	75% epiboly	E1	E2	215	klf17	False	0.22579510509967804	0.11912968009710312	0.10666542500257492	0.23218931257724762	0.28635817766189575	0.05416886508464813	True	True	False	global_anchor_w0.75	Calibrated mixture	True	selected_source_cv_mse < idw_source_cv_mse AND delta_source_cv_pearson > 0.03
75p_E1_to_E2	75% epiboly	E1	E2	216	klf2a	False	0.7333041429519653	0.4705517590045929	0.26275238394737244	0.43051040172576904	1.3174992799758911	0.8869888782501221	True	True	False	local_anchor_w0.75	Calibrated mixture	True	selected_source_cv_mse < idw_source_cv_mse AND delta_source_cv_pearson > 0.03
75p_E1_to_E2	75% epiboly	E1	E2	217	klf2b	False	0.8827362060546875	0.4019021689891815	0.480834037065506	0.48650771379470825	3.1244170665740967	2.6379093527793884	True	True	False	local_anchor_w0.75	Calibrated mixture	True	selected_source_cv_mse < idw_source_cv_mse AND delta_source_cv_pearson > 0.03
75p_E1_to_E2	75% epiboly	E1	E2	218	klf3	False	0.7158803343772888	0.36043158173561096	0.35544875264167786	0.4389933943748474	1.0624068975448608	0.6234135031700134	True	True	False	local_anchor_w0.50	Calibrated mixture	True	selected_source_cv_mse < idw_source_cv_mse AND delta_source_cv_pearson > 0.03
75p_E1_to_E2	75% epiboly	E1	E2	219	klf7a	False	0.209091454744339	0.1013617217540741	0.10772973299026489	0.348545104265213	0.423336386680603	0.07479128241539001	True	True	False	global_anchor_w0.75	Calibrated mixture	True	selected_source_cv_mse < idw_source_cv_mse AND delta_source_cv_pearson > 0.03
75p_E1_to_E2	75% epiboly	E1	E2	220	klf8	False	0.41259440779685974	0.3904169201850891	0.02217748761177063	0.42503052949905396	0.44136399030685425	0.016333460807800293	False	False	True	global_anchor_w0.00	IDW fallback	False	selected_source_cv_mse < idw_source_cv_mse AND delta_source_cv_pearson > 0.03
75p_E1_to_E2	75% epiboly	E1	E2	221	kmt2bb	False	0.2698781192302704	0.05186272785067558	0.2180153913795948	0.27068641781806946	0.32662883400917053	0.055942416191101074	True	True	False	local_anchor_w0.75	Calibrated mixture	True	selected_source_cv_mse < idw_source_cv_mse AND delta_source_cv_pearson > 0.03
75p_E1_to_E2	75% epiboly	E1	E2	222	kmt5aa	False	0.3690440058708191	0.0925060585141182	0.2765379473567009	0.20109586417675018	0.24210010468959808	0.0410042405128479	True	True	False	local_anchor_w0.75	Calibrated mixture	True	selected_source_cv_mse < idw_source_cv_mse AND delta_source_cv_pearson > 0.03
75p_E1_to_E2	75% epiboly	E1	E2	223	krt18a.1	False	0.804929792881012	0.0872701033949852	0.7176596894860268	1.140640377998352	5.019542217254639	3.8789018392562866	True	True	False	local_anchor_w0.50	Calibrated mixture	True	selected_source_cv_mse < idw_source_cv_mse AND delta_source_cv_pearson > 0.03
75p_E1_to_E2	75% epiboly	E1	E2	224	krt4	False	0.8776090145111084	0.13380277156829834	0.7438062429428101	0.7889959812164307	7.388732433319092	6.599736452102661	True	True	False	global_anchor_w1.00	Anchor-only	True	selected_source_cv_mse < idw_source_cv_mse AND delta_source_cv_pearson > 0.03
75p_E1_to_E2	75% epiboly	E1	E2	225	krt8	False	0.8189059495925903	0.10241397470235825	0.7164919748902321	0.726984977722168	3.574188232421875	2.847203254699707	True	True	False	local_anchor_w0.50	Calibrated mixture	True	selected_source_cv_mse < idw_source_cv_mse AND delta_source_cv_pearson > 0.03
75p_E1_to_E2	75% epiboly	E1	E2	226	krt99	False	0.8238598704338074	0.23065929114818573	0.5932005792856216	0.3853487968444824	1.8916248083114624	1.50627601146698	True	True	False	local_anchor_w0.75	Calibrated mixture	True	selected_source_cv_mse < idw_source_cv_mse AND delta_source_cv_pearson > 0.03
75p_E1_to_E2	75% epiboly	E1	E2	227	lamb1a	True	0.9999986290931702	0.603155255317688	0.3968433737754822	7.065127078931255e-07	0.5461270213127136	0.5461263148000057	True	False	True	global_anchor_w0.25	IDW fallback	False	selected_source_cv_mse < idw_source_cv_mse AND delta_source_cv_pearson > 0.03
75p_E1_to_E2	75% epiboly	E1	E2	228	lamc1	False	0.7520090937614441	0.16572991013526917	0.5862791836261749	0.24360594153404236	0.5787421464920044	0.33513620495796204	True	True	False	local_anchor_w0.75	Calibrated mixture	True	selected_source_cv_mse < idw_source_cv_mse AND delta_source_cv_pearson > 0.03
75p_E1_to_E2	75% epiboly	E1	E2	229	lamp2	False	0.768120527267456	0.1028660386800766	0.6652544885873795	0.31957775354385376	0.9723010659217834	0.6527233123779297	True	True	False	local_anchor_w0.50	Calibrated mixture	True	selected_source_cv_mse < idw_source_cv_mse AND delta_source_cv_pearson > 0.03
75p_E1_to_E2	75% epiboly	E1	E2	230	lbx2	False	0.44174453616142273	0.07713402807712555	0.3646105080842972	0.2400679886341095	0.3458124101161957	0.10574442148208618	True	True	False	global_anchor_w0.75	Calibrated mixture	True	selected_source_cv_mse < idw_source_cv_mse AND delta_source_cv_pearson > 0.03
75p_E1_to_E2	75% epiboly	E1	E2	231	lef1	False	0.8231092095375061	0.7536518573760986	0.06945735216140747	0.36039647459983826	0.49973946809768677	0.1393429934978485	True	True	False	local_anchor_w0.25	Calibrated mixture	True	selected_source_cv_mse < idw_source_cv_mse AND delta_source_cv_pearson > 0.03
75p_E1_to_E2	75% epiboly	E1	E2	232	lft1	False	0.6137701869010925	0.35430997610092163	0.2594602108001709	0.3831090033054352	0.5862424373626709	0.20313343405723572	True	True	False	global_anchor_w0.75	Calibrated mixture	True	selected_source_cv_mse < idw_source_cv_mse AND delta_source_cv_pearson > 0.03
75p_E1_to_E2	75% epiboly	E1	E2	233	lft2	True	1.0000311136245728	0.4679615795612335	0.5320695340633392	5.221452852310904e-07	0.950874388217926	0.9508738660726408	True	False	True	global_anchor_w0.25	IDW fallback	False	selected_source_cv_mse < idw_source_cv_mse AND delta_source_cv_pearson > 0.03
75p_E1_to_E2	75% epiboly	E1	E2	234	lgals3b	False	0.36635544896125793	0.035734690725803375	0.33062075823545456	0.3127864599227905	0.44016900658607483	0.1273825466632843	True	True	False	global_anchor_w1.00	Anchor-only	True	selected_source_cv_mse < idw_source_cv_mse AND delta_source_cv_pearson > 0.03
75p_E1_to_E2	75% epiboly	E1	E2	235	lhfpl6	False	0.5228843688964844	0.15310201048851013	0.36978235840797424	0.23923180997371674	0.35210347175598145	0.11287166178226471	True	True	False	global_anchor_w1.00	Anchor-only	True	selected_source_cv_mse < idw_source_cv_mse AND delta_source_cv_pearson > 0.03
75p_E1_to_E2	75% epiboly	E1	E2	236	lhx1a	False	0.8499199748039246	0.4580729603767395	0.39184701442718506	0.24200564622879028	0.7036117315292358	0.46160608530044556	True	True	False	global_anchor_w0.75	Calibrated mixture	True	selected_source_cv_mse < idw_source_cv_mse AND delta_source_cv_pearson > 0.03
75p_E1_to_E2	75% epiboly	E1	E2	237	lhx5	False	0.8699634075164795	0.7784783840179443	0.09148502349853516	0.39696651697158813	0.7676252126693726	0.3706586956977844	True	True	False	local_anchor_w0.50	Calibrated mixture	True	selected_source_cv_mse < idw_source_cv_mse AND delta_source_cv_pearson > 0.03
75p_E1_to_E2	75% epiboly	E1	E2	238	lima1a	False	0.7027170062065125	0.6516250967979431	0.051091909408569336	0.37663426995277405	0.4575020372867584	0.08086776733398438	True	True	False	global_anchor_w0.25	Calibrated mixture	True	selected_source_cv_mse < idw_source_cv_mse AND delta_source_cv_pearson > 0.03
75p_E1_to_E2	75% epiboly	E1	E2	239	lmnb1	False	0.660788357257843	0.15295857191085815	0.5078297853469849	0.16673317551612854	0.293801873922348	0.12706869840621948	True	True	False	local_anchor_w0.50	Calibrated mixture	True	selected_source_cv_mse < idw_source_cv_mse AND delta_source_cv_pearson > 0.03
75p_E1_to_E2	75% epiboly	E1	E2	240	lmo2	False	0.20933599770069122	0.07168669998645782	0.1376492977142334	0.2882087826728821	0.33975979685783386	0.05155101418495178	True	True	False	global_anchor_w0.75	Calibrated mixture	True	selected_source_cv_mse < idw_source_cv_mse AND delta_source_cv_pearson > 0.03
75p_E1_to_E2	75% epiboly	E1	E2	241	lmo4a	True	0.9999966621398926	0.61861652135849	0.3813801407814026	6.819756208642502e-07	0.757229745388031	0.7572290634124101	True	False	True	global_anchor_w0.00	IDW fallback	False	selected_source_cv_mse < idw_source_cv_mse AND delta_source_cv_pearson > 0.03
75p_E1_to_E2	75% epiboly	E1	E2	242	lratb.1	False	0.5039152503013611	0.3856540322303772	0.11826121807098389	0.27504441142082214	0.38573893904685974	0.1106945276260376	True	True	False	local_anchor_w0.50	Calibrated mixture	True	selected_source_cv_mse < idw_source_cv_mse AND delta_source_cv_pearson > 0.03
75p_E1_to_E2	75% epiboly	E1	E2	243	lratd1	False	0.25099390745162964	0.002984251594170928	0.2480096558574587	0.38663169741630554	0.505675733089447	0.11904403567314148	True	True	False	global_anchor_w1.00	Anchor-only	True	selected_source_cv_mse < idw_source_cv_mse AND delta_source_cv_pearson > 0.03
75p_E1_to_E2	75% epiboly	E1	E2	244	mab21l2	False	0.19877634942531586	0.048083990812301636	0.15069235861301422	0.20886872708797455	0.26410576701164246	0.05523703992366791	True	True	False	global_anchor_w1.00	Anchor-only	True	selected_source_cv_mse < idw_source_cv_mse AND delta_source_cv_pearson > 0.03
75p_E1_to_E2	75% epiboly	E1	E2	245	mad1l1	False	0.2614980638027191	0.06934728473424911	0.19215077906847	0.3166564106941223	0.38050517439842224	0.06384876370429993	True	True	False	global_anchor_w0.75	Calibrated mixture	True	selected_source_cv_mse < idw_source_cv_mse AND delta_source_cv_pearson > 0.03
75p_E1_to_E2	75% epiboly	E1	E2	246	map1lc3b	False	0.5452582240104675	0.4463985860347748	0.09885963797569275	0.33624011278152466	0.4022082984447479	0.06596818566322327	True	True	False	local_anchor_w0.50	Calibrated mixture	True	selected_source_cv_mse < idw_source_cv_mse AND delta_source_cv_pearson > 0.03
75p_E1_to_E2	75% epiboly	E1	E2	247	map2k6	False	0.6664048433303833	0.18200013041496277	0.48440471291542053	0.24857699871063232	0.46421265602111816	0.21563565731048584	True	True	False	global_anchor_w0.75	Calibrated mixture	True	selected_source_cv_mse < idw_source_cv_mse AND delta_source_cv_pearson > 0.03
75p_E1_to_E2	75% epiboly	E1	E2	248	mcama	False	0.2997823655605316	0.14600324630737305	0.15377911925315857	0.32417628169059753	0.3855512738227844	0.06137499213218689	True	True	False	global_anchor_w0.75	Calibrated mixture	True	selected_source_cv_mse < idw_source_cv_mse AND delta_source_cv_pearson > 0.03
75p_E1_to_E2	75% epiboly	E1	E2	249	mcm2	False	0.7276825308799744	0.15757180750370026	0.5701107233762741	0.23089957237243652	0.5191397070884705	0.28824013471603394	True	True	False	global_anchor_w0.75	Calibrated mixture	True	selected_source_cv_mse < idw_source_cv_mse AND delta_source_cv_pearson > 0.03
75p_E1_to_E2	75% epiboly	E1	E2	250	mcm3	False	0.8075283765792847	0.19299164414405823	0.6145367324352264	0.137680783867836	0.4046429991722107	0.2669622153043747	True	True	False	local_anchor_w0.75	Calibrated mixture	True	selected_source_cv_mse < idw_source_cv_mse AND delta_source_cv_pearson > 0.03
75p_E1_to_E2	75% epiboly	E1	E2	251	mcm4	False	0.7586803436279297	0.1919322907924652	0.5667480528354645	0.13148190081119537	0.31079110503196716	0.1793092042207718	True	True	False	global_anchor_w0.50	Calibrated mixture	True	selected_source_cv_mse < idw_source_cv_mse AND delta_source_cv_pearson > 0.03
75p_E1_to_E2	75% epiboly	E1	E2	252	mcm5	False	0.652700662612915	0.20469115674495697	0.44800950586795807	0.3042929172515869	0.5380710959434509	0.233778178691864	True	True	False	global_anchor_w0.50	Calibrated mixture	True	selected_source_cv_mse < idw_source_cv_mse AND delta_source_cv_pearson > 0.03
75p_E1_to_E2	75% epiboly	E1	E2	253	mcm7	False	0.8283669948577881	0.18929636478424072	0.6390706300735474	0.06774837523698807	0.21468958258628845	0.14694120734930038	True	True	False	global_anchor_w0.75	Calibrated mixture	True	selected_source_cv_mse < idw_source_cv_mse AND delta_source_cv_pearson > 0.03
75p_E1_to_E2	75% epiboly	E1	E2	254	mdm2	False	0.4207285940647125	0.038140468299388885	0.38258812576532364	0.3538181185722351	0.5135624408721924	0.15974432229995728	True	True	False	global_anchor_w1.00	Anchor-only	True	selected_source_cv_mse < idw_source_cv_mse AND delta_source_cv_pearson > 0.03
75p_E1_to_E2	75% epiboly	E1	E2	255	mef2d	False	0.4504255950450897	0.04085015505552292	0.4095754399895668	0.3214540183544159	0.6119464039802551	0.29049238562583923	True	True	False	global_anchor_w1.00	Anchor-only	True	selected_source_cv_mse < idw_source_cv_mse AND delta_source_cv_pearson > 0.03
75p_E1_to_E2	75% epiboly	E1	E2	256	meis1b	False	0.7496001720428467	0.21012882888317108	0.5394713431596756	0.350862979888916	0.8757299184799194	0.5248669385910034	True	True	False	local_anchor_w0.75	Calibrated mixture	True	selected_source_cv_mse < idw_source_cv_mse AND delta_source_cv_pearson > 0.03
75p_E1_to_E2	75% epiboly	E1	E2	257	meis2a	False	0.21883894503116608	0.12122885882854462	0.09761008620262146	0.2556864619255066	0.31058579683303833	0.05489933490753174	True	True	False	local_anchor_w0.75	Calibrated mixture	True	selected_source_cv_mse < idw_source_cv_mse AND delta_source_cv_pearson > 0.03
75p_E1_to_E2	75% epiboly	E1	E2	258	meis3	False	0.4628842771053314	0.332183301448822	0.1307009756565094	0.32806557416915894	0.378989040851593	0.05092346668243408	True	True	False	local_anchor_w0.25	Calibrated mixture	True	selected_source_cv_mse < idw_source_cv_mse AND delta_source_cv_pearson > 0.03
75p_E1_to_E2	75% epiboly	E1	E2	259	meox1	False	0.5319221019744873	0.24922947585582733	0.28269262611866	0.3271651268005371	0.39729565382003784	0.07013052701950073	True	True	False	global_anchor_w0.75	Calibrated mixture	True	selected_source_cv_mse < idw_source_cv_mse AND delta_source_cv_pearson > 0.03
75p_E1_to_E2	75% epiboly	E1	E2	260	mespaa	False	0.1448642760515213	0.049873970448970795	0.0949903056025505	0.17436620593070984	0.22145976126194	0.047093555331230164	True	True	False	global_anchor_w1.00	Anchor-only	True	selected_source_cv_mse < idw_source_cv_mse AND delta_source_cv_pearson > 0.03
75p_E1_to_E2	75% epiboly	E1	E2	261	mespab	False	0.7303934693336487	0.46536728739738464	0.26502618193626404	0.22292287647724152	0.37335148453712463	0.15042860805988312	True	True	False	local_anchor_w0.75	Calibrated mixture	True	selected_source_cv_mse < idw_source_cv_mse AND delta_source_cv_pearson > 0.03
75p_E1_to_E2	75% epiboly	E1	E2	262	mgst3b	False	0.39604902267456055	0.13562792539596558	0.26042109727859497	0.3235817849636078	0.4234919250011444	0.09991014003753662	True	True	False	global_anchor_w1.00	Anchor-only	True	selected_source_cv_mse < idw_source_cv_mse AND delta_source_cv_pearson > 0.03
75p_E1_to_E2	75% epiboly	E1	E2	263	mibp2	False	0.2160811573266983	0.1133979856967926	0.1026831716299057	0.3475289046764374	0.4103858470916748	0.06285694241523743	True	True	False	local_anchor_w0.75	Calibrated mixture	True	selected_source_cv_mse < idw_source_cv_mse AND delta_source_cv_pearson > 0.03
75p_E1_to_E2	75% epiboly	E1	E2	264	mixl1	False	0.5709409117698669	0.12643247842788696	0.44450843334198	0.34881994128227234	0.5778869986534119	0.22906705737113953	True	True	False	local_anchor_w0.75	Calibrated mixture	True	selected_source_cv_mse < idw_source_cv_mse AND delta_source_cv_pearson > 0.03
75p_E1_to_E2	75% epiboly	E1	E2	265	mki67	False	0.7070598006248474	0.20205529034137726	0.5050045102834702	0.0899486243724823	0.1777651458978653	0.087816521525383	True	True	False	local_anchor_w0.50	Calibrated mixture	True	selected_source_cv_mse < idw_source_cv_mse AND delta_source_cv_pearson > 0.03
75p_E1_to_E2	75% epiboly	E1	E2	266	mns1	False	0.4433809816837311	0.20138461887836456	0.24199636280536652	0.330537885427475	0.4196404218673706	0.08910253643989563	True	True	False	local_anchor_w0.50	Calibrated mixture	True	selected_source_cv_mse < idw_source_cv_mse AND delta_source_cv_pearson > 0.03
75p_E1_to_E2	75% epiboly	E1	E2	267	msgn1	False	0.8920990228652954	0.5655261278152466	0.32657289505004883	0.46771112084388733	1.7374686002731323	1.269757479429245	True	True	False	local_anchor_w0.50	Calibrated mixture	True	selected_source_cv_mse < idw_source_cv_mse AND delta_source_cv_pearson > 0.03
75p_E1_to_E2	75% epiboly	E1	E2	268	msx1b	False	0.7841769456863403	0.6512624621391296	0.1329144835472107	0.6659643650054932	1.3125616312026978	0.6465972661972046	True	True	False	local_anchor_w0.25	Calibrated mixture	True	selected_source_cv_mse < idw_source_cv_mse AND delta_source_cv_pearson > 0.03
75p_E1_to_E2	75% epiboly	E1	E2	269	msx3	False	0.7649742960929871	0.6679403781890869	0.09703391790390015	0.26390010118484497	0.3968942165374756	0.13299411535263062	True	True	False	local_anchor_w0.50	Calibrated mixture	True	selected_source_cv_mse < idw_source_cv_mse AND delta_source_cv_pearson > 0.03
75p_E1_to_E2	75% epiboly	E1	E2	270	mycb	False	0.18206258118152618	0.03363655507564545	0.14842602610588074	0.10570288449525833	0.1313488781452179	0.025645993649959564	True	True	False	global_anchor_w1.00	Anchor-only	True	selected_source_cv_mse < idw_source_cv_mse AND delta_source_cv_pearson > 0.03
75p_E1_to_E2	75% epiboly	E1	E2	271	mych	False	0.6749220490455627	0.2798042297363281	0.3951178193092346	0.21982622146606445	0.3511078357696533	0.13128161430358887	True	True	False	global_anchor_w0.00	Global residual	True	selected_source_cv_mse < idw_source_cv_mse AND delta_source_cv_pearson > 0.03
75p_E1_to_E2	75% epiboly	E1	E2	272	mycla	False	0.7225763201713562	0.2766370177268982	0.445939302444458	0.2182876169681549	0.4587264955043793	0.24043887853622437	True	True	False	global_anchor_w1.00	Anchor-only	True	selected_source_cv_mse < idw_source_cv_mse AND delta_source_cv_pearson > 0.03
75p_E1_to_E2	75% epiboly	E1	E2	273	myclb	False	0.6577009558677673	0.4074892997741699	0.2502116560935974	0.4580872654914856	0.844001054763794	0.38591378927230835	True	True	False	local_anchor_w0.25	Calibrated mixture	True	selected_source_cv_mse < idw_source_cv_mse AND delta_source_cv_pearson > 0.03
75p_E1_to_E2	75% epiboly	E1	E2	274	mycn	False	0.7567344307899475	0.46232056617736816	0.29441386461257935	0.4538535177707672	0.9333001375198364	0.4794466197490692	True	True	False	global_anchor_w0.50	Calibrated mixture	True	selected_source_cv_mse < idw_source_cv_mse AND delta_source_cv_pearson > 0.03
75p_E1_to_E2	75% epiboly	E1	E2	275	myf5	False	0.16326743364334106	0.16326743364334106	0.0	0.16195322573184967	0.16195322573184967	0.0	False	False	True	registered_idw	IDW fallback	False	selected_source_cv_mse < idw_source_cv_mse AND delta_source_cv_pearson > 0.03
75p_E1_to_E2	75% epiboly	E1	E2	276	myod1	False	0.23174262046813965	0.12706831097602844	0.1046743094921112	0.2590272128582001	0.29697683453559875	0.03794962167739868	True	True	False	global_anchor_w1.00	Anchor-only	True	selected_source_cv_mse < idw_source_cv_mse AND delta_source_cv_pearson > 0.03
75p_E1_to_E2	75% epiboly	E1	E2	277	nanog	False	0.2992281913757324	0.11101242154836655	0.18821576982736588	0.35121357440948486	0.48901814222335815	0.1378045678138733	True	True	False	local_anchor_w0.75	Calibrated mixture	True	selected_source_cv_mse < idw_source_cv_mse AND delta_source_cv_pearson > 0.03
75p_E1_to_E2	75% epiboly	E1	E2	278	nanos3	False	0.4061487317085266	0.15171165764331818	0.25443707406520844	0.141337051987648	0.5159931182861328	0.3746560662984848	True	True	False	global_anchor_w1.00	Anchor-only	True	selected_source_cv_mse < idw_source_cv_mse AND delta_source_cv_pearson > 0.03
75p_E1_to_E2	75% epiboly	E1	E2	279	nap1l1	False	0.5162401795387268	0.11023535579442978	0.406004823744297	0.23892240226268768	0.3462481200695038	0.1073257178068161	True	True	False	local_anchor_w0.50	Calibrated mixture	True	selected_source_cv_mse < idw_source_cv_mse AND delta_source_cv_pearson > 0.03
75p_E1_to_E2	75% epiboly	E1	E2	280	nasp	False	0.7150657773017883	0.21016216278076172	0.5049036145210266	0.24926550686359406	0.5449696183204651	0.29570411145687103	True	True	False	local_anchor_w0.50	Calibrated mixture	True	selected_source_cv_mse < idw_source_cv_mse AND delta_source_cv_pearson > 0.03
75p_E1_to_E2	75% epiboly	E1	E2	281	ncapd2	False	0.47849833965301514	0.20087328553199768	0.27762505412101746	0.12285857647657394	0.15761695802211761	0.03475838154554367	True	True	False	local_anchor_w0.75	Calibrated mixture	True	selected_source_cv_mse < idw_source_cv_mse AND delta_source_cv_pearson > 0.03
75p_E1_to_E2	75% epiboly	E1	E2	282	nckap5l	False	0.26826298236846924	0.14929601550102234	0.1189669668674469	0.19426265358924866	0.22672200202941895	0.03245934844017029	True	True	False	local_anchor_w0.75	Calibrated mixture	True	selected_source_cv_mse < idw_source_cv_mse AND delta_source_cv_pearson > 0.03
75p_E1_to_E2	75% epiboly	E1	E2	283	ndr1	False	0.2529343068599701	0.16879285871982574	0.08414144814014435	0.1604429930448532	0.20016631484031677	0.03972332179546356	True	True	False	local_anchor_w0.75	Calibrated mixture	True	selected_source_cv_mse < idw_source_cv_mse AND delta_source_cv_pearson > 0.03
75p_E1_to_E2	75% epiboly	E1	E2	284	ndr2	False	0.7471764087677002	0.4173300266265869	0.3298463821411133	0.4044685959815979	0.7964798212051392	0.39201122522354126	True	True	False	local_anchor_w0.75	Calibrated mixture	True	selected_source_cv_mse < idw_source_cv_mse AND delta_source_cv_pearson > 0.03
75p_E1_to_E2	75% epiboly	E1	E2	285	ndufv3	False	0.3315671384334564	0.1376672238111496	0.19389991462230682	0.33017849922180176	0.38129255175590515	0.051114052534103394	True	True	False	global_anchor_w0.75	Calibrated mixture	True	selected_source_cv_mse < idw_source_cv_mse AND delta_source_cv_pearson > 0.03
75p_E1_to_E2	75% epiboly	E1	E2	286	nid2a	False	0.8357529044151306	0.47517475485801697	0.36057814955711365	0.372204065322876	0.9607294201850891	0.5885253548622131	True	True	False	local_anchor_w0.50	Calibrated mixture	True	selected_source_cv_mse < idw_source_cv_mse AND delta_source_cv_pearson > 0.03
75p_E1_to_E2	75% epiboly	E1	E2	287	nip7	False	0.35528895258903503	0.2777881920337677	0.07750076055526733	0.32827258110046387	0.3712959885597229	0.04302340745925903	True	True	False	global_anchor_w0.50	Calibrated mixture	True	selected_source_cv_mse < idw_source_cv_mse AND delta_source_cv_pearson > 0.03
75p_E1_to_E2	75% epiboly	E1	E2	288	nkx1.2la	False	0.08727871626615524	0.02086707018315792	0.06641164608299732	0.3174458146095276	0.3777231276035309	0.060277312994003296	True	True	False	local_anchor_w0.75	Calibrated mixture	True	selected_source_cv_mse < idw_source_cv_mse AND delta_source_cv_pearson > 0.03
75p_E1_to_E2	75% epiboly	E1	E2	289	nkx2.2a	False	0.4198657274246216	0.1719268560409546	0.247938871383667	0.13785035908222198	0.1826823204755783	0.04483196139335632	True	True	False	global_anchor_w1.00	Anchor-only	True	selected_source_cv_mse < idw_source_cv_mse AND delta_source_cv_pearson > 0.03
75p_E1_to_E2	75% epiboly	E1	E2	290	nkx2.5	False	0.25290852785110474	0.07715297490358353	0.1757555529475212	0.3105839788913727	0.3685019016265869	0.05791792273521423	True	True	False	local_anchor_w0.75	Calibrated mixture	True	selected_source_cv_mse < idw_source_cv_mse AND delta_source_cv_pearson > 0.03
75p_E1_to_E2	75% epiboly	E1	E2	291	nog1	False	0.7108731269836426	0.395336776971817	0.31553635001182556	0.44408586621284485	0.7390812039375305	0.29499533772468567	True	True	False	global_anchor_w0.75	Calibrated mixture	True	selected_source_cv_mse < idw_source_cv_mse AND delta_source_cv_pearson > 0.03
75p_E1_to_E2	75% epiboly	E1	E2	292	nop58	False	0.783553421497345	0.19504401087760925	0.5885094106197357	0.11375436931848526	0.30285418033599854	0.18909981101751328	True	True	False	local_anchor_w0.50	Calibrated mixture	True	selected_source_cv_mse < idw_source_cv_mse AND delta_source_cv_pearson > 0.03
75p_E1_to_E2	75% epiboly	E1	E2	293	notch1a	False	0.7671318650245667	0.2705188989639282	0.4966129660606384	0.24214009940624237	0.5570580363273621	0.3149179369211197	True	True	False	local_anchor_w0.75	Calibrated mixture	True	selected_source_cv_mse < idw_source_cv_mse AND delta_source_cv_pearson > 0.03
75p_E1_to_E2	75% epiboly	E1	E2	294	noto	False	0.5074532628059387	0.44913703203201294	0.05831623077392578	0.47276628017425537	0.5220915675163269	0.04932528734207153	True	True	False	local_anchor_w0.25	Calibrated mixture	True	selected_source_cv_mse < idw_source_cv_mse AND delta_source_cv_pearson > 0.03
75p_E1_to_E2	75% epiboly	E1	E2	295	nr2f2	False	0.22937989234924316	0.12026660144329071	0.10911329090595245	0.3039165735244751	0.37112972140312195	0.06721314787864685	True	True	False	local_anchor_w0.75	Calibrated mixture	True	selected_source_cv_mse < idw_source_cv_mse AND delta_source_cv_pearson > 0.03
75p_E1_to_E2	75% epiboly	E1	E2	296	nr6a1a	False	0.20992833375930786	0.08337157964706421	0.12655675411224365	0.2680054306983948	0.3139835596084595	0.0459781289100647	True	True	False	local_anchor_w0.75	Calibrated mixture	True	selected_source_cv_mse < idw_source_cv_mse AND delta_source_cv_pearson > 0.03
75p_E1_to_E2	75% epiboly	E1	E2	297	nrarpa	False	0.82320237159729	0.602962076663971	0.2202402949333191	0.3135770261287689	0.6187387704849243	0.3051617443561554	True	True	False	local_anchor_w0.25	Calibrated mixture	True	selected_source_cv_mse < idw_source_cv_mse AND delta_source_cv_pearson > 0.03
75p_E1_to_E2	75% epiboly	E1	E2	298	nsd2	True	0.9999988079071045	0.5735814571380615	0.42641735076904297	7.013509275566321e-07	0.6619259715080261	0.6619252701570986	True	False	True	global_anchor_w0.00	IDW fallback	False	selected_source_cv_mse < idw_source_cv_mse AND delta_source_cv_pearson > 0.03
75p_E1_to_E2	75% epiboly	E1	E2	299	ntd5	False	0.35038161277770996	0.213105246424675	0.13727636635303497	0.3571794927120209	0.5291643142700195	0.17198482155799866	True	True	False	local_anchor_w0.50	Calibrated mixture	True	selected_source_cv_mse < idw_source_cv_mse AND delta_source_cv_pearson > 0.03
75p_E1_to_E2	75% epiboly	E1	E2	300	oclna	False	0.7859331369400024	0.10613340884447098	0.6797997280955315	0.3879472613334656	1.8868944644927979	1.4989472031593323	True	True	False	global_anchor_w1.00	Anchor-only	True	selected_source_cv_mse < idw_source_cv_mse AND delta_source_cv_pearson > 0.03
75p_E1_to_E2	75% epiboly	E1	E2	301	olig4	False	0.5778704881668091	0.36879634857177734	0.20907413959503174	0.2683959901332855	0.38245701789855957	0.11406102776527405	True	True	False	local_anchor_w0.50	Calibrated mixture	True	selected_source_cv_mse < idw_source_cv_mse AND delta_source_cv_pearson > 0.03
75p_E1_to_E2	75% epiboly	E1	E2	302	osr1	False	0.5427585244178772	0.1435917466878891	0.3991667777299881	0.383878231048584	0.5430746078491211	0.1591963768005371	True	True	False	global_anchor_w0.75	Calibrated mixture	True	selected_source_cv_mse < idw_source_cv_mse AND delta_source_cv_pearson > 0.03
75p_E1_to_E2	75% epiboly	E1	E2	303	otx1	False	0.9186360239982605	0.9186360239982605	0.0	0.34205862879753113	0.34205862879753113	0.0	False	False	True	registered_idw	IDW fallback	False	selected_source_cv_mse < idw_source_cv_mse AND delta_source_cv_pearson > 0.03
75p_E1_to_E2	75% epiboly	E1	E2	304	otx2a	False	0.8192952275276184	0.7953231334686279	0.02397209405899048	0.3060305416584015	0.3730503022670746	0.0670197606086731	False	False	True	local_anchor_w0.50	IDW fallback	False	selected_source_cv_mse < idw_source_cv_mse AND delta_source_cv_pearson > 0.03
75p_E1_to_E2	75% epiboly	E1	E2	305	otx2b	False	0.8379856944084167	0.750173807144165	0.08781188726425171	0.4064024090766907	0.723369300365448	0.3169668912887573	True	True	False	local_anchor_w0.50	Calibrated mixture	True	selected_source_cv_mse < idw_source_cv_mse AND delta_source_cv_pearson > 0.03
75p_E1_to_E2	75% epiboly	E1	E2	306	pax2a	False	0.332546591758728	0.11388888955116272	0.2186577022075653	0.1563318818807602	0.19148707389831543	0.03515519201755524	True	True	False	global_anchor_w1.00	Anchor-only	True	selected_source_cv_mse < idw_source_cv_mse AND delta_source_cv_pearson > 0.03
75p_E1_to_E2	75% epiboly	E1	E2	307	pax3a	False	0.2429952174425125	0.11804963648319244	0.12494558095932007	0.3365268111228943	0.3820747137069702	0.04554790258407593	True	True	False	local_anchor_w0.75	Calibrated mixture	True	selected_source_cv_mse < idw_source_cv_mse AND delta_source_cv_pearson > 0.03
75p_E1_to_E2	75% epiboly	E1	E2	308	pax6a	False	0.3195624351501465	0.16882693767547607	0.1507354974746704	0.28696876764297485	0.34685784578323364	0.05988907814025879	True	True	False	local_anchor_w0.75	Calibrated mixture	True	selected_source_cv_mse < idw_source_cv_mse AND delta_source_cv_pearson > 0.03
75p_E1_to_E2	75% epiboly	E1	E2	309	pax6b	False	0.25359705090522766	0.05711517110466957	0.1964818798005581	0.2348375916481018	0.3422245681285858	0.10738697648048401	True	True	False	global_anchor_w1.00	Anchor-only	True	selected_source_cv_mse < idw_source_cv_mse AND delta_source_cv_pearson > 0.03
75p_E1_to_E2	75% epiboly	E1	E2	310	pbx1b	False	0.22326962649822235	0.04860411211848259	0.17466551437973976	0.21608541905879974	0.261488139629364	0.04540272057056427	True	True	False	global_anchor_w1.00	Anchor-only	True	selected_source_cv_mse < idw_source_cv_mse AND delta_source_cv_pearson > 0.03
75p_E1_to_E2	75% epiboly	E1	E2	311	pbx4	False	0.6243082284927368	0.441887229681015	0.1824209988117218	0.05654893070459366	0.07533933222293854	0.01879040151834488	True	True	False	global_anchor_w0.50	Calibrated mixture	True	selected_source_cv_mse < idw_source_cv_mse AND delta_source_cv_pearson > 0.03
75p_E1_to_E2	75% epiboly	E1	E2	312	pcdh10b	False	0.8395583629608154	0.23434104025363922	0.6052173227071762	0.43795397877693176	1.679234504699707	1.2412805259227753	True	True	False	global_anchor_w0.50	Calibrated mixture	True	selected_source_cv_mse < idw_source_cv_mse AND delta_source_cv_pearson > 0.03
75p_E1_to_E2	75% epiboly	E1	E2	313	pcdh7b	False	0.19170185923576355	0.020602893084287643	0.1710989661514759	0.11673872172832489	0.1498277634382248	0.0330890417098999	True	True	False	global_anchor_w1.00	Anchor-only	True	selected_source_cv_mse < idw_source_cv_mse AND delta_source_cv_pearson > 0.03
75p_E1_to_E2	75% epiboly	E1	E2	314	PCDH8	False	0.1999630630016327	0.10556163638830185	0.09440142661333084	0.07448119670152664	0.0995899885892868	0.025108791887760162	True	True	False	global_anchor_w1.00	Anchor-only	True	selected_source_cv_mse < idw_source_cv_mse AND delta_source_cv_pearson > 0.03
75p_E1_to_E2	75% epiboly	E1	E2	315	pcdh8	False	0.6415828466415405	0.20141974091529846	0.44016310572624207	0.34048745036125183	0.5852057933807373	0.24471834301948547	True	True	False	local_anchor_w0.50	Calibrated mixture	True	selected_source_cv_mse < idw_source_cv_mse AND delta_source_cv_pearson > 0.03
75p_E1_to_E2	75% epiboly	E1	E2	316	pdap1a	False	0.35303306579589844	0.17521457374095917	0.17781849205493927	0.31501248478889465	0.38263946771621704	0.06762698292732239	True	True	False	local_anchor_w0.50	Calibrated mixture	True	selected_source_cv_mse < idw_source_cv_mse AND delta_source_cv_pearson > 0.03
75p_E1_to_E2	75% epiboly	E1	E2	317	perp	False	0.8145310878753662	0.08413146436214447	0.7303996235132217	0.4568277895450592	2.47274112701416	2.015913337469101	True	True	False	global_anchor_w0.50	Calibrated mixture	True	selected_source_cv_mse < idw_source_cv_mse AND delta_source_cv_pearson > 0.03
75p_E1_to_E2	75% epiboly	E1	E2	318	pfn2	False	0.3688076436519623	0.17580068111419678	0.1930069625377655	0.2999686896800995	0.39586853981018066	0.09589985013008118	True	True	False	local_anchor_w0.50	Calibrated mixture	True	selected_source_cv_mse < idw_source_cv_mse AND delta_source_cv_pearson > 0.03
75p_E1_to_E2	75% epiboly	E1	E2	319	pitx2	False	0.4183816909790039	0.15119193494319916	0.26718975603580475	0.3381142318248749	0.3970525562763214	0.05893832445144653	True	True	False	local_anchor_w0.75	Calibrated mixture	True	selected_source_cv_mse < idw_source_cv_mse AND delta_source_cv_pearson > 0.03
75p_E1_to_E2	75% epiboly	E1	E2	320	pknox1.1	False	0.7501999139785767	0.5864386558532715	0.16376125812530518	0.326253205537796	0.49097368121147156	0.16472047567367554	True	True	False	local_anchor_w0.50	Calibrated mixture	True	selected_source_cv_mse < idw_source_cv_mse AND delta_source_cv_pearson > 0.03
75p_E1_to_E2	75% epiboly	E1	E2	321	plagl2	False	0.34332171082496643	0.10000766813755035	0.24331404268741608	0.30931907892227173	0.38248270750045776	0.07316362857818604	True	True	False	local_anchor_w0.75	Calibrated mixture	True	selected_source_cv_mse < idw_source_cv_mse AND delta_source_cv_pearson > 0.03
75p_E1_to_E2	75% epiboly	E1	E2	322	plekhg5b	False	0.5799282789230347	0.3027065694332123	0.2772217094898224	0.34935691952705383	0.49841490387916565	0.14905798435211182	True	True	False	local_anchor_w0.75	Calibrated mixture	True	selected_source_cv_mse < idw_source_cv_mse AND delta_source_cv_pearson > 0.03
75p_E1_to_E2	75% epiboly	E1	E2	323	pmp22b	False	0.3253912031650543	0.15724462270736694	0.16814658045768738	0.16828350722789764	0.2250322550535202	0.05674874782562256	True	True	False	local_anchor_w0.75	Calibrated mixture	True	selected_source_cv_mse < idw_source_cv_mse AND delta_source_cv_pearson > 0.03
75p_E1_to_E2	75% epiboly	E1	E2	324	pold3	False	0.30654802918434143	0.05616464093327522	0.2503833882510662	0.3209414780139923	0.40761590003967285	0.08667442202568054	True	True	False	local_anchor_w0.75	Calibrated mixture	True	selected_source_cv_mse < idw_source_cv_mse AND delta_source_cv_pearson > 0.03
75p_E1_to_E2	75% epiboly	E1	E2	325	ppan	False	0.4678402841091156	0.2871078550815582	0.18073242902755737	0.28703129291534424	0.34519386291503906	0.058162569999694824	True	True	False	global_anchor_w0.25	Calibrated mixture	True	selected_source_cv_mse < idw_source_cv_mse AND delta_source_cv_pearson > 0.03
75p_E1_to_E2	75% epiboly	E1	E2	326	ppp1r7	False	0.20773720741271973	0.07472500205039978	0.13301220536231995	0.3225537836551666	0.39856472611427307	0.07601094245910645	True	True	False	local_anchor_w0.75	Calibrated mixture	True	selected_source_cv_mse < idw_source_cv_mse AND delta_source_cv_pearson > 0.03
75p_E1_to_E2	75% epiboly	E1	E2	327	prdm1a	False	0.6433495879173279	0.20891410112380981	0.43443548679351807	0.9546657204627991	1.7460438013076782	0.7913780808448792	True	True	False	global_anchor_w0.75	Calibrated mixture	True	selected_source_cv_mse < idw_source_cv_mse AND delta_source_cv_pearson > 0.03
75p_E1_to_E2	75% epiboly	E1	E2	328	prickle1b	False	0.5260434150695801	0.39203035831451416	0.13401305675506592	0.9466238617897034	1.3387491703033447	0.39212530851364136	True	True	False	local_anchor_w0.75	Calibrated mixture	True	selected_source_cv_mse < idw_source_cv_mse AND delta_source_cv_pearson > 0.03
75p_E1_to_E2	75% epiboly	E1	E2	329	prmt1	False	0.7186583280563354	0.2329597920179367	0.48569853603839874	0.12087825685739517	0.24548563361167908	0.1246073767542839	True	True	False	local_anchor_w0.50	Calibrated mixture	True	selected_source_cv_mse < idw_source_cv_mse AND delta_source_cv_pearson > 0.03
75p_E1_to_E2	75% epiboly	E1	E2	330	prox1a	False	0.38282671570777893	0.11032675951719284	0.2724999561905861	0.281459242105484	0.44065847992897034	0.15919923782348633	True	True	False	global_anchor_w1.00	Anchor-only	True	selected_source_cv_mse < idw_source_cv_mse AND delta_source_cv_pearson > 0.03
75p_E1_to_E2	75% epiboly	E1	E2	331	ptp4a2b	False	0.4608364701271057	0.14065012335777283	0.3201863467693329	0.2297135591506958	0.29852208495140076	0.06880852580070496	True	True	False	global_anchor_w0.50	Calibrated mixture	True	selected_source_cv_mse < idw_source_cv_mse AND delta_source_cv_pearson > 0.03
75p_E1_to_E2	75% epiboly	E1	E2	332	pttg1	False	0.23014144599437714	0.08620835840702057	0.14393308758735657	0.3334202766418457	0.3838435411453247	0.050423264503479004	True	True	False	local_anchor_w0.75	Calibrated mixture	True	selected_source_cv_mse < idw_source_cv_mse AND delta_source_cv_pearson > 0.03
75p_E1_to_E2	75% epiboly	E1	E2	333	rab11fip4a	False	0.32467734813690186	0.08276441693305969	0.24191293120384216	0.4268462657928467	0.563578724861145	0.13673245906829834	True	True	False	global_anchor_w0.75	Calibrated mixture	True	selected_source_cv_mse < idw_source_cv_mse AND delta_source_cv_pearson > 0.03
75p_E1_to_E2	75% epiboly	E1	E2	334	rac1a	False	0.42411884665489197	0.2730795443058014	0.15103930234909058	0.14455226063728333	0.1828242540359497	0.03827199339866638	True	True	False	local_anchor_w0.25	Calibrated mixture	True	selected_source_cv_mse < idw_source_cv_mse AND delta_source_cv_pearson > 0.03
75p_E1_to_E2	75% epiboly	E1	E2	335	raraa	False	0.44407734274864197	0.17461298406124115	0.2694643586874008	0.3691088855266571	0.4930902421474457	0.12398135662078857	True	True	False	global_anchor_w0.75	Calibrated mixture	True	selected_source_cv_mse < idw_source_cv_mse AND delta_source_cv_pearson > 0.03
75p_E1_to_E2	75% epiboly	E1	E2	336	rasgef1ba	False	0.541414737701416	0.356703519821167	0.18471121788024902	0.531299352645874	0.7447116374969482	0.21341228485107422	True	True	False	local_anchor_w0.25	Calibrated mixture	True	selected_source_cv_mse < idw_source_cv_mse AND delta_source_cv_pearson > 0.03
75p_E1_to_E2	75% epiboly	E1	E2	337	rasl11b	False	0.5547956824302673	0.29415056109428406	0.2606451213359833	0.46568915247917175	0.7265644669532776	0.26087531447410583	True	True	False	local_anchor_w0.00	Local residual	True	selected_source_cv_mse < idw_source_cv_mse AND delta_source_cv_pearson > 0.03
75p_E1_to_E2	75% epiboly	E1	E2	338	rbbp4	False	0.7784985303878784	0.2448820173740387	0.5336165130138397	0.16790327429771423	0.4140535295009613	0.24615025520324707	True	True	False	local_anchor_w0.50	Calibrated mixture	True	selected_source_cv_mse < idw_source_cv_mse AND delta_source_cv_pearson > 0.03
75p_E1_to_E2	75% epiboly	E1	E2	339	rbm4.3	False	0.4901908040046692	0.3063640892505646	0.18382671475410461	0.21396499872207642	0.30123740434646606	0.08727240562438965	True	True	False	local_anchor_w0.50	Calibrated mixture	True	selected_source_cv_mse < idw_source_cv_mse AND delta_source_cv_pearson > 0.03
75p_E1_to_E2	75% epiboly	E1	E2	340	rbm7	False	0.22969473898410797	0.054026518017053604	0.17566822096705437	0.27309897541999817	0.32120150327682495	0.04810252785682678	True	True	False	global_anchor_w1.00	Anchor-only	True	selected_source_cv_mse < idw_source_cv_mse AND delta_source_cv_pearson > 0.03
75p_E1_to_E2	75% epiboly	E1	E2	341	rbmx	False	0.48018819093704224	0.2597748935222626	0.22041329741477966	0.16286398470401764	0.2065504789352417	0.04368649423122406	True	True	False	local_anchor_w0.50	Calibrated mixture	True	selected_source_cv_mse < idw_source_cv_mse AND delta_source_cv_pearson > 0.03
75p_E1_to_E2	75% epiboly	E1	E2	342	rcc1	False	0.7140650153160095	0.17657634615898132	0.5374886691570282	0.14282426238059998	0.294487327337265	0.15166306495666504	True	True	False	global_anchor_w0.50	Calibrated mixture	True	selected_source_cv_mse < idw_source_cv_mse AND delta_source_cv_pearson > 0.03
75p_E1_to_E2	75% epiboly	E1	E2	343	rdh10b	False	0.40415626764297485	0.12274853140115738	0.2814077362418175	0.37255313992500305	0.5853937864303589	0.21284064650535583	True	True	False	local_anchor_w0.75	Calibrated mixture	True	selected_source_cv_mse < idw_source_cv_mse AND delta_source_cv_pearson > 0.03
75p_E1_to_E2	75% epiboly	E1	E2	344	rfx2	False	0.33537963032722473	0.12505868077278137	0.21032094955444336	0.29641857743263245	0.34610816836357117	0.04968959093093872	True	True	False	local_anchor_w0.25	Calibrated mixture	True	selected_source_cv_mse < idw_source_cv_mse AND delta_source_cv_pearson > 0.03
75p_E1_to_E2	75% epiboly	E1	E2	345	rhov	False	0.5822020173072815	0.4270979166030884	0.15510410070419312	0.36199620366096497	0.45700472593307495	0.09500852227210999	True	True	False	local_anchor_w0.75	Calibrated mixture	True	selected_source_cv_mse < idw_source_cv_mse AND delta_source_cv_pearson > 0.03
75p_E1_to_E2	75% epiboly	E1	E2	346	ripply1	False	0.47391757369041443	0.23962150514125824	0.2342960685491562	0.38013145327568054	0.49699750542640686	0.11686605215072632	True	True	False	local_anchor_w0.50	Calibrated mixture	True	selected_source_cv_mse < idw_source_cv_mse AND delta_source_cv_pearson > 0.03
75p_E1_to_E2	75% epiboly	E1	E2	347	rnd1b	False	0.5655259490013123	0.23111949861049652	0.33440645039081573	0.43331179022789	0.6352725625038147	0.20196077227592468	True	True	False	global_anchor_w0.50	Calibrated mixture	True	selected_source_cv_mse < idw_source_cv_mse AND delta_source_cv_pearson > 0.03
75p_E1_to_E2	75% epiboly	E1	E2	348	rpl10	False	0.6662732362747192	0.2752082943916321	0.39106494188308716	0.19676391780376434	0.44114506244659424	0.2443811446428299	True	True	False	local_anchor_w0.50	Calibrated mixture	True	selected_source_cv_mse < idw_source_cv_mse AND delta_source_cv_pearson > 0.03
75p_E1_to_E2	75% epiboly	E1	E2	349	rpl19	False	0.3722686171531677	0.31515219807624817	0.057116419076919556	0.20614159107208252	0.2234925925731659	0.017351001501083374	True	True	False	local_anchor_w0.25	Calibrated mixture	True	selected_source_cv_mse < idw_source_cv_mse AND delta_source_cv_pearson > 0.03
75p_E1_to_E2	75% epiboly	E1	E2	350	rpl31	False	0.3332903981208801	0.26172956824302673	0.0715608298778534	0.23136982321739197	0.2601543068885803	0.028784483671188354	True	True	False	local_anchor_w0.50	Calibrated mixture	True	selected_source_cv_mse < idw_source_cv_mse AND delta_source_cv_pearson > 0.03
75p_E1_to_E2	75% epiboly	E1	E2	351	rpl34	False	0.2461138814687729	0.10320180654525757	0.14291207492351532	0.30250096321105957	0.34949377179145813	0.04699280858039856	True	True	False	global_anchor_w1.00	Anchor-only	True	selected_source_cv_mse < idw_source_cv_mse AND delta_source_cv_pearson > 0.03
75p_E1_to_E2	75% epiboly	E1	E2	352	rpl38	False	0.32497438788414	0.09346688538789749	0.23150750249624252	0.2877658009529114	0.35398775339126587	0.06622195243835449	True	True	False	local_anchor_w0.75	Calibrated mixture	True	selected_source_cv_mse < idw_source_cv_mse AND delta_source_cv_pearson > 0.03
75p_E1_to_E2	75% epiboly	E1	E2	353	rpl4	False	0.4411103129386902	0.34399205446243286	0.09711825847625732	0.27407535910606384	0.3150302469730377	0.04095488786697388	True	True	False	local_anchor_w0.00	Local residual	True	selected_source_cv_mse < idw_source_cv_mse AND delta_source_cv_pearson > 0.03
75p_E1_to_E2	75% epiboly	E1	E2	354	rpl5a	False	0.3381892442703247	0.14035935699939728	0.19782988727092743	0.1366327702999115	0.1608080267906189	0.024175256490707397	True	True	False	global_anchor_w0.75	Calibrated mixture	True	selected_source_cv_mse < idw_source_cv_mse AND delta_source_cv_pearson > 0.03
75p_E1_to_E2	75% epiboly	E1	E2	355	rpl6	False	0.3898884057998657	0.32885706424713135	0.061031341552734375	0.16072338819503784	0.17531104385852814	0.014587655663490295	True	True	False	local_anchor_w0.25	Calibrated mixture	True	selected_source_cv_mse < idw_source_cv_mse AND delta_source_cv_pearson > 0.03
75p_E1_to_E2	75% epiboly	E1	E2	356	rplp0	False	0.7348167300224304	0.17607219517230988	0.5587445348501205	0.04432304948568344	0.1038791835308075	0.059556134045124054	True	True	False	local_anchor_w0.50	Calibrated mixture	True	selected_source_cv_mse < idw_source_cv_mse AND delta_source_cv_pearson > 0.03
75p_E1_to_E2	75% epiboly	E1	E2	357	rplp2l	False	0.6684338450431824	0.16127687692642212	0.5071569681167603	0.12525294721126556	0.24640433490276337	0.1211513876914978	True	True	False	local_anchor_w0.50	Calibrated mixture	True	selected_source_cv_mse < idw_source_cv_mse AND delta_source_cv_pearson > 0.03
75p_E1_to_E2	75% epiboly	E1	E2	358	rps3	False	0.3734033405780792	0.20714248716831207	0.16626085340976715	0.11574818938970566	0.1359066218137741	0.02015843242406845	True	True	False	local_anchor_w0.50	Calibrated mixture	True	selected_source_cv_mse < idw_source_cv_mse AND delta_source_cv_pearson > 0.03
75p_E1_to_E2	75% epiboly	E1	E2	359	rps6	False	0.7348876595497131	0.26417264342308044	0.4707150161266327	0.0325130857527256	0.07008382678031921	0.03757074102759361	True	True	False	local_anchor_w0.50	Calibrated mixture	True	selected_source_cv_mse < idw_source_cv_mse AND delta_source_cv_pearson > 0.03
75p_E1_to_E2	75% epiboly	E1	E2	360	rrbp1b	False	0.7537455558776855	0.30883657932281494	0.4449089765548706	0.6083400249481201	1.3330954313278198	0.7247554063796997	True	True	False	global_anchor_w1.00	Anchor-only	True	selected_source_cv_mse < idw_source_cv_mse AND delta_source_cv_pearson > 0.03
75p_E1_to_E2	75% epiboly	E1	E2	361	rreb1a	False	0.7129427790641785	0.300582617521286	0.41236016154289246	0.5034466981887817	1.1469273567199707	0.643480658531189	True	True	False	local_anchor_w0.75	Calibrated mixture	True	selected_source_cv_mse < idw_source_cv_mse AND delta_source_cv_pearson > 0.03
75p_E1_to_E2	75% epiboly	E1	E2	362	rreb1b	False	0.5640375018119812	0.11456373333930969	0.4494737684726715	0.5598002672195435	0.9405081868171692	0.38070791959762573	True	True	False	global_anchor_w0.75	Calibrated mixture	True	selected_source_cv_mse < idw_source_cv_mse AND delta_source_cv_pearson > 0.03
75p_E1_to_E2	75% epiboly	E1	E2	363	rrm2	False	0.7033705711364746	0.4460923671722412	0.2572782039642334	0.11751473695039749	0.20314785838127136	0.08563312143087387	True	True	False	local_anchor_w0.50	Calibrated mixture	True	selected_source_cv_mse < idw_source_cv_mse AND delta_source_cv_pearson > 0.03
75p_E1_to_E2	75% epiboly	E1	E2	364	rrp8	False	0.21977423131465912	0.026048170402646065	0.19372606091201305	0.24572326242923737	0.29552602767944336	0.049802765250205994	True	True	False	global_anchor_w1.00	Anchor-only	True	selected_source_cv_mse < idw_source_cv_mse AND delta_source_cv_pearson > 0.03
75p_E1_to_E2	75% epiboly	E1	E2	365	rx3	False	0.27938312292099	0.08616579324007034	0.19321732968091965	0.28070250153541565	0.39946672320365906	0.11876422166824341	True	True	False	local_anchor_w0.75	Calibrated mixture	True	selected_source_cv_mse < idw_source_cv_mse AND delta_source_cv_pearson > 0.03
75p_E1_to_E2	75% epiboly	E1	E2	366	rxraa	False	0.22157274186611176	0.06034022569656372	0.16123251616954803	0.13765481114387512	0.1758827567100525	0.03822794556617737	True	True	False	global_anchor_w1.00	Anchor-only	True	selected_source_cv_mse < idw_source_cv_mse AND delta_source_cv_pearson > 0.03
75p_E1_to_E2	75% epiboly	E1	E2	367	rxrgb	False	0.4043481647968292	0.04945124685764313	0.3548969179391861	0.33236512541770935	0.4784243702888489	0.14605924487113953	True	True	False	global_anchor_w1.00	Anchor-only	True	selected_source_cv_mse < idw_source_cv_mse AND delta_source_cv_pearson > 0.03
75p_E1_to_E2	75% epiboly	E1	E2	368	sall1a	False	0.31139829754829407	0.15867529809474945	0.15272299945354462	0.20515935122966766	0.24127903580665588	0.03611968457698822	True	True	False	local_anchor_w0.75	Calibrated mixture	True	selected_source_cv_mse < idw_source_cv_mse AND delta_source_cv_pearson > 0.03
75p_E1_to_E2	75% epiboly	E1	E2	369	sall3a	False	0.2817178964614868	0.13329096138477325	0.14842693507671356	0.3800991177558899	0.503541111946106	0.12344199419021606	True	True	False	local_anchor_w0.75	Calibrated mixture	True	selected_source_cv_mse < idw_source_cv_mse AND delta_source_cv_pearson > 0.03
75p_E1_to_E2	75% epiboly	E1	E2	370	sall3b	False	0.5681357383728027	0.3607589900493622	0.20737674832344055	0.3322451710700989	0.4287143647670746	0.09646919369697571	True	True	False	local_anchor_w0.00	Local residual	True	selected_source_cv_mse < idw_source_cv_mse AND delta_source_cv_pearson > 0.03
75p_E1_to_E2	75% epiboly	E1	E2	371	sdc4	False	0.5550588965415955	0.16223444044589996	0.3928244560956955	0.37082478404045105	0.6341065168380737	0.2632817327976227	True	True	False	local_anchor_w0.50	Calibrated mixture	True	selected_source_cv_mse < idw_source_cv_mse AND delta_source_cv_pearson > 0.03
75p_E1_to_E2	75% epiboly	E1	E2	372	sebox	False	0.29954540729522705	0.13394615054130554	0.1655992567539215	0.07110857963562012	0.09912339597940445	0.028014816343784332	True	True	False	global_anchor_w1.00	Anchor-only	True	selected_source_cv_mse < idw_source_cv_mse AND delta_source_cv_pearson > 0.03
75p_E1_to_E2	75% epiboly	E1	E2	373	sept9a	False	0.7947692275047302	0.625368058681488	0.1694011688232422	0.38735994696617126	0.6500211358070374	0.2626611888408661	True	True	False	local_anchor_w0.50	Calibrated mixture	True	selected_source_cv_mse < idw_source_cv_mse AND delta_source_cv_pearson > 0.03
75p_E1_to_E2	75% epiboly	E1	E2	374	shha	False	0.3619465231895447	0.25031545758247375	0.11163106560707092	0.3275343179702759	0.40888869762420654	0.08135437965393066	True	True	False	global_anchor_w0.50	Calibrated mixture	True	selected_source_cv_mse < idw_source_cv_mse AND delta_source_cv_pearson > 0.03
75p_E1_to_E2	75% epiboly	E1	E2	375	si:ch211-106e7.2	False	0.6962582468986511	0.5898898839950562	0.10636836290359497	0.33117517828941345	0.3852751851081848	0.05410000681877136	True	True	False	local_anchor_w0.75	Calibrated mixture	True	selected_source_cv_mse < idw_source_cv_mse AND delta_source_cv_pearson > 0.03
75p_E1_to_E2	75% epiboly	E1	E2	376	si:ch211-113a14.12	False	0.3977327346801758	0.11261212080717087	0.2851206138730049	0.36465632915496826	0.47073397040367126	0.106077641248703	True	True	False	local_anchor_w0.75	Calibrated mixture	True	selected_source_cv_mse < idw_source_cv_mse AND delta_source_cv_pearson > 0.03
75p_E1_to_E2	75% epiboly	E1	E2	377	si:ch211-113a14.18	False	0.35743600130081177	0.2757720947265625	0.08166390657424927	0.2909686267375946	0.32758989930152893	0.036621272563934326	True	True	False	local_anchor_w0.50	Calibrated mixture	True	selected_source_cv_mse < idw_source_cv_mse AND delta_source_cv_pearson > 0.03
75p_E1_to_E2	75% epiboly	E1	E2	378	si:ch211-114n24.6	False	0.35821476578712463	0.15930281579494476	0.19891194999217987	0.24586839973926544	0.3124052882194519	0.06653688848018646	True	True	False	global_anchor_w1.00	Anchor-only	True	selected_source_cv_mse < idw_source_cv_mse AND delta_source_cv_pearson > 0.03
75p_E1_to_E2	75% epiboly	E1	E2	379	si:ch211-155e24.3	False	0.6161999702453613	0.1967049390077591	0.41949503123760223	0.23140396177768707	0.37450942397117615	0.14310546219348907	True	True	False	global_anchor_w1.00	Anchor-only	True	selected_source_cv_mse < idw_source_cv_mse AND delta_source_cv_pearson > 0.03
75p_E1_to_E2	75% epiboly	E1	E2	380	si:ch211-161h7.4	False	0.5100624561309814	0.1572333127260208	0.35282914340496063	0.21410250663757324	0.3046046793460846	0.09050217270851135	True	True	False	global_anchor_w1.00	Anchor-only	True	selected_source_cv_mse < idw_source_cv_mse AND delta_source_cv_pearson > 0.03
75p_E1_to_E2	75% epiboly	E1	E2	381	si:ch211-163l21.7	False	0.14940093457698822	0.06782197952270508	0.08157895505428314	0.0685025081038475	0.07876908034086227	0.01026657223701477	True	True	False	global_anchor_w1.00	Anchor-only	True	selected_source_cv_mse < idw_source_cv_mse AND delta_source_cv_pearson > 0.03
75p_E1_to_E2	75% epiboly	E1	E2	382	si:dkey-108k21.14	False	0.5285746455192566	0.19208121299743652	0.33649343252182007	0.44405296444892883	0.6578850150108337	0.2138320505619049	True	True	False	local_anchor_w0.25	Calibrated mixture	True	selected_source_cv_mse < idw_source_cv_mse AND delta_source_cv_pearson > 0.03
75p_E1_to_E2	75% epiboly	E1	E2	383	si:dkey-108k21.21	False	0.1544644832611084	0.06056072935461998	0.09390375390648842	0.08081459999084473	0.09478326886892319	0.01396866887807846	True	True	False	global_anchor_w0.75	Calibrated mixture	True	selected_source_cv_mse < idw_source_cv_mse AND delta_source_cv_pearson > 0.03
75p_E1_to_E2	75% epiboly	E1	E2	384	si:dkey-261h17.1	False	0.5870784521102905	0.30008259415626526	0.28699585795402527	0.38016313314437866	0.5496793389320374	0.1695162057876587	True	True	False	local_anchor_w0.50	Calibrated mixture	True	selected_source_cv_mse < idw_source_cv_mse AND delta_source_cv_pearson > 0.03
75p_E1_to_E2	75% epiboly	E1	E2	385	si:dkey-261m9.12	False	0.49576082825660706	0.22838249802589417	0.2673783302307129	0.3836243748664856	0.5359964370727539	0.1523720622062683	True	True	False	local_anchor_w0.25	Calibrated mixture	True	selected_source_cv_mse < idw_source_cv_mse AND delta_source_cv_pearson > 0.03
75p_E1_to_E2	75% epiboly	E1	E2	386	si:dkey-66i24.9	False	0.45147597789764404	0.10019247233867645	0.3512835055589676	0.2088729441165924	0.2825550138950348	0.07368206977844238	True	True	False	local_anchor_w0.50	Calibrated mixture	True	selected_source_cv_mse < idw_source_cv_mse AND delta_source_cv_pearson > 0.03
75p_E1_to_E2	75% epiboly	E1	E2	387	si:dkey-68o6.5	False	0.21295443177223206	0.04654061794281006	0.166413813829422	0.23017790913581848	0.28282320499420166	0.05264529585838318	True	True	False	global_anchor_w1.00	Anchor-only	True	selected_source_cv_mse < idw_source_cv_mse AND delta_source_cv_pearson > 0.03
75p_E1_to_E2	75% epiboly	E1	E2	388	si:dkey-92i17.2	False	0.3050340712070465	0.07522644102573395	0.22980763018131256	0.28665924072265625	0.33642977476119995	0.0497705340385437	True	True	False	local_anchor_w0.50	Calibrated mixture	True	selected_source_cv_mse < idw_source_cv_mse AND delta_source_cv_pearson > 0.03
75p_E1_to_E2	75% epiboly	E1	E2	389	six3b	False	0.696120023727417	0.38085946440696716	0.31526055932044983	0.18966299295425415	0.30374568700790405	0.1140826940536499	True	True	False	global_anchor_w1.00	Anchor-only	True	selected_source_cv_mse < idw_source_cv_mse AND delta_source_cv_pearson > 0.03
75p_E1_to_E2	75% epiboly	E1	E2	390	six4a	True	0.9999969005584717	0.36508554220199585	0.6349113583564758	1.0368198672949802e-06	0.8522767424583435	0.8522757056384762	True	False	True	global_anchor_w0.00	IDW fallback	False	selected_source_cv_mse < idw_source_cv_mse AND delta_source_cv_pearson > 0.03
75p_E1_to_E2	75% epiboly	E1	E2	391	six4b	True	1.000016450881958	0.4491722881793976	0.5508441627025604	3.736813312116283e-07	0.6571084856987	0.6571081120173687	True	False	True	global_anchor_w0.50	IDW fallback	False	selected_source_cv_mse < idw_source_cv_mse AND delta_source_cv_pearson > 0.03
75p_E1_to_E2	75% epiboly	E1	E2	392	six7	False	0.7032588720321655	0.6961404085159302	0.0071184635162353516	0.6078686714172363	0.6342877745628357	0.026419103145599365	False	False	True	global_anchor_w0.00	IDW fallback	False	selected_source_cv_mse < idw_source_cv_mse AND delta_source_cv_pearson > 0.03
75p_E1_to_E2	75% epiboly	E1	E2	393	skia	False	0.6697308421134949	0.5441684126853943	0.12556242942810059	0.4005860388278961	0.5590972304344177	0.1585111916065216	True	True	False	local_anchor_w0.75	Calibrated mixture	True	selected_source_cv_mse < idw_source_cv_mse AND delta_source_cv_pearson > 0.03
75p_E1_to_E2	75% epiboly	E1	E2	394	skila	False	0.31812912225723267	0.1819848269224167	0.13614429533481598	0.34709203243255615	0.4254378378391266	0.07834580540657043	True	True	False	local_anchor_w0.50	Calibrated mixture	True	selected_source_cv_mse < idw_source_cv_mse AND delta_source_cv_pearson > 0.03
75p_E1_to_E2	75% epiboly	E1	E2	395	skilb	False	0.5841180682182312	0.3722604215145111	0.2118576467037201	0.36639532446861267	0.49863848090171814	0.13224315643310547	True	True	False	local_anchor_w0.75	Calibrated mixture	True	selected_source_cv_mse < idw_source_cv_mse AND delta_source_cv_pearson > 0.03
75p_E1_to_E2	75% epiboly	E1	E2	396	smtnl	False	0.8234359622001648	0.1990315020084381	0.6244044601917267	0.35358160734176636	1.1720384359359741	0.8184568285942078	True	True	False	local_anchor_w0.75	Calibrated mixture	True	selected_source_cv_mse < idw_source_cv_mse AND delta_source_cv_pearson > 0.03
75p_E1_to_E2	75% epiboly	E1	E2	397	snai1a	False	0.838417649269104	0.2133314609527588	0.6250861883163452	0.5255715847015381	1.869540810585022	1.3439692258834839	True	True	False	local_anchor_w0.75	Calibrated mixture	True	selected_source_cv_mse < idw_source_cv_mse AND delta_source_cv_pearson > 0.03
75p_E1_to_E2	75% epiboly	E1	E2	398	snai2	False	0.35408174991607666	0.31051281094551086	0.043568938970565796	0.34841465950012207	0.41741839051246643	0.06900373101234436	True	True	False	local_anchor_w0.50	Calibrated mixture	True	selected_source_cv_mse < idw_source_cv_mse AND delta_source_cv_pearson > 0.03
75p_E1_to_E2	75% epiboly	E1	E2	399	snrpc	False	0.1443311870098114	0.04563732445240021	0.0986938625574112	0.3325415253639221	0.3668336570262909	0.034292131662368774	True	True	False	global_anchor_w0.75	Calibrated mixture	True	selected_source_cv_mse < idw_source_cv_mse AND delta_source_cv_pearson > 0.03
75p_E1_to_E2	75% epiboly	E1	E2	400	snrpd3	False	0.2492484450340271	0.10851222276687622	0.14073622226715088	0.21169598400592804	0.2667958438396454	0.055099859833717346	True	True	False	local_anchor_w0.75	Calibrated mixture	True	selected_source_cv_mse < idw_source_cv_mse AND delta_source_cv_pearson > 0.03
75p_E1_to_E2	75% epiboly	E1	E2	401	snrpg	False	0.17372311651706696	-0.015552838332951069	0.18927595485001802	0.2770208716392517	0.3333101272583008	0.05628925561904907	True	True	False	global_anchor_w1.00	Anchor-only	True	selected_source_cv_mse < idw_source_cv_mse AND delta_source_cv_pearson > 0.03
75p_E1_to_E2	75% epiboly	E1	E2	402	sox10	False	0.25572603940963745	0.15996293723583221	0.09576310217380524	0.17950987815856934	0.21980075538158417	0.04029087722301483	True	True	False	local_anchor_w0.75	Calibrated mixture	True	selected_source_cv_mse < idw_source_cv_mse AND delta_source_cv_pearson > 0.03
75p_E1_to_E2	75% epiboly	E1	E2	403	sox11a	False	0.8324980735778809	0.5107247233390808	0.32177335023880005	0.3692443370819092	1.057086706161499	0.6878423690795898	True	True	False	global_anchor_w0.50	Calibrated mixture	True	selected_source_cv_mse < idw_source_cv_mse AND delta_source_cv_pearson > 0.03
75p_E1_to_E2	75% epiboly	E1	E2	404	sox11b	False	0.7545069456100464	0.34240421652793884	0.41210272908210754	0.3050321936607361	0.6358246207237244	0.3307924270629883	True	True	False	global_anchor_w0.25	Calibrated mixture	True	selected_source_cv_mse < idw_source_cv_mse AND delta_source_cv_pearson > 0.03
75p_E1_to_E2	75% epiboly	E1	E2	405	sox13	False	0.45446455478668213	0.22171659767627716	0.23274795711040497	0.39597287774086	0.602818489074707	0.20684561133384705	True	True	False	local_anchor_w0.50	Calibrated mixture	True	selected_source_cv_mse < idw_source_cv_mse AND delta_source_cv_pearson > 0.03
75p_E1_to_E2	75% epiboly	E1	E2	406	sox17	False	0.5001639723777771	0.10336510837078094	0.39679886400699615	0.48114314675331116	1.0141733884811401	0.533030241727829	True	True	False	global_anchor_w1.00	Anchor-only	True	selected_source_cv_mse < idw_source_cv_mse AND delta_source_cv_pearson > 0.03
75p_E1_to_E2	75% epiboly	E1	E2	407	sox19a	False	0.9065313339233398	0.5280309319496155	0.37850040197372437	0.4747867286205292	2.1717166900634766	1.6969299614429474	True	True	False	global_anchor_w0.50	Calibrated mixture	True	selected_source_cv_mse < idw_source_cv_mse AND delta_source_cv_pearson > 0.03
75p_E1_to_E2	75% epiboly	E1	E2	408	sox2	False	0.8047747015953064	0.4403836727142334	0.364391028881073	0.3740077316761017	1.0495274066925049	0.6755196750164032	True	True	False	global_anchor_w0.75	Calibrated mixture	True	selected_source_cv_mse < idw_source_cv_mse AND delta_source_cv_pearson > 0.03
75p_E1_to_E2	75% epiboly	E1	E2	409	sox3	False	0.6074303388595581	0.2157267928123474	0.3917035460472107	0.5175564289093018	0.8971587419509888	0.379602313041687	True	True	False	local_anchor_w0.50	Calibrated mixture	True	selected_source_cv_mse < idw_source_cv_mse AND delta_source_cv_pearson > 0.03
75p_E1_to_E2	75% epiboly	E1	E2	410	sox32	False	0.8306570649147034	0.14315076172351837	0.687506303191185	0.6950678825378418	3.190657138824463	2.495589256286621	True	True	False	global_anchor_w1.00	Anchor-only	True	selected_source_cv_mse < idw_source_cv_mse AND delta_source_cv_pearson > 0.03
75p_E1_to_E2	75% epiboly	E1	E2	411	sox5	False	0.5855443477630615	0.26815900206565857	0.31738534569740295	0.3215884268283844	0.5335060358047485	0.21191760897636414	True	True	False	local_anchor_w0.75	Calibrated mixture	True	selected_source_cv_mse < idw_source_cv_mse AND delta_source_cv_pearson > 0.03
75p_E1_to_E2	75% epiboly	E1	E2	412	sp5a	False	0.27493682503700256	0.1107146218419075	0.16422220319509506	0.1886005401611328	0.2259986698627472	0.03739812970161438	True	True	False	local_anchor_w0.75	Calibrated mixture	True	selected_source_cv_mse < idw_source_cv_mse AND delta_source_cv_pearson > 0.03
75p_E1_to_E2	75% epiboly	E1	E2	413	sp5l	False	0.8615739345550537	0.7272140383720398	0.13435989618301392	0.39379745721817017	0.7315835952758789	0.33778613805770874	True	True	False	global_anchor_w0.00	Global residual	True	selected_source_cv_mse < idw_source_cv_mse AND delta_source_cv_pearson > 0.03
75p_E1_to_E2	75% epiboly	E1	E2	414	sp8b	False	0.5273454785346985	0.3550443947315216	0.17230108380317688	0.4774181544780731	0.5655361413955688	0.08811798691749573	True	True	False	local_anchor_w0.25	Calibrated mixture	True	selected_source_cv_mse < idw_source_cv_mse AND delta_source_cv_pearson > 0.03
75p_E1_to_E2	75% epiboly	E1	E2	415	spon1b	False	0.2287769317626953	-0.009337729774415493	0.2381146615371108	0.08686274290084839	0.12406089156866074	0.03719814866781235	True	True	False	global_anchor_w1.00	Anchor-only	True	selected_source_cv_mse < idw_source_cv_mse AND delta_source_cv_pearson > 0.03
75p_E1_to_E2	75% epiboly	E1	E2	416	srp19	False	0.28251543641090393	0.15448985993862152	0.1280255764722824	0.3112808167934418	0.3712553083896637	0.059974491596221924	True	True	False	global_anchor_w0.50	Calibrated mixture	True	selected_source_cv_mse < idw_source_cv_mse AND delta_source_cv_pearson > 0.03
75p_E1_to_E2	75% epiboly	E1	E2	417	srrm4	False	0.31237897276878357	0.010892356745898724	0.30148661602288485	0.3038749694824219	0.3718912899494171	0.06801632046699524	True	True	False	global_anchor_w1.00	Anchor-only	True	selected_source_cv_mse < idw_source_cv_mse AND delta_source_cv_pearson > 0.03
75p_E1_to_E2	75% epiboly	E1	E2	418	stmn1a	False	0.4625089466571808	0.10859394818544388	0.3539149984717369	0.2836635708808899	0.3994477689266205	0.11578419804573059	True	True	False	global_anchor_w1.00	Anchor-only	True	selected_source_cv_mse < idw_source_cv_mse AND delta_source_cv_pearson > 0.03
75p_E1_to_E2	75% epiboly	E1	E2	419	stox1	False	0.4895222783088684	0.27245965600013733	0.21706262230873108	0.3245934545993805	0.42552778124809265	0.10093432664871216	True	True	False	global_anchor_w0.50	Calibrated mixture	True	selected_source_cv_mse < idw_source_cv_mse AND delta_source_cv_pearson > 0.03
75p_E1_to_E2	75% epiboly	E1	E2	420	supt16h	False	0.7425642013549805	0.1687251180410385	0.573839083313942	0.07573918998241425	0.16741226613521576	0.09167307615280151	True	True	False	local_anchor_w0.50	Calibrated mixture	True	selected_source_cv_mse < idw_source_cv_mse AND delta_source_cv_pearson > 0.03
75p_E1_to_E2	75% epiboly	E1	E2	421	syne2b	False	0.5499668121337891	0.44315922260284424	0.10680758953094482	0.4563874304294586	0.546049952507019	0.08966252207756042	True	True	False	local_anchor_w0.50	Calibrated mixture	True	selected_source_cv_mse < idw_source_cv_mse AND delta_source_cv_pearson > 0.03
75p_E1_to_E2	75% epiboly	E1	E2	422	szl	False	0.7541443705558777	0.7299802303314209	0.024164140224456787	0.46215346455574036	0.508317768573761	0.04616430401802063	False	False	True	global_anchor_w0.00	IDW fallback	False	selected_source_cv_mse < idw_source_cv_mse AND delta_source_cv_pearson > 0.03
75p_E1_to_E2	75% epiboly	E1	E2	423	tagln2	False	0.7049521803855896	0.0424482636153698	0.6625039167702198	0.7483797073364258	2.617706775665283	1.8693270683288574	True	True	False	local_anchor_w0.00	Local residual	True	selected_source_cv_mse < idw_source_cv_mse AND delta_source_cv_pearson > 0.03
75p_E1_to_E2	75% epiboly	E1	E2	424	tbr1b	False	0.20366820693016052	0.06284194439649582	0.1408262625336647	0.10270074754953384	0.1377209573984146	0.03502020984888077	True	True	False	global_anchor_w1.00	Anchor-only	True	selected_source_cv_mse < idw_source_cv_mse AND delta_source_cv_pearson > 0.03
75p_E1_to_E2	75% epiboly	E1	E2	425	tbx1	False	0.8583387136459351	0.47923025488853455	0.3791084587574005	0.24380119144916534	0.8449384570121765	0.6011372655630112	True	True	False	global_anchor_w0.50	Calibrated mixture	True	selected_source_cv_mse < idw_source_cv_mse AND delta_source_cv_pearson > 0.03
75p_E1_to_E2	75% epiboly	E1	E2	426	tbx16	False	0.9022200107574463	0.6565075516700745	0.24571245908737183	0.6054597496986389	1.8023511171340942	1.1968913674354553	True	True	False	local_anchor_w0.25	Calibrated mixture	True	selected_source_cv_mse < idw_source_cv_mse AND delta_source_cv_pearson > 0.03
75p_E1_to_E2	75% epiboly	E1	E2	427	tbx16l	False	0.8756711483001709	0.7172791957855225	0.15839195251464844	0.6096952557563782	1.26748526096344	0.6577900052070618	True	True	False	local_anchor_w0.25	Calibrated mixture	True	selected_source_cv_mse < idw_source_cv_mse AND delta_source_cv_pearson > 0.03
75p_E1_to_E2	75% epiboly	E1	E2	428	tbx3b	False	0.2806604206562042	0.06114087626338005	0.21951954439282417	0.32775092124938965	0.38583359122276306	0.05808266997337341	True	True	False	local_anchor_w0.75	Calibrated mixture	True	selected_source_cv_mse < idw_source_cv_mse AND delta_source_cv_pearson > 0.03
75p_E1_to_E2	75% epiboly	E1	E2	429	tbx6	False	0.24043481051921844	0.07670671492815018	0.16372809559106827	0.2783026695251465	0.31172701716423035	0.03342434763908386	True	True	False	local_anchor_w0.75	Calibrated mixture	True	selected_source_cv_mse < idw_source_cv_mse AND delta_source_cv_pearson > 0.03
75p_E1_to_E2	75% epiboly	E1	E2	430	tbxta	False	0.8090989589691162	0.6382148265838623	0.1708841323852539	1.0798296928405762	1.9655958414077759	0.8857661485671997	True	True	False	local_anchor_w0.25	Calibrated mixture	True	selected_source_cv_mse < idw_source_cv_mse AND delta_source_cv_pearson > 0.03
75p_E1_to_E2	75% epiboly	E1	E2	431	tbxtb	False	0.44361263513565063	0.3811596930027008	0.06245294213294983	0.4698110520839691	0.4884377419948578	0.018626689910888672	True	True	False	local_anchor_w0.00	Local residual	True	selected_source_cv_mse < idw_source_cv_mse AND delta_source_cv_pearson > 0.03
75p_E1_to_E2	75% epiboly	E1	E2	432	tcf3b	False	0.7127917408943176	0.46089422702789307	0.25189751386642456	0.2081202119588852	0.34162959456443787	0.13350938260555267	True	True	False	local_anchor_w0.25	Calibrated mixture	True	selected_source_cv_mse < idw_source_cv_mse AND delta_source_cv_pearson > 0.03
75p_E1_to_E2	75% epiboly	E1	E2	433	tcf7	False	0.7791182994842529	0.5854109525680542	0.19370734691619873	0.3588402271270752	0.5626612901687622	0.203821063041687	True	True	False	local_anchor_w0.50	Calibrated mixture	True	selected_source_cv_mse < idw_source_cv_mse AND delta_source_cv_pearson > 0.03
75p_E1_to_E2	75% epiboly	E1	E2	434	tcf7l1a	False	0.8687942028045654	0.826131284236908	0.04266291856765747	0.3508947491645813	0.5102460384368896	0.15935128927230835	True	True	False	local_anchor_w0.25	Calibrated mixture	True	selected_source_cv_mse < idw_source_cv_mse AND delta_source_cv_pearson > 0.03
75p_E1_to_E2	75% epiboly	E1	E2	435	tcf7l1b	False	0.7917266488075256	0.7052172422409058	0.08650940656661987	0.3757637143135071	0.5366640686988831	0.16090035438537598	True	True	False	local_anchor_w0.50	Calibrated mixture	True	selected_source_cv_mse < idw_source_cv_mse AND delta_source_cv_pearson > 0.03
75p_E1_to_E2	75% epiboly	E1	E2	436	tcf7l2	False	0.3038577437400818	0.10126287490129471	0.20259486883878708	0.3181900382041931	0.3773233890533447	0.05913335084915161	True	True	False	global_anchor_w1.00	Anchor-only	True	selected_source_cv_mse < idw_source_cv_mse AND delta_source_cv_pearson > 0.03
75p_E1_to_E2	75% epiboly	E1	E2	437	tdgf1	False	0.7676382064819336	0.4644828140735626	0.30315539240837097	0.4502720236778259	0.8859567046165466	0.4356846809387207	True	True	False	local_anchor_w0.75	Calibrated mixture	True	selected_source_cv_mse < idw_source_cv_mse AND delta_source_cv_pearson > 0.03
75p_E1_to_E2	75% epiboly	E1	E2	438	tead1a	False	0.2928137481212616	0.15449073910713196	0.13832300901412964	0.30980384349823	0.3824154734611511	0.07261162996292114	True	True	False	local_anchor_w0.75	Calibrated mixture	True	selected_source_cv_mse < idw_source_cv_mse AND delta_source_cv_pearson > 0.03
75p_E1_to_E2	75% epiboly	E1	E2	439	tead1b	False	0.23317047953605652	0.06961057335138321	0.1635599061846733	0.3460213541984558	0.44436439871788025	0.09834304451942444	True	True	False	local_anchor_w0.75	Calibrated mixture	True	selected_source_cv_mse < idw_source_cv_mse AND delta_source_cv_pearson > 0.03
75p_E1_to_E2	75% epiboly	E1	E2	440	tfap2a	False	0.8750227689743042	0.3275783956050873	0.5474443733692169	0.4539973735809326	2.7856743335723877	2.331676959991455	True	True	False	local_anchor_w0.75	Calibrated mixture	True	selected_source_cv_mse < idw_source_cv_mse AND delta_source_cv_pearson > 0.03
75p_E1_to_E2	75% epiboly	E1	E2	441	tfap2c	True	1.0000001192092896	0.6647372841835022	0.33526283502578735	1.0133103387488518e-06	1.5508280992507935	1.5508270859404547	True	False	True	global_anchor_w0.00	IDW fallback	False	selected_source_cv_mse < idw_source_cv_mse AND delta_source_cv_pearson > 0.03
75p_E1_to_E2	75% epiboly	E1	E2	442	tgif1	True	1.0000014305114746	0.27949556708335876	0.7205058634281158	4.6050061541791365e-07	0.4710349142551422	0.4710344537545268	True	False	True	global_anchor_w0.00	IDW fallback	False	selected_source_cv_mse < idw_source_cv_mse AND delta_source_cv_pearson > 0.03
75p_E1_to_E2	75% epiboly	E1	E2	443	tlcd5a	False	0.6834293007850647	0.22991903126239777	0.45351026952266693	0.28407543897628784	0.5127159357070923	0.22864049673080444	True	True	False	global_anchor_w0.75	Calibrated mixture	True	selected_source_cv_mse < idw_source_cv_mse AND delta_source_cv_pearson > 0.03
75p_E1_to_E2	75% epiboly	E1	E2	444	tmed10	False	0.18018807470798492	0.0740118995308876	0.10617617517709732	0.3375402092933655	0.4007986783981323	0.06325846910476685	True	True	False	global_anchor_w0.75	Calibrated mixture	True	selected_source_cv_mse < idw_source_cv_mse AND delta_source_cv_pearson > 0.03
75p_E1_to_E2	75% epiboly	E1	E2	445	tmed2	False	0.23480382561683655	0.1108931377530098	0.12391068786382675	0.29823824763298035	0.39692679047584534	0.09868854284286499	True	True	False	global_anchor_w0.75	Calibrated mixture	True	selected_source_cv_mse < idw_source_cv_mse AND delta_source_cv_pearson > 0.03
75p_E1_to_E2	75% epiboly	E1	E2	446	tp63	False	0.2569255828857422	0.11324017494916916	0.14368540793657303	0.551424503326416	0.8606722950935364	0.30924779176712036	True	True	False	local_anchor_w0.50	Calibrated mixture	True	selected_source_cv_mse < idw_source_cv_mse AND delta_source_cv_pearson > 0.03
75p_E1_to_E2	75% epiboly	E1	E2	447	tph1b	False	0.406260222196579	0.20739461481571198	0.198865607380867	0.21195250749588013	0.2492174357175827	0.037264928221702576	True	True	False	local_anchor_w0.50	Calibrated mixture	True	selected_source_cv_mse < idw_source_cv_mse AND delta_source_cv_pearson > 0.03
75p_E1_to_E2	75% epiboly	E1	E2	448	tpx2	False	0.106558658182621	0.004302844870835543	0.10225581331178546	0.23129187524318695	0.29901233315467834	0.0677204579114914	True	True	False	global_anchor_w1.00	Anchor-only	True	selected_source_cv_mse < idw_source_cv_mse AND delta_source_cv_pearson > 0.03
75p_E1_to_E2	75% epiboly	E1	E2	449	tram1	False	0.6880899667739868	0.3034839332103729	0.3846060335636139	0.33836689591407776	0.5891034603118896	0.2507365643978119	True	True	False	global_anchor_w0.50	Calibrated mixture	True	selected_source_cv_mse < idw_source_cv_mse AND delta_source_cv_pearson > 0.03
75p_E1_to_E2	75% epiboly	E1	E2	450	trps1	False	0.32758915424346924	0.0803559422492981	0.24723321199417114	0.3104732036590576	0.36288902163505554	0.052415817975997925	True	True	False	global_anchor_w0.75	Calibrated mixture	True	selected_source_cv_mse < idw_source_cv_mse AND delta_source_cv_pearson > 0.03
75p_E1_to_E2	75% epiboly	E1	E2	451	tshz3b	False	0.5378368496894836	0.15770940482616425	0.3801274448633194	0.2498663067817688	0.36651375889778137	0.11664745211601257	True	True	False	local_anchor_w0.75	Calibrated mixture	True	selected_source_cv_mse < idw_source_cv_mse AND delta_source_cv_pearson > 0.03
75p_E1_to_E2	75% epiboly	E1	E2	452	tuba1a	False	0.6290814876556396	0.26570552587509155	0.3633759617805481	0.5304698348045349	0.9573953747749329	0.42692553997039795	True	True	False	local_anchor_w0.75	Calibrated mixture	True	selected_source_cv_mse < idw_source_cv_mse AND delta_source_cv_pearson > 0.03
75p_E1_to_E2	75% epiboly	E1	E2	453	tuba8l	False	0.5507128238677979	0.13070370256900787	0.42000912129879	0.26085159182548523	0.3786943852901459	0.11784279346466064	True	True	False	local_anchor_w0.75	Calibrated mixture	True	selected_source_cv_mse < idw_source_cv_mse AND delta_source_cv_pearson > 0.03
75p_E1_to_E2	75% epiboly	E1	E2	454	tuba8l2	False	0.8190860152244568	0.3203420042991638	0.49874401092529297	0.46581846475601196	1.4187358617782593	0.9529173970222473	True	True	False	local_anchor_w0.75	Calibrated mixture	True	selected_source_cv_mse < idw_source_cv_mse AND delta_source_cv_pearson > 0.03
75p_E1_to_E2	75% epiboly	E1	E2	455	tuba8l4	False	0.8518479466438293	0.3461883068084717	0.5056596398353577	0.08090077340602875	0.2657494843006134	0.18484871089458466	True	True	False	global_anchor_w0.75	Calibrated mixture	True	selected_source_cv_mse < idw_source_cv_mse AND delta_source_cv_pearson > 0.03
75p_E1_to_E2	75% epiboly	E1	E2	456	tubb2b	False	0.5256764888763428	0.32523655891418457	0.2004399299621582	0.17051927745342255	0.22605594992637634	0.055536672472953796	True	True	False	local_anchor_w0.25	Calibrated mixture	True	selected_source_cv_mse < idw_source_cv_mse AND delta_source_cv_pearson > 0.03
75p_E1_to_E2	75% epiboly	E1	E2	457	twist1a	False	0.3232433795928955	0.16857826709747314	0.15466511249542236	0.09294407069683075	0.12267784774303436	0.029733777046203613	True	True	False	global_anchor_w0.50	Calibrated mixture	True	selected_source_cv_mse < idw_source_cv_mse AND delta_source_cv_pearson > 0.03
75p_E1_to_E2	75% epiboly	E1	E2	458	twist2	False	0.40189221501350403	0.27626094222068787	0.12563127279281616	0.3601134121417999	0.528737485408783	0.16862407326698303	True	True	False	local_anchor_w0.50	Calibrated mixture	True	selected_source_cv_mse < idw_source_cv_mse AND delta_source_cv_pearson > 0.03
75p_E1_to_E2	75% epiboly	E1	E2	459	ube2c	False	0.2327977567911148	0.03711257874965668	0.19568517804145813	0.2864103615283966	0.36381322145462036	0.07740285992622375	True	True	False	global_anchor_w1.00	Anchor-only	True	selected_source_cv_mse < idw_source_cv_mse AND delta_source_cv_pearson > 0.03
75p_E1_to_E2	75% epiboly	E1	E2	460	uhrf1	False	0.7923128008842468	0.19755549728870392	0.5947573035955429	0.11279141157865524	0.3018406927585602	0.18904928117990494	True	True	False	global_anchor_w0.50	Calibrated mixture	True	selected_source_cv_mse < idw_source_cv_mse AND delta_source_cv_pearson > 0.03
75p_E1_to_E2	75% epiboly	E1	E2	461	unc5b	False	0.7108827829360962	0.22839246690273285	0.48249031603336334	0.451633483171463	1.2218366861343384	0.7702032029628754	True	True	False	local_anchor_w0.75	Calibrated mixture	True	selected_source_cv_mse < idw_source_cv_mse AND delta_source_cv_pearson > 0.03
75p_E1_to_E2	75% epiboly	E1	E2	462	uncx4.1	False	0.40224161744117737	0.32058730721473694	0.08165431022644043	0.33424675464630127	0.4242906868457794	0.09004393219947815	True	True	False	local_anchor_w0.50	Calibrated mixture	True	selected_source_cv_mse < idw_source_cv_mse AND delta_source_cv_pearson > 0.03
75p_E1_to_E2	75% epiboly	E1	E2	463	unga	False	0.36776265501976013	0.1290615200996399	0.23870113492012024	0.2886979877948761	0.3593366742134094	0.07063868641853333	True	True	False	local_anchor_w0.75	Calibrated mixture	True	selected_source_cv_mse < idw_source_cv_mse AND delta_source_cv_pearson > 0.03
75p_E1_to_E2	75% epiboly	E1	E2	464	usf1	False	0.1911119669675827	0.09288632869720459	0.09822563827037811	0.32359105348587036	0.37513697147369385	0.051545917987823486	True	True	False	global_anchor_w1.00	Anchor-only	True	selected_source_cv_mse < idw_source_cv_mse AND delta_source_cv_pearson > 0.03
75p_E1_to_E2	75% epiboly	E1	E2	465	ved	True	1.000001311302185	0.8556259274482727	0.14437538385391235	2.7670452595884854e-07	0.3995518982410431	0.39955162153651713	True	False	True	global_anchor_w0.00	IDW fallback	False	selected_source_cv_mse < idw_source_cv_mse AND delta_source_cv_pearson > 0.03
75p_E1_to_E2	75% epiboly	E1	E2	466	vent	False	0.7194216847419739	0.5586537718772888	0.16076791286468506	0.36192986369132996	0.513809084892273	0.151879221200943	True	True	False	local_anchor_w0.50	Calibrated mixture	True	selected_source_cv_mse < idw_source_cv_mse AND delta_source_cv_pearson > 0.03
75p_E1_to_E2	75% epiboly	E1	E2	467	vgll4l	False	0.3626747131347656	0.12430053949356079	0.23837417364120483	0.4352852404117584	0.5930740833282471	0.15778884291648865	True	True	False	local_anchor_w0.75	Calibrated mixture	True	selected_source_cv_mse < idw_source_cv_mse AND delta_source_cv_pearson > 0.03
75p_E1_to_E2	75% epiboly	E1	E2	468	vox	False	0.366536945104599	0.2215210497379303	0.1450158953666687	0.3125379979610443	0.3621785342693329	0.049640536308288574	True	True	False	local_anchor_w0.75	Calibrated mixture	True	selected_source_cv_mse < idw_source_cv_mse AND delta_source_cv_pearson > 0.03
75p_E1_to_E2	75% epiboly	E1	E2	469	vrtn	False	0.8734995126724243	0.6889464259147644	0.1845530867576599	0.18677391111850739	0.43091946840286255	0.24414555728435516	True	True	False	local_anchor_w0.00	Local residual	True	selected_source_cv_mse < idw_source_cv_mse AND delta_source_cv_pearson > 0.03
75p_E1_to_E2	75% epiboly	E1	E2	470	vsx2	False	0.12545475363731384	0.010311031714081764	0.11514372192323208	0.15380826592445374	0.19870755076408386	0.04489928483963013	True	True	False	global_anchor_w1.00	Anchor-only	True	selected_source_cv_mse < idw_source_cv_mse AND delta_source_cv_pearson > 0.03
75p_E1_to_E2	75% epiboly	E1	E2	471	wnt11f2	False	0.6548298597335815	0.6027664542198181	0.05206340551376343	0.710631251335144	0.8258713483810425	0.11524009704589844	True	True	False	local_anchor_w0.00	Local residual	True	selected_source_cv_mse < idw_source_cv_mse AND delta_source_cv_pearson > 0.03
75p_E1_to_E2	75% epiboly	E1	E2	472	wnt8a	False	0.6293919682502747	0.49795210361480713	0.13143986463546753	0.42702919244766235	0.5381993055343628	0.11117011308670044	True	True	False	local_anchor_w0.25	Calibrated mixture	True	selected_source_cv_mse < idw_source_cv_mse AND delta_source_cv_pearson > 0.03
75p_E1_to_E2	75% epiboly	E1	E2	473	xbp1	False	0.8350151777267456	0.35776615142822266	0.47724902629852295	0.5019277334213257	1.5121955871582031	1.0102678537368774	True	True	False	local_anchor_w0.50	Calibrated mixture	True	selected_source_cv_mse < idw_source_cv_mse AND delta_source_cv_pearson > 0.03
75p_E1_to_E2	75% epiboly	E1	E2	474	ypel3	False	0.4316970407962799	0.12141978740692139	0.3102772533893585	0.3376809358596802	0.4913146495819092	0.153633713722229	True	True	False	local_anchor_w0.75	Calibrated mixture	True	selected_source_cv_mse < idw_source_cv_mse AND delta_source_cv_pearson > 0.03
75p_E1_to_E2	75% epiboly	E1	E2	475	zbtb18	False	0.26225611567497253	0.14410386979579926	0.11815224587917328	0.319141149520874	0.39337149262428284	0.07423034310340881	True	True	False	local_anchor_w0.75	Calibrated mixture	True	selected_source_cv_mse < idw_source_cv_mse AND delta_source_cv_pearson > 0.03
75p_E1_to_E2	75% epiboly	E1	E2	476	zc4h2	False	0.5216182470321655	0.21512116491794586	0.30649708211421967	0.3204072117805481	0.44047820568084717	0.12007099390029907	True	True	False	local_anchor_w0.75	Calibrated mixture	True	selected_source_cv_mse < idw_source_cv_mse AND delta_source_cv_pearson > 0.03
75p_E1_to_E2	75% epiboly	E1	E2	477	zeb1a	False	0.7570019960403442	0.36368095874786377	0.39332103729248047	0.3699861168861389	0.8465789556503296	0.4765928387641907	True	True	False	local_anchor_w0.50	Calibrated mixture	True	selected_source_cv_mse < idw_source_cv_mse AND delta_source_cv_pearson > 0.03
75p_E1_to_E2	75% epiboly	E1	E2	478	zeb1b	False	0.4864494800567627	0.2850255072116852	0.20142397284507751	0.41573402285575867	0.534785270690918	0.1190512478351593	True	True	False	local_anchor_w0.50	Calibrated mixture	True	selected_source_cv_mse < idw_source_cv_mse AND delta_source_cv_pearson > 0.03
75p_E1_to_E2	75% epiboly	E1	E2	479	zeb2a	False	0.24793213605880737	0.08925165235996246	0.1586804836988449	0.2578432261943817	0.31521129608154297	0.057368069887161255	True	True	False	local_anchor_w0.75	Calibrated mixture	True	selected_source_cv_mse < idw_source_cv_mse AND delta_source_cv_pearson > 0.03
75p_E1_to_E2	75% epiboly	E1	E2	480	zeb2b	False	0.6143247485160828	0.5122007727622986	0.10212397575378418	0.4213836193084717	0.5166102647781372	0.09522664546966553	True	True	False	local_anchor_w0.75	Calibrated mixture	True	selected_source_cv_mse < idw_source_cv_mse AND delta_source_cv_pearson > 0.03
75p_E1_to_E2	75% epiboly	E1	E2	481	zfand5a	False	0.3865566849708557	0.11486630886793137	0.27169037610292435	0.29709550738334656	0.35475319623947144	0.05765768885612488	True	True	False	local_anchor_w0.75	Calibrated mixture	True	selected_source_cv_mse < idw_source_cv_mse AND delta_source_cv_pearson > 0.03
75p_E1_to_E2	75% epiboly	E1	E2	482	zgc:113372	False	0.17718178033828735	0.023692114278674126	0.15348966605961323	0.14218974113464355	0.18105164170265198	0.03886190056800842	True	True	False	global_anchor_w1.00	Anchor-only	True	selected_source_cv_mse < idw_source_cv_mse AND delta_source_cv_pearson > 0.03
75p_E1_to_E2	75% epiboly	E1	E2	483	zgc:113424	False	0.14316311478614807	0.04342631995677948	0.09973679482936859	0.16036653518676758	0.19809240102767944	0.037725865840911865	True	True	False	global_anchor_w1.00	Anchor-only	True	selected_source_cv_mse < idw_source_cv_mse AND delta_source_cv_pearson > 0.03
75p_E1_to_E2	75% epiboly	E1	E2	484	zgc:174154	False	0.22123105823993683	0.13358721137046814	0.08764384686946869	0.20298080146312714	0.22777900099754333	0.0247981995344162	True	True	False	global_anchor_w0.75	Calibrated mixture	True	selected_source_cv_mse < idw_source_cv_mse AND delta_source_cv_pearson > 0.03
75p_E1_to_E2	75% epiboly	E1	E2	485	zgc:175088	False	0.6216084957122803	0.032004013657569885	0.5896044820547104	0.34343791007995605	0.857069730758667	0.5136318206787109	True	True	False	global_anchor_w1.00	Anchor-only	True	selected_source_cv_mse < idw_source_cv_mse AND delta_source_cv_pearson > 0.03
75p_E1_to_E2	75% epiboly	E1	E2	486	zic2a	False	0.7656024694442749	0.4198978841304779	0.345704585313797	0.6832128167152405	1.6708756685256958	0.9876628518104553	True	True	False	local_anchor_w0.50	Calibrated mixture	True	selected_source_cv_mse < idw_source_cv_mse AND delta_source_cv_pearson > 0.03
75p_E1_to_E2	75% epiboly	E1	E2	487	zic2b	False	0.8612895607948303	0.7147424817085266	0.1465470790863037	0.3417870104312897	0.7028159499168396	0.3610289394855499	True	True	False	local_anchor_w0.25	Calibrated mixture	True	selected_source_cv_mse < idw_source_cv_mse AND delta_source_cv_pearson > 0.03
75p_E1_to_E2	75% epiboly	E1	E2	488	zic3	True	0.9999966621398926	0.6288967132568359	0.37109994888305664	7.32035914552398e-07	1.0632333755493164	1.0632326435134019	True	False	True	global_anchor_w0.00	IDW fallback	False	selected_source_cv_mse < idw_source_cv_mse AND delta_source_cv_pearson > 0.03
75p_E1_to_E2	75% epiboly	E1	E2	489	zmp:0000000624	False	0.3397963345050812	0.13615261018276215	0.20364372432231903	0.3167206943035126	0.3750898540019989	0.05836915969848633	True	True	False	local_anchor_w0.75	Calibrated mixture	True	selected_source_cv_mse < idw_source_cv_mse AND delta_source_cv_pearson > 0.03
75p_E1_to_E2	75% epiboly	E1	E2	490	znf1004	False	0.7005636096000671	0.27524706721305847	0.42531654238700867	0.2620285451412201	0.5055721998214722	0.24354365468025208	True	True	False	local_anchor_w0.50	Calibrated mixture	True	selected_source_cv_mse < idw_source_cv_mse AND delta_source_cv_pearson > 0.03
75p_E1_to_E2	75% epiboly	E1	E2	491	znf185	True	0.9999942183494568	0.09822257608175278	0.901771642267704	2.6854568204726093e-06	4.4449567794799805	4.44495409402316	True	False	True	global_anchor_w0.50	IDW fallback	False	selected_source_cv_mse < idw_source_cv_mse AND delta_source_cv_pearson > 0.03
75p_E1_to_E2	75% epiboly	E1	E2	492	znf576.2	False	0.41008177399635315	0.15882717072963715	0.251254603266716	0.2635135054588318	0.3449857532978058	0.081472247838974	True	True	False	local_anchor_w0.75	Calibrated mixture	True	selected_source_cv_mse < idw_source_cv_mse AND delta_source_cv_pearson > 0.03
75p_E1_to_E2	75% epiboly	E1	E2	493	znfl2a	False	0.8033257126808167	0.7079821825027466	0.09534353017807007	0.3103097379207611	0.44970375299453735	0.13939401507377625	True	True	False	local_anchor_w0.50	Calibrated mixture	True	selected_source_cv_mse < idw_source_cv_mse AND delta_source_cv_pearson > 0.03
75p_E1_to_E2	75% epiboly	E1	E2	494	zswim5	False	0.6595590114593506	0.25567886233329773	0.40388014912605286	0.20972461998462677	0.3711586594581604	0.16143403947353363	True	True	False	local_anchor_w0.75	Calibrated mixture	True	selected_source_cv_mse < idw_source_cv_mse AND delta_source_cv_pearson > 0.03
75p_E2_to_E1	75% epiboly	E2	E1	0	ackr3b	False	0.5960476994514465	0.2791614234447479	0.3168862760066986	0.49466264247894287	0.9349349141120911	0.4402722716331482	True	True	False	global_anchor_w0.50	Calibrated mixture	True	selected_source_cv_mse < idw_source_cv_mse AND delta_source_cv_pearson > 0.03
75p_E2_to_E1	75% epiboly	E2	E1	1	acvr1ba	False	0.4284273386001587	0.2269216626882553	0.20150567591190338	0.3637622892856598	0.4398408830165863	0.07607859373092651	True	True	False	local_anchor_w0.50	Calibrated mixture	True	selected_source_cv_mse < idw_source_cv_mse AND delta_source_cv_pearson > 0.03
75p_E2_to_E1	75% epiboly	E2	E1	2	add3b	True	0.9999998807907104	0.16262072324752808	0.8373791575431824	1.55835243731417e-06	1.1526962518692017	1.1526946935167643	True	False	True	global_anchor_w0.00	IDW fallback	False	selected_source_cv_mse < idw_source_cv_mse AND delta_source_cv_pearson > 0.03
75p_E2_to_E1	75% epiboly	E2	E1	3	adka	False	0.49895206093788147	0.2824253737926483	0.21652668714523315	0.2820395827293396	0.38141903281211853	0.09937945008277893	True	True	False	local_anchor_w0.50	Calibrated mixture	True	selected_source_cv_mse < idw_source_cv_mse AND delta_source_cv_pearson > 0.03
75p_E2_to_E1	75% epiboly	E2	E1	4	admp	False	0.7358303666114807	0.6543290019035339	0.08150136470794678	0.5946372151374817	0.8486071825027466	0.2539699673652649	True	True	False	local_anchor_w0.25	Calibrated mixture	True	selected_source_cv_mse < idw_source_cv_mse AND delta_source_cv_pearson > 0.03
75p_E2_to_E1	75% epiboly	E2	E1	5	ahi1	False	0.6929377317428589	0.4154784679412842	0.2774592638015747	0.3463396430015564	0.6183832883834839	0.2720436453819275	True	True	False	local_anchor_w0.50	Calibrated mixture	True	selected_source_cv_mse < idw_source_cv_mse AND delta_source_cv_pearson > 0.03
75p_E2_to_E1	75% epiboly	E2	E1	6	akap12b	False	0.51511150598526	0.18635113537311554	0.32876037061214447	0.11542363464832306	0.15443551540374756	0.0390118807554245	True	True	False	local_anchor_w0.75	Calibrated mixture	True	selected_source_cv_mse < idw_source_cv_mse AND delta_source_cv_pearson > 0.03
75p_E2_to_E1	75% epiboly	E2	E1	7	alcamb	False	0.8892197012901306	0.2462480366230011	0.6429716646671295	0.30781176686286926	1.6252655982971191	1.3174538314342499	True	True	False	global_anchor_w1.00	Anchor-only	True	selected_source_cv_mse < idw_source_cv_mse AND delta_source_cv_pearson > 0.03
75p_E2_to_E1	75% epiboly	E2	E1	8	aldob	False	0.8534664511680603	0.47003236413002014	0.38343408703804016	0.18381527066230774	0.5466505885124207	0.3628353178501129	True	True	False	local_anchor_w0.50	Calibrated mixture	True	selected_source_cv_mse < idw_source_cv_mse AND delta_source_cv_pearson > 0.03
75p_E2_to_E1	75% epiboly	E2	E1	9	anp32e	False	0.8516481518745422	0.2673189342021942	0.584329217672348	0.15163668990135193	0.5448997616767883	0.3932630717754364	True	True	False	local_anchor_w0.50	Calibrated mixture	True	selected_source_cv_mse < idw_source_cv_mse AND delta_source_cv_pearson > 0.03
75p_E2_to_E1	75% epiboly	E2	E1	10	apex1	False	0.32949402928352356	0.07310289144515991	0.25639113783836365	0.26498672366142273	0.33149340748786926	0.06650668382644653	True	True	False	global_anchor_w1.00	Anchor-only	True	selected_source_cv_mse < idw_source_cv_mse AND delta_source_cv_pearson > 0.03
75p_E2_to_E1	75% epiboly	E2	E1	11	aplnra	False	0.6689778566360474	0.13701896369457245	0.5319588929414749	0.5432577729225159	1.1784982681274414	0.6352404952049255	True	True	False	local_anchor_w0.50	Calibrated mixture	True	selected_source_cv_mse < idw_source_cv_mse AND delta_source_cv_pearson > 0.03
75p_E2_to_E1	75% epiboly	E2	E1	12	aplnrb	False	0.2661791741847992	0.03909291699528694	0.22708625718951225	0.3097672164440155	0.38488471508026123	0.07511749863624573	True	True	False	global_anchor_w1.00	Anchor-only	True	selected_source_cv_mse < idw_source_cv_mse AND delta_source_cv_pearson > 0.03
75p_E2_to_E1	75% epiboly	E2	E1	13	apoc1	False	0.6619116067886353	0.42126917839050293	0.24064242839813232	0.37853193283081055	0.6909151077270508	0.31238317489624023	True	True	False	local_anchor_w0.75	Calibrated mixture	True	selected_source_cv_mse < idw_source_cv_mse AND delta_source_cv_pearson > 0.03
75p_E2_to_E1	75% epiboly	E2	E1	14	arf5	False	0.42946866154670715	0.17688240110874176	0.2525862604379654	0.23084528744220734	0.28463077545166016	0.05378548800945282	True	True	False	local_anchor_w0.75	Calibrated mixture	True	selected_source_cv_mse < idw_source_cv_mse AND delta_source_cv_pearson > 0.03
75p_E2_to_E1	75% epiboly	E2	E1	15	arhgap5	False	0.21012991666793823	0.0330343022942543	0.17709561437368393	0.2685585618019104	0.3094901144504547	0.04093155264854431	True	True	False	local_anchor_w0.75	Calibrated mixture	True	selected_source_cv_mse < idw_source_cv_mse AND delta_source_cv_pearson > 0.03
75p_E2_to_E1	75% epiboly	E2	E1	16	arl4aa	False	0.30192360281944275	0.05978547781705856	0.24213812500238419	0.2993552088737488	0.3942306935787201	0.09487548470497131	True	True	False	local_anchor_w0.75	Calibrated mixture	True	selected_source_cv_mse < idw_source_cv_mse AND delta_source_cv_pearson > 0.03
75p_E2_to_E1	75% epiboly	E2	E1	17	arl4ab	False	0.4019690155982971	0.28270265460014343	0.11926636099815369	0.3290638029575348	0.5016269087791443	0.1725631058216095	True	True	False	local_anchor_w0.75	Calibrated mixture	True	selected_source_cv_mse < idw_source_cv_mse AND delta_source_cv_pearson > 0.03
75p_E2_to_E1	75% epiboly	E2	E1	18	arl4d	False	0.6573846936225891	0.4038187563419342	0.2535659372806549	0.38603609800338745	0.5843863487243652	0.19835025072097778	True	True	False	local_anchor_w0.50	Calibrated mixture	True	selected_source_cv_mse < idw_source_cv_mse AND delta_source_cv_pearson > 0.03
75p_E2_to_E1	75% epiboly	E2	E1	19	arl6ip5a	False	0.5461089015007019	0.09972886741161346	0.44638003408908844	0.2479875534772873	0.41179370880126953	0.16380615532398224	True	True	False	local_anchor_w0.75	Calibrated mixture	True	selected_source_cv_mse < idw_source_cv_mse AND delta_source_cv_pearson > 0.03
75p_E2_to_E1	75% epiboly	E2	E1	20	aspm	False	0.19670437276363373	0.09261735528707504	0.10408701747655869	0.3121030032634735	0.3665447235107422	0.05444172024726868	True	True	False	local_anchor_w0.75	Calibrated mixture	True	selected_source_cv_mse < idw_source_cv_mse AND delta_source_cv_pearson > 0.03
75p_E2_to_E1	75% epiboly	E2	E1	21	atf6	False	0.5050337910652161	0.10915583372116089	0.3958779573440552	0.37475845217704773	0.5642634630203247	0.18950501084327698	True	True	False	local_anchor_w0.75	Calibrated mixture	True	selected_source_cv_mse < idw_source_cv_mse AND delta_source_cv_pearson > 0.03
75p_E2_to_E1	75% epiboly	E2	E1	22	atoh1c	False	0.22587956488132477	0.0856725350022316	0.14020702987909317	0.15747736394405365	0.1877562552690506	0.030278891324996948	True	True	False	global_anchor_w0.75	Calibrated mixture	True	selected_source_cv_mse < idw_source_cv_mse AND delta_source_cv_pearson > 0.03
75p_E2_to_E1	75% epiboly	E2	E1	23	atp2b1a	False	0.6795758605003357	0.10260869562625885	0.5769671648740768	0.4074490964412689	0.912530779838562	0.5050816833972931	True	True	False	local_anchor_w0.75	Calibrated mixture	True	selected_source_cv_mse < idw_source_cv_mse AND delta_source_cv_pearson > 0.03
75p_E2_to_E1	75% epiboly	E2	E1	24	atrxl	False	0.5758119225502014	0.11675117909908295	0.45906074345111847	0.20976857841014862	0.33825069665908813	0.12848211824893951	True	True	False	local_anchor_w0.50	Calibrated mixture	True	selected_source_cv_mse < idw_source_cv_mse AND delta_source_cv_pearson > 0.03
75p_E2_to_E1	75% epiboly	E2	E1	25	aurkb	False	0.3538549244403839	0.0911962240934372	0.2626587003469467	0.27211955189704895	0.33267563581466675	0.0605560839176178	True	True	False	local_anchor_w0.75	Calibrated mixture	True	selected_source_cv_mse < idw_source_cv_mse AND delta_source_cv_pearson > 0.03
75p_E2_to_E1	75% epiboly	E2	E1	26	axin2	False	0.49353012442588806	0.4517960846424103	0.04173403978347778	0.32667988538742065	0.35385066270828247	0.027170777320861816	True	True	False	global_anchor_w0.00	Global residual	True	selected_source_cv_mse < idw_source_cv_mse AND delta_source_cv_pearson > 0.03
75p_E2_to_E1	75% epiboly	E2	E1	27	bach1b	False	0.5163624286651611	0.11227060109376907	0.40409182757139206	0.4019220769405365	0.5970524549484253	0.1951303780078888	True	True	False	global_anchor_w1.00	Anchor-only	True	selected_source_cv_mse < idw_source_cv_mse AND delta_source_cv_pearson > 0.03
75p_E2_to_E1	75% epiboly	E2	E1	28	bambia	False	0.9088876247406006	0.8891149163246155	0.019772708415985107	0.37096402049064636	0.4226807951927185	0.051716774702072144	False	False	True	global_anchor_w0.00	IDW fallback	False	selected_source_cv_mse < idw_source_cv_mse AND delta_source_cv_pearson > 0.03
75p_E2_to_E1	75% epiboly	E2	E1	29	baz1b	False	0.5400391221046448	0.12064681947231293	0.41939230263233185	0.3013850748538971	0.4461612403392792	0.14477616548538208	True	True	False	global_anchor_w0.75	Calibrated mixture	True	selected_source_cv_mse < idw_source_cv_mse AND delta_source_cv_pearson > 0.03
75p_E2_to_E1	75% epiboly	E2	E1	30	bcl2l1	False	0.4330207109451294	0.1125819981098175	0.3204387128353119	0.3568631410598755	0.4978053569793701	0.14094221591949463	True	True	False	global_anchor_w1.00	Anchor-only	True	selected_source_cv_mse < idw_source_cv_mse AND delta_source_cv_pearson > 0.03
75p_E2_to_E1	75% epiboly	E2	E1	31	bhlha15	False	0.2781217098236084	0.09655160456895828	0.18157010525465012	0.288705438375473	0.3202577531337738	0.03155231475830078	True	True	False	global_anchor_w1.00	Anchor-only	True	selected_source_cv_mse < idw_source_cv_mse AND delta_source_cv_pearson > 0.03
75p_E2_to_E1	75% epiboly	E2	E1	32	blf	False	0.20648819208145142	0.05808697268366814	0.14840121939778328	0.2064778059720993	0.25361311435699463	0.047135308384895325	True	True	False	global_anchor_w1.00	Anchor-only	True	selected_source_cv_mse < idw_source_cv_mse AND delta_source_cv_pearson > 0.03
75p_E2_to_E1	75% epiboly	E2	E1	33	bmp2b	False	0.8554600477218628	0.8414009809494019	0.014059066772460938	0.4708643853664398	0.5905001759529114	0.11963579058647156	False	False	True	local_anchor_w0.00	IDW fallback	False	selected_source_cv_mse < idw_source_cv_mse AND delta_source_cv_pearson > 0.03
75p_E2_to_E1	75% epiboly	E2	E1	34	bmp4	True	1.0000035762786865	0.7231422066688538	0.27686136960983276	4.444071350917511e-07	0.6920682191848755	0.6920677747777404	True	False	True	global_anchor_w0.00	IDW fallback	False	selected_source_cv_mse < idw_source_cv_mse AND delta_source_cv_pearson > 0.03
75p_E2_to_E1	75% epiboly	E2	E1	35	bmp7a	False	0.8401166200637817	0.7607882618904114	0.07932835817337036	0.3731413185596466	0.5609508156776428	0.18780949711799622	True	True	False	local_anchor_w0.25	Calibrated mixture	True	selected_source_cv_mse < idw_source_cv_mse AND delta_source_cv_pearson > 0.03
75p_E2_to_E1	75% epiboly	E2	E1	36	brd2a	False	0.32302525639533997	0.04141094163060188	0.2816143147647381	0.14301323890686035	0.17438949644565582	0.03137625753879547	True	True	False	global_anchor_w1.00	Anchor-only	True	selected_source_cv_mse < idw_source_cv_mse AND delta_source_cv_pearson > 0.03
75p_E2_to_E1	75% epiboly	E2	E1	37	btg2	False	0.6248512864112854	0.43532392382621765	0.18952736258506775	0.41617488861083984	0.5277478098869324	0.11157292127609253	True	True	False	local_anchor_w0.50	Calibrated mixture	True	selected_source_cv_mse < idw_source_cv_mse AND delta_source_cv_pearson > 0.03
75p_E2_to_E1	75% epiboly	E2	E1	38	c1qbp	False	0.6095884442329407	0.16390123963356018	0.4456872045993805	0.26591092348098755	0.4706398546695709	0.20472893118858337	True	True	False	global_anchor_w0.75	Calibrated mixture	True	selected_source_cv_mse < idw_source_cv_mse AND delta_source_cv_pearson > 0.03
75p_E2_to_E1	75% epiboly	E2	E1	39	C7H16orf87	False	0.19920435547828674	0.02574174664914608	0.17346260882914066	0.3315577507019043	0.39896950125694275	0.06741175055503845	True	True	False	global_anchor_w1.00	Anchor-only	True	selected_source_cv_mse < idw_source_cv_mse AND delta_source_cv_pearson > 0.03
75p_E2_to_E1	75% epiboly	E2	E1	40	ca9	False	0.7272340655326843	0.5139794945716858	0.21325457096099854	0.4106367528438568	0.6765452027320862	0.26590844988822937	True	True	False	local_anchor_w0.75	Calibrated mixture	True	selected_source_cv_mse < idw_source_cv_mse AND delta_source_cv_pearson > 0.03
75p_E2_to_E1	75% epiboly	E2	E1	41	casz1	False	0.4738139808177948	0.11540088802576065	0.35841309279203415	0.26657766103744507	0.39836010336875916	0.1317824423313141	True	True	False	local_anchor_w0.75	Calibrated mixture	True	selected_source_cv_mse < idw_source_cv_mse AND delta_source_cv_pearson > 0.03
75p_E2_to_E1	75% epiboly	E2	E1	42	cbx3a	False	0.6065657734870911	0.17435073852539062	0.43221503496170044	0.2037610560655594	0.33083367347717285	0.12707261741161346	True	True	False	global_anchor_w0.50	Calibrated mixture	True	selected_source_cv_mse < idw_source_cv_mse AND delta_source_cv_pearson > 0.03
75p_E2_to_E1	75% epiboly	E2	E1	43	cbx5	False	0.6330325603485107	0.15115609765052795	0.4818764626979828	0.21154440939426422	0.36534199118614197	0.15379758179187775	True	True	False	local_anchor_w0.75	Calibrated mixture	True	selected_source_cv_mse < idw_source_cv_mse AND delta_source_cv_pearson > 0.03
75p_E2_to_E1	75% epiboly	E2	E1	44	ccne2	False	0.21083368360996246	0.012089477851986885	0.19874420575797558	0.3277398347854614	0.40126892924308777	0.07352909445762634	True	True	False	global_anchor_w1.00	Anchor-only	True	selected_source_cv_mse < idw_source_cv_mse AND delta_source_cv_pearson > 0.03
75p_E2_to_E1	75% epiboly	E2	E1	45	ccnf	False	0.4217036962509155	0.10446267575025558	0.31724102050065994	0.24511069059371948	0.3281010687351227	0.0829903781414032	True	True	False	local_anchor_w0.75	Calibrated mixture	True	selected_source_cv_mse < idw_source_cv_mse AND delta_source_cv_pearson > 0.03
75p_E2_to_E1	75% epiboly	E2	E1	46	ccng1	False	0.4772038161754608	0.15331846475601196	0.32388535141944885	0.18089552223682404	0.2374826967716217	0.05658717453479767	True	True	False	global_anchor_w0.75	Calibrated mixture	True	selected_source_cv_mse < idw_source_cv_mse AND delta_source_cv_pearson > 0.03
75p_E2_to_E1	75% epiboly	E2	E1	47	cd63	False	0.23061403632164001	-0.0012872995575889945	0.231901335879229	0.32222047448158264	0.3922659456729889	0.07004547119140625	True	True	False	global_anchor_w1.00	Anchor-only	True	selected_source_cv_mse < idw_source_cv_mse AND delta_source_cv_pearson > 0.03
75p_E2_to_E1	75% epiboly	E2	E1	48	cdc14b	False	0.6571800112724304	0.11158788949251175	0.5455921217799187	0.2964112460613251	0.5463677644729614	0.24995651841163635	True	True	False	local_anchor_w0.75	Calibrated mixture	True	selected_source_cv_mse < idw_source_cv_mse AND delta_source_cv_pearson > 0.03
75p_E2_to_E1	75% epiboly	E2	E1	49	cdc42ep4a	False	0.21030543744564056	0.08893891423940659	0.12136652320623398	0.27712586522102356	0.33304521441459656	0.055919349193573	True	True	False	local_anchor_w0.75	Calibrated mixture	True	selected_source_cv_mse < idw_source_cv_mse AND delta_source_cv_pearson > 0.03
75p_E2_to_E1	75% epiboly	E2	E1	50	cdca8	False	0.3495228588581085	0.12191889435052872	0.2276039645075798	0.2926875054836273	0.3386062681674957	0.04591876268386841	True	True	False	global_anchor_w0.50	Calibrated mixture	True	selected_source_cv_mse < idw_source_cv_mse AND delta_source_cv_pearson > 0.03
75p_E2_to_E1	75% epiboly	E2	E1	51	cdh1	False	0.8244433403015137	0.17114901542663574	0.6532943248748779	0.23736931383609772	0.9196698665618896	0.6823005527257919	True	True	False	global_anchor_w0.75	Calibrated mixture	True	selected_source_cv_mse < idw_source_cv_mse AND delta_source_cv_pearson > 0.03
75p_E2_to_E1	75% epiboly	E2	E1	52	cdh2	False	0.674414873123169	0.06732743978500366	0.6070874333381653	0.3090153634548187	0.6544761657714844	0.34546080231666565	True	True	False	local_anchor_w0.50	Calibrated mixture	True	selected_source_cv_mse < idw_source_cv_mse AND delta_source_cv_pearson > 0.03
75p_E2_to_E1	75% epiboly	E2	E1	53	cdh6	False	0.7284994721412659	0.15053634345531464	0.5779631286859512	0.27611738443374634	0.6777870059013367	0.40166962146759033	True	True	False	local_anchor_w0.75	Calibrated mixture	True	selected_source_cv_mse < idw_source_cv_mse AND delta_source_cv_pearson > 0.03
75p_E2_to_E1	75% epiboly	E2	E1	54	cdkn1ca	False	0.31653615832328796	0.12951289117336273	0.18702326714992523	0.47206589579582214	0.6029954552650452	0.13092955946922302	True	True	False	local_anchor_w0.00	Local residual	True	selected_source_cv_mse < idw_source_cv_mse AND delta_source_cv_pearson > 0.03
75p_E2_to_E1	75% epiboly	E2	E1	55	cdt1	False	0.7441151142120361	0.12574562430381775	0.6183694899082184	0.21339619159698486	0.48875898122787476	0.2753627896308899	True	True	False	local_anchor_w0.50	Calibrated mixture	True	selected_source_cv_mse < idw_source_cv_mse AND delta_source_cv_pearson > 0.03
75p_E2_to_E1	75% epiboly	E2	E1	56	cdx1a	False	0.8133736848831177	0.6582579016685486	0.1551157832145691	0.3572719991207123	0.5856093764305115	0.2283373773097992	True	True	False	local_anchor_w0.25	Calibrated mixture	True	selected_source_cv_mse < idw_source_cv_mse AND delta_source_cv_pearson > 0.03
75p_E2_to_E1	75% epiboly	E2	E1	57	cdx4	False	0.9616848826408386	0.9616848826408386	0.0	0.3389182984828949	0.3389182984828949	0.0	False	False	True	registered_idw	IDW fallback	False	selected_source_cv_mse < idw_source_cv_mse AND delta_source_cv_pearson > 0.03
75p_E2_to_E1	75% epiboly	E2	E1	58	cenpf	False	0.6146225333213806	0.13760095834732056	0.47702157497406006	0.31114405393600464	0.5507155656814575	0.23957151174545288	True	True	False	global_anchor_w0.75	Calibrated mixture	True	selected_source_cv_mse < idw_source_cv_mse AND delta_source_cv_pearson > 0.03
75p_E2_to_E1	75% epiboly	E2	E1	59	cfl1l	False	0.22168494760990143	0.0375077947974205	0.18417715281248093	0.3314872086048126	0.39642536640167236	0.06493815779685974	True	True	False	global_anchor_w1.00	Anchor-only	True	selected_source_cv_mse < idw_source_cv_mse AND delta_source_cv_pearson > 0.03
75p_E2_to_E1	75% epiboly	E2	E1	60	chaf1a	False	0.5686498880386353	0.12020494043827057	0.4484449476003647	0.2747969329357147	0.425071120262146	0.15027418732643127	True	True	False	local_anchor_w0.75	Calibrated mixture	True	selected_source_cv_mse < idw_source_cv_mse AND delta_source_cv_pearson > 0.03
75p_E2_to_E1	75% epiboly	E2	E1	61	chrd	False	0.8418487310409546	0.7974879145622253	0.04436081647872925	0.5487534403800964	0.7087855339050293	0.16003209352493286	True	True	False	local_anchor_w0.50	Calibrated mixture	True	selected_source_cv_mse < idw_source_cv_mse AND delta_source_cv_pearson > 0.03
75p_E2_to_E1	75% epiboly	E2	E1	62	chst11	False	0.4562342166900635	0.12868990004062653	0.32754431664943695	0.30239230394363403	0.40878528356552124	0.10639297962188721	True	True	False	global_anchor_w1.00	Anchor-only	True	selected_source_cv_mse < idw_source_cv_mse AND delta_source_cv_pearson > 0.03
75p_E2_to_E1	75% epiboly	E2	E1	63	cldnd	False	0.28511250019073486	0.12978088855743408	0.15533161163330078	0.28612545132637024	0.3496676981449127	0.06354224681854248	True	True	False	local_anchor_w0.75	Calibrated mixture	True	selected_source_cv_mse < idw_source_cv_mse AND delta_source_cv_pearson > 0.03
75p_E2_to_E1	75% epiboly	E2	E1	64	clic4	False	0.5324097871780396	0.06142862141132355	0.470981165766716	0.42551979422569275	0.6403507590293884	0.21483096480369568	True	True	False	global_anchor_w0.50	Calibrated mixture	True	selected_source_cv_mse < idw_source_cv_mse AND delta_source_cv_pearson > 0.03
75p_E2_to_E1	75% epiboly	E2	E1	65	clocka	False	0.26323240995407104	0.08895935863256454	0.1742730513215065	0.29764246940612793	0.3593223989009857	0.06167992949485779	True	True	False	local_anchor_w0.75	Calibrated mixture	True	selected_source_cv_mse < idw_source_cv_mse AND delta_source_cv_pearson > 0.03
75p_E2_to_E1	75% epiboly	E2	E1	66	cmtm6	False	0.41629764437675476	0.06341683119535446	0.3528808131814003	0.3106372654438019	0.41425180435180664	0.10361453890800476	True	True	False	local_anchor_w0.75	Calibrated mixture	True	selected_source_cv_mse < idw_source_cv_mse AND delta_source_cv_pearson > 0.03
75p_E2_to_E1	75% epiboly	E2	E1	67	cnmd	False	0.03637852519750595	-0.032106563448905945	0.0684850886464119	0.16938616335391998	0.19344888627529144	0.02406272292137146	True	True	False	global_anchor_w1.00	Anchor-only	True	selected_source_cv_mse < idw_source_cv_mse AND delta_source_cv_pearson > 0.03
75p_E2_to_E1	75% epiboly	E2	E1	68	cnn3a	False	0.3955952823162079	0.034570060670375824	0.36102522164583206	0.3395114839076996	0.4891233444213867	0.14961186051368713	True	True	False	global_anchor_w1.00	Anchor-only	True	selected_source_cv_mse < idw_source_cv_mse AND delta_source_cv_pearson > 0.03
75p_E2_to_E1	75% epiboly	E2	E1	69	coq10b	False	0.22894655168056488	0.100368931889534	0.12857761979103088	0.3201512098312378	0.37080660462379456	0.05065539479255676	True	True	False	local_anchor_w0.75	Calibrated mixture	True	selected_source_cv_mse < idw_source_cv_mse AND delta_source_cv_pearson > 0.03
75p_E2_to_E1	75% epiboly	E2	E1	70	crabp2b	True	0.9999980330467224	0.31502988934516907	0.6849681437015533	1.5573286873404868e-06	1.2654627561569214	1.265461198828234	True	False	True	global_anchor_w0.00	IDW fallback	False	selected_source_cv_mse < idw_source_cv_mse AND delta_source_cv_pearson > 0.03
75p_E2_to_E1	75% epiboly	E2	E1	71	creb3l1	False	0.37923330068588257	0.22790908813476562	0.15132421255111694	0.4407937526702881	0.6867648363113403	0.24597108364105225	True	True	False	local_anchor_w0.50	Calibrated mixture	True	selected_source_cv_mse < idw_source_cv_mse AND delta_source_cv_pearson > 0.03
75p_E2_to_E1	75% epiboly	E2	E1	72	creb3l2	False	0.4496195614337921	0.1577693521976471	0.291850209236145	0.41364189982414246	0.6908460855484009	0.2772041857242584	True	True	False	local_anchor_w0.75	Calibrated mixture	True	selected_source_cv_mse < idw_source_cv_mse AND delta_source_cv_pearson > 0.03
75p_E2_to_E1	75% epiboly	E2	E1	73	csrp1a	False	0.20239484310150146	0.040592413395643234	0.16180242970585823	0.3066740036010742	0.36074548959732056	0.05407148599624634	True	True	False	local_anchor_w0.75	Calibrated mixture	True	selected_source_cv_mse < idw_source_cv_mse AND delta_source_cv_pearson > 0.03
75p_E2_to_E1	75% epiboly	E2	E1	74	cst3	False	0.616743266582489	0.09117451310157776	0.5255687534809113	0.3506333827972412	0.6630455255508423	0.3124121427536011	True	True	False	global_anchor_w1.00	Anchor-only	True	selected_source_cv_mse < idw_source_cv_mse AND delta_source_cv_pearson > 0.03
75p_E2_to_E1	75% epiboly	E2	E1	75	ctcf	False	0.78177410364151	0.1749592274427414	0.6068148761987686	0.09606146812438965	0.25445622205734253	0.15839475393295288	True	True	False	local_anchor_w0.50	Calibrated mixture	True	selected_source_cv_mse < idw_source_cv_mse AND delta_source_cv_pearson > 0.03
75p_E2_to_E1	75% epiboly	E2	E1	76	cth1	False	0.4024873673915863	0.13869144022464752	0.2637959271669388	0.3403686285018921	0.4410671293735504	0.10069850087165833	True	True	False	local_anchor_w0.75	Calibrated mixture	True	selected_source_cv_mse < idw_source_cv_mse AND delta_source_cv_pearson > 0.03
75p_E2_to_E1	75% epiboly	E2	E1	77	CU570769.1	False	0.18565307557582855	0.06786789000034332	0.11778518557548523	0.20816732943058014	0.24633753299713135	0.03817020356655121	True	True	False	local_anchor_w0.75	Calibrated mixture	True	selected_source_cv_mse < idw_source_cv_mse AND delta_source_cv_pearson > 0.03
75p_E2_to_E1	75% epiboly	E2	E1	78	cux1a	False	0.2251432090997696	0.02009175904095173	0.20505145005881786	0.17755797505378723	0.22641165554523468	0.04885368049144745	True	True	False	global_anchor_w1.00	Anchor-only	True	selected_source_cv_mse < idw_source_cv_mse AND delta_source_cv_pearson > 0.03
75p_E2_to_E1	75% epiboly	E2	E1	79	cxcl12b	False	0.34119054675102234	0.06543456017971039	0.27575598657131195	0.2250583916902542	0.2933555841445923	0.06829719245433807	True	True	False	global_anchor_w1.00	Anchor-only	True	selected_source_cv_mse < idw_source_cv_mse AND delta_source_cv_pearson > 0.03
75p_E2_to_E1	75% epiboly	E2	E1	80	cxcr4a	False	0.3969753384590149	0.16129140555858612	0.23568393290042877	0.44781753420829773	0.6650170683860779	0.21719953417778015	True	True	False	local_anchor_w0.50	Calibrated mixture	True	selected_source_cv_mse < idw_source_cv_mse AND delta_source_cv_pearson > 0.03
75p_E2_to_E1	75% epiboly	E2	E1	81	dact2	False	0.5568317174911499	0.3531191647052765	0.2037125527858734	0.5791926383972168	0.8873652815818787	0.30817264318466187	True	True	False	local_anchor_w0.25	Calibrated mixture	True	selected_source_cv_mse < idw_source_cv_mse AND delta_source_cv_pearson > 0.03
75p_E2_to_E1	75% epiboly	E2	E1	82	dand5	False	0.14673461019992828	0.03801286965608597	0.10872174054384232	0.2176699936389923	0.25676554441452026	0.039095550775527954	True	True	False	global_anchor_w1.00	Anchor-only	True	selected_source_cv_mse < idw_source_cv_mse AND delta_source_cv_pearson > 0.03
75p_E2_to_E1	75% epiboly	E2	E1	83	dbx1a	False	0.4722500145435333	0.35624778270721436	0.11600223183631897	0.4856069087982178	0.48600685596466064	0.0003999471664428711	True	True	False	global_anchor_w0.50	Calibrated mixture	True	selected_source_cv_mse < idw_source_cv_mse AND delta_source_cv_pearson > 0.03
75p_E2_to_E1	75% epiboly	E2	E1	84	ddx4	False	0.6561229825019836	0.194064199924469	0.46205878257751465	0.4135337471961975	0.8630527257919312	0.44951897859573364	True	True	False	global_anchor_w0.75	Calibrated mixture	True	selected_source_cv_mse < idw_source_cv_mse AND delta_source_cv_pearson > 0.03
75p_E2_to_E1	75% epiboly	E2	E1	85	dharma	False	0.11130623519420624	0.01799086295068264	0.0933153722435236	0.21162532269954681	0.25104644894599915	0.03942112624645233	True	True	False	global_anchor_w1.00	Anchor-only	True	selected_source_cv_mse < idw_source_cv_mse AND delta_source_cv_pearson > 0.03
75p_E2_to_E1	75% epiboly	E2	E1	86	dkc1	False	0.7774951457977295	0.11977750808000565	0.6577176377177238	0.15720899403095245	0.38734355568885803	0.23013456165790558	True	True	False	global_anchor_w0.50	Calibrated mixture	True	selected_source_cv_mse < idw_source_cv_mse AND delta_source_cv_pearson > 0.03
75p_E2_to_E1	75% epiboly	E2	E1	87	dkk1b	False	0.5161928534507751	0.21994420886039734	0.2962486445903778	0.3825570046901703	0.582690954208374	0.20013394951820374	True	True	False	global_anchor_w0.75	Calibrated mixture	True	selected_source_cv_mse < idw_source_cv_mse AND delta_source_cv_pearson > 0.03
75p_E2_to_E1	75% epiboly	E2	E1	88	dld	False	0.8815397620201111	0.7100949287414551	0.171444833278656	0.6069185137748718	1.3531690835952759	0.746250569820404	True	True	False	local_anchor_w0.50	Calibrated mixture	True	selected_source_cv_mse < idw_source_cv_mse AND delta_source_cv_pearson > 0.03
75p_E2_to_E1	75% epiboly	E2	E1	89	dlgap5	False	0.4979882836341858	0.10917134582996368	0.3888169378042221	0.12099134922027588	0.16697071492671967	0.04597936570644379	True	True	False	global_anchor_w1.00	Anchor-only	True	selected_source_cv_mse < idw_source_cv_mse AND delta_source_cv_pearson > 0.03
75p_E2_to_E1	75% epiboly	E2	E1	90	dlx3b	False	0.7368548512458801	0.3974680006504059	0.33938685059547424	0.6058279871940613	2.316298007965088	1.7104700207710266	True	True	False	local_anchor_w0.50	Calibrated mixture	True	selected_source_cv_mse < idw_source_cv_mse AND delta_source_cv_pearson > 0.03
75p_E2_to_E1	75% epiboly	E2	E1	91	dmd	False	0.2601167559623718	0.0011844489490613341	0.2589323070133105	0.15406152606010437	0.18637415766716003	0.032312631607055664	True	True	False	global_anchor_w1.00	Anchor-only	True	selected_source_cv_mse < idw_source_cv_mse AND delta_source_cv_pearson > 0.03
75p_E2_to_E1	75% epiboly	E2	E1	92	dnmt3bb.2	False	0.6666874289512634	0.18022555112838745	0.486461877822876	0.2487206757068634	0.46538594365119934	0.21666526794433594	True	True	False	local_anchor_w0.75	Calibrated mixture	True	selected_source_cv_mse < idw_source_cv_mse AND delta_source_cv_pearson > 0.03
75p_E2_to_E1	75% epiboly	E2	E1	93	drll.2	False	0.787100613117218	0.5783599019050598	0.2087407112121582	0.4130783677101135	0.7306836247444153	0.31760525703430176	True	True	False	local_anchor_w0.50	Calibrated mixture	True	selected_source_cv_mse < idw_source_cv_mse AND delta_source_cv_pearson > 0.03
75p_E2_to_E1	75% epiboly	E2	E1	94	drll.3	False	0.6942896842956543	0.4675963222980499	0.22669336199760437	0.36741235852241516	0.5295314192771912	0.162119060754776	True	True	False	local_anchor_w0.75	Calibrated mixture	True	selected_source_cv_mse < idw_source_cv_mse AND delta_source_cv_pearson > 0.03
75p_E2_to_E1	75% epiboly	E2	E1	95	dscc1	False	0.12956106662750244	0.035327788442373276	0.09423327818512917	0.17160294950008392	0.2001848965883255	0.028581947088241577	True	True	False	global_anchor_w1.00	Anchor-only	True	selected_source_cv_mse < idw_source_cv_mse AND delta_source_cv_pearson > 0.03
75p_E2_to_E1	75% epiboly	E2	E1	96	dync1li1	False	0.18816296756267548	0.10192999988794327	0.08623296767473221	0.22401763498783112	0.2757924795150757	0.05177484452724457	True	True	False	global_anchor_w0.75	Calibrated mixture	True	selected_source_cv_mse < idw_source_cv_mse AND delta_source_cv_pearson > 0.03
75p_E2_to_E1	75% epiboly	E2	E1	97	dynll1	False	0.5914319753646851	0.42887988686561584	0.1625520884990692	0.42115241289138794	0.5950584411621094	0.17390602827072144	True	True	False	global_anchor_w0.75	Calibrated mixture	True	selected_source_cv_mse < idw_source_cv_mse AND delta_source_cv_pearson > 0.03
75p_E2_to_E1	75% epiboly	E2	E1	98	dynll2b	False	0.26541513204574585	0.050686921924352646	0.2147282101213932	0.34275001287460327	0.4321066439151764	0.08935663104057312	True	True	False	global_anchor_w1.00	Anchor-only	True	selected_source_cv_mse < idw_source_cv_mse AND delta_source_cv_pearson > 0.03
75p_E2_to_E1	75% epiboly	E2	E1	99	ednraa	False	0.493605375289917	0.1730070561170578	0.3205983191728592	0.27800753712654114	0.4331929385662079	0.15518540143966675	True	True	False	local_anchor_w0.75	Calibrated mixture	True	selected_source_cv_mse < idw_source_cv_mse AND delta_source_cv_pearson > 0.03
75p_E2_to_E1	75% epiboly	E2	E1	100	efemp2b	False	0.7762510776519775	0.6808314323425293	0.09541964530944824	0.5389278531074524	0.7820345163345337	0.2431066632270813	True	True	False	global_anchor_w0.50	Calibrated mixture	True	selected_source_cv_mse < idw_source_cv_mse AND delta_source_cv_pearson > 0.03
75p_E2_to_E1	75% epiboly	E2	E1	101	efna1a	False	0.5340975522994995	0.20058982074260712	0.3335077315568924	0.33594852685928345	0.4812476336956024	0.14529910683631897	True	True	False	local_anchor_w0.75	Calibrated mixture	True	selected_source_cv_mse < idw_source_cv_mse AND delta_source_cv_pearson > 0.03
75p_E2_to_E1	75% epiboly	E2	E1	102	efnb2a	False	0.4616835117340088	0.13080526888370514	0.33087824285030365	0.33701249957084656	0.4976635277271271	0.16065102815628052	True	True	False	local_anchor_w0.75	Calibrated mixture	True	selected_source_cv_mse < idw_source_cv_mse AND delta_source_cv_pearson > 0.03
75p_E2_to_E1	75% epiboly	E2	E1	103	efnb2b	False	0.7282832860946655	0.15105345845222473	0.5772298276424408	0.42631858587265015	1.0395225286483765	0.6132039427757263	True	True	False	local_anchor_w0.50	Calibrated mixture	True	selected_source_cv_mse < idw_source_cv_mse AND delta_source_cv_pearson > 0.03
75p_E2_to_E1	75% epiboly	E2	E1	104	egln1b	False	0.4905555844306946	0.021740609779953957	0.4688149746507406	0.3378247320652008	0.4842222034931183	0.14639747142791748	True	True	False	global_anchor_w1.00	Anchor-only	True	selected_source_cv_mse < idw_source_cv_mse AND delta_source_cv_pearson > 0.03
75p_E2_to_E1	75% epiboly	E2	E1	105	eif3ea	False	0.4306105375289917	0.2423725426197052	0.1882379949092865	0.24665427207946777	0.3025779128074646	0.055923640727996826	True	True	False	local_anchor_w0.50	Calibrated mixture	True	selected_source_cv_mse < idw_source_cv_mse AND delta_source_cv_pearson > 0.03
75p_E2_to_E1	75% epiboly	E2	E1	106	elavl3	False	0.18199314177036285	0.011821594089269638	0.17017154768109322	0.2547551989555359	0.30692631006240845	0.05217111110687256	True	True	False	global_anchor_w1.00	Anchor-only	True	selected_source_cv_mse < idw_source_cv_mse AND delta_source_cv_pearson > 0.03
75p_E2_to_E1	75% epiboly	E2	E1	107	elf1	False	0.8114901781082153	0.16360804438591003	0.6478821337223053	0.3990862965583801	1.5541870594024658	1.1551007628440857	True	True	False	global_anchor_w0.50	Calibrated mixture	True	selected_source_cv_mse < idw_source_cv_mse AND delta_source_cv_pearson > 0.03
75p_E2_to_E1	75% epiboly	E2	E1	108	elob	False	0.2290976345539093	0.03792349621653557	0.19117413833737373	0.2226467877626419	0.276931494474411	0.054284706711769104	True	True	False	global_anchor_w1.00	Anchor-only	True	selected_source_cv_mse < idw_source_cv_mse AND delta_source_cv_pearson > 0.03
75p_E2_to_E1	75% epiboly	E2	E1	109	emid1	False	0.27470481395721436	0.1168106198310852	0.15789419412612915	0.1883246898651123	0.2249208688735962	0.03659617900848389	True	True	False	local_anchor_w0.75	Calibrated mixture	True	selected_source_cv_mse < idw_source_cv_mse AND delta_source_cv_pearson > 0.03
75p_E2_to_E1	75% epiboly	E2	E1	110	emx2	False	0.2082267850637436	0.013709288090467453	0.19451749697327614	0.1856587678194046	0.2245798259973526	0.038921058177948	True	True	False	global_anchor_w1.00	Anchor-only	True	selected_source_cv_mse < idw_source_cv_mse AND delta_source_cv_pearson > 0.03
75p_E2_to_E1	75% epiboly	E2	E1	111	emx3	False	0.2888723313808441	0.06274019926786423	0.2261321321129799	0.21094614267349243	0.24974425137043	0.03879810869693756	True	True	False	global_anchor_w1.00	Anchor-only	True	selected_source_cv_mse < idw_source_cv_mse AND delta_source_cv_pearson > 0.03
75p_E2_to_E1	75% epiboly	E2	E1	112	epcam	False	0.740095853805542	0.09751996397972107	0.6425758898258209	0.3348282277584076	0.9377872347831726	0.602959007024765	True	True	False	global_anchor_w1.00	Anchor-only	True	selected_source_cv_mse < idw_source_cv_mse AND delta_source_cv_pearson > 0.03
75p_E2_to_E1	75% epiboly	E2	E1	113	epha2a	False	0.5292172431945801	0.280985951423645	0.24823129177093506	0.5691835880279541	0.7215538024902344	0.15237021446228027	True	True	False	local_anchor_w0.50	Calibrated mixture	True	selected_source_cv_mse < idw_source_cv_mse AND delta_source_cv_pearson > 0.03
75p_E2_to_E1	75% epiboly	E2	E1	114	ephb3a	False	0.7581736445426941	0.19219981133937836	0.5659738332033157	0.38442790508270264	0.8965046405792236	0.512076735496521	True	True	False	global_anchor_w0.75	Calibrated mixture	True	selected_source_cv_mse < idw_source_cv_mse AND delta_source_cv_pearson > 0.03
75p_E2_to_E1	75% epiboly	E2	E1	115	eppk1	False	0.8534716367721558	0.12568731606006622	0.7277843207120895	0.39110639691352844	2.1747593879699707	1.7836529910564423	True	True	False	global_anchor_w1.00	Anchor-only	True	selected_source_cv_mse < idw_source_cv_mse AND delta_source_cv_pearson > 0.03
75p_E2_to_E1	75% epiboly	E2	E1	116	erf	False	0.6695867776870728	0.32792842388153076	0.341658353805542	0.23422840237617493	0.4141768217086792	0.17994841933250427	True	True	False	global_anchor_w0.75	Calibrated mixture	True	selected_source_cv_mse < idw_source_cv_mse AND delta_source_cv_pearson > 0.03
75p_E2_to_E1	75% epiboly	E2	E1	117	esrra	False	0.37450772523880005	0.15250520408153534	0.2220025211572647	0.38702934980392456	0.46289968490600586	0.0758703351020813	True	True	False	local_anchor_w0.75	Calibrated mixture	True	selected_source_cv_mse < idw_source_cv_mse AND delta_source_cv_pearson > 0.03
75p_E2_to_E1	75% epiboly	E2	E1	118	ets2	False	0.4735970199108124	0.19755828380584717	0.2760387361049652	0.45827898383140564	0.7449645400047302	0.2866855561733246	True	True	False	local_anchor_w0.75	Calibrated mixture	True	selected_source_cv_mse < idw_source_cv_mse AND delta_source_cv_pearson > 0.03
75p_E2_to_E1	75% epiboly	E2	E1	119	etv2	False	0.14445950090885162	0.031040823087096214	0.11341867782175541	0.14590683579444885	0.20515993237495422	0.05925309658050537	True	True	False	global_anchor_w1.00	Anchor-only	True	selected_source_cv_mse < idw_source_cv_mse AND delta_source_cv_pearson > 0.03
75p_E2_to_E1	75% epiboly	E2	E1	120	etv4	False	0.8342859745025635	0.2561497986316681	0.5781361758708954	0.2492159903049469	0.7838779091835022	0.5346619188785553	True	True	False	local_anchor_w0.00	Local residual	True	selected_source_cv_mse < idw_source_cv_mse AND delta_source_cv_pearson > 0.03
75p_E2_to_E1	75% epiboly	E2	E1	121	etv5a	False	0.34525659680366516	0.16490180790424347	0.1803547888994217	0.331793874502182	0.37223324179649353	0.04043936729431152	True	True	False	global_anchor_w0.50	Calibrated mixture	True	selected_source_cv_mse < idw_source_cv_mse AND delta_source_cv_pearson > 0.03
75p_E2_to_E1	75% epiboly	E2	E1	122	etv5b	False	0.7097963690757751	0.2716177999973297	0.43817856907844543	0.17182764410972595	0.34493935108184814	0.1731117069721222	True	True	False	local_anchor_w0.50	Calibrated mixture	True	selected_source_cv_mse < idw_source_cv_mse AND delta_source_cv_pearson > 0.03
75p_E2_to_E1	75% epiboly	E2	E1	123	eve1	False	0.9358745813369751	0.8977651000022888	0.03810948133468628	0.36939552426338196	0.49527478218078613	0.12587925791740417	True	True	False	local_anchor_w0.25	Calibrated mixture	True	selected_source_cv_mse < idw_source_cv_mse AND delta_source_cv_pearson > 0.03
75p_E2_to_E1	75% epiboly	E2	E1	124	f11r.1	False	0.625128448009491	0.12798760831356049	0.4971408396959305	0.3694184720516205	0.6870183348655701	0.3175998628139496	True	True	False	local_anchor_w0.75	Calibrated mixture	True	selected_source_cv_mse < idw_source_cv_mse AND delta_source_cv_pearson > 0.03
75p_E2_to_E1	75% epiboly	E2	E1	125	fbln2	False	0.5477426648139954	0.2770031690597534	0.27073949575424194	0.41255274415016174	0.8006685376167297	0.388115793466568	True	True	False	local_anchor_w0.75	Calibrated mixture	True	selected_source_cv_mse < idw_source_cv_mse AND delta_source_cv_pearson > 0.03
75p_E2_to_E1	75% epiboly	E2	E1	126	fezf2	False	0.7281210422515869	0.6428776383399963	0.08524340391159058	0.4310843050479889	0.556387722492218	0.12530341744422913	True	True	False	global_anchor_w0.50	Calibrated mixture	True	selected_source_cv_mse < idw_source_cv_mse AND delta_source_cv_pearson > 0.03
75p_E2_to_E1	75% epiboly	E2	E1	127	fgf8a	False	0.4042229652404785	0.2350352704524994	0.16918769478797913	0.5860632061958313	0.7825042605400085	0.19644105434417725	True	True	False	local_anchor_w0.75	Calibrated mixture	True	selected_source_cv_mse < idw_source_cv_mse AND delta_source_cv_pearson > 0.03
75p_E2_to_E1	75% epiboly	E2	E1	128	flrt3	True	0.9999974370002747	0.3497312068939209	0.6502662301063538	1.7175548236991744e-06	1.5711164474487305	1.5711147298939068	True	False	True	global_anchor_w0.00	IDW fallback	False	selected_source_cv_mse < idw_source_cv_mse AND delta_source_cv_pearson > 0.03
75p_E2_to_E1	75% epiboly	E2	E1	129	fn1a	False	0.8388559818267822	0.29309210181236267	0.5457638800144196	0.4712643325328827	1.8991199731826782	1.4278556406497955	True	True	False	local_anchor_w0.50	Calibrated mixture	True	selected_source_cv_mse < idw_source_cv_mse AND delta_source_cv_pearson > 0.03
75p_E2_to_E1	75% epiboly	E2	E1	130	fn1b	False	0.5386301875114441	0.22724369168281555	0.31138649582862854	0.443526029586792	0.6513206362724304	0.20779460668563843	True	True	False	local_anchor_w0.75	Calibrated mixture	True	selected_source_cv_mse < idw_source_cv_mse AND delta_source_cv_pearson > 0.03
75p_E2_to_E1	75% epiboly	E2	E1	131	fnbp1l	False	0.4188900291919708	0.1115628108382225	0.3073272183537483	0.35972854495048523	0.4737899601459503	0.11406141519546509	True	True	False	global_anchor_w0.75	Calibrated mixture	True	selected_source_cv_mse < idw_source_cv_mse AND delta_source_cv_pearson > 0.03
75p_E2_to_E1	75% epiboly	E2	E1	132	fosab	False	0.24718919396400452	0.14112316071987152	0.106066033244133	0.18322701752185822	0.2496672421693802	0.06644022464752197	True	True	False	local_anchor_w0.75	Calibrated mixture	True	selected_source_cv_mse < idw_source_cv_mse AND delta_source_cv_pearson > 0.03
75p_E2_to_E1	75% epiboly	E2	E1	133	foxa	False	0.7143877148628235	0.27511367201805115	0.43927404284477234	0.347761869430542	0.8897346258163452	0.5419727563858032	True	True	False	local_anchor_w0.75	Calibrated mixture	True	selected_source_cv_mse < idw_source_cv_mse AND delta_source_cv_pearson > 0.03
75p_E2_to_E1	75% epiboly	E2	E1	134	foxa2	False	0.5367993712425232	0.2610156238079071	0.2757837474346161	0.48207271099090576	1.043924331665039	0.5618516206741333	True	True	False	local_anchor_w0.50	Calibrated mixture	True	selected_source_cv_mse < idw_source_cv_mse AND delta_source_cv_pearson > 0.03
75p_E2_to_E1	75% epiboly	E2	E1	135	foxa3	False	0.8440825939178467	0.5335766673088074	0.3105059266090393	0.7910513877868652	2.3284990787506104	1.5374476909637451	True	True	False	global_anchor_w0.25	Calibrated mixture	True	selected_source_cv_mse < idw_source_cv_mse AND delta_source_cv_pearson > 0.03
75p_E2_to_E1	75% epiboly	E2	E1	136	foxb1a	False	0.7585312128067017	0.66157066822052	0.09696054458618164	0.595824658870697	0.784724771976471	0.18890011310577393	True	True	False	local_anchor_w0.50	Calibrated mixture	True	selected_source_cv_mse < idw_source_cv_mse AND delta_source_cv_pearson > 0.03
75p_E2_to_E1	75% epiboly	E2	E1	137	foxb1b	False	0.33726364374160767	0.355061799287796	-0.017798155546188354	0.22390571236610413	0.25016143918037415	0.02625572681427002	False	False	True	local_anchor_w0.50	IDW fallback	False	selected_source_cv_mse < idw_source_cv_mse AND delta_source_cv_pearson > 0.03
75p_E2_to_E1	75% epiboly	E2	E1	138	foxc1a	False	0.7561441659927368	0.266599178314209	0.48954498767852783	0.6562906503677368	1.5062572956085205	0.8499666452407837	True	True	False	local_anchor_w0.75	Calibrated mixture	True	selected_source_cv_mse < idw_source_cv_mse AND delta_source_cv_pearson > 0.03
75p_E2_to_E1	75% epiboly	E2	E1	139	foxc1b	False	0.24877330660820007	0.08593039959669113	0.16284290701150894	0.38115984201431274	0.43042945861816406	0.04926961660385132	True	True	False	global_anchor_w0.75	Calibrated mixture	True	selected_source_cv_mse < idw_source_cv_mse AND delta_source_cv_pearson > 0.03
75p_E2_to_E1	75% epiboly	E2	E1	140	foxd3	False	0.4703889489173889	0.4703889489173889	0.0	0.6941375732421875	0.6941375732421875	0.0	False	False	True	registered_idw	IDW fallback	False	selected_source_cv_mse < idw_source_cv_mse AND delta_source_cv_pearson > 0.03
75p_E2_to_E1	75% epiboly	E2	E1	141	foxd5	True	0.9999978542327881	0.24742335081100464	0.7525745034217834	1.7564375411893707e-06	2.0140130519866943	2.014011295549153	True	False	True	global_anchor_w0.00	IDW fallback	False	selected_source_cv_mse < idw_source_cv_mse AND delta_source_cv_pearson > 0.03
75p_E2_to_E1	75% epiboly	E2	E1	142	foxg1a	False	0.21484173834323883	0.05330406874418259	0.16153766959905624	0.17895735800266266	0.21511241793632507	0.036155059933662415	True	True	False	local_anchor_w0.75	Calibrated mixture	True	selected_source_cv_mse < idw_source_cv_mse AND delta_source_cv_pearson > 0.03
75p_E2_to_E1	75% epiboly	E2	E1	143	foxh1	False	0.6271752119064331	0.3631984293460846	0.2639767825603485	0.3703932762145996	0.6511567831039429	0.28076350688934326	True	True	False	global_anchor_w0.00	Global residual	True	selected_source_cv_mse < idw_source_cv_mse AND delta_source_cv_pearson > 0.03
75p_E2_to_E1	75% epiboly	E2	E1	144	foxi1	False	0.5989509224891663	0.4494628608226776	0.14948806166648865	0.3836427927017212	0.9233474731445312	0.5397046804428101	True	True	False	local_anchor_w0.50	Calibrated mixture	True	selected_source_cv_mse < idw_source_cv_mse AND delta_source_cv_pearson > 0.03
75p_E2_to_E1	75% epiboly	E2	E1	145	foxn2b	False	0.582764744758606	0.3255428671836853	0.25722187757492065	0.41023069620132446	0.6708999276161194	0.2606692314147949	True	True	False	global_anchor_w1.00	Anchor-only	True	selected_source_cv_mse < idw_source_cv_mse AND delta_source_cv_pearson > 0.03
75p_E2_to_E1	75% epiboly	E2	E1	146	foxo1a	False	0.2613658607006073	-0.038638148456811905	0.3000040091574192	0.09938017278909683	0.12238068878650665	0.02300051599740982	True	True	False	global_anchor_w1.00	Anchor-only	True	selected_source_cv_mse < idw_source_cv_mse AND delta_source_cv_pearson > 0.03
75p_E2_to_E1	75% epiboly	E2	E1	147	foxp1b	False	0.4215717613697052	0.25082892179489136	0.17074283957481384	0.44031035900115967	0.5181999206542969	0.07788956165313721	True	True	False	local_anchor_w0.75	Calibrated mixture	True	selected_source_cv_mse < idw_source_cv_mse AND delta_source_cv_pearson > 0.03
75p_E2_to_E1	75% epiboly	E2	E1	148	foxp2	False	0.4606049358844757	0.15632574260234833	0.3042791932821274	0.41488581895828247	0.5900105834007263	0.17512476444244385	True	True	False	global_anchor_w0.75	Calibrated mixture	True	selected_source_cv_mse < idw_source_cv_mse AND delta_source_cv_pearson > 0.03
75p_E2_to_E1	75% epiboly	E2	E1	149	frmd4ba	False	0.6424335241317749	0.12836551666259766	0.5140680074691772	0.44501158595085144	0.9437901377677917	0.4987785518169403	True	True	False	global_anchor_w1.00	Anchor-only	True	selected_source_cv_mse < idw_source_cv_mse AND delta_source_cv_pearson > 0.03
75p_E2_to_E1	75% epiboly	E2	E1	150	fscn1a	False	0.8209250569343567	0.28596460819244385	0.5349604487419128	0.3595602512359619	1.0773077011108398	0.7177474498748779	True	True	False	global_anchor_w1.00	Anchor-only	True	selected_source_cv_mse < idw_source_cv_mse AND delta_source_cv_pearson > 0.03
75p_E2_to_E1	75% epiboly	E2	E1	151	fzd7a	False	0.7950753569602966	0.6350327134132385	0.1600426435470581	0.3105347156524658	0.5562354922294617	0.24570077657699585	True	True	False	local_anchor_w0.25	Calibrated mixture	True	selected_source_cv_mse < idw_source_cv_mse AND delta_source_cv_pearson > 0.03
75p_E2_to_E1	75% epiboly	E2	E1	152	fzd7b	False	0.2915665805339813	0.16273514926433563	0.1288314312696457	0.3475431799888611	0.3931736946105957	0.04563051462173462	True	True	False	local_anchor_w0.75	Calibrated mixture	True	selected_source_cv_mse < idw_source_cv_mse AND delta_source_cv_pearson > 0.03
75p_E2_to_E1	75% epiboly	E2	E1	153	fzd8a	False	0.9053224921226501	0.8998377323150635	0.00548475980758667	0.39455530047416687	0.4043712317943573	0.00981593132019043	False	False	True	local_anchor_w0.00	IDW fallback	False	selected_source_cv_mse < idw_source_cv_mse AND delta_source_cv_pearson > 0.03
75p_E2_to_E1	75% epiboly	E2	E1	154	gadd45gip1	False	0.286019504070282	0.033371418714523315	0.25264808535575867	0.3502514958381653	0.4319548010826111	0.0817033052444458	True	True	False	global_anchor_w1.00	Anchor-only	True	selected_source_cv_mse < idw_source_cv_mse AND delta_source_cv_pearson > 0.03
75p_E2_to_E1	75% epiboly	E2	E1	155	gapdh	False	0.38427555561065674	0.08555909991264343	0.2987164556980133	0.29850178956985474	0.39719659090042114	0.0986948013305664	True	True	False	local_anchor_w0.75	Calibrated mixture	True	selected_source_cv_mse < idw_source_cv_mse AND delta_source_cv_pearson > 0.03
75p_E2_to_E1	75% epiboly	E2	E1	156	gata2a	False	0.793282687664032	0.5634986758232117	0.2297840118408203	0.6577540636062622	2.0819430351257324	1.4241889715194702	True	True	False	global_anchor_w0.50	Calibrated mixture	True	selected_source_cv_mse < idw_source_cv_mse AND delta_source_cv_pearson > 0.03
75p_E2_to_E1	75% epiboly	E2	E1	157	gata3	False	0.2475719004869461	0.09754551947116852	0.1500263810157776	0.184722438454628	0.2371477335691452	0.05242529511451721	True	True	False	local_anchor_w0.75	Calibrated mixture	True	selected_source_cv_mse < idw_source_cv_mse AND delta_source_cv_pearson > 0.03
75p_E2_to_E1	75% epiboly	E2	E1	158	gata5	False	0.8301032185554504	0.2843877375125885	0.5457154810428619	0.322918564081192	1.1521356105804443	0.8292170464992523	True	True	False	global_anchor_w0.75	Calibrated mixture	True	selected_source_cv_mse < idw_source_cv_mse AND delta_source_cv_pearson > 0.03
75p_E2_to_E1	75% epiboly	E2	E1	159	gata6	False	0.869104266166687	0.23767608404159546	0.6314281821250916	0.44241535663604736	2.8722193241119385	2.429803967475891	True	True	False	global_anchor_w1.00	Anchor-only	True	selected_source_cv_mse < idw_source_cv_mse AND delta_source_cv_pearson > 0.03
75p_E2_to_E1	75% epiboly	E2	E1	160	gbx1	False	0.4951515197753906	0.3270553946495056	0.168096125125885	0.4420700669288635	0.5195890069007874	0.07751893997192383	True	True	False	local_anchor_w0.25	Calibrated mixture	True	selected_source_cv_mse < idw_source_cv_mse AND delta_source_cv_pearson > 0.03
75p_E2_to_E1	75% epiboly	E2	E1	161	gcm2	False	0.28865382075309753	0.19060522317886353	0.09804859757423401	0.15326814353466034	0.1860896497964859	0.03282150626182556	True	True	False	global_anchor_w0.75	Calibrated mixture	True	selected_source_cv_mse < idw_source_cv_mse AND delta_source_cv_pearson > 0.03
75p_E2_to_E1	75% epiboly	E2	E1	162	gfi1aa	False	0.275102436542511	0.07367865741252899	0.201423779129982	0.26173487305641174	0.32206258177757263	0.06032770872116089	True	True	False	global_anchor_w0.75	Calibrated mixture	True	selected_source_cv_mse < idw_source_cv_mse AND delta_source_cv_pearson > 0.03
75p_E2_to_E1	75% epiboly	E2	E1	163	gli1	False	0.7717146873474121	0.7357004284858704	0.03601425886154175	0.3872847557067871	0.4752063453197479	0.08792158961296082	True	True	False	local_anchor_w0.25	Calibrated mixture	True	selected_source_cv_mse < idw_source_cv_mse AND delta_source_cv_pearson > 0.03
75p_E2_to_E1	75% epiboly	E2	E1	164	gli2a	False	0.5224134922027588	0.22455494105815887	0.2978585511445999	0.3453883230686188	0.5141203999519348	0.16873207688331604	True	True	False	local_anchor_w0.75	Calibrated mixture	True	selected_source_cv_mse < idw_source_cv_mse AND delta_source_cv_pearson > 0.03
75p_E2_to_E1	75% epiboly	E2	E1	165	gmnn	False	0.4533798396587372	0.09441038221120834	0.35896945744752884	0.29925185441970825	0.4024282395839691	0.10317638516426086	True	True	False	global_anchor_w1.00	Anchor-only	True	selected_source_cv_mse < idw_source_cv_mse AND delta_source_cv_pearson > 0.03
75p_E2_to_E1	75% epiboly	E2	E1	166	gpr137bb	False	0.24690930545330048	0.11348477751016617	0.1334245279431343	0.16597233712673187	0.21523606777191162	0.04926373064517975	True	True	False	global_anchor_w1.00	Anchor-only	True	selected_source_cv_mse < idw_source_cv_mse AND delta_source_cv_pearson > 0.03
75p_E2_to_E1	75% epiboly	E2	E1	167	grhl1	False	0.8577483296394348	0.20779351890087128	0.6499548107385635	0.371543288230896	1.7708247900009155	1.3992815017700195	True	True	False	global_anchor_w1.00	Anchor-only	True	selected_source_cv_mse < idw_source_cv_mse AND delta_source_cv_pearson > 0.03
75p_E2_to_E1	75% epiboly	E2	E1	168	grhl2b	False	0.42720478773117065	0.14698386192321777	0.2802209258079529	0.428629070520401	0.5690281391143799	0.14039906859397888	True	True	False	global_anchor_w0.75	Calibrated mixture	True	selected_source_cv_mse < idw_source_cv_mse AND delta_source_cv_pearson > 0.03
75p_E2_to_E1	75% epiboly	E2	E1	169	gsc	False	0.4828651249408722	0.21406283974647522	0.268802285194397	0.3365228772163391	0.4249626398086548	0.08843976259231567	True	True	False	global_anchor_w0.75	Calibrated mixture	True	selected_source_cv_mse < idw_source_cv_mse AND delta_source_cv_pearson > 0.03
75p_E2_to_E1	75% epiboly	E2	E1	170	h1-0	False	0.3180364668369293	0.03590014576911926	0.28213632106781006	0.3975222110748291	0.5357173085212708	0.13819509744644165	True	True	False	global_anchor_w1.00	Anchor-only	True	selected_source_cv_mse < idw_source_cv_mse AND delta_source_cv_pearson > 0.03
75p_E2_to_E1	75% epiboly	E2	E1	171	hdlbpa	False	0.5831563472747803	0.2787971794605255	0.30435916781425476	0.06272410601377487	0.0913517102599144	0.028627604246139526	True	True	False	local_anchor_w0.75	Calibrated mixture	True	selected_source_cv_mse < idw_source_cv_mse AND delta_source_cv_pearson > 0.03
75p_E2_to_E1	75% epiboly	E2	E1	172	helb	False	0.6612199544906616	0.5134322643280029	0.1477876901626587	0.38861358165740967	0.5153577327728271	0.12674415111541748	True	True	False	local_anchor_w0.50	Calibrated mixture	True	selected_source_cv_mse < idw_source_cv_mse AND delta_source_cv_pearson > 0.03
75p_E2_to_E1	75% epiboly	E2	E1	173	hells	False	0.3010534644126892	0.015597786754369736	0.2854556776583195	0.2933144271373749	0.37393492460250854	0.08062049746513367	True	True	False	global_anchor_w1.00	Anchor-only	True	selected_source_cv_mse < idw_source_cv_mse AND delta_source_cv_pearson > 0.03
75p_E2_to_E1	75% epiboly	E2	E1	174	her1	False	0.8215303421020508	0.6274043917655945	0.1941259503364563	0.498330682516098	0.9289090037345886	0.4305783212184906	True	True	False	local_anchor_w0.50	Calibrated mixture	True	selected_source_cv_mse < idw_source_cv_mse AND delta_source_cv_pearson > 0.03
75p_E2_to_E1	75% epiboly	E2	E1	175	her11	False	0.4039321839809418	0.19788385927677155	0.20604832470417023	0.25309523940086365	0.35698527097702026	0.10389003157615662	True	True	False	global_anchor_w0.75	Calibrated mixture	True	selected_source_cv_mse < idw_source_cv_mse AND delta_source_cv_pearson > 0.03
75p_E2_to_E1	75% epiboly	E2	E1	176	her12	False	0.19176767766475677	0.03304500877857208	0.1587226688861847	0.30474042892456055	0.3593766391277313	0.054636210203170776	True	True	False	global_anchor_w1.00	Anchor-only	True	selected_source_cv_mse < idw_source_cv_mse AND delta_source_cv_pearson > 0.03
75p_E2_to_E1	75% epiboly	E2	E1	177	her2	False	0.25849127769470215	0.015358607284724712	0.24313267040997744	0.3444052040576935	0.4103800654411316	0.06597486138343811	True	True	False	global_anchor_w1.00	Anchor-only	True	selected_source_cv_mse < idw_source_cv_mse AND delta_source_cv_pearson > 0.03
75p_E2_to_E1	75% epiboly	E2	E1	178	her3	False	0.2560516893863678	0.13407006859779358	0.12198162078857422	0.17473635077476501	0.20580527186393738	0.031068921089172363	True	True	False	global_anchor_w1.00	Anchor-only	True	selected_source_cv_mse < idw_source_cv_mse AND delta_source_cv_pearson > 0.03
75p_E2_to_E1	75% epiboly	E2	E1	179	her5	False	0.45693597197532654	0.3953903019428253	0.06154567003250122	0.39290183782577515	0.5835117697715759	0.19060993194580078	True	True	False	local_anchor_w0.50	Calibrated mixture	True	selected_source_cv_mse < idw_source_cv_mse AND delta_source_cv_pearson > 0.03
75p_E2_to_E1	75% epiboly	E2	E1	180	her6	False	0.3969839811325073	0.3173936903476715	0.07959029078483582	0.7167227268218994	0.7782560586929321	0.061533331871032715	True	True	False	local_anchor_w0.50	Calibrated mixture	True	selected_source_cv_mse < idw_source_cv_mse AND delta_source_cv_pearson > 0.03
75p_E2_to_E1	75% epiboly	E2	E1	181	her7	False	0.6190574765205383	0.5017215609550476	0.11733591556549072	0.33021602034568787	0.40628960728645325	0.07607358694076538	True	True	False	local_anchor_w0.50	Calibrated mixture	True	selected_source_cv_mse < idw_source_cv_mse AND delta_source_cv_pearson > 0.03
75p_E2_to_E1	75% epiboly	E2	E1	182	her8a	False	0.7702966332435608	0.5845391750335693	0.18575745820999146	0.42638152837753296	0.7736654281616211	0.34728389978408813	True	True	False	local_anchor_w0.75	Calibrated mixture	True	selected_source_cv_mse < idw_source_cv_mse AND delta_source_cv_pearson > 0.03
75p_E2_to_E1	75% epiboly	E2	E1	183	her9	False	0.46075522899627686	0.3455379605293274	0.11521726846694946	1.0673891305923462	1.490101933479309	0.4227128028869629	True	True	False	global_anchor_w0.00	Global residual	True	selected_source_cv_mse < idw_source_cv_mse AND delta_source_cv_pearson > 0.03
75p_E2_to_E1	75% epiboly	E2	E1	184	hes6	False	0.3311358094215393	0.07010471820831299	0.2610310912132263	0.25902554392814636	0.3245500326156616	0.06552448868751526	True	True	False	global_anchor_w1.00	Anchor-only	True	selected_source_cv_mse < idw_source_cv_mse AND delta_source_cv_pearson > 0.03
75p_E2_to_E1	75% epiboly	E2	E1	185	hesx1	False	0.2205435037612915	0.09359439462423325	0.12694910913705826	0.35953056812286377	0.42620378732681274	0.06667321920394897	True	True	False	local_anchor_w0.75	Calibrated mixture	True	selected_source_cv_mse < idw_source_cv_mse AND delta_source_cv_pearson > 0.03
75p_E2_to_E1	75% epiboly	E2	E1	186	hic1l	False	0.16266845166683197	0.0869256854057312	0.07574276626110077	0.36609020829200745	0.4134100079536438	0.04731979966163635	True	True	False	global_anchor_w0.75	Calibrated mixture	True	selected_source_cv_mse < idw_source_cv_mse AND delta_source_cv_pearson > 0.03
75p_E2_to_E1	75% epiboly	E2	E1	187	higd1a	False	0.09835564345121384	0.0070278276689350605	0.09132781578227878	0.20150841772556305	0.24242724478244781	0.040918827056884766	True	True	False	global_anchor_w1.00	Anchor-only	True	selected_source_cv_mse < idw_source_cv_mse AND delta_source_cv_pearson > 0.03
75p_E2_to_E1	75% epiboly	E2	E1	188	hivep2a	False	0.24273179471492767	0.06942390650510788	0.1733078882098198	0.30588942766189575	0.3896356523036957	0.08374622464179993	True	True	False	global_anchor_w1.00	Anchor-only	True	selected_source_cv_mse < idw_source_cv_mse AND delta_source_cv_pearson > 0.03
75p_E2_to_E1	75% epiboly	E2	E1	189	hoxb1b	False	0.18448631465435028	0.18448631465435028	0.0	0.2885669767856598	0.2885669767856598	0.0	False	False	True	registered_idw	IDW fallback	False	selected_source_cv_mse < idw_source_cv_mse AND delta_source_cv_pearson > 0.03
75p_E2_to_E1	75% epiboly	E2	E1	190	hoxb7a	False	0.3386455774307251	0.054854147136211395	0.2837914302945137	0.2613091468811035	0.3200141191482544	0.05870497226715088	True	True	False	global_anchor_w1.00	Anchor-only	True	selected_source_cv_mse < idw_source_cv_mse AND delta_source_cv_pearson > 0.03
75p_E2_to_E1	75% epiboly	E2	E1	191	hoxb8a	False	0.37193799018859863	0.13190121948719025	0.2400367707014084	0.21865369379520416	0.2626805305480957	0.04402683675289154	True	True	False	global_anchor_w0.75	Calibrated mixture	True	selected_source_cv_mse < idw_source_cv_mse AND delta_source_cv_pearson > 0.03
75p_E2_to_E1	75% epiboly	E2	E1	192	hoxb9a	False	0.08307620137929916	0.011169487610459328	0.07190671376883984	0.28180131316185	0.34695082902908325	0.06514951586723328	True	True	False	local_anchor_w0.75	Calibrated mixture	True	selected_source_cv_mse < idw_source_cv_mse AND delta_source_cv_pearson > 0.03
75p_E2_to_E1	75% epiboly	E2	E1	193	hoxc3a	False	0.30160048604011536	0.14400075376033783	0.15759973227977753	0.27295300364494324	0.3374755382537842	0.06452253460884094	True	True	False	global_anchor_w1.00	Anchor-only	True	selected_source_cv_mse < idw_source_cv_mse AND delta_source_cv_pearson > 0.03
75p_E2_to_E1	75% epiboly	E2	E1	194	hoxc6a	False	0.26912593841552734	0.06462583690881729	0.20450010150671005	0.23677901923656464	0.29152631759643555	0.05474729835987091	True	True	False	local_anchor_w0.75	Calibrated mixture	True	selected_source_cv_mse < idw_source_cv_mse AND delta_source_cv_pearson > 0.03
75p_E2_to_E1	75% epiboly	E2	E1	195	hoxc8a	False	0.19027549028396606	0.01023420225828886	0.1800412880256772	0.16050933301448822	0.1987607181072235	0.03825138509273529	True	True	False	global_anchor_w1.00	Anchor-only	True	selected_source_cv_mse < idw_source_cv_mse AND delta_source_cv_pearson > 0.03
75p_E2_to_E1	75% epiboly	E2	E1	196	hsp90aa1.2	False	0.24444986879825592	0.0405852310359478	0.20386463776230812	0.29844930768013	0.38107630610466003	0.08262699842453003	True	True	False	global_anchor_w1.00	Anchor-only	True	selected_source_cv_mse < idw_source_cv_mse AND delta_source_cv_pearson > 0.03
75p_E2_to_E1	75% epiboly	E2	E1	197	id3	False	0.7039903998374939	0.28316986560821533	0.42082053422927856	0.6699354648590088	1.356230616569519	0.6862951517105103	True	True	False	local_anchor_w0.50	Calibrated mixture	True	selected_source_cv_mse < idw_source_cv_mse AND delta_source_cv_pearson > 0.03
75p_E2_to_E1	75% epiboly	E2	E1	198	igf2bp1	False	0.583580732345581	0.16910788416862488	0.4144728481769562	0.13072852790355682	0.20367756485939026	0.07294903695583344	True	True	False	local_anchor_w0.75	Calibrated mixture	True	selected_source_cv_mse < idw_source_cv_mse AND delta_source_cv_pearson > 0.03
75p_E2_to_E1	75% epiboly	E2	E1	199	igfbp1a	False	0.30262741446495056	0.12260260432958603	0.18002481013536453	0.32687437534332275	0.3751629590988159	0.048288583755493164	True	True	False	local_anchor_w0.50	Calibrated mixture	True	selected_source_cv_mse < idw_source_cv_mse AND delta_source_cv_pearson > 0.03
75p_E2_to_E1	75% epiboly	E2	E1	200	irf2a	False	0.3096364736557007	0.07041165977716446	0.23922481387853622	0.3603653907775879	0.46543088555336	0.1050654947757721	True	True	False	global_anchor_w0.75	Calibrated mixture	True	selected_source_cv_mse < idw_source_cv_mse AND delta_source_cv_pearson > 0.03
75p_E2_to_E1	75% epiboly	E2	E1	201	irx1b	False	0.5731332898139954	0.5766271352767944	-0.0034938454627990723	0.47852009534835815	0.506563663482666	0.02804356813430786	False	False	True	global_anchor_w0.25	IDW fallback	False	selected_source_cv_mse < idw_source_cv_mse AND delta_source_cv_pearson > 0.03
75p_E2_to_E1	75% epiboly	E2	E1	202	irx3a	False	0.18619802594184875	0.04041813313961029	0.14577989280223846	0.24508874118328094	0.27782946825027466	0.03274072706699371	True	True	False	global_anchor_w1.00	Anchor-only	True	selected_source_cv_mse < idw_source_cv_mse AND delta_source_cv_pearson > 0.03
75p_E2_to_E1	75% epiboly	E2	E1	203	irx5a	False	0.31208375096321106	0.02786591276526451	0.28421783819794655	0.31613510847091675	0.49406030774116516	0.1779251992702484	True	True	False	global_anchor_w1.00	Anchor-only	True	selected_source_cv_mse < idw_source_cv_mse AND delta_source_cv_pearson > 0.03
75p_E2_to_E1	75% epiboly	E2	E1	204	irx7	False	0.8136609196662903	0.8156553506851196	-0.0019944310188293457	0.47083479166030884	0.5201475024223328	0.049312710762023926	False	False	True	local_anchor_w0.25	IDW fallback	False	selected_source_cv_mse < idw_source_cv_mse AND delta_source_cv_pearson > 0.03
75p_E2_to_E1	75% epiboly	E2	E1	205	ism1	False	0.5916067957878113	0.21346384286880493	0.37814295291900635	0.5441223978996277	0.9736432433128357	0.429520845413208	True	True	False	local_anchor_w0.50	Calibrated mixture	True	selected_source_cv_mse < idw_source_cv_mse AND delta_source_cv_pearson > 0.03
75p_E2_to_E1	75% epiboly	E2	E1	206	itga6a	False	0.08079679310321808	0.05770990252494812	0.02308689057826996	0.1889091581106186	0.20894664525985718	0.020037487149238586	False	False	True	local_anchor_w0.25	IDW fallback	False	selected_source_cv_mse < idw_source_cv_mse AND delta_source_cv_pearson > 0.03
75p_E2_to_E1	75% epiboly	E2	E1	207	itgb5	False	0.6495048999786377	0.5040760636329651	0.1454288363456726	0.47475913166999817	0.58724045753479	0.11248132586479187	True	True	False	local_anchor_w0.25	Calibrated mixture	True	selected_source_cv_mse < idw_source_cv_mse AND delta_source_cv_pearson > 0.03
75p_E2_to_E1	75% epiboly	E2	E1	208	itm2cb	False	0.4719775915145874	0.14620311558246613	0.3257744759321213	0.3029065430164337	0.43710485100746155	0.13419830799102783	True	True	False	global_anchor_w1.00	Anchor-only	True	selected_source_cv_mse < idw_source_cv_mse AND delta_source_cv_pearson > 0.03
75p_E2_to_E1	75% epiboly	E2	E1	209	jcada	False	0.6103793382644653	0.13039185106754303	0.4799874871969223	0.33608269691467285	0.6520688533782959	0.31598615646362305	True	True	False	local_anchor_w0.75	Calibrated mixture	True	selected_source_cv_mse < idw_source_cv_mse AND delta_source_cv_pearson > 0.03
75p_E2_to_E1	75% epiboly	E2	E1	210	kank1a	False	0.21053583920001984	0.07050169259309769	0.14003414660692215	0.3250077962875366	0.4087463617324829	0.08373856544494629	True	True	False	local_anchor_w0.75	Calibrated mixture	True	selected_source_cv_mse < idw_source_cv_mse AND delta_source_cv_pearson > 0.03
75p_E2_to_E1	75% epiboly	E2	E1	211	kazald2	False	0.36320760846138	0.2948164641857147	0.06839114427566528	0.34116655588150024	0.4326109290122986	0.09144437313079834	True	True	False	local_anchor_w0.50	Calibrated mixture	True	selected_source_cv_mse < idw_source_cv_mse AND delta_source_cv_pearson > 0.03
75p_E2_to_E1	75% epiboly	E2	E1	212	kdrl	False	0.2204751819372177	0.03376850485801697	0.18670667707920074	0.22476179897785187	0.26749861240386963	0.04273681342601776	True	True	False	global_anchor_w1.00	Anchor-only	True	selected_source_cv_mse < idw_source_cv_mse AND delta_source_cv_pearson > 0.03
75p_E2_to_E1	75% epiboly	E2	E1	213	kif15	False	0.2418459802865982	0.0943780466914177	0.1474679335951805	0.23231810331344604	0.28000202775001526	0.047683924436569214	True	True	False	global_anchor_w0.75	Calibrated mixture	True	selected_source_cv_mse < idw_source_cv_mse AND delta_source_cv_pearson > 0.03
75p_E2_to_E1	75% epiboly	E2	E1	214	kirrel3l	False	0.8778132796287537	0.20993752777576447	0.6678757518529892	0.37384453415870667	2.0165634155273438	1.642718881368637	True	True	False	local_anchor_w0.75	Calibrated mixture	True	selected_source_cv_mse < idw_source_cv_mse AND delta_source_cv_pearson > 0.03
75p_E2_to_E1	75% epiboly	E2	E1	215	klf17	False	0.31693682074546814	0.002753108274191618	0.3141837124712765	0.26847851276397705	0.3599511384963989	0.09147262573242188	True	True	False	global_anchor_w1.00	Anchor-only	True	selected_source_cv_mse < idw_source_cv_mse AND delta_source_cv_pearson > 0.03
75p_E2_to_E1	75% epiboly	E2	E1	216	klf2a	False	0.6355957388877869	0.3431670367717743	0.2924287021160126	0.5070240497589111	1.6017954349517822	1.094771385192871	True	True	False	local_anchor_w0.75	Calibrated mixture	True	selected_source_cv_mse < idw_source_cv_mse AND delta_source_cv_pearson > 0.03
75p_E2_to_E1	75% epiboly	E2	E1	217	klf2b	False	0.8678683042526245	0.4093872904777527	0.4584810137748718	0.4980882406234741	2.7736458778381348	2.2755576372146606	True	True	False	local_anchor_w0.50	Calibrated mixture	True	selected_source_cv_mse < idw_source_cv_mse AND delta_source_cv_pearson > 0.03
75p_E2_to_E1	75% epiboly	E2	E1	218	klf3	False	0.6859636902809143	0.48386478424072266	0.20209890604019165	0.46413925290107727	0.8877295851707458	0.4235903322696686	True	True	False	local_anchor_w0.50	Calibrated mixture	True	selected_source_cv_mse < idw_source_cv_mse AND delta_source_cv_pearson > 0.03
75p_E2_to_E1	75% epiboly	E2	E1	219	klf7a	False	0.15502119064331055	0.06318149715662003	0.09183969348669052	0.26218438148498535	0.3225100040435791	0.06032562255859375	True	True	False	local_anchor_w0.75	Calibrated mixture	True	selected_source_cv_mse < idw_source_cv_mse AND delta_source_cv_pearson > 0.03
75p_E2_to_E1	75% epiboly	E2	E1	220	klf8	False	0.2948104739189148	0.17738743126392365	0.11742304265499115	0.4343357980251312	0.5119240283966064	0.07758823037147522	True	True	False	local_anchor_w0.00	Local residual	True	selected_source_cv_mse < idw_source_cv_mse AND delta_source_cv_pearson > 0.03
75p_E2_to_E1	75% epiboly	E2	E1	221	kmt2bb	False	0.36158135533332825	0.09185398370027542	0.2697273716330528	0.2848028838634491	0.3501102030277252	0.06530731916427612	True	True	False	local_anchor_w0.75	Calibrated mixture	True	selected_source_cv_mse < idw_source_cv_mse AND delta_source_cv_pearson > 0.03
75p_E2_to_E1	75% epiboly	E2	E1	222	kmt5aa	False	0.46866199374198914	0.05798967555165291	0.4106723181903362	0.22688531875610352	0.3129321038722992	0.08604678511619568	True	True	False	local_anchor_w0.75	Calibrated mixture	True	selected_source_cv_mse < idw_source_cv_mse AND delta_source_cv_pearson > 0.03
75p_E2_to_E1	75% epiboly	E2	E1	223	krt18a.1	False	0.8302134871482849	0.16046343743801117	0.6697500497102737	1.1684895753860474	4.521072864532471	3.3525832891464233	True	True	False	local_anchor_w0.25	Calibrated mixture	True	selected_source_cv_mse < idw_source_cv_mse AND delta_source_cv_pearson > 0.03
75p_E2_to_E1	75% epiboly	E2	E1	224	krt4	False	0.9162543416023254	0.22927290201187134	0.6869814395904541	0.6579985022544861	6.532045364379883	5.874046862125397	True	True	False	local_anchor_w0.75	Calibrated mixture	True	selected_source_cv_mse < idw_source_cv_mse AND delta_source_cv_pearson > 0.03
75p_E2_to_E1	75% epiboly	E2	E1	225	krt8	False	0.8403173685073853	0.22835858166217804	0.6119587868452072	1.0161980390548706	4.157010078430176	3.140812039375305	True	True	False	local_anchor_w0.50	Calibrated mixture	True	selected_source_cv_mse < idw_source_cv_mse AND delta_source_cv_pearson > 0.03
75p_E2_to_E1	75% epiboly	E2	E1	226	krt99	False	0.884097695350647	0.20913028717041016	0.6749674081802368	0.40302231907844543	2.429025888442993	2.0260035693645477	True	True	False	local_anchor_w0.75	Calibrated mixture	True	selected_source_cv_mse < idw_source_cv_mse AND delta_source_cv_pearson > 0.03
75p_E2_to_E1	75% epiboly	E2	E1	227	lamb1a	True	1.0000005960464478	0.41976654529571533	0.5802340507507324	1.171379153674934e-06	0.9583965539932251	0.9583953826140714	True	False	True	global_anchor_w0.00	IDW fallback	False	selected_source_cv_mse < idw_source_cv_mse AND delta_source_cv_pearson > 0.03
75p_E2_to_E1	75% epiboly	E2	E1	228	lamc1	False	0.6461911201477051	0.21420681476593018	0.4319843053817749	0.26390063762664795	0.47226211428642273	0.20836147665977478	True	True	False	global_anchor_w0.50	Calibrated mixture	True	selected_source_cv_mse < idw_source_cv_mse AND delta_source_cv_pearson > 0.03
75p_E2_to_E1	75% epiboly	E2	E1	229	lamp2	False	0.7312753796577454	0.1720290184020996	0.5592463612556458	0.34122994542121887	0.8648045659065247	0.5235746204853058	True	True	False	global_anchor_w0.75	Calibrated mixture	True	selected_source_cv_mse < idw_source_cv_mse AND delta_source_cv_pearson > 0.03
75p_E2_to_E1	75% epiboly	E2	E1	230	lbx2	False	0.3437955677509308	0.07602622359991074	0.26776934415102005	0.21369369328022003	0.27178955078125	0.05809585750102997	True	True	False	global_anchor_w1.00	Anchor-only	True	selected_source_cv_mse < idw_source_cv_mse AND delta_source_cv_pearson > 0.03
75p_E2_to_E1	75% epiboly	E2	E1	231	lef1	False	0.8318321704864502	0.7526453733444214	0.07918679714202881	0.39901164174079895	0.589313268661499	0.19030162692070007	True	True	False	global_anchor_w0.00	Global residual	True	selected_source_cv_mse < idw_source_cv_mse AND delta_source_cv_pearson > 0.03
75p_E2_to_E1	75% epiboly	E2	E1	232	lft1	False	0.5707212090492249	0.31103330850601196	0.2596879005432129	0.38812392950057983	0.5957387685775757	0.20761483907699585	True	True	False	global_anchor_w0.50	Calibrated mixture	True	selected_source_cv_mse < idw_source_cv_mse AND delta_source_cv_pearson > 0.03
75p_E2_to_E1	75% epiboly	E2	E1	233	lft2	False	0.7589019536972046	0.5316261053085327	0.22727584838867188	0.5646383762359619	1.0478298664093018	0.48319149017333984	True	True	False	global_anchor_w0.50	Calibrated mixture	True	selected_source_cv_mse < idw_source_cv_mse AND delta_source_cv_pearson > 0.03
75p_E2_to_E1	75% epiboly	E2	E1	234	lgals3b	False	0.28275662660598755	0.10501859337091446	0.1777380332350731	0.3765277564525604	0.4420776665210724	0.06554991006851196	True	True	False	local_anchor_w0.75	Calibrated mixture	True	selected_source_cv_mse < idw_source_cv_mse AND delta_source_cv_pearson > 0.03
75p_E2_to_E1	75% epiboly	E2	E1	235	lhfpl6	False	0.4923173189163208	0.18464049696922302	0.3076768219470978	0.2879112660884857	0.4902880787849426	0.2023768126964569	True	True	False	local_anchor_w0.75	Calibrated mixture	True	selected_source_cv_mse < idw_source_cv_mse AND delta_source_cv_pearson > 0.03
75p_E2_to_E1	75% epiboly	E2	E1	236	lhx1a	False	0.7449657320976257	0.4177168905735016	0.32724884152412415	0.3646254539489746	0.8236108422279358	0.4589853882789612	True	True	False	local_anchor_w0.75	Calibrated mixture	True	selected_source_cv_mse < idw_source_cv_mse AND delta_source_cv_pearson > 0.03
75p_E2_to_E1	75% epiboly	E2	E1	237	lhx5	False	0.8539462089538574	0.7855979204177856	0.06834828853607178	0.4799486994743347	0.7377904057502747	0.25784170627593994	True	True	False	local_anchor_w0.50	Calibrated mixture	True	selected_source_cv_mse < idw_source_cv_mse AND delta_source_cv_pearson > 0.03
75p_E2_to_E1	75% epiboly	E2	E1	238	lima1a	False	0.772758424282074	0.7101408839225769	0.06261754035949707	0.4113743007183075	0.54627925157547	0.13490495085716248	True	True	False	local_anchor_w0.50	Calibrated mixture	True	selected_source_cv_mse < idw_source_cv_mse AND delta_source_cv_pearson > 0.03
75p_E2_to_E1	75% epiboly	E2	E1	239	lmnb1	False	0.7031492590904236	0.10100600123405457	0.602143257856369	0.18372653424739838	0.38229629397392273	0.19856975972652435	True	True	False	global_anchor_w1.00	Anchor-only	True	selected_source_cv_mse < idw_source_cv_mse AND delta_source_cv_pearson > 0.03
75p_E2_to_E1	75% epiboly	E2	E1	240	lmo2	False	0.2152848094701767	0.005929240491241217	0.20935556897893548	0.24660377204418182	0.3069576323032379	0.06035386025905609	True	True	False	local_anchor_w0.75	Calibrated mixture	True	selected_source_cv_mse < idw_source_cv_mse AND delta_source_cv_pearson > 0.03
75p_E2_to_E1	75% epiboly	E2	E1	241	lmo4a	True	1.0000004768371582	0.4406837821006775	0.5593166947364807	9.321544780505064e-07	0.8004259467124939	0.8004250145580158	True	False	True	global_anchor_w0.00	IDW fallback	False	selected_source_cv_mse < idw_source_cv_mse AND delta_source_cv_pearson > 0.03
75p_E2_to_E1	75% epiboly	E2	E1	242	lratb.1	False	0.4739800989627838	0.31173619627952576	0.16224390268325806	0.3073260486125946	0.401433527469635	0.0941074788570404	True	True	False	local_anchor_w0.75	Calibrated mixture	True	selected_source_cv_mse < idw_source_cv_mse AND delta_source_cv_pearson > 0.03
75p_E2_to_E1	75% epiboly	E2	E1	243	lratd1	False	0.3372609615325928	0.19084873795509338	0.1464122235774994	0.4079510271549225	0.474629282951355	0.0666782557964325	True	True	False	global_anchor_w0.50	Calibrated mixture	True	selected_source_cv_mse < idw_source_cv_mse AND delta_source_cv_pearson > 0.03
75p_E2_to_E1	75% epiboly	E2	E1	244	mab21l2	False	0.17826396226882935	0.050436798483133316	0.12782716378569603	0.17144151031970978	0.1929744929075241	0.02153298258781433	True	True	False	global_anchor_w1.00	Anchor-only	True	selected_source_cv_mse < idw_source_cv_mse AND delta_source_cv_pearson > 0.03
75p_E2_to_E1	75% epiboly	E2	E1	245	mad1l1	False	0.3001722991466522	0.09652189910411835	0.20365040004253387	0.33891478180885315	0.40750837326049805	0.0685935914516449	True	True	False	global_anchor_w1.00	Anchor-only	True	selected_source_cv_mse < idw_source_cv_mse AND delta_source_cv_pearson > 0.03
75p_E2_to_E1	75% epiboly	E2	E1	246	map1lc3b	False	0.28734290599823	0.19070710241794586	0.09663580358028412	0.3776370882987976	0.4436872899532318	0.0660502016544342	True	True	False	global_anchor_w0.75	Calibrated mixture	True	selected_source_cv_mse < idw_source_cv_mse AND delta_source_cv_pearson > 0.03
75p_E2_to_E1	75% epiboly	E2	E1	247	map2k6	False	0.6620314121246338	0.1589268296957016	0.5031045824289322	0.27674582600593567	0.527346670627594	0.2506008446216583	True	True	False	local_anchor_w0.75	Calibrated mixture	True	selected_source_cv_mse < idw_source_cv_mse AND delta_source_cv_pearson > 0.03
75p_E2_to_E1	75% epiboly	E2	E1	248	mcama	False	0.27872470021247864	0.053558919578790665	0.22516578063368797	0.28113192319869995	0.36671972274780273	0.08558779954910278	True	True	False	global_anchor_w0.75	Calibrated mixture	True	selected_source_cv_mse < idw_source_cv_mse AND delta_source_cv_pearson > 0.03
75p_E2_to_E1	75% epiboly	E2	E1	249	mcm2	False	0.6989973187446594	0.14679577946662903	0.5522015392780304	0.27273714542388916	0.5655375719070435	0.2928004264831543	True	True	False	local_anchor_w0.75	Calibrated mixture	True	selected_source_cv_mse < idw_source_cv_mse AND delta_source_cv_pearson > 0.03
75p_E2_to_E1	75% epiboly	E2	E1	250	mcm3	False	0.832996129989624	0.21043866872787476	0.6225574612617493	0.2038918137550354	0.6630346179008484	0.459142804145813	True	True	False	local_anchor_w0.50	Calibrated mixture	True	selected_source_cv_mse < idw_source_cv_mse AND delta_source_cv_pearson > 0.03
75p_E2_to_E1	75% epiboly	E2	E1	251	mcm4	False	0.762331485748291	0.1631801873445511	0.5991512984037399	0.20254868268966675	0.5165636539459229	0.3140149712562561	True	True	False	local_anchor_w0.75	Calibrated mixture	True	selected_source_cv_mse < idw_source_cv_mse AND delta_source_cv_pearson > 0.03
75p_E2_to_E1	75% epiboly	E2	E1	252	mcm5	False	0.7139976620674133	0.16447243094444275	0.5495252311229706	0.29856979846954346	0.6540554761886597	0.3554856777191162	True	True	False	local_anchor_w0.75	Calibrated mixture	True	selected_source_cv_mse < idw_source_cv_mse AND delta_source_cv_pearson > 0.03
75p_E2_to_E1	75% epiboly	E2	E1	253	mcm7	False	0.8079702854156494	0.1679500937461853	0.6400201916694641	0.1128343790769577	0.3257012665271759	0.2128668874502182	True	True	False	local_anchor_w0.75	Calibrated mixture	True	selected_source_cv_mse < idw_source_cv_mse AND delta_source_cv_pearson > 0.03
75p_E2_to_E1	75% epiboly	E2	E1	254	mdm2	False	0.4389536678791046	0.10710874199867249	0.33184492588043213	0.39030736684799194	0.5328271985054016	0.14251983165740967	True	True	False	local_anchor_w0.75	Calibrated mixture	True	selected_source_cv_mse < idw_source_cv_mse AND delta_source_cv_pearson > 0.03
75p_E2_to_E1	75% epiboly	E2	E1	255	mef2d	False	0.47406917810440063	0.12660861015319824	0.3474605679512024	0.3390728831291199	0.4963293671607971	0.15725648403167725	True	True	False	local_anchor_w0.75	Calibrated mixture	True	selected_source_cv_mse < idw_source_cv_mse AND delta_source_cv_pearson > 0.03
75p_E2_to_E1	75% epiboly	E2	E1	256	meis1b	False	0.7479034066200256	0.18440544605255127	0.5634979605674744	0.35405978560447693	0.9056217074394226	0.5515619218349457	True	True	False	local_anchor_w0.75	Calibrated mixture	True	selected_source_cv_mse < idw_source_cv_mse AND delta_source_cv_pearson > 0.03
75p_E2_to_E1	75% epiboly	E2	E1	257	meis2a	False	0.2318110466003418	0.08242467790842056	0.14938636869192123	0.2090553492307663	0.2417333722114563	0.03267802298069	True	True	False	global_anchor_w0.75	Calibrated mixture	True	selected_source_cv_mse < idw_source_cv_mse AND delta_source_cv_pearson > 0.03
75p_E2_to_E1	75% epiboly	E2	E1	258	meis3	False	0.313194215297699	0.12184727191925049	0.1913469433784485	0.3592813313007355	0.4722498953342438	0.1129685640335083	True	True	False	local_anchor_w0.50	Calibrated mixture	True	selected_source_cv_mse < idw_source_cv_mse AND delta_source_cv_pearson > 0.03
75p_E2_to_E1	75% epiboly	E2	E1	259	meox1	False	0.5363656878471375	0.2398947775363922	0.29647091031074524	0.382559210062027	0.5205373764038086	0.13797816634178162	True	True	False	local_anchor_w0.75	Calibrated mixture	True	selected_source_cv_mse < idw_source_cv_mse AND delta_source_cv_pearson > 0.03
75p_E2_to_E1	75% epiboly	E2	E1	260	mespaa	False	0.23812232911586761	0.1141199842095375	0.12400234490633011	0.241476908326149	0.2863449156284332	0.04486800730228424	True	True	False	local_anchor_w0.75	Calibrated mixture	True	selected_source_cv_mse < idw_source_cv_mse AND delta_source_cv_pearson > 0.03
75p_E2_to_E1	75% epiboly	E2	E1	261	mespab	False	0.6555411219596863	0.2922705113887787	0.3632706105709076	0.27469271421432495	0.4835965633392334	0.20890384912490845	True	True	False	local_anchor_w0.75	Calibrated mixture	True	selected_source_cv_mse < idw_source_cv_mse AND delta_source_cv_pearson > 0.03
75p_E2_to_E1	75% epiboly	E2	E1	262	mgst3b	False	0.4494418203830719	0.1773296445608139	0.272112175822258	0.31789806485176086	0.4274177849292755	0.10951972007751465	True	True	False	global_anchor_w0.75	Calibrated mixture	True	selected_source_cv_mse < idw_source_cv_mse AND delta_source_cv_pearson > 0.03
75p_E2_to_E1	75% epiboly	E2	E1	263	mibp2	False	0.33719608187675476	0.08983161300420761	0.24736446887254715	0.3438151478767395	0.4223746359348297	0.07855948805809021	True	True	False	local_anchor_w0.75	Calibrated mixture	True	selected_source_cv_mse < idw_source_cv_mse AND delta_source_cv_pearson > 0.03
75p_E2_to_E1	75% epiboly	E2	E1	264	mixl1	False	0.6310713291168213	0.14316020905971527	0.487911120057106	0.3713328540325165	0.624995768070221	0.25366291403770447	True	True	False	local_anchor_w0.75	Calibrated mixture	True	selected_source_cv_mse < idw_source_cv_mse AND delta_source_cv_pearson > 0.03
75p_E2_to_E1	75% epiboly	E2	E1	265	mki67	False	0.6990008354187012	0.20932725071907043	0.48967358469963074	0.12782469391822815	0.24554908275604248	0.11772438883781433	True	True	False	local_anchor_w0.50	Calibrated mixture	True	selected_source_cv_mse < idw_source_cv_mse AND delta_source_cv_pearson > 0.03
75p_E2_to_E1	75% epiboly	E2	E1	266	mns1	False	0.42128506302833557	0.0872538834810257	0.3340311795473099	0.35217002034187317	0.4859033524990082	0.133733332157135	True	True	False	local_anchor_w0.75	Calibrated mixture	True	selected_source_cv_mse < idw_source_cv_mse AND delta_source_cv_pearson > 0.03
75p_E2_to_E1	75% epiboly	E2	E1	267	msgn1	False	0.8236624598503113	0.4597642421722412	0.36389821767807007	0.500076174736023	1.2929903268814087	0.7929141521453857	True	True	False	local_anchor_w0.75	Calibrated mixture	True	selected_source_cv_mse < idw_source_cv_mse AND delta_source_cv_pearson > 0.03
75p_E2_to_E1	75% epiboly	E2	E1	268	msx1b	False	0.8212076425552368	0.5744902491569519	0.2467173933982849	0.5837410688400269	1.7296494245529175	1.1459083557128906	True	True	False	local_anchor_w0.25	Calibrated mixture	True	selected_source_cv_mse < idw_source_cv_mse AND delta_source_cv_pearson > 0.03
75p_E2_to_E1	75% epiboly	E2	E1	269	msx3	False	0.7115882039070129	0.58282870054245	0.128759503364563	0.27351605892181396	0.46248191595077515	0.18896585702896118	True	True	False	local_anchor_w0.75	Calibrated mixture	True	selected_source_cv_mse < idw_source_cv_mse AND delta_source_cv_pearson > 0.03
75p_E2_to_E1	75% epiboly	E2	E1	270	mycb	False	0.18052417039871216	0.05713621526956558	0.12338795512914658	0.13303424417972565	0.15648426115512848	0.023450016975402832	True	True	False	global_anchor_w1.00	Anchor-only	True	selected_source_cv_mse < idw_source_cv_mse AND delta_source_cv_pearson > 0.03
75p_E2_to_E1	75% epiboly	E2	E1	271	mych	False	0.6631925702095032	0.3052884042263031	0.3579041659832001	0.24485532939434052	0.38078367710113525	0.13592834770679474	True	True	False	global_anchor_w0.25	Calibrated mixture	True	selected_source_cv_mse < idw_source_cv_mse AND delta_source_cv_pearson > 0.03
75p_E2_to_E1	75% epiboly	E2	E1	272	mycla	False	0.6600138545036316	0.20265133678913116	0.4573625177145004	0.30638039112091064	0.5674611926078796	0.261080801486969	True	True	False	local_anchor_w0.75	Calibrated mixture	True	selected_source_cv_mse < idw_source_cv_mse AND delta_source_cv_pearson > 0.03
75p_E2_to_E1	75% epiboly	E2	E1	273	myclb	False	0.6569373607635498	0.4225822985172272	0.23435506224632263	0.4651365280151367	0.7984469532966614	0.33331042528152466	True	True	False	local_anchor_w0.25	Calibrated mixture	True	selected_source_cv_mse < idw_source_cv_mse AND delta_source_cv_pearson > 0.03
75p_E2_to_E1	75% epiboly	E2	E1	274	mycn	False	0.7495203018188477	0.4197200536727905	0.32980024814605713	0.528741180896759	1.018638253211975	0.48989707231521606	True	True	False	global_anchor_w0.75	Calibrated mixture	True	selected_source_cv_mse < idw_source_cv_mse AND delta_source_cv_pearson > 0.03
75p_E2_to_E1	75% epiboly	E2	E1	275	myf5	False	0.2191065400838852	0.1521734744310379	0.06693306565284729	0.18579667806625366	0.20471340417861938	0.018916726112365723	True	True	False	local_anchor_w0.50	Calibrated mixture	True	selected_source_cv_mse < idw_source_cv_mse AND delta_source_cv_pearson > 0.03
75p_E2_to_E1	75% epiboly	E2	E1	276	myod1	False	0.19741077721118927	0.030583465471863747	0.16682731173932552	0.2240988314151764	0.2750501036643982	0.0509512722492218	True	True	False	local_anchor_w0.75	Calibrated mixture	True	selected_source_cv_mse < idw_source_cv_mse AND delta_source_cv_pearson > 0.03
75p_E2_to_E1	75% epiboly	E2	E1	277	nanog	False	0.38637039065361023	0.20993563532829285	0.17643475532531738	0.38277319073677063	0.47077280282974243	0.0879996120929718	True	True	False	local_anchor_w0.75	Calibrated mixture	True	selected_source_cv_mse < idw_source_cv_mse AND delta_source_cv_pearson > 0.03
75p_E2_to_E1	75% epiboly	E2	E1	278	nanos3	False	0.7508485317230225	0.0910722091794014	0.6597763225436211	0.42728444933891296	1.2781792879104614	0.8508948385715485	True	True	False	global_anchor_w1.00	Anchor-only	True	selected_source_cv_mse < idw_source_cv_mse AND delta_source_cv_pearson > 0.03
75p_E2_to_E1	75% epiboly	E2	E1	279	nap1l1	False	0.498921662569046	0.10997377336025238	0.38894788920879364	0.2687031924724579	0.3818140923976898	0.11311089992523193	True	True	False	local_anchor_w0.75	Calibrated mixture	True	selected_source_cv_mse < idw_source_cv_mse AND delta_source_cv_pearson > 0.03
75p_E2_to_E1	75% epiboly	E2	E1	280	nasp	False	0.7296441197395325	0.32997551560401917	0.3996686041355133	0.2840433120727539	0.5789403319358826	0.29489701986312866	True	True	False	global_anchor_w0.50	Calibrated mixture	True	selected_source_cv_mse < idw_source_cv_mse AND delta_source_cv_pearson > 0.03
75p_E2_to_E1	75% epiboly	E2	E1	281	ncapd2	False	0.5821052193641663	0.1461741328239441	0.43593108654022217	0.16275674104690552	0.26106831431388855	0.09831157326698303	True	True	False	global_anchor_w0.75	Calibrated mixture	True	selected_source_cv_mse < idw_source_cv_mse AND delta_source_cv_pearson > 0.03
75p_E2_to_E1	75% epiboly	E2	E1	282	nckap5l	False	0.36101239919662476	0.20713798701763153	0.15387441217899323	0.27537283301353455	0.326221227645874	0.05084839463233948	True	True	False	local_anchor_w0.50	Calibrated mixture	True	selected_source_cv_mse < idw_source_cv_mse AND delta_source_cv_pearson > 0.03
75p_E2_to_E1	75% epiboly	E2	E1	283	ndr1	False	0.1818256378173828	0.036647163331508636	0.14517847448587418	0.20868758857250214	0.2465982586145401	0.037910670042037964	True	True	False	global_anchor_w1.00	Anchor-only	True	selected_source_cv_mse < idw_source_cv_mse AND delta_source_cv_pearson > 0.03
75p_E2_to_E1	75% epiboly	E2	E1	284	ndr2	False	0.7085614800453186	0.3881814181804657	0.3203800618648529	0.4733296036720276	1.0256403684616089	0.5523107647895813	True	True	False	local_anchor_w0.75	Calibrated mixture	True	selected_source_cv_mse < idw_source_cv_mse AND delta_source_cv_pearson > 0.03
75p_E2_to_E1	75% epiboly	E2	E1	285	ndufv3	False	0.2673432230949402	0.0976494550704956	0.16969376802444458	0.2993224561214447	0.36924901604652405	0.06992655992507935	True	True	False	local_anchor_w0.75	Calibrated mixture	True	selected_source_cv_mse < idw_source_cv_mse AND delta_source_cv_pearson > 0.03
75p_E2_to_E1	75% epiboly	E2	E1	286	nid2a	False	0.7649368047714233	0.37660107016563416	0.3883357346057892	0.44140878319740295	0.9638975858688354	0.5224888026714325	True	True	False	global_anchor_w0.00	Global residual	True	selected_source_cv_mse < idw_source_cv_mse AND delta_source_cv_pearson > 0.03
75p_E2_to_E1	75% epiboly	E2	E1	287	nip7	False	0.36793282628059387	0.13209262490272522	0.23584020137786865	0.3180810809135437	0.4009309709072113	0.0828498899936676	True	True	False	global_anchor_w1.00	Anchor-only	True	selected_source_cv_mse < idw_source_cv_mse AND delta_source_cv_pearson > 0.03
75p_E2_to_E1	75% epiboly	E2	E1	288	nkx1.2la	False	0.14588433504104614	0.03902065381407738	0.10686368122696877	0.3336021900177002	0.4068824052810669	0.0732802152633667	True	True	False	local_anchor_w0.75	Calibrated mixture	True	selected_source_cv_mse < idw_source_cv_mse AND delta_source_cv_pearson > 0.03
75p_E2_to_E1	75% epiboly	E2	E1	289	nkx2.2a	False	0.24634835124015808	0.06590357422828674	0.18044477701187134	0.224151149392128	0.2675609886646271	0.043409839272499084	True	True	False	global_anchor_w1.00	Anchor-only	True	selected_source_cv_mse < idw_source_cv_mse AND delta_source_cv_pearson > 0.03
75p_E2_to_E1	75% epiboly	E2	E1	290	nkx2.5	False	0.36319541931152344	0.04261772707104683	0.3205776922404766	0.3174757957458496	0.4041995108127594	0.08672371506690979	True	True	False	local_anchor_w0.75	Calibrated mixture	True	selected_source_cv_mse < idw_source_cv_mse AND delta_source_cv_pearson > 0.03
75p_E2_to_E1	75% epiboly	E2	E1	291	nog1	False	0.688675045967102	0.36190372705459595	0.3267713189125061	0.5278099775314331	1.1506069898605347	0.6227970123291016	True	True	False	global_anchor_w0.75	Calibrated mixture	True	selected_source_cv_mse < idw_source_cv_mse AND delta_source_cv_pearson > 0.03
75p_E2_to_E1	75% epiboly	E2	E1	292	nop58	False	0.8240838646888733	0.2748352587223053	0.549248605966568	0.15837803483009338	0.4629403352737427	0.3045623004436493	True	True	False	local_anchor_w0.50	Calibrated mixture	True	selected_source_cv_mse < idw_source_cv_mse AND delta_source_cv_pearson > 0.03
75p_E2_to_E1	75% epiboly	E2	E1	293	notch1a	False	0.7994109392166138	0.21107105910778046	0.5883398801088333	0.2356490045785904	0.67488694190979	0.43923793733119965	True	True	False	local_anchor_w0.50	Calibrated mixture	True	selected_source_cv_mse < idw_source_cv_mse AND delta_source_cv_pearson > 0.03
75p_E2_to_E1	75% epiboly	E2	E1	294	noto	False	0.5147682428359985	0.47726014256477356	0.037508100271224976	0.5970339179039001	0.7871339917182922	0.1901000738143921	True	True	False	local_anchor_w0.25	Calibrated mixture	True	selected_source_cv_mse < idw_source_cv_mse AND delta_source_cv_pearson > 0.03
75p_E2_to_E1	75% epiboly	E2	E1	295	nr2f2	False	0.3063141703605652	0.0650741457939148	0.2412400245666504	0.2938845753669739	0.36600828170776367	0.0721237063407898	True	True	False	local_anchor_w0.75	Calibrated mixture	True	selected_source_cv_mse < idw_source_cv_mse AND delta_source_cv_pearson > 0.03
75p_E2_to_E1	75% epiboly	E2	E1	296	nr6a1a	False	0.31495264172554016	0.07535994052886963	0.23959270119667053	0.24898871779441833	0.3050681948661804	0.056079477071762085	True	True	False	local_anchor_w0.75	Calibrated mixture	True	selected_source_cv_mse < idw_source_cv_mse AND delta_source_cv_pearson > 0.03
75p_E2_to_E1	75% epiboly	E2	E1	297	nrarpa	False	0.7890220284461975	0.6134052872657776	0.17561674118041992	0.391450971364975	0.6408390402793884	0.24938806891441345	True	True	False	global_anchor_w0.00	Global residual	True	selected_source_cv_mse < idw_source_cv_mse AND delta_source_cv_pearson > 0.03
75p_E2_to_E1	75% epiboly	E2	E1	298	nsd2	False	0.832893967628479	0.521254301071167	0.311639666557312	0.28598400950431824	0.7383764386177063	0.45239242911338806	True	True	False	local_anchor_w0.25	Calibrated mixture	True	selected_source_cv_mse < idw_source_cv_mse AND delta_source_cv_pearson > 0.03
75p_E2_to_E1	75% epiboly	E2	E1	299	ntd5	False	0.24534493684768677	0.12845060229301453	0.11689433455467224	0.3504471778869629	0.6618307828903198	0.31138360500335693	True	True	False	local_anchor_w0.75	Calibrated mixture	True	selected_source_cv_mse < idw_source_cv_mse AND delta_source_cv_pearson > 0.03
75p_E2_to_E1	75% epiboly	E2	E1	300	oclna	False	0.7293489575386047	0.1640709936618805	0.5652779638767242	0.3540245294570923	0.9089778065681458	0.5549532771110535	True	True	False	local_anchor_w0.75	Calibrated mixture	True	selected_source_cv_mse < idw_source_cv_mse AND delta_source_cv_pearson > 0.03
75p_E2_to_E1	75% epiboly	E2	E1	301	olig4	False	0.42072269320487976	0.20969051122665405	0.2110321819782257	0.20074008405208588	0.26144614815711975	0.060706064105033875	True	True	False	local_anchor_w0.75	Calibrated mixture	True	selected_source_cv_mse < idw_source_cv_mse AND delta_source_cv_pearson > 0.03
75p_E2_to_E1	75% epiboly	E2	E1	302	osr1	False	0.640377402305603	0.20597048103809357	0.43440692126750946	0.30072474479675293	0.5015802383422852	0.20085549354553223	True	True	False	global_anchor_w0.75	Calibrated mixture	True	selected_source_cv_mse < idw_source_cv_mse AND delta_source_cv_pearson > 0.03
75p_E2_to_E1	75% epiboly	E2	E1	303	otx1	False	0.9260656833648682	0.9260656833648682	0.0	0.2678545415401459	0.2678545415401459	0.0	False	False	True	registered_idw	IDW fallback	False	selected_source_cv_mse < idw_source_cv_mse AND delta_source_cv_pearson > 0.03
75p_E2_to_E1	75% epiboly	E2	E1	304	otx2a	False	0.6407787203788757	0.546269953250885	0.09450876712799072	0.311365008354187	0.40339338779449463	0.09202837944030762	True	True	False	local_anchor_w0.50	Calibrated mixture	True	selected_source_cv_mse < idw_source_cv_mse AND delta_source_cv_pearson > 0.03
75p_E2_to_E1	75% epiboly	E2	E1	305	otx2b	True	0.9999867081642151	0.7582873702049255	0.24169933795928955	4.114495766316395e-07	0.6140134334564209	0.6140130220068443	True	False	True	global_anchor_w0.00	IDW fallback	False	selected_source_cv_mse < idw_source_cv_mse AND delta_source_cv_pearson > 0.03
75p_E2_to_E1	75% epiboly	E2	E1	306	pax2a	False	0.33708876371383667	0.06074824184179306	0.2763405218720436	0.2080778330564499	0.27093419432640076	0.06285636126995087	True	True	False	global_anchor_w1.00	Anchor-only	True	selected_source_cv_mse < idw_source_cv_mse AND delta_source_cv_pearson > 0.03
75p_E2_to_E1	75% epiboly	E2	E1	307	pax3a	False	0.20994915068149567	0.1531595140695572	0.05678963661193848	0.3156364858150482	0.3511650264263153	0.03552854061126709	True	True	False	local_anchor_w0.75	Calibrated mixture	True	selected_source_cv_mse < idw_source_cv_mse AND delta_source_cv_pearson > 0.03
75p_E2_to_E1	75% epiboly	E2	E1	308	pax6a	False	0.3415878415107727	0.03900329768657684	0.30258454382419586	0.24681246280670166	0.3196291923522949	0.07281672954559326	True	True	False	local_anchor_w0.75	Calibrated mixture	True	selected_source_cv_mse < idw_source_cv_mse AND delta_source_cv_pearson > 0.03
75p_E2_to_E1	75% epiboly	E2	E1	309	pax6b	False	0.42513877153396606	0.3278414309024811	0.09729734063148499	0.28387537598609924	0.3927020728588104	0.10882669687271118	True	True	False	global_anchor_w0.75	Calibrated mixture	True	selected_source_cv_mse < idw_source_cv_mse AND delta_source_cv_pearson > 0.03
75p_E2_to_E1	75% epiboly	E2	E1	310	pbx1b	False	0.21175920963287354	0.059408221393823624	0.1523509882390499	0.18046680092811584	0.20593670010566711	0.02546989917755127	True	True	False	global_anchor_w1.00	Anchor-only	True	selected_source_cv_mse < idw_source_cv_mse AND delta_source_cv_pearson > 0.03
75p_E2_to_E1	75% epiboly	E2	E1	311	pbx4	False	0.6238409876823425	0.3597462475299835	0.264094740152359	0.0654454380273819	0.10270380228757858	0.037258364260196686	True	True	False	local_anchor_w0.50	Calibrated mixture	True	selected_source_cv_mse < idw_source_cv_mse AND delta_source_cv_pearson > 0.03
75p_E2_to_E1	75% epiboly	E2	E1	312	pcdh10b	True	0.9999909400939941	0.17049919068813324	0.8294917494058609	2.2574524791707518e-06	1.7083168029785156	1.7083145455260365	True	False	True	global_anchor_w0.00	IDW fallback	False	selected_source_cv_mse < idw_source_cv_mse AND delta_source_cv_pearson > 0.03
75p_E2_to_E1	75% epiboly	E2	E1	313	pcdh7b	False	0.28653857111930847	0.024106912314891815	0.26243165880441666	0.18741190433502197	0.24356457591056824	0.056152671575546265	True	True	False	global_anchor_w1.00	Anchor-only	True	selected_source_cv_mse < idw_source_cv_mse AND delta_source_cv_pearson > 0.03
75p_E2_to_E1	75% epiboly	E2	E1	314	PCDH8	False	0.178603857755661	0.05380268394947052	0.12480117380619049	0.10929141193628311	0.12909910082817078	0.019807688891887665	True	True	False	global_anchor_w1.00	Anchor-only	True	selected_source_cv_mse < idw_source_cv_mse AND delta_source_cv_pearson > 0.03
75p_E2_to_E1	75% epiboly	E2	E1	315	pcdh8	False	0.654750406742096	0.19900968670845032	0.45574072003364563	0.34915852546691895	0.6377179026603699	0.2885593771934509	True	True	False	local_anchor_w0.50	Calibrated mixture	True	selected_source_cv_mse < idw_source_cv_mse AND delta_source_cv_pearson > 0.03
75p_E2_to_E1	75% epiboly	E2	E1	316	pdap1a	False	0.4591178297996521	0.05445191636681557	0.40466591343283653	0.3024735152721405	0.42135491967201233	0.11888140439987183	True	True	False	global_anchor_w1.00	Anchor-only	True	selected_source_cv_mse < idw_source_cv_mse AND delta_source_cv_pearson > 0.03
75p_E2_to_E1	75% epiboly	E2	E1	317	perp	False	0.8373928666114807	0.13482895493507385	0.7025639116764069	0.4607989192008972	2.0084824562072754	1.5476835370063782	True	True	False	global_anchor_w0.75	Calibrated mixture	True	selected_source_cv_mse < idw_source_cv_mse AND delta_source_cv_pearson > 0.03
75p_E2_to_E1	75% epiboly	E2	E1	318	pfn2	False	0.3855055570602417	0.2531246542930603	0.1323809027671814	0.32831311225891113	0.3826352059841156	0.05432209372520447	True	True	False	local_anchor_w0.50	Calibrated mixture	True	selected_source_cv_mse < idw_source_cv_mse AND delta_source_cv_pearson > 0.03
75p_E2_to_E1	75% epiboly	E2	E1	319	pitx2	False	0.34831342101097107	0.18862813711166382	0.15968528389930725	0.35079869627952576	0.4111453592777252	0.06034666299819946	True	True	False	local_anchor_w0.75	Calibrated mixture	True	selected_source_cv_mse < idw_source_cv_mse AND delta_source_cv_pearson > 0.03
75p_E2_to_E1	75% epiboly	E2	E1	320	pknox1.1	False	0.6707977056503296	0.48699426651000977	0.18380343914031982	0.37952515482902527	0.5605028867721558	0.1809777319431305	True	True	False	local_anchor_w0.50	Calibrated mixture	True	selected_source_cv_mse < idw_source_cv_mse AND delta_source_cv_pearson > 0.03
75p_E2_to_E1	75% epiboly	E2	E1	321	plagl2	False	0.34650394320487976	0.06868580728769302	0.27781813591718674	0.3059525191783905	0.37471118569374084	0.06875866651535034	True	True	False	local_anchor_w0.75	Calibrated mixture	True	selected_source_cv_mse < idw_source_cv_mse AND delta_source_cv_pearson > 0.03
75p_E2_to_E1	75% epiboly	E2	E1	322	plekhg5b	False	0.6541547179222107	0.34460118412971497	0.3095535337924957	0.36969760060310364	0.6120105385780334	0.2423129379749298	True	True	False	local_anchor_w0.75	Calibrated mixture	True	selected_source_cv_mse < idw_source_cv_mse AND delta_source_cv_pearson > 0.03
75p_E2_to_E1	75% epiboly	E2	E1	323	pmp22b	False	0.32925331592559814	0.041638024151325226	0.2876152917742729	0.1991267055273056	0.27087733149528503	0.07175062596797943	True	True	False	global_anchor_w1.00	Anchor-only	True	selected_source_cv_mse < idw_source_cv_mse AND delta_source_cv_pearson > 0.03
75p_E2_to_E1	75% epiboly	E2	E1	324	pold3	False	0.3047175705432892	0.04938194155693054	0.25533562898635864	0.3324187695980072	0.4213188886642456	0.0889001190662384	True	True	False	global_anchor_w1.00	Anchor-only	True	selected_source_cv_mse < idw_source_cv_mse AND delta_source_cv_pearson > 0.03
75p_E2_to_E1	75% epiboly	E2	E1	325	ppan	False	0.4411642849445343	0.16949790716171265	0.27166637778282166	0.3399167060852051	0.4271233081817627	0.08720660209655762	True	True	False	global_anchor_w1.00	Anchor-only	True	selected_source_cv_mse < idw_source_cv_mse AND delta_source_cv_pearson > 0.03
75p_E2_to_E1	75% epiboly	E2	E1	326	ppp1r7	False	0.34869179129600525	0.06428872793912888	0.2844030633568764	0.35233354568481445	0.44269007444381714	0.09035652875900269	True	True	False	global_anchor_w1.00	Anchor-only	True	selected_source_cv_mse < idw_source_cv_mse AND delta_source_cv_pearson > 0.03
75p_E2_to_E1	75% epiboly	E2	E1	327	prdm1a	False	0.6982802748680115	0.14023587107658386	0.5580444037914276	0.8008247017860413	1.876941442489624	1.0761167407035828	True	True	False	global_anchor_w1.00	Anchor-only	True	selected_source_cv_mse < idw_source_cv_mse AND delta_source_cv_pearson > 0.03
75p_E2_to_E1	75% epiboly	E2	E1	328	prickle1b	False	0.574516236782074	0.23086175322532654	0.34365448355674744	0.8510215282440186	1.3182616233825684	0.4672400951385498	True	True	False	local_anchor_w0.50	Calibrated mixture	True	selected_source_cv_mse < idw_source_cv_mse AND delta_source_cv_pearson > 0.03
75p_E2_to_E1	75% epiboly	E2	E1	329	prmt1	False	0.7750992178916931	0.17651917040348053	0.5985800474882126	0.16383600234985352	0.42410579323768616	0.26026979088783264	True	True	False	local_anchor_w0.75	Calibrated mixture	True	selected_source_cv_mse < idw_source_cv_mse AND delta_source_cv_pearson > 0.03
75p_E2_to_E1	75% epiboly	E2	E1	330	prox1a	False	0.5169324278831482	0.05160161107778549	0.4653308168053627	0.33259066939353943	0.748307466506958	0.4157167971134186	True	True	False	global_anchor_w1.00	Anchor-only	True	selected_source_cv_mse < idw_source_cv_mse AND delta_source_cv_pearson > 0.03
75p_E2_to_E1	75% epiboly	E2	E1	331	ptp4a2b	False	0.5631395578384399	0.1020565927028656	0.46108296513557434	0.27922070026397705	0.4377501904964447	0.15852949023246765	True	True	False	local_anchor_w0.75	Calibrated mixture	True	selected_source_cv_mse < idw_source_cv_mse AND delta_source_cv_pearson > 0.03
75p_E2_to_E1	75% epiboly	E2	E1	332	pttg1	False	0.3724943697452545	0.08298871666193008	0.28950565308332443	0.324897438287735	0.41827118396759033	0.09337374567985535	True	True	False	global_anchor_w0.75	Calibrated mixture	True	selected_source_cv_mse < idw_source_cv_mse AND delta_source_cv_pearson > 0.03
75p_E2_to_E1	75% epiboly	E2	E1	333	rab11fip4a	False	0.4662069082260132	0.2541375458240509	0.21206936240196228	0.41768088936805725	0.5386046767234802	0.12092378735542297	True	True	False	local_anchor_w0.75	Calibrated mixture	True	selected_source_cv_mse < idw_source_cv_mse AND delta_source_cv_pearson > 0.03
75p_E2_to_E1	75% epiboly	E2	E1	334	rac1a	False	0.3282100260257721	0.2138395458459854	0.11437048017978668	0.203661248087883	0.23262573778629303	0.028964489698410034	True	True	False	local_anchor_w0.50	Calibrated mixture	True	selected_source_cv_mse < idw_source_cv_mse AND delta_source_cv_pearson > 0.03
75p_E2_to_E1	75% epiboly	E2	E1	335	raraa	False	0.5738780498504639	0.39731714129447937	0.1765609085559845	0.3664616346359253	0.5049017667770386	0.13844013214111328	True	True	False	local_anchor_w0.50	Calibrated mixture	True	selected_source_cv_mse < idw_source_cv_mse AND delta_source_cv_pearson > 0.03
75p_E2_to_E1	75% epiboly	E2	E1	336	rasgef1ba	False	0.5649055242538452	0.2573479115962982	0.307557612657547	0.501194417476654	0.8052977919578552	0.30410337448120117	True	True	False	local_anchor_w0.75	Calibrated mixture	True	selected_source_cv_mse < idw_source_cv_mse AND delta_source_cv_pearson > 0.03
75p_E2_to_E1	75% epiboly	E2	E1	337	rasl11b	False	0.5720855593681335	0.11762207746505737	0.45446348190307617	0.4959530830383301	0.9456957578659058	0.4497426748275757	True	True	False	local_anchor_w0.25	Calibrated mixture	True	selected_source_cv_mse < idw_source_cv_mse AND delta_source_cv_pearson > 0.03
75p_E2_to_E1	75% epiboly	E2	E1	338	rbbp4	False	0.755998969078064	0.16322851181030273	0.5927704572677612	0.2168380618095398	0.5127715468406677	0.29593348503112793	True	True	False	local_anchor_w0.75	Calibrated mixture	True	selected_source_cv_mse < idw_source_cv_mse AND delta_source_cv_pearson > 0.03
75p_E2_to_E1	75% epiboly	E2	E1	339	rbm4.3	False	0.6760510802268982	0.5752150416374207	0.10083603858947754	0.345955491065979	0.430301308631897	0.08434581756591797	True	True	False	local_anchor_w0.50	Calibrated mixture	True	selected_source_cv_mse < idw_source_cv_mse AND delta_source_cv_pearson > 0.03
75p_E2_to_E1	75% epiboly	E2	E1	340	rbm7	False	0.3389512002468109	0.08229269832372665	0.25665850192308426	0.31109780073165894	0.3923235833644867	0.08122578263282776	True	True	False	local_anchor_w0.75	Calibrated mixture	True	selected_source_cv_mse < idw_source_cv_mse AND delta_source_cv_pearson > 0.03
75p_E2_to_E1	75% epiboly	E2	E1	341	rbmx	False	0.5105761885643005	0.13571517169475555	0.374861016869545	0.2067166566848755	0.287905216217041	0.08118855953216553	True	True	False	global_anchor_w1.00	Anchor-only	True	selected_source_cv_mse < idw_source_cv_mse AND delta_source_cv_pearson > 0.03
75p_E2_to_E1	75% epiboly	E2	E1	342	rcc1	False	0.7415301203727722	0.12140379846096039	0.6201263219118118	0.21931728720664978	0.5332444310188293	0.31392714381217957	True	True	False	local_anchor_w0.75	Calibrated mixture	True	selected_source_cv_mse < idw_source_cv_mse AND delta_source_cv_pearson > 0.03
75p_E2_to_E1	75% epiboly	E2	E1	343	rdh10b	False	0.3890482485294342	0.04751226305961609	0.3415359854698181	0.3989899754524231	0.5359508395195007	0.13696086406707764	True	True	False	global_anchor_w1.00	Anchor-only	True	selected_source_cv_mse < idw_source_cv_mse AND delta_source_cv_pearson > 0.03
75p_E2_to_E1	75% epiboly	E2	E1	344	rfx2	False	0.49790140986442566	0.16062836349010468	0.337273046374321	0.37395232915878296	0.5069653391838074	0.13301301002502441	True	True	False	local_anchor_w0.25	Calibrated mixture	True	selected_source_cv_mse < idw_source_cv_mse AND delta_source_cv_pearson > 0.03
75p_E2_to_E1	75% epiboly	E2	E1	345	rhov	False	0.5185208916664124	0.47011086344718933	0.04841002821922302	0.41265058517456055	0.43649882078170776	0.023848235607147217	True	True	False	local_anchor_w0.25	Calibrated mixture	True	selected_source_cv_mse < idw_source_cv_mse AND delta_source_cv_pearson > 0.03
75p_E2_to_E1	75% epiboly	E2	E1	346	ripply1	False	0.3351789116859436	0.11108098924160004	0.22409792244434357	0.33359453082084656	0.443210244178772	0.10961571335792542	True	True	False	global_anchor_w0.75	Calibrated mixture	True	selected_source_cv_mse < idw_source_cv_mse AND delta_source_cv_pearson > 0.03
75p_E2_to_E1	75% epiboly	E2	E1	347	rnd1b	False	0.5171849727630615	0.25702694058418274	0.2601580321788788	0.48233354091644287	0.778153657913208	0.29582011699676514	True	True	False	global_anchor_w0.75	Calibrated mixture	True	selected_source_cv_mse < idw_source_cv_mse AND delta_source_cv_pearson > 0.03
75p_E2_to_E1	75% epiboly	E2	E1	348	rpl10	False	0.40663719177246094	0.1886100023984909	0.21802718937397003	0.4535832405090332	0.5537047982215881	0.10012155771255493	True	True	False	local_anchor_w0.50	Calibrated mixture	True	selected_source_cv_mse < idw_source_cv_mse AND delta_source_cv_pearson > 0.03
75p_E2_to_E1	75% epiboly	E2	E1	349	rpl19	False	0.2600542902946472	0.12679633498191833	0.13325795531272888	0.28989166021347046	0.3222440183162689	0.03235235810279846	True	True	False	global_anchor_w0.75	Calibrated mixture	True	selected_source_cv_mse < idw_source_cv_mse AND delta_source_cv_pearson > 0.03
75p_E2_to_E1	75% epiboly	E2	E1	350	rpl31	False	0.2748764753341675	0.10176584124565125	0.17311063408851624	0.256827175617218	0.2919960618019104	0.03516888618469238	True	True	False	global_anchor_w0.75	Calibrated mixture	True	selected_source_cv_mse < idw_source_cv_mse AND delta_source_cv_pearson > 0.03
75p_E2_to_E1	75% epiboly	E2	E1	351	rpl34	False	0.27954110503196716	0.12456433475017548	0.1549767702817917	0.30952876806259155	0.3592607378959656	0.04973196983337402	True	True	False	local_anchor_w0.75	Calibrated mixture	True	selected_source_cv_mse < idw_source_cv_mse AND delta_source_cv_pearson > 0.03
75p_E2_to_E1	75% epiboly	E2	E1	352	rpl38	False	0.3619837760925293	0.05590689554810524	0.30607688054442406	0.2990822494029999	0.3957376778125763	0.09665542840957642	True	True	False	global_anchor_w1.00	Anchor-only	True	selected_source_cv_mse < idw_source_cv_mse AND delta_source_cv_pearson > 0.03
75p_E2_to_E1	75% epiboly	E2	E1	353	rpl4	False	0.3685959279537201	0.2727673053741455	0.09582862257957458	0.2061792016029358	0.23024716973304749	0.024067968130111694	True	True	False	local_anchor_w0.50	Calibrated mixture	True	selected_source_cv_mse < idw_source_cv_mse AND delta_source_cv_pearson > 0.03
75p_E2_to_E1	75% epiboly	E2	E1	354	rpl5a	False	0.30484873056411743	0.08928260952234268	0.21556612104177475	0.17446304857730865	0.2040882706642151	0.029625222086906433	True	True	False	global_anchor_w0.75	Calibrated mixture	True	selected_source_cv_mse < idw_source_cv_mse AND delta_source_cv_pearson > 0.03
75p_E2_to_E1	75% epiboly	E2	E1	355	rpl6	False	0.29495301842689514	0.21420219540596008	0.08075082302093506	0.19404473900794983	0.20398356020450592	0.009938821196556091	True	True	False	global_anchor_w0.25	Calibrated mixture	True	selected_source_cv_mse < idw_source_cv_mse AND delta_source_cv_pearson > 0.03
75p_E2_to_E1	75% epiboly	E2	E1	356	rplp0	False	0.710830569267273	0.3818000853061676	0.32903048396110535	0.10027330368757248	0.17955408990383148	0.079280786216259	True	True	False	local_anchor_w0.50	Calibrated mixture	True	selected_source_cv_mse < idw_source_cv_mse AND delta_source_cv_pearson > 0.03
75p_E2_to_E1	75% epiboly	E2	E1	357	rplp2l	False	0.6035271883010864	0.2507515549659729	0.3527756333351135	0.29532164335250854	0.4732268750667572	0.17790523171424866	True	True	False	local_anchor_w0.75	Calibrated mixture	True	selected_source_cv_mse < idw_source_cv_mse AND delta_source_cv_pearson > 0.03
75p_E2_to_E1	75% epiboly	E2	E1	358	rps3	False	0.33895063400268555	0.133367121219635	0.20558351278305054	0.13777847588062286	0.1587865948677063	0.021008118987083435	True	True	False	local_anchor_w0.50	Calibrated mixture	True	selected_source_cv_mse < idw_source_cv_mse AND delta_source_cv_pearson > 0.03
75p_E2_to_E1	75% epiboly	E2	E1	359	rps6	False	0.7692323923110962	0.39372187852859497	0.3755105137825012	0.05774705484509468	0.12178147584199905	0.06403442099690437	True	True	False	global_anchor_w0.25	Calibrated mixture	True	selected_source_cv_mse < idw_source_cv_mse AND delta_source_cv_pearson > 0.03
75p_E2_to_E1	75% epiboly	E2	E1	360	rrbp1b	True	1.0000029802322388	0.26790347695350647	0.7320995032787323	1.500401481280278e-06	2.068641424179077	2.068639923777596	True	False	True	global_anchor_w0.50	IDW fallback	False	selected_source_cv_mse < idw_source_cv_mse AND delta_source_cv_pearson > 0.03
75p_E2_to_E1	75% epiboly	E2	E1	361	rreb1a	False	0.6983407735824585	0.50417160987854	0.19416916370391846	0.4697973430156708	0.7717873454093933	0.30199000239372253	True	True	False	global_anchor_w0.75	Calibrated mixture	True	selected_source_cv_mse < idw_source_cv_mse AND delta_source_cv_pearson > 0.03
75p_E2_to_E1	75% epiboly	E2	E1	362	rreb1b	False	0.5349146127700806	0.16031721234321594	0.3745974004268646	0.5350196957588196	0.7652286291122437	0.23020893335342407	True	True	False	global_anchor_w1.00	Anchor-only	True	selected_source_cv_mse < idw_source_cv_mse AND delta_source_cv_pearson > 0.03
75p_E2_to_E1	75% epiboly	E2	E1	363	rrm2	False	0.5853055715560913	0.24532058835029602	0.3399849832057953	0.13234330713748932	0.1906675398349762	0.05832423269748688	True	True	False	global_anchor_w0.50	Calibrated mixture	True	selected_source_cv_mse < idw_source_cv_mse AND delta_source_cv_pearson > 0.03
75p_E2_to_E1	75% epiboly	E2	E1	364	rrp8	False	0.3051830530166626	0.10157157480716705	0.20361147820949554	0.2042742222547531	0.2414701282978058	0.03719590604305267	True	True	False	local_anchor_w0.75	Calibrated mixture	True	selected_source_cv_mse < idw_source_cv_mse AND delta_source_cv_pearson > 0.03
75p_E2_to_E1	75% epiboly	E2	E1	365	rx3	False	0.2200002670288086	0.13110430538654327	0.08889596164226532	0.3511872887611389	0.4297938644886017	0.07860657572746277	True	True	False	global_anchor_w0.75	Calibrated mixture	True	selected_source_cv_mse < idw_source_cv_mse AND delta_source_cv_pearson > 0.03
75p_E2_to_E1	75% epiboly	E2	E1	366	rxraa	False	0.23161259293556213	0.06687218695878983	0.1647404059767723	0.21679805219173431	0.28114479780197144	0.06434674561023712	True	True	False	global_anchor_w1.00	Anchor-only	True	selected_source_cv_mse < idw_source_cv_mse AND delta_source_cv_pearson > 0.03
75p_E2_to_E1	75% epiboly	E2	E1	367	rxrgb	False	0.37591052055358887	0.08885972946882248	0.2870507910847664	0.30637797713279724	0.4042445719242096	0.09786659479141235	True	True	False	local_anchor_w0.75	Calibrated mixture	True	selected_source_cv_mse < idw_source_cv_mse AND delta_source_cv_pearson > 0.03
75p_E2_to_E1	75% epiboly	E2	E1	368	sall1a	False	0.31880781054496765	0.06756599992513657	0.2512418106198311	0.2372075319290161	0.34607943892478943	0.10887190699577332	True	True	False	local_anchor_w0.75	Calibrated mixture	True	selected_source_cv_mse < idw_source_cv_mse AND delta_source_cv_pearson > 0.03
75p_E2_to_E1	75% epiboly	E2	E1	369	sall3a	False	0.1864592432975769	0.06436382234096527	0.12209542095661163	0.37703290581703186	0.49718353152275085	0.120150625705719	True	True	False	local_anchor_w0.75	Calibrated mixture	True	selected_source_cv_mse < idw_source_cv_mse AND delta_source_cv_pearson > 0.03
75p_E2_to_E1	75% epiboly	E2	E1	370	sall3b	False	0.5514511466026306	0.21943673491477966	0.33201441168785095	0.3494526147842407	0.4908348023891449	0.14138218760490417	True	True	False	local_anchor_w0.00	Local residual	True	selected_source_cv_mse < idw_source_cv_mse AND delta_source_cv_pearson > 0.03
75p_E2_to_E1	75% epiboly	E2	E1	371	sdc4	False	0.3842564821243286	0.12706325948238373	0.2571932226419449	0.38812538981437683	0.49855494499206543	0.1104295551776886	True	True	False	global_anchor_w0.50	Calibrated mixture	True	selected_source_cv_mse < idw_source_cv_mse AND delta_source_cv_pearson > 0.03
75p_E2_to_E1	75% epiboly	E2	E1	372	sebox	False	0.2169562131166458	0.06880033016204834	0.14815588295459747	0.1236400231719017	0.14809423685073853	0.024454213678836823	True	True	False	global_anchor_w0.75	Calibrated mixture	True	selected_source_cv_mse < idw_source_cv_mse AND delta_source_cv_pearson > 0.03
75p_E2_to_E1	75% epiboly	E2	E1	373	sept9a	False	0.6064334511756897	0.2078414410352707	0.398592010140419	0.41400593519210815	0.7024673819541931	0.28846144676208496	True	True	False	local_anchor_w0.75	Calibrated mixture	True	selected_source_cv_mse < idw_source_cv_mse AND delta_source_cv_pearson > 0.03
75p_E2_to_E1	75% epiboly	E2	E1	374	shha	False	0.3366256654262543	0.27808886766433716	0.058536797761917114	0.38678011298179626	0.5208835601806641	0.1341034471988678	True	True	False	local_anchor_w0.50	Calibrated mixture	True	selected_source_cv_mse < idw_source_cv_mse AND delta_source_cv_pearson > 0.03
75p_E2_to_E1	75% epiboly	E2	E1	375	si:ch211-106e7.2	False	0.751679539680481	0.637061357498169	0.11461818218231201	0.32057228684425354	0.46638160943984985	0.1458093225955963	True	True	False	global_anchor_w0.50	Calibrated mixture	True	selected_source_cv_mse < idw_source_cv_mse AND delta_source_cv_pearson > 0.03
75p_E2_to_E1	75% epiboly	E2	E1	376	si:ch211-113a14.12	False	0.5969467163085938	0.15412397682666779	0.44282273948192596	0.3385605812072754	0.5436326861381531	0.20507210493087769	True	True	False	local_anchor_w0.75	Calibrated mixture	True	selected_source_cv_mse < idw_source_cv_mse AND delta_source_cv_pearson > 0.03
75p_E2_to_E1	75% epiboly	E2	E1	377	si:ch211-113a14.18	False	0.42194584012031555	0.29994872212409973	0.12199711799621582	0.3249862492084503	0.37981316447257996	0.05482691526412964	True	True	False	global_anchor_w0.50	Calibrated mixture	True	selected_source_cv_mse < idw_source_cv_mse AND delta_source_cv_pearson > 0.03
75p_E2_to_E1	75% epiboly	E2	E1	378	si:ch211-114n24.6	False	0.41782429814338684	0.2052777111530304	0.21254658699035645	0.2712084650993347	0.35425540804862976	0.08304694294929504	True	True	False	local_anchor_w0.75	Calibrated mixture	True	selected_source_cv_mse < idw_source_cv_mse AND delta_source_cv_pearson > 0.03
75p_E2_to_E1	75% epiboly	E2	E1	379	si:ch211-155e24.3	False	0.6304226517677307	0.2549399733543396	0.3754826784133911	0.2847723364830017	0.4807828366756439	0.1960105001926422	True	True	False	local_anchor_w0.75	Calibrated mixture	True	selected_source_cv_mse < idw_source_cv_mse AND delta_source_cv_pearson > 0.03
75p_E2_to_E1	75% epiboly	E2	E1	380	si:ch211-161h7.4	False	0.5561862587928772	0.17757540941238403	0.37861084938049316	0.26142799854278564	0.38176968693733215	0.12034168839454651	True	True	False	global_anchor_w0.75	Calibrated mixture	True	selected_source_cv_mse < idw_source_cv_mse AND delta_source_cv_pearson > 0.03
75p_E2_to_E1	75% epiboly	E2	E1	381	si:ch211-163l21.7	False	0.16157545149326324	0.03637420013546944	0.1252012513577938	0.0730455219745636	0.09033200144767761	0.017286479473114014	True	True	False	global_anchor_w1.00	Anchor-only	True	selected_source_cv_mse < idw_source_cv_mse AND delta_source_cv_pearson > 0.03
75p_E2_to_E1	75% epiboly	E2	E1	382	si:dkey-108k21.14	True	1.0000019073486328	0.18471777439117432	0.8152841329574585	6.802851544307487e-07	0.7707149386405945	0.77071425835544	True	False	True	global_anchor_w1.00	IDW fallback	False	selected_source_cv_mse < idw_source_cv_mse AND delta_source_cv_pearson > 0.03
75p_E2_to_E1	75% epiboly	E2	E1	383	si:dkey-108k21.21	False	0.16110560297966003	0.012219131924211979	0.14888647105544806	0.13560038805007935	0.1509731560945511	0.01537276804447174	True	True	False	global_anchor_w1.00	Anchor-only	True	selected_source_cv_mse < idw_source_cv_mse AND delta_source_cv_pearson > 0.03
75p_E2_to_E1	75% epiboly	E2	E1	384	si:dkey-261h17.1	False	0.6528000831604004	0.36134442687034607	0.2914556562900543	0.4060262441635132	0.6362953186035156	0.23026907444000244	True	True	False	local_anchor_w0.50	Calibrated mixture	True	selected_source_cv_mse < idw_source_cv_mse AND delta_source_cv_pearson > 0.03
75p_E2_to_E1	75% epiboly	E2	E1	385	si:dkey-261m9.12	False	0.7147096991539001	0.21156229078769684	0.5031474083662033	0.29495158791542053	0.6232231259346008	0.3282715380191803	True	True	False	global_anchor_w0.50	Calibrated mixture	True	selected_source_cv_mse < idw_source_cv_mse AND delta_source_cv_pearson > 0.03
75p_E2_to_E1	75% epiboly	E2	E1	386	si:dkey-66i24.9	False	0.4364047646522522	0.07711435109376907	0.3592904135584831	0.28550073504447937	0.3802635967731476	0.09476286172866821	True	True	False	global_anchor_w1.00	Anchor-only	True	selected_source_cv_mse < idw_source_cv_mse AND delta_source_cv_pearson > 0.03
75p_E2_to_E1	75% epiboly	E2	E1	387	si:dkey-68o6.5	False	0.22500212490558624	0.1009659469127655	0.12403617799282074	0.2869519591331482	0.3343431353569031	0.04739117622375488	True	True	False	global_anchor_w0.75	Calibrated mixture	True	selected_source_cv_mse < idw_source_cv_mse AND delta_source_cv_pearson > 0.03
75p_E2_to_E1	75% epiboly	E2	E1	388	si:dkey-92i17.2	False	0.2718963325023651	0.049900468438863754	0.22199586406350136	0.3641498386859894	0.4626789689064026	0.09852913022041321	True	True	False	global_anchor_w0.75	Calibrated mixture	True	selected_source_cv_mse < idw_source_cv_mse AND delta_source_cv_pearson > 0.03
75p_E2_to_E1	75% epiboly	E2	E1	389	six3b	False	0.42024728655815125	0.3705408573150635	0.04970642924308777	0.2587355673313141	0.2865700423717499	0.02783447504043579	True	True	False	global_anchor_w0.75	Calibrated mixture	True	selected_source_cv_mse < idw_source_cv_mse AND delta_source_cv_pearson > 0.03
75p_E2_to_E1	75% epiboly	E2	E1	390	six4a	True	1.0000019073486328	0.37342432141304016	0.6265775859355927	1.2574057564052055e-06	0.9390633702278137	0.9390621128220573	True	False	True	global_anchor_w0.00	IDW fallback	False	selected_source_cv_mse < idw_source_cv_mse AND delta_source_cv_pearson > 0.03
75p_E2_to_E1	75% epiboly	E2	E1	391	six4b	False	0.6923393607139587	0.44618651270866394	0.2461528480052948	0.6402116417884827	1.0596576929092407	0.41944605112075806	True	True	False	local_anchor_w0.50	Calibrated mixture	True	selected_source_cv_mse < idw_source_cv_mse AND delta_source_cv_pearson > 0.03
75p_E2_to_E1	75% epiboly	E2	E1	392	six7	False	0.635629415512085	0.5674039721488953	0.0682254433631897	0.5650280714035034	0.6484233140945435	0.08339524269104004	True	True	False	local_anchor_w0.25	Calibrated mixture	True	selected_source_cv_mse < idw_source_cv_mse AND delta_source_cv_pearson > 0.03
75p_E2_to_E1	75% epiboly	E2	E1	393	skia	False	0.6317870020866394	0.5376623272895813	0.0941246747970581	0.41773006319999695	0.5511730909347534	0.13344302773475647	True	True	False	global_anchor_w0.75	Calibrated mixture	True	selected_source_cv_mse < idw_source_cv_mse AND delta_source_cv_pearson > 0.03
75p_E2_to_E1	75% epiboly	E2	E1	394	skila	False	0.25974559783935547	0.08834068477153778	0.1714049130678177	0.37510985136032104	0.44765883684158325	0.07254898548126221	True	True	False	local_anchor_w0.75	Calibrated mixture	True	selected_source_cv_mse < idw_source_cv_mse AND delta_source_cv_pearson > 0.03
75p_E2_to_E1	75% epiboly	E2	E1	395	skilb	False	0.5528243184089661	0.4201994836330414	0.13262483477592468	0.4016372263431549	0.46768033504486084	0.06604310870170593	True	True	False	local_anchor_w0.50	Calibrated mixture	True	selected_source_cv_mse < idw_source_cv_mse AND delta_source_cv_pearson > 0.03
75p_E2_to_E1	75% epiboly	E2	E1	396	smtnl	False	0.7691982984542847	0.250602126121521	0.5185961723327637	0.4543209969997406	1.3017606735229492	0.8474396765232086	True	True	False	global_anchor_w0.75	Calibrated mixture	True	selected_source_cv_mse < idw_source_cv_mse AND delta_source_cv_pearson > 0.03
75p_E2_to_E1	75% epiboly	E2	E1	397	snai1a	False	0.841602623462677	0.45962241291999817	0.38198021054267883	0.5104395151138306	1.580544352531433	1.0701048374176025	True	True	False	local_anchor_w0.75	Calibrated mixture	True	selected_source_cv_mse < idw_source_cv_mse AND delta_source_cv_pearson > 0.03
75p_E2_to_E1	75% epiboly	E2	E1	398	snai2	False	0.5214890241622925	0.41386082768440247	0.10762819647789001	0.3563518822193146	0.4913952648639679	0.13504338264465332	True	True	False	global_anchor_w0.50	Calibrated mixture	True	selected_source_cv_mse < idw_source_cv_mse AND delta_source_cv_pearson > 0.03
75p_E2_to_E1	75% epiboly	E2	E1	399	snrpc	False	0.2724843919277191	0.026840690523386	0.24564370140433311	0.334473192691803	0.4259200096130371	0.09144681692123413	True	True	False	global_anchor_w1.00	Anchor-only	True	selected_source_cv_mse < idw_source_cv_mse AND delta_source_cv_pearson > 0.03
75p_E2_to_E1	75% epiboly	E2	E1	400	snrpd3	False	0.23264415562152863	0.02989753521978855	0.20274662040174007	0.2370808869600296	0.30432796478271484	0.06724707782268524	True	True	False	global_anchor_w1.00	Anchor-only	True	selected_source_cv_mse < idw_source_cv_mse AND delta_source_cv_pearson > 0.03
75p_E2_to_E1	75% epiboly	E2	E1	401	snrpg	False	0.21752023696899414	0.05314814671874046	0.16437209025025368	0.2912040054798126	0.33848777413368225	0.04728376865386963	True	True	False	global_anchor_w0.75	Calibrated mixture	True	selected_source_cv_mse < idw_source_cv_mse AND delta_source_cv_pearson > 0.03
75p_E2_to_E1	75% epiboly	E2	E1	402	sox10	False	0.23746345937252045	0.10180506855249405	0.1356583908200264	0.18218842148780823	0.21327659487724304	0.031088173389434814	True	True	False	local_anchor_w0.75	Calibrated mixture	True	selected_source_cv_mse < idw_source_cv_mse AND delta_source_cv_pearson > 0.03
75p_E2_to_E1	75% epiboly	E2	E1	403	sox11a	False	0.8301382064819336	0.4782237112522125	0.35191449522972107	0.4277776777744293	1.1843349933624268	0.7565573155879974	True	True	False	local_anchor_w0.50	Calibrated mixture	True	selected_source_cv_mse < idw_source_cv_mse AND delta_source_cv_pearson > 0.03
75p_E2_to_E1	75% epiboly	E2	E1	404	sox11b	False	0.8262178897857666	0.20638898015022278	0.6198289096355438	0.28761687874794006	0.9512446522712708	0.6636277735233307	True	True	False	local_anchor_w0.75	Calibrated mixture	True	selected_source_cv_mse < idw_source_cv_mse AND delta_source_cv_pearson > 0.03
75p_E2_to_E1	75% epiboly	E2	E1	405	sox13	False	0.2911924719810486	0.0870816633105278	0.20411080867052078	0.3974865674972534	0.5445417165756226	0.14705514907836914	True	True	False	global_anchor_w0.75	Calibrated mixture	True	selected_source_cv_mse < idw_source_cv_mse AND delta_source_cv_pearson > 0.03
75p_E2_to_E1	75% epiboly	E2	E1	406	sox17	False	0.6953659057617188	0.17171545326709747	0.5236504524946213	0.39754366874694824	1.2156709432601929	0.8181272745132446	True	True	False	global_anchor_w0.75	Calibrated mixture	True	selected_source_cv_mse < idw_source_cv_mse AND delta_source_cv_pearson > 0.03
75p_E2_to_E1	75% epiboly	E2	E1	407	sox19a	False	0.9129548668861389	0.44428062438964844	0.4686742424964905	0.44229283928871155	2.674942970275879	2.2326501309871674	True	True	False	local_anchor_w0.75	Calibrated mixture	True	selected_source_cv_mse < idw_source_cv_mse AND delta_source_cv_pearson > 0.03
75p_E2_to_E1	75% epiboly	E2	E1	408	sox2	False	0.7987788319587708	0.4022245705127716	0.39655426144599915	0.4061985909938812	1.0741384029388428	0.6679398119449615	True	True	False	local_anchor_w0.75	Calibrated mixture	True	selected_source_cv_mse < idw_source_cv_mse AND delta_source_cv_pearson > 0.03
75p_E2_to_E1	75% epiboly	E2	E1	409	sox3	False	0.7040187120437622	0.29669567942619324	0.40732303261756897	0.48843565583229065	0.9462436437606812	0.4578079879283905	True	True	False	local_anchor_w0.25	Calibrated mixture	True	selected_source_cv_mse < idw_source_cv_mse AND delta_source_cv_pearson > 0.03
75p_E2_to_E1	75% epiboly	E2	E1	410	sox32	True	0.9999944567680359	0.24073581397533417	0.7592586427927017	2.9123493732186034e-06	3.7454278469085693	3.745424934559196	True	False	True	global_anchor_w0.75	IDW fallback	False	selected_source_cv_mse < idw_source_cv_mse AND delta_source_cv_pearson > 0.03
75p_E2_to_E1	75% epiboly	E2	E1	411	sox5	False	0.5748531818389893	0.3393248915672302	0.23552829027175903	0.3923666179180145	0.5737935900688171	0.1814269721508026	True	True	False	local_anchor_w0.75	Calibrated mixture	True	selected_source_cv_mse < idw_source_cv_mse AND delta_source_cv_pearson > 0.03
75p_E2_to_E1	75% epiboly	E2	E1	412	sp5a	False	0.28976330161094666	-0.005855081602931023	0.2956183832138777	0.17430749535560608	0.24649646878242493	0.07218897342681885	True	True	False	global_anchor_w1.00	Anchor-only	True	selected_source_cv_mse < idw_source_cv_mse AND delta_source_cv_pearson > 0.03
75p_E2_to_E1	75% epiboly	E2	E1	413	sp5l	False	0.8455229997634888	0.517301619052887	0.3282213807106018	0.3429519832134247	0.9086641669273376	0.565712183713913	True	True	False	local_anchor_w0.00	Local residual	True	selected_source_cv_mse < idw_source_cv_mse AND delta_source_cv_pearson > 0.03
75p_E2_to_E1	75% epiboly	E2	E1	414	sp8b	False	0.5370066165924072	0.30629685521125793	0.2307097613811493	0.46929892897605896	0.5851882696151733	0.11588934063911438	True	True	False	local_anchor_w0.25	Calibrated mixture	True	selected_source_cv_mse < idw_source_cv_mse AND delta_source_cv_pearson > 0.03
75p_E2_to_E1	75% epiboly	E2	E1	415	spon1b	False	0.21541805565357208	0.05532580986618996	0.16009224578738213	0.12118412554264069	0.15213041007518768	0.030946284532546997	True	True	False	global_anchor_w1.00	Anchor-only	True	selected_source_cv_mse < idw_source_cv_mse AND delta_source_cv_pearson > 0.03
75p_E2_to_E1	75% epiboly	E2	E1	416	srp19	False	0.37855786085128784	0.07828514277935028	0.30027271807193756	0.293390154838562	0.3786633014678955	0.0852731466293335	True	True	False	local_anchor_w0.75	Calibrated mixture	True	selected_source_cv_mse < idw_source_cv_mse AND delta_source_cv_pearson > 0.03
75p_E2_to_E1	75% epiboly	E2	E1	417	srrm4	False	0.18222060799598694	-0.005595599766820669	0.1878162077628076	0.2621127963066101	0.3116786777973175	0.0495658814907074	True	True	False	global_anchor_w1.00	Anchor-only	True	selected_source_cv_mse < idw_source_cv_mse AND delta_source_cv_pearson > 0.03
75p_E2_to_E1	75% epiboly	E2	E1	418	stmn1a	False	0.5275633931159973	0.13910827040672302	0.3884551227092743	0.3009234368801117	0.4472005069255829	0.1462770700454712	True	True	False	local_anchor_w0.75	Calibrated mixture	True	selected_source_cv_mse < idw_source_cv_mse AND delta_source_cv_pearson > 0.03
75p_E2_to_E1	75% epiboly	E2	E1	419	stox1	False	0.5139889121055603	0.23463569581508636	0.27935321629047394	0.3350120484828949	0.4876169264316559	0.152604877948761	True	True	False	local_anchor_w0.50	Calibrated mixture	True	selected_source_cv_mse < idw_source_cv_mse AND delta_source_cv_pearson > 0.03
75p_E2_to_E1	75% epiboly	E2	E1	420	supt16h	False	0.7929930090904236	0.16421744227409363	0.62877556681633	0.09175629913806915	0.25557953119277954	0.1638232320547104	True	True	False	local_anchor_w0.50	Calibrated mixture	True	selected_source_cv_mse < idw_source_cv_mse AND delta_source_cv_pearson > 0.03
75p_E2_to_E1	75% epiboly	E2	E1	421	syne2b	False	0.6289153099060059	0.5647640824317932	0.06415122747421265	0.4598906636238098	0.5578201413154602	0.09792947769165039	True	True	False	global_anchor_w0.50	Calibrated mixture	True	selected_source_cv_mse < idw_source_cv_mse AND delta_source_cv_pearson > 0.03
75p_E2_to_E1	75% epiboly	E2	E1	422	szl	False	0.7966805100440979	0.7620972990989685	0.034583210945129395	0.47469037771224976	0.5604918599128723	0.08580148220062256	True	True	False	global_anchor_w0.00	Global residual	True	selected_source_cv_mse < idw_source_cv_mse AND delta_source_cv_pearson > 0.03
75p_E2_to_E1	75% epiboly	E2	E1	423	tagln2	False	0.7748375535011292	0.12755228579044342	0.6472852677106857	0.4799373149871826	1.5785322189331055	1.0985949039459229	True	True	False	global_anchor_w1.00	Anchor-only	True	selected_source_cv_mse < idw_source_cv_mse AND delta_source_cv_pearson > 0.03
75p_E2_to_E1	75% epiboly	E2	E1	424	tbr1b	False	0.2835609018802643	0.1256588101387024	0.1579020917415619	0.16220729053020477	0.1873210072517395	0.02511371672153473	True	True	False	global_anchor_w0.75	Calibrated mixture	True	selected_source_cv_mse < idw_source_cv_mse AND delta_source_cv_pearson > 0.03
75p_E2_to_E1	75% epiboly	E2	E1	425	tbx1	False	0.769015908241272	0.41650909185409546	0.3525068163871765	0.3702259957790375	0.840228796005249	0.47000280022621155	True	True	False	local_anchor_w0.50	Calibrated mixture	True	selected_source_cv_mse < idw_source_cv_mse AND delta_source_cv_pearson > 0.03
75p_E2_to_E1	75% epiboly	E2	E1	426	tbx16	False	0.904517412185669	0.5500150918960571	0.3545023202896118	0.5034177899360657	1.9933165311813354	1.4898987412452698	True	True	False	local_anchor_w0.50	Calibrated mixture	True	selected_source_cv_mse < idw_source_cv_mse AND delta_source_cv_pearson > 0.03
75p_E2_to_E1	75% epiboly	E2	E1	427	tbx16l	False	0.8801397681236267	0.6635350584983826	0.21660470962524414	0.7413458824157715	1.7679853439331055	1.026639461517334	True	True	False	local_anchor_w0.50	Calibrated mixture	True	selected_source_cv_mse < idw_source_cv_mse AND delta_source_cv_pearson > 0.03
75p_E2_to_E1	75% epiboly	E2	E1	428	tbx3b	False	0.4379304349422455	0.13975615799427032	0.29817427694797516	0.3420930504798889	0.47292768955230713	0.1308346390724182	True	True	False	local_anchor_w0.75	Calibrated mixture	True	selected_source_cv_mse < idw_source_cv_mse AND delta_source_cv_pearson > 0.03
75p_E2_to_E1	75% epiboly	E2	E1	429	tbx6	False	0.3119029998779297	0.08208423852920532	0.22981876134872437	0.3070695996284485	0.4452379047870636	0.1381683051586151	True	True	False	local_anchor_w0.75	Calibrated mixture	True	selected_source_cv_mse < idw_source_cv_mse AND delta_source_cv_pearson > 0.03
75p_E2_to_E1	75% epiboly	E2	E1	430	tbxta	False	0.870053231716156	0.6207154393196106	0.2493377923965454	0.7013148665428162	1.7725069522857666	1.0711920857429504	True	True	False	local_anchor_w0.00	Local residual	True	selected_source_cv_mse < idw_source_cv_mse AND delta_source_cv_pearson > 0.03
75p_E2_to_E1	75% epiboly	E2	E1	431	tbxtb	False	0.6362639665603638	0.350593239068985	0.2856707274913788	0.4922524094581604	0.7570313215255737	0.26477891206741333	True	True	False	local_anchor_w0.00	Local residual	True	selected_source_cv_mse < idw_source_cv_mse AND delta_source_cv_pearson > 0.03
75p_E2_to_E1	75% epiboly	E2	E1	432	tcf3b	False	0.6457927227020264	0.23364636301994324	0.41214635968208313	0.21891535818576813	0.3917958736419678	0.17288051545619965	True	True	False	local_anchor_w0.50	Calibrated mixture	True	selected_source_cv_mse < idw_source_cv_mse AND delta_source_cv_pearson > 0.03
75p_E2_to_E1	75% epiboly	E2	E1	433	tcf7	False	0.7198599576950073	0.5157926082611084	0.20406734943389893	0.3647116422653198	0.5540314316749573	0.18931978940963745	True	True	False	local_anchor_w0.50	Calibrated mixture	True	selected_source_cv_mse < idw_source_cv_mse AND delta_source_cv_pearson > 0.03
75p_E2_to_E1	75% epiboly	E2	E1	434	tcf7l1a	False	0.8720588684082031	0.8376481533050537	0.034410715103149414	0.3421506881713867	0.5575885772705078	0.2154378890991211	True	True	False	local_anchor_w0.25	Calibrated mixture	True	selected_source_cv_mse < idw_source_cv_mse AND delta_source_cv_pearson > 0.03
75p_E2_to_E1	75% epiboly	E2	E1	435	tcf7l1b	False	0.8030183911323547	0.6777052283287048	0.1253131628036499	0.39123982191085815	0.6665350794792175	0.2752952575683594	True	True	False	local_anchor_w0.50	Calibrated mixture	True	selected_source_cv_mse < idw_source_cv_mse AND delta_source_cv_pearson > 0.03
75p_E2_to_E1	75% epiboly	E2	E1	436	tcf7l2	False	0.2913714349269867	0.04712308570742607	0.24424834921956062	0.3595013916492462	0.46696367859840393	0.10746228694915771	True	True	False	global_anchor_w0.75	Calibrated mixture	True	selected_source_cv_mse < idw_source_cv_mse AND delta_source_cv_pearson > 0.03
75p_E2_to_E1	75% epiboly	E2	E1	437	tdgf1	False	0.7360548973083496	0.5587275624275208	0.17732733488082886	0.5027436017990112	0.7107893228530884	0.20804572105407715	True	True	False	global_anchor_w0.50	Calibrated mixture	True	selected_source_cv_mse < idw_source_cv_mse AND delta_source_cv_pearson > 0.03
75p_E2_to_E1	75% epiboly	E2	E1	438	tead1a	False	0.3385075628757477	0.17700891196727753	0.16149865090847015	0.38420918583869934	0.5367790460586548	0.15256986021995544	True	True	False	local_anchor_w0.75	Calibrated mixture	True	selected_source_cv_mse < idw_source_cv_mse AND delta_source_cv_pearson > 0.03
75p_E2_to_E1	75% epiboly	E2	E1	439	tead1b	False	0.3101631999015808	0.14663630723953247	0.16352689266204834	0.30872878432273865	0.36785751581192017	0.05912873148918152	True	True	False	global_anchor_w0.75	Calibrated mixture	True	selected_source_cv_mse < idw_source_cv_mse AND delta_source_cv_pearson > 0.03
75p_E2_to_E1	75% epiboly	E2	E1	440	tfap2a	True	0.9999961853027344	0.3530716598033905	0.6469245254993439	2.1249925339361653e-06	2.4114720821380615	2.4114699571455276	True	False	True	global_anchor_w0.00	IDW fallback	False	selected_source_cv_mse < idw_source_cv_mse AND delta_source_cv_pearson > 0.03
75p_E2_to_E1	75% epiboly	E2	E1	441	tfap2c	False	0.807330846786499	0.6646901965141296	0.14264065027236938	0.6727644205093384	1.819488286972046	1.1467238664627075	True	True	False	local_anchor_w0.25	Calibrated mixture	True	selected_source_cv_mse < idw_source_cv_mse AND delta_source_cv_pearson > 0.03
75p_E2_to_E1	75% epiboly	E2	E1	442	tgif1	False	0.8167030811309814	0.1748746782541275	0.6418284028768539	0.23744648694992065	0.76422518491745	0.5267786979675293	True	True	False	local_anchor_w0.75	Calibrated mixture	True	selected_source_cv_mse < idw_source_cv_mse AND delta_source_cv_pearson > 0.03
75p_E2_to_E1	75% epiboly	E2	E1	443	tlcd5a	False	0.7037222981452942	0.18555891513824463	0.5181633830070496	0.308939129114151	0.612919270992279	0.30398014187812805	True	True	False	local_anchor_w0.75	Calibrated mixture	True	selected_source_cv_mse < idw_source_cv_mse AND delta_source_cv_pearson > 0.03
75p_E2_to_E1	75% epiboly	E2	E1	444	tmed10	False	0.2788151204586029	0.09858353435993195	0.18023158609867096	0.3571390211582184	0.4404292106628418	0.08329018950462341	True	True	False	local_anchor_w0.75	Calibrated mixture	True	selected_source_cv_mse < idw_source_cv_mse AND delta_source_cv_pearson > 0.03
75p_E2_to_E1	75% epiboly	E2	E1	445	tmed2	False	0.24234338104724884	-0.008634539321064949	0.2509779203683138	0.2828229069709778	0.35456568002700806	0.07174277305603027	True	True	False	global_anchor_w1.00	Anchor-only	True	selected_source_cv_mse < idw_source_cv_mse AND delta_source_cv_pearson > 0.03
75p_E2_to_E1	75% epiboly	E2	E1	446	tp63	False	0.35396817326545715	0.2255195826292038	0.12844859063625336	0.550294816493988	1.1955509185791016	0.6452561020851135	True	True	False	local_anchor_w0.50	Calibrated mixture	True	selected_source_cv_mse < idw_source_cv_mse AND delta_source_cv_pearson > 0.03
75p_E2_to_E1	75% epiboly	E2	E1	447	tph1b	False	0.3475617468357086	0.20025822520256042	0.1473035216331482	0.2523815631866455	0.357639878988266	0.10525831580162048	True	True	False	local_anchor_w0.50	Calibrated mixture	True	selected_source_cv_mse < idw_source_cv_mse AND delta_source_cv_pearson > 0.03
75p_E2_to_E1	75% epiboly	E2	E1	448	tpx2	False	0.17433638870716095	0.02813425287604332	0.14620213583111763	0.2744702398777008	0.333249568939209	0.05877932906150818	True	True	False	global_anchor_w1.00	Anchor-only	True	selected_source_cv_mse < idw_source_cv_mse AND delta_source_cv_pearson > 0.03
75p_E2_to_E1	75% epiboly	E2	E1	449	tram1	False	0.6750877499580383	0.24885311722755432	0.426234632730484	0.30460962653160095	0.5695052742958069	0.26489564776420593	True	True	False	local_anchor_w0.75	Calibrated mixture	True	selected_source_cv_mse < idw_source_cv_mse AND delta_source_cv_pearson > 0.03
75p_E2_to_E1	75% epiboly	E2	E1	450	trps1	False	0.41127440333366394	0.006170699372887611	0.40510370396077633	0.2949361503124237	0.38967734575271606	0.09474119544029236	True	True	False	global_anchor_w1.00	Anchor-only	True	selected_source_cv_mse < idw_source_cv_mse AND delta_source_cv_pearson > 0.03
75p_E2_to_E1	75% epiboly	E2	E1	451	tshz3b	False	0.6356191039085388	0.1721978485584259	0.4634212553501129	0.2913109362125397	0.5414798855781555	0.25016894936561584	True	True	False	global_anchor_w0.75	Calibrated mixture	True	selected_source_cv_mse < idw_source_cv_mse AND delta_source_cv_pearson > 0.03
75p_E2_to_E1	75% epiboly	E2	E1	452	tuba1a	False	0.6750221848487854	0.2329510897397995	0.4420710951089859	0.5145907402038574	1.1144031286239624	0.599812388420105	True	True	False	global_anchor_w0.75	Calibrated mixture	True	selected_source_cv_mse < idw_source_cv_mse AND delta_source_cv_pearson > 0.03
75p_E2_to_E1	75% epiboly	E2	E1	453	tuba8l	False	0.4020739495754242	0.12751907110214233	0.27455487847328186	0.24622349441051483	0.31416794657707214	0.06794445216655731	True	True	False	local_anchor_w0.50	Calibrated mixture	True	selected_source_cv_mse < idw_source_cv_mse AND delta_source_cv_pearson > 0.03
75p_E2_to_E1	75% epiboly	E2	E1	454	tuba8l2	False	0.7732915282249451	0.3109765648841858	0.4623149633407593	0.4791394770145416	1.2753857374191284	0.7962462604045868	True	True	False	local_anchor_w0.75	Calibrated mixture	True	selected_source_cv_mse < idw_source_cv_mse AND delta_source_cv_pearson > 0.03
75p_E2_to_E1	75% epiboly	E2	E1	455	tuba8l4	False	0.852580726146698	0.26053565740585327	0.5920450687408447	0.1881825476884842	0.6406925916671753	0.4525100439786911	True	True	False	local_anchor_w0.00	Local residual	True	selected_source_cv_mse < idw_source_cv_mse AND delta_source_cv_pearson > 0.03
75p_E2_to_E1	75% epiboly	E2	E1	456	tubb2b	False	0.43560144305229187	0.1145341545343399	0.32106728851795197	0.21635374426841736	0.25748634338378906	0.041132599115371704	True	True	False	global_anchor_w0.50	Calibrated mixture	True	selected_source_cv_mse < idw_source_cv_mse AND delta_source_cv_pearson > 0.03
75p_E2_to_E1	75% epiboly	E2	E1	457	twist1a	False	0.19307468831539154	0.0807095319032669	0.11236515641212463	0.16401293873786926	0.1972026824951172	0.033189743757247925	True	True	False	global_anchor_w1.00	Anchor-only	True	selected_source_cv_mse < idw_source_cv_mse AND delta_source_cv_pearson > 0.03
75p_E2_to_E1	75% epiboly	E2	E1	458	twist2	False	0.4508817791938782	0.267132967710495	0.18374881148338318	0.33984610438346863	0.8886063098907471	0.5487602055072784	True	True	False	local_anchor_w0.75	Calibrated mixture	True	selected_source_cv_mse < idw_source_cv_mse AND delta_source_cv_pearson > 0.03
75p_E2_to_E1	75% epiboly	E2	E1	459	ube2c	False	0.22081711888313293	0.043038446456193924	0.177778672426939	0.2976110577583313	0.34993764758110046	0.052326589822769165	True	True	False	global_anchor_w1.00	Anchor-only	True	selected_source_cv_mse < idw_source_cv_mse AND delta_source_cv_pearson > 0.03
75p_E2_to_E1	75% epiboly	E2	E1	460	uhrf1	False	0.8124071359634399	0.1655505746603012	0.6468565613031387	0.18624572455883026	0.5655425786972046	0.37929685413837433	True	True	False	local_anchor_w0.50	Calibrated mixture	True	selected_source_cv_mse < idw_source_cv_mse AND delta_source_cv_pearson > 0.03
75p_E2_to_E1	75% epiboly	E2	E1	461	unc5b	False	0.7177495956420898	0.36770138144493103	0.3500482141971588	0.4430965483188629	1.005791187286377	0.562694638967514	True	True	False	local_anchor_w0.75	Calibrated mixture	True	selected_source_cv_mse < idw_source_cv_mse AND delta_source_cv_pearson > 0.03
75p_E2_to_E1	75% epiboly	E2	E1	462	uncx4.1	False	0.380370557308197	0.33950260281562805	0.04086795449256897	0.39978671073913574	0.577134370803833	0.17734766006469727	True	True	False	local_anchor_w0.50	Calibrated mixture	True	selected_source_cv_mse < idw_source_cv_mse AND delta_source_cv_pearson > 0.03
75p_E2_to_E1	75% epiboly	E2	E1	463	unga	False	0.42142990231513977	0.13333848118782043	0.28809142112731934	0.31543391942977905	0.4203414022922516	0.10490748286247253	True	True	False	local_anchor_w0.75	Calibrated mixture	True	selected_source_cv_mse < idw_source_cv_mse AND delta_source_cv_pearson > 0.03
75p_E2_to_E1	75% epiboly	E2	E1	464	usf1	False	0.1531035602092743	0.08111077547073364	0.07199278473854065	0.30838361382484436	0.34702643752098083	0.038642823696136475	True	True	False	local_anchor_w0.75	Calibrated mixture	True	selected_source_cv_mse < idw_source_cv_mse AND delta_source_cv_pearson > 0.03
75p_E2_to_E1	75% epiboly	E2	E1	465	ved	False	0.8882381319999695	0.8882381319999695	0.0	0.2891054153442383	0.2891054153442383	0.0	False	False	True	registered_idw	IDW fallback	False	selected_source_cv_mse < idw_source_cv_mse AND delta_source_cv_pearson > 0.03
75p_E2_to_E1	75% epiboly	E2	E1	466	vent	False	0.7717812061309814	0.6211946606636047	0.1505865454673767	0.4027174711227417	0.7316716909408569	0.32895421981811523	True	True	False	local_anchor_w0.50	Calibrated mixture	True	selected_source_cv_mse < idw_source_cv_mse AND delta_source_cv_pearson > 0.03
75p_E2_to_E1	75% epiboly	E2	E1	467	vgll4l	False	0.2880830466747284	0.031950000673532486	0.2561330460011959	0.40297430753707886	0.6540722250938416	0.2510979175567627	True	True	False	global_anchor_w0.75	Calibrated mixture	True	selected_source_cv_mse < idw_source_cv_mse AND delta_source_cv_pearson > 0.03
75p_E2_to_E1	75% epiboly	E2	E1	468	vox	False	0.29615798592567444	0.1221437007188797	0.17401428520679474	0.32602763175964355	0.3842068314552307	0.05817919969558716	True	True	False	local_anchor_w0.75	Calibrated mixture	True	selected_source_cv_mse < idw_source_cv_mse AND delta_source_cv_pearson > 0.03
75p_E2_to_E1	75% epiboly	E2	E1	469	vrtn	False	0.8357755541801453	0.573901355266571	0.2618741989135742	0.285381555557251	0.7284194827079773	0.4430379271507263	True	True	False	global_anchor_w0.00	Global residual	True	selected_source_cv_mse < idw_source_cv_mse AND delta_source_cv_pearson > 0.03
75p_E2_to_E1	75% epiboly	E2	E1	470	vsx2	False	0.157037153840065	0.05160462111234665	0.10543253272771835	0.20325322449207306	0.245802640914917	0.04254941642284393	True	True	False	global_anchor_w0.75	Calibrated mixture	True	selected_source_cv_mse < idw_source_cv_mse AND delta_source_cv_pearson > 0.03
75p_E2_to_E1	75% epiboly	E2	E1	471	wnt11f2	False	0.6622843742370605	0.5263844132423401	0.13589996099472046	0.5906526446342468	0.8075724244117737	0.21691977977752686	True	True	False	global_anchor_w0.25	Calibrated mixture	True	selected_source_cv_mse < idw_source_cv_mse AND delta_source_cv_pearson > 0.03
75p_E2_to_E1	75% epiboly	E2	E1	472	wnt8a	False	0.6782796382904053	0.49090778827667236	0.1873718500137329	0.422506719827652	0.5893670916557312	0.16686037182807922	True	True	False	local_anchor_w0.50	Calibrated mixture	True	selected_source_cv_mse < idw_source_cv_mse AND delta_source_cv_pearson > 0.03
75p_E2_to_E1	75% epiboly	E2	E1	473	xbp1	False	0.8198142647743225	0.31056472659111023	0.5092495381832123	0.48884066939353943	1.605196237564087	1.1163555681705475	True	True	False	local_anchor_w0.75	Calibrated mixture	True	selected_source_cv_mse < idw_source_cv_mse AND delta_source_cv_pearson > 0.03
75p_E2_to_E1	75% epiboly	E2	E1	474	ypel3	False	0.4611953794956207	0.1090659499168396	0.35212942957878113	0.3270637094974518	0.45713862776756287	0.13007491827011108	True	True	False	local_anchor_w0.75	Calibrated mixture	True	selected_source_cv_mse < idw_source_cv_mse AND delta_source_cv_pearson > 0.03
75p_E2_to_E1	75% epiboly	E2	E1	475	zbtb18	False	0.30891162157058716	0.08122856169939041	0.22768305987119675	0.30136463046073914	0.4032548666000366	0.10189023613929749	True	True	False	global_anchor_w1.00	Anchor-only	True	selected_source_cv_mse < idw_source_cv_mse AND delta_source_cv_pearson > 0.03
75p_E2_to_E1	75% epiboly	E2	E1	476	zc4h2	False	0.5530526638031006	0.1640409231185913	0.3890117406845093	0.3141842186450958	0.4722631275653839	0.15807890892028809	True	True	False	global_anchor_w1.00	Anchor-only	True	selected_source_cv_mse < idw_source_cv_mse AND delta_source_cv_pearson > 0.03
75p_E2_to_E1	75% epiboly	E2	E1	477	zeb1a	False	0.8086099028587341	0.3375886380672455	0.47102126479148865	0.3170953392982483	0.9491864442825317	0.6320911049842834	True	True	False	local_anchor_w0.75	Calibrated mixture	True	selected_source_cv_mse < idw_source_cv_mse AND delta_source_cv_pearson > 0.03
75p_E2_to_E1	75% epiboly	E2	E1	478	zeb1b	False	0.5519228577613831	0.20645266771316528	0.3454701900482178	0.5052341818809509	0.7602074146270752	0.25497323274612427	True	True	False	local_anchor_w0.50	Calibrated mixture	True	selected_source_cv_mse < idw_source_cv_mse AND delta_source_cv_pearson > 0.03
75p_E2_to_E1	75% epiboly	E2	E1	479	zeb2a	False	0.21106240153312683	-0.0003495248674880713	0.2114119264006149	0.2815472185611725	0.3822323679924011	0.10068514943122864	True	True	False	local_anchor_w0.75	Calibrated mixture	True	selected_source_cv_mse < idw_source_cv_mse AND delta_source_cv_pearson > 0.03
75p_E2_to_E1	75% epiboly	E2	E1	480	zeb2b	False	0.572812020778656	0.43781816959381104	0.13499385118484497	0.4672415852546692	0.5402226448059082	0.07298105955123901	True	True	False	global_anchor_w0.75	Calibrated mixture	True	selected_source_cv_mse < idw_source_cv_mse AND delta_source_cv_pearson > 0.03
75p_E2_to_E1	75% epiboly	E2	E1	481	zfand5a	False	0.37008094787597656	0.05955462157726288	0.3105263262987137	0.3299008309841156	0.40283745527267456	0.07293662428855896	True	True	False	local_anchor_w0.75	Calibrated mixture	True	selected_source_cv_mse < idw_source_cv_mse AND delta_source_cv_pearson > 0.03
75p_E2_to_E1	75% epiboly	E2	E1	482	zgc:113372	False	0.2575717568397522	0.034681279212236404	0.2228904776275158	0.15704835951328278	0.20195850729942322	0.04491014778614044	True	True	False	global_anchor_w1.00	Anchor-only	True	selected_source_cv_mse < idw_source_cv_mse AND delta_source_cv_pearson > 0.03
75p_E2_to_E1	75% epiboly	E2	E1	483	zgc:113424	False	0.13598263263702393	0.06540236622095108	0.07058026641607285	0.17731121182441711	0.21050728857517242	0.03319607675075531	True	True	False	local_anchor_w0.75	Calibrated mixture	True	selected_source_cv_mse < idw_source_cv_mse AND delta_source_cv_pearson > 0.03
75p_E2_to_E1	75% epiboly	E2	E1	484	zgc:174154	False	0.2730121612548828	0.03093152679502964	0.24208063445985317	0.23728327453136444	0.2694019675254822	0.03211869299411774	True	True	False	global_anchor_w1.00	Anchor-only	True	selected_source_cv_mse < idw_source_cv_mse AND delta_source_cv_pearson > 0.03
75p_E2_to_E1	75% epiboly	E2	E1	485	zgc:175088	False	0.5422528386116028	0.07809367030858994	0.46415916830301285	0.40632185339927673	0.6798202395439148	0.27349838614463806	True	True	False	global_anchor_w1.00	Anchor-only	True	selected_source_cv_mse < idw_source_cv_mse AND delta_source_cv_pearson > 0.03
75p_E2_to_E1	75% epiboly	E2	E1	486	zic2a	False	0.7792614698410034	0.48760953545570374	0.2916519343852997	0.5903370380401611	1.5166043043136597	0.9262672662734985	True	True	False	global_anchor_w0.25	Calibrated mixture	True	selected_source_cv_mse < idw_source_cv_mse AND delta_source_cv_pearson > 0.03
75p_E2_to_E1	75% epiboly	E2	E1	487	zic2b	False	0.8765555024147034	0.6496259570121765	0.22692954540252686	0.4438817799091339	1.2920398712158203	0.8481580913066864	True	True	False	local_anchor_w0.00	Local residual	True	selected_source_cv_mse < idw_source_cv_mse AND delta_source_cv_pearson > 0.03
75p_E2_to_E1	75% epiboly	E2	E1	488	zic3	True	0.9999939799308777	0.675578773021698	0.3244152069091797	6.421226430575189e-07	1.0156891345977783	1.0156884924751353	True	False	True	global_anchor_w0.00	IDW fallback	False	selected_source_cv_mse < idw_source_cv_mse AND delta_source_cv_pearson > 0.03
75p_E2_to_E1	75% epiboly	E2	E1	489	zmp:0000000624	False	0.3855747580528259	0.10290609300136566	0.28266866505146027	0.3292272686958313	0.41362282633781433	0.08439555764198303	True	True	False	global_anchor_w0.75	Calibrated mixture	True	selected_source_cv_mse < idw_source_cv_mse AND delta_source_cv_pearson > 0.03
75p_E2_to_E1	75% epiboly	E2	E1	490	znf1004	False	0.6752498149871826	0.15395519137382507	0.5212946236133575	0.22716325521469116	0.47264760732650757	0.2454843521118164	True	True	False	local_anchor_w0.75	Calibrated mixture	True	selected_source_cv_mse < idw_source_cv_mse AND delta_source_cv_pearson > 0.03
75p_E2_to_E1	75% epiboly	E2	E1	491	znf185	True	0.9999939203262329	0.18846715986728668	0.8115267604589462	2.6772388537210645e-06	3.5854785442352295	3.5854758669963758	True	False	True	global_anchor_w0.50	IDW fallback	False	selected_source_cv_mse < idw_source_cv_mse AND delta_source_cv_pearson > 0.03
75p_E2_to_E1	75% epiboly	E2	E1	492	znf576.2	False	0.45928868651390076	0.09785795211791992	0.36143073439598083	0.2780313491821289	0.39570772647857666	0.11767637729644775	True	True	False	local_anchor_w0.75	Calibrated mixture	True	selected_source_cv_mse < idw_source_cv_mse AND delta_source_cv_pearson > 0.03
75p_E2_to_E1	75% epiboly	E2	E1	493	znfl2a	False	0.8300738334655762	0.7217178344726562	0.10835599899291992	0.3886476457118988	0.6180546879768372	0.22940704226493835	True	True	False	local_anchor_w0.50	Calibrated mixture	True	selected_source_cv_mse < idw_source_cv_mse AND delta_source_cv_pearson > 0.03
75p_E2_to_E1	75% epiboly	E2	E1	494	zswim5	False	0.6040040254592896	0.1711559146642685	0.43284811079502106	0.23975682258605957	0.3832534849643707	0.14349666237831116	True	True	False	global_anchor_w1.00	Anchor-only	True	selected_source_cv_mse < idw_source_cv_mse AND delta_source_cv_pearson > 0.03
6s_E1_to_E2	6-somite	E1	E2	0	ackr3b	False	0.5176922082901001	0.46201857924461365	0.05567362904548645	0.5230796337127686	0.6894325017929077	0.16635286808013916	True	True	False	global_anchor_w0.25	Calibrated mixture	True	selected_source_cv_mse < idw_source_cv_mse AND delta_source_cv_pearson > 0.03
6s_E1_to_E2	6-somite	E1	E2	1	acvr1ba	False	0.22145311534404755	0.13617666065692902	0.08527645468711853	0.28755831718444824	0.33113110065460205	0.04357278347015381	True	True	False	local_anchor_w0.75	Calibrated mixture	True	selected_source_cv_mse < idw_source_cv_mse AND delta_source_cv_pearson > 0.03
6s_E1_to_E2	6-somite	E1	E2	2	add3b	False	0.29330119490623474	0.1321439892053604	0.16115720570087433	0.3248715102672577	0.42183008790016174	0.09695857763290405	True	True	False	local_anchor_w0.75	Calibrated mixture	True	selected_source_cv_mse < idw_source_cv_mse AND delta_source_cv_pearson > 0.03
6s_E1_to_E2	6-somite	E1	E2	3	adka	False	0.4366244375705719	0.2905988097190857	0.1460256278514862	0.2904627025127411	0.4066840708255768	0.1162213683128357	True	True	False	global_anchor_w0.75	Calibrated mixture	True	selected_source_cv_mse < idw_source_cv_mse AND delta_source_cv_pearson > 0.03
6s_E1_to_E2	6-somite	E1	E2	4	admp	False	0.43291690945625305	0.4119536280632019	0.020963281393051147	0.16710135340690613	0.18195228278636932	0.014850929379463196	False	False	True	global_anchor_w0.50	IDW fallback	False	selected_source_cv_mse < idw_source_cv_mse AND delta_source_cv_pearson > 0.03
6s_E1_to_E2	6-somite	E1	E2	5	ahi1	False	0.21740195155143738	0.12629148364067078	0.0911104679107666	0.30774790048599243	0.36833083629608154	0.06058293581008911	True	True	False	local_anchor_w0.75	Calibrated mixture	True	selected_source_cv_mse < idw_source_cv_mse AND delta_source_cv_pearson > 0.03
6s_E1_to_E2	6-somite	E1	E2	6	akap12b	False	0.8082031607627869	0.7169211506843567	0.09128201007843018	0.3529985845088959	0.5418682098388672	0.1888696253299713	True	True	False	local_anchor_w0.25	Calibrated mixture	True	selected_source_cv_mse < idw_source_cv_mse AND delta_source_cv_pearson > 0.03
6s_E1_to_E2	6-somite	E1	E2	7	alcamb	False	0.6048725843429565	0.3054084777832031	0.2994641065597534	0.32689011096954346	0.6691741943359375	0.34228408336639404	True	True	False	local_anchor_w0.50	Calibrated mixture	True	selected_source_cv_mse < idw_source_cv_mse AND delta_source_cv_pearson > 0.03
6s_E1_to_E2	6-somite	E1	E2	8	aldob	False	0.8081207871437073	0.6555314064025879	0.15258938074111938	0.25192221999168396	0.5313713550567627	0.27944913506507874	True	True	False	local_anchor_w0.25	Calibrated mixture	True	selected_source_cv_mse < idw_source_cv_mse AND delta_source_cv_pearson > 0.03
6s_E1_to_E2	6-somite	E1	E2	9	anp32e	False	0.7823128700256348	0.6936757564544678	0.08863711357116699	0.19950631260871887	0.2735109031200409	0.07400459051132202	True	True	False	local_anchor_w0.25	Calibrated mixture	True	selected_source_cv_mse < idw_source_cv_mse AND delta_source_cv_pearson > 0.03
6s_E1_to_E2	6-somite	E1	E2	10	apex1	False	0.2549869418144226	0.14241577684879303	0.11257116496562958	0.1258951723575592	0.14835484325885773	0.022459670901298523	True	True	False	local_anchor_w0.75	Calibrated mixture	True	selected_source_cv_mse < idw_source_cv_mse AND delta_source_cv_pearson > 0.03
6s_E1_to_E2	6-somite	E1	E2	11	aplnra	False	0.642331600189209	0.3467404246330261	0.29559117555618286	0.5989699959754944	1.1371861696243286	0.5382161736488342	True	True	False	local_anchor_w0.50	Calibrated mixture	True	selected_source_cv_mse < idw_source_cv_mse AND delta_source_cv_pearson > 0.03
6s_E1_to_E2	6-somite	E1	E2	12	aplnrb	False	0.1427983194589615	0.08997467160224915	0.05282364785671234	0.20038864016532898	0.22926996648311615	0.02888132631778717	True	True	False	local_anchor_w0.75	Calibrated mixture	True	selected_source_cv_mse < idw_source_cv_mse AND delta_source_cv_pearson > 0.03
6s_E1_to_E2	6-somite	E1	E2	13	apoc1	False	0.5987573862075806	0.5154094696044922	0.08334791660308838	0.4055421054363251	0.5146065950393677	0.1090644896030426	True	True	False	local_anchor_w0.25	Calibrated mixture	True	selected_source_cv_mse < idw_source_cv_mse AND delta_source_cv_pearson > 0.03
6s_E1_to_E2	6-somite	E1	E2	14	arf5	False	0.43701809644699097	0.3578481674194336	0.07916992902755737	0.32718321681022644	0.39190325140953064	0.0647200345993042	True	True	False	local_anchor_w0.50	Calibrated mixture	True	selected_source_cv_mse < idw_source_cv_mse AND delta_source_cv_pearson > 0.03
6s_E1_to_E2	6-somite	E1	E2	15	arhgap5	False	0.21146754920482635	0.14082024991512299	0.07064729928970337	0.2834727168083191	0.32287827134132385	0.03940555453300476	True	True	False	global_anchor_w0.75	Calibrated mixture	True	selected_source_cv_mse < idw_source_cv_mse AND delta_source_cv_pearson > 0.03
6s_E1_to_E2	6-somite	E1	E2	16	arl4aa	False	0.27018603682518005	0.12194917351007462	0.14823686331510544	0.1973656713962555	0.24488584697246552	0.04752017557621002	True	True	False	local_anchor_w0.75	Calibrated mixture	True	selected_source_cv_mse < idw_source_cv_mse AND delta_source_cv_pearson > 0.03
6s_E1_to_E2	6-somite	E1	E2	17	arl4ab	False	0.28575000166893005	0.23160438239574432	0.05414561927318573	0.28360655903816223	0.39192309975624084	0.10831654071807861	True	True	False	local_anchor_w0.50	Calibrated mixture	True	selected_source_cv_mse < idw_source_cv_mse AND delta_source_cv_pearson > 0.03
6s_E1_to_E2	6-somite	E1	E2	18	arl4d	False	0.7807103991508484	0.6622171401977539	0.11849325895309448	0.3923819959163666	0.5424288511276245	0.15004685521125793	True	True	False	local_anchor_w0.50	Calibrated mixture	True	selected_source_cv_mse < idw_source_cv_mse AND delta_source_cv_pearson > 0.03
6s_E1_to_E2	6-somite	E1	E2	19	arl6ip5a	False	0.26452958583831787	0.12380662560462952	0.14072296023368835	0.20073765516281128	0.2699708044528961	0.06923314929008484	True	True	False	global_anchor_w1.00	Anchor-only	True	selected_source_cv_mse < idw_source_cv_mse AND delta_source_cv_pearson > 0.03
6s_E1_to_E2	6-somite	E1	E2	20	aspm	False	0.5306375622749329	0.23532842099666595	0.2953091412782669	0.30677127838134766	0.449921190738678	0.14314991235733032	True	True	False	local_anchor_w0.75	Calibrated mixture	True	selected_source_cv_mse < idw_source_cv_mse AND delta_source_cv_pearson > 0.03
6s_E1_to_E2	6-somite	E1	E2	21	atf6	False	0.5673893094062805	0.420439213514328	0.14695009589195251	0.3143683671951294	0.46399936079978943	0.14963099360466003	True	True	False	local_anchor_w0.75	Calibrated mixture	True	selected_source_cv_mse < idw_source_cv_mse AND delta_source_cv_pearson > 0.03
6s_E1_to_E2	6-somite	E1	E2	22	atoh1c	False	0.4877121150493622	0.3629137873649597	0.12479832768440247	0.0950465202331543	0.10628842562437057	0.011241905391216278	True	True	False	local_anchor_w0.75	Calibrated mixture	True	selected_source_cv_mse < idw_source_cv_mse AND delta_source_cv_pearson > 0.03
6s_E1_to_E2	6-somite	E1	E2	23	atp2b1a	False	0.5794890522956848	0.28279876708984375	0.29669028520584106	0.5001938343048096	0.9992095828056335	0.499015748500824	True	True	False	local_anchor_w0.50	Calibrated mixture	True	selected_source_cv_mse < idw_source_cv_mse AND delta_source_cv_pearson > 0.03
6s_E1_to_E2	6-somite	E1	E2	24	atrxl	False	0.44061774015426636	0.30341240763664246	0.1372053325176239	0.15720263123512268	0.18796493113040924	0.03076229989528656	True	True	False	global_anchor_w0.50	Calibrated mixture	True	selected_source_cv_mse < idw_source_cv_mse AND delta_source_cv_pearson > 0.03
6s_E1_to_E2	6-somite	E1	E2	25	aurkb	True	0.999998927116394	0.40639886260032654	0.5936000645160675	2.1617799461637333e-07	0.4556373953819275	0.4556371792039329	True	False	True	global_anchor_w1.00	IDW fallback	False	selected_source_cv_mse < idw_source_cv_mse AND delta_source_cv_pearson > 0.03
6s_E1_to_E2	6-somite	E1	E2	26	axin2	False	0.5491083860397339	0.46822798252105713	0.08088040351867676	0.24170176684856415	0.2950712740421295	0.05336950719356537	True	True	False	local_anchor_w0.50	Calibrated mixture	True	selected_source_cv_mse < idw_source_cv_mse AND delta_source_cv_pearson > 0.03
6s_E1_to_E2	6-somite	E1	E2	27	bach1b	False	0.49019575119018555	0.3095913231372833	0.18060442805290222	0.275227427482605	0.4442034363746643	0.16897600889205933	True	True	False	local_anchor_w0.75	Calibrated mixture	True	selected_source_cv_mse < idw_source_cv_mse AND delta_source_cv_pearson > 0.03
6s_E1_to_E2	6-somite	E1	E2	28	bambia	False	0.703715443611145	0.6449280381202698	0.058787405490875244	0.4198579788208008	0.5135044455528259	0.09364646673202515	True	True	False	local_anchor_w0.25	Calibrated mixture	True	selected_source_cv_mse < idw_source_cv_mse AND delta_source_cv_pearson > 0.03
6s_E1_to_E2	6-somite	E1	E2	29	baz1b	False	0.4570794403553009	0.2591218948364258	0.19795754551887512	0.2975640892982483	0.40806320309638977	0.11049911379814148	True	True	False	local_anchor_w0.75	Calibrated mixture	True	selected_source_cv_mse < idw_source_cv_mse AND delta_source_cv_pearson > 0.03
6s_E1_to_E2	6-somite	E1	E2	30	bcl2l1	False	0.3051043152809143	0.20615138113498688	0.09895293414592743	0.35091614723205566	0.4545578360557556	0.10364168882369995	True	True	False	local_anchor_w0.50	Calibrated mixture	True	selected_source_cv_mse < idw_source_cv_mse AND delta_source_cv_pearson > 0.03
6s_E1_to_E2	6-somite	E1	E2	31	bhlha15	False	0.4303017854690552	0.39130014181137085	0.039001643657684326	0.15474824607372284	0.18896573781967163	0.03421749174594879	True	True	False	global_anchor_w0.50	Calibrated mixture	True	selected_source_cv_mse < idw_source_cv_mse AND delta_source_cv_pearson > 0.03
6s_E1_to_E2	6-somite	E1	E2	32	blf	False	0.15632180869579315	0.09244558960199356	0.06387621909379959	0.0767647996544838	0.08952513337135315	0.012760333716869354	True	True	False	global_anchor_w1.00	Anchor-only	True	selected_source_cv_mse < idw_source_cv_mse AND delta_source_cv_pearson > 0.03
6s_E1_to_E2	6-somite	E1	E2	33	bmp2b	False	0.60496586561203	0.45188260078430176	0.15308326482772827	0.43763166666030884	0.608542263507843	0.17091059684753418	True	True	False	global_anchor_w0.50	Calibrated mixture	True	selected_source_cv_mse < idw_source_cv_mse AND delta_source_cv_pearson > 0.03
6s_E1_to_E2	6-somite	E1	E2	34	bmp4	False	0.6590561866760254	0.65184485912323	0.00721132755279541	0.3331090807914734	0.36290812492370605	0.029799044132232666	False	False	True	global_anchor_w0.00	IDW fallback	False	selected_source_cv_mse < idw_source_cv_mse AND delta_source_cv_pearson > 0.03
6s_E1_to_E2	6-somite	E1	E2	35	bmp7a	False	0.6436053514480591	0.5776634812355042	0.06594187021255493	0.3833140432834625	0.5074551701545715	0.12414112687110901	True	True	False	local_anchor_w0.25	Calibrated mixture	True	selected_source_cv_mse < idw_source_cv_mse AND delta_source_cv_pearson > 0.03
6s_E1_to_E2	6-somite	E1	E2	36	brd2a	False	0.36139944195747375	0.22230704128742218	0.13909240067005157	0.16378353536128998	0.19334173202514648	0.029558196663856506	True	True	False	local_anchor_w0.75	Calibrated mixture	True	selected_source_cv_mse < idw_source_cv_mse AND delta_source_cv_pearson > 0.03
6s_E1_to_E2	6-somite	E1	E2	37	btg2	False	0.7166017293930054	0.6209058165550232	0.09569591283798218	0.25240206718444824	0.3133530020713806	0.06095093488693237	True	True	False	local_anchor_w0.25	Calibrated mixture	True	selected_source_cv_mse < idw_source_cv_mse AND delta_source_cv_pearson > 0.03
6s_E1_to_E2	6-somite	E1	E2	38	c1qbp	False	0.4990069270133972	0.38138070702552795	0.11762621998786926	0.24969623982906342	0.2899341881275177	0.040237948298454285	True	True	False	local_anchor_w0.50	Calibrated mixture	True	selected_source_cv_mse < idw_source_cv_mse AND delta_source_cv_pearson > 0.03
6s_E1_to_E2	6-somite	E1	E2	39	C7H16orf87	False	0.17074772715568542	0.11903376877307892	0.051713958382606506	0.1986919343471527	0.2327832132577896	0.0340912789106369	True	True	False	local_anchor_w0.75	Calibrated mixture	True	selected_source_cv_mse < idw_source_cv_mse AND delta_source_cv_pearson > 0.03
6s_E1_to_E2	6-somite	E1	E2	40	ca9	False	0.4401235580444336	0.3810468018054962	0.05907675623893738	0.24089811742305756	0.2696465849876404	0.028748467564582825	True	True	False	local_anchor_w0.75	Calibrated mixture	True	selected_source_cv_mse < idw_source_cv_mse AND delta_source_cv_pearson > 0.03
6s_E1_to_E2	6-somite	E1	E2	41	casz1	False	0.4258206784725189	0.3140738606452942	0.11174681782722473	0.3648103177547455	0.4411555528640747	0.07634523510932922	True	True	False	local_anchor_w0.50	Calibrated mixture	True	selected_source_cv_mse < idw_source_cv_mse AND delta_source_cv_pearson > 0.03
6s_E1_to_E2	6-somite	E1	E2	42	cbx3a	False	0.37580356001853943	0.3247498571872711	0.05105370283126831	0.19167347252368927	0.20669537782669067	0.015021905303001404	True	True	False	global_anchor_w0.25	Calibrated mixture	True	selected_source_cv_mse < idw_source_cv_mse AND delta_source_cv_pearson > 0.03
6s_E1_to_E2	6-somite	E1	E2	43	cbx5	False	0.5217844247817993	0.3750614523887634	0.1467229723930359	0.1932603418827057	0.24583502113819122	0.052574679255485535	True	True	False	local_anchor_w0.50	Calibrated mixture	True	selected_source_cv_mse < idw_source_cv_mse AND delta_source_cv_pearson > 0.03
6s_E1_to_E2	6-somite	E1	E2	44	ccne2	False	0.2250441312789917	0.09459412097930908	0.13045001029968262	0.16049440205097198	0.20651870965957642	0.04602430760860443	True	True	False	local_anchor_w0.75	Calibrated mixture	True	selected_source_cv_mse < idw_source_cv_mse AND delta_source_cv_pearson > 0.03
6s_E1_to_E2	6-somite	E1	E2	45	ccnf	False	0.6414297223091125	0.4064103960990906	0.23501932621002197	0.37258341908454895	0.5576983690261841	0.18511494994163513	True	True	False	local_anchor_w0.50	Calibrated mixture	True	selected_source_cv_mse < idw_source_cv_mse AND delta_source_cv_pearson > 0.03
6s_E1_to_E2	6-somite	E1	E2	46	ccng1	False	0.36025047302246094	0.25692233443260193	0.10332813858985901	0.24510259926319122	0.3056332468986511	0.0605306476354599	True	True	False	global_anchor_w0.50	Calibrated mixture	True	selected_source_cv_mse < idw_source_cv_mse AND delta_source_cv_pearson > 0.03
6s_E1_to_E2	6-somite	E1	E2	47	cd63	False	0.4138419032096863	0.33816275000572205	0.07567915320396423	0.2622010409832001	0.3362772464752197	0.07407620549201965	True	True	False	local_anchor_w0.50	Calibrated mixture	True	selected_source_cv_mse < idw_source_cv_mse AND delta_source_cv_pearson > 0.03
6s_E1_to_E2	6-somite	E1	E2	48	cdc14b	False	0.46794357895851135	0.25950783491134644	0.20843574404716492	0.3348550498485565	0.42138275504112244	0.08652770519256592	True	True	False	local_anchor_w0.75	Calibrated mixture	True	selected_source_cv_mse < idw_source_cv_mse AND delta_source_cv_pearson > 0.03
6s_E1_to_E2	6-somite	E1	E2	49	cdc42ep4a	False	0.2932785153388977	0.17450878024101257	0.11876973509788513	0.201543927192688	0.23911207914352417	0.03756815195083618	True	True	False	local_anchor_w0.75	Calibrated mixture	True	selected_source_cv_mse < idw_source_cv_mse AND delta_source_cv_pearson > 0.03
6s_E1_to_E2	6-somite	E1	E2	50	cdca8	False	0.384819358587265	0.13721050322055817	0.24760885536670685	0.3171495199203491	0.3946244418621063	0.0774749219417572	True	True	False	local_anchor_w0.75	Calibrated mixture	True	selected_source_cv_mse < idw_source_cv_mse AND delta_source_cv_pearson > 0.03
6s_E1_to_E2	6-somite	E1	E2	51	cdh1	True	0.9999971389770508	0.5059241056442261	0.4940730333328247	1.5990199244697578e-06	1.0099436044692993	1.0099420054493748	True	False	True	global_anchor_w1.00	IDW fallback	False	selected_source_cv_mse < idw_source_cv_mse AND delta_source_cv_pearson > 0.03
6s_E1_to_E2	6-somite	E1	E2	52	cdh2	False	0.6996514201164246	0.4527284502983093	0.24692296981811523	0.3085353374481201	0.514735221862793	0.20619988441467285	True	True	False	local_anchor_w0.50	Calibrated mixture	True	selected_source_cv_mse < idw_source_cv_mse AND delta_source_cv_pearson > 0.03
6s_E1_to_E2	6-somite	E1	E2	53	cdh6	False	0.43839123845100403	0.18669013679027557	0.25170110166072845	0.4933341443538666	0.7927197813987732	0.2993856370449066	True	True	False	local_anchor_w0.50	Calibrated mixture	True	selected_source_cv_mse < idw_source_cv_mse AND delta_source_cv_pearson > 0.03
6s_E1_to_E2	6-somite	E1	E2	54	cdkn1ca	False	0.47505736351013184	0.39573952555656433	0.0793178379535675	0.49538615345954895	0.6171200275421143	0.12173387408256531	True	True	False	local_anchor_w0.50	Calibrated mixture	True	selected_source_cv_mse < idw_source_cv_mse AND delta_source_cv_pearson > 0.03
6s_E1_to_E2	6-somite	E1	E2	55	cdt1	False	0.5509805679321289	0.33723533153533936	0.21374523639678955	0.32478567957878113	0.4646483063697815	0.13986262679100037	True	True	False	local_anchor_w0.75	Calibrated mixture	True	selected_source_cv_mse < idw_source_cv_mse AND delta_source_cv_pearson > 0.03
6s_E1_to_E2	6-somite	E1	E2	56	cdx1a	False	0.8491253852844238	0.8206785321235657	0.028446853160858154	0.1695093810558319	0.19737978279590607	0.027870401740074158	False	False	True	local_anchor_w0.25	IDW fallback	False	selected_source_cv_mse < idw_source_cv_mse AND delta_source_cv_pearson > 0.03
6s_E1_to_E2	6-somite	E1	E2	57	cdx4	False	0.93282550573349	0.926141619682312	0.0066838860511779785	0.4821242392063141	0.5673659443855286	0.08524170517921448	False	False	True	local_anchor_w0.25	IDW fallback	False	selected_source_cv_mse < idw_source_cv_mse AND delta_source_cv_pearson > 0.03
6s_E1_to_E2	6-somite	E1	E2	58	cenpf	False	0.5780168175697327	0.2993839979171753	0.2786328196525574	0.3889997899532318	0.5777817368507385	0.1887819468975067	True	True	False	local_anchor_w0.75	Calibrated mixture	True	selected_source_cv_mse < idw_source_cv_mse AND delta_source_cv_pearson > 0.03
6s_E1_to_E2	6-somite	E1	E2	59	cfl1l	False	0.5728456377983093	0.20445844531059265	0.3683871924877167	0.30565258860588074	0.5375010967254639	0.23184850811958313	True	True	False	local_anchor_w0.75	Calibrated mixture	True	selected_source_cv_mse < idw_source_cv_mse AND delta_source_cv_pearson > 0.03
6s_E1_to_E2	6-somite	E1	E2	60	chaf1a	False	0.44116488099098206	0.22302620112895966	0.2181386798620224	0.30864858627319336	0.41954857110977173	0.11089998483657837	True	True	False	local_anchor_w0.75	Calibrated mixture	True	selected_source_cv_mse < idw_source_cv_mse AND delta_source_cv_pearson > 0.03
6s_E1_to_E2	6-somite	E1	E2	61	chrd	False	0.40316441655158997	0.30928725004196167	0.0938771665096283	0.42729857563972473	1.3245562314987183	0.8972576558589935	True	True	False	local_anchor_w0.75	Calibrated mixture	True	selected_source_cv_mse < idw_source_cv_mse AND delta_source_cv_pearson > 0.03
6s_E1_to_E2	6-somite	E1	E2	62	chst11	False	0.1467275470495224	0.11605831980705261	0.030669227242469788	0.1952177733182907	0.24565748870372772	0.05043971538543701	True	True	False	local_anchor_w0.50	Calibrated mixture	True	selected_source_cv_mse < idw_source_cv_mse AND delta_source_cv_pearson > 0.03
6s_E1_to_E2	6-somite	E1	E2	63	cldnd	False	0.2732665240764618	0.20101939141750336	0.07224713265895844	0.21504507958889008	0.243553027510643	0.02850794792175293	True	True	False	local_anchor_w0.75	Calibrated mixture	True	selected_source_cv_mse < idw_source_cv_mse AND delta_source_cv_pearson > 0.03
6s_E1_to_E2	6-somite	E1	E2	64	clic4	False	0.7361802458763123	0.4882247745990753	0.24795547127723694	0.31281620264053345	0.5251946449279785	0.21237844228744507	True	True	False	local_anchor_w0.50	Calibrated mixture	True	selected_source_cv_mse < idw_source_cv_mse AND delta_source_cv_pearson > 0.03
6s_E1_to_E2	6-somite	E1	E2	65	clocka	False	0.1403866708278656	0.06829528510570526	0.07209138572216034	0.240752175450325	0.2791663408279419	0.03841416537761688	True	True	False	global_anchor_w1.00	Anchor-only	True	selected_source_cv_mse < idw_source_cv_mse AND delta_source_cv_pearson > 0.03
6s_E1_to_E2	6-somite	E1	E2	66	cmtm6	False	0.17661000788211823	0.06715397536754608	0.10945603251457214	0.2386033833026886	0.2784985899925232	0.039895206689834595	True	True	False	global_anchor_w0.75	Calibrated mixture	True	selected_source_cv_mse < idw_source_cv_mse AND delta_source_cv_pearson > 0.03
6s_E1_to_E2	6-somite	E1	E2	67	cnmd	False	0.1863626092672348	0.106868214905262	0.07949439436197281	0.1715942770242691	0.21893690526485443	0.04734262824058533	True	True	False	local_anchor_w0.75	Calibrated mixture	True	selected_source_cv_mse < idw_source_cv_mse AND delta_source_cv_pearson > 0.03
6s_E1_to_E2	6-somite	E1	E2	68	cnn3a	False	0.6309090256690979	0.5038041472434998	0.12710487842559814	0.3791469633579254	0.5362107753753662	0.1570638120174408	True	True	False	local_anchor_w0.50	Calibrated mixture	True	selected_source_cv_mse < idw_source_cv_mse AND delta_source_cv_pearson > 0.03
6s_E1_to_E2	6-somite	E1	E2	69	coq10b	False	0.215928852558136	0.10004239529371262	0.11588645726442337	0.18147538602352142	0.20227192342281342	0.020796537399291992	True	True	False	global_anchor_w0.75	Calibrated mixture	True	selected_source_cv_mse < idw_source_cv_mse AND delta_source_cv_pearson > 0.03
6s_E1_to_E2	6-somite	E1	E2	70	crabp2b	False	0.5974155068397522	0.5148178935050964	0.08259761333465576	0.4138880670070648	0.506502091884613	0.09261402487754822	True	True	False	local_anchor_w0.50	Calibrated mixture	True	selected_source_cv_mse < idw_source_cv_mse AND delta_source_cv_pearson > 0.03
6s_E1_to_E2	6-somite	E1	E2	71	creb3l1	False	0.6874532699584961	0.5770339965820312	0.11041927337646484	0.30605998635292053	0.3978964388370514	0.09183645248413086	True	True	False	local_anchor_w0.50	Calibrated mixture	True	selected_source_cv_mse < idw_source_cv_mse AND delta_source_cv_pearson > 0.03
6s_E1_to_E2	6-somite	E1	E2	72	creb3l2	False	0.6956291794776917	0.5473296046257019	0.14829957485198975	0.37223684787750244	0.5606905817985535	0.18845373392105103	True	True	False	local_anchor_w0.50	Calibrated mixture	True	selected_source_cv_mse < idw_source_cv_mse AND delta_source_cv_pearson > 0.03
6s_E1_to_E2	6-somite	E1	E2	73	csrp1a	False	0.5358203053474426	0.5182614326477051	0.01755887269973755	0.16984347999095917	0.191776305437088	0.021932825446128845	False	False	True	local_anchor_w0.25	IDW fallback	False	selected_source_cv_mse < idw_source_cv_mse AND delta_source_cv_pearson > 0.03
6s_E1_to_E2	6-somite	E1	E2	74	cst3	False	0.5181153416633606	0.2648620903491974	0.2532532513141632	0.3487469255924225	0.7896827459335327	0.44093582034111023	True	True	False	local_anchor_w0.75	Calibrated mixture	True	selected_source_cv_mse < idw_source_cv_mse AND delta_source_cv_pearson > 0.03
6s_E1_to_E2	6-somite	E1	E2	75	ctcf	False	0.6948815584182739	0.49520501494407654	0.1996765434741974	0.10303431004285812	0.15805290639400482	0.0550185963511467	True	True	False	local_anchor_w0.50	Calibrated mixture	True	selected_source_cv_mse < idw_source_cv_mse AND delta_source_cv_pearson > 0.03
6s_E1_to_E2	6-somite	E1	E2	76	cth1	False	0.1778261661529541	0.1300237625837326	0.0478024035692215	0.24814821779727936	0.2836430072784424	0.035494789481163025	True	True	False	local_anchor_w0.75	Calibrated mixture	True	selected_source_cv_mse < idw_source_cv_mse AND delta_source_cv_pearson > 0.03
6s_E1_to_E2	6-somite	E1	E2	77	CU570769.1	False	0.18029071390628815	0.0912233218550682	0.08906739205121994	0.13844388723373413	0.1583600491285324	0.01991616189479828	True	True	False	global_anchor_w1.00	Anchor-only	True	selected_source_cv_mse < idw_source_cv_mse AND delta_source_cv_pearson > 0.03
6s_E1_to_E2	6-somite	E1	E2	78	cux1a	False	0.27786022424697876	0.1820203810930252	0.09583984315395355	0.2927992343902588	0.3404923677444458	0.04769313335418701	True	True	False	global_anchor_w0.75	Calibrated mixture	True	selected_source_cv_mse < idw_source_cv_mse AND delta_source_cv_pearson > 0.03
6s_E1_to_E2	6-somite	E1	E2	79	cxcl12b	False	0.18420961499214172	0.0984511747956276	0.08575844019651413	0.1742657721042633	0.20489203929901123	0.030626267194747925	True	True	False	global_anchor_w0.75	Calibrated mixture	True	selected_source_cv_mse < idw_source_cv_mse AND delta_source_cv_pearson > 0.03
6s_E1_to_E2	6-somite	E1	E2	80	cxcr4a	False	0.39439716935157776	0.35215380787849426	0.042243361473083496	0.305099219083786	0.3834275007247925	0.07832828164100647	True	True	False	local_anchor_w0.25	Calibrated mixture	True	selected_source_cv_mse < idw_source_cv_mse AND delta_source_cv_pearson > 0.03
6s_E1_to_E2	6-somite	E1	E2	81	dact2	False	0.7332378625869751	0.5940936803817749	0.1391441822052002	0.6409934163093567	0.9607363343238831	0.31974291801452637	True	True	False	local_anchor_w0.25	Calibrated mixture	True	selected_source_cv_mse < idw_source_cv_mse AND delta_source_cv_pearson > 0.03
6s_E1_to_E2	6-somite	E1	E2	82	dand5	False	0.11504822969436646	0.08035668730735779	0.03469154238700867	0.13033334910869598	0.14937637746334076	0.019043028354644775	True	True	False	global_anchor_w0.75	Calibrated mixture	True	selected_source_cv_mse < idw_source_cv_mse AND delta_source_cv_pearson > 0.03
6s_E1_to_E2	6-somite	E1	E2	83	dbx1a	False	0.2867259979248047	0.22537760436534882	0.06134839355945587	0.11037599295377731	0.17543946206569672	0.0650634691119194	True	True	False	local_anchor_w0.75	Calibrated mixture	True	selected_source_cv_mse < idw_source_cv_mse AND delta_source_cv_pearson > 0.03
6s_E1_to_E2	6-somite	E1	E2	84	ddx4	False	0.30160075426101685	0.27758434414863586	0.02401641011238098	0.1292414516210556	0.278523713350296	0.14928226172924042	False	False	True	global_anchor_w0.75	IDW fallback	False	selected_source_cv_mse < idw_source_cv_mse AND delta_source_cv_pearson > 0.03
6s_E1_to_E2	6-somite	E1	E2	85	dharma	False	0.24273303151130676	0.16799825429916382	0.07473477721214294	0.15285326540470123	0.18145260214805603	0.028599336743354797	True	True	False	local_anchor_w0.75	Calibrated mixture	True	selected_source_cv_mse < idw_source_cv_mse AND delta_source_cv_pearson > 0.03
6s_E1_to_E2	6-somite	E1	E2	86	dkc1	False	0.5883076190948486	0.5084395408630371	0.07986807823181152	0.11571062356233597	0.13308246433734894	0.01737184077501297	True	True	False	local_anchor_w0.25	Calibrated mixture	True	selected_source_cv_mse < idw_source_cv_mse AND delta_source_cv_pearson > 0.03
6s_E1_to_E2	6-somite	E1	E2	87	dkk1b	False	0.2740762531757355	0.231387659907341	0.04268859326839447	0.17348264157772064	0.247398242354393	0.07391560077667236	True	True	False	local_anchor_w0.75	Calibrated mixture	True	selected_source_cv_mse < idw_source_cv_mse AND delta_source_cv_pearson > 0.03
6s_E1_to_E2	6-somite	E1	E2	88	dld	False	0.8173394203186035	0.6747882962226868	0.14255112409591675	0.5677775144577026	0.9275786280632019	0.35980111360549927	True	True	False	local_anchor_w0.50	Calibrated mixture	True	selected_source_cv_mse < idw_source_cv_mse AND delta_source_cv_pearson > 0.03
6s_E1_to_E2	6-somite	E1	E2	89	dlgap5	False	0.6559840440750122	0.45685872435569763	0.19912531971931458	0.2624174654483795	0.36480775475502014	0.10239028930664062	True	True	False	local_anchor_w0.50	Calibrated mixture	True	selected_source_cv_mse < idw_source_cv_mse AND delta_source_cv_pearson > 0.03
6s_E1_to_E2	6-somite	E1	E2	90	dlx3b	False	0.8218057751655579	0.5086202621459961	0.31318551301956177	0.6755858063697815	1.4829846620559692	0.8073988556861877	True	True	False	local_anchor_w0.50	Calibrated mixture	True	selected_source_cv_mse < idw_source_cv_mse AND delta_source_cv_pearson > 0.03
6s_E1_to_E2	6-somite	E1	E2	91	dmd	False	0.6362944841384888	0.5956764221191406	0.040618062019348145	0.16432371735572815	0.17887450754642487	0.014550790190696716	True	True	False	global_anchor_w0.25	Calibrated mixture	True	selected_source_cv_mse < idw_source_cv_mse AND delta_source_cv_pearson > 0.03
6s_E1_to_E2	6-somite	E1	E2	92	dnmt3bb.2	False	0.39645612239837646	0.25321418046951294	0.14324194192886353	0.29039299488067627	0.3503391742706299	0.05994617938995361	True	True	False	local_anchor_w0.75	Calibrated mixture	True	selected_source_cv_mse < idw_source_cv_mse AND delta_source_cv_pearson > 0.03
6s_E1_to_E2	6-somite	E1	E2	93	drll.2	False	0.2991732954978943	0.19849620759487152	0.10067708790302277	0.31655123829841614	0.3494758903980255	0.032924652099609375	True	True	False	global_anchor_w0.50	Calibrated mixture	True	selected_source_cv_mse < idw_source_cv_mse AND delta_source_cv_pearson > 0.03
6s_E1_to_E2	6-somite	E1	E2	94	drll.3	False	0.3821662962436676	0.24079713225364685	0.14136916399002075	0.1423073709011078	0.19682322442531586	0.05451585352420807	True	True	False	local_anchor_w0.75	Calibrated mixture	True	selected_source_cv_mse < idw_source_cv_mse AND delta_source_cv_pearson > 0.03
6s_E1_to_E2	6-somite	E1	E2	95	dscc1	False	0.23341478407382965	0.0945858433842659	0.13882894068956375	0.1677384376525879	0.20244966447353363	0.03471122682094574	True	True	False	global_anchor_w1.00	Anchor-only	True	selected_source_cv_mse < idw_source_cv_mse AND delta_source_cv_pearson > 0.03
6s_E1_to_E2	6-somite	E1	E2	96	dync1li1	False	0.27588117122650146	0.16933992505073547	0.10654124617576599	0.26232704520225525	0.3315410017967224	0.06921395659446716	True	True	False	global_anchor_w1.00	Anchor-only	True	selected_source_cv_mse < idw_source_cv_mse AND delta_source_cv_pearson > 0.03
6s_E1_to_E2	6-somite	E1	E2	97	dynll1	False	0.43739622831344604	0.3887068033218384	0.048689424991607666	0.3872688412666321	0.45663031935691833	0.06936147809028625	True	True	False	global_anchor_w0.50	Calibrated mixture	True	selected_source_cv_mse < idw_source_cv_mse AND delta_source_cv_pearson > 0.03
6s_E1_to_E2	6-somite	E1	E2	98	dynll2b	False	0.18837451934814453	0.09446945041418076	0.09390506893396378	0.1885853111743927	0.22800597548484802	0.03942066431045532	True	True	False	local_anchor_w0.75	Calibrated mixture	True	selected_source_cv_mse < idw_source_cv_mse AND delta_source_cv_pearson > 0.03
6s_E1_to_E2	6-somite	E1	E2	99	ednraa	False	0.24323998391628265	0.10066316276788712	0.14257682114839554	0.17902278900146484	0.2659752666950226	0.08695247769355774	True	True	False	global_anchor_w1.00	Anchor-only	True	selected_source_cv_mse < idw_source_cv_mse AND delta_source_cv_pearson > 0.03
6s_E1_to_E2	6-somite	E1	E2	100	efemp2b	False	0.8980004191398621	0.7876408100128174	0.11035960912704468	0.4203532934188843	0.8151444792747498	0.3947911858558655	True	True	False	local_anchor_w0.25	Calibrated mixture	True	selected_source_cv_mse < idw_source_cv_mse AND delta_source_cv_pearson > 0.03
6s_E1_to_E2	6-somite	E1	E2	101	efna1a	False	0.530809760093689	0.477784126996994	0.053025633096694946	0.39117079973220825	0.4872913956642151	0.09612059593200684	True	True	False	local_anchor_w0.50	Calibrated mixture	True	selected_source_cv_mse < idw_source_cv_mse AND delta_source_cv_pearson > 0.03
6s_E1_to_E2	6-somite	E1	E2	102	efnb2a	False	0.6335263252258301	0.6207168102264404	0.012809514999389648	0.5078442692756653	0.5978693962097168	0.09002512693405151	False	False	True	local_anchor_w0.25	IDW fallback	False	selected_source_cv_mse < idw_source_cv_mse AND delta_source_cv_pearson > 0.03
6s_E1_to_E2	6-somite	E1	E2	103	efnb2b	False	0.7520532011985779	0.6914658546447754	0.06058734655380249	0.35102391242980957	0.4549495577812195	0.10392564535140991	True	True	False	local_anchor_w0.25	Calibrated mixture	True	selected_source_cv_mse < idw_source_cv_mse AND delta_source_cv_pearson > 0.03
6s_E1_to_E2	6-somite	E1	E2	104	egln1b	False	0.2151418924331665	0.1632569283246994	0.0518849641084671	0.3176237940788269	0.360202819108963	0.04257902503013611	True	True	False	local_anchor_w0.50	Calibrated mixture	True	selected_source_cv_mse < idw_source_cv_mse AND delta_source_cv_pearson > 0.03
6s_E1_to_E2	6-somite	E1	E2	105	eif3ea	False	0.39531996846199036	0.30262356996536255	0.09269639849662781	0.2016000747680664	0.22587473690509796	0.024274662137031555	True	True	False	local_anchor_w0.50	Calibrated mixture	True	selected_source_cv_mse < idw_source_cv_mse AND delta_source_cv_pearson > 0.03
6s_E1_to_E2	6-somite	E1	E2	106	elavl3	False	0.5587955117225647	0.4173692762851715	0.1414262354373932	0.6097469329833984	1.5257456302642822	0.9159986972808838	True	True	False	local_anchor_w0.75	Calibrated mixture	True	selected_source_cv_mse < idw_source_cv_mse AND delta_source_cv_pearson > 0.03
6s_E1_to_E2	6-somite	E1	E2	107	elf1	False	0.7264753580093384	0.4480024576187134	0.278472900390625	0.3578342795372009	0.679266095161438	0.32143181562423706	True	True	False	local_anchor_w0.75	Calibrated mixture	True	selected_source_cv_mse < idw_source_cv_mse AND delta_source_cv_pearson > 0.03
6s_E1_to_E2	6-somite	E1	E2	108	elob	False	0.3956665098667145	0.17974500358104706	0.21592150628566742	0.21926653385162354	0.27766069769859314	0.058394163846969604	True	True	False	local_anchor_w0.75	Calibrated mixture	True	selected_source_cv_mse < idw_source_cv_mse AND delta_source_cv_pearson > 0.03
6s_E1_to_E2	6-somite	E1	E2	109	emid1	False	0.6302836537361145	0.5546697974205017	0.07561385631561279	0.367632657289505	0.3976806402206421	0.030047982931137085	True	True	False	local_anchor_w0.50	Calibrated mixture	True	selected_source_cv_mse < idw_source_cv_mse AND delta_source_cv_pearson > 0.03
6s_E1_to_E2	6-somite	E1	E2	110	emx2	False	0.4291224181652069	0.4262907803058624	0.0028316378593444824	0.20534831285476685	0.2721177935600281	0.06676948070526123	False	False	True	global_anchor_w0.50	IDW fallback	False	selected_source_cv_mse < idw_source_cv_mse AND delta_source_cv_pearson > 0.03
6s_E1_to_E2	6-somite	E1	E2	111	emx3	False	0.6064781546592712	0.5369895100593567	0.06948864459991455	0.32911333441734314	0.3672298789024353	0.03811654448509216	True	True	False	local_anchor_w0.25	Calibrated mixture	True	selected_source_cv_mse < idw_source_cv_mse AND delta_source_cv_pearson > 0.03
6s_E1_to_E2	6-somite	E1	E2	112	epcam	False	0.39376550912857056	0.12916505336761475	0.2646004557609558	0.11567134410142899	0.15890052914619446	0.04322918504476547	True	True	False	global_anchor_w1.00	Anchor-only	True	selected_source_cv_mse < idw_source_cv_mse AND delta_source_cv_pearson > 0.03
6s_E1_to_E2	6-somite	E1	E2	113	epha2a	False	0.7348640561103821	0.6867886781692505	0.04807537794113159	0.62404465675354	0.857102632522583	0.23305797576904297	True	True	False	local_anchor_w0.25	Calibrated mixture	True	selected_source_cv_mse < idw_source_cv_mse AND delta_source_cv_pearson > 0.03
6s_E1_to_E2	6-somite	E1	E2	114	ephb3a	False	0.6385253667831421	0.3658231794834137	0.2727021872997284	0.47004052996635437	0.8434596657752991	0.3734191358089447	True	True	False	local_anchor_w0.50	Calibrated mixture	True	selected_source_cv_mse < idw_source_cv_mse AND delta_source_cv_pearson > 0.03
6s_E1_to_E2	6-somite	E1	E2	115	eppk1	False	0.8055545091629028	0.1842373162508011	0.6213171929121017	0.27592724561691284	1.020098090171814	0.7441708445549011	True	True	False	local_anchor_w0.75	Calibrated mixture	True	selected_source_cv_mse < idw_source_cv_mse AND delta_source_cv_pearson > 0.03
6s_E1_to_E2	6-somite	E1	E2	116	erf	False	0.4040414094924927	0.2983711063861847	0.10567030310630798	0.30002981424331665	0.3404340147972107	0.04040420055389404	True	True	False	local_anchor_w0.25	Calibrated mixture	True	selected_source_cv_mse < idw_source_cv_mse AND delta_source_cv_pearson > 0.03
6s_E1_to_E2	6-somite	E1	E2	117	esrra	False	0.4912731647491455	0.47733592987060547	0.013937234878540039	0.3420666456222534	0.37220025062561035	0.030133605003356934	False	False	True	global_anchor_w0.25	IDW fallback	False	selected_source_cv_mse < idw_source_cv_mse AND delta_source_cv_pearson > 0.03
6s_E1_to_E2	6-somite	E1	E2	118	ets2	False	0.4963041841983795	0.3107967674732208	0.1855074167251587	0.19322961568832397	0.2646210193634033	0.07139140367507935	True	True	False	global_anchor_w0.50	Calibrated mixture	True	selected_source_cv_mse < idw_source_cv_mse AND delta_source_cv_pearson > 0.03
6s_E1_to_E2	6-somite	E1	E2	119	etv2	False	0.49106574058532715	0.43729716539382935	0.0537685751914978	0.4799768924713135	0.7775706052780151	0.29759371280670166	True	True	False	global_anchor_w0.50	Calibrated mixture	True	selected_source_cv_mse < idw_source_cv_mse AND delta_source_cv_pearson > 0.03
6s_E1_to_E2	6-somite	E1	E2	120	etv4	False	0.7300307750701904	0.7117709517478943	0.018259823322296143	0.4523116648197174	0.5176722407341003	0.06536057591438293	False	False	True	local_anchor_w0.00	IDW fallback	False	selected_source_cv_mse < idw_source_cv_mse AND delta_source_cv_pearson > 0.03
6s_E1_to_E2	6-somite	E1	E2	121	etv5a	False	0.6351038217544556	0.5267546772956848	0.10834914445877075	0.410725861787796	0.5393585562705994	0.12863269448280334	True	True	False	global_anchor_w0.00	Global residual	True	selected_source_cv_mse < idw_source_cv_mse AND delta_source_cv_pearson > 0.03
6s_E1_to_E2	6-somite	E1	E2	122	etv5b	False	0.8063623309135437	0.7661199569702148	0.04024237394332886	0.27713069319725037	0.3201134204864502	0.04298272728919983	True	True	False	local_anchor_w0.00	Local residual	True	selected_source_cv_mse < idw_source_cv_mse AND delta_source_cv_pearson > 0.03
6s_E1_to_E2	6-somite	E1	E2	123	eve1	False	0.6213894486427307	0.589040994644165	0.032348453998565674	0.3036230802536011	0.3808977007865906	0.0772746205329895	True	True	False	local_anchor_w0.25	Calibrated mixture	True	selected_source_cv_mse < idw_source_cv_mse AND delta_source_cv_pearson > 0.03
6s_E1_to_E2	6-somite	E1	E2	124	f11r.1	False	0.5209064483642578	0.2722627818584442	0.2486436665058136	0.3176320493221283	0.477449893951416	0.15981784462928772	True	True	False	local_anchor_w0.75	Calibrated mixture	True	selected_source_cv_mse < idw_source_cv_mse AND delta_source_cv_pearson > 0.03
6s_E1_to_E2	6-somite	E1	E2	125	fbln2	False	0.5783458948135376	0.5215145349502563	0.05683135986328125	0.3579441010951996	0.4199134409427643	0.0619693398475647	True	True	False	local_anchor_w0.50	Calibrated mixture	True	selected_source_cv_mse < idw_source_cv_mse AND delta_source_cv_pearson > 0.03
6s_E1_to_E2	6-somite	E1	E2	126	fezf2	False	0.7346499562263489	0.7013959884643555	0.03325396776199341	0.2215881198644638	0.2524070143699646	0.030818894505500793	True	True	False	local_anchor_w0.25	Calibrated mixture	True	selected_source_cv_mse < idw_source_cv_mse AND delta_source_cv_pearson > 0.03
6s_E1_to_E2	6-somite	E1	E2	127	fgf8a	False	0.5194655656814575	0.3947904706001282	0.12467509508132935	0.5304417610168457	0.857647716999054	0.32720595598220825	True	True	False	local_anchor_w0.25	Calibrated mixture	True	selected_source_cv_mse < idw_source_cv_mse AND delta_source_cv_pearson > 0.03
6s_E1_to_E2	6-somite	E1	E2	128	flrt3	False	0.5995025634765625	0.5548298358917236	0.04467272758483887	0.8089529275894165	0.9549421072006226	0.14598917961120605	True	True	False	global_anchor_w0.00	Global residual	True	selected_source_cv_mse < idw_source_cv_mse AND delta_source_cv_pearson > 0.03
6s_E1_to_E2	6-somite	E1	E2	129	fn1a	True	0.9999998211860657	0.7149104475975037	0.285089373588562	1.7840511645772494e-06	0.9827328324317932	0.9827310483806286	True	False	True	global_anchor_w1.00	IDW fallback	False	selected_source_cv_mse < idw_source_cv_mse AND delta_source_cv_pearson > 0.03
6s_E1_to_E2	6-somite	E1	E2	130	fn1b	True	1.0000016689300537	0.824627697467804	0.17537397146224976	1.9990561668237206e-06	0.946363627910614	0.9463616288544472	True	False	True	global_anchor_w1.00	IDW fallback	False	selected_source_cv_mse < idw_source_cv_mse AND delta_source_cv_pearson > 0.03
6s_E1_to_E2	6-somite	E1	E2	131	fnbp1l	False	0.3925181031227112	0.28231051564216614	0.11020758748054504	0.2732364535331726	0.33618226647377014	0.06294581294059753	True	True	False	global_anchor_w0.75	Calibrated mixture	True	selected_source_cv_mse < idw_source_cv_mse AND delta_source_cv_pearson > 0.03
6s_E1_to_E2	6-somite	E1	E2	132	fosab	False	0.29514390230178833	0.14259690046310425	0.15254700183868408	0.15683306753635406	0.20192044973373413	0.045087382197380066	True	True	False	local_anchor_w0.75	Calibrated mixture	True	selected_source_cv_mse < idw_source_cv_mse AND delta_source_cv_pearson > 0.03
6s_E1_to_E2	6-somite	E1	E2	133	foxa	False	0.6276111006736755	0.5762613415718079	0.051349759101867676	0.16879431903362274	0.19265328347682953	0.023858964443206787	True	True	False	local_anchor_w0.50	Calibrated mixture	True	selected_source_cv_mse < idw_source_cv_mse AND delta_source_cv_pearson > 0.03
6s_E1_to_E2	6-somite	E1	E2	134	foxa2	False	0.5682207942008972	0.45214956998825073	0.11607122421264648	0.33464014530181885	0.5182002782821655	0.18356013298034668	True	True	False	local_anchor_w0.75	Calibrated mixture	True	selected_source_cv_mse < idw_source_cv_mse AND delta_source_cv_pearson > 0.03
6s_E1_to_E2	6-somite	E1	E2	135	foxa3	False	0.7095208764076233	0.4949503242969513	0.214570552110672	0.47694090008735657	0.9031755924224854	0.4262346923351288	True	True	False	local_anchor_w0.50	Calibrated mixture	True	selected_source_cv_mse < idw_source_cv_mse AND delta_source_cv_pearson > 0.03
6s_E1_to_E2	6-somite	E1	E2	136	foxb1a	False	0.6004559993743896	0.5251171588897705	0.07533884048461914	0.3907308280467987	0.6650289297103882	0.2742981016635895	True	True	False	local_anchor_w0.25	Calibrated mixture	True	selected_source_cv_mse < idw_source_cv_mse AND delta_source_cv_pearson > 0.03
6s_E1_to_E2	6-somite	E1	E2	137	foxb1b	False	0.47949692606925964	0.2832905352115631	0.19620639085769653	0.25608399510383606	0.40885064005851746	0.1527666449546814	True	True	False	local_anchor_w0.50	Calibrated mixture	True	selected_source_cv_mse < idw_source_cv_mse AND delta_source_cv_pearson > 0.03
6s_E1_to_E2	6-somite	E1	E2	138	foxc1a	False	0.8673949241638184	0.5383059978485107	0.3290889263153076	0.5649640560150146	1.6663607358932495	1.1013966798782349	True	True	False	local_anchor_w0.50	Calibrated mixture	True	selected_source_cv_mse < idw_source_cv_mse AND delta_source_cv_pearson > 0.03
6s_E1_to_E2	6-somite	E1	E2	139	foxc1b	False	0.764670729637146	0.4661415219306946	0.2985292077064514	0.4416198134422302	0.9012946486473083	0.4596748352050781	True	True	False	local_anchor_w0.50	Calibrated mixture	True	selected_source_cv_mse < idw_source_cv_mse AND delta_source_cv_pearson > 0.03
6s_E1_to_E2	6-somite	E1	E2	140	foxd3	False	0.45639389753341675	0.1475958675146103	0.30879803001880646	0.45579466223716736	0.5991955995559692	0.14340093731880188	True	True	False	local_anchor_w0.75	Calibrated mixture	True	selected_source_cv_mse < idw_source_cv_mse AND delta_source_cv_pearson > 0.03
6s_E1_to_E2	6-somite	E1	E2	141	foxd5	False	0.6496866345405579	0.6116794943809509	0.038007140159606934	0.32650649547576904	0.45166143774986267	0.12515494227409363	True	True	False	local_anchor_w0.25	Calibrated mixture	True	selected_source_cv_mse < idw_source_cv_mse AND delta_source_cv_pearson > 0.03
6s_E1_to_E2	6-somite	E1	E2	142	foxg1a	False	0.7844420671463013	0.7826926112174988	0.0017494559288024902	0.25480973720550537	0.24274000525474548	-0.012069731950759888	False	False	True	global_anchor_w0.00	IDW fallback	False	selected_source_cv_mse < idw_source_cv_mse AND delta_source_cv_pearson > 0.03
6s_E1_to_E2	6-somite	E1	E2	143	foxh1	False	0.6324576139450073	0.5286041498184204	0.10385346412658691	0.18218012154102325	0.2364162653684616	0.054236143827438354	True	True	False	local_anchor_w0.50	Calibrated mixture	True	selected_source_cv_mse < idw_source_cv_mse AND delta_source_cv_pearson > 0.03
6s_E1_to_E2	6-somite	E1	E2	144	foxi1	False	0.5781126618385315	0.5425931811332703	0.03551948070526123	0.2643405497074127	0.2696337103843689	0.005293160676956177	True	True	False	local_anchor_w0.25	Calibrated mixture	True	selected_source_cv_mse < idw_source_cv_mse AND delta_source_cv_pearson > 0.03
6s_E1_to_E2	6-somite	E1	E2	145	foxn2b	False	0.2476900964975357	0.14706699550151825	0.10062310099601746	0.3389870226383209	0.388176292181015	0.04918926954269409	True	True	False	local_anchor_w0.75	Calibrated mixture	True	selected_source_cv_mse < idw_source_cv_mse AND delta_source_cv_pearson > 0.03
6s_E1_to_E2	6-somite	E1	E2	146	foxo1a	False	0.525722324848175	0.4662972092628479	0.05942511558532715	0.09061296284198761	0.12443581223487854	0.03382284939289093	True	True	False	global_anchor_w0.50	Calibrated mixture	True	selected_source_cv_mse < idw_source_cv_mse AND delta_source_cv_pearson > 0.03
6s_E1_to_E2	6-somite	E1	E2	147	foxp1b	False	0.5072073936462402	0.4050736427307129	0.10213375091552734	0.4210887849330902	0.6104781627655029	0.18938937783241272	True	True	False	local_anchor_w0.75	Calibrated mixture	True	selected_source_cv_mse < idw_source_cv_mse AND delta_source_cv_pearson > 0.03
6s_E1_to_E2	6-somite	E1	E2	148	foxp2	False	0.4284948408603668	0.3493095338344574	0.07918530702590942	0.3115549385547638	0.4074433445930481	0.0958884060382843	True	True	False	local_anchor_w0.75	Calibrated mixture	True	selected_source_cv_mse < idw_source_cv_mse AND delta_source_cv_pearson > 0.03
6s_E1_to_E2	6-somite	E1	E2	149	frmd4ba	False	0.3503340482711792	0.19640906155109406	0.15392498672008514	0.3059384226799011	0.4009968340396881	0.09505841135978699	True	True	False	local_anchor_w0.75	Calibrated mixture	True	selected_source_cv_mse < idw_source_cv_mse AND delta_source_cv_pearson > 0.03
6s_E1_to_E2	6-somite	E1	E2	150	fscn1a	False	0.8036168217658997	0.6802292466163635	0.12338757514953613	0.537775993347168	0.900239884853363	0.36246389150619507	True	True	False	local_anchor_w0.50	Calibrated mixture	True	selected_source_cv_mse < idw_source_cv_mse AND delta_source_cv_pearson > 0.03
6s_E1_to_E2	6-somite	E1	E2	151	fzd7a	False	0.8149843215942383	0.7996774911880493	0.015306830406188965	0.18797652423381805	0.20365694165229797	0.01568041741847992	False	False	True	local_anchor_w0.00	IDW fallback	False	selected_source_cv_mse < idw_source_cv_mse AND delta_source_cv_pearson > 0.03
6s_E1_to_E2	6-somite	E1	E2	152	fzd7b	False	0.23759053647518158	0.1688651442527771	0.06872539222240448	0.27857843041419983	0.33133411407470703	0.0527556836605072	True	True	False	local_anchor_w0.75	Calibrated mixture	True	selected_source_cv_mse < idw_source_cv_mse AND delta_source_cv_pearson > 0.03
6s_E1_to_E2	6-somite	E1	E2	153	fzd8a	False	0.7366316914558411	0.6733220815658569	0.06330960988998413	0.450307160615921	0.5641354322433472	0.11382827162742615	True	True	False	local_anchor_w0.25	Calibrated mixture	True	selected_source_cv_mse < idw_source_cv_mse AND delta_source_cv_pearson > 0.03
6s_E1_to_E2	6-somite	E1	E2	154	gadd45gip1	False	0.19884008169174194	0.15154220163822174	0.0472978800535202	0.32510805130004883	0.3586827218532562	0.0335746705532074	True	True	False	local_anchor_w0.75	Calibrated mixture	True	selected_source_cv_mse < idw_source_cv_mse AND delta_source_cv_pearson > 0.03
6s_E1_to_E2	6-somite	E1	E2	155	gapdh	False	0.29656556248664856	0.1819661408662796	0.11459942162036896	0.2472659945487976	0.3471277952194214	0.09986180067062378	True	True	False	local_anchor_w0.50	Calibrated mixture	True	selected_source_cv_mse < idw_source_cv_mse AND delta_source_cv_pearson > 0.03
6s_E1_to_E2	6-somite	E1	E2	156	gata2a	False	0.790579617023468	0.5584614276885986	0.23211818933486938	0.6512624025344849	1.2457510232925415	0.5944886207580566	True	True	False	local_anchor_w0.50	Calibrated mixture	True	selected_source_cv_mse < idw_source_cv_mse AND delta_source_cv_pearson > 0.03
6s_E1_to_E2	6-somite	E1	E2	157	gata3	False	0.5710156559944153	0.3364432752132416	0.2345723807811737	0.1984444558620453	0.3264066278934479	0.1279621720314026	True	True	False	local_anchor_w0.50	Calibrated mixture	True	selected_source_cv_mse < idw_source_cv_mse AND delta_source_cv_pearson > 0.03
6s_E1_to_E2	6-somite	E1	E2	158	gata5	True	1.0000016689300537	0.585856020450592	0.41414564847946167	3.9374037896777736e-07	0.6174436211585999	0.6174432274182209	True	False	True	global_anchor_w1.00	IDW fallback	False	selected_source_cv_mse < idw_source_cv_mse AND delta_source_cv_pearson > 0.03
6s_E1_to_E2	6-somite	E1	E2	159	gata6	False	0.7511810064315796	0.49701640009880066	0.25416460633277893	0.28653454780578613	0.6929946541786194	0.40646010637283325	True	True	False	local_anchor_w0.75	Calibrated mixture	True	selected_source_cv_mse < idw_source_cv_mse AND delta_source_cv_pearson > 0.03
6s_E1_to_E2	6-somite	E1	E2	160	gbx1	False	0.522162675857544	0.42702487111091614	0.09513780474662781	0.3198930323123932	0.5618802309036255	0.2419871985912323	True	True	False	global_anchor_w0.50	Calibrated mixture	True	selected_source_cv_mse < idw_source_cv_mse AND delta_source_cv_pearson > 0.03
6s_E1_to_E2	6-somite	E1	E2	161	gcm2	False	0.17321988940238953	0.1408786028623581	0.03234128654003143	0.1479864865541458	0.1650022715330124	0.017015784978866577	True	True	False	local_anchor_w0.50	Calibrated mixture	True	selected_source_cv_mse < idw_source_cv_mse AND delta_source_cv_pearson > 0.03
6s_E1_to_E2	6-somite	E1	E2	162	gfi1aa	False	0.31210097670555115	0.2672790288925171	0.04482194781303406	0.3260881006717682	0.3807600140571594	0.054671913385391235	True	True	False	global_anchor_w0.50	Calibrated mixture	True	selected_source_cv_mse < idw_source_cv_mse AND delta_source_cv_pearson > 0.03
6s_E1_to_E2	6-somite	E1	E2	163	gli1	False	0.6561977863311768	0.49515876173973083	0.16103902459144592	0.42681440711021423	0.6938834190368652	0.267069011926651	True	True	False	local_anchor_w0.50	Calibrated mixture	True	selected_source_cv_mse < idw_source_cv_mse AND delta_source_cv_pearson > 0.03
6s_E1_to_E2	6-somite	E1	E2	164	gli2a	False	0.6891281008720398	0.5479201078414917	0.1412079930305481	0.32804569602012634	0.43091005086898804	0.1028643548488617	True	True	False	local_anchor_w0.50	Calibrated mixture	True	selected_source_cv_mse < idw_source_cv_mse AND delta_source_cv_pearson > 0.03
6s_E1_to_E2	6-somite	E1	E2	165	gmnn	False	0.38202300667762756	0.17510980367660522	0.20691320300102234	0.32522836327552795	0.43469366431236267	0.10946530103683472	True	True	False	local_anchor_w0.75	Calibrated mixture	True	selected_source_cv_mse < idw_source_cv_mse AND delta_source_cv_pearson > 0.03
6s_E1_to_E2	6-somite	E1	E2	166	gpr137bb	False	0.4117315709590912	0.20741580426692963	0.20431576669216156	0.2715916335582733	0.369007408618927	0.09741577506065369	True	True	False	local_anchor_w0.75	Calibrated mixture	True	selected_source_cv_mse < idw_source_cv_mse AND delta_source_cv_pearson > 0.03
6s_E1_to_E2	6-somite	E1	E2	167	grhl1	False	0.8296594023704529	0.19495058059692383	0.634708821773529	0.2516799569129944	1.141266942024231	0.8895869851112366	True	True	False	global_anchor_w1.00	Anchor-only	True	selected_source_cv_mse < idw_source_cv_mse AND delta_source_cv_pearson > 0.03
6s_E1_to_E2	6-somite	E1	E2	168	grhl2b	False	0.6945555806159973	0.5340623259544373	0.16049325466156006	0.5222702026367188	0.7362193465232849	0.21394914388656616	True	True	False	local_anchor_w0.50	Calibrated mixture	True	selected_source_cv_mse < idw_source_cv_mse AND delta_source_cv_pearson > 0.03
6s_E1_to_E2	6-somite	E1	E2	169	gsc	False	0.25243353843688965	0.19224876165390015	0.0601847767829895	0.19497649371623993	0.24071773886680603	0.0457412451505661	True	True	False	local_anchor_w0.75	Calibrated mixture	True	selected_source_cv_mse < idw_source_cv_mse AND delta_source_cv_pearson > 0.03
6s_E1_to_E2	6-somite	E1	E2	170	h1-0	False	0.40026426315307617	0.2966339588165283	0.10363030433654785	0.5984429121017456	0.8388513922691345	0.24040848016738892	True	True	False	local_anchor_w0.50	Calibrated mixture	True	selected_source_cv_mse < idw_source_cv_mse AND delta_source_cv_pearson > 0.03
6s_E1_to_E2	6-somite	E1	E2	171	hdlbpa	False	0.7531865835189819	0.6483230590820312	0.10486352443695068	0.10310142487287521	0.14806866645812988	0.04496724158525467	True	True	False	local_anchor_w0.25	Calibrated mixture	True	selected_source_cv_mse < idw_source_cv_mse AND delta_source_cv_pearson > 0.03
6s_E1_to_E2	6-somite	E1	E2	172	helb	False	0.19496873021125793	0.10947477072477341	0.08549395948648453	0.3032073974609375	0.3452582061290741	0.0420508086681366	True	True	False	global_anchor_w1.00	Anchor-only	True	selected_source_cv_mse < idw_source_cv_mse AND delta_source_cv_pearson > 0.03
6s_E1_to_E2	6-somite	E1	E2	173	hells	False	0.17991487681865692	0.06651388108730316	0.11340099573135376	0.2172623723745346	0.2608966827392578	0.043634310364723206	True	True	False	global_anchor_w1.00	Anchor-only	True	selected_source_cv_mse < idw_source_cv_mse AND delta_source_cv_pearson > 0.03
6s_E1_to_E2	6-somite	E1	E2	174	her1	False	0.8584293127059937	0.7345177531242371	0.12391155958175659	0.3204401135444641	0.5498493909835815	0.22940927743911743	True	True	False	local_anchor_w0.25	Calibrated mixture	True	selected_source_cv_mse < idw_source_cv_mse AND delta_source_cv_pearson > 0.03
6s_E1_to_E2	6-somite	E1	E2	175	her11	False	0.27045369148254395	0.12895753979682922	0.14149615168571472	0.11898735910654068	0.15120862424373627	0.03222126513719559	True	True	False	local_anchor_w0.75	Calibrated mixture	True	selected_source_cv_mse < idw_source_cv_mse AND delta_source_cv_pearson > 0.03
6s_E1_to_E2	6-somite	E1	E2	176	her12	False	0.613226056098938	0.527665376663208	0.08556067943572998	0.37040776014328003	0.435487300157547	0.06507954001426697	True	True	False	local_anchor_w0.50	Calibrated mixture	True	selected_source_cv_mse < idw_source_cv_mse AND delta_source_cv_pearson > 0.03
6s_E1_to_E2	6-somite	E1	E2	177	her2	False	0.18586058914661407	0.08862349390983582	0.09723709523677826	0.2603413760662079	0.335568368434906	0.07522699236869812	True	True	False	global_anchor_w1.00	Anchor-only	True	selected_source_cv_mse < idw_source_cv_mse AND delta_source_cv_pearson > 0.03
6s_E1_to_E2	6-somite	E1	E2	178	her3	False	0.29794880747795105	0.21411392092704773	0.08383488655090332	0.19607758522033691	0.22436250746250153	0.028284922242164612	True	True	False	local_anchor_w0.75	Calibrated mixture	True	selected_source_cv_mse < idw_source_cv_mse AND delta_source_cv_pearson > 0.03
6s_E1_to_E2	6-somite	E1	E2	179	her5	False	0.33607691526412964	0.31869208812713623	0.017384827136993408	0.2859498858451843	0.3554474711418152	0.06949758529663086	False	False	True	local_anchor_w0.50	IDW fallback	False	selected_source_cv_mse < idw_source_cv_mse AND delta_source_cv_pearson > 0.03
6s_E1_to_E2	6-somite	E1	E2	180	her6	False	0.6144609451293945	0.6002106070518494	0.014250338077545166	0.6231902241706848	0.7490522265434265	0.1258620023727417	False	False	True	local_anchor_w0.25	IDW fallback	False	selected_source_cv_mse < idw_source_cv_mse AND delta_source_cv_pearson > 0.03
6s_E1_to_E2	6-somite	E1	E2	181	her7	False	0.7485294938087463	0.5806238651275635	0.16790562868118286	0.18510392308235168	0.27257928252220154	0.08747535943984985	True	True	False	local_anchor_w0.50	Calibrated mixture	True	selected_source_cv_mse < idw_source_cv_mse AND delta_source_cv_pearson > 0.03
6s_E1_to_E2	6-somite	E1	E2	182	her8a	False	0.7479528784751892	0.49774616956710815	0.25020670890808105	0.40530815720558167	0.841265857219696	0.4359577000141144	True	True	False	local_anchor_w0.50	Calibrated mixture	True	selected_source_cv_mse < idw_source_cv_mse AND delta_source_cv_pearson > 0.03
6s_E1_to_E2	6-somite	E1	E2	183	her9	False	0.7119809985160828	0.5905280113220215	0.12145298719406128	0.8285248875617981	1.31798255443573	0.4894576668739319	True	True	False	global_anchor_w0.50	Calibrated mixture	True	selected_source_cv_mse < idw_source_cv_mse AND delta_source_cv_pearson > 0.03
6s_E1_to_E2	6-somite	E1	E2	184	hes6	False	0.2150847464799881	0.08303237706422806	0.13205236941576004	0.17601342499256134	0.21241745352745056	0.03640402853488922	True	True	False	global_anchor_w1.00	Anchor-only	True	selected_source_cv_mse < idw_source_cv_mse AND delta_source_cv_pearson > 0.03
6s_E1_to_E2	6-somite	E1	E2	185	hesx1	False	0.23069557547569275	0.11819952726364136	0.11249604821205139	0.3102741241455078	0.36310333013534546	0.052829205989837646	True	True	False	global_anchor_w1.00	Anchor-only	True	selected_source_cv_mse < idw_source_cv_mse AND delta_source_cv_pearson > 0.03
6s_E1_to_E2	6-somite	E1	E2	186	hic1l	False	0.280955046415329	0.1922852098941803	0.08866983652114868	0.2866256833076477	0.3612448573112488	0.07461917400360107	True	True	False	global_anchor_w0.75	Calibrated mixture	True	selected_source_cv_mse < idw_source_cv_mse AND delta_source_cv_pearson > 0.03
6s_E1_to_E2	6-somite	E1	E2	187	higd1a	False	0.15991349518299103	0.05803960561752319	0.10187388956546783	0.10539785772562027	0.12952382862567902	0.024125970900058746	True	True	False	global_anchor_w1.00	Anchor-only	True	selected_source_cv_mse < idw_source_cv_mse AND delta_source_cv_pearson > 0.03
6s_E1_to_E2	6-somite	E1	E2	188	hivep2a	False	0.42564696073532104	0.2710035443305969	0.15464341640472412	0.20533877611160278	0.25560513138771057	0.05026635527610779	True	True	False	local_anchor_w0.75	Calibrated mixture	True	selected_source_cv_mse < idw_source_cv_mse AND delta_source_cv_pearson > 0.03
6s_E1_to_E2	6-somite	E1	E2	189	hoxb1b	False	0.7756392359733582	0.7527611255645752	0.02287811040878296	0.36573249101638794	0.4639882445335388	0.09825575351715088	False	False	True	local_anchor_w0.25	IDW fallback	False	selected_source_cv_mse < idw_source_cv_mse AND delta_source_cv_pearson > 0.03
6s_E1_to_E2	6-somite	E1	E2	190	hoxb7a	False	0.6866323351860046	0.6486810445785522	0.03795129060745239	0.2316230982542038	0.2785288691520691	0.046905770897865295	True	True	False	local_anchor_w0.50	Calibrated mixture	True	selected_source_cv_mse < idw_source_cv_mse AND delta_source_cv_pearson > 0.03
6s_E1_to_E2	6-somite	E1	E2	191	hoxb8a	False	0.45417043566703796	0.38672494888305664	0.06744548678398132	0.22616025805473328	0.24754543602466583	0.021385177969932556	True	True	False	local_anchor_w0.75	Calibrated mixture	True	selected_source_cv_mse < idw_source_cv_mse AND delta_source_cv_pearson > 0.03
6s_E1_to_E2	6-somite	E1	E2	192	hoxb9a	True	1.000002384185791	0.7281692028045654	0.2718331813812256	2.986059541854047e-07	0.34767597913742065	0.34767568053146647	True	False	True	global_anchor_w1.00	IDW fallback	False	selected_source_cv_mse < idw_source_cv_mse AND delta_source_cv_pearson > 0.03
6s_E1_to_E2	6-somite	E1	E2	193	hoxc3a	False	0.8338906168937683	0.8090144395828247	0.024876177310943604	0.2801537811756134	0.3507113754749298	0.0705575942993164	False	False	True	local_anchor_w0.25	IDW fallback	False	selected_source_cv_mse < idw_source_cv_mse AND delta_source_cv_pearson > 0.03
6s_E1_to_E2	6-somite	E1	E2	194	hoxc6a	False	0.6474485993385315	0.5984691381454468	0.04897946119308472	0.24382323026657104	0.2904679477214813	0.04664471745491028	True	True	False	local_anchor_w0.50	Calibrated mixture	True	selected_source_cv_mse < idw_source_cv_mse AND delta_source_cv_pearson > 0.03
6s_E1_to_E2	6-somite	E1	E2	195	hoxc8a	False	0.67378169298172	0.6363031268119812	0.03747856616973877	0.1705188751220703	0.20798875391483307	0.037469878792762756	True	True	False	local_anchor_w0.50	Calibrated mixture	True	selected_source_cv_mse < idw_source_cv_mse AND delta_source_cv_pearson > 0.03
6s_E1_to_E2	6-somite	E1	E2	196	hsp90aa1.2	False	0.3008613884449005	0.20732294023036957	0.09353844821453094	0.2588057518005371	0.3102172315120697	0.05141147971153259	True	True	False	local_anchor_w0.50	Calibrated mixture	True	selected_source_cv_mse < idw_source_cv_mse AND delta_source_cv_pearson > 0.03
6s_E1_to_E2	6-somite	E1	E2	197	id3	False	0.676551342010498	0.6115900278091431	0.06496131420135498	0.6029384732246399	0.8148170113563538	0.21187853813171387	True	True	False	local_anchor_w0.25	Calibrated mixture	True	selected_source_cv_mse < idw_source_cv_mse AND delta_source_cv_pearson > 0.03
6s_E1_to_E2	6-somite	E1	E2	198	igf2bp1	False	0.6346061825752258	0.5227327346801758	0.11187344789505005	0.05142456293106079	0.06362351030111313	0.012198947370052338	True	True	False	global_anchor_w0.25	Calibrated mixture	True	selected_source_cv_mse < idw_source_cv_mse AND delta_source_cv_pearson > 0.03
6s_E1_to_E2	6-somite	E1	E2	199	igfbp1a	False	0.195271834731102	0.060029249638319016	0.13524258509278297	0.2025168091058731	0.2589273452758789	0.0564105361700058	True	True	False	global_anchor_w1.00	Anchor-only	True	selected_source_cv_mse < idw_source_cv_mse AND delta_source_cv_pearson > 0.03
6s_E1_to_E2	6-somite	E1	E2	200	irf2a	False	0.17871956527233124	0.06833140552043915	0.11038815975189209	0.16935527324676514	0.20913688838481903	0.039781615138053894	True	True	False	global_anchor_w0.75	Calibrated mixture	True	selected_source_cv_mse < idw_source_cv_mse AND delta_source_cv_pearson > 0.03
6s_E1_to_E2	6-somite	E1	E2	201	irx1b	False	0.8221098780632019	0.783600926399231	0.03850895166397095	0.5511258244514465	0.8083044290542603	0.2571786046028137	True	True	False	local_anchor_w0.25	Calibrated mixture	True	selected_source_cv_mse < idw_source_cv_mse AND delta_source_cv_pearson > 0.03
6s_E1_to_E2	6-somite	E1	E2	202	irx3a	False	0.24627330899238586	0.2145896852016449	0.03168362379074097	0.20909246802330017	0.26555922627449036	0.056466758251190186	True	True	False	local_anchor_w0.50	Calibrated mixture	True	selected_source_cv_mse < idw_source_cv_mse AND delta_source_cv_pearson > 0.03
6s_E1_to_E2	6-somite	E1	E2	203	irx5a	False	0.6487394571304321	0.6176551580429077	0.031084299087524414	0.42653921246528625	0.5317210555076599	0.10518184304237366	True	True	False	local_anchor_w0.25	Calibrated mixture	True	selected_source_cv_mse < idw_source_cv_mse AND delta_source_cv_pearson > 0.03
6s_E1_to_E2	6-somite	E1	E2	204	irx7	False	0.7273456454277039	0.7148320078849792	0.01251363754272461	0.40445294976234436	0.47981274127960205	0.07535979151725769	False	False	True	local_anchor_w0.25	IDW fallback	False	selected_source_cv_mse < idw_source_cv_mse AND delta_source_cv_pearson > 0.03
6s_E1_to_E2	6-somite	E1	E2	205	ism1	False	0.6103003621101379	0.422292023897171	0.18800833821296692	0.3540864884853363	0.46616828441619873	0.11208179593086243	True	True	False	local_anchor_w0.50	Calibrated mixture	True	selected_source_cv_mse < idw_source_cv_mse AND delta_source_cv_pearson > 0.03
6s_E1_to_E2	6-somite	E1	E2	206	itga6a	False	0.667917788028717	0.6009244322776794	0.0669933557510376	0.26091742515563965	0.3845564126968384	0.12363898754119873	True	True	False	local_anchor_w0.50	Calibrated mixture	True	selected_source_cv_mse < idw_source_cv_mse AND delta_source_cv_pearson > 0.03
6s_E1_to_E2	6-somite	E1	E2	207	itgb5	False	0.3843339681625366	0.209993377327919	0.17434059083461761	0.3218095302581787	0.39145925641059875	0.06964972615242004	True	True	False	local_anchor_w0.50	Calibrated mixture	True	selected_source_cv_mse < idw_source_cv_mse AND delta_source_cv_pearson > 0.03
6s_E1_to_E2	6-somite	E1	E2	208	itm2cb	False	0.5790643692016602	0.43648505210876465	0.1425793170928955	0.28559502959251404	0.3529524803161621	0.06735745072364807	True	True	False	local_anchor_w0.75	Calibrated mixture	True	selected_source_cv_mse < idw_source_cv_mse AND delta_source_cv_pearson > 0.03
6s_E1_to_E2	6-somite	E1	E2	209	jcada	False	0.7724270820617676	0.634784460067749	0.13764262199401855	0.28137174248695374	0.40105172991752625	0.11967998743057251	True	True	False	local_anchor_w0.50	Calibrated mixture	True	selected_source_cv_mse < idw_source_cv_mse AND delta_source_cv_pearson > 0.03
6s_E1_to_E2	6-somite	E1	E2	210	kank1a	False	0.6074150204658508	0.49206677079200745	0.11534824967384338	0.37477371096611023	0.4643397927284241	0.08956608176231384	True	True	False	local_anchor_w0.50	Calibrated mixture	True	selected_source_cv_mse < idw_source_cv_mse AND delta_source_cv_pearson > 0.03
6s_E1_to_E2	6-somite	E1	E2	211	kazald2	False	0.6930604577064514	0.6379392147064209	0.05512124300003052	0.2676897346973419	0.30830061435699463	0.04061087965965271	True	True	False	local_anchor_w0.25	Calibrated mixture	True	selected_source_cv_mse < idw_source_cv_mse AND delta_source_cv_pearson > 0.03
6s_E1_to_E2	6-somite	E1	E2	212	kdrl	False	0.3164079785346985	0.19389714300632477	0.12251083552837372	0.2250502109527588	0.3010876774787903	0.0760374665260315	True	True	False	local_anchor_w0.75	Calibrated mixture	True	selected_source_cv_mse < idw_source_cv_mse AND delta_source_cv_pearson > 0.03
6s_E1_to_E2	6-somite	E1	E2	213	kif15	False	0.22508291900157928	0.1285177767276764	0.0965651422739029	0.2642703950405121	0.30898213386535645	0.04471173882484436	True	True	False	global_anchor_w0.75	Calibrated mixture	True	selected_source_cv_mse < idw_source_cv_mse AND delta_source_cv_pearson > 0.03
6s_E1_to_E2	6-somite	E1	E2	214	kirrel3l	False	0.6748349666595459	0.6151599287986755	0.05967503786087036	0.6458350419998169	0.8573259711265564	0.2114909291267395	True	True	False	local_anchor_w0.25	Calibrated mixture	True	selected_source_cv_mse < idw_source_cv_mse AND delta_source_cv_pearson > 0.03
6s_E1_to_E2	6-somite	E1	E2	215	klf17	False	0.3472263813018799	0.28539764881134033	0.06182873249053955	0.2484779804944992	0.27980345487594604	0.03132547438144684	True	True	False	global_anchor_w0.75	Calibrated mixture	True	selected_source_cv_mse < idw_source_cv_mse AND delta_source_cv_pearson > 0.03
6s_E1_to_E2	6-somite	E1	E2	216	klf2a	False	0.617465078830719	0.2082282155752182	0.4092368632555008	0.25414395332336426	0.4743969738483429	0.22025302052497864	True	True	False	local_anchor_w0.75	Calibrated mixture	True	selected_source_cv_mse < idw_source_cv_mse AND delta_source_cv_pearson > 0.03
6s_E1_to_E2	6-somite	E1	E2	217	klf2b	False	0.6935831308364868	0.2256089299917221	0.4679742008447647	0.2816590964794159	0.5411829948425293	0.2595238983631134	True	True	False	local_anchor_w0.75	Calibrated mixture	True	selected_source_cv_mse < idw_source_cv_mse AND delta_source_cv_pearson > 0.03
6s_E1_to_E2	6-somite	E1	E2	218	klf3	False	0.45289346575737	0.30440399050712585	0.14848947525024414	0.17615298926830292	0.28431782126426697	0.10816483199596405	True	True	False	global_anchor_w0.75	Calibrated mixture	True	selected_source_cv_mse < idw_source_cv_mse AND delta_source_cv_pearson > 0.03
6s_E1_to_E2	6-somite	E1	E2	219	klf7a	False	0.32202696800231934	0.13277918100357056	0.18924778699874878	0.2617616057395935	0.3457777500152588	0.08401614427566528	True	True	False	local_anchor_w0.75	Calibrated mixture	True	selected_source_cv_mse < idw_source_cv_mse AND delta_source_cv_pearson > 0.03
6s_E1_to_E2	6-somite	E1	E2	220	klf8	False	0.43228915333747864	0.3448824882507324	0.08740666508674622	0.37481898069381714	0.47519785165786743	0.10037887096405029	True	True	False	local_anchor_w0.50	Calibrated mixture	True	selected_source_cv_mse < idw_source_cv_mse AND delta_source_cv_pearson > 0.03
6s_E1_to_E2	6-somite	E1	E2	221	kmt2bb	False	0.23377636075019836	0.1483730524778366	0.08540330827236176	0.2500753104686737	0.28977498412132263	0.039699673652648926	True	True	False	local_anchor_w0.75	Calibrated mixture	True	selected_source_cv_mse < idw_source_cv_mse AND delta_source_cv_pearson > 0.03
6s_E1_to_E2	6-somite	E1	E2	222	kmt5aa	False	0.17899972200393677	0.100288026034832	0.07871169596910477	0.19363921880722046	0.2150609940290451	0.021421775221824646	True	True	False	local_anchor_w0.75	Calibrated mixture	True	selected_source_cv_mse < idw_source_cv_mse AND delta_source_cv_pearson > 0.03
6s_E1_to_E2	6-somite	E1	E2	223	krt18a.1	False	0.8244451880455017	0.3618384897708893	0.4626066982746124	0.5830591320991516	1.9141179323196411	1.3310588002204895	True	True	False	local_anchor_w0.75	Calibrated mixture	True	selected_source_cv_mse < idw_source_cv_mse AND delta_source_cv_pearson > 0.03
6s_E1_to_E2	6-somite	E1	E2	224	krt4	False	0.8149625062942505	0.27072930335998535	0.5442332029342651	0.4559011459350586	1.4579466581344604	1.0020455121994019	True	True	False	local_anchor_w0.50	Calibrated mixture	True	selected_source_cv_mse < idw_source_cv_mse AND delta_source_cv_pearson > 0.03
6s_E1_to_E2	6-somite	E1	E2	225	krt8	False	0.8701521158218384	0.47588783502578735	0.394264280796051	0.39722582697868347	1.4086956977844238	1.0114698708057404	True	True	False	local_anchor_w0.75	Calibrated mixture	True	selected_source_cv_mse < idw_source_cv_mse AND delta_source_cv_pearson > 0.03
6s_E1_to_E2	6-somite	E1	E2	226	krt99	False	0.8478851914405823	0.16145950555801392	0.6864256858825684	0.4868623912334442	1.8151196241378784	1.3282572329044342	True	True	False	local_anchor_w0.75	Calibrated mixture	True	selected_source_cv_mse < idw_source_cv_mse AND delta_source_cv_pearson > 0.03
6s_E1_to_E2	6-somite	E1	E2	227	lamb1a	False	0.7829285860061646	0.6496134400367737	0.13331514596939087	0.22274555265903473	0.35728275775909424	0.1345372051000595	True	True	False	local_anchor_w0.25	Calibrated mixture	True	selected_source_cv_mse < idw_source_cv_mse AND delta_source_cv_pearson > 0.03
6s_E1_to_E2	6-somite	E1	E2	228	lamc1	False	0.7960248589515686	0.6951371431350708	0.1008877158164978	0.13845829665660858	0.19555999338626862	0.057101696729660034	True	True	False	local_anchor_w0.25	Calibrated mixture	True	selected_source_cv_mse < idw_source_cv_mse AND delta_source_cv_pearson > 0.03
6s_E1_to_E2	6-somite	E1	E2	229	lamp2	False	0.5482812523841858	0.29762980341911316	0.25065144896507263	0.38848942518234253	0.7348774671554565	0.346388041973114	True	True	False	local_anchor_w0.75	Calibrated mixture	True	selected_source_cv_mse < idw_source_cv_mse AND delta_source_cv_pearson > 0.03
6s_E1_to_E2	6-somite	E1	E2	230	lbx2	False	0.6881700754165649	0.5607895851135254	0.12738049030303955	0.33963510394096375	0.44325798749923706	0.10362288355827332	True	True	False	local_anchor_w0.50	Calibrated mixture	True	selected_source_cv_mse < idw_source_cv_mse AND delta_source_cv_pearson > 0.03
6s_E1_to_E2	6-somite	E1	E2	231	lef1	False	0.7742388844490051	0.739083468914032	0.035155415534973145	0.33516407012939453	0.3822159469127655	0.04705187678337097	True	True	False	local_anchor_w0.25	Calibrated mixture	True	selected_source_cv_mse < idw_source_cv_mse AND delta_source_cv_pearson > 0.03
6s_E1_to_E2	6-somite	E1	E2	232	lft1	False	0.48910030722618103	0.4795977473258972	0.009502559900283813	0.22721560299396515	0.26162153482437134	0.03440593183040619	False	False	True	global_anchor_w0.25	IDW fallback	False	selected_source_cv_mse < idw_source_cv_mse AND delta_source_cv_pearson > 0.03
6s_E1_to_E2	6-somite	E1	E2	233	lft2	False	0.2183607965707779	0.1759156435728073	0.04244515299797058	0.12385000288486481	0.1459192931652069	0.022069290280342102	True	True	False	global_anchor_w0.50	Calibrated mixture	True	selected_source_cv_mse < idw_source_cv_mse AND delta_source_cv_pearson > 0.03
6s_E1_to_E2	6-somite	E1	E2	234	lgals3b	False	0.6241370439529419	0.2820444703102112	0.3420925736427307	0.2283281534910202	0.4083612561225891	0.1800331026315689	True	True	False	local_anchor_w0.75	Calibrated mixture	True	selected_source_cv_mse < idw_source_cv_mse AND delta_source_cv_pearson > 0.03
6s_E1_to_E2	6-somite	E1	E2	235	lhfpl6	False	0.7185631394386292	0.5679290890693665	0.1506340503692627	0.24885781109333038	0.34844306111335754	0.09958525002002716	True	True	False	local_anchor_w0.50	Calibrated mixture	True	selected_source_cv_mse < idw_source_cv_mse AND delta_source_cv_pearson > 0.03
6s_E1_to_E2	6-somite	E1	E2	236	lhx1a	False	0.7038306593894958	0.6501886248588562	0.05364203453063965	0.34389355778694153	0.4129237234592438	0.06903016567230225	True	True	False	local_anchor_w0.50	Calibrated mixture	True	selected_source_cv_mse < idw_source_cv_mse AND delta_source_cv_pearson > 0.03
6s_E1_to_E2	6-somite	E1	E2	237	lhx5	False	0.44238653779029846	0.41917684674263	0.023209691047668457	0.2227494865655899	0.263628214597702	0.04087872803211212	False	False	True	local_anchor_w0.25	IDW fallback	False	selected_source_cv_mse < idw_source_cv_mse AND delta_source_cv_pearson > 0.03
6s_E1_to_E2	6-somite	E1	E2	238	lima1a	False	0.7741498947143555	0.7104557752609253	0.06369411945343018	0.4756779074668884	0.6296164393424988	0.15393853187561035	True	True	False	global_anchor_w0.25	Calibrated mixture	True	selected_source_cv_mse < idw_source_cv_mse AND delta_source_cv_pearson > 0.03
6s_E1_to_E2	6-somite	E1	E2	239	lmnb1	False	0.5174628496170044	0.35561782121658325	0.16184502840042114	0.12107893079519272	0.15004543960094452	0.0289665088057518	True	True	False	local_anchor_w0.50	Calibrated mixture	True	selected_source_cv_mse < idw_source_cv_mse AND delta_source_cv_pearson > 0.03
6s_E1_to_E2	6-somite	E1	E2	240	lmo2	False	0.5249348878860474	0.437544047832489	0.08739084005355835	0.51957768201828	0.6948987245559692	0.1753210425376892	True	True	False	global_anchor_w0.50	Calibrated mixture	True	selected_source_cv_mse < idw_source_cv_mse AND delta_source_cv_pearson > 0.03
6s_E1_to_E2	6-somite	E1	E2	241	lmo4a	False	0.5842257142066956	0.462492436170578	0.12173327803611755	0.5026382803916931	0.6845124959945679	0.18187421560287476	True	True	False	local_anchor_w0.50	Calibrated mixture	True	selected_source_cv_mse < idw_source_cv_mse AND delta_source_cv_pearson > 0.03
6s_E1_to_E2	6-somite	E1	E2	242	lratb.1	False	0.31415629386901855	0.18778657913208008	0.12636971473693848	0.1956784427165985	0.23865479230880737	0.04297634959220886	True	True	False	local_anchor_w0.75	Calibrated mixture	True	selected_source_cv_mse < idw_source_cv_mse AND delta_source_cv_pearson > 0.03
6s_E1_to_E2	6-somite	E1	E2	243	lratd1	False	0.2421342134475708	0.16837923228740692	0.07375498116016388	0.24779868125915527	0.30626001954078674	0.05846133828163147	True	True	False	local_anchor_w0.75	Calibrated mixture	True	selected_source_cv_mse < idw_source_cv_mse AND delta_source_cv_pearson > 0.03
6s_E1_to_E2	6-somite	E1	E2	244	mab21l2	False	0.7037612795829773	0.6656538844108582	0.03810739517211914	0.2571706771850586	0.44836172461509705	0.19119104743003845	True	True	False	local_anchor_w0.50	Calibrated mixture	True	selected_source_cv_mse < idw_source_cv_mse AND delta_source_cv_pearson > 0.03
6s_E1_to_E2	6-somite	E1	E2	245	mad1l1	False	0.3993496000766754	0.23319095373153687	0.16615864634513855	0.28556787967681885	0.3594016134738922	0.07383373379707336	True	True	False	local_anchor_w0.75	Calibrated mixture	True	selected_source_cv_mse < idw_source_cv_mse AND delta_source_cv_pearson > 0.03
6s_E1_to_E2	6-somite	E1	E2	246	map1lc3b	False	0.2044486105442047	0.12832608819007874	0.07612252235412598	0.3069532811641693	0.3537895083427429	0.04683622717857361	True	True	False	global_anchor_w0.75	Calibrated mixture	True	selected_source_cv_mse < idw_source_cv_mse AND delta_source_cv_pearson > 0.03
6s_E1_to_E2	6-somite	E1	E2	247	map2k6	False	0.3452809154987335	0.1636808216571808	0.18160009384155273	0.24870175123214722	0.2975565493106842	0.04885479807853699	True	True	False	local_anchor_w0.75	Calibrated mixture	True	selected_source_cv_mse < idw_source_cv_mse AND delta_source_cv_pearson > 0.03
6s_E1_to_E2	6-somite	E1	E2	248	mcama	False	0.6294774413108826	0.47274407744407654	0.15673336386680603	0.4081527888774872	0.6357117891311646	0.22755900025367737	True	True	False	local_anchor_w0.50	Calibrated mixture	True	selected_source_cv_mse < idw_source_cv_mse AND delta_source_cv_pearson > 0.03
6s_E1_to_E2	6-somite	E1	E2	249	mcm2	True	1.0000003576278687	0.5146534442901611	0.4853469133377075	7.162520319070609e-07	0.5989903807640076	0.5989896645119757	True	False	True	global_anchor_w1.00	IDW fallback	False	selected_source_cv_mse < idw_source_cv_mse AND delta_source_cv_pearson > 0.03
6s_E1_to_E2	6-somite	E1	E2	250	mcm3	False	0.8268594145774841	0.45686185359954834	0.3699975609779358	0.20457088947296143	0.5728698372840881	0.3682989478111267	True	True	False	local_anchor_w0.75	Calibrated mixture	True	selected_source_cv_mse < idw_source_cv_mse AND delta_source_cv_pearson > 0.03
6s_E1_to_E2	6-somite	E1	E2	251	mcm4	False	0.8609482645988464	0.5675889253616333	0.29335933923721313	0.18854564428329468	0.5531827807426453	0.3646371364593506	True	True	False	local_anchor_w0.50	Calibrated mixture	True	selected_source_cv_mse < idw_source_cv_mse AND delta_source_cv_pearson > 0.03
6s_E1_to_E2	6-somite	E1	E2	252	mcm5	False	0.6022548079490662	0.32675766944885254	0.2754971385002136	0.32480278611183167	0.5400246381759644	0.2152218520641327	True	True	False	local_anchor_w0.75	Calibrated mixture	True	selected_source_cv_mse < idw_source_cv_mse AND delta_source_cv_pearson > 0.03
6s_E1_to_E2	6-somite	E1	E2	253	mcm7	False	0.8327869772911072	0.5575720071792603	0.2752149701118469	0.1474800854921341	0.35755276679992676	0.21007268130779266	True	True	False	local_anchor_w0.50	Calibrated mixture	True	selected_source_cv_mse < idw_source_cv_mse AND delta_source_cv_pearson > 0.03
6s_E1_to_E2	6-somite	E1	E2	254	mdm2	False	0.17666098475456238	0.06527101993560791	0.11138996481895447	0.31409159302711487	0.43820372223854065	0.12411212921142578	True	True	False	local_anchor_w0.75	Calibrated mixture	True	selected_source_cv_mse < idw_source_cv_mse AND delta_source_cv_pearson > 0.03
6s_E1_to_E2	6-somite	E1	E2	255	mef2d	False	0.7035409808158875	0.6018192768096924	0.10172170400619507	0.3687228262424469	0.4689798355102539	0.100257009267807	True	True	False	local_anchor_w0.25	Calibrated mixture	True	selected_source_cv_mse < idw_source_cv_mse AND delta_source_cv_pearson > 0.03
6s_E1_to_E2	6-somite	E1	E2	256	meis1b	False	0.7443920969963074	0.6868702173233032	0.05752187967300415	0.39057686924934387	0.5088602304458618	0.11828336119651794	True	True	False	local_anchor_w0.25	Calibrated mixture	True	selected_source_cv_mse < idw_source_cv_mse AND delta_source_cv_pearson > 0.03
6s_E1_to_E2	6-somite	E1	E2	257	meis2a	False	0.8115530610084534	0.7999359369277954	0.011617124080657959	0.38145503401756287	0.438477486371994	0.05702245235443115	False	False	True	global_anchor_w0.00	IDW fallback	False	selected_source_cv_mse < idw_source_cv_mse AND delta_source_cv_pearson > 0.03
6s_E1_to_E2	6-somite	E1	E2	258	meis3	False	0.8229334950447083	0.8104143142700195	0.01251918077468872	0.3832203149795532	0.42956677079200745	0.046346455812454224	False	False	True	local_anchor_w0.00	IDW fallback	False	selected_source_cv_mse < idw_source_cv_mse AND delta_source_cv_pearson > 0.03
6s_E1_to_E2	6-somite	E1	E2	259	meox1	False	0.8601906895637512	0.6766780018806458	0.18351268768310547	0.5167412757873535	1.0940476655960083	0.5773063898086548	True	True	False	local_anchor_w0.50	Calibrated mixture	True	selected_source_cv_mse < idw_source_cv_mse AND delta_source_cv_pearson > 0.03
6s_E1_to_E2	6-somite	E1	E2	260	mespaa	False	0.18393926322460175	0.07461391389369965	0.1093253493309021	0.13453707098960876	0.15406444668769836	0.0195273756980896	True	True	False	local_anchor_w0.75	Calibrated mixture	True	selected_source_cv_mse < idw_source_cv_mse AND delta_source_cv_pearson > 0.03
6s_E1_to_E2	6-somite	E1	E2	261	mespab	False	0.5202628374099731	0.4836203157901764	0.03664252161979675	0.09961866587400436	0.1085401400923729	0.00892147421836853	True	True	False	local_anchor_w0.25	Calibrated mixture	True	selected_source_cv_mse < idw_source_cv_mse AND delta_source_cv_pearson > 0.03
6s_E1_to_E2	6-somite	E1	E2	262	mgst3b	False	0.2024383246898651	0.11066929996013641	0.0917690247297287	0.22126881778240204	0.2835055887699127	0.06223677098751068	True	True	False	local_anchor_w0.75	Calibrated mixture	True	selected_source_cv_mse < idw_source_cv_mse AND delta_source_cv_pearson > 0.03
6s_E1_to_E2	6-somite	E1	E2	263	mibp2	False	0.35727688670158386	0.2621827721595764	0.09509411454200745	0.2920491695404053	0.34319594502449036	0.05114677548408508	True	True	False	local_anchor_w0.75	Calibrated mixture	True	selected_source_cv_mse < idw_source_cv_mse AND delta_source_cv_pearson > 0.03
6s_E1_to_E2	6-somite	E1	E2	264	mixl1	False	0.2190457433462143	0.1120794415473938	0.1069663017988205	0.21038930118083954	0.2504351735115051	0.04004587233066559	True	True	False	global_anchor_w1.00	Anchor-only	True	selected_source_cv_mse < idw_source_cv_mse AND delta_source_cv_pearson > 0.03
6s_E1_to_E2	6-somite	E1	E2	265	mki67	False	0.6757633686065674	0.4604152739048004	0.21534809470176697	0.23178482055664062	0.3513602614402771	0.11957544088363647	True	True	False	local_anchor_w0.50	Calibrated mixture	True	selected_source_cv_mse < idw_source_cv_mse AND delta_source_cv_pearson > 0.03
6s_E1_to_E2	6-somite	E1	E2	266	mns1	False	0.21593056619167328	0.11194390803575516	0.10398665815591812	0.24789001047611237	0.3016243875026703	0.05373437702655792	True	True	False	local_anchor_w0.75	Calibrated mixture	True	selected_source_cv_mse < idw_source_cv_mse AND delta_source_cv_pearson > 0.03
6s_E1_to_E2	6-somite	E1	E2	267	msgn1	False	0.9320158362388611	0.7836863994598389	0.14832943677902222	0.3759286403656006	1.0504478216171265	0.6745191812515259	True	True	False	local_anchor_w0.50	Calibrated mixture	True	selected_source_cv_mse < idw_source_cv_mse AND delta_source_cv_pearson > 0.03
6s_E1_to_E2	6-somite	E1	E2	268	msx1b	False	0.7733629941940308	0.3924272954463959	0.3809356987476349	0.6734983325004578	1.8270865678787231	1.1535882353782654	True	True	False	local_anchor_w0.50	Calibrated mixture	True	selected_source_cv_mse < idw_source_cv_mse AND delta_source_cv_pearson > 0.03
6s_E1_to_E2	6-somite	E1	E2	269	msx3	False	0.5724167227745056	0.36608871817588806	0.20632800459861755	0.41521772742271423	0.5310998558998108	0.11588212847709656	True	True	False	local_anchor_w0.50	Calibrated mixture	True	selected_source_cv_mse < idw_source_cv_mse AND delta_source_cv_pearson > 0.03
6s_E1_to_E2	6-somite	E1	E2	270	mycb	False	0.11351585388183594	0.09180339425802231	0.02171245962381363	0.04872692748904228	0.05868198350071907	0.009955056011676788	False	False	True	global_anchor_w0.75	IDW fallback	False	selected_source_cv_mse < idw_source_cv_mse AND delta_source_cv_pearson > 0.03
6s_E1_to_E2	6-somite	E1	E2	271	mych	False	0.7199540734291077	0.6178103685379028	0.10214370489120483	0.37891554832458496	0.4667588174343109	0.08784326910972595	True	True	False	local_anchor_w0.50	Calibrated mixture	True	selected_source_cv_mse < idw_source_cv_mse AND delta_source_cv_pearson > 0.03
6s_E1_to_E2	6-somite	E1	E2	272	mycla	False	0.616996169090271	0.4166116416454315	0.20038452744483948	0.30410799384117126	0.4721207320690155	0.16801273822784424	True	True	False	local_anchor_w0.75	Calibrated mixture	True	selected_source_cv_mse < idw_source_cv_mse AND delta_source_cv_pearson > 0.03
6s_E1_to_E2	6-somite	E1	E2	273	myclb	False	0.663382887840271	0.5646849274635315	0.0986979603767395	0.490982323884964	0.7342216372489929	0.24323931336402893	True	True	False	local_anchor_w0.50	Calibrated mixture	True	selected_source_cv_mse < idw_source_cv_mse AND delta_source_cv_pearson > 0.03
6s_E1_to_E2	6-somite	E1	E2	274	mycn	False	0.8149794936180115	0.6838985085487366	0.1310809850692749	0.5019355416297913	0.9354173541069031	0.4334818124771118	True	True	False	local_anchor_w0.50	Calibrated mixture	True	selected_source_cv_mse < idw_source_cv_mse AND delta_source_cv_pearson > 0.03
6s_E1_to_E2	6-somite	E1	E2	275	myf5	False	0.7120308876037598	0.541033148765564	0.1709977388381958	0.32201334834098816	0.45771411061286926	0.1357007622718811	True	True	False	local_anchor_w0.25	Calibrated mixture	True	selected_source_cv_mse < idw_source_cv_mse AND delta_source_cv_pearson > 0.03
6s_E1_to_E2	6-somite	E1	E2	276	myod1	False	0.7641953825950623	0.7070486545562744	0.05714672803878784	0.48301997780799866	0.594136655330658	0.1111166775226593	True	True	False	local_anchor_w0.25	Calibrated mixture	True	selected_source_cv_mse < idw_source_cv_mse AND delta_source_cv_pearson > 0.03
6s_E1_to_E2	6-somite	E1	E2	277	nanog	False	0.25105220079421997	0.1230134442448616	0.12803875654935837	0.17987214028835297	0.2124682068824768	0.03259606659412384	True	True	False	local_anchor_w0.75	Calibrated mixture	True	selected_source_cv_mse < idw_source_cv_mse AND delta_source_cv_pearson > 0.03
6s_E1_to_E2	6-somite	E1	E2	278	nanos3	False	0.34391066431999207	0.33452698588371277	0.009383678436279297	0.1525464504957199	0.3013494610786438	0.1488030105829239	False	False	True	local_anchor_w0.75	IDW fallback	False	selected_source_cv_mse < idw_source_cv_mse AND delta_source_cv_pearson > 0.03
6s_E1_to_E2	6-somite	E1	E2	279	nap1l1	False	0.5826057195663452	0.37740543484687805	0.20520028471946716	0.29179421067237854	0.457800030708313	0.16600582003593445	True	True	False	local_anchor_w0.75	Calibrated mixture	True	selected_source_cv_mse < idw_source_cv_mse AND delta_source_cv_pearson > 0.03
6s_E1_to_E2	6-somite	E1	E2	280	nasp	False	0.7755612134933472	0.5893118977546692	0.18624931573867798	0.3841691315174103	0.729316771030426	0.34514763951301575	True	True	False	global_anchor_w0.50	Calibrated mixture	True	selected_source_cv_mse < idw_source_cv_mse AND delta_source_cv_pearson > 0.03
6s_E1_to_E2	6-somite	E1	E2	281	ncapd2	False	0.5919997692108154	0.3798525035381317	0.21214726567268372	0.2427709549665451	0.33627256751060486	0.09350161254405975	True	True	False	local_anchor_w0.50	Calibrated mixture	True	selected_source_cv_mse < idw_source_cv_mse AND delta_source_cv_pearson > 0.03
6s_E1_to_E2	6-somite	E1	E2	282	nckap5l	False	0.33020612597465515	0.20371516048908234	0.12649096548557281	0.23148351907730103	0.27569830417633057	0.04421478509902954	True	True	False	local_anchor_w0.75	Calibrated mixture	True	selected_source_cv_mse < idw_source_cv_mse AND delta_source_cv_pearson > 0.03
6s_E1_to_E2	6-somite	E1	E2	283	ndr1	False	0.1752031445503235	0.10896430164575577	0.06623884290456772	0.059067871421575546	0.06632227450609207	0.007254403084516525	True	True	False	global_anchor_w0.75	Calibrated mixture	True	selected_source_cv_mse < idw_source_cv_mse AND delta_source_cv_pearson > 0.03
6s_E1_to_E2	6-somite	E1	E2	284	ndr2	False	0.27387741208076477	0.24321189522743225	0.03066551685333252	0.15114213526248932	0.17683611810207367	0.02569398283958435	True	True	False	local_anchor_w0.50	Calibrated mixture	True	selected_source_cv_mse < idw_source_cv_mse AND delta_source_cv_pearson > 0.03
6s_E1_to_E2	6-somite	E1	E2	285	ndufv3	False	0.18521638214588165	0.06388119608163834	0.12133518606424332	0.260164737701416	0.32156121730804443	0.06139647960662842	True	True	False	global_anchor_w1.00	Anchor-only	True	selected_source_cv_mse < idw_source_cv_mse AND delta_source_cv_pearson > 0.03
6s_E1_to_E2	6-somite	E1	E2	286	nid2a	False	0.8550286889076233	0.7508965134620667	0.10413217544555664	0.3089786171913147	0.5165601372718811	0.2075815200805664	True	True	False	local_anchor_w0.25	Calibrated mixture	True	selected_source_cv_mse < idw_source_cv_mse AND delta_source_cv_pearson > 0.03
6s_E1_to_E2	6-somite	E1	E2	287	nip7	False	0.1466848999261856	0.05810102820396423	0.08858387172222137	0.18307460844516754	0.23248200118541718	0.049407392740249634	True	True	False	global_anchor_w1.00	Anchor-only	True	selected_source_cv_mse < idw_source_cv_mse AND delta_source_cv_pearson > 0.03
6s_E1_to_E2	6-somite	E1	E2	288	nkx1.2la	False	0.14804880321025848	0.0468975231051445	0.10115128010511398	0.149348646402359	0.19851194322109222	0.049163296818733215	True	True	False	local_anchor_w0.75	Calibrated mixture	True	selected_source_cv_mse < idw_source_cv_mse AND delta_source_cv_pearson > 0.03
6s_E1_to_E2	6-somite	E1	E2	289	nkx2.2a	False	0.33894139528274536	0.3292463421821594	0.009695053100585938	0.08310980349779129	0.12100891023874283	0.03789910674095154	False	False	True	local_anchor_w0.50	IDW fallback	False	selected_source_cv_mse < idw_source_cv_mse AND delta_source_cv_pearson > 0.03
6s_E1_to_E2	6-somite	E1	E2	290	nkx2.5	False	0.24343912303447723	0.163153737783432	0.08028538525104523	0.175167053937912	0.21258893609046936	0.03742188215255737	True	True	False	local_anchor_w0.75	Calibrated mixture	True	selected_source_cv_mse < idw_source_cv_mse AND delta_source_cv_pearson > 0.03
6s_E1_to_E2	6-somite	E1	E2	291	nog1	False	0.48270127177238464	0.38422998785972595	0.09847128391265869	0.44446274638175964	0.65262371301651	0.20816096663475037	True	True	False	local_anchor_w0.50	Calibrated mixture	True	selected_source_cv_mse < idw_source_cv_mse AND delta_source_cv_pearson > 0.03
6s_E1_to_E2	6-somite	E1	E2	292	nop58	False	0.8174248337745667	0.6934194564819336	0.12400537729263306	0.11339174211025238	0.17481093108654022	0.06141918897628784	True	True	False	local_anchor_w0.25	Calibrated mixture	True	selected_source_cv_mse < idw_source_cv_mse AND delta_source_cv_pearson > 0.03
6s_E1_to_E2	6-somite	E1	E2	293	notch1a	False	0.7362380027770996	0.615665853023529	0.12057214975357056	0.3628484606742859	0.49585267901420593	0.13300421833992004	True	True	False	local_anchor_w0.50	Calibrated mixture	True	selected_source_cv_mse < idw_source_cv_mse AND delta_source_cv_pearson > 0.03
6s_E1_to_E2	6-somite	E1	E2	294	noto	False	0.4610721468925476	0.4088648557662964	0.05220729112625122	0.26049908995628357	0.3426590859889984	0.08215999603271484	True	True	False	local_anchor_w0.50	Calibrated mixture	True	selected_source_cv_mse < idw_source_cv_mse AND delta_source_cv_pearson > 0.03
6s_E1_to_E2	6-somite	E1	E2	295	nr2f2	False	0.6656457781791687	0.6296975612640381	0.035948216915130615	0.47987601161003113	0.6273109912872314	0.14743497967720032	True	True	False	local_anchor_w0.25	Calibrated mixture	True	selected_source_cv_mse < idw_source_cv_mse AND delta_source_cv_pearson > 0.03
6s_E1_to_E2	6-somite	E1	E2	296	nr6a1a	False	0.2392895519733429	0.14674487709999084	0.09254467487335205	0.2507641017436981	0.28878071904182434	0.03801661729812622	True	True	False	global_anchor_w0.75	Calibrated mixture	True	selected_source_cv_mse < idw_source_cv_mse AND delta_source_cv_pearson > 0.03
6s_E1_to_E2	6-somite	E1	E2	297	nrarpa	False	0.7453332543373108	0.6477189660072327	0.09761428833007812	0.4752618968486786	0.5936830639839172	0.11842116713523865	True	True	False	local_anchor_w0.50	Calibrated mixture	True	selected_source_cv_mse < idw_source_cv_mse AND delta_source_cv_pearson > 0.03
6s_E1_to_E2	6-somite	E1	E2	298	nsd2	True	1.0000035762786865	0.5524812936782837	0.44752228260040283	5.590173373093421e-07	0.5000090599060059	0.5000085008886686	True	False	True	global_anchor_w1.00	IDW fallback	False	selected_source_cv_mse < idw_source_cv_mse AND delta_source_cv_pearson > 0.03
6s_E1_to_E2	6-somite	E1	E2	299	ntd5	True	1.0000017881393433	0.7943596243858337	0.20564216375350952	4.428110571552679e-07	0.3778786361217499	0.3778781933106927	True	False	True	global_anchor_w1.00	IDW fallback	False	selected_source_cv_mse < idw_source_cv_mse AND delta_source_cv_pearson > 0.03
6s_E1_to_E2	6-somite	E1	E2	300	oclna	False	0.49811893701553345	0.12199173122644424	0.3761272057890892	0.1852998584508896	0.29895761609077454	0.11365775763988495	True	True	False	global_anchor_w1.00	Anchor-only	True	selected_source_cv_mse < idw_source_cv_mse AND delta_source_cv_pearson > 0.03
6s_E1_to_E2	6-somite	E1	E2	301	olig4	False	0.4313286244869232	0.23687107861042023	0.194457545876503	0.19449780881404877	0.5194103717803955	0.32491256296634674	True	True	False	local_anchor_w0.75	Calibrated mixture	True	selected_source_cv_mse < idw_source_cv_mse AND delta_source_cv_pearson > 0.03
6s_E1_to_E2	6-somite	E1	E2	302	osr1	False	0.46310362219810486	0.34074002504348755	0.12236359715461731	0.34372326731681824	0.5119925737380981	0.1682693064212799	True	True	False	local_anchor_w0.50	Calibrated mixture	True	selected_source_cv_mse < idw_source_cv_mse AND delta_source_cv_pearson > 0.03
6s_E1_to_E2	6-somite	E1	E2	303	otx1	False	0.8287964463233948	0.795359194278717	0.033437252044677734	0.2898084819316864	0.34084996581077576	0.051041483879089355	True	True	False	local_anchor_w0.25	Calibrated mixture	True	selected_source_cv_mse < idw_source_cv_mse AND delta_source_cv_pearson > 0.03
6s_E1_to_E2	6-somite	E1	E2	304	otx2a	False	0.5103158950805664	0.49381566047668457	0.016500234603881836	0.17131303250789642	0.1849178820848465	0.013604849576950073	False	False	True	global_anchor_w0.25	IDW fallback	False	selected_source_cv_mse < idw_source_cv_mse AND delta_source_cv_pearson > 0.03
6s_E1_to_E2	6-somite	E1	E2	305	otx2b	False	0.7350349426269531	0.7335821390151978	0.001452803611755371	0.3395351767539978	0.38940760493278503	0.04987242817878723	False	False	True	local_anchor_w0.25	IDW fallback	False	selected_source_cv_mse < idw_source_cv_mse AND delta_source_cv_pearson > 0.03
6s_E1_to_E2	6-somite	E1	E2	306	pax2a	False	0.5662449598312378	0.5270609855651855	0.039183974266052246	0.3115944564342499	0.3631609082221985	0.05156645178794861	True	True	False	global_anchor_w0.25	Calibrated mixture	True	selected_source_cv_mse < idw_source_cv_mse AND delta_source_cv_pearson > 0.03
6s_E1_to_E2	6-somite	E1	E2	307	pax3a	True	0.9999889135360718	0.5244152545928955	0.47557365894317627	6.957219511605217e-07	1.153080940246582	1.1530802445246309	True	False	True	global_anchor_w1.00	IDW fallback	False	selected_source_cv_mse < idw_source_cv_mse AND delta_source_cv_pearson > 0.03
6s_E1_to_E2	6-somite	E1	E2	308	pax6a	False	0.6312137842178345	0.5521187782287598	0.07909500598907471	0.39948663115501404	0.6903803944587708	0.2908937633037567	True	True	False	local_anchor_w0.50	Calibrated mixture	True	selected_source_cv_mse < idw_source_cv_mse AND delta_source_cv_pearson > 0.03
6s_E1_to_E2	6-somite	E1	E2	309	pax6b	False	0.7420540452003479	0.6001083254814148	0.1419457197189331	0.47485339641571045	0.9401516914367676	0.46529829502105713	True	True	False	local_anchor_w0.50	Calibrated mixture	True	selected_source_cv_mse < idw_source_cv_mse AND delta_source_cv_pearson > 0.03
6s_E1_to_E2	6-somite	E1	E2	310	pbx1b	False	0.4649169445037842	0.4237351715564728	0.0411817729473114	0.2938385605812073	0.3663438558578491	0.07250529527664185	True	True	False	global_anchor_w0.50	Calibrated mixture	True	selected_source_cv_mse < idw_source_cv_mse AND delta_source_cv_pearson > 0.03
6s_E1_to_E2	6-somite	E1	E2	311	pbx4	False	0.8181763887405396	0.7716107964515686	0.04656559228897095	0.0842103362083435	0.11383064091205597	0.029620304703712463	True	True	False	local_anchor_w0.25	Calibrated mixture	True	selected_source_cv_mse < idw_source_cv_mse AND delta_source_cv_pearson > 0.03
6s_E1_to_E2	6-somite	E1	E2	312	pcdh10b	False	0.7278700470924377	0.549854576587677	0.17801547050476074	0.6461727619171143	1.1162647008895874	0.47009193897247314	True	True	False	local_anchor_w0.25	Calibrated mixture	True	selected_source_cv_mse < idw_source_cv_mse AND delta_source_cv_pearson > 0.03
6s_E1_to_E2	6-somite	E1	E2	313	pcdh7b	False	0.21397630870342255	0.10844457894563675	0.1055317297577858	0.10586442053318024	0.1305163949728012	0.02465197443962097	True	True	False	global_anchor_w1.00	Anchor-only	True	selected_source_cv_mse < idw_source_cv_mse AND delta_source_cv_pearson > 0.03
6s_E1_to_E2	6-somite	E1	E2	314	PCDH8	False	0.23942877352237701	0.20245735347270966	0.03697142004966736	0.09308667480945587	0.1088419184088707	0.015755243599414825	True	True	False	global_anchor_w0.50	Calibrated mixture	True	selected_source_cv_mse < idw_source_cv_mse AND delta_source_cv_pearson > 0.03
6s_E1_to_E2	6-somite	E1	E2	315	pcdh8	False	0.8216573596000671	0.6762955188751221	0.14536184072494507	0.2715764343738556	0.4496004581451416	0.178024023771286	True	True	False	local_anchor_w0.50	Calibrated mixture	True	selected_source_cv_mse < idw_source_cv_mse AND delta_source_cv_pearson > 0.03
6s_E1_to_E2	6-somite	E1	E2	316	pdap1a	False	0.2747075855731964	0.13167765736579895	0.14302992820739746	0.20249898731708527	0.24314525723457336	0.0406462699174881	True	True	False	global_anchor_w1.00	Anchor-only	True	selected_source_cv_mse < idw_source_cv_mse AND delta_source_cv_pearson > 0.03
6s_E1_to_E2	6-somite	E1	E2	317	perp	False	0.7023782134056091	0.30712562799453735	0.3952525854110718	0.3663314878940582	0.7576764822006226	0.39134499430656433	True	True	False	local_anchor_w0.50	Calibrated mixture	True	selected_source_cv_mse < idw_source_cv_mse AND delta_source_cv_pearson > 0.03
6s_E1_to_E2	6-somite	E1	E2	318	pfn2	False	0.276053249835968	0.19346559047698975	0.08258765935897827	0.32268089056015015	0.39213502407073975	0.0694541335105896	True	True	False	local_anchor_w0.75	Calibrated mixture	True	selected_source_cv_mse < idw_source_cv_mse AND delta_source_cv_pearson > 0.03
6s_E1_to_E2	6-somite	E1	E2	319	pitx2	False	0.5609946250915527	0.5529519319534302	0.008042693138122559	0.21631331741809845	0.24611680209636688	0.029803484678268433	False	False	True	global_anchor_w0.25	IDW fallback	False	selected_source_cv_mse < idw_source_cv_mse AND delta_source_cv_pearson > 0.03
6s_E1_to_E2	6-somite	E1	E2	320	pknox1.1	False	0.19253748655319214	0.143967404961586	0.04857008159160614	0.318722665309906	0.3592945337295532	0.04057186841964722	True	True	False	local_anchor_w0.75	Calibrated mixture	True	selected_source_cv_mse < idw_source_cv_mse AND delta_source_cv_pearson > 0.03
6s_E1_to_E2	6-somite	E1	E2	321	plagl2	False	0.3482981026172638	0.25830167531967163	0.08999642729759216	0.30270400643348694	0.3712957501411438	0.06859174370765686	True	True	False	local_anchor_w0.75	Calibrated mixture	True	selected_source_cv_mse < idw_source_cv_mse AND delta_source_cv_pearson > 0.03
6s_E1_to_E2	6-somite	E1	E2	322	plekhg5b	False	0.18106123805046082	0.08585887402296066	0.09520236402750015	0.25163349509239197	0.31823956966400146	0.0666060745716095	True	True	False	local_anchor_w0.75	Calibrated mixture	True	selected_source_cv_mse < idw_source_cv_mse AND delta_source_cv_pearson > 0.03
6s_E1_to_E2	6-somite	E1	E2	323	pmp22b	False	0.5542129874229431	0.5162469744682312	0.037966012954711914	0.1619853377342224	0.17677061259746552	0.014785274863243103	True	True	False	local_anchor_w0.50	Calibrated mixture	True	selected_source_cv_mse < idw_source_cv_mse AND delta_source_cv_pearson > 0.03
6s_E1_to_E2	6-somite	E1	E2	324	pold3	False	0.3670714497566223	0.22563892602920532	0.141432523727417	0.2753826379776001	0.35309749841690063	0.07771486043930054	True	True	False	local_anchor_w0.75	Calibrated mixture	True	selected_source_cv_mse < idw_source_cv_mse AND delta_source_cv_pearson > 0.03
6s_E1_to_E2	6-somite	E1	E2	325	ppan	False	0.3867408335208893	0.2938593029975891	0.09288153052330017	0.3095138967037201	0.36216720938682556	0.05265331268310547	True	True	False	local_anchor_w0.50	Calibrated mixture	True	selected_source_cv_mse < idw_source_cv_mse AND delta_source_cv_pearson > 0.03
6s_E1_to_E2	6-somite	E1	E2	326	ppp1r7	False	0.1419937163591385	0.07127907127141953	0.07071464508771896	0.12630674242973328	0.14792044460773468	0.021613702178001404	True	True	False	global_anchor_w0.75	Calibrated mixture	True	selected_source_cv_mse < idw_source_cv_mse AND delta_source_cv_pearson > 0.03
6s_E1_to_E2	6-somite	E1	E2	327	prdm1a	False	0.6900334358215332	0.5976349115371704	0.09239852428436279	0.7370098829269409	1.0150809288024902	0.2780710458755493	True	True	False	local_anchor_w0.25	Calibrated mixture	True	selected_source_cv_mse < idw_source_cv_mse AND delta_source_cv_pearson > 0.03
6s_E1_to_E2	6-somite	E1	E2	328	prickle1b	False	0.8072953820228577	0.7360348701477051	0.07126051187515259	0.44755563139915466	0.6192685961723328	0.1717129647731781	True	True	False	local_anchor_w0.50	Calibrated mixture	True	selected_source_cv_mse < idw_source_cv_mse AND delta_source_cv_pearson > 0.03
6s_E1_to_E2	6-somite	E1	E2	329	prmt1	True	1.0000003576278687	0.4301460087299347	0.569854348897934	1.7675755259460857e-07	0.27473902702331543	0.27473885026576284	True	False	True	global_anchor_w1.00	IDW fallback	False	selected_source_cv_mse < idw_source_cv_mse AND delta_source_cv_pearson > 0.03
6s_E1_to_E2	6-somite	E1	E2	330	prox1a	False	0.4297856092453003	0.3968988060951233	0.032886803150177	0.3772549331188202	0.41383275389671326	0.036577820777893066	True	True	False	global_anchor_w0.25	Calibrated mixture	True	selected_source_cv_mse < idw_source_cv_mse AND delta_source_cv_pearson > 0.03
6s_E1_to_E2	6-somite	E1	E2	331	ptp4a2b	False	0.4420035779476166	0.38810619711875916	0.05389738082885742	0.28845852613449097	0.32407623529434204	0.035617709159851074	True	True	False	global_anchor_w0.50	Calibrated mixture	True	selected_source_cv_mse < idw_source_cv_mse AND delta_source_cv_pearson > 0.03
6s_E1_to_E2	6-somite	E1	E2	332	pttg1	False	0.26451289653778076	0.16288472712039948	0.10162816941738129	0.26757657527923584	0.3188574016094208	0.051280826330184937	True	True	False	local_anchor_w0.75	Calibrated mixture	True	selected_source_cv_mse < idw_source_cv_mse AND delta_source_cv_pearson > 0.03
6s_E1_to_E2	6-somite	E1	E2	333	rab11fip4a	False	0.6253920197486877	0.4757267236709595	0.14966529607772827	0.42146995663642883	0.8142961263656616	0.3928261697292328	True	True	False	local_anchor_w0.50	Calibrated mixture	True	selected_source_cv_mse < idw_source_cv_mse AND delta_source_cv_pearson > 0.03
6s_E1_to_E2	6-somite	E1	E2	334	rac1a	False	0.3571007251739502	0.2874498665332794	0.06965085864067078	0.2713780701160431	0.3078267276287079	0.036448657512664795	True	True	False	local_anchor_w0.50	Calibrated mixture	True	selected_source_cv_mse < idw_source_cv_mse AND delta_source_cv_pearson > 0.03
6s_E1_to_E2	6-somite	E1	E2	335	raraa	False	0.7957210540771484	0.7243536114692688	0.07136744260787964	0.36918923258781433	0.515506386756897	0.14631715416908264	True	True	False	local_anchor_w0.25	Calibrated mixture	True	selected_source_cv_mse < idw_source_cv_mse AND delta_source_cv_pearson > 0.03
6s_E1_to_E2	6-somite	E1	E2	336	rasgef1ba	False	0.7186084389686584	0.6620392799377441	0.05656915903091431	0.4013086259365082	0.49614015221595764	0.09483152627944946	True	True	False	local_anchor_w0.25	Calibrated mixture	True	selected_source_cv_mse < idw_source_cv_mse AND delta_source_cv_pearson > 0.03
6s_E1_to_E2	6-somite	E1	E2	337	rasl11b	False	0.4236753284931183	0.23090992867946625	0.19276539981365204	0.31038862466812134	0.4197937250137329	0.10940510034561157	True	True	False	local_anchor_w0.75	Calibrated mixture	True	selected_source_cv_mse < idw_source_cv_mse AND delta_source_cv_pearson > 0.03
6s_E1_to_E2	6-somite	E1	E2	338	rbbp4	False	0.6188191771507263	0.4386425316333771	0.18017664551734924	0.19799380004405975	0.28623732924461365	0.0882435292005539	True	True	False	global_anchor_w0.50	Calibrated mixture	True	selected_source_cv_mse < idw_source_cv_mse AND delta_source_cv_pearson > 0.03
6s_E1_to_E2	6-somite	E1	E2	339	rbm4.3	False	0.7757304310798645	0.7213306427001953	0.05439978837966919	0.26569077372550964	0.3332464098930359	0.06755563616752625	True	True	False	local_anchor_w0.25	Calibrated mixture	True	selected_source_cv_mse < idw_source_cv_mse AND delta_source_cv_pearson > 0.03
6s_E1_to_E2	6-somite	E1	E2	340	rbm7	False	0.1880127340555191	0.06540821492671967	0.12260451912879944	0.3101597726345062	0.3729444742202759	0.06278470158576965	True	True	False	global_anchor_w1.00	Anchor-only	True	selected_source_cv_mse < idw_source_cv_mse AND delta_source_cv_pearson > 0.03
6s_E1_to_E2	6-somite	E1	E2	341	rbmx	False	0.4228077232837677	0.3025505840778351	0.12025713920593262	0.22169016301631927	0.25333988666534424	0.03164972364902496	True	True	False	local_anchor_w0.75	Calibrated mixture	True	selected_source_cv_mse < idw_source_cv_mse AND delta_source_cv_pearson > 0.03
6s_E1_to_E2	6-somite	E1	E2	342	rcc1	False	0.4628501236438751	0.35207709670066833	0.11077302694320679	0.29811832308769226	0.3579963445663452	0.059878021478652954	True	True	False	local_anchor_w0.75	Calibrated mixture	True	selected_source_cv_mse < idw_source_cv_mse AND delta_source_cv_pearson > 0.03
6s_E1_to_E2	6-somite	E1	E2	343	rdh10b	False	0.28940775990486145	0.19609183073043823	0.09331592917442322	0.16580359637737274	0.21540361642837524	0.0496000200510025	True	True	False	local_anchor_w0.75	Calibrated mixture	True	selected_source_cv_mse < idw_source_cv_mse AND delta_source_cv_pearson > 0.03
6s_E1_to_E2	6-somite	E1	E2	344	rfx2	False	0.34146884083747864	0.2288156896829605	0.11265315115451813	0.3589459955692291	0.4979739189147949	0.1390279233455658	True	True	False	local_anchor_w0.50	Calibrated mixture	True	selected_source_cv_mse < idw_source_cv_mse AND delta_source_cv_pearson > 0.03
6s_E1_to_E2	6-somite	E1	E2	345	rhov	False	0.19655601680278778	0.1203051209449768	0.07625089585781097	0.20003777742385864	0.2810188829898834	0.08098110556602478	True	True	False	local_anchor_w0.75	Calibrated mixture	True	selected_source_cv_mse < idw_source_cv_mse AND delta_source_cv_pearson > 0.03
6s_E1_to_E2	6-somite	E1	E2	346	ripply1	False	0.6618558168411255	0.5761265754699707	0.08572924137115479	0.2842855155467987	0.34367111325263977	0.059385597705841064	True	True	False	local_anchor_w0.50	Calibrated mixture	True	selected_source_cv_mse < idw_source_cv_mse AND delta_source_cv_pearson > 0.03
6s_E1_to_E2	6-somite	E1	E2	347	rnd1b	False	0.4469449520111084	0.3410978317260742	0.10584712028503418	0.23347851634025574	0.3107623755931854	0.07728385925292969	True	True	False	local_anchor_w0.50	Calibrated mixture	True	selected_source_cv_mse < idw_source_cv_mse AND delta_source_cv_pearson > 0.03
6s_E1_to_E2	6-somite	E1	E2	348	rpl10	False	0.7598608732223511	0.6970654129981995	0.06279546022415161	0.18936607241630554	0.2340559959411621	0.04468992352485657	True	True	False	local_anchor_w0.25	Calibrated mixture	True	selected_source_cv_mse < idw_source_cv_mse AND delta_source_cv_pearson > 0.03
6s_E1_to_E2	6-somite	E1	E2	349	rpl19	False	0.5803608894348145	0.4504949450492859	0.12986594438552856	0.1394214779138565	0.16755123436450958	0.028129756450653076	True	True	False	global_anchor_w0.50	Calibrated mixture	True	selected_source_cv_mse < idw_source_cv_mse AND delta_source_cv_pearson > 0.03
6s_E1_to_E2	6-somite	E1	E2	350	rpl31	False	0.4778156578540802	0.43372443318367004	0.044091224670410156	0.12996016442775726	0.14062592387199402	0.010665759444236755	True	True	False	local_anchor_w0.50	Calibrated mixture	True	selected_source_cv_mse < idw_source_cv_mse AND delta_source_cv_pearson > 0.03
6s_E1_to_E2	6-somite	E1	E2	351	rpl34	False	0.12929105758666992	0.07610427588224411	0.05318678170442581	0.25784873962402344	0.29467764496803284	0.0368289053440094	True	True	False	local_anchor_w0.75	Calibrated mixture	True	selected_source_cv_mse < idw_source_cv_mse AND delta_source_cv_pearson > 0.03
6s_E1_to_E2	6-somite	E1	E2	352	rpl38	False	0.3425748944282532	0.23888565599918365	0.10368923842906952	0.2567629814147949	0.3075714111328125	0.05080842971801758	True	True	False	local_anchor_w0.75	Calibrated mixture	True	selected_source_cv_mse < idw_source_cv_mse AND delta_source_cv_pearson > 0.03
6s_E1_to_E2	6-somite	E1	E2	353	rpl4	False	0.37245118618011475	0.2871062457561493	0.08534494042396545	0.33278709650039673	0.3774449825286865	0.044657886028289795	True	True	False	local_anchor_w0.50	Calibrated mixture	True	selected_source_cv_mse < idw_source_cv_mse AND delta_source_cv_pearson > 0.03
6s_E1_to_E2	6-somite	E1	E2	354	rpl5a	False	0.49298930168151855	0.3778895437717438	0.11509975790977478	0.1685379445552826	0.19872191548347473	0.03018397092819214	True	True	False	local_anchor_w0.50	Calibrated mixture	True	selected_source_cv_mse < idw_source_cv_mse AND delta_source_cv_pearson > 0.03
6s_E1_to_E2	6-somite	E1	E2	355	rpl6	False	0.37583571672439575	0.3265015780925751	0.04933413863182068	0.052955079823732376	0.05973033234477043	0.006775252521038055	True	True	False	global_anchor_w0.25	Calibrated mixture	True	selected_source_cv_mse < idw_source_cv_mse AND delta_source_cv_pearson > 0.03
6s_E1_to_E2	6-somite	E1	E2	356	rplp0	False	0.7765420079231262	0.6487269401550293	0.12781506776809692	0.020505083724856377	0.033121123909950256	0.01261604018509388	True	True	False	global_anchor_w0.50	Calibrated mixture	True	selected_source_cv_mse < idw_source_cv_mse AND delta_source_cv_pearson > 0.03
6s_E1_to_E2	6-somite	E1	E2	357	rplp2l	False	0.7682538628578186	0.6657285690307617	0.10252529382705688	0.12462756037712097	0.1688155084848404	0.04418794810771942	True	True	False	local_anchor_w0.25	Calibrated mixture	True	selected_source_cv_mse < idw_source_cv_mse AND delta_source_cv_pearson > 0.03
6s_E1_to_E2	6-somite	E1	E2	358	rps3	False	0.5627902746200562	0.4040485620498657	0.15874171257019043	0.06215228512883186	0.07508950680494308	0.012937221676111221	True	True	False	local_anchor_w0.50	Calibrated mixture	True	selected_source_cv_mse < idw_source_cv_mse AND delta_source_cv_pearson > 0.03
6s_E1_to_E2	6-somite	E1	E2	359	rps6	False	0.7475594878196716	0.5982164144515991	0.1493430733680725	0.021696411073207855	0.03474162891507149	0.013045217841863632	True	True	False	global_anchor_w0.25	Calibrated mixture	True	selected_source_cv_mse < idw_source_cv_mse AND delta_source_cv_pearson > 0.03
6s_E1_to_E2	6-somite	E1	E2	360	rrbp1b	True	0.9999991655349731	0.6124448776245117	0.3875542879104614	1.2967873317393241e-06	1.2089183330535889	1.2089170362662571	True	False	True	global_anchor_w1.00	IDW fallback	False	selected_source_cv_mse < idw_source_cv_mse AND delta_source_cv_pearson > 0.03
6s_E1_to_E2	6-somite	E1	E2	361	rreb1a	False	0.5285724401473999	0.40822649002075195	0.12034595012664795	0.32708171010017395	0.3826718032360077	0.05559009313583374	True	True	False	local_anchor_w0.50	Calibrated mixture	True	selected_source_cv_mse < idw_source_cv_mse AND delta_source_cv_pearson > 0.03
6s_E1_to_E2	6-somite	E1	E2	362	rreb1b	False	0.6108768582344055	0.5183813571929932	0.09249550104141235	0.39806532859802246	0.4968021810054779	0.09873685240745544	True	True	False	local_anchor_w0.50	Calibrated mixture	True	selected_source_cv_mse < idw_source_cv_mse AND delta_source_cv_pearson > 0.03
6s_E1_to_E2	6-somite	E1	E2	363	rrm2	False	0.5148110389709473	0.320118248462677	0.19469279050827026	0.40056294202804565	0.5472331643104553	0.14667022228240967	True	True	False	global_anchor_w0.50	Calibrated mixture	True	selected_source_cv_mse < idw_source_cv_mse AND delta_source_cv_pearson > 0.03
6s_E1_to_E2	6-somite	E1	E2	364	rrp8	False	0.2239866405725479	0.04377654939889908	0.18021009117364883	0.21047185361385345	0.26354968547821045	0.053077831864356995	True	True	False	global_anchor_w1.00	Anchor-only	True	selected_source_cv_mse < idw_source_cv_mse AND delta_source_cv_pearson > 0.03
6s_E1_to_E2	6-somite	E1	E2	365	rx3	False	0.7350314855575562	0.7132613062858582	0.021770179271697998	0.33796367049217224	0.5311596393585205	0.19319596886634827	False	False	True	local_anchor_w0.50	IDW fallback	False	selected_source_cv_mse < idw_source_cv_mse AND delta_source_cv_pearson > 0.03
6s_E1_to_E2	6-somite	E1	E2	366	rxraa	False	0.3964690864086151	0.25939247012138367	0.13707661628723145	0.2400086671113968	0.3390160799026489	0.09900741279125214	True	True	False	local_anchor_w0.75	Calibrated mixture	True	selected_source_cv_mse < idw_source_cv_mse AND delta_source_cv_pearson > 0.03
6s_E1_to_E2	6-somite	E1	E2	367	rxrgb	False	0.42932379245758057	0.37369829416275024	0.05562549829483032	0.3090566396713257	0.4120296835899353	0.10297304391860962	True	True	False	local_anchor_w0.50	Calibrated mixture	True	selected_source_cv_mse < idw_source_cv_mse AND delta_source_cv_pearson > 0.03
6s_E1_to_E2	6-somite	E1	E2	368	sall1a	False	0.2793962061405182	0.2062159925699234	0.07318021357059479	0.12760457396507263	0.16824303567409515	0.04063846170902252	True	True	False	local_anchor_w0.75	Calibrated mixture	True	selected_source_cv_mse < idw_source_cv_mse AND delta_source_cv_pearson > 0.03
6s_E1_to_E2	6-somite	E1	E2	369	sall3a	False	0.21654506027698517	0.09068579971790314	0.12585926055908203	0.22728969156742096	0.29556360840797424	0.06827391684055328	True	True	False	global_anchor_w1.00	Anchor-only	True	selected_source_cv_mse < idw_source_cv_mse AND delta_source_cv_pearson > 0.03
6s_E1_to_E2	6-somite	E1	E2	370	sall3b	False	0.6185612678527832	0.5912742018699646	0.027287065982818604	0.17805787920951843	0.2226237803697586	0.04456590116024017	False	False	True	local_anchor_w0.25	IDW fallback	False	selected_source_cv_mse < idw_source_cv_mse AND delta_source_cv_pearson > 0.03
6s_E1_to_E2	6-somite	E1	E2	371	sdc4	False	0.31947046518325806	0.1729886382818222	0.14648182690143585	0.3269423544406891	0.39729270339012146	0.07035034894943237	True	True	False	local_anchor_w0.75	Calibrated mixture	True	selected_source_cv_mse < idw_source_cv_mse AND delta_source_cv_pearson > 0.03
6s_E1_to_E2	6-somite	E1	E2	372	sebox	False	0.10317124426364899	-0.003490981413051486	0.10666222567670047	0.04905005171895027	0.06047442927956581	0.01142437756061554	True	True	False	global_anchor_w1.00	Anchor-only	True	selected_source_cv_mse < idw_source_cv_mse AND delta_source_cv_pearson > 0.03
6s_E1_to_E2	6-somite	E1	E2	373	sept9a	False	0.6289304494857788	0.47687917947769165	0.15205127000808716	0.41360166668891907	0.5490978360176086	0.13549616932868958	True	True	False	local_anchor_w0.50	Calibrated mixture	True	selected_source_cv_mse < idw_source_cv_mse AND delta_source_cv_pearson > 0.03
6s_E1_to_E2	6-somite	E1	E2	374	shha	False	0.6341211795806885	0.5909249186515808	0.043196260929107666	0.27572011947631836	0.35833773016929626	0.0826176106929779	True	True	False	local_anchor_w0.50	Calibrated mixture	True	selected_source_cv_mse < idw_source_cv_mse AND delta_source_cv_pearson > 0.03
6s_E1_to_E2	6-somite	E1	E2	375	si:ch211-106e7.2	False	0.2665362060070038	0.13001061975955963	0.13652558624744415	0.14646483957767487	0.17577341198921204	0.02930857241153717	True	True	False	local_anchor_w0.75	Calibrated mixture	True	selected_source_cv_mse < idw_source_cv_mse AND delta_source_cv_pearson > 0.03
6s_E1_to_E2	6-somite	E1	E2	376	si:ch211-113a14.12	False	0.3885696232318878	0.20692086219787598	0.18164876103401184	0.30821123719215393	0.37432771921157837	0.06611648201942444	True	True	False	global_anchor_w0.75	Calibrated mixture	True	selected_source_cv_mse < idw_source_cv_mse AND delta_source_cv_pearson > 0.03
6s_E1_to_E2	6-somite	E1	E2	377	si:ch211-113a14.18	False	0.3272867798805237	0.24134473502635956	0.08594204485416412	0.2276865541934967	0.26450812816619873	0.036821573972702026	True	True	False	local_anchor_w0.75	Calibrated mixture	True	selected_source_cv_mse < idw_source_cv_mse AND delta_source_cv_pearson > 0.03
6s_E1_to_E2	6-somite	E1	E2	378	si:ch211-114n24.6	False	0.29643458127975464	0.21744590997695923	0.07898867130279541	0.13353492319583893	0.15503031015396118	0.021495386958122253	True	True	False	global_anchor_w0.75	Calibrated mixture	True	selected_source_cv_mse < idw_source_cv_mse AND delta_source_cv_pearson > 0.03
6s_E1_to_E2	6-somite	E1	E2	379	si:ch211-155e24.3	False	0.46399155259132385	0.26937440037727356	0.1946171522140503	0.29319873452186584	0.40018707513809204	0.1069883406162262	True	True	False	local_anchor_w0.75	Calibrated mixture	True	selected_source_cv_mse < idw_source_cv_mse AND delta_source_cv_pearson > 0.03
6s_E1_to_E2	6-somite	E1	E2	380	si:ch211-161h7.4	False	0.3154107928276062	0.19584177434444427	0.11956901848316193	0.2836792469024658	0.34442102909088135	0.06074178218841553	True	True	False	local_anchor_w0.75	Calibrated mixture	True	selected_source_cv_mse < idw_source_cv_mse AND delta_source_cv_pearson > 0.03
6s_E1_to_E2	6-somite	E1	E2	381	si:ch211-163l21.7	False	0.17011210322380066	0.09361710399389267	0.07649499922990799	0.10174955427646637	0.11877616494894028	0.017026610672473907	True	True	False	local_anchor_w0.75	Calibrated mixture	True	selected_source_cv_mse < idw_source_cv_mse AND delta_source_cv_pearson > 0.03
6s_E1_to_E2	6-somite	E1	E2	382	si:dkey-108k21.14	False	0.5489712357521057	0.4063876271247864	0.14258360862731934	0.5375198125839233	0.7108485102653503	0.173328697681427	True	True	False	local_anchor_w0.50	Calibrated mixture	True	selected_source_cv_mse < idw_source_cv_mse AND delta_source_cv_pearson > 0.03
6s_E1_to_E2	6-somite	E1	E2	383	si:dkey-108k21.21	False	0.12968367338180542	0.08679736405611038	0.04288630932569504	0.06875701993703842	0.08119315654039383	0.012436136603355408	True	True	False	local_anchor_w0.75	Calibrated mixture	True	selected_source_cv_mse < idw_source_cv_mse AND delta_source_cv_pearson > 0.03
6s_E1_to_E2	6-somite	E1	E2	384	si:dkey-261h17.1	False	0.7548383474349976	0.5911603569984436	0.16367799043655396	0.405311644077301	0.6625069379806519	0.25719529390335083	True	True	False	local_anchor_w0.50	Calibrated mixture	True	selected_source_cv_mse < idw_source_cv_mse AND delta_source_cv_pearson > 0.03
6s_E1_to_E2	6-somite	E1	E2	385	si:dkey-261m9.12	False	0.5408815145492554	0.39493414759635925	0.14594736695289612	0.5465585589408875	0.7136678099632263	0.16710925102233887	True	True	False	local_anchor_w0.50	Calibrated mixture	True	selected_source_cv_mse < idw_source_cv_mse AND delta_source_cv_pearson > 0.03
6s_E1_to_E2	6-somite	E1	E2	386	si:dkey-66i24.9	False	0.2707330584526062	0.15281103551387787	0.11792202293872833	0.2893672585487366	0.3354749083518982	0.04610764980316162	True	True	False	local_anchor_w0.75	Calibrated mixture	True	selected_source_cv_mse < idw_source_cv_mse AND delta_source_cv_pearson > 0.03
6s_E1_to_E2	6-somite	E1	E2	387	si:dkey-68o6.5	False	0.09982913732528687	0.05308961123228073	0.046739526093006134	0.08243253827095032	0.09430436044931412	0.0118718221783638	True	True	False	global_anchor_w0.75	Calibrated mixture	True	selected_source_cv_mse < idw_source_cv_mse AND delta_source_cv_pearson > 0.03
6s_E1_to_E2	6-somite	E1	E2	388	si:dkey-92i17.2	False	0.23072487115859985	0.13396744430065155	0.0967574268579483	0.23241016268730164	0.27208465337753296	0.03967449069023132	True	True	False	global_anchor_w0.75	Calibrated mixture	True	selected_source_cv_mse < idw_source_cv_mse AND delta_source_cv_pearson > 0.03
6s_E1_to_E2	6-somite	E1	E2	389	six3b	False	0.7111056447029114	0.5988180041313171	0.11228764057159424	0.2894325256347656	0.34937670826911926	0.05994418263435364	True	True	False	local_anchor_w0.50	Calibrated mixture	True	selected_source_cv_mse < idw_source_cv_mse AND delta_source_cv_pearson > 0.03
6s_E1_to_E2	6-somite	E1	E2	390	six4a	False	0.8116105198860168	0.5852727293968201	0.22633779048919678	0.27237725257873535	0.5256383419036865	0.25326108932495117	True	True	False	local_anchor_w0.50	Calibrated mixture	True	selected_source_cv_mse < idw_source_cv_mse AND delta_source_cv_pearson > 0.03
6s_E1_to_E2	6-somite	E1	E2	391	six4b	False	0.7671552896499634	0.6447098851203918	0.12244540452957153	0.33761560916900635	0.47649988532066345	0.1388842761516571	True	True	False	local_anchor_w0.25	Calibrated mixture	True	selected_source_cv_mse < idw_source_cv_mse AND delta_source_cv_pearson > 0.03
6s_E1_to_E2	6-somite	E1	E2	392	six7	True	1.0000237226486206	0.7983736991882324	0.20165002346038818	4.2801394783964497e-07	0.3583357632160187	0.35833533520207084	True	False	True	global_anchor_w1.00	IDW fallback	False	selected_source_cv_mse < idw_source_cv_mse AND delta_source_cv_pearson > 0.03
6s_E1_to_E2	6-somite	E1	E2	393	skia	False	0.7662234306335449	0.748851478099823	0.017371952533721924	0.3101632595062256	0.3417098820209503	0.03154662251472473	False	False	True	local_anchor_w0.25	IDW fallback	False	selected_source_cv_mse < idw_source_cv_mse AND delta_source_cv_pearson > 0.03
6s_E1_to_E2	6-somite	E1	E2	394	skila	False	0.3649684488773346	0.3174719512462616	0.047496497631073	0.29894399642944336	0.3423352539539337	0.043391257524490356	True	True	False	global_anchor_w0.50	Calibrated mixture	True	selected_source_cv_mse < idw_source_cv_mse AND delta_source_cv_pearson > 0.03
6s_E1_to_E2	6-somite	E1	E2	395	skilb	False	0.2460455298423767	0.16547271609306335	0.08057281374931335	0.20284703373908997	0.23534603416919708	0.03249900043010712	True	True	False	local_anchor_w0.75	Calibrated mixture	True	selected_source_cv_mse < idw_source_cv_mse AND delta_source_cv_pearson > 0.03
6s_E1_to_E2	6-somite	E1	E2	396	smtnl	False	0.6823540329933167	0.40088412165641785	0.2814699113368988	0.395990252494812	0.7115386128425598	0.3155483603477478	True	True	False	local_anchor_w0.75	Calibrated mixture	True	selected_source_cv_mse < idw_source_cv_mse AND delta_source_cv_pearson > 0.03
6s_E1_to_E2	6-somite	E1	E2	397	snai1a	False	0.7733247876167297	0.4499790072441101	0.32334578037261963	0.452840656042099	1.0362764596939087	0.5834358036518097	True	True	False	local_anchor_w0.75	Calibrated mixture	True	selected_source_cv_mse < idw_source_cv_mse AND delta_source_cv_pearson > 0.03
6s_E1_to_E2	6-somite	E1	E2	398	snai2	False	0.6236916780471802	0.5164915323257446	0.10720014572143555	0.4862644374370575	0.6132634878158569	0.12699905037879944	True	True	False	local_anchor_w0.50	Calibrated mixture	True	selected_source_cv_mse < idw_source_cv_mse AND delta_source_cv_pearson > 0.03
6s_E1_to_E2	6-somite	E1	E2	399	snrpc	False	0.13587890565395355	0.04907584190368652	0.08680306375026703	0.2879159152507782	0.33838409185409546	0.05046817660331726	True	True	False	global_anchor_w1.00	Anchor-only	True	selected_source_cv_mse < idw_source_cv_mse AND delta_source_cv_pearson > 0.03
6s_E1_to_E2	6-somite	E1	E2	400	snrpd3	False	0.15113751590251923	0.04188782721757889	0.10924968868494034	0.06558168679475784	0.07900198549032211	0.01342029869556427	True	True	False	global_anchor_w1.00	Anchor-only	True	selected_source_cv_mse < idw_source_cv_mse AND delta_source_cv_pearson > 0.03
6s_E1_to_E2	6-somite	E1	E2	401	snrpg	False	0.21003030240535736	0.11570977419614792	0.09432052820920944	0.2577173709869385	0.30119389295578003	0.04347652196884155	True	True	False	global_anchor_w1.00	Anchor-only	True	selected_source_cv_mse < idw_source_cv_mse AND delta_source_cv_pearson > 0.03
6s_E1_to_E2	6-somite	E1	E2	402	sox10	False	0.5233777761459351	0.24664610624313354	0.2767316699028015	0.3272063434123993	0.42537814378738403	0.09817180037498474	True	True	False	local_anchor_w0.75	Calibrated mixture	True	selected_source_cv_mse < idw_source_cv_mse AND delta_source_cv_pearson > 0.03
6s_E1_to_E2	6-somite	E1	E2	403	sox11a	True	0.9999949336051941	0.46912068128585815	0.5308742523193359	1.2748500921588857e-06	1.306745171546936	1.3067438966968439	True	False	True	global_anchor_w1.00	IDW fallback	False	selected_source_cv_mse < idw_source_cv_mse AND delta_source_cv_pearson > 0.03
6s_E1_to_E2	6-somite	E1	E2	404	sox11b	False	0.6446129679679871	0.42738693952560425	0.2172260284423828	0.5190553665161133	0.8226657509803772	0.3036103844642639	True	True	False	local_anchor_w0.25	Calibrated mixture	True	selected_source_cv_mse < idw_source_cv_mse AND delta_source_cv_pearson > 0.03
6s_E1_to_E2	6-somite	E1	E2	405	sox13	False	0.835563063621521	0.7075386047363281	0.12802445888519287	0.31172510981559753	0.6806656122207642	0.3689405024051666	True	True	False	local_anchor_w0.50	Calibrated mixture	True	selected_source_cv_mse < idw_source_cv_mse AND delta_source_cv_pearson > 0.03
6s_E1_to_E2	6-somite	E1	E2	406	sox17	False	0.18299438059329987	0.10346590727567673	0.07952847331762314	0.14203813672065735	0.17293553054332733	0.030897393822669983	True	True	False	local_anchor_w0.75	Calibrated mixture	True	selected_source_cv_mse < idw_source_cv_mse AND delta_source_cv_pearson > 0.03
6s_E1_to_E2	6-somite	E1	E2	407	sox19a	False	0.8301643133163452	0.6355750560760498	0.1945892572402954	0.735476016998291	2.1381161212921143	1.4026401042938232	True	True	False	local_anchor_w0.50	Calibrated mixture	True	selected_source_cv_mse < idw_source_cv_mse AND delta_source_cv_pearson > 0.03
6s_E1_to_E2	6-somite	E1	E2	408	sox2	False	0.7756277918815613	0.6318733096122742	0.1437544822692871	0.5394869446754456	1.076053261756897	0.5365663170814514	True	True	False	local_anchor_w0.50	Calibrated mixture	True	selected_source_cv_mse < idw_source_cv_mse AND delta_source_cv_pearson > 0.03
6s_E1_to_E2	6-somite	E1	E2	409	sox3	False	0.68418949842453	0.5161078572273254	0.1680816411972046	0.581049919128418	1.1132307052612305	0.5321807861328125	True	True	False	local_anchor_w0.50	Calibrated mixture	True	selected_source_cv_mse < idw_source_cv_mse AND delta_source_cv_pearson > 0.03
6s_E1_to_E2	6-somite	E1	E2	410	sox32	False	0.3851126730442047	0.3695339262485504	0.015578746795654297	0.18016275763511658	0.3010202944278717	0.12085753679275513	False	False	True	global_anchor_w0.50	IDW fallback	False	selected_source_cv_mse < idw_source_cv_mse AND delta_source_cv_pearson > 0.03
6s_E1_to_E2	6-somite	E1	E2	411	sox5	False	0.7901320457458496	0.6718935370445251	0.11823850870132446	0.5717031359672546	0.8431494235992432	0.2714462876319885	True	True	False	local_anchor_w0.50	Calibrated mixture	True	selected_source_cv_mse < idw_source_cv_mse AND delta_source_cv_pearson > 0.03
6s_E1_to_E2	6-somite	E1	E2	412	sp5a	False	0.16601449251174927	0.08006135374307632	0.08595313876867294	0.15145856142044067	0.1965993195772171	0.04514075815677643	True	True	False	global_anchor_w1.00	Anchor-only	True	selected_source_cv_mse < idw_source_cv_mse AND delta_source_cv_pearson > 0.03
6s_E1_to_E2	6-somite	E1	E2	413	sp5l	False	0.7435352802276611	0.7143059372901917	0.029229342937469482	0.3629428744316101	0.48232635855674744	0.11938348412513733	False	False	True	local_anchor_w0.25	IDW fallback	False	selected_source_cv_mse < idw_source_cv_mse AND delta_source_cv_pearson > 0.03
6s_E1_to_E2	6-somite	E1	E2	414	sp8b	False	0.5945788621902466	0.3290160596370697	0.2655628025531769	0.893429696559906	1.9906375408172607	1.0972078442573547	True	True	False	local_anchor_w0.50	Calibrated mixture	True	selected_source_cv_mse < idw_source_cv_mse AND delta_source_cv_pearson > 0.03
6s_E1_to_E2	6-somite	E1	E2	415	spon1b	False	0.5761327147483826	0.3795173466205597	0.19661536812782288	0.2259058654308319	0.31039783358573914	0.08449196815490723	True	True	False	local_anchor_w0.50	Calibrated mixture	True	selected_source_cv_mse < idw_source_cv_mse AND delta_source_cv_pearson > 0.03
6s_E1_to_E2	6-somite	E1	E2	416	srp19	False	0.1627233624458313	0.08895497769117355	0.07376838475465775	0.2660767436027527	0.3117254674434662	0.0456487238407135	True	True	False	local_anchor_w0.75	Calibrated mixture	True	selected_source_cv_mse < idw_source_cv_mse AND delta_source_cv_pearson > 0.03
6s_E1_to_E2	6-somite	E1	E2	417	srrm4	False	0.23951001465320587	0.17974358797073364	0.05976642668247223	0.31542083621025085	0.43574434518814087	0.12032350897789001	True	True	False	local_anchor_w0.50	Calibrated mixture	True	selected_source_cv_mse < idw_source_cv_mse AND delta_source_cv_pearson > 0.03
6s_E1_to_E2	6-somite	E1	E2	418	stmn1a	False	0.24859338998794556	0.11948356032371521	0.12910982966423035	0.2526557445526123	0.30356380343437195	0.050908058881759644	True	True	False	local_anchor_w0.75	Calibrated mixture	True	selected_source_cv_mse < idw_source_cv_mse AND delta_source_cv_pearson > 0.03
6s_E1_to_E2	6-somite	E1	E2	419	stox1	False	0.47336602210998535	0.3166971504688263	0.15666887164115906	0.3545023500919342	0.5033631920814514	0.1488608419895172	True	True	False	local_anchor_w0.75	Calibrated mixture	True	selected_source_cv_mse < idw_source_cv_mse AND delta_source_cv_pearson > 0.03
6s_E1_to_E2	6-somite	E1	E2	420	supt16h	False	0.8225317597389221	0.6416100859642029	0.18092167377471924	0.06636154651641846	0.13476429879665375	0.06840275228023529	True	True	False	local_anchor_w0.25	Calibrated mixture	True	selected_source_cv_mse < idw_source_cv_mse AND delta_source_cv_pearson > 0.03
6s_E1_to_E2	6-somite	E1	E2	421	syne2b	False	0.5957775115966797	0.4474548101425171	0.1483227014541626	0.4018837511539459	0.5610944628715515	0.1592107117176056	True	True	False	global_anchor_w0.50	Calibrated mixture	True	selected_source_cv_mse < idw_source_cv_mse AND delta_source_cv_pearson > 0.03
6s_E1_to_E2	6-somite	E1	E2	422	szl	False	0.6445884704589844	0.6158314943313599	0.02875697612762451	0.27760910987854004	0.29574286937713623	0.01813375949859619	False	False	True	local_anchor_w0.00	IDW fallback	False	selected_source_cv_mse < idw_source_cv_mse AND delta_source_cv_pearson > 0.03
6s_E1_to_E2	6-somite	E1	E2	423	tagln2	False	0.7082508206367493	0.5282593369483948	0.1799914836883545	0.3625311851501465	0.6395495533943176	0.27701836824417114	True	True	False	local_anchor_w0.50	Calibrated mixture	True	selected_source_cv_mse < idw_source_cv_mse AND delta_source_cv_pearson > 0.03
6s_E1_to_E2	6-somite	E1	E2	424	tbr1b	False	0.0866658091545105	0.049222469329833984	0.037443339824676514	0.05158497765660286	0.06125808507204056	0.009673107415437698	True	True	False	global_anchor_w1.00	Anchor-only	True	selected_source_cv_mse < idw_source_cv_mse AND delta_source_cv_pearson > 0.03
6s_E1_to_E2	6-somite	E1	E2	425	tbx1	False	0.5605676770210266	0.5164982080459595	0.04406946897506714	0.276570588350296	0.5103331804275513	0.23376259207725525	True	True	False	local_anchor_w0.50	Calibrated mixture	True	selected_source_cv_mse < idw_source_cv_mse AND delta_source_cv_pearson > 0.03
6s_E1_to_E2	6-somite	E1	E2	426	tbx16	False	0.9361549615859985	0.804299533367157	0.13185542821884155	0.3408600986003876	0.9834597706794739	0.6425996720790863	True	True	False	local_anchor_w0.50	Calibrated mixture	True	selected_source_cv_mse < idw_source_cv_mse AND delta_source_cv_pearson > 0.03
6s_E1_to_E2	6-somite	E1	E2	427	tbx16l	True	0.9999951720237732	0.8012509346008301	0.19874423742294312	8.869026828506321e-07	0.6926111578941345	0.6926102709914517	True	False	True	global_anchor_w1.00	IDW fallback	False	selected_source_cv_mse < idw_source_cv_mse AND delta_source_cv_pearson > 0.03
6s_E1_to_E2	6-somite	E1	E2	428	tbx3b	False	0.23809655010700226	0.1691979616880417	0.06889858841896057	0.24872276186943054	0.29841238260269165	0.04968962073326111	True	True	False	local_anchor_w0.75	Calibrated mixture	True	selected_source_cv_mse < idw_source_cv_mse AND delta_source_cv_pearson > 0.03
6s_E1_to_E2	6-somite	E1	E2	429	tbx6	False	0.8907632231712341	0.8362295627593994	0.05453366041183472	0.36542874574661255	0.5424244999885559	0.17699575424194336	True	True	False	local_anchor_w0.00	Local residual	True	selected_source_cv_mse < idw_source_cv_mse AND delta_source_cv_pearson > 0.03
6s_E1_to_E2	6-somite	E1	E2	430	tbxta	False	0.8259819149971008	0.8120927214622498	0.013889193534851074	0.42551130056381226	0.46870604157447815	0.043194741010665894	False	False	True	local_anchor_w0.25	IDW fallback	False	selected_source_cv_mse < idw_source_cv_mse AND delta_source_cv_pearson > 0.03
6s_E1_to_E2	6-somite	E1	E2	431	tbxtb	False	0.7105769515037537	0.6536493301391602	0.056927621364593506	0.3538518249988556	0.4174370765686035	0.06358525156974792	True	True	False	local_anchor_w0.25	Calibrated mixture	True	selected_source_cv_mse < idw_source_cv_mse AND delta_source_cv_pearson > 0.03
6s_E1_to_E2	6-somite	E1	E2	432	tcf3b	False	0.6777623295783997	0.551234781742096	0.1265275478363037	0.10282635688781738	0.1328270584344864	0.030000701546669006	True	True	False	global_anchor_w0.25	Calibrated mixture	True	selected_source_cv_mse < idw_source_cv_mse AND delta_source_cv_pearson > 0.03
6s_E1_to_E2	6-somite	E1	E2	433	tcf7	False	0.7596775889396667	0.7039580345153809	0.05571955442428589	0.3065381348133087	0.37090519070625305	0.06436705589294434	True	True	False	local_anchor_w0.25	Calibrated mixture	True	selected_source_cv_mse < idw_source_cv_mse AND delta_source_cv_pearson > 0.03
6s_E1_to_E2	6-somite	E1	E2	434	tcf7l1a	False	0.6786937117576599	0.4813849925994873	0.1973087191581726	0.34155067801475525	0.5151699185371399	0.17361924052238464	True	True	False	local_anchor_w0.25	Calibrated mixture	True	selected_source_cv_mse < idw_source_cv_mse AND delta_source_cv_pearson > 0.03
6s_E1_to_E2	6-somite	E1	E2	435	tcf7l1b	False	0.6309946179389954	0.5197535753250122	0.11124104261398315	0.31864243745803833	0.43143582344055176	0.11279338598251343	True	True	False	local_anchor_w0.25	Calibrated mixture	True	selected_source_cv_mse < idw_source_cv_mse AND delta_source_cv_pearson > 0.03
6s_E1_to_E2	6-somite	E1	E2	436	tcf7l2	False	0.4626833498477936	0.3932344317436218	0.06944891810417175	0.3834799826145172	0.5477479696273804	0.16426798701286316	True	True	False	local_anchor_w0.50	Calibrated mixture	True	selected_source_cv_mse < idw_source_cv_mse AND delta_source_cv_pearson > 0.03
6s_E1_to_E2	6-somite	E1	E2	437	tdgf1	False	0.38419637084007263	0.2915920615196228	0.09260430932044983	0.2954472005367279	0.3440448045730591	0.04859760403633118	True	True	False	global_anchor_w0.50	Calibrated mixture	True	selected_source_cv_mse < idw_source_cv_mse AND delta_source_cv_pearson > 0.03
6s_E1_to_E2	6-somite	E1	E2	438	tead1a	False	0.347886323928833	0.2926937937736511	0.055192530155181885	0.3289564847946167	0.3587879240512848	0.02983143925666809	True	True	False	local_anchor_w0.50	Calibrated mixture	True	selected_source_cv_mse < idw_source_cv_mse AND delta_source_cv_pearson > 0.03
6s_E1_to_E2	6-somite	E1	E2	439	tead1b	False	0.47552308440208435	0.39995530247688293	0.07556778192520142	0.40505582094192505	0.5149892568588257	0.10993343591690063	True	True	False	global_anchor_w0.50	Calibrated mixture	True	selected_source_cv_mse < idw_source_cv_mse AND delta_source_cv_pearson > 0.03
6s_E1_to_E2	6-somite	E1	E2	440	tfap2a	False	0.8088051676750183	0.2861752212047577	0.5226299464702606	0.6298682689666748	1.9260036945343018	1.296135425567627	True	True	False	local_anchor_w0.75	Calibrated mixture	True	selected_source_cv_mse < idw_source_cv_mse AND delta_source_cv_pearson > 0.03
6s_E1_to_E2	6-somite	E1	E2	441	tfap2c	False	0.8184801340103149	0.41297847032546997	0.40550166368484497	0.5860505104064941	1.5556799173355103	0.9696294069290161	True	True	False	local_anchor_w0.50	Calibrated mixture	True	selected_source_cv_mse < idw_source_cv_mse AND delta_source_cv_pearson > 0.03
6s_E1_to_E2	6-somite	E1	E2	442	tgif1	False	0.49878033995628357	0.36506733298301697	0.1337130069732666	0.2817066013813019	0.34521371126174927	0.06350710988044739	True	True	False	global_anchor_w0.50	Calibrated mixture	True	selected_source_cv_mse < idw_source_cv_mse AND delta_source_cv_pearson > 0.03
6s_E1_to_E2	6-somite	E1	E2	443	tlcd5a	False	0.48203063011169434	0.33204296231269836	0.14998766779899597	0.3247562348842621	0.38431331515312195	0.05955708026885986	True	True	False	local_anchor_w0.75	Calibrated mixture	True	selected_source_cv_mse < idw_source_cv_mse AND delta_source_cv_pearson > 0.03
6s_E1_to_E2	6-somite	E1	E2	444	tmed10	False	0.32315465807914734	0.21575622260570526	0.10739843547344208	0.32199370861053467	0.38760140538215637	0.0656076967716217	True	True	False	local_anchor_w0.75	Calibrated mixture	True	selected_source_cv_mse < idw_source_cv_mse AND delta_source_cv_pearson > 0.03
6s_E1_to_E2	6-somite	E1	E2	445	tmed2	False	0.14976206421852112	0.09390468150377274	0.05585738271474838	0.16329357028007507	0.18666481971740723	0.023371249437332153	True	True	False	global_anchor_w0.75	Calibrated mixture	True	selected_source_cv_mse < idw_source_cv_mse AND delta_source_cv_pearson > 0.03
6s_E1_to_E2	6-somite	E1	E2	446	tp63	False	0.7540706396102905	0.5052271485328674	0.2488434910774231	0.5812571048736572	1.0832070112228394	0.5019499063491821	True	True	False	local_anchor_w0.50	Calibrated mixture	True	selected_source_cv_mse < idw_source_cv_mse AND delta_source_cv_pearson > 0.03
6s_E1_to_E2	6-somite	E1	E2	447	tph1b	False	0.15436553955078125	0.0898032933473587	0.06456224620342255	0.17105643451213837	0.19615434110164642	0.025097906589508057	True	True	False	local_anchor_w0.75	Calibrated mixture	True	selected_source_cv_mse < idw_source_cv_mse AND delta_source_cv_pearson > 0.03
6s_E1_to_E2	6-somite	E1	E2	448	tpx2	False	0.5148963928222656	0.330728679895401	0.18416771292686462	0.2993822395801544	0.3857463300228119	0.08636409044265747	True	True	False	local_anchor_w0.50	Calibrated mixture	True	selected_source_cv_mse < idw_source_cv_mse AND delta_source_cv_pearson > 0.03
6s_E1_to_E2	6-somite	E1	E2	449	tram1	False	0.6033168435096741	0.49225226044654846	0.11106458306312561	0.3407325744628906	0.49055492877960205	0.14982235431671143	True	True	False	global_anchor_w0.50	Calibrated mixture	True	selected_source_cv_mse < idw_source_cv_mse AND delta_source_cv_pearson > 0.03
6s_E1_to_E2	6-somite	E1	E2	450	trps1	False	0.7350185513496399	0.602290153503418	0.13272839784622192	0.26862239837646484	0.37509652972221375	0.1064741313457489	True	True	False	local_anchor_w0.50	Calibrated mixture	True	selected_source_cv_mse < idw_source_cv_mse AND delta_source_cv_pearson > 0.03
6s_E1_to_E2	6-somite	E1	E2	451	tshz3b	False	0.5416805148124695	0.4876661002635956	0.0540144145488739	0.31783685088157654	0.40627190470695496	0.08843505382537842	True	True	False	local_anchor_w0.25	Calibrated mixture	True	selected_source_cv_mse < idw_source_cv_mse AND delta_source_cv_pearson > 0.03
6s_E1_to_E2	6-somite	E1	E2	452	tuba1a	False	0.7421433925628662	0.39719489216804504	0.34494850039482117	0.6347379088401794	1.6279393434524536	0.9932014346122742	True	True	False	local_anchor_w0.50	Calibrated mixture	True	selected_source_cv_mse < idw_source_cv_mse AND delta_source_cv_pearson > 0.03
6s_E1_to_E2	6-somite	E1	E2	453	tuba8l	False	0.5792379975318909	0.34832319617271423	0.23091480135917664	0.22771425545215607	0.31079423427581787	0.0830799788236618	True	True	False	local_anchor_w0.50	Calibrated mixture	True	selected_source_cv_mse < idw_source_cv_mse AND delta_source_cv_pearson > 0.03
6s_E1_to_E2	6-somite	E1	E2	454	tuba8l2	False	0.8816105127334595	0.7293012142181396	0.15230929851531982	0.3984339237213135	0.8453227877616882	0.44688886404037476	True	True	False	local_anchor_w0.50	Calibrated mixture	True	selected_source_cv_mse < idw_source_cv_mse AND delta_source_cv_pearson > 0.03
6s_E1_to_E2	6-somite	E1	E2	455	tuba8l4	False	0.7513568997383118	0.506354808807373	0.24500209093093872	0.05362485349178314	0.09445909410715103	0.04083424061536789	True	True	False	local_anchor_w0.00	Local residual	True	selected_source_cv_mse < idw_source_cv_mse AND delta_source_cv_pearson > 0.03
6s_E1_to_E2	6-somite	E1	E2	456	tubb2b	False	0.5866183042526245	0.3916384279727936	0.19497987627983093	0.1357097178697586	0.17893795669078827	0.04322823882102966	True	True	False	local_anchor_w0.25	Calibrated mixture	True	selected_source_cv_mse < idw_source_cv_mse AND delta_source_cv_pearson > 0.03
6s_E1_to_E2	6-somite	E1	E2	457	twist1a	False	0.11333850771188736	0.03517686575651169	0.07816164195537567	0.05608949810266495	0.07093644142150879	0.014846943318843842	True	True	False	global_anchor_w1.00	Anchor-only	True	selected_source_cv_mse < idw_source_cv_mse AND delta_source_cv_pearson > 0.03
6s_E1_to_E2	6-somite	E1	E2	458	twist2	False	0.6189977526664734	0.5981938242912292	0.02080392837524414	0.2857355773448944	0.3027473986148834	0.017011821269989014	False	False	True	local_anchor_w0.25	IDW fallback	False	selected_source_cv_mse < idw_source_cv_mse AND delta_source_cv_pearson > 0.03
6s_E1_to_E2	6-somite	E1	E2	459	ube2c	False	0.23410570621490479	0.13630270957946777	0.09780299663543701	0.25576797127723694	0.3022383749485016	0.04647040367126465	True	True	False	local_anchor_w0.75	Calibrated mixture	True	selected_source_cv_mse < idw_source_cv_mse AND delta_source_cv_pearson > 0.03
6s_E1_to_E2	6-somite	E1	E2	460	uhrf1	False	0.8030232191085815	0.4974416494369507	0.30558156967163086	0.17848603427410126	0.4134567379951477	0.23497070372104645	True	True	False	local_anchor_w0.50	Calibrated mixture	True	selected_source_cv_mse < idw_source_cv_mse AND delta_source_cv_pearson > 0.03
6s_E1_to_E2	6-somite	E1	E2	461	unc5b	False	0.7900640368461609	0.4759543836116791	0.3141096532344818	0.476158082485199	1.050159215927124	0.574001133441925	True	True	False	local_anchor_w0.50	Calibrated mixture	True	selected_source_cv_mse < idw_source_cv_mse AND delta_source_cv_pearson > 0.03
6s_E1_to_E2	6-somite	E1	E2	462	uncx4.1	False	0.7161980867385864	0.6914726495742798	0.02472543716430664	0.3088105618953705	0.37849190831184387	0.06968134641647339	False	False	True	local_anchor_w0.25	IDW fallback	False	selected_source_cv_mse < idw_source_cv_mse AND delta_source_cv_pearson > 0.03
6s_E1_to_E2	6-somite	E1	E2	463	unga	False	0.3501586616039276	0.2205725461244583	0.1295861154794693	0.3151717483997345	0.3831629753112793	0.0679912269115448	True	True	False	local_anchor_w0.75	Calibrated mixture	True	selected_source_cv_mse < idw_source_cv_mse AND delta_source_cv_pearson > 0.03
6s_E1_to_E2	6-somite	E1	E2	464	usf1	False	0.13276664912700653	0.03857772424817085	0.09418892487883568	0.2497800886631012	0.30421432852745056	0.054434239864349365	True	True	False	global_anchor_w1.00	Anchor-only	True	selected_source_cv_mse < idw_source_cv_mse AND delta_source_cv_pearson > 0.03
6s_E1_to_E2	6-somite	E1	E2	465	ved	False	0.6254895925521851	0.5885366797447205	0.0369529128074646	0.3933156132698059	0.4426986873149872	0.049383074045181274	True	True	False	local_anchor_w0.25	Calibrated mixture	True	selected_source_cv_mse < idw_source_cv_mse AND delta_source_cv_pearson > 0.03
6s_E1_to_E2	6-somite	E1	E2	466	vent	False	0.7258725166320801	0.6820914149284363	0.0437811017036438	0.15372125804424286	0.18328160047531128	0.02956034243106842	True	True	False	local_anchor_w0.25	Calibrated mixture	True	selected_source_cv_mse < idw_source_cv_mse AND delta_source_cv_pearson > 0.03
6s_E1_to_E2	6-somite	E1	E2	467	vgll4l	False	0.6038479208946228	0.3280903100967407	0.2757576107978821	0.22017468512058258	0.36656782031059265	0.14639313519001007	True	True	False	local_anchor_w0.75	Calibrated mixture	True	selected_source_cv_mse < idw_source_cv_mse AND delta_source_cv_pearson > 0.03
6s_E1_to_E2	6-somite	E1	E2	468	vox	False	0.2572954595088959	0.1970944106578827	0.060201048851013184	0.11593921482563019	0.13008077442646027	0.014141559600830078	True	True	False	local_anchor_w0.75	Calibrated mixture	True	selected_source_cv_mse < idw_source_cv_mse AND delta_source_cv_pearson > 0.03
6s_E1_to_E2	6-somite	E1	E2	469	vrtn	False	0.49264273047447205	0.47724199295043945	0.015400737524032593	0.3127346932888031	0.3374204933643341	0.024685800075531006	False	False	True	local_anchor_w0.25	IDW fallback	False	selected_source_cv_mse < idw_source_cv_mse AND delta_source_cv_pearson > 0.03
6s_E1_to_E2	6-somite	E1	E2	470	vsx2	False	0.16940070688724518	0.05841296911239624	0.11098773777484894	0.14312945306301117	0.19201117753982544	0.04888172447681427	True	True	False	global_anchor_w1.00	Anchor-only	True	selected_source_cv_mse < idw_source_cv_mse AND delta_source_cv_pearson > 0.03
6s_E1_to_E2	6-somite	E1	E2	471	wnt11f2	False	0.6847246885299683	0.4793533980846405	0.20537129044532776	0.42802509665489197	0.683564305305481	0.255539208650589	True	True	False	local_anchor_w0.50	Calibrated mixture	True	selected_source_cv_mse < idw_source_cv_mse AND delta_source_cv_pearson > 0.03
6s_E1_to_E2	6-somite	E1	E2	472	wnt8a	False	0.47342199087142944	0.43785595893859863	0.03556603193283081	0.29462096095085144	0.38183945417404175	0.08721849322319031	True	True	False	local_anchor_w0.25	Calibrated mixture	True	selected_source_cv_mse < idw_source_cv_mse AND delta_source_cv_pearson > 0.03
6s_E1_to_E2	6-somite	E1	E2	473	xbp1	False	0.7084258794784546	0.5443944931030273	0.16403138637542725	0.4590092897415161	0.7274389266967773	0.26842963695526123	True	True	False	local_anchor_w0.50	Calibrated mixture	True	selected_source_cv_mse < idw_source_cv_mse AND delta_source_cv_pearson > 0.03
6s_E1_to_E2	6-somite	E1	E2	474	ypel3	False	0.2869388163089752	0.18219497799873352	0.1047438383102417	0.27215009927749634	0.32465818524360657	0.05250808596611023	True	True	False	local_anchor_w0.75	Calibrated mixture	True	selected_source_cv_mse < idw_source_cv_mse AND delta_source_cv_pearson > 0.03
6s_E1_to_E2	6-somite	E1	E2	475	zbtb18	False	0.5546284914016724	0.45625439286231995	0.09837409853935242	0.3129398226737976	0.36959829926490784	0.05665847659111023	True	True	False	local_anchor_w0.50	Calibrated mixture	True	selected_source_cv_mse < idw_source_cv_mse AND delta_source_cv_pearson > 0.03
6s_E1_to_E2	6-somite	E1	E2	476	zc4h2	False	0.3185133934020996	0.182743638753891	0.13576975464820862	0.2794284522533417	0.3500575125217438	0.0706290602684021	True	True	False	local_anchor_w0.75	Calibrated mixture	True	selected_source_cv_mse < idw_source_cv_mse AND delta_source_cv_pearson > 0.03
6s_E1_to_E2	6-somite	E1	E2	477	zeb1a	False	0.417490690946579	0.2635262906551361	0.15396440029144287	0.3225099444389343	0.4481498897075653	0.12563994526863098	True	True	False	local_anchor_w0.75	Calibrated mixture	True	selected_source_cv_mse < idw_source_cv_mse AND delta_source_cv_pearson > 0.03
6s_E1_to_E2	6-somite	E1	E2	478	zeb1b	False	0.7533840537071228	0.5674831867218018	0.18590086698532104	0.42168697714805603	0.7622337341308594	0.34054675698280334	True	True	False	local_anchor_w0.50	Calibrated mixture	True	selected_source_cv_mse < idw_source_cv_mse AND delta_source_cv_pearson > 0.03
6s_E1_to_E2	6-somite	E1	E2	479	zeb2a	False	0.37652531266212463	0.26940810680389404	0.10711720585823059	0.23044884204864502	0.31427308917045593	0.08382424712181091	True	True	False	local_anchor_w0.75	Calibrated mixture	True	selected_source_cv_mse < idw_source_cv_mse AND delta_source_cv_pearson > 0.03
6s_E1_to_E2	6-somite	E1	E2	480	zeb2b	False	0.49779370427131653	0.4086480140686035	0.08914569020271301	0.24338679015636444	0.3810916841030121	0.13770489394664764	True	True	False	local_anchor_w0.50	Calibrated mixture	True	selected_source_cv_mse < idw_source_cv_mse AND delta_source_cv_pearson > 0.03
6s_E1_to_E2	6-somite	E1	E2	481	zfand5a	False	0.631898045539856	0.5408961772918701	0.09100186824798584	0.35567447543144226	0.41302162408828735	0.05734714865684509	True	True	False	global_anchor_w0.25	Calibrated mixture	True	selected_source_cv_mse < idw_source_cv_mse AND delta_source_cv_pearson > 0.03
6s_E1_to_E2	6-somite	E1	E2	482	zgc:113372	False	0.30064085125923157	0.20912332832813263	0.09151752293109894	0.12019570171833038	0.1388501524925232	0.01865445077419281	True	True	False	local_anchor_w0.75	Calibrated mixture	True	selected_source_cv_mse < idw_source_cv_mse AND delta_source_cv_pearson > 0.03
6s_E1_to_E2	6-somite	E1	E2	483	zgc:113424	False	0.1389322131872177	0.08239830285310745	0.05653391033411026	0.10453445464372635	0.12193702906370163	0.01740257441997528	True	True	False	global_anchor_w1.00	Anchor-only	True	selected_source_cv_mse < idw_source_cv_mse AND delta_source_cv_pearson > 0.03
6s_E1_to_E2	6-somite	E1	E2	484	zgc:174154	False	0.4795392155647278	0.46239539980888367	0.017143815755844116	0.13891635835170746	0.16827400028705597	0.02935764193534851	False	False	True	global_anchor_w0.25	IDW fallback	False	selected_source_cv_mse < idw_source_cv_mse AND delta_source_cv_pearson > 0.03
6s_E1_to_E2	6-somite	E1	E2	485	zgc:175088	False	0.7172170281410217	0.21844345331192017	0.49877357482910156	0.3501829206943512	0.828141450881958	0.4779585301876068	True	True	False	local_anchor_w0.75	Calibrated mixture	True	selected_source_cv_mse < idw_source_cv_mse AND delta_source_cv_pearson > 0.03
6s_E1_to_E2	6-somite	E1	E2	486	zic2a	False	0.7510201334953308	0.46089431643486023	0.2901258170604706	0.5888405442237854	1.379623293876648	0.7907827496528625	True	True	False	local_anchor_w0.50	Calibrated mixture	True	selected_source_cv_mse < idw_source_cv_mse AND delta_source_cv_pearson > 0.03
6s_E1_to_E2	6-somite	E1	E2	487	zic2b	False	0.7568656206130981	0.5566567182540894	0.2002089023590088	0.7237250208854675	1.2188228368759155	0.495097815990448	True	True	False	local_anchor_w0.50	Calibrated mixture	True	selected_source_cv_mse < idw_source_cv_mse AND delta_source_cv_pearson > 0.03
6s_E1_to_E2	6-somite	E1	E2	488	zic3	False	0.6721550822257996	0.5817640423774719	0.09039103984832764	0.6160068511962891	0.717376172542572	0.10136932134628296	True	True	False	local_anchor_w0.50	Calibrated mixture	True	selected_source_cv_mse < idw_source_cv_mse AND delta_source_cv_pearson > 0.03
6s_E1_to_E2	6-somite	E1	E2	489	zmp:0000000624	False	0.32133811712265015	0.15774822235107422	0.16358989477157593	0.3065723776817322	0.363162636756897	0.056590259075164795	True	True	False	local_anchor_w0.75	Calibrated mixture	True	selected_source_cv_mse < idw_source_cv_mse AND delta_source_cv_pearson > 0.03
6s_E1_to_E2	6-somite	E1	E2	490	znf1004	False	0.5920408368110657	0.43995076417922974	0.15209007263183594	0.08732253313064575	0.1260857731103897	0.03876323997974396	True	True	False	local_anchor_w0.75	Calibrated mixture	True	selected_source_cv_mse < idw_source_cv_mse AND delta_source_cv_pearson > 0.03
6s_E1_to_E2	6-somite	E1	E2	491	znf185	True	0.9999821782112122	0.20325687527656555	0.7967253029346466	1.1120353065052768e-06	1.5892136096954346	1.589212497660128	True	False	True	global_anchor_w1.00	IDW fallback	False	selected_source_cv_mse < idw_source_cv_mse AND delta_source_cv_pearson > 0.03
6s_E1_to_E2	6-somite	E1	E2	492	znf576.2	False	0.2891715466976166	0.12080230563879013	0.16836924105882645	0.30740153789520264	0.36301469802856445	0.055613160133361816	True	True	False	local_anchor_w0.75	Calibrated mixture	True	selected_source_cv_mse < idw_source_cv_mse AND delta_source_cv_pearson > 0.03
6s_E1_to_E2	6-somite	E1	E2	493	znfl2a	False	0.7320567965507507	0.6626450419425964	0.0694117546081543	0.35913723707199097	0.4684046506881714	0.10926741361618042	True	True	False	local_anchor_w0.25	Calibrated mixture	True	selected_source_cv_mse < idw_source_cv_mse AND delta_source_cv_pearson > 0.03
6s_E1_to_E2	6-somite	E1	E2	494	zswim5	False	0.5791855454444885	0.42427724599838257	0.15490829944610596	0.18565978109836578	0.229678213596344	0.04401843249797821	True	True	False	local_anchor_w0.25	Calibrated mixture	True	selected_source_cv_mse < idw_source_cv_mse AND delta_source_cv_pearson > 0.03
6s_E2_to_E1	6-somite	E2	E1	0	ackr3b	False	0.45773839950561523	0.46409234404563904	-0.006353944540023804	0.5697289705276489	0.7190455794334412	0.14931660890579224	False	False	True	global_anchor_w0.25	IDW fallback	False	selected_source_cv_mse < idw_source_cv_mse AND delta_source_cv_pearson > 0.03
6s_E2_to_E1	6-somite	E2	E1	1	acvr1ba	False	0.22366318106651306	0.1622820943593979	0.06138108670711517	0.30170539021492004	0.3289627730846405	0.02725738286972046	True	True	False	local_anchor_w0.75	Calibrated mixture	True	selected_source_cv_mse < idw_source_cv_mse AND delta_source_cv_pearson > 0.03
6s_E2_to_E1	6-somite	E2	E1	2	add3b	False	0.2850285470485687	0.13529236614704132	0.1497361809015274	0.3378656208515167	0.430460661649704	0.09259504079818726	True	True	False	local_anchor_w0.75	Calibrated mixture	True	selected_source_cv_mse < idw_source_cv_mse AND delta_source_cv_pearson > 0.03
6s_E2_to_E1	6-somite	E2	E1	3	adka	False	0.36350685358047485	0.26912859082221985	0.094378262758255	0.29152488708496094	0.35793066024780273	0.0664057731628418	True	True	False	local_anchor_w0.50	Calibrated mixture	True	selected_source_cv_mse < idw_source_cv_mse AND delta_source_cv_pearson > 0.03
6s_E2_to_E1	6-somite	E2	E1	4	admp	False	0.32328733801841736	0.2935759723186493	0.029711365699768066	0.1285376399755478	0.1462985873222351	0.017760947346687317	False	False	True	local_anchor_w0.50	IDW fallback	False	selected_source_cv_mse < idw_source_cv_mse AND delta_source_cv_pearson > 0.03
6s_E2_to_E1	6-somite	E2	E1	5	ahi1	False	0.23650534451007843	0.10776201635599136	0.12874332815408707	0.3102022707462311	0.38214489817619324	0.07194262742996216	True	True	False	global_anchor_w0.75	Calibrated mixture	True	selected_source_cv_mse < idw_source_cv_mse AND delta_source_cv_pearson > 0.03
6s_E2_to_E1	6-somite	E2	E1	6	akap12b	False	0.7534230351448059	0.674622118473053	0.07880091667175293	0.3834817409515381	0.48628878593444824	0.10280704498291016	True	True	False	local_anchor_w0.00	Local residual	True	selected_source_cv_mse < idw_source_cv_mse AND delta_source_cv_pearson > 0.03
6s_E2_to_E1	6-somite	E2	E1	7	alcamb	False	0.6602672934532166	0.2670585811138153	0.39320871233940125	0.2823425531387329	0.6554115414619446	0.37306898832321167	True	True	False	local_anchor_w0.25	Calibrated mixture	True	selected_source_cv_mse < idw_source_cv_mse AND delta_source_cv_pearson > 0.03
6s_E2_to_E1	6-somite	E2	E1	8	aldob	False	0.856328010559082	0.7506576180458069	0.10567039251327515	0.2104616016149521	0.39441654086112976	0.18395493924617767	True	True	False	global_anchor_w0.25	Calibrated mixture	True	selected_source_cv_mse < idw_source_cv_mse AND delta_source_cv_pearson > 0.03
6s_E2_to_E1	6-somite	E2	E1	9	anp32e	False	0.8030811548233032	0.735931932926178	0.06714922189712524	0.16757063567638397	0.2383657991886139	0.07079516351222992	True	True	False	local_anchor_w0.25	Calibrated mixture	True	selected_source_cv_mse < idw_source_cv_mse AND delta_source_cv_pearson > 0.03
6s_E2_to_E1	6-somite	E2	E1	10	apex1	False	0.08399416506290436	0.05752859637141228	0.02646556869149208	0.13462963700294495	0.15110008418560028	0.016470447182655334	False	False	True	local_anchor_w0.25	IDW fallback	False	selected_source_cv_mse < idw_source_cv_mse AND delta_source_cv_pearson > 0.03
6s_E2_to_E1	6-somite	E2	E1	11	aplnra	False	0.5565046668052673	0.4302223026752472	0.12628236413002014	0.731296956539154	0.9596710801124573	0.22837412357330322	True	True	False	global_anchor_w0.25	Calibrated mixture	True	selected_source_cv_mse < idw_source_cv_mse AND delta_source_cv_pearson > 0.03
6s_E2_to_E1	6-somite	E2	E1	12	aplnrb	False	0.1288396269083023	0.093560129404068	0.035279497504234314	0.23040896654129028	0.2643856108188629	0.03397664427757263	True	True	False	global_anchor_w0.75	Calibrated mixture	True	selected_source_cv_mse < idw_source_cv_mse AND delta_source_cv_pearson > 0.03
6s_E2_to_E1	6-somite	E2	E1	13	apoc1	False	0.7170641422271729	0.6688878536224365	0.04817628860473633	0.3175646960735321	0.3807592988014221	0.06319460272789001	True	True	False	local_anchor_w0.25	Calibrated mixture	True	selected_source_cv_mse < idw_source_cv_mse AND delta_source_cv_pearson > 0.03
6s_E2_to_E1	6-somite	E2	E1	14	arf5	False	0.5757942795753479	0.424468994140625	0.1513252854347229	0.332383394241333	0.40685126185417175	0.07446786761283875	True	True	False	local_anchor_w0.25	Calibrated mixture	True	selected_source_cv_mse < idw_source_cv_mse AND delta_source_cv_pearson > 0.03
6s_E2_to_E1	6-somite	E2	E1	15	arhgap5	False	0.12340117245912552	0.10358191281557083	0.019819259643554688	0.25173166394233704	0.27198463678359985	0.020252972841262817	False	False	True	global_anchor_w0.50	IDW fallback	False	selected_source_cv_mse < idw_source_cv_mse AND delta_source_cv_pearson > 0.03
6s_E2_to_E1	6-somite	E2	E1	16	arl4aa	False	0.29603758454322815	0.19650092720985413	0.09953665733337402	0.18638664484024048	0.22525711357593536	0.038870468735694885	True	True	False	local_anchor_w0.75	Calibrated mixture	True	selected_source_cv_mse < idw_source_cv_mse AND delta_source_cv_pearson > 0.03
6s_E2_to_E1	6-somite	E2	E1	17	arl4ab	False	0.28309547901153564	0.2588452100753784	0.024250268936157227	0.3768923878669739	0.43375715613365173	0.056864768266677856	False	False	True	global_anchor_w0.25	IDW fallback	False	selected_source_cv_mse < idw_source_cv_mse AND delta_source_cv_pearson > 0.03
6s_E2_to_E1	6-somite	E2	E1	18	arl4d	False	0.7314329147338867	0.6862371563911438	0.04519575834274292	0.4279767572879791	0.5278224945068359	0.09984573721885681	True	True	False	global_anchor_w0.50	Calibrated mixture	True	selected_source_cv_mse < idw_source_cv_mse AND delta_source_cv_pearson > 0.03
6s_E2_to_E1	6-somite	E2	E1	19	arl6ip5a	False	0.3554226756095886	0.15025417506694794	0.20516850054264069	0.18897926807403564	0.2738751769065857	0.08489590883255005	True	True	False	global_anchor_w1.00	Anchor-only	True	selected_source_cv_mse < idw_source_cv_mse AND delta_source_cv_pearson > 0.03
6s_E2_to_E1	6-somite	E2	E1	20	aspm	False	0.5074213743209839	0.14124631881713867	0.3661750555038452	0.3477112650871277	0.524238646030426	0.17652738094329834	True	True	False	global_anchor_w0.75	Calibrated mixture	True	selected_source_cv_mse < idw_source_cv_mse AND delta_source_cv_pearson > 0.03
6s_E2_to_E1	6-somite	E2	E1	21	atf6	False	0.5646135210990906	0.44740593433380127	0.1172075867652893	0.3410318195819855	0.4411887228488922	0.10015690326690674	True	True	False	local_anchor_w0.75	Calibrated mixture	True	selected_source_cv_mse < idw_source_cv_mse AND delta_source_cv_pearson > 0.03
6s_E2_to_E1	6-somite	E2	E1	22	atoh1c	False	0.45508265495300293	0.3860246241092682	0.06905803084373474	0.08298720419406891	0.09098818153142929	0.008000977337360382	True	True	False	local_anchor_w0.50	Calibrated mixture	True	selected_source_cv_mse < idw_source_cv_mse AND delta_source_cv_pearson > 0.03
6s_E2_to_E1	6-somite	E2	E1	23	atp2b1a	False	0.6480588316917419	0.3731534481048584	0.27490538358688354	0.4846919775009155	0.8342113494873047	0.34951937198638916	True	True	False	global_anchor_w0.50	Calibrated mixture	True	selected_source_cv_mse < idw_source_cv_mse AND delta_source_cv_pearson > 0.03
6s_E2_to_E1	6-somite	E2	E1	24	atrxl	False	0.4966425597667694	0.3912356197834015	0.10540693998336792	0.15791384875774384	0.18467280268669128	0.02675895392894745	True	True	False	local_anchor_w0.50	Calibrated mixture	True	selected_source_cv_mse < idw_source_cv_mse AND delta_source_cv_pearson > 0.03
6s_E2_to_E1	6-somite	E2	E1	25	aurkb	True	1.0000001192092896	0.3177316188812256	0.682268500328064	2.1924104892656615e-11	0.5559151768684387	0.5559151768465146	True	False	True	global_anchor_w1.00	IDW fallback	False	selected_source_cv_mse < idw_source_cv_mse AND delta_source_cv_pearson > 0.03
6s_E2_to_E1	6-somite	E2	E1	26	axin2	False	0.44977885484695435	0.43307754397392273	0.016701310873031616	0.24942663311958313	0.26396745443344116	0.014540821313858032	False	False	True	global_anchor_w0.25	IDW fallback	False	selected_source_cv_mse < idw_source_cv_mse AND delta_source_cv_pearson > 0.03
6s_E2_to_E1	6-somite	E2	E1	27	bach1b	False	0.433675080537796	0.31064656376838684	0.12302851676940918	0.28580448031425476	0.3622157871723175	0.07641130685806274	True	True	False	local_anchor_w0.75	Calibrated mixture	True	selected_source_cv_mse < idw_source_cv_mse AND delta_source_cv_pearson > 0.03
6s_E2_to_E1	6-somite	E2	E1	28	bambia	False	0.7576713562011719	0.7373782992362976	0.020293056964874268	0.3574453294277191	0.3880982995033264	0.0306529700756073	False	False	True	local_anchor_w0.25	IDW fallback	False	selected_source_cv_mse < idw_source_cv_mse AND delta_source_cv_pearson > 0.03
6s_E2_to_E1	6-somite	E2	E1	29	baz1b	False	0.39855897426605225	0.2574833929538727	0.14107558131217957	0.3201923370361328	0.4313803017139435	0.11118796467781067	True	True	False	local_anchor_w0.25	Calibrated mixture	True	selected_source_cv_mse < idw_source_cv_mse AND delta_source_cv_pearson > 0.03
6s_E2_to_E1	6-somite	E2	E1	30	bcl2l1	False	0.41488367319107056	0.2982696294784546	0.11661404371261597	0.34578558802604675	0.4471271336078644	0.10134154558181763	True	True	False	local_anchor_w0.50	Calibrated mixture	True	selected_source_cv_mse < idw_source_cv_mse AND delta_source_cv_pearson > 0.03
6s_E2_to_E1	6-somite	E2	E1	31	bhlha15	False	0.26049676537513733	0.19468261301517487	0.06581415235996246	0.16471335291862488	0.20505648851394653	0.040343135595321655	True	True	False	local_anchor_w0.50	Calibrated mixture	True	selected_source_cv_mse < idw_source_cv_mse AND delta_source_cv_pearson > 0.03
6s_E2_to_E1	6-somite	E2	E1	32	blf	False	0.14705823361873627	0.11186151951551437	0.03519671410322189	0.07381732016801834	0.08295681327581406	0.009139493107795715	True	True	False	local_anchor_w0.50	Calibrated mixture	True	selected_source_cv_mse < idw_source_cv_mse AND delta_source_cv_pearson > 0.03
6s_E2_to_E1	6-somite	E2	E1	33	bmp2b	False	0.6468847393989563	0.5526291728019714	0.09425556659698486	0.3843573033809662	0.5066422820091248	0.12228497862815857	True	True	False	global_anchor_w0.50	Calibrated mixture	True	selected_source_cv_mse < idw_source_cv_mse AND delta_source_cv_pearson > 0.03
6s_E2_to_E1	6-somite	E2	E1	34	bmp4	True	1.0000039339065552	0.6014596819877625	0.3985442519187927	1.8752239344665966e-11	0.32524096965789795	0.3252409696391457	True	False	True	global_anchor_w1.00	IDW fallback	False	selected_source_cv_mse < idw_source_cv_mse AND delta_source_cv_pearson > 0.03
6s_E2_to_E1	6-somite	E2	E1	35	bmp7a	False	0.6661173701286316	0.6306927800178528	0.03542459011077881	0.3765292167663574	0.4271656572818756	0.05063644051551819	True	True	False	global_anchor_w0.25	Calibrated mixture	True	selected_source_cv_mse < idw_source_cv_mse AND delta_source_cv_pearson > 0.03
6s_E2_to_E1	6-somite	E2	E1	36	brd2a	False	0.2716113328933716	0.17042285203933716	0.10118848085403442	0.1592148244380951	0.19571533799171448	0.036500513553619385	True	True	False	global_anchor_w0.75	Calibrated mixture	True	selected_source_cv_mse < idw_source_cv_mse AND delta_source_cv_pearson > 0.03
6s_E2_to_E1	6-somite	E2	E1	37	btg2	False	0.7583962678909302	0.6976370215415955	0.06075924634933472	0.30673661828041077	0.37328386306762695	0.06654724478721619	True	True	False	local_anchor_w0.25	Calibrated mixture	True	selected_source_cv_mse < idw_source_cv_mse AND delta_source_cv_pearson > 0.03
6s_E2_to_E1	6-somite	E2	E1	38	c1qbp	False	0.5944440364837646	0.4836643636226654	0.11077967286109924	0.23082159459590912	0.2714351415634155	0.04061354696750641	True	True	False	local_anchor_w0.50	Calibrated mixture	True	selected_source_cv_mse < idw_source_cv_mse AND delta_source_cv_pearson > 0.03
6s_E2_to_E1	6-somite	E2	E1	39	C7H16orf87	False	0.1753665804862976	0.09197068959474564	0.08339589089155197	0.24226459860801697	0.3021491467952728	0.05988454818725586	True	True	False	global_anchor_w0.75	Calibrated mixture	True	selected_source_cv_mse < idw_source_cv_mse AND delta_source_cv_pearson > 0.03
6s_E2_to_E1	6-somite	E2	E1	40	ca9	False	0.35017114877700806	0.2864721417427063	0.06369900703430176	0.2462187558412552	0.292996346950531	0.04677759110927582	True	True	False	local_anchor_w0.75	Calibrated mixture	True	selected_source_cv_mse < idw_source_cv_mse AND delta_source_cv_pearson > 0.03
6s_E2_to_E1	6-somite	E2	E1	41	casz1	False	0.3764009177684784	0.22871196269989014	0.14768895506858826	0.42128074169158936	0.4823726415634155	0.06109189987182617	True	True	False	local_anchor_w0.50	Calibrated mixture	True	selected_source_cv_mse < idw_source_cv_mse AND delta_source_cv_pearson > 0.03
6s_E2_to_E1	6-somite	E2	E1	42	cbx3a	False	0.43976518511772156	0.2580605149269104	0.18170467019081116	0.1674467772245407	0.20296728610992432	0.035520508885383606	True	True	False	local_anchor_w0.50	Calibrated mixture	True	selected_source_cv_mse < idw_source_cv_mse AND delta_source_cv_pearson > 0.03
6s_E2_to_E1	6-somite	E2	E1	43	cbx5	False	0.500707745552063	0.31961023807525635	0.18109750747680664	0.21869924664497375	0.2797643840312958	0.06106513738632202	True	True	False	local_anchor_w0.50	Calibrated mixture	True	selected_source_cv_mse < idw_source_cv_mse AND delta_source_cv_pearson > 0.03
6s_E2_to_E1	6-somite	E2	E1	44	ccne2	False	0.21686618030071259	0.10274817794561386	0.11411800235509872	0.18142342567443848	0.2295261174440384	0.048102691769599915	True	True	False	global_anchor_w0.75	Calibrated mixture	True	selected_source_cv_mse < idw_source_cv_mse AND delta_source_cv_pearson > 0.03
6s_E2_to_E1	6-somite	E2	E1	45	ccnf	False	0.6899224519729614	0.3915289044380188	0.2983935475349426	0.38249003887176514	0.6849814057350159	0.30249136686325073	True	True	False	local_anchor_w0.50	Calibrated mixture	True	selected_source_cv_mse < idw_source_cv_mse AND delta_source_cv_pearson > 0.03
6s_E2_to_E1	6-somite	E2	E1	46	ccng1	False	0.42723971605300903	0.35030144453048706	0.07693827152252197	0.24665547907352448	0.29336974024772644	0.046714261174201965	True	True	False	local_anchor_w0.50	Calibrated mixture	True	selected_source_cv_mse < idw_source_cv_mse AND delta_source_cv_pearson > 0.03
6s_E2_to_E1	6-somite	E2	E1	47	cd63	False	0.34327393770217896	0.24014928936958313	0.10312464833259583	0.2904658317565918	0.3616533875465393	0.07118755578994751	True	True	False	global_anchor_w0.50	Calibrated mixture	True	selected_source_cv_mse < idw_source_cv_mse AND delta_source_cv_pearson > 0.03
6s_E2_to_E1	6-somite	E2	E1	48	cdc14b	False	0.45466476678848267	0.16596725583076477	0.2886975109577179	0.35809525847435	0.47324416041374207	0.11514890193939209	True	True	False	local_anchor_w0.75	Calibrated mixture	True	selected_source_cv_mse < idw_source_cv_mse AND delta_source_cv_pearson > 0.03
6s_E2_to_E1	6-somite	E2	E1	49	cdc42ep4a	False	0.36523666977882385	0.22544202208518982	0.13979464769363403	0.24448059499263763	0.28523290157318115	0.04075230658054352	True	True	False	local_anchor_w0.75	Calibrated mixture	True	selected_source_cv_mse < idw_source_cv_mse AND delta_source_cv_pearson > 0.03
6s_E2_to_E1	6-somite	E2	E1	50	cdca8	False	0.38203686475753784	0.1090780571103096	0.27295880764722824	0.3089503049850464	0.39312484860420227	0.08417454361915588	True	True	False	global_anchor_w0.75	Calibrated mixture	True	selected_source_cv_mse < idw_source_cv_mse AND delta_source_cv_pearson > 0.03
6s_E2_to_E1	6-somite	E2	E1	51	cdh1	False	0.790593683719635	0.5866354703903198	0.20395821332931519	0.48693427443504333	0.9104583263397217	0.42352405190467834	True	True	False	local_anchor_w0.00	Local residual	True	selected_source_cv_mse < idw_source_cv_mse AND delta_source_cv_pearson > 0.03
6s_E2_to_E1	6-somite	E2	E1	52	cdh2	False	0.6335697770118713	0.4510723650455475	0.18249741196632385	0.3523614704608917	0.4934844374656677	0.141122967004776	True	True	False	local_anchor_w0.25	Calibrated mixture	True	selected_source_cv_mse < idw_source_cv_mse AND delta_source_cv_pearson > 0.03
6s_E2_to_E1	6-somite	E2	E1	53	cdh6	False	0.5130035281181335	0.20890647172927856	0.304097056388855	0.515794038772583	0.7747436165809631	0.2589495778083801	True	True	False	global_anchor_w0.25	Calibrated mixture	True	selected_source_cv_mse < idw_source_cv_mse AND delta_source_cv_pearson > 0.03
6s_E2_to_E1	6-somite	E2	E1	54	cdkn1ca	False	0.5283780694007874	0.4518609344959259	0.07651713490486145	0.5316709280014038	0.6366434693336487	0.10497254133224487	True	True	False	local_anchor_w0.25	Calibrated mixture	True	selected_source_cv_mse < idw_source_cv_mse AND delta_source_cv_pearson > 0.03
6s_E2_to_E1	6-somite	E2	E1	55	cdt1	False	0.3964928388595581	0.2345721572637558	0.1619206815958023	0.3587314188480377	0.48434048891067505	0.12560907006263733	True	True	False	local_anchor_w0.50	Calibrated mixture	True	selected_source_cv_mse < idw_source_cv_mse AND delta_source_cv_pearson > 0.03
6s_E2_to_E1	6-somite	E2	E1	56	cdx1a	False	0.8262481093406677	0.8166113495826721	0.009636759757995605	0.17597618699073792	0.18484677374362946	0.00887058675289154	False	False	True	global_anchor_w0.25	IDW fallback	False	selected_source_cv_mse < idw_source_cv_mse AND delta_source_cv_pearson > 0.03
6s_E2_to_E1	6-somite	E2	E1	57	cdx4	False	0.8935921788215637	0.8637512922286987	0.02984088659286499	0.7646514773368835	1.1466569900512695	0.382005512714386	False	False	True	local_anchor_w0.25	IDW fallback	False	selected_source_cv_mse < idw_source_cv_mse AND delta_source_cv_pearson > 0.03
6s_E2_to_E1	6-somite	E2	E1	58	cenpf	False	0.5927848219871521	0.15939688682556152	0.4333879351615906	0.4600602388381958	0.7754234671592712	0.31536322832107544	True	True	False	local_anchor_w0.75	Calibrated mixture	True	selected_source_cv_mse < idw_source_cv_mse AND delta_source_cv_pearson > 0.03
6s_E2_to_E1	6-somite	E2	E1	59	cfl1l	False	0.5870099067687988	0.26012906432151794	0.3268808424472809	0.3285880982875824	0.5271722674369812	0.1985841691493988	True	True	False	local_anchor_w0.75	Calibrated mixture	True	selected_source_cv_mse < idw_source_cv_mse AND delta_source_cv_pearson > 0.03
6s_E2_to_E1	6-somite	E2	E1	60	chaf1a	False	0.4200718402862549	0.23235081136226654	0.18772102892398834	0.3408273458480835	0.4472131133079529	0.10638576745986938	True	True	False	global_anchor_w0.25	Calibrated mixture	True	selected_source_cv_mse < idw_source_cv_mse AND delta_source_cv_pearson > 0.03
6s_E2_to_E1	6-somite	E2	E1	61	chrd	False	0.3945087492465973	0.3174617290496826	0.07704702019691467	0.4871807098388672	1.316811442375183	0.8296307325363159	True	True	False	local_anchor_w0.75	Calibrated mixture	True	selected_source_cv_mse < idw_source_cv_mse AND delta_source_cv_pearson > 0.03
6s_E2_to_E1	6-somite	E2	E1	62	chst11	False	0.27058205008506775	0.12635867297649384	0.1442233771085739	0.2336753010749817	0.26399487257003784	0.030319571495056152	True	True	False	local_anchor_w0.25	Calibrated mixture	True	selected_source_cv_mse < idw_source_cv_mse AND delta_source_cv_pearson > 0.03
6s_E2_to_E1	6-somite	E2	E1	63	cldnd	False	0.2178277224302292	0.11156074702739716	0.10626697540283203	0.21756945550441742	0.2669350206851959	0.0493655651807785	True	True	False	global_anchor_w0.75	Calibrated mixture	True	selected_source_cv_mse < idw_source_cv_mse AND delta_source_cv_pearson > 0.03
6s_E2_to_E1	6-somite	E2	E1	64	clic4	False	0.6745292544364929	0.5172538757324219	0.15727537870407104	0.37243393063545227	0.5137144327163696	0.14128050208091736	True	True	False	local_anchor_w0.50	Calibrated mixture	True	selected_source_cv_mse < idw_source_cv_mse AND delta_source_cv_pearson > 0.03
6s_E2_to_E1	6-somite	E2	E1	65	clocka	False	0.12126734107732773	0.07107657939195633	0.0501907616853714	0.25146228075027466	0.27690038084983826	0.0254381000995636	True	True	False	local_anchor_w0.75	Calibrated mixture	True	selected_source_cv_mse < idw_source_cv_mse AND delta_source_cv_pearson > 0.03
6s_E2_to_E1	6-somite	E2	E1	66	cmtm6	False	0.2326631397008896	0.1573299765586853	0.07533316314220428	0.21582277119159698	0.25502902269363403	0.03920625150203705	True	True	False	local_anchor_w0.50	Calibrated mixture	True	selected_source_cv_mse < idw_source_cv_mse AND delta_source_cv_pearson > 0.03
6s_E2_to_E1	6-somite	E2	E1	67	cnmd	False	0.22512738406658173	0.13418622314929962	0.0909411609172821	0.20209623873233795	0.25654667615890503	0.05445043742656708	True	True	False	local_anchor_w0.75	Calibrated mixture	True	selected_source_cv_mse < idw_source_cv_mse AND delta_source_cv_pearson > 0.03
6s_E2_to_E1	6-somite	E2	E1	68	cnn3a	False	0.632003903388977	0.4741300344467163	0.15787386894226074	0.40491098165512085	0.5794090032577515	0.17449802160263062	True	True	False	local_anchor_w0.50	Calibrated mixture	True	selected_source_cv_mse < idw_source_cv_mse AND delta_source_cv_pearson > 0.03
6s_E2_to_E1	6-somite	E2	E1	69	coq10b	False	0.14306293427944183	0.060007911175489426	0.08305502310395241	0.17082682251930237	0.19716450572013855	0.02633768320083618	True	True	False	global_anchor_w0.75	Calibrated mixture	True	selected_source_cv_mse < idw_source_cv_mse AND delta_source_cv_pearson > 0.03
6s_E2_to_E1	6-somite	E2	E1	70	crabp2b	False	0.5800235867500305	0.522812008857727	0.05721157789230347	0.42716798186302185	0.5385703444480896	0.11140236258506775	True	True	False	local_anchor_w0.50	Calibrated mixture	True	selected_source_cv_mse < idw_source_cv_mse AND delta_source_cv_pearson > 0.03
6s_E2_to_E1	6-somite	E2	E1	71	creb3l1	False	0.6747793555259705	0.46922385692596436	0.2055554986000061	0.3432130515575409	0.49785974621772766	0.15464669466018677	True	True	False	local_anchor_w0.25	Calibrated mixture	True	selected_source_cv_mse < idw_source_cv_mse AND delta_source_cv_pearson > 0.03
6s_E2_to_E1	6-somite	E2	E1	72	creb3l2	False	0.676170825958252	0.4939720034599304	0.18219882249832153	0.3760800063610077	0.5753081440925598	0.19922813773155212	True	True	False	local_anchor_w0.50	Calibrated mixture	True	selected_source_cv_mse < idw_source_cv_mse AND delta_source_cv_pearson > 0.03
6s_E2_to_E1	6-somite	E2	E1	73	csrp1a	False	0.3983185887336731	0.34598493576049805	0.05233365297317505	0.173892080783844	0.20914481580257416	0.035252735018730164	True	True	False	local_anchor_w0.50	Calibrated mixture	True	selected_source_cv_mse < idw_source_cv_mse AND delta_source_cv_pearson > 0.03
6s_E2_to_E1	6-somite	E2	E1	74	cst3	False	0.659679651260376	0.41921210289001465	0.24046754837036133	0.35641005635261536	0.6967568397521973	0.3403467833995819	True	True	False	global_anchor_w0.50	Calibrated mixture	True	selected_source_cv_mse < idw_source_cv_mse AND delta_source_cv_pearson > 0.03
6s_E2_to_E1	6-somite	E2	E1	75	ctcf	False	0.5227938890457153	0.24117939174175262	0.2816144973039627	0.2110203355550766	0.31601792573928833	0.10499759018421173	True	True	False	local_anchor_w0.00	Local residual	True	selected_source_cv_mse < idw_source_cv_mse AND delta_source_cv_pearson > 0.03
6s_E2_to_E1	6-somite	E2	E1	76	cth1	False	0.12682901322841644	0.06475724279880524	0.062071770429611206	0.2501332759857178	0.3032957911491394	0.05316251516342163	True	True	False	local_anchor_w0.75	Calibrated mixture	True	selected_source_cv_mse < idw_source_cv_mse AND delta_source_cv_pearson > 0.03
6s_E2_to_E1	6-somite	E2	E1	77	CU570769.1	False	0.2351434826850891	0.08669929951429367	0.14844418317079544	0.1383046656847	0.16298362612724304	0.02467896044254303	True	True	False	local_anchor_w0.75	Calibrated mixture	True	selected_source_cv_mse < idw_source_cv_mse AND delta_source_cv_pearson > 0.03
6s_E2_to_E1	6-somite	E2	E1	78	cux1a	False	0.2421104609966278	0.16298429667949677	0.07912616431713104	0.3150053024291992	0.34626272320747375	0.031257420778274536	True	True	False	local_anchor_w0.50	Calibrated mixture	True	selected_source_cv_mse < idw_source_cv_mse AND delta_source_cv_pearson > 0.03
6s_E2_to_E1	6-somite	E2	E1	79	cxcl12b	False	0.1704566329717636	0.10081424564123154	0.06964238733053207	0.15820401906967163	0.1927417814731598	0.03453776240348816	True	True	False	global_anchor_w0.75	Calibrated mixture	True	selected_source_cv_mse < idw_source_cv_mse AND delta_source_cv_pearson > 0.03
6s_E2_to_E1	6-somite	E2	E1	80	cxcr4a	False	0.32849419116973877	0.26261550188064575	0.06587868928909302	0.3621385991573334	0.45915600657463074	0.09701740741729736	True	True	False	local_anchor_w0.50	Calibrated mixture	True	selected_source_cv_mse < idw_source_cv_mse AND delta_source_cv_pearson > 0.03
6s_E2_to_E1	6-somite	E2	E1	81	dact2	False	0.7154452800750732	0.6354311108589172	0.080014169216156	0.6762650609016418	0.9108403325080872	0.2345752716064453	True	True	False	global_anchor_w0.00	Global residual	True	selected_source_cv_mse < idw_source_cv_mse AND delta_source_cv_pearson > 0.03
6s_E2_to_E1	6-somite	E2	E1	82	dand5	False	0.1380612701177597	0.037672292441129684	0.10038897767663002	0.15950611233711243	0.18399222195148468	0.024486109614372253	True	True	False	local_anchor_w0.75	Calibrated mixture	True	selected_source_cv_mse < idw_source_cv_mse AND delta_source_cv_pearson > 0.03
6s_E2_to_E1	6-somite	E2	E1	83	dbx1a	False	0.2760084569454193	0.17951759696006775	0.09649085998535156	0.12196158617734909	0.21343353390693665	0.09147194772958755	True	True	False	global_anchor_w0.75	Calibrated mixture	True	selected_source_cv_mse < idw_source_cv_mse AND delta_source_cv_pearson > 0.03
6s_E2_to_E1	6-somite	E2	E1	84	ddx4	False	0.5710588693618774	0.38656866550445557	0.18449020385742188	0.09895734488964081	0.19437119364738464	0.09541384875774384	True	True	False	local_anchor_w0.75	Calibrated mixture	True	selected_source_cv_mse < idw_source_cv_mse AND delta_source_cv_pearson > 0.03
6s_E2_to_E1	6-somite	E2	E1	85	dharma	False	0.21136708557605743	0.06161334365606308	0.14975374191999435	0.17288893461227417	0.21183234453201294	0.03894340991973877	True	True	False	local_anchor_w0.75	Calibrated mixture	True	selected_source_cv_mse < idw_source_cv_mse AND delta_source_cv_pearson > 0.03
6s_E2_to_E1	6-somite	E2	E1	86	dkc1	False	0.6167084574699402	0.5375638604164124	0.07914459705352783	0.15160305798053741	0.17774783074855804	0.02614477276802063	True	True	False	global_anchor_w0.25	Calibrated mixture	True	selected_source_cv_mse < idw_source_cv_mse AND delta_source_cv_pearson > 0.03
6s_E2_to_E1	6-somite	E2	E1	87	dkk1b	False	0.22951684892177582	0.19901899993419647	0.030497848987579346	0.14836956560611725	0.21542266011238098	0.06705309450626373	True	True	False	local_anchor_w0.75	Calibrated mixture	True	selected_source_cv_mse < idw_source_cv_mse AND delta_source_cv_pearson > 0.03
6s_E2_to_E1	6-somite	E2	E1	88	dld	False	0.8122959136962891	0.7663435339927673	0.04595237970352173	0.5318472981452942	0.6971032619476318	0.16525596380233765	True	True	False	global_anchor_w0.50	Calibrated mixture	True	selected_source_cv_mse < idw_source_cv_mse AND delta_source_cv_pearson > 0.03
6s_E2_to_E1	6-somite	E2	E1	89	dlgap5	False	0.63665771484375	0.2661781907081604	0.3704795241355896	0.32918575406074524	0.5170840620994568	0.18789830803871155	True	True	False	local_anchor_w0.50	Calibrated mixture	True	selected_source_cv_mse < idw_source_cv_mse AND delta_source_cv_pearson > 0.03
6s_E2_to_E1	6-somite	E2	E1	90	dlx3b	False	0.7845612168312073	0.5557699203491211	0.22879129648208618	0.7539239525794983	1.3487924337387085	0.5948684811592102	True	True	False	local_anchor_w0.25	Calibrated mixture	True	selected_source_cv_mse < idw_source_cv_mse AND delta_source_cv_pearson > 0.03
6s_E2_to_E1	6-somite	E2	E1	91	dmd	False	0.577923059463501	0.40050533413887024	0.17741772532463074	0.23777425289154053	0.2871609032154083	0.0493866503238678	True	True	False	local_anchor_w0.50	Calibrated mixture	True	selected_source_cv_mse < idw_source_cv_mse AND delta_source_cv_pearson > 0.03
6s_E2_to_E1	6-somite	E2	E1	92	dnmt3bb.2	False	0.3793582022190094	0.21059072017669678	0.16876748204231262	0.30635759234428406	0.38435888290405273	0.07800129055976868	True	True	False	local_anchor_w0.75	Calibrated mixture	True	selected_source_cv_mse < idw_source_cv_mse AND delta_source_cv_pearson > 0.03
6s_E2_to_E1	6-somite	E2	E1	93	drll.2	False	0.26767289638519287	0.21756134927272797	0.050111547112464905	0.31388595700263977	0.34717288613319397	0.0332869291305542	True	True	False	global_anchor_w0.50	Calibrated mixture	True	selected_source_cv_mse < idw_source_cv_mse AND delta_source_cv_pearson > 0.03
6s_E2_to_E1	6-somite	E2	E1	94	drll.3	False	0.2808048129081726	0.1614282876253128	0.1193765252828598	0.13554859161376953	0.20639000833034515	0.07084141671657562	True	True	False	local_anchor_w0.75	Calibrated mixture	True	selected_source_cv_mse < idw_source_cv_mse AND delta_source_cv_pearson > 0.03
6s_E2_to_E1	6-somite	E2	E1	95	dscc1	False	0.27940136194229126	0.16637639701366425	0.11302496492862701	0.18937033414840698	0.22589799761772156	0.036527663469314575	True	True	False	local_anchor_w0.75	Calibrated mixture	True	selected_source_cv_mse < idw_source_cv_mse AND delta_source_cv_pearson > 0.03
6s_E2_to_E1	6-somite	E2	E1	96	dync1li1	False	0.18825969099998474	0.12292830646038055	0.06533138453960419	0.27372241020202637	0.31806036829948425	0.044337958097457886	True	True	False	global_anchor_w0.75	Calibrated mixture	True	selected_source_cv_mse < idw_source_cv_mse AND delta_source_cv_pearson > 0.03
6s_E2_to_E1	6-somite	E2	E1	97	dynll1	False	0.41201475262641907	0.37304452061653137	0.038970232009887695	0.335782915353775	0.37861618399620056	0.04283326864242554	True	True	False	global_anchor_w0.00	Global residual	True	selected_source_cv_mse < idw_source_cv_mse AND delta_source_cv_pearson > 0.03
6s_E2_to_E1	6-somite	E2	E1	98	dynll2b	False	0.1858440637588501	0.12740862369537354	0.05843544006347656	0.22071276605129242	0.27126067876815796	0.05054791271686554	True	True	False	global_anchor_w0.75	Calibrated mixture	True	selected_source_cv_mse < idw_source_cv_mse AND delta_source_cv_pearson > 0.03
6s_E2_to_E1	6-somite	E2	E1	99	ednraa	False	0.36265742778778076	0.125151127576828	0.23750630021095276	0.19360211491584778	0.27270761132240295	0.07910549640655518	True	True	False	local_anchor_w0.75	Calibrated mixture	True	selected_source_cv_mse < idw_source_cv_mse AND delta_source_cv_pearson > 0.03
6s_E2_to_E1	6-somite	E2	E1	100	efemp2b	False	0.932745099067688	0.856200635433197	0.07654446363449097	0.38466259837150574	0.7892656922340393	0.40460309386253357	True	True	False	local_anchor_w0.25	Calibrated mixture	True	selected_source_cv_mse < idw_source_cv_mse AND delta_source_cv_pearson > 0.03
6s_E2_to_E1	6-somite	E2	E1	101	efna1a	False	0.48192262649536133	0.406300812959671	0.07562181353569031	0.43570902943611145	0.5668056011199951	0.13109657168388367	True	True	False	local_anchor_w0.50	Calibrated mixture	True	selected_source_cv_mse < idw_source_cv_mse AND delta_source_cv_pearson > 0.03
6s_E2_to_E1	6-somite	E2	E1	102	efnb2a	False	0.6183136105537415	0.5350814461708069	0.08323216438293457	0.5626416802406311	0.768231213092804	0.20558953285217285	True	True	False	local_anchor_w0.25	Calibrated mixture	True	selected_source_cv_mse < idw_source_cv_mse AND delta_source_cv_pearson > 0.03
6s_E2_to_E1	6-somite	E2	E1	103	efnb2b	False	0.7528558969497681	0.7163385152816772	0.03651738166809082	0.35240083932876587	0.4423205256462097	0.08991968631744385	True	True	False	local_anchor_w0.25	Calibrated mixture	True	selected_source_cv_mse < idw_source_cv_mse AND delta_source_cv_pearson > 0.03
6s_E2_to_E1	6-somite	E2	E1	104	egln1b	False	0.21908503770828247	0.1421915590763092	0.07689347863197327	0.3404615819454193	0.3950180411338806	0.054556459188461304	True	True	False	global_anchor_w0.75	Calibrated mixture	True	selected_source_cv_mse < idw_source_cv_mse AND delta_source_cv_pearson > 0.03
6s_E2_to_E1	6-somite	E2	E1	105	eif3ea	False	0.38655731081962585	0.3580869138240814	0.028470396995544434	0.21790316700935364	0.2288559079170227	0.010952740907669067	False	False	True	local_anchor_w0.00	IDW fallback	False	selected_source_cv_mse < idw_source_cv_mse AND delta_source_cv_pearson > 0.03
6s_E2_to_E1	6-somite	E2	E1	106	elavl3	False	0.5159847736358643	0.37222957611083984	0.14375519752502441	0.6358710527420044	1.6544824838638306	1.0186114311218262	True	True	False	global_anchor_w0.75	Calibrated mixture	True	selected_source_cv_mse < idw_source_cv_mse AND delta_source_cv_pearson > 0.03
6s_E2_to_E1	6-somite	E2	E1	107	elf1	False	0.681545615196228	0.5351099967956543	0.14643561840057373	0.41398105025291443	0.5867717266082764	0.17279067635536194	True	True	False	global_anchor_w0.50	Calibrated mixture	True	selected_source_cv_mse < idw_source_cv_mse AND delta_source_cv_pearson > 0.03
6s_E2_to_E1	6-somite	E2	E1	108	elob	False	0.3739778697490692	0.22833076119422913	0.1456471085548401	0.2272111475467682	0.27446186542510986	0.047250717878341675	True	True	False	global_anchor_w0.75	Calibrated mixture	True	selected_source_cv_mse < idw_source_cv_mse AND delta_source_cv_pearson > 0.03
6s_E2_to_E1	6-somite	E2	E1	109	emid1	False	0.4948437213897705	0.3259243071079254	0.1689194142818451	0.4848686456680298	0.5184835195541382	0.0336148738861084	True	True	False	local_anchor_w0.75	Calibrated mixture	True	selected_source_cv_mse < idw_source_cv_mse AND delta_source_cv_pearson > 0.03
6s_E2_to_E1	6-somite	E2	E1	110	emx2	False	0.33551356196403503	0.31392940878868103	0.021584153175354004	0.22727245092391968	0.3384186029434204	0.11114615201950073	False	False	True	global_anchor_w0.50	IDW fallback	False	selected_source_cv_mse < idw_source_cv_mse AND delta_source_cv_pearson > 0.03
6s_E2_to_E1	6-somite	E2	E1	111	emx3	False	0.5073314905166626	0.5009832978248596	0.0063481926918029785	0.602304995059967	0.5783888101577759	-0.023916184902191162	False	False	True	local_anchor_w0.00	IDW fallback	False	selected_source_cv_mse < idw_source_cv_mse AND delta_source_cv_pearson > 0.03
6s_E2_to_E1	6-somite	E2	E1	112	epcam	False	0.17368388175964355	0.11329898238182068	0.060384899377822876	0.07842590659856796	0.09168222546577454	0.013256318867206573	True	True	False	local_anchor_w0.75	Calibrated mixture	True	selected_source_cv_mse < idw_source_cv_mse AND delta_source_cv_pearson > 0.03
6s_E2_to_E1	6-somite	E2	E1	113	epha2a	False	0.7390192151069641	0.7127286791801453	0.026290535926818848	0.7139475345611572	0.7420092225074768	0.02806168794631958	False	False	True	local_anchor_w0.25	IDW fallback	False	selected_source_cv_mse < idw_source_cv_mse AND delta_source_cv_pearson > 0.03
6s_E2_to_E1	6-somite	E2	E1	114	ephb3a	False	0.588337242603302	0.4558168351650238	0.1325204074382782	0.5341233611106873	0.671274721622467	0.13715136051177979	True	True	False	local_anchor_w0.25	Calibrated mixture	True	selected_source_cv_mse < idw_source_cv_mse AND delta_source_cv_pearson > 0.03
6s_E2_to_E1	6-somite	E2	E1	115	eppk1	False	0.7816902995109558	0.2872364819049835	0.4944538176059723	0.26413437724113464	0.8002816438674927	0.536147266626358	True	True	False	local_anchor_w0.75	Calibrated mixture	True	selected_source_cv_mse < idw_source_cv_mse AND delta_source_cv_pearson > 0.03
6s_E2_to_E1	6-somite	E2	E1	116	erf	False	0.40719354152679443	0.3550402820110321	0.05215325951576233	0.26225411891937256	0.2831466794013977	0.020892560482025146	True	True	False	local_anchor_w0.25	Calibrated mixture	True	selected_source_cv_mse < idw_source_cv_mse AND delta_source_cv_pearson > 0.03
6s_E2_to_E1	6-somite	E2	E1	117	esrra	False	0.5460792779922485	0.4865250885486603	0.05955418944358826	0.37800538539886475	0.43042075634002686	0.05241537094116211	True	True	False	local_anchor_w0.25	Calibrated mixture	True	selected_source_cv_mse < idw_source_cv_mse AND delta_source_cv_pearson > 0.03
6s_E2_to_E1	6-somite	E2	E1	118	ets2	False	0.516209602355957	0.3620935082435608	0.15411609411239624	0.21216239035129547	0.26962733268737793	0.05746494233608246	True	True	False	local_anchor_w0.50	Calibrated mixture	True	selected_source_cv_mse < idw_source_cv_mse AND delta_source_cv_pearson > 0.03
6s_E2_to_E1	6-somite	E2	E1	119	etv2	False	0.5772335529327393	0.5923033952713013	-0.015069842338562012	0.3933349847793579	0.5527272820472717	0.15939229726791382	False	False	True	local_anchor_w0.50	IDW fallback	False	selected_source_cv_mse < idw_source_cv_mse AND delta_source_cv_pearson > 0.03
6s_E2_to_E1	6-somite	E2	E1	120	etv4	False	0.7358877658843994	0.7345286011695862	0.0013591647148132324	0.43354442715644836	0.4392276108264923	0.005683183670043945	False	False	True	global_anchor_w0.00	IDW fallback	False	selected_source_cv_mse < idw_source_cv_mse AND delta_source_cv_pearson > 0.03
6s_E2_to_E1	6-somite	E2	E1	121	etv5a	False	0.6637534499168396	0.5840045213699341	0.07974892854690552	0.3622966408729553	0.42199864983558655	0.059702008962631226	True	True	False	local_anchor_w0.25	Calibrated mixture	True	selected_source_cv_mse < idw_source_cv_mse AND delta_source_cv_pearson > 0.03
6s_E2_to_E1	6-somite	E2	E1	122	etv5b	False	0.7898283004760742	0.76643306016922	0.023395240306854248	0.28628528118133545	0.3332013487815857	0.046916067600250244	False	False	True	local_anchor_w0.00	IDW fallback	False	selected_source_cv_mse < idw_source_cv_mse AND delta_source_cv_pearson > 0.03
6s_E2_to_E1	6-somite	E2	E1	123	eve1	False	0.4904276430606842	0.44367897510528564	0.04674866795539856	0.31303340196609497	0.4254131317138672	0.11237972974777222	True	True	False	global_anchor_w0.25	Calibrated mixture	True	selected_source_cv_mse < idw_source_cv_mse AND delta_source_cv_pearson > 0.03
6s_E2_to_E1	6-somite	E2	E1	124	f11r.1	False	0.5782451033592224	0.468276709318161	0.1099683940410614	0.30231356620788574	0.3755330443382263	0.07321947813034058	True	True	False	local_anchor_w0.50	Calibrated mixture	True	selected_source_cv_mse < idw_source_cv_mse AND delta_source_cv_pearson > 0.03
6s_E2_to_E1	6-somite	E2	E1	125	fbln2	False	0.48194360733032227	0.27370142936706543	0.20824217796325684	0.38699445128440857	0.45450547337532043	0.06751102209091187	True	True	False	local_anchor_w0.75	Calibrated mixture	True	selected_source_cv_mse < idw_source_cv_mse AND delta_source_cv_pearson > 0.03
6s_E2_to_E1	6-somite	E2	E1	126	fezf2	False	0.7657555341720581	0.7505826950073242	0.015172839164733887	0.32150164246559143	0.3071860671043396	-0.014315575361251831	False	False	True	local_anchor_w0.25	IDW fallback	False	selected_source_cv_mse < idw_source_cv_mse AND delta_source_cv_pearson > 0.03
6s_E2_to_E1	6-somite	E2	E1	127	fgf8a	False	0.4515311121940613	0.3866950273513794	0.06483608484268188	0.5389434695243835	0.690596878528595	0.15165340900421143	True	True	False	local_anchor_w0.25	Calibrated mixture	True	selected_source_cv_mse < idw_source_cv_mse AND delta_source_cv_pearson > 0.03
6s_E2_to_E1	6-somite	E2	E1	128	flrt3	False	0.5424667000770569	0.5459619164466858	-0.0034952163696289062	0.7895308136940002	0.8928695321083069	0.10333871841430664	False	False	True	global_anchor_w0.25	IDW fallback	False	selected_source_cv_mse < idw_source_cv_mse AND delta_source_cv_pearson > 0.03
6s_E2_to_E1	6-somite	E2	E1	129	fn1a	True	1.0000001192092896	0.8042356967926025	0.195764422416687	5.1552286745026876e-11	0.7596780061721802	0.7596780061206279	True	False	True	global_anchor_w0.25	IDW fallback	False	selected_source_cv_mse < idw_source_cv_mse AND delta_source_cv_pearson > 0.03
6s_E2_to_E1	6-somite	E2	E1	130	fn1b	True	0.9999998807907104	0.872310221195221	0.1276896595954895	1.2429551832227048e-10	0.691801130771637	0.6918011306473415	True	False	True	global_anchor_w0.25	IDW fallback	False	selected_source_cv_mse < idw_source_cv_mse AND delta_source_cv_pearson > 0.03
6s_E2_to_E1	6-somite	E2	E1	131	fnbp1l	False	0.3729463517665863	0.3444293439388275	0.02851700782775879	0.28743594884872437	0.30945485830307007	0.022018909454345703	False	False	True	global_anchor_w0.50	IDW fallback	False	selected_source_cv_mse < idw_source_cv_mse AND delta_source_cv_pearson > 0.03
6s_E2_to_E1	6-somite	E2	E1	132	fosab	False	0.21053293347358704	0.12747347354888916	0.08305945992469788	0.165763720870018	0.2088063508272171	0.0430426299571991	True	True	False	global_anchor_w0.75	Calibrated mixture	True	selected_source_cv_mse < idw_source_cv_mse AND delta_source_cv_pearson > 0.03
6s_E2_to_E1	6-somite	E2	E1	133	foxa	False	0.6661109328269958	0.5358675718307495	0.13024336099624634	0.22381992638111115	0.2694612145423889	0.04564128816127777	True	True	False	local_anchor_w0.25	Calibrated mixture	True	selected_source_cv_mse < idw_source_cv_mse AND delta_source_cv_pearson > 0.03
6s_E2_to_E1	6-somite	E2	E1	134	foxa2	False	0.636359453201294	0.4411575198173523	0.19520193338394165	0.321328341960907	0.5139233469963074	0.1925950050354004	True	True	False	local_anchor_w0.50	Calibrated mixture	True	selected_source_cv_mse < idw_source_cv_mse AND delta_source_cv_pearson > 0.03
6s_E2_to_E1	6-somite	E2	E1	135	foxa3	False	0.6952696442604065	0.32576650381088257	0.3695031404495239	0.5190654397010803	1.0262984037399292	0.5072329640388489	True	True	False	local_anchor_w0.50	Calibrated mixture	True	selected_source_cv_mse < idw_source_cv_mse AND delta_source_cv_pearson > 0.03
6s_E2_to_E1	6-somite	E2	E1	136	foxb1a	False	0.5635942816734314	0.5224122405052185	0.04118204116821289	0.38054966926574707	0.7574915289878845	0.37694185972213745	True	True	False	local_anchor_w0.50	Calibrated mixture	True	selected_source_cv_mse < idw_source_cv_mse AND delta_source_cv_pearson > 0.03
6s_E2_to_E1	6-somite	E2	E1	137	foxb1b	False	0.4914478361606598	0.3549167215824127	0.13653111457824707	0.29666832089424133	0.47813862562179565	0.18147030472755432	True	True	False	local_anchor_w0.50	Calibrated mixture	True	selected_source_cv_mse < idw_source_cv_mse AND delta_source_cv_pearson > 0.03
6s_E2_to_E1	6-somite	E2	E1	138	foxc1a	False	0.8858531713485718	0.7197716236114502	0.16608154773712158	0.4454141855239868	1.0261324644088745	0.5807182788848877	True	True	False	local_anchor_w0.25	Calibrated mixture	True	selected_source_cv_mse < idw_source_cv_mse AND delta_source_cv_pearson > 0.03
6s_E2_to_E1	6-somite	E2	E1	139	foxc1b	False	0.726597011089325	0.5622655153274536	0.16433149576187134	0.4407632648944855	0.6791643500328064	0.23840108513832092	True	True	False	local_anchor_w0.25	Calibrated mixture	True	selected_source_cv_mse < idw_source_cv_mse AND delta_source_cv_pearson > 0.03
6s_E2_to_E1	6-somite	E2	E1	140	foxd3	False	0.4686816930770874	0.27970874309539795	0.18897294998168945	0.5032512545585632	0.6128790378570557	0.10962778329849243	True	True	False	local_anchor_w0.50	Calibrated mixture	True	selected_source_cv_mse < idw_source_cv_mse AND delta_source_cv_pearson > 0.03
6s_E2_to_E1	6-somite	E2	E1	141	foxd5	False	0.6257224678993225	0.5668264031410217	0.05889606475830078	0.5097288489341736	0.5724459290504456	0.06271708011627197	True	True	False	local_anchor_w0.00	Local residual	True	selected_source_cv_mse < idw_source_cv_mse AND delta_source_cv_pearson > 0.03
6s_E2_to_E1	6-somite	E2	E1	142	foxg1a	False	0.8443663716316223	0.8443663716316223	0.0	0.22256429493427277	0.22256429493427277	0.0	False	False	True	registered_idw	IDW fallback	False	selected_source_cv_mse < idw_source_cv_mse AND delta_source_cv_pearson > 0.03
6s_E2_to_E1	6-somite	E2	E1	143	foxh1	False	0.6592905521392822	0.5060700178146362	0.153220534324646	0.22546587884426117	0.29961857199668884	0.07415269315242767	True	True	False	local_anchor_w0.50	Calibrated mixture	True	selected_source_cv_mse < idw_source_cv_mse AND delta_source_cv_pearson > 0.03
6s_E2_to_E1	6-somite	E2	E1	144	foxi1	False	0.661953866481781	0.5937458276748657	0.06820803880691528	0.24580219388008118	0.2742278575897217	0.028425663709640503	True	True	False	local_anchor_w0.25	Calibrated mixture	True	selected_source_cv_mse < idw_source_cv_mse AND delta_source_cv_pearson > 0.03
6s_E2_to_E1	6-somite	E2	E1	145	foxn2b	False	0.24290642142295837	0.09191421419382095	0.15099220722913742	0.3428012430667877	0.4052470326423645	0.06244578957557678	True	True	False	local_anchor_w0.75	Calibrated mixture	True	selected_source_cv_mse < idw_source_cv_mse AND delta_source_cv_pearson > 0.03
6s_E2_to_E1	6-somite	E2	E1	146	foxo1a	False	0.33642616868019104	0.2710563838481903	0.06536978483200073	0.09437588602304459	0.13044020533561707	0.03606431931257248	True	True	False	global_anchor_w0.50	Calibrated mixture	True	selected_source_cv_mse < idw_source_cv_mse AND delta_source_cv_pearson > 0.03
6s_E2_to_E1	6-somite	E2	E1	147	foxp1b	False	0.5370099544525146	0.5137867331504822	0.02322322130203247	0.39447420835494995	0.44941118359565735	0.0549369752407074	False	False	True	global_anchor_w0.50	IDW fallback	False	selected_source_cv_mse < idw_source_cv_mse AND delta_source_cv_pearson > 0.03
6s_E2_to_E1	6-somite	E2	E1	148	foxp2	False	0.377069354057312	0.3339388370513916	0.04313051700592041	0.3205622136592865	0.36632099747657776	0.04575878381729126	True	True	False	local_anchor_w0.50	Calibrated mixture	True	selected_source_cv_mse < idw_source_cv_mse AND delta_source_cv_pearson > 0.03
6s_E2_to_E1	6-somite	E2	E1	149	frmd4ba	False	0.3801790177822113	0.17173650860786438	0.20844250917434692	0.33400604128837585	0.45071929693222046	0.1167132556438446	True	True	False	global_anchor_w0.75	Calibrated mixture	True	selected_source_cv_mse < idw_source_cv_mse AND delta_source_cv_pearson > 0.03
6s_E2_to_E1	6-somite	E2	E1	150	fscn1a	False	0.7406290173530579	0.6374911069869995	0.10313791036605835	0.6362053155899048	0.8967042565345764	0.26049894094467163	True	True	False	local_anchor_w0.50	Calibrated mixture	True	selected_source_cv_mse < idw_source_cv_mse AND delta_source_cv_pearson > 0.03
6s_E2_to_E1	6-somite	E2	E1	151	fzd7a	False	0.7624930143356323	0.745419442653656	0.01707357168197632	0.17687422037124634	0.1924900859594345	0.015615865588188171	False	False	True	global_anchor_w0.00	IDW fallback	False	selected_source_cv_mse < idw_source_cv_mse AND delta_source_cv_pearson > 0.03
6s_E2_to_E1	6-somite	E2	E1	152	fzd7b	False	0.19175724685192108	0.15834960341453552	0.03340764343738556	0.2970190644264221	0.3357660472393036	0.03874698281288147	True	True	False	local_anchor_w0.50	Calibrated mixture	True	selected_source_cv_mse < idw_source_cv_mse AND delta_source_cv_pearson > 0.03
6s_E2_to_E1	6-somite	E2	E1	153	fzd8a	False	0.738879382610321	0.7230046391487122	0.015874743461608887	0.4972045123577118	0.5063649415969849	0.009160429239273071	False	False	True	local_anchor_w0.25	IDW fallback	False	selected_source_cv_mse < idw_source_cv_mse AND delta_source_cv_pearson > 0.03
6s_E2_to_E1	6-somite	E2	E1	154	gadd45gip1	False	0.3488162159919739	0.2609107196331024	0.08790549635887146	0.3193983733654022	0.34840255975723267	0.029004186391830444	True	True	False	local_anchor_w0.75	Calibrated mixture	True	selected_source_cv_mse < idw_source_cv_mse AND delta_source_cv_pearson > 0.03
6s_E2_to_E1	6-somite	E2	E1	155	gapdh	False	0.46023625135421753	0.31988418102264404	0.1403520703315735	0.2759283483028412	0.37853315472602844	0.10260480642318726	True	True	False	global_anchor_w0.50	Calibrated mixture	True	selected_source_cv_mse < idw_source_cv_mse AND delta_source_cv_pearson > 0.03
6s_E2_to_E1	6-somite	E2	E1	156	gata2a	False	0.8139803409576416	0.7014065384864807	0.11257380247116089	0.6238298416137695	0.9252703785896301	0.3014405369758606	True	True	False	global_anchor_w0.25	Calibrated mixture	True	selected_source_cv_mse < idw_source_cv_mse AND delta_source_cv_pearson > 0.03
6s_E2_to_E1	6-somite	E2	E1	157	gata3	False	0.6448763608932495	0.517128586769104	0.1277477741241455	0.20541535317897797	0.2843433916568756	0.07892803847789764	True	True	False	global_anchor_w0.25	Calibrated mixture	True	selected_source_cv_mse < idw_source_cv_mse AND delta_source_cv_pearson > 0.03
6s_E2_to_E1	6-somite	E2	E1	158	gata5	True	1.0000003576278687	0.5726980566978455	0.4273023009300232	2.1885517703656987e-11	0.5641451478004456	0.5641451477785601	True	False	True	global_anchor_w0.00	IDW fallback	False	selected_source_cv_mse < idw_source_cv_mse AND delta_source_cv_pearson > 0.03
6s_E2_to_E1	6-somite	E2	E1	159	gata6	False	0.7935801148414612	0.5444765686988831	0.24910354614257812	0.28603559732437134	0.6406257748603821	0.35459017753601074	True	True	False	global_anchor_w0.50	Calibrated mixture	True	selected_source_cv_mse < idw_source_cv_mse AND delta_source_cv_pearson > 0.03
6s_E2_to_E1	6-somite	E2	E1	160	gbx1	False	0.5265783667564392	0.44178521633148193	0.08479315042495728	0.34930962324142456	0.5295347571372986	0.18022513389587402	True	True	False	local_anchor_w0.50	Calibrated mixture	True	selected_source_cv_mse < idw_source_cv_mse AND delta_source_cv_pearson > 0.03
6s_E2_to_E1	6-somite	E2	E1	161	gcm2	False	0.17548318207263947	0.1148228570818901	0.06066032499074936	0.17749029397964478	0.21628914773464203	0.03879885375499725	True	True	False	local_anchor_w0.75	Calibrated mixture	True	selected_source_cv_mse < idw_source_cv_mse AND delta_source_cv_pearson > 0.03
6s_E2_to_E1	6-somite	E2	E1	162	gfi1aa	False	0.42008957266807556	0.42244285345077515	-0.002353280782699585	0.32051557302474976	0.36236435174942017	0.04184877872467041	False	False	True	global_anchor_w0.50	IDW fallback	False	selected_source_cv_mse < idw_source_cv_mse AND delta_source_cv_pearson > 0.03
6s_E2_to_E1	6-somite	E2	E1	163	gli1	False	0.7359113693237305	0.6531687378883362	0.08274263143539429	0.37797874212265015	0.49472877383232117	0.11675003170967102	True	True	False	local_anchor_w0.00	Local residual	True	selected_source_cv_mse < idw_source_cv_mse AND delta_source_cv_pearson > 0.03
6s_E2_to_E1	6-somite	E2	E1	164	gli2a	False	0.6591932773590088	0.5445582270622253	0.11463505029678345	0.3588963449001312	0.42619749903678894	0.06730115413665771	True	True	False	global_anchor_w0.50	Calibrated mixture	True	selected_source_cv_mse < idw_source_cv_mse AND delta_source_cv_pearson > 0.03
6s_E2_to_E1	6-somite	E2	E1	165	gmnn	False	0.3133150041103363	0.14562451839447021	0.1676904857158661	0.3500678837299347	0.4511537551879883	0.10108587145805359	True	True	False	global_anchor_w0.50	Calibrated mixture	True	selected_source_cv_mse < idw_source_cv_mse AND delta_source_cv_pearson > 0.03
6s_E2_to_E1	6-somite	E2	E1	166	gpr137bb	False	0.43190082907676697	0.17143771052360535	0.2604631185531616	0.286071240901947	0.41540074348449707	0.12932950258255005	True	True	False	local_anchor_w0.75	Calibrated mixture	True	selected_source_cv_mse < idw_source_cv_mse AND delta_source_cv_pearson > 0.03
6s_E2_to_E1	6-somite	E2	E1	167	grhl1	False	0.8056447505950928	0.3827061951160431	0.4229385554790497	0.26615065336227417	0.8094428181648254	0.5432921648025513	True	True	False	local_anchor_w0.75	Calibrated mixture	True	selected_source_cv_mse < idw_source_cv_mse AND delta_source_cv_pearson > 0.03
6s_E2_to_E1	6-somite	E2	E1	168	grhl2b	False	0.709669291973114	0.590822696685791	0.118846595287323	0.5345292091369629	0.7112212777137756	0.17669206857681274	True	True	False	local_anchor_w0.25	Calibrated mixture	True	selected_source_cv_mse < idw_source_cv_mse AND delta_source_cv_pearson > 0.03
6s_E2_to_E1	6-somite	E2	E1	169	gsc	False	0.23587261140346527	0.15300633013248444	0.08286628127098083	0.19170817732810974	0.23254427313804626	0.04083609580993652	True	True	False	local_anchor_w0.75	Calibrated mixture	True	selected_source_cv_mse < idw_source_cv_mse AND delta_source_cv_pearson > 0.03
6s_E2_to_E1	6-somite	E2	E1	170	h1-0	False	0.4528665840625763	0.33373573422431946	0.11913084983825684	0.6365595459938049	0.7630162835121155	0.12645673751831055	True	True	False	global_anchor_w0.50	Calibrated mixture	True	selected_source_cv_mse < idw_source_cv_mse AND delta_source_cv_pearson > 0.03
6s_E2_to_E1	6-somite	E2	E1	171	hdlbpa	False	0.7590835094451904	0.5595723390579224	0.19951117038726807	0.12581314146518707	0.19983021914958954	0.07401707768440247	True	True	False	local_anchor_w0.25	Calibrated mixture	True	selected_source_cv_mse < idw_source_cv_mse AND delta_source_cv_pearson > 0.03
6s_E2_to_E1	6-somite	E2	E1	172	helb	False	0.1710895299911499	0.10879020392894745	0.062299326062202454	0.31576111912727356	0.3462945222854614	0.030533403158187866	True	True	False	local_anchor_w0.50	Calibrated mixture	True	selected_source_cv_mse < idw_source_cv_mse AND delta_source_cv_pearson > 0.03
6s_E2_to_E1	6-somite	E2	E1	173	hells	False	0.10291913896799088	0.0337151475250721	0.06920399144291878	0.22201105952262878	0.24917127192020416	0.02716021239757538	True	True	False	global_anchor_w0.75	Calibrated mixture	True	selected_source_cv_mse < idw_source_cv_mse AND delta_source_cv_pearson > 0.03
6s_E2_to_E1	6-somite	E2	E1	174	her1	False	0.8302581310272217	0.8102890849113464	0.019969046115875244	0.32405170798301697	0.3520634174346924	0.028011709451675415	False	False	True	local_anchor_w0.00	IDW fallback	False	selected_source_cv_mse < idw_source_cv_mse AND delta_source_cv_pearson > 0.03
6s_E2_to_E1	6-somite	E2	E1	175	her11	False	0.3437827527523041	0.21943499147891998	0.1243477612733841	0.12566252052783966	0.1518162488937378	0.026153728365898132	True	True	False	global_anchor_w0.75	Calibrated mixture	True	selected_source_cv_mse < idw_source_cv_mse AND delta_source_cv_pearson > 0.03
6s_E2_to_E1	6-somite	E2	E1	176	her12	False	0.5172213912010193	0.45430147647857666	0.06291991472244263	0.3434862494468689	0.4257432818412781	0.08225703239440918	True	True	False	local_anchor_w0.75	Calibrated mixture	True	selected_source_cv_mse < idw_source_cv_mse AND delta_source_cv_pearson > 0.03
6s_E2_to_E1	6-somite	E2	E1	177	her2	False	0.21005800366401672	0.1374104917049408	0.07264751195907593	0.24871055781841278	0.28984400629997253	0.04113344848155975	True	True	False	local_anchor_w0.75	Calibrated mixture	True	selected_source_cv_mse < idw_source_cv_mse AND delta_source_cv_pearson > 0.03
6s_E2_to_E1	6-somite	E2	E1	178	her3	False	0.18686817586421967	0.1117623969912529	0.07510577887296677	0.21958626806735992	0.2654722034931183	0.04588593542575836	True	True	False	local_anchor_w0.75	Calibrated mixture	True	selected_source_cv_mse < idw_source_cv_mse AND delta_source_cv_pearson > 0.03
6s_E2_to_E1	6-somite	E2	E1	179	her5	False	0.49161362648010254	0.47595858573913574	0.015655040740966797	0.30258291959762573	0.32053613662719727	0.017953217029571533	False	False	True	global_anchor_w0.25	IDW fallback	False	selected_source_cv_mse < idw_source_cv_mse AND delta_source_cv_pearson > 0.03
6s_E2_to_E1	6-somite	E2	E1	180	her6	False	0.6166213154792786	0.6265966892242432	-0.0099753737449646	0.6427865624427795	0.7407320141792297	0.0979454517364502	False	False	True	global_anchor_w0.25	IDW fallback	False	selected_source_cv_mse < idw_source_cv_mse AND delta_source_cv_pearson > 0.03
6s_E2_to_E1	6-somite	E2	E1	181	her7	False	0.6880229115486145	0.6614100337028503	0.02661287784576416	0.16369007527828217	0.17379583418369293	0.010105758905410767	False	False	True	local_anchor_w0.25	IDW fallback	False	selected_source_cv_mse < idw_source_cv_mse AND delta_source_cv_pearson > 0.03
6s_E2_to_E1	6-somite	E2	E1	182	her8a	False	0.6434627175331116	0.37945201992988586	0.2640106976032257	0.4738379418849945	0.9595799446105957	0.4857420027256012	True	True	False	local_anchor_w0.75	Calibrated mixture	True	selected_source_cv_mse < idw_source_cv_mse AND delta_source_cv_pearson > 0.03
6s_E2_to_E1	6-somite	E2	E1	183	her9	False	0.7063979506492615	0.6070333123207092	0.09936463832855225	0.9677273631095886	1.5721124410629272	0.6043850779533386	True	True	False	global_anchor_w0.50	Calibrated mixture	True	selected_source_cv_mse < idw_source_cv_mse AND delta_source_cv_pearson > 0.03
6s_E2_to_E1	6-somite	E2	E1	184	hes6	False	0.13705210387706757	0.0773283988237381	0.05972370505332947	0.17838796973228455	0.22534678876399994	0.04695881903171539	True	True	False	local_anchor_w0.75	Calibrated mixture	True	selected_source_cv_mse < idw_source_cv_mse AND delta_source_cv_pearson > 0.03
6s_E2_to_E1	6-somite	E2	E1	185	hesx1	False	0.277531236410141	0.1413709968328476	0.1361602395772934	0.3205969035625458	0.3556021749973297	0.035005271434783936	True	True	False	local_anchor_w0.75	Calibrated mixture	True	selected_source_cv_mse < idw_source_cv_mse AND delta_source_cv_pearson > 0.03
6s_E2_to_E1	6-somite	E2	E1	186	hic1l	False	0.33212941884994507	0.25613823533058167	0.0759911835193634	0.2948831021785736	0.3403525650501251	0.045469462871551514	True	True	False	global_anchor_w0.75	Calibrated mixture	True	selected_source_cv_mse < idw_source_cv_mse AND delta_source_cv_pearson > 0.03
6s_E2_to_E1	6-somite	E2	E1	187	higd1a	False	0.2019953429698944	0.12124097347259521	0.0807543694972992	0.15978525578975677	0.18868330121040344	0.028898045420646667	True	True	False	local_anchor_w0.75	Calibrated mixture	True	selected_source_cv_mse < idw_source_cv_mse AND delta_source_cv_pearson > 0.03
6s_E2_to_E1	6-somite	E2	E1	188	hivep2a	False	0.3899514079093933	0.2758679986000061	0.11408340930938721	0.22570811212062836	0.26553839445114136	0.039830282330513	True	True	False	local_anchor_w0.75	Calibrated mixture	True	selected_source_cv_mse < idw_source_cv_mse AND delta_source_cv_pearson > 0.03
6s_E2_to_E1	6-somite	E2	E1	189	hoxb1b	False	0.7959771752357483	0.76156085729599	0.0344163179397583	0.3906511068344116	0.5024049878120422	0.11175388097763062	True	True	False	global_anchor_w0.00	Global residual	True	selected_source_cv_mse < idw_source_cv_mse AND delta_source_cv_pearson > 0.03
6s_E2_to_E1	6-somite	E2	E1	190	hoxb7a	False	0.6342895030975342	0.6002611517906189	0.03402835130691528	0.2356509268283844	0.2868889570236206	0.051238030195236206	True	True	False	local_anchor_w0.50	Calibrated mixture	True	selected_source_cv_mse < idw_source_cv_mse AND delta_source_cv_pearson > 0.03
6s_E2_to_E1	6-somite	E2	E1	191	hoxb8a	False	0.3577723205089569	0.2639715373516083	0.09380078315734863	0.26677632331848145	0.2937885522842407	0.027012228965759277	True	True	False	local_anchor_w0.75	Calibrated mixture	True	selected_source_cv_mse < idw_source_cv_mse AND delta_source_cv_pearson > 0.03
6s_E2_to_E1	6-somite	E2	E1	192	hoxb9a	False	0.7364574670791626	0.6789215207099915	0.05753594636917114	0.32106173038482666	0.48674488067626953	0.16568315029144287	True	True	False	local_anchor_w0.25	Calibrated mixture	True	selected_source_cv_mse < idw_source_cv_mse AND delta_source_cv_pearson > 0.03
6s_E2_to_E1	6-somite	E2	E1	193	hoxc3a	True	0.9999997615814209	0.7397214770317078	0.26027828454971313	3.6251203427983825e-11	0.47490277886390686	0.47490277882765564	True	False	True	global_anchor_w1.00	IDW fallback	False	selected_source_cv_mse < idw_source_cv_mse AND delta_source_cv_pearson > 0.03
6s_E2_to_E1	6-somite	E2	E1	194	hoxc6a	False	0.6543300747871399	0.6215795278549194	0.03275054693222046	0.22709320485591888	0.25011733174324036	0.023024126887321472	True	True	False	local_anchor_w0.50	Calibrated mixture	True	selected_source_cv_mse < idw_source_cv_mse AND delta_source_cv_pearson > 0.03
6s_E2_to_E1	6-somite	E2	E1	195	hoxc8a	False	0.6696935296058655	0.6518577933311462	0.01783573627471924	0.16482168436050415	0.1854885369539261	0.020666852593421936	False	False	True	local_anchor_w0.25	IDW fallback	False	selected_source_cv_mse < idw_source_cv_mse AND delta_source_cv_pearson > 0.03
6s_E2_to_E1	6-somite	E2	E1	196	hsp90aa1.2	False	0.5359604358673096	0.3506016433238983	0.18535879254341125	0.2929072380065918	0.3412196934223175	0.04831245541572571	True	True	False	local_anchor_w0.75	Calibrated mixture	True	selected_source_cv_mse < idw_source_cv_mse AND delta_source_cv_pearson > 0.03
6s_E2_to_E1	6-somite	E2	E1	197	id3	False	0.5900924801826477	0.4495025873184204	0.1405898928642273	0.7088324427604675	0.9843680262565613	0.27553558349609375	True	True	False	local_anchor_w0.25	Calibrated mixture	True	selected_source_cv_mse < idw_source_cv_mse AND delta_source_cv_pearson > 0.03
6s_E2_to_E1	6-somite	E2	E1	198	igf2bp1	False	0.6421511173248291	0.5945581197738647	0.047592997550964355	0.0662805512547493	0.07244376838207245	0.006163217127323151	True	True	False	global_anchor_w0.25	Calibrated mixture	True	selected_source_cv_mse < idw_source_cv_mse AND delta_source_cv_pearson > 0.03
6s_E2_to_E1	6-somite	E2	E1	199	igfbp1a	False	0.11660686135292053	0.06853057444095612	0.048076286911964417	0.20106424391269684	0.23424261808395386	0.03317837417125702	True	True	False	local_anchor_w0.75	Calibrated mixture	True	selected_source_cv_mse < idw_source_cv_mse AND delta_source_cv_pearson > 0.03
6s_E2_to_E1	6-somite	E2	E1	200	irf2a	False	0.15221865475177765	0.10400725901126862	0.04821139574050903	0.18199512362480164	0.2111271768808365	0.02913205325603485	True	True	False	local_anchor_w0.50	Calibrated mixture	True	selected_source_cv_mse < idw_source_cv_mse AND delta_source_cv_pearson > 0.03
6s_E2_to_E1	6-somite	E2	E1	201	irx1b	False	0.7525617480278015	0.691753625869751	0.06080812215805054	0.6667430400848389	0.946468710899353	0.27972567081451416	True	True	False	local_anchor_w0.25	Calibrated mixture	True	selected_source_cv_mse < idw_source_cv_mse AND delta_source_cv_pearson > 0.03
6s_E2_to_E1	6-somite	E2	E1	202	irx3a	False	0.1454748809337616	0.1079326793551445	0.037542201578617096	0.1997501701116562	0.25182467699050903	0.052074506878852844	True	True	False	global_anchor_w0.50	Calibrated mixture	True	selected_source_cv_mse < idw_source_cv_mse AND delta_source_cv_pearson > 0.03
6s_E2_to_E1	6-somite	E2	E1	203	irx5a	False	0.5922307968139648	0.5395793318748474	0.05265146493911743	0.4737355411052704	0.5564923882484436	0.08275684714317322	True	True	False	local_anchor_w0.25	Calibrated mixture	True	selected_source_cv_mse < idw_source_cv_mse AND delta_source_cv_pearson > 0.03
6s_E2_to_E1	6-somite	E2	E1	204	irx7	False	0.7327995300292969	0.7143598198890686	0.01843971014022827	0.387484610080719	0.4681112468242645	0.08062663674354553	False	False	True	local_anchor_w0.25	IDW fallback	False	selected_source_cv_mse < idw_source_cv_mse AND delta_source_cv_pearson > 0.03
6s_E2_to_E1	6-somite	E2	E1	205	ism1	False	0.5826293230056763	0.500359296798706	0.08227002620697021	0.3565064072608948	0.4097144901752472	0.05320808291435242	True	True	False	local_anchor_w0.25	Calibrated mixture	True	selected_source_cv_mse < idw_source_cv_mse AND delta_source_cv_pearson > 0.03
6s_E2_to_E1	6-somite	E2	E1	206	itga6a	False	0.6915163397789001	0.6604357957839966	0.031080543994903564	0.3400700092315674	0.40592309832572937	0.06585308909416199	True	True	False	local_anchor_w0.00	Local residual	True	selected_source_cv_mse < idw_source_cv_mse AND delta_source_cv_pearson > 0.03
6s_E2_to_E1	6-somite	E2	E1	207	itgb5	False	0.4326413869857788	0.3182843327522278	0.11435705423355103	0.32602545619010925	0.3748374879360199	0.048812031745910645	True	True	False	global_anchor_w0.50	Calibrated mixture	True	selected_source_cv_mse < idw_source_cv_mse AND delta_source_cv_pearson > 0.03
6s_E2_to_E1	6-somite	E2	E1	208	itm2cb	False	0.47122132778167725	0.3185078203678131	0.15271350741386414	0.28595495223999023	0.34925469756126404	0.0632997453212738	True	True	False	local_anchor_w0.75	Calibrated mixture	True	selected_source_cv_mse < idw_source_cv_mse AND delta_source_cv_pearson > 0.03
6s_E2_to_E1	6-somite	E2	E1	209	jcada	False	0.6579663157463074	0.5792092680931091	0.07875704765319824	0.3432456851005554	0.3939242660999298	0.05067858099937439	True	True	False	local_anchor_w0.25	Calibrated mixture	True	selected_source_cv_mse < idw_source_cv_mse AND delta_source_cv_pearson > 0.03
6s_E2_to_E1	6-somite	E2	E1	210	kank1a	False	0.504953920841217	0.3697880804538727	0.13516584038734436	0.42952629923820496	0.487974613904953	0.05844831466674805	True	True	False	local_anchor_w0.25	Calibrated mixture	True	selected_source_cv_mse < idw_source_cv_mse AND delta_source_cv_pearson > 0.03
6s_E2_to_E1	6-somite	E2	E1	211	kazald2	False	0.7939426898956299	0.7172572612762451	0.07668542861938477	0.27284350991249084	0.34016451239585876	0.06732100248336792	True	True	False	local_anchor_w0.50	Calibrated mixture	True	selected_source_cv_mse < idw_source_cv_mse AND delta_source_cv_pearson > 0.03
6s_E2_to_E1	6-somite	E2	E1	212	kdrl	False	0.2718198299407959	0.17410796880722046	0.09771186113357544	0.25442853569984436	0.30998629331588745	0.05555775761604309	True	True	False	local_anchor_w0.50	Calibrated mixture	True	selected_source_cv_mse < idw_source_cv_mse AND delta_source_cv_pearson > 0.03
6s_E2_to_E1	6-somite	E2	E1	213	kif15	False	0.20833460986614227	0.10754107683897018	0.10079353302717209	0.2768438160419464	0.32026705145835876	0.043423235416412354	True	True	False	global_anchor_w0.75	Calibrated mixture	True	selected_source_cv_mse < idw_source_cv_mse AND delta_source_cv_pearson > 0.03
6s_E2_to_E1	6-somite	E2	E1	214	kirrel3l	False	0.6672220230102539	0.6143478751182556	0.05287414789199829	0.6571846604347229	0.8330222368240356	0.17583757638931274	True	True	False	local_anchor_w0.25	Calibrated mixture	True	selected_source_cv_mse < idw_source_cv_mse AND delta_source_cv_pearson > 0.03
6s_E2_to_E1	6-somite	E2	E1	215	klf17	False	0.38716384768486023	0.24350757896900177	0.14365626871585846	0.20692801475524902	0.2607165277004242	0.05378851294517517	True	True	False	global_anchor_w0.75	Calibrated mixture	True	selected_source_cv_mse < idw_source_cv_mse AND delta_source_cv_pearson > 0.03
6s_E2_to_E1	6-somite	E2	E1	216	klf2a	False	0.6473305225372314	0.5047166347503662	0.14261388778686523	0.2855837941169739	0.3696501851081848	0.08406639099121094	True	True	False	local_anchor_w0.25	Calibrated mixture	True	selected_source_cv_mse < idw_source_cv_mse AND delta_source_cv_pearson > 0.03
6s_E2_to_E1	6-somite	E2	E1	217	klf2b	False	0.6411981582641602	0.31378138065338135	0.3274167776107788	0.30961549282073975	0.5156846046447754	0.20606911182403564	True	True	False	local_anchor_w0.50	Calibrated mixture	True	selected_source_cv_mse < idw_source_cv_mse AND delta_source_cv_pearson > 0.03
6s_E2_to_E1	6-somite	E2	E1	218	klf3	False	0.51217120885849	0.3868400454521179	0.12533116340637207	0.1904495805501938	0.26595044136047363	0.07550086081027985	True	True	False	global_anchor_w0.75	Calibrated mixture	True	selected_source_cv_mse < idw_source_cv_mse AND delta_source_cv_pearson > 0.03
6s_E2_to_E1	6-somite	E2	E1	219	klf7a	False	0.2941027581691742	0.15579871833324432	0.13830403983592987	0.2696840465068817	0.31845852732658386	0.04877448081970215	True	True	False	local_anchor_w0.75	Calibrated mixture	True	selected_source_cv_mse < idw_source_cv_mse AND delta_source_cv_pearson > 0.03
6s_E2_to_E1	6-somite	E2	E1	220	klf8	False	0.37012210488319397	0.3054947853088379	0.06462731957435608	0.37375104427337646	0.44516700506210327	0.0714159607887268	True	True	False	global_anchor_w0.25	Calibrated mixture	True	selected_source_cv_mse < idw_source_cv_mse AND delta_source_cv_pearson > 0.03
6s_E2_to_E1	6-somite	E2	E1	221	kmt2bb	False	0.15646657347679138	0.10390616208314896	0.052560411393642426	0.26079970598220825	0.2954659163951874	0.034666210412979126	True	True	False	global_anchor_w0.50	Calibrated mixture	True	selected_source_cv_mse < idw_source_cv_mse AND delta_source_cv_pearson > 0.03
6s_E2_to_E1	6-somite	E2	E1	222	kmt5aa	False	0.2849409878253937	0.17391550540924072	0.11102548241615295	0.18472488224506378	0.21028092503547668	0.025556042790412903	True	True	False	local_anchor_w0.75	Calibrated mixture	True	selected_source_cv_mse < idw_source_cv_mse AND delta_source_cv_pearson > 0.03
6s_E2_to_E1	6-somite	E2	E1	223	krt18a.1	False	0.8150987029075623	0.4718470573425293	0.34325164556503296	0.5976265668869019	1.5851609706878662	0.9875344038009644	True	True	False	global_anchor_w0.75	Calibrated mixture	True	selected_source_cv_mse < idw_source_cv_mse AND delta_source_cv_pearson > 0.03
6s_E2_to_E1	6-somite	E2	E1	224	krt4	False	0.8054461479187012	0.44346222281455994	0.36198392510414124	0.42011433839797974	1.0865470170974731	0.6664326786994934	True	True	False	local_anchor_w0.25	Calibrated mixture	True	selected_source_cv_mse < idw_source_cv_mse AND delta_source_cv_pearson > 0.03
6s_E2_to_E1	6-somite	E2	E1	225	krt8	False	0.8259506225585938	0.5275997519493103	0.29835087060928345	0.4731230139732361	1.2884483337402344	0.8153253197669983	True	True	False	local_anchor_w0.50	Calibrated mixture	True	selected_source_cv_mse < idw_source_cv_mse AND delta_source_cv_pearson > 0.03
6s_E2_to_E1	6-somite	E2	E1	226	krt99	False	0.8422166109085083	0.301489919424057	0.5407266914844513	0.40611690282821655	1.4491153955459595	1.042998492717743	True	True	False	local_anchor_w0.50	Calibrated mixture	True	selected_source_cv_mse < idw_source_cv_mse AND delta_source_cv_pearson > 0.03
6s_E2_to_E1	6-somite	E2	E1	227	lamb1a	False	0.7218393087387085	0.4803105294704437	0.24152877926826477	0.2252187281847	0.45627936720848083	0.23106063902378082	True	True	False	local_anchor_w0.00	Local residual	True	selected_source_cv_mse < idw_source_cv_mse AND delta_source_cv_pearson > 0.03
6s_E2_to_E1	6-somite	E2	E1	228	lamc1	False	0.7436575293540955	0.629109263420105	0.11454826593399048	0.1720244586467743	0.2605709433555603	0.08854648470878601	True	True	False	local_anchor_w0.25	Calibrated mixture	True	selected_source_cv_mse < idw_source_cv_mse AND delta_source_cv_pearson > 0.03
6s_E2_to_E1	6-somite	E2	E1	229	lamp2	False	0.6255441904067993	0.4171469211578369	0.2083972692489624	0.3699798882007599	0.5898475050926208	0.21986761689186096	True	True	False	local_anchor_w0.75	Calibrated mixture	True	selected_source_cv_mse < idw_source_cv_mse AND delta_source_cv_pearson > 0.03
6s_E2_to_E1	6-somite	E2	E1	230	lbx2	False	0.6763591766357422	0.6651323437690735	0.011226832866668701	0.39325886964797974	0.4046444892883301	0.011385619640350342	False	False	True	local_anchor_w0.00	IDW fallback	False	selected_source_cv_mse < idw_source_cv_mse AND delta_source_cv_pearson > 0.03
6s_E2_to_E1	6-somite	E2	E1	231	lef1	False	0.7471036314964294	0.7370364665985107	0.010067164897918701	0.3314547836780548	0.3498649299144745	0.018410146236419678	False	False	True	global_anchor_w0.25	IDW fallback	False	selected_source_cv_mse < idw_source_cv_mse AND delta_source_cv_pearson > 0.03
6s_E2_to_E1	6-somite	E2	E1	232	lft1	False	0.4417724907398224	0.43029868602752686	0.011473804712295532	0.20981131494045258	0.23931582272052765	0.029504507780075073	False	False	True	global_anchor_w0.25	IDW fallback	False	selected_source_cv_mse < idw_source_cv_mse AND delta_source_cv_pearson > 0.03
6s_E2_to_E1	6-somite	E2	E1	233	lft2	False	0.20117942988872528	0.14549675583839417	0.055682674050331116	0.11854224652051926	0.13873602449893951	0.020193777978420258	True	True	False	global_anchor_w0.75	Calibrated mixture	True	selected_source_cv_mse < idw_source_cv_mse AND delta_source_cv_pearson > 0.03
6s_E2_to_E1	6-somite	E2	E1	234	lgals3b	False	0.600561261177063	0.30961403250694275	0.29094722867012024	0.23117993772029877	0.38434475660324097	0.1531648188829422	True	True	False	local_anchor_w0.75	Calibrated mixture	True	selected_source_cv_mse < idw_source_cv_mse AND delta_source_cv_pearson > 0.03
6s_E2_to_E1	6-somite	E2	E1	235	lhfpl6	False	0.6886343955993652	0.5180147290229797	0.1706196665763855	0.2962319552898407	0.4137198030948639	0.1174878478050232	True	True	False	local_anchor_w0.25	Calibrated mixture	True	selected_source_cv_mse < idw_source_cv_mse AND delta_source_cv_pearson > 0.03
6s_E2_to_E1	6-somite	E2	E1	236	lhx1a	False	0.6793939471244812	0.6417962908744812	0.03759765625	0.4372371733188629	0.45689982175827026	0.01966264843940735	True	True	False	local_anchor_w0.50	Calibrated mixture	True	selected_source_cv_mse < idw_source_cv_mse AND delta_source_cv_pearson > 0.03
6s_E2_to_E1	6-somite	E2	E1	237	lhx5	False	0.5571072697639465	0.5367075800895691	0.02039968967437744	0.26079076528549194	0.2901820242404938	0.02939125895500183	False	False	True	local_anchor_w0.25	IDW fallback	False	selected_source_cv_mse < idw_source_cv_mse AND delta_source_cv_pearson > 0.03
6s_E2_to_E1	6-somite	E2	E1	238	lima1a	False	0.7860847115516663	0.7478355765342712	0.03824913501739502	0.47104352712631226	0.5557044148445129	0.08466088771820068	True	True	False	global_anchor_w0.25	Calibrated mixture	True	selected_source_cv_mse < idw_source_cv_mse AND delta_source_cv_pearson > 0.03
6s_E2_to_E1	6-somite	E2	E1	239	lmnb1	False	0.5316945314407349	0.4453485608100891	0.08634597063064575	0.12715445458889008	0.1412619948387146	0.014107540249824524	True	True	False	global_anchor_w0.25	Calibrated mixture	True	selected_source_cv_mse < idw_source_cv_mse AND delta_source_cv_pearson > 0.03
6s_E2_to_E1	6-somite	E2	E1	240	lmo2	False	0.5898341536521912	0.5684258341789246	0.0214083194732666	0.4705495834350586	0.540097177028656	0.06954759359359741	False	False	True	local_anchor_w0.25	IDW fallback	False	selected_source_cv_mse < idw_source_cv_mse AND delta_source_cv_pearson > 0.03
6s_E2_to_E1	6-somite	E2	E1	241	lmo4a	False	0.5248652100563049	0.46498095989227295	0.05988425016403198	0.5301170349121094	0.6125138401985168	0.08239680528640747	True	True	False	local_anchor_w0.25	Calibrated mixture	True	selected_source_cv_mse < idw_source_cv_mse AND delta_source_cv_pearson > 0.03
6s_E2_to_E1	6-somite	E2	E1	242	lratb.1	False	0.28630590438842773	0.19187167286872864	0.0944342315196991	0.23251332342624664	0.28530120849609375	0.05278788506984711	True	True	False	local_anchor_w0.50	Calibrated mixture	True	selected_source_cv_mse < idw_source_cv_mse AND delta_source_cv_pearson > 0.03
6s_E2_to_E1	6-somite	E2	E1	243	lratd1	False	0.2700437009334564	0.14754104614257812	0.1225026547908783	0.23172511160373688	0.29887253046035767	0.06714741885662079	True	True	False	local_anchor_w0.75	Calibrated mixture	True	selected_source_cv_mse < idw_source_cv_mse AND delta_source_cv_pearson > 0.03
6s_E2_to_E1	6-somite	E2	E1	244	mab21l2	False	0.4999336004257202	0.5080773234367371	-0.008143723011016846	0.31269699335098267	0.622796893119812	0.31009989976882935	False	False	True	local_anchor_w0.75	IDW fallback	False	selected_source_cv_mse < idw_source_cv_mse AND delta_source_cv_pearson > 0.03
6s_E2_to_E1	6-somite	E2	E1	245	mad1l1	False	0.4299379885196686	0.25649866461753845	0.17343932390213013	0.2728186547756195	0.3398943543434143	0.0670756995677948	True	True	False	local_anchor_w0.75	Calibrated mixture	True	selected_source_cv_mse < idw_source_cv_mse AND delta_source_cv_pearson > 0.03
6s_E2_to_E1	6-somite	E2	E1	246	map1lc3b	False	0.19200322031974792	0.14568153023719788	0.04632169008255005	0.30040624737739563	0.3399065434932709	0.039500296115875244	True	True	False	global_anchor_w0.75	Calibrated mixture	True	selected_source_cv_mse < idw_source_cv_mse AND delta_source_cv_pearson > 0.03
6s_E2_to_E1	6-somite	E2	E1	247	map2k6	False	0.30734702944755554	0.25255298614501953	0.05479404330253601	0.2471255213022232	0.2698874771595001	0.022761955857276917	True	True	False	global_anchor_w0.50	Calibrated mixture	True	selected_source_cv_mse < idw_source_cv_mse AND delta_source_cv_pearson > 0.03
6s_E2_to_E1	6-somite	E2	E1	248	mcama	False	0.6154037117958069	0.4821566343307495	0.13324707746505737	0.4178055226802826	0.5941424369812012	0.17633691430091858	True	True	False	global_anchor_w0.50	Calibrated mixture	True	selected_source_cv_mse < idw_source_cv_mse AND delta_source_cv_pearson > 0.03
6s_E2_to_E1	6-somite	E2	E1	249	mcm2	False	0.6852813363075256	0.4635082185268402	0.22177311778068542	0.31370094418525696	0.5879471898078918	0.2742462456226349	True	True	False	local_anchor_w0.25	Calibrated mixture	True	selected_source_cv_mse < idw_source_cv_mse AND delta_source_cv_pearson > 0.03
6s_E2_to_E1	6-somite	E2	E1	250	mcm3	False	0.6542757749557495	0.349256694316864	0.3050190806388855	0.3618958592414856	0.6948810815811157	0.3329852223396301	True	True	False	local_anchor_w0.25	Calibrated mixture	True	selected_source_cv_mse < idw_source_cv_mse AND delta_source_cv_pearson > 0.03
6s_E2_to_E1	6-somite	E2	E1	251	mcm4	False	0.7639236450195312	0.48044276237487793	0.2834808826446533	0.3136860430240631	0.7374876141548157	0.42380157113075256	True	True	False	local_anchor_w0.00	Local residual	True	selected_source_cv_mse < idw_source_cv_mse AND delta_source_cv_pearson > 0.03
6s_E2_to_E1	6-somite	E2	E1	252	mcm5	False	0.5157339572906494	0.3419368863105774	0.17379707098007202	0.3850072920322418	0.5527654886245728	0.16775819659233093	True	True	False	local_anchor_w0.25	Calibrated mixture	True	selected_source_cv_mse < idw_source_cv_mse AND delta_source_cv_pearson > 0.03
6s_E2_to_E1	6-somite	E2	E1	253	mcm7	False	0.7323180437088013	0.3762046694755554	0.35611337423324585	0.22201097011566162	0.5079147219657898	0.2859037518501282	True	True	False	local_anchor_w0.00	Local residual	True	selected_source_cv_mse < idw_source_cv_mse AND delta_source_cv_pearson > 0.03
6s_E2_to_E1	6-somite	E2	E1	254	mdm2	False	0.25161680579185486	0.13027536869049072	0.12134143710136414	0.35289403796195984	0.4488479793071747	0.09595394134521484	True	True	False	local_anchor_w0.50	Calibrated mixture	True	selected_source_cv_mse < idw_source_cv_mse AND delta_source_cv_pearson > 0.03
6s_E2_to_E1	6-somite	E2	E1	255	mef2d	False	0.7606475353240967	0.5882239937782288	0.17242354154586792	0.456419438123703	0.6796194314956665	0.2231999933719635	True	True	False	local_anchor_w0.25	Calibrated mixture	True	selected_source_cv_mse < idw_source_cv_mse AND delta_source_cv_pearson > 0.03
6s_E2_to_E1	6-somite	E2	E1	256	meis1b	False	0.6950041651725769	0.670280396938324	0.02472376823425293	0.42692527174949646	0.5142039060592651	0.08727863430976868	False	False	True	local_anchor_w0.25	IDW fallback	False	selected_source_cv_mse < idw_source_cv_mse AND delta_source_cv_pearson > 0.03
6s_E2_to_E1	6-somite	E2	E1	257	meis2a	False	0.7819429636001587	0.7654093503952026	0.016533613204956055	0.4018647372722626	0.4711724817752838	0.06930774450302124	False	False	True	global_anchor_w0.00	IDW fallback	False	selected_source_cv_mse < idw_source_cv_mse AND delta_source_cv_pearson > 0.03
6s_E2_to_E1	6-somite	E2	E1	258	meis3	False	0.8423009514808655	0.8298383355140686	0.012462615966796875	0.37623482942581177	0.41584351658821106	0.03960868716239929	False	False	True	global_anchor_w0.00	IDW fallback	False	selected_source_cv_mse < idw_source_cv_mse AND delta_source_cv_pearson > 0.03
6s_E2_to_E1	6-somite	E2	E1	259	meox1	True	1.0000001192092896	0.7905154228210449	0.20948469638824463	1.0220891494272522e-10	0.8798480033874512	0.8798480032852423	True	False	True	global_anchor_w0.25	IDW fallback	False	selected_source_cv_mse < idw_source_cv_mse AND delta_source_cv_pearson > 0.03
6s_E2_to_E1	6-somite	E2	E1	260	mespaa	False	0.22779250144958496	0.1403525173664093	0.08743998408317566	0.12185098230838776	0.13777954876422882	0.015928566455841064	True	True	False	local_anchor_w0.75	Calibrated mixture	True	selected_source_cv_mse < idw_source_cv_mse AND delta_source_cv_pearson > 0.03
6s_E2_to_E1	6-somite	E2	E1	261	mespab	False	0.6147636771202087	0.611534059047699	0.0032296180725097656	0.10279875248670578	0.10342210531234741	0.0006233528256416321	False	False	True	local_anchor_w0.00	IDW fallback	False	selected_source_cv_mse < idw_source_cv_mse AND delta_source_cv_pearson > 0.03
6s_E2_to_E1	6-somite	E2	E1	262	mgst3b	False	0.26200953125953674	0.1905902475118637	0.07141928374767303	0.25650089979171753	0.28989920020103455	0.03339830040931702	True	True	False	local_anchor_w0.25	Calibrated mixture	True	selected_source_cv_mse < idw_source_cv_mse AND delta_source_cv_pearson > 0.03
6s_E2_to_E1	6-somite	E2	E1	263	mibp2	False	0.2533823251724243	0.19211646914482117	0.06126585602760315	0.3123680651187897	0.35997676849365234	0.04760870337486267	True	True	False	local_anchor_w0.50	Calibrated mixture	True	selected_source_cv_mse < idw_source_cv_mse AND delta_source_cv_pearson > 0.03
6s_E2_to_E1	6-somite	E2	E1	264	mixl1	False	0.24647268652915955	0.1690572202205658	0.07741546630859375	0.2178654670715332	0.2528935670852661	0.03502810001373291	True	True	False	global_anchor_w0.75	Calibrated mixture	True	selected_source_cv_mse < idw_source_cv_mse AND delta_source_cv_pearson > 0.03
6s_E2_to_E1	6-somite	E2	E1	265	mki67	False	0.7059475779533386	0.2705559730529785	0.4353916049003601	0.24655495584011078	0.4701176583766937	0.22356270253658295	True	True	False	local_anchor_w0.50	Calibrated mixture	True	selected_source_cv_mse < idw_source_cv_mse AND delta_source_cv_pearson > 0.03
6s_E2_to_E1	6-somite	E2	E1	266	mns1	False	0.22483843564987183	0.12542451918125153	0.0994139164686203	0.23001974821090698	0.2795470058917999	0.049527257680892944	True	True	False	global_anchor_w0.75	Calibrated mixture	True	selected_source_cv_mse < idw_source_cv_mse AND delta_source_cv_pearson > 0.03
6s_E2_to_E1	6-somite	E2	E1	267	msgn1	False	0.9294597506523132	0.9003342986106873	0.029125452041625977	0.29311761260032654	0.4098356366157532	0.11671802401542664	False	False	True	local_anchor_w0.25	IDW fallback	False	selected_source_cv_mse < idw_source_cv_mse AND delta_source_cv_pearson > 0.03
6s_E2_to_E1	6-somite	E2	E1	268	msx1b	True	1.0000011920928955	0.3303152918815613	0.6696859002113342	1.0439281383778365e-10	1.6383490562438965	1.6383490561395038	True	False	True	global_anchor_w0.00	IDW fallback	False	selected_source_cv_mse < idw_source_cv_mse AND delta_source_cv_pearson > 0.03
6s_E2_to_E1	6-somite	E2	E1	269	msx3	False	0.587396502494812	0.44389015436172485	0.14350634813308716	0.4499140977859497	0.5324349403381348	0.08252084255218506	True	True	False	local_anchor_w0.50	Calibrated mixture	True	selected_source_cv_mse < idw_source_cv_mse AND delta_source_cv_pearson > 0.03
6s_E2_to_E1	6-somite	E2	E1	270	mycb	False	0.12473829835653305	0.10005295276641846	0.024685345590114594	0.056137390434741974	0.06588471680879593	0.009747326374053955	False	False	True	global_anchor_w0.75	IDW fallback	False	selected_source_cv_mse < idw_source_cv_mse AND delta_source_cv_pearson > 0.03
6s_E2_to_E1	6-somite	E2	E1	271	mych	False	0.6914984583854675	0.6036888957023621	0.08780956268310547	0.556242048740387	0.6798815131187439	0.12363946437835693	True	True	False	local_anchor_w0.50	Calibrated mixture	True	selected_source_cv_mse < idw_source_cv_mse AND delta_source_cv_pearson > 0.03
6s_E2_to_E1	6-somite	E2	E1	272	mycla	False	0.5218404531478882	0.3217746615409851	0.20006579160690308	0.3429282307624817	0.5310288667678833	0.1881006360054016	True	True	False	local_anchor_w0.50	Calibrated mixture	True	selected_source_cv_mse < idw_source_cv_mse AND delta_source_cv_pearson > 0.03
6s_E2_to_E1	6-somite	E2	E1	273	myclb	False	0.5994322896003723	0.5390230417251587	0.06040924787521362	0.48344185948371887	0.6543724536895752	0.17093059420585632	True	True	False	global_anchor_w0.50	Calibrated mixture	True	selected_source_cv_mse < idw_source_cv_mse AND delta_source_cv_pearson > 0.03
6s_E2_to_E1	6-somite	E2	E1	274	mycn	False	0.8067464828491211	0.7409189939498901	0.06582748889923096	0.561486005783081	0.8736461997032166	0.3121601939201355	True	True	False	local_anchor_w0.25	Calibrated mixture	True	selected_source_cv_mse < idw_source_cv_mse AND delta_source_cv_pearson > 0.03
6s_E2_to_E1	6-somite	E2	E1	275	myf5	False	0.7305475473403931	0.6647804975509644	0.06576704978942871	0.3690255582332611	0.4431362748146057	0.0741107165813446	True	True	False	local_anchor_w0.25	Calibrated mixture	True	selected_source_cv_mse < idw_source_cv_mse AND delta_source_cv_pearson > 0.03
6s_E2_to_E1	6-somite	E2	E1	276	myod1	False	0.7596591711044312	0.641686737537384	0.11797243356704712	0.6817996501922607	0.9218552708625793	0.2400556206703186	True	True	False	global_anchor_w0.25	Calibrated mixture	True	selected_source_cv_mse < idw_source_cv_mse AND delta_source_cv_pearson > 0.03
6s_E2_to_E1	6-somite	E2	E1	277	nanog	False	0.2597188949584961	0.15535905957221985	0.10435983538627625	0.18550442159175873	0.2199314534664154	0.03442703187465668	True	True	False	local_anchor_w0.75	Calibrated mixture	True	selected_source_cv_mse < idw_source_cv_mse AND delta_source_cv_pearson > 0.03
6s_E2_to_E1	6-somite	E2	E1	278	nanos3	True	1.000000238418579	0.3496663570404053	0.6503338813781738	1.128136212918962e-11	0.23475629091262817	0.2347562909013468	True	False	True	global_anchor_w1.00	IDW fallback	False	selected_source_cv_mse < idw_source_cv_mse AND delta_source_cv_pearson > 0.03
6s_E2_to_E1	6-somite	E2	E1	279	nap1l1	False	0.5383638739585876	0.37730759382247925	0.1610562801361084	0.3120006322860718	0.4564022719860077	0.1444016396999359	True	True	False	local_anchor_w0.50	Calibrated mixture	True	selected_source_cv_mse < idw_source_cv_mse AND delta_source_cv_pearson > 0.03
6s_E2_to_E1	6-somite	E2	E1	280	nasp	False	0.7923124432563782	0.6067230105400085	0.18558943271636963	0.37169891595840454	0.8240500092506409	0.45235109329223633	True	True	False	local_anchor_w0.50	Calibrated mixture	True	selected_source_cv_mse < idw_source_cv_mse AND delta_source_cv_pearson > 0.03
6s_E2_to_E1	6-somite	E2	E1	281	ncapd2	False	0.5548675656318665	0.28953686356544495	0.2653307020664215	0.2829250395298004	0.40874215960502625	0.12581712007522583	True	True	False	global_anchor_w0.50	Calibrated mixture	True	selected_source_cv_mse < idw_source_cv_mse AND delta_source_cv_pearson > 0.03
6s_E2_to_E1	6-somite	E2	E1	282	nckap5l	False	0.32402846217155457	0.269305020570755	0.05472344160079956	0.2565266788005829	0.2918148636817932	0.03528818488121033	True	True	False	local_anchor_w0.50	Calibrated mixture	True	selected_source_cv_mse < idw_source_cv_mse AND delta_source_cv_pearson > 0.03
6s_E2_to_E1	6-somite	E2	E1	283	ndr1	False	0.16248154640197754	0.10919763147830963	0.05328391492366791	0.055492572486400604	0.06597079336643219	0.010478220880031586	True	True	False	local_anchor_w0.75	Calibrated mixture	True	selected_source_cv_mse < idw_source_cv_mse AND delta_source_cv_pearson > 0.03
6s_E2_to_E1	6-somite	E2	E1	284	ndr2	False	0.1709027886390686	0.13640247285366058	0.03450031578540802	0.17859125137329102	0.19539380073547363	0.016802549362182617	True	True	False	local_anchor_w0.25	Calibrated mixture	True	selected_source_cv_mse < idw_source_cv_mse AND delta_source_cv_pearson > 0.03
6s_E2_to_E1	6-somite	E2	E1	285	ndufv3	False	0.15961046516895294	0.0861615389585495	0.07344892621040344	0.2874167263507843	0.3346167504787445	0.047200024127960205	True	True	False	global_anchor_w0.75	Calibrated mixture	True	selected_source_cv_mse < idw_source_cv_mse AND delta_source_cv_pearson > 0.03
6s_E2_to_E1	6-somite	E2	E1	286	nid2a	False	0.8316702246665955	0.7188819050788879	0.11278831958770752	0.41915813088417053	0.7155897617340088	0.29643163084983826	True	True	False	local_anchor_w0.00	Local residual	True	selected_source_cv_mse < idw_source_cv_mse AND delta_source_cv_pearson > 0.03
6s_E2_to_E1	6-somite	E2	E1	287	nip7	False	0.15632323920726776	0.0604042150080204	0.09591902419924736	0.2357434332370758	0.29056963324546814	0.054826200008392334	True	True	False	local_anchor_w0.75	Calibrated mixture	True	selected_source_cv_mse < idw_source_cv_mse AND delta_source_cv_pearson > 0.03
6s_E2_to_E1	6-somite	E2	E1	288	nkx1.2la	False	0.19773775339126587	0.10401131212711334	0.09372644126415253	0.17300377786159515	0.21517397463321686	0.042170196771621704	True	True	False	local_anchor_w0.75	Calibrated mixture	True	selected_source_cv_mse < idw_source_cv_mse AND delta_source_cv_pearson > 0.03
6s_E2_to_E1	6-somite	E2	E1	289	nkx2.2a	False	0.2981826663017273	0.26637002825737	0.0318126380443573	0.07813519239425659	0.09849581867456436	0.02036062628030777	True	True	False	global_anchor_w0.50	Calibrated mixture	True	selected_source_cv_mse < idw_source_cv_mse AND delta_source_cv_pearson > 0.03
6s_E2_to_E1	6-somite	E2	E1	290	nkx2.5	False	0.21097365021705627	0.11925923824310303	0.09171441197395325	0.1928538680076599	0.21593056619167328	0.023076698184013367	True	True	False	local_anchor_w0.75	Calibrated mixture	True	selected_source_cv_mse < idw_source_cv_mse AND delta_source_cv_pearson > 0.03
6s_E2_to_E1	6-somite	E2	E1	291	nog1	False	0.44035229086875916	0.36362552642822266	0.0767267644405365	0.5228967070579529	0.6382352709770203	0.11533856391906738	True	True	False	local_anchor_w0.25	Calibrated mixture	True	selected_source_cv_mse < idw_source_cv_mse AND delta_source_cv_pearson > 0.03
6s_E2_to_E1	6-somite	E2	E1	292	nop58	False	0.8227007985115051	0.7324554324150085	0.09024536609649658	0.1543780416250229	0.23684373497962952	0.08246569335460663	True	True	False	local_anchor_w0.25	Calibrated mixture	True	selected_source_cv_mse < idw_source_cv_mse AND delta_source_cv_pearson > 0.03
6s_E2_to_E1	6-somite	E2	E1	293	notch1a	False	0.6920320987701416	0.5639152526855469	0.12811684608459473	0.3936462998390198	0.5876580476760864	0.19401174783706665	True	True	False	global_anchor_w0.50	Calibrated mixture	True	selected_source_cv_mse < idw_source_cv_mse AND delta_source_cv_pearson > 0.03
6s_E2_to_E1	6-somite	E2	E1	294	noto	False	0.3991248905658722	0.37130531668663025	0.027819573879241943	0.2808542847633362	0.3063810467720032	0.025526762008666992	False	False	True	local_anchor_w0.25	IDW fallback	False	selected_source_cv_mse < idw_source_cv_mse AND delta_source_cv_pearson > 0.03
6s_E2_to_E1	6-somite	E2	E1	295	nr2f2	False	0.6573060154914856	0.5922162532806396	0.06508976221084595	0.5723244547843933	0.7659362554550171	0.19361180067062378	True	True	False	global_anchor_w0.25	Calibrated mixture	True	selected_source_cv_mse < idw_source_cv_mse AND delta_source_cv_pearson > 0.03
6s_E2_to_E1	6-somite	E2	E1	296	nr6a1a	False	0.18614356219768524	0.15497837960720062	0.03116518259048462	0.28385260701179504	0.32452771067619324	0.04067510366439819	True	True	False	global_anchor_w0.50	Calibrated mixture	True	selected_source_cv_mse < idw_source_cv_mse AND delta_source_cv_pearson > 0.03
6s_E2_to_E1	6-somite	E2	E1	297	nrarpa	False	0.7032362222671509	0.6287429332733154	0.07449328899383545	0.5072812438011169	0.6146672368049622	0.10738599300384521	True	True	False	local_anchor_w0.25	Calibrated mixture	True	selected_source_cv_mse < idw_source_cv_mse AND delta_source_cv_pearson > 0.03
6s_E2_to_E1	6-somite	E2	E1	298	nsd2	True	1.0000016689300537	0.5285205245018005	0.4714811444282532	4.240858358928179e-11	0.588733971118927	0.5887339710765184	True	False	True	global_anchor_w1.00	IDW fallback	False	selected_source_cv_mse < idw_source_cv_mse AND delta_source_cv_pearson > 0.03
6s_E2_to_E1	6-somite	E2	E1	299	ntd5	False	0.8484238386154175	0.6933749318122864	0.1550489068031311	0.38367918133735657	0.7266296744346619	0.3429504930973053	True	True	False	local_anchor_w0.00	Local residual	True	selected_source_cv_mse < idw_source_cv_mse AND delta_source_cv_pearson > 0.03
6s_E2_to_E1	6-somite	E2	E1	300	oclna	False	0.5107728242874146	0.25464993715286255	0.256122887134552	0.19383060932159424	0.2729605436325073	0.07912993431091309	True	True	False	local_anchor_w0.75	Calibrated mixture	True	selected_source_cv_mse < idw_source_cv_mse AND delta_source_cv_pearson > 0.03
6s_E2_to_E1	6-somite	E2	E1	301	olig4	False	0.34411919116973877	0.17404477298259735	0.17007441818714142	0.19545602798461914	0.341625452041626	0.14616942405700684	True	True	False	global_anchor_w0.75	Calibrated mixture	True	selected_source_cv_mse < idw_source_cv_mse AND delta_source_cv_pearson > 0.03
6s_E2_to_E1	6-somite	E2	E1	302	osr1	False	0.5579196214675903	0.4223935604095459	0.13552606105804443	0.3199840784072876	0.4159024953842163	0.09591841697692871	True	True	False	global_anchor_w0.50	Calibrated mixture	True	selected_source_cv_mse < idw_source_cv_mse AND delta_source_cv_pearson > 0.03
6s_E2_to_E1	6-somite	E2	E1	303	otx1	False	0.807885468006134	0.7999770045280457	0.007908463478088379	0.26975247263908386	0.2987029254436493	0.02895045280456543	False	False	True	local_anchor_w0.25	IDW fallback	False	selected_source_cv_mse < idw_source_cv_mse AND delta_source_cv_pearson > 0.03
6s_E2_to_E1	6-somite	E2	E1	304	otx2a	False	0.4458639621734619	0.43003129959106445	0.01583266258239746	0.15324844419956207	0.16799159348011017	0.014743149280548096	False	False	True	local_anchor_w0.25	IDW fallback	False	selected_source_cv_mse < idw_source_cv_mse AND delta_source_cv_pearson > 0.03
6s_E2_to_E1	6-somite	E2	E1	305	otx2b	False	0.7810212969779968	0.7751701474189758	0.005851149559020996	0.2982631325721741	0.3689967095851898	0.07073357701301575	False	False	True	local_anchor_w0.25	IDW fallback	False	selected_source_cv_mse < idw_source_cv_mse AND delta_source_cv_pearson > 0.03
6s_E2_to_E1	6-somite	E2	E1	306	pax2a	False	0.5449934005737305	0.5197753310203552	0.025218069553375244	0.3506399095058441	0.3636675775051117	0.013027667999267578	False	False	True	global_anchor_w0.25	IDW fallback	False	selected_source_cv_mse < idw_source_cv_mse AND delta_source_cv_pearson > 0.03
6s_E2_to_E1	6-somite	E2	E1	307	pax3a	False	0.7412622570991516	0.607421875	0.1338403820991516	0.5338530540466309	0.8095993399620056	0.27574628591537476	True	True	False	local_anchor_w0.50	Calibrated mixture	True	selected_source_cv_mse < idw_source_cv_mse AND delta_source_cv_pearson > 0.03
6s_E2_to_E1	6-somite	E2	E1	308	pax6a	False	0.6524592041969299	0.5724497437477112	0.08000946044921875	0.3997153639793396	0.7796395421028137	0.3799241781234741	True	True	False	local_anchor_w0.50	Calibrated mixture	True	selected_source_cv_mse < idw_source_cv_mse AND delta_source_cv_pearson > 0.03
6s_E2_to_E1	6-somite	E2	E1	309	pax6b	False	0.7796603441238403	0.6363002061843872	0.14336013793945312	0.4727073609828949	1.170444130897522	0.6977367699146271	True	True	False	local_anchor_w0.50	Calibrated mixture	True	selected_source_cv_mse < idw_source_cv_mse AND delta_source_cv_pearson > 0.03
6s_E2_to_E1	6-somite	E2	E1	310	pbx1b	False	0.42956510186195374	0.39492565393447876	0.034639447927474976	0.29182353615760803	0.3537150025367737	0.06189146637916565	True	True	False	local_anchor_w0.25	Calibrated mixture	True	selected_source_cv_mse < idw_source_cv_mse AND delta_source_cv_pearson > 0.03
6s_E2_to_E1	6-somite	E2	E1	311	pbx4	False	0.6976937055587769	0.6409088969230652	0.05678480863571167	0.13078072667121887	0.15565399825572968	0.024873271584510803	True	True	False	global_anchor_w0.00	Global residual	True	selected_source_cv_mse < idw_source_cv_mse AND delta_source_cv_pearson > 0.03
6s_E2_to_E1	6-somite	E2	E1	312	pcdh10b	False	0.7687057852745056	0.6562427282333374	0.11246305704116821	0.624491274356842	0.903208315372467	0.278717041015625	True	True	False	global_anchor_w0.00	Global residual	True	selected_source_cv_mse < idw_source_cv_mse AND delta_source_cv_pearson > 0.03
6s_E2_to_E1	6-somite	E2	E1	313	pcdh7b	False	0.1823623776435852	0.09511006623506546	0.08725231140851974	0.11894235014915466	0.13402198255062103	0.01507963240146637	True	True	False	local_anchor_w0.75	Calibrated mixture	True	selected_source_cv_mse < idw_source_cv_mse AND delta_source_cv_pearson > 0.03
6s_E2_to_E1	6-somite	E2	E1	314	PCDH8	False	0.2261669933795929	0.1842840313911438	0.0418829619884491	0.11695031821727753	0.12640342116355896	0.009453102946281433	True	True	False	global_anchor_w0.50	Calibrated mixture	True	selected_source_cv_mse < idw_source_cv_mse AND delta_source_cv_pearson > 0.03
6s_E2_to_E1	6-somite	E2	E1	315	pcdh8	False	0.8273155093193054	0.7776957154273987	0.04961979389190674	0.33458492159843445	0.41491758823394775	0.0803326666355133	True	True	False	local_anchor_w0.25	Calibrated mixture	True	selected_source_cv_mse < idw_source_cv_mse AND delta_source_cv_pearson > 0.03
6s_E2_to_E1	6-somite	E2	E1	316	pdap1a	False	0.13405181467533112	0.09426765143871307	0.03978416323661804	0.2352675348520279	0.26165804266929626	0.02639050781726837	True	True	False	local_anchor_w0.25	Calibrated mixture	True	selected_source_cv_mse < idw_source_cv_mse AND delta_source_cv_pearson > 0.03
6s_E2_to_E1	6-somite	E2	E1	317	perp	False	0.6337867975234985	0.46719157695770264	0.1665952205657959	0.37158188223838806	0.5103018879890442	0.13872000575065613	True	True	False	global_anchor_w0.50	Calibrated mixture	True	selected_source_cv_mse < idw_source_cv_mse AND delta_source_cv_pearson > 0.03
6s_E2_to_E1	6-somite	E2	E1	318	pfn2	False	0.2508440613746643	0.19159089028835297	0.05925317108631134	0.31283125281333923	0.35946357250213623	0.046632319688797	True	True	False	global_anchor_w0.50	Calibrated mixture	True	selected_source_cv_mse < idw_source_cv_mse AND delta_source_cv_pearson > 0.03
6s_E2_to_E1	6-somite	E2	E1	319	pitx2	False	0.3600843548774719	0.3526882827281952	0.007396072149276733	0.23169748485088348	0.25923147797584534	0.027533993124961853	False	False	True	local_anchor_w0.25	IDW fallback	False	selected_source_cv_mse < idw_source_cv_mse AND delta_source_cv_pearson > 0.03
6s_E2_to_E1	6-somite	E2	E1	320	pknox1.1	False	0.1895330548286438	0.17149627208709717	0.01803678274154663	0.3200531601905823	0.34732842445373535	0.027275264263153076	False	False	True	global_anchor_w0.50	IDW fallback	False	selected_source_cv_mse < idw_source_cv_mse AND delta_source_cv_pearson > 0.03
6s_E2_to_E1	6-somite	E2	E1	321	plagl2	False	0.36635568737983704	0.29438889026641846	0.07196679711341858	0.30054858326911926	0.3665303885936737	0.06598180532455444	True	True	False	local_anchor_w0.50	Calibrated mixture	True	selected_source_cv_mse < idw_source_cv_mse AND delta_source_cv_pearson > 0.03
6s_E2_to_E1	6-somite	E2	E1	322	plekhg5b	False	0.2271094173192978	0.103392094373703	0.12371732294559479	0.24687469005584717	0.2965404689311981	0.04966577887535095	True	True	False	global_anchor_w0.50	Calibrated mixture	True	selected_source_cv_mse < idw_source_cv_mse AND delta_source_cv_pearson > 0.03
6s_E2_to_E1	6-somite	E2	E1	323	pmp22b	False	0.5561680197715759	0.39187461137771606	0.16429340839385986	0.21109242737293243	0.24998101592063904	0.038888588547706604	True	True	False	local_anchor_w0.50	Calibrated mixture	True	selected_source_cv_mse < idw_source_cv_mse AND delta_source_cv_pearson > 0.03
6s_E2_to_E1	6-somite	E2	E1	324	pold3	False	0.3264831006526947	0.19379153847694397	0.13269156217575073	0.3026163876056671	0.3948841094970703	0.0922677218914032	True	True	False	local_anchor_w0.75	Calibrated mixture	True	selected_source_cv_mse < idw_source_cv_mse AND delta_source_cv_pearson > 0.03
6s_E2_to_E1	6-somite	E2	E1	325	ppan	False	0.38003355264663696	0.27022549510002136	0.1098080575466156	0.34291893243789673	0.4054376780986786	0.06251874566078186	True	True	False	local_anchor_w0.50	Calibrated mixture	True	selected_source_cv_mse < idw_source_cv_mse AND delta_source_cv_pearson > 0.03
6s_E2_to_E1	6-somite	E2	E1	326	ppp1r7	False	0.23360583186149597	0.10559842735528946	0.1280074045062065	0.128776416182518	0.1476380079984665	0.018861591815948486	True	True	False	global_anchor_w1.00	Anchor-only	True	selected_source_cv_mse < idw_source_cv_mse AND delta_source_cv_pearson > 0.03
6s_E2_to_E1	6-somite	E2	E1	327	prdm1a	False	0.5374521017074585	0.3646995425224304	0.17275255918502808	1.0563991069793701	1.4030606746673584	0.3466615676879883	True	True	False	local_anchor_w0.00	Local residual	True	selected_source_cv_mse < idw_source_cv_mse AND delta_source_cv_pearson > 0.03
6s_E2_to_E1	6-somite	E2	E1	328	prickle1b	False	0.7509558200836182	0.6584673523902893	0.09248846769332886	0.49886319041252136	0.6947078704833984	0.19584468007087708	True	True	False	local_anchor_w0.50	Calibrated mixture	True	selected_source_cv_mse < idw_source_cv_mse AND delta_source_cv_pearson > 0.03
6s_E2_to_E1	6-somite	E2	E1	329	prmt1	False	0.639130711555481	0.4657287895679474	0.17340192198753357	0.38264259696006775	0.49660924077033997	0.11396664381027222	True	True	False	global_anchor_w0.00	Global residual	True	selected_source_cv_mse < idw_source_cv_mse AND delta_source_cv_pearson > 0.03
6s_E2_to_E1	6-somite	E2	E1	330	prox1a	False	0.3488886058330536	0.2751619815826416	0.07372662425041199	0.3164215385913849	0.38196462392807007	0.06554308533668518	True	True	False	global_anchor_w0.50	Calibrated mixture	True	selected_source_cv_mse < idw_source_cv_mse AND delta_source_cv_pearson > 0.03
6s_E2_to_E1	6-somite	E2	E1	331	ptp4a2b	False	0.46760305762290955	0.42815276980400085	0.03945028781890869	0.25212791562080383	0.27156856656074524	0.019440650939941406	True	True	False	global_anchor_w0.50	Calibrated mixture	True	selected_source_cv_mse < idw_source_cv_mse AND delta_source_cv_pearson > 0.03
6s_E2_to_E1	6-somite	E2	E1	332	pttg1	False	0.29300254583358765	0.17325398325920105	0.1197485625743866	0.29481637477874756	0.3664981722831726	0.07168179750442505	True	True	False	global_anchor_w0.75	Calibrated mixture	True	selected_source_cv_mse < idw_source_cv_mse AND delta_source_cv_pearson > 0.03
6s_E2_to_E1	6-somite	E2	E1	333	rab11fip4a	False	0.6396199464797974	0.5255137085914612	0.11410623788833618	0.4316776692867279	0.8075726628303528	0.3758949935436249	True	True	False	local_anchor_w0.50	Calibrated mixture	True	selected_source_cv_mse < idw_source_cv_mse AND delta_source_cv_pearson > 0.03
6s_E2_to_E1	6-somite	E2	E1	334	rac1a	False	0.3571930229663849	0.3140610456466675	0.04313197731971741	0.2806755304336548	0.2963795065879822	0.015703976154327393	True	True	False	local_anchor_w0.00	Local residual	True	selected_source_cv_mse < idw_source_cv_mse AND delta_source_cv_pearson > 0.03
6s_E2_to_E1	6-somite	E2	E1	335	raraa	False	0.7639538049697876	0.6789371967315674	0.08501660823822021	0.41205066442489624	0.6352272629737854	0.22317659854888916	True	True	False	global_anchor_w0.00	Global residual	True	selected_source_cv_mse < idw_source_cv_mse AND delta_source_cv_pearson > 0.03
6s_E2_to_E1	6-somite	E2	E1	336	rasgef1ba	False	0.7679071426391602	0.7290039658546448	0.03890317678451538	0.3857306241989136	0.4475443661212921	0.06181374192237854	True	True	False	local_anchor_w0.25	Calibrated mixture	True	selected_source_cv_mse < idw_source_cv_mse AND delta_source_cv_pearson > 0.03
6s_E2_to_E1	6-somite	E2	E1	337	rasl11b	False	0.4229516088962555	0.20651473104953766	0.21643687784671783	0.314826637506485	0.472629189491272	0.157802551984787	True	True	False	local_anchor_w0.75	Calibrated mixture	True	selected_source_cv_mse < idw_source_cv_mse AND delta_source_cv_pearson > 0.03
6s_E2_to_E1	6-somite	E2	E1	338	rbbp4	False	0.566406786441803	0.3259621560573578	0.2404446303844452	0.23669402301311493	0.35818687081336975	0.12149284780025482	True	True	False	local_anchor_w0.50	Calibrated mixture	True	selected_source_cv_mse < idw_source_cv_mse AND delta_source_cv_pearson > 0.03
6s_E2_to_E1	6-somite	E2	E1	339	rbm4.3	False	0.8121296167373657	0.7744918465614319	0.03763777017593384	0.16104014217853546	0.22070878744125366	0.0596686452627182	True	True	False	global_anchor_w0.00	Global residual	True	selected_source_cv_mse < idw_source_cv_mse AND delta_source_cv_pearson > 0.03
6s_E2_to_E1	6-somite	E2	E1	340	rbm7	False	0.15050259232521057	0.11903464049100876	0.03146795183420181	0.31445440649986267	0.3513796031475067	0.03692519664764404	True	True	False	local_anchor_w0.75	Calibrated mixture	True	selected_source_cv_mse < idw_source_cv_mse AND delta_source_cv_pearson > 0.03
6s_E2_to_E1	6-somite	E2	E1	341	rbmx	False	0.4032483994960785	0.35670819878578186	0.04654020071029663	0.18410897254943848	0.19930578768253326	0.015196815133094788	True	True	False	global_anchor_w0.50	Calibrated mixture	True	selected_source_cv_mse < idw_source_cv_mse AND delta_source_cv_pearson > 0.03
6s_E2_to_E1	6-somite	E2	E1	342	rcc1	False	0.4898790419101715	0.41051962971687317	0.07935941219329834	0.2901190519332886	0.3539012670516968	0.0637822151184082	True	True	False	local_anchor_w0.75	Calibrated mixture	True	selected_source_cv_mse < idw_source_cv_mse AND delta_source_cv_pearson > 0.03
6s_E2_to_E1	6-somite	E2	E1	343	rdh10b	False	0.28618595004081726	0.17379862070083618	0.11238732933998108	0.21014636754989624	0.24925075471401215	0.039104387164115906	True	True	False	local_anchor_w0.75	Calibrated mixture	True	selected_source_cv_mse < idw_source_cv_mse AND delta_source_cv_pearson > 0.03
6s_E2_to_E1	6-somite	E2	E1	344	rfx2	False	0.16298796236515045	0.06998589634895325	0.0930020660161972	0.36549991369247437	0.4847492575645447	0.11924934387207031	True	True	False	local_anchor_w0.50	Calibrated mixture	True	selected_source_cv_mse < idw_source_cv_mse AND delta_source_cv_pearson > 0.03
6s_E2_to_E1	6-somite	E2	E1	345	rhov	False	0.25272050499916077	0.16110844910144806	0.09161205589771271	0.2037244588136673	0.2625698149204254	0.05884535610675812	True	True	False	global_anchor_w0.75	Calibrated mixture	True	selected_source_cv_mse < idw_source_cv_mse AND delta_source_cv_pearson > 0.03
6s_E2_to_E1	6-somite	E2	E1	346	ripply1	False	0.6942973136901855	0.5976046919822693	0.09669262170791626	0.3299705684185028	0.39573994278907776	0.06576937437057495	True	True	False	local_anchor_w0.50	Calibrated mixture	True	selected_source_cv_mse < idw_source_cv_mse AND delta_source_cv_pearson > 0.03
6s_E2_to_E1	6-somite	E2	E1	347	rnd1b	False	0.250341534614563	0.20925723016262054	0.041084304451942444	0.22984500229358673	0.299118310213089	0.06927330791950226	True	True	False	local_anchor_w0.50	Calibrated mixture	True	selected_source_cv_mse < idw_source_cv_mse AND delta_source_cv_pearson > 0.03
6s_E2_to_E1	6-somite	E2	E1	348	rpl10	False	0.8463768362998962	0.8198000192642212	0.02657681703567505	0.09330511838197708	0.1161375418305397	0.022832423448562622	False	False	True	local_anchor_w0.00	IDW fallback	False	selected_source_cv_mse < idw_source_cv_mse AND delta_source_cv_pearson > 0.03
6s_E2_to_E1	6-somite	E2	E1	349	rpl19	False	0.713713526725769	0.6280348300933838	0.08567869663238525	0.12072805315256119	0.14212845265865326	0.02140039950609207	True	True	False	local_anchor_w0.50	Calibrated mixture	True	selected_source_cv_mse < idw_source_cv_mse AND delta_source_cv_pearson > 0.03
6s_E2_to_E1	6-somite	E2	E1	350	rpl31	False	0.5626974105834961	0.522704005241394	0.03999340534210205	0.09664981812238693	0.10322529822587967	0.006575480103492737	True	True	False	local_anchor_w0.50	Calibrated mixture	True	selected_source_cv_mse < idw_source_cv_mse AND delta_source_cv_pearson > 0.03
6s_E2_to_E1	6-somite	E2	E1	351	rpl34	False	0.12202197313308716	0.06656405329704285	0.05545791983604431	0.27188268303871155	0.32394832372665405	0.052065640687942505	True	True	False	local_anchor_w0.75	Calibrated mixture	True	selected_source_cv_mse < idw_source_cv_mse AND delta_source_cv_pearson > 0.03
6s_E2_to_E1	6-somite	E2	E1	352	rpl38	False	0.32535237073898315	0.1992248147726059	0.12612755596637726	0.2673065662384033	0.34734657406806946	0.08004000782966614	True	True	False	global_anchor_w1.00	Anchor-only	True	selected_source_cv_mse < idw_source_cv_mse AND delta_source_cv_pearson > 0.03
6s_E2_to_E1	6-somite	E2	E1	353	rpl4	False	0.634137749671936	0.43336084485054016	0.20077690482139587	0.3729863464832306	0.4815787672996521	0.10859242081642151	True	True	False	local_anchor_w0.25	Calibrated mixture	True	selected_source_cv_mse < idw_source_cv_mse AND delta_source_cv_pearson > 0.03
6s_E2_to_E1	6-somite	E2	E1	354	rpl5a	False	0.4779015779495239	0.3722760081291199	0.10562556982040405	0.16818633675575256	0.19331160187721252	0.02512526512145996	True	True	False	local_anchor_w0.25	Calibrated mixture	True	selected_source_cv_mse < idw_source_cv_mse AND delta_source_cv_pearson > 0.03
6s_E2_to_E1	6-somite	E2	E1	355	rpl6	False	0.5790107250213623	0.3133792281150818	0.2656314969062805	0.07317616790533066	0.1009785607457161	0.027802392840385437	True	True	False	local_anchor_w0.25	Calibrated mixture	True	selected_source_cv_mse < idw_source_cv_mse AND delta_source_cv_pearson > 0.03
6s_E2_to_E1	6-somite	E2	E1	356	rplp0	False	0.7927544713020325	0.6820148229598999	0.11073964834213257	0.029954146593809128	0.04707363247871399	0.01711948588490486	True	True	False	local_anchor_w0.25	Calibrated mixture	True	selected_source_cv_mse < idw_source_cv_mse AND delta_source_cv_pearson > 0.03
6s_E2_to_E1	6-somite	E2	E1	357	rplp2l	False	0.832472562789917	0.7483891248703003	0.0840834379196167	0.07811738550662994	0.12044210731983185	0.042324721813201904	True	True	False	local_anchor_w0.25	Calibrated mixture	True	selected_source_cv_mse < idw_source_cv_mse AND delta_source_cv_pearson > 0.03
6s_E2_to_E1	6-somite	E2	E1	358	rps3	False	0.7563905715942383	0.721472442150116	0.034918129444122314	0.11980118602514267	0.13059204816818237	0.010790862143039703	True	True	False	global_anchor_w0.00	Global residual	True	selected_source_cv_mse < idw_source_cv_mse AND delta_source_cv_pearson > 0.03
6s_E2_to_E1	6-somite	E2	E1	359	rps6	False	0.7775166034698486	0.6095250248908997	0.16799157857894897	0.03674204647541046	0.06337981671094894	0.026637770235538483	True	True	False	local_anchor_w0.25	Calibrated mixture	True	selected_source_cv_mse < idw_source_cv_mse AND delta_source_cv_pearson > 0.03
6s_E2_to_E1	6-somite	E2	E1	360	rrbp1b	True	1.000000238418579	0.5751762390136719	0.4248239994049072	4.6601202063900615e-11	1.1464664936065674	1.1464664935599662	True	False	True	global_anchor_w0.00	IDW fallback	False	selected_source_cv_mse < idw_source_cv_mse AND delta_source_cv_pearson > 0.03
6s_E2_to_E1	6-somite	E2	E1	361	rreb1a	False	0.48523199558258057	0.46638286113739014	0.01884913444519043	0.40078768134117126	0.40901389718055725	0.008226215839385986	False	False	True	global_anchor_w0.00	IDW fallback	False	selected_source_cv_mse < idw_source_cv_mse AND delta_source_cv_pearson > 0.03
6s_E2_to_E1	6-somite	E2	E1	362	rreb1b	False	0.567436933517456	0.4107974171638489	0.15663951635360718	0.43740689754486084	0.6265628337860107	0.1891559362411499	True	True	False	local_anchor_w0.50	Calibrated mixture	True	selected_source_cv_mse < idw_source_cv_mse AND delta_source_cv_pearson > 0.03
6s_E2_to_E1	6-somite	E2	E1	363	rrm2	False	0.5045620799064636	0.20521053671836853	0.2993515431880951	0.37901607155799866	0.5705843567848206	0.1915682852268219	True	True	False	local_anchor_w0.50	Calibrated mixture	True	selected_source_cv_mse < idw_source_cv_mse AND delta_source_cv_pearson > 0.03
6s_E2_to_E1	6-somite	E2	E1	364	rrp8	False	0.21140016615390778	0.13854949176311493	0.07285067439079285	0.2003668248653412	0.23288211226463318	0.03251528739929199	True	True	False	local_anchor_w0.75	Calibrated mixture	True	selected_source_cv_mse < idw_source_cv_mse AND delta_source_cv_pearson > 0.03
6s_E2_to_E1	6-somite	E2	E1	365	rx3	False	0.6089418530464172	0.5803643465042114	0.02857750654220581	0.4963483512401581	0.8805696368217468	0.38422128558158875	False	False	True	local_anchor_w0.50	IDW fallback	False	selected_source_cv_mse < idw_source_cv_mse AND delta_source_cv_pearson > 0.03
6s_E2_to_E1	6-somite	E2	E1	366	rxraa	False	0.3855056166648865	0.3154658377170563	0.0700397789478302	0.19995148479938507	0.28656771779060364	0.08661623299121857	True	True	False	local_anchor_w0.50	Calibrated mixture	True	selected_source_cv_mse < idw_source_cv_mse AND delta_source_cv_pearson > 0.03
6s_E2_to_E1	6-somite	E2	E1	367	rxrgb	False	0.4642747938632965	0.3979223668575287	0.06635242700576782	0.3036293685436249	0.38893163204193115	0.08530226349830627	True	True	False	local_anchor_w0.50	Calibrated mixture	True	selected_source_cv_mse < idw_source_cv_mse AND delta_source_cv_pearson > 0.03
6s_E2_to_E1	6-somite	E2	E1	368	sall1a	False	0.2554149031639099	0.20138141512870789	0.054033488035202026	0.11093640327453613	0.13251879811286926	0.02158239483833313	True	True	False	local_anchor_w0.75	Calibrated mixture	True	selected_source_cv_mse < idw_source_cv_mse AND delta_source_cv_pearson > 0.03
6s_E2_to_E1	6-somite	E2	E1	369	sall3a	False	0.24493195116519928	0.11333250254392624	0.13159944862127304	0.2610951066017151	0.3148103654384613	0.053715258836746216	True	True	False	local_anchor_w0.75	Calibrated mixture	True	selected_source_cv_mse < idw_source_cv_mse AND delta_source_cv_pearson > 0.03
6s_E2_to_E1	6-somite	E2	E1	370	sall3b	False	0.5953396558761597	0.5478758215904236	0.047463834285736084	0.1744300127029419	0.19631366431713104	0.021883651614189148	True	True	False	local_anchor_w0.25	Calibrated mixture	True	selected_source_cv_mse < idw_source_cv_mse AND delta_source_cv_pearson > 0.03
6s_E2_to_E1	6-somite	E2	E1	371	sdc4	False	0.3325835168361664	0.26807934045791626	0.06450417637825012	0.3134252429008484	0.3449747562408447	0.03154951333999634	True	True	False	local_anchor_w0.50	Calibrated mixture	True	selected_source_cv_mse < idw_source_cv_mse AND delta_source_cv_pearson > 0.03
6s_E2_to_E1	6-somite	E2	E1	372	sebox	False	0.09647008031606674	0.05217646062374115	0.04429361969232559	0.053317002952098846	0.06080694869160652	0.007489945739507675	True	True	False	global_anchor_w0.75	Calibrated mixture	True	selected_source_cv_mse < idw_source_cv_mse AND delta_source_cv_pearson > 0.03
6s_E2_to_E1	6-somite	E2	E1	373	sept9a	False	0.5714951157569885	0.4877203404903412	0.08377477526664734	0.4178925156593323	0.5006545186042786	0.08276200294494629	True	True	False	local_anchor_w0.50	Calibrated mixture	True	selected_source_cv_mse < idw_source_cv_mse AND delta_source_cv_pearson > 0.03
6s_E2_to_E1	6-somite	E2	E1	374	shha	False	0.6084166765213013	0.44052866101264954	0.16788801550865173	0.33328860998153687	0.4395333528518677	0.10624474287033081	True	True	False	local_anchor_w0.50	Calibrated mixture	True	selected_source_cv_mse < idw_source_cv_mse AND delta_source_cv_pearson > 0.03
6s_E2_to_E1	6-somite	E2	E1	375	si:ch211-106e7.2	False	0.29536065459251404	0.22135475277900696	0.07400590181350708	0.18294364213943481	0.2108776867389679	0.02793404459953308	True	True	False	local_anchor_w0.75	Calibrated mixture	True	selected_source_cv_mse < idw_source_cv_mse AND delta_source_cv_pearson > 0.03
6s_E2_to_E1	6-somite	E2	E1	376	si:ch211-113a14.12	False	0.387033075094223	0.24030520021915436	0.14672787487506866	0.3465331196784973	0.4191392660140991	0.0726061463356018	True	True	False	global_anchor_w0.00	Global residual	True	selected_source_cv_mse < idw_source_cv_mse AND delta_source_cv_pearson > 0.03
6s_E2_to_E1	6-somite	E2	E1	377	si:ch211-113a14.18	False	0.312748521566391	0.17333632707595825	0.13941219449043274	0.24239447712898254	0.3011299967765808	0.05873551964759827	True	True	False	global_anchor_w0.75	Calibrated mixture	True	selected_source_cv_mse < idw_source_cv_mse AND delta_source_cv_pearson > 0.03
6s_E2_to_E1	6-somite	E2	E1	378	si:ch211-114n24.6	False	0.218905970454216	0.1296716332435608	0.08923433721065521	0.13204894959926605	0.16151826083660126	0.029469311237335205	True	True	False	global_anchor_w0.75	Calibrated mixture	True	selected_source_cv_mse < idw_source_cv_mse AND delta_source_cv_pearson > 0.03
6s_E2_to_E1	6-somite	E2	E1	379	si:ch211-155e24.3	False	0.4690556824207306	0.2535366117954254	0.21551907062530518	0.3021049201488495	0.44979435205459595	0.14768943190574646	True	True	False	local_anchor_w0.75	Calibrated mixture	True	selected_source_cv_mse < idw_source_cv_mse AND delta_source_cv_pearson > 0.03
6s_E2_to_E1	6-somite	E2	E1	380	si:ch211-161h7.4	False	0.39740806818008423	0.25982093811035156	0.13758713006973267	0.276146799325943	0.3248065710067749	0.04865977168083191	True	True	False	local_anchor_w0.75	Calibrated mixture	True	selected_source_cv_mse < idw_source_cv_mse AND delta_source_cv_pearson > 0.03
6s_E2_to_E1	6-somite	E2	E1	381	si:ch211-163l21.7	False	0.17405271530151367	0.09067689627408981	0.08337581902742386	0.10805180668830872	0.12642723321914673	0.018375426530838013	True	True	False	global_anchor_w0.75	Calibrated mixture	True	selected_source_cv_mse < idw_source_cv_mse AND delta_source_cv_pearson > 0.03
6s_E2_to_E1	6-somite	E2	E1	382	si:dkey-108k21.14	False	0.544350802898407	0.3137587308883667	0.23059207201004028	0.5427672863006592	0.8203644156455994	0.2775971293449402	True	True	False	local_anchor_w0.50	Calibrated mixture	True	selected_source_cv_mse < idw_source_cv_mse AND delta_source_cv_pearson > 0.03
6s_E2_to_E1	6-somite	E2	E1	383	si:dkey-108k21.21	False	0.19367775321006775	0.1381671130657196	0.055510640144348145	0.09454270452260971	0.10991805046796799	0.015375345945358276	True	True	False	local_anchor_w0.75	Calibrated mixture	True	selected_source_cv_mse < idw_source_cv_mse AND delta_source_cv_pearson > 0.03
6s_E2_to_E1	6-somite	E2	E1	384	si:dkey-261h17.1	False	0.7869879007339478	0.4242318868637085	0.36275601387023926	0.5332764387130737	1.0685449838638306	0.5352685451507568	True	True	False	local_anchor_w0.50	Calibrated mixture	True	selected_source_cv_mse < idw_source_cv_mse AND delta_source_cv_pearson > 0.03
6s_E2_to_E1	6-somite	E2	E1	385	si:dkey-261m9.12	False	0.5466738939285278	0.2913637161254883	0.25531017780303955	0.5720588564872742	0.8673829436302185	0.29532408714294434	True	True	False	local_anchor_w0.75	Calibrated mixture	True	selected_source_cv_mse < idw_source_cv_mse AND delta_source_cv_pearson > 0.03
6s_E2_to_E1	6-somite	E2	E1	386	si:dkey-66i24.9	False	0.21373328566551208	0.13044682145118713	0.08328646421432495	0.3035164475440979	0.3507044315338135	0.047187983989715576	True	True	False	local_anchor_w0.75	Calibrated mixture	True	selected_source_cv_mse < idw_source_cv_mse AND delta_source_cv_pearson > 0.03
6s_E2_to_E1	6-somite	E2	E1	387	si:dkey-68o6.5	False	0.06350412219762802	0.02158062532544136	0.04192349687218666	0.04020038619637489	0.046471789479255676	0.006271403282880783	True	True	False	global_anchor_w0.75	Calibrated mixture	True	selected_source_cv_mse < idw_source_cv_mse AND delta_source_cv_pearson > 0.03
6s_E2_to_E1	6-somite	E2	E1	388	si:dkey-92i17.2	False	0.10733534395694733	0.06553347408771515	0.04180186986923218	0.2476559579372406	0.2901279926300049	0.04247203469276428	True	True	False	local_anchor_w0.50	Calibrated mixture	True	selected_source_cv_mse < idw_source_cv_mse AND delta_source_cv_pearson > 0.03
6s_E2_to_E1	6-somite	E2	E1	389	six3b	False	0.6845581531524658	0.6323328614234924	0.05222529172897339	0.2611921429634094	0.2945895195007324	0.033397376537323	True	True	False	local_anchor_w0.25	Calibrated mixture	True	selected_source_cv_mse < idw_source_cv_mse AND delta_source_cv_pearson > 0.03
6s_E2_to_E1	6-somite	E2	E1	390	six4a	False	0.8092761039733887	0.6954255104064941	0.11385059356689453	0.2717505693435669	0.393661767244339	0.1219111979007721	True	True	False	local_anchor_w0.50	Calibrated mixture	True	selected_source_cv_mse < idw_source_cv_mse AND delta_source_cv_pearson > 0.03
6s_E2_to_E1	6-somite	E2	E1	391	six4b	False	0.7338737845420837	0.6671693921089172	0.0667043924331665	0.28413259983062744	0.34441322088241577	0.06028062105178833	True	True	False	local_anchor_w0.25	Calibrated mixture	True	selected_source_cv_mse < idw_source_cv_mse AND delta_source_cv_pearson > 0.03
6s_E2_to_E1	6-somite	E2	E1	392	six7	True	1.000000238418579	0.7620614171028137	0.23793882131576538	1.2085381306814469e-11	0.40791457891464233	0.40791457890255695	True	False	True	global_anchor_w0.00	IDW fallback	False	selected_source_cv_mse < idw_source_cv_mse AND delta_source_cv_pearson > 0.03
6s_E2_to_E1	6-somite	E2	E1	393	skia	False	0.7471753358840942	0.7071166634559631	0.040058672428131104	0.3335443139076233	0.4065486490726471	0.0730043351650238	True	True	False	local_anchor_w0.25	Calibrated mixture	True	selected_source_cv_mse < idw_source_cv_mse AND delta_source_cv_pearson > 0.03
6s_E2_to_E1	6-somite	E2	E1	394	skila	False	0.4024466574192047	0.3456661105155945	0.05678054690361023	0.3040193021297455	0.33741888403892517	0.03339958190917969	True	True	False	local_anchor_w0.50	Calibrated mixture	True	selected_source_cv_mse < idw_source_cv_mse AND delta_source_cv_pearson > 0.03
6s_E2_to_E1	6-somite	E2	E1	395	skilb	False	0.14024411141872406	0.10271593928337097	0.03752817213535309	0.23081672191619873	0.25300538539886475	0.022188663482666016	True	True	False	global_anchor_w0.50	Calibrated mixture	True	selected_source_cv_mse < idw_source_cv_mse AND delta_source_cv_pearson > 0.03
6s_E2_to_E1	6-somite	E2	E1	396	smtnl	False	0.7160710096359253	0.5152158737182617	0.20085513591766357	0.353895902633667	0.5769240856170654	0.22302818298339844	True	True	False	local_anchor_w0.50	Calibrated mixture	True	selected_source_cv_mse < idw_source_cv_mse AND delta_source_cv_pearson > 0.03
6s_E2_to_E1	6-somite	E2	E1	397	snai1a	False	0.783932626247406	0.5480193495750427	0.23591327667236328	0.4459019899368286	0.8793526291847229	0.4334506392478943	True	True	False	local_anchor_w0.50	Calibrated mixture	True	selected_source_cv_mse < idw_source_cv_mse AND delta_source_cv_pearson > 0.03
6s_E2_to_E1	6-somite	E2	E1	398	snai2	False	0.5976549386978149	0.5168824791908264	0.08077245950698853	0.5858196020126343	0.6872939467430115	0.1014743447303772	True	True	False	local_anchor_w0.25	Calibrated mixture	True	selected_source_cv_mse < idw_source_cv_mse AND delta_source_cv_pearson > 0.03
6s_E2_to_E1	6-somite	E2	E1	399	snrpc	False	0.19007638096809387	0.10516958683729172	0.08490679413080215	0.29615479707717896	0.35671836137771606	0.06056356430053711	True	True	False	local_anchor_w0.75	Calibrated mixture	True	selected_source_cv_mse < idw_source_cv_mse AND delta_source_cv_pearson > 0.03
6s_E2_to_E1	6-somite	E2	E1	400	snrpd3	False	0.11195577681064606	0.05135535076260567	0.06060042604804039	0.0632949247956276	0.07480879873037338	0.011513873934745789	True	True	False	local_anchor_w0.75	Calibrated mixture	True	selected_source_cv_mse < idw_source_cv_mse AND delta_source_cv_pearson > 0.03
6s_E2_to_E1	6-somite	E2	E1	401	snrpg	False	0.21735039353370667	0.10020101070404053	0.11714938282966614	0.2801182270050049	0.3381466865539551	0.058028459548950195	True	True	False	global_anchor_w1.00	Anchor-only	True	selected_source_cv_mse < idw_source_cv_mse AND delta_source_cv_pearson > 0.03
6s_E2_to_E1	6-somite	E2	E1	402	sox10	False	0.5282273888587952	0.3142114579677582	0.214015930891037	0.36019113659858704	0.4478600323200226	0.08766889572143555	True	True	False	local_anchor_w0.50	Calibrated mixture	True	selected_source_cv_mse < idw_source_cv_mse AND delta_source_cv_pearson > 0.03
6s_E2_to_E1	6-somite	E2	E1	403	sox11a	False	0.6949726343154907	0.4753427505493164	0.21962988376617432	0.6933104395866394	1.3316901922225952	0.6383797526359558	True	True	False	local_anchor_w0.50	Calibrated mixture	True	selected_source_cv_mse < idw_source_cv_mse AND delta_source_cv_pearson > 0.03
6s_E2_to_E1	6-somite	E2	E1	404	sox11b	False	0.5530911087989807	0.2849595248699188	0.2681315839290619	0.5922154784202576	1.015723466873169	0.4235079884529114	True	True	False	global_anchor_w0.50	Calibrated mixture	True	selected_source_cv_mse < idw_source_cv_mse AND delta_source_cv_pearson > 0.03
6s_E2_to_E1	6-somite	E2	E1	405	sox13	False	0.837151288986206	0.7392847537994385	0.09786653518676758	0.28973448276519775	0.6092742681503296	0.31953978538513184	True	True	False	local_anchor_w0.50	Calibrated mixture	True	selected_source_cv_mse < idw_source_cv_mse AND delta_source_cv_pearson > 0.03
6s_E2_to_E1	6-somite	E2	E1	406	sox17	False	0.26494020223617554	0.24366290867328644	0.0212772935628891	0.14019256830215454	0.15546686947345734	0.015274301171302795	False	False	True	global_anchor_w0.50	IDW fallback	False	selected_source_cv_mse < idw_source_cv_mse AND delta_source_cv_pearson > 0.03
6s_E2_to_E1	6-somite	E2	E1	407	sox19a	False	0.811682403087616	0.6185694336891174	0.19311296939849854	0.7191395163536072	2.171818733215332	1.4526792168617249	True	True	False	local_anchor_w0.75	Calibrated mixture	True	selected_source_cv_mse < idw_source_cv_mse AND delta_source_cv_pearson > 0.03
6s_E2_to_E1	6-somite	E2	E1	408	sox2	False	0.7753976583480835	0.669423520565033	0.10597413778305054	0.563024640083313	1.0580734014511108	0.49504876136779785	True	True	False	local_anchor_w0.50	Calibrated mixture	True	selected_source_cv_mse < idw_source_cv_mse AND delta_source_cv_pearson > 0.03
6s_E2_to_E1	6-somite	E2	E1	409	sox3	False	0.6278637051582336	0.3878873288631439	0.23997637629508972	0.6557369828224182	1.5383083820343018	0.8825713992118835	True	True	False	local_anchor_w0.50	Calibrated mixture	True	selected_source_cv_mse < idw_source_cv_mse AND delta_source_cv_pearson > 0.03
6s_E2_to_E1	6-somite	E2	E1	410	sox32	False	0.47453758120536804	0.41178345680236816	0.06275412440299988	0.1587643176317215	0.21567228436470032	0.05690796673297882	True	True	False	global_anchor_w0.25	Calibrated mixture	True	selected_source_cv_mse < idw_source_cv_mse AND delta_source_cv_pearson > 0.03
6s_E2_to_E1	6-somite	E2	E1	411	sox5	False	0.7573099136352539	0.6801249384880066	0.07718497514724731	0.610825777053833	0.803763747215271	0.192937970161438	True	True	False	local_anchor_w0.50	Calibrated mixture	True	selected_source_cv_mse < idw_source_cv_mse AND delta_source_cv_pearson > 0.03
6s_E2_to_E1	6-somite	E2	E1	412	sp5a	False	0.17926611006259918	0.10902434587478638	0.0702417641878128	0.16199809312820435	0.1966753751039505	0.034677281975746155	True	True	False	global_anchor_w0.75	Calibrated mixture	True	selected_source_cv_mse < idw_source_cv_mse AND delta_source_cv_pearson > 0.03
6s_E2_to_E1	6-somite	E2	E1	413	sp5l	False	0.6376670002937317	0.6050027012825012	0.03266429901123047	0.3747221827507019	0.5168298482894897	0.14210766553878784	True	True	False	global_anchor_w0.00	Global residual	True	selected_source_cv_mse < idw_source_cv_mse AND delta_source_cv_pearson > 0.03
6s_E2_to_E1	6-somite	E2	E1	414	sp8b	False	0.42380696535110474	0.23999759554862976	0.18380936980247498	1.144196629524231	2.321760892868042	1.177564263343811	True	True	False	local_anchor_w0.50	Calibrated mixture	True	selected_source_cv_mse < idw_source_cv_mse AND delta_source_cv_pearson > 0.03
6s_E2_to_E1	6-somite	E2	E1	415	spon1b	False	0.659814178943634	0.5105084776878357	0.14930570125579834	0.30195045471191406	0.39804691076278687	0.0960964560508728	True	True	False	local_anchor_w0.25	Calibrated mixture	True	selected_source_cv_mse < idw_source_cv_mse AND delta_source_cv_pearson > 0.03
6s_E2_to_E1	6-somite	E2	E1	416	srp19	False	0.1990126222372055	0.1064828485250473	0.0925297737121582	0.2676866352558136	0.32632210850715637	0.05863547325134277	True	True	False	global_anchor_w0.75	Calibrated mixture	True	selected_source_cv_mse < idw_source_cv_mse AND delta_source_cv_pearson > 0.03
6s_E2_to_E1	6-somite	E2	E1	417	srrm4	False	0.19378264248371124	0.13963130116462708	0.05415134131908417	0.3081430494785309	0.3435690104961395	0.03542596101760864	True	True	False	local_anchor_w0.50	Calibrated mixture	True	selected_source_cv_mse < idw_source_cv_mse AND delta_source_cv_pearson > 0.03
6s_E2_to_E1	6-somite	E2	E1	418	stmn1a	False	0.20314297080039978	0.1298031210899353	0.07333984971046448	0.2529447674751282	0.3123815059661865	0.05943673849105835	True	True	False	global_anchor_w0.50	Calibrated mixture	True	selected_source_cv_mse < idw_source_cv_mse AND delta_source_cv_pearson > 0.03
6s_E2_to_E1	6-somite	E2	E1	419	stox1	False	0.3772265315055847	0.26977095007896423	0.10745558142662048	0.3647010326385498	0.4476175904273987	0.08291655778884888	True	True	False	global_anchor_w0.50	Calibrated mixture	True	selected_source_cv_mse < idw_source_cv_mse AND delta_source_cv_pearson > 0.03
6s_E2_to_E1	6-somite	E2	E1	420	supt16h	False	0.7942614555358887	0.49231624603271484	0.30194520950317383	0.08643531799316406	0.22808106243610382	0.14164574444293976	True	True	False	local_anchor_w0.25	Calibrated mixture	True	selected_source_cv_mse < idw_source_cv_mse AND delta_source_cv_pearson > 0.03
6s_E2_to_E1	6-somite	E2	E1	421	syne2b	False	0.6369883418083191	0.5349664092063904	0.10202193260192871	0.39760032296180725	0.5099968910217285	0.11239656805992126	True	True	False	local_anchor_w0.50	Calibrated mixture	True	selected_source_cv_mse < idw_source_cv_mse AND delta_source_cv_pearson > 0.03
6s_E2_to_E1	6-somite	E2	E1	422	szl	False	0.6595740914344788	0.633963406085968	0.025610685348510742	0.2507263720035553	0.26529309153556824	0.01456671953201294	False	False	True	local_anchor_w0.00	IDW fallback	False	selected_source_cv_mse < idw_source_cv_mse AND delta_source_cv_pearson > 0.03
6s_E2_to_E1	6-somite	E2	E1	423	tagln2	True	0.9999998211860657	0.6623432040214539	0.3376566171646118	6.617319886492723e-11	0.6705724596977234	0.6705724596315502	True	False	True	global_anchor_w0.75	IDW fallback	False	selected_source_cv_mse < idw_source_cv_mse AND delta_source_cv_pearson > 0.03
6s_E2_to_E1	6-somite	E2	E1	424	tbr1b	False	0.0613696351647377	0.0329870842397213	0.028382550925016403	0.04957124963402748	0.059671737253665924	0.010100487619638443	False	False	True	global_anchor_w1.00	IDW fallback	False	selected_source_cv_mse < idw_source_cv_mse AND delta_source_cv_pearson > 0.03
6s_E2_to_E1	6-somite	E2	E1	425	tbx1	False	0.5046813488006592	0.49958208203315735	0.005099266767501831	0.1982908993959427	0.33587929606437683	0.13758839666843414	False	False	True	local_anchor_w0.50	IDW fallback	False	selected_source_cv_mse < idw_source_cv_mse AND delta_source_cv_pearson > 0.03
6s_E2_to_E1	6-somite	E2	E1	426	tbx16	False	0.9335755109786987	0.9070896506309509	0.026485860347747803	0.3097408413887024	0.4098382592201233	0.1000974178314209	False	False	True	local_anchor_w0.25	IDW fallback	False	selected_source_cv_mse < idw_source_cv_mse AND delta_source_cv_pearson > 0.03
6s_E2_to_E1	6-somite	E2	E1	427	tbx16l	True	1.0000004768371582	0.8755239844322205	0.12447649240493774	7.15103046222687e-11	0.3511798679828644	0.3511798679113541	True	False	True	global_anchor_w0.75	IDW fallback	False	selected_source_cv_mse < idw_source_cv_mse AND delta_source_cv_pearson > 0.03
6s_E2_to_E1	6-somite	E2	E1	428	tbx3b	False	0.3855438530445099	0.13395963609218597	0.2515842169523239	0.24968628585338593	0.3026987314224243	0.05301244556903839	True	True	False	local_anchor_w0.75	Calibrated mixture	True	selected_source_cv_mse < idw_source_cv_mse AND delta_source_cv_pearson > 0.03
6s_E2_to_E1	6-somite	E2	E1	429	tbx6	False	0.8944435715675354	0.8785438537597656	0.015899717807769775	0.39168450236320496	0.4307781159877777	0.039093613624572754	False	False	True	local_anchor_w0.00	IDW fallback	False	selected_source_cv_mse < idw_source_cv_mse AND delta_source_cv_pearson > 0.03
6s_E2_to_E1	6-somite	E2	E1	430	tbxta	False	0.7601279616355896	0.6906964778900146	0.06943148374557495	0.5160072445869446	0.6096101999282837	0.09360295534133911	True	True	False	local_anchor_w0.00	Local residual	True	selected_source_cv_mse < idw_source_cv_mse AND delta_source_cv_pearson > 0.03
6s_E2_to_E1	6-somite	E2	E1	431	tbxtb	False	0.4277261197566986	0.37215378880500793	0.055572330951690674	0.3054772913455963	0.3358983099460602	0.030421018600463867	True	True	False	local_anchor_w0.50	Calibrated mixture	True	selected_source_cv_mse < idw_source_cv_mse AND delta_source_cv_pearson > 0.03
6s_E2_to_E1	6-somite	E2	E1	432	tcf3b	False	0.6634200811386108	0.6043567061424255	0.0590633749961853	0.09807687997817993	0.11790962517261505	0.01983274519443512	True	True	False	global_anchor_w0.25	Calibrated mixture	True	selected_source_cv_mse < idw_source_cv_mse AND delta_source_cv_pearson > 0.03
6s_E2_to_E1	6-somite	E2	E1	433	tcf7	False	0.7651638984680176	0.736542820930481	0.02862107753753662	0.2947322726249695	0.331026554107666	0.03629428148269653	False	False	True	global_anchor_w0.25	IDW fallback	False	selected_source_cv_mse < idw_source_cv_mse AND delta_source_cv_pearson > 0.03
6s_E2_to_E1	6-somite	E2	E1	434	tcf7l1a	False	0.6378801465034485	0.5274065136909485	0.1104736328125	0.3320339620113373	0.4143511950969696	0.08231723308563232	True	True	False	local_anchor_w0.25	Calibrated mixture	True	selected_source_cv_mse < idw_source_cv_mse AND delta_source_cv_pearson > 0.03
6s_E2_to_E1	6-somite	E2	E1	435	tcf7l1b	False	0.6266064643859863	0.527367353439331	0.09923911094665527	0.32637742161750793	0.40740516781806946	0.08102774620056152	True	True	False	local_anchor_w0.25	Calibrated mixture	True	selected_source_cv_mse < idw_source_cv_mse AND delta_source_cv_pearson > 0.03
6s_E2_to_E1	6-somite	E2	E1	436	tcf7l2	False	0.4605153203010559	0.3952498137950897	0.06526550650596619	0.40379050374031067	0.5052057504653931	0.1014152467250824	True	True	False	local_anchor_w0.50	Calibrated mixture	True	selected_source_cv_mse < idw_source_cv_mse AND delta_source_cv_pearson > 0.03
6s_E2_to_E1	6-somite	E2	E1	437	tdgf1	False	0.34252089262008667	0.2305431365966797	0.11197775602340698	0.37759149074554443	0.4024202823638916	0.024828791618347168	True	True	False	local_anchor_w0.50	Calibrated mixture	True	selected_source_cv_mse < idw_source_cv_mse AND delta_source_cv_pearson > 0.03
6s_E2_to_E1	6-somite	E2	E1	438	tead1a	False	0.40322616696357727	0.2742471396923065	0.12897902727127075	0.3449992835521698	0.3957078754901886	0.0507085919380188	True	True	False	global_anchor_w0.50	Calibrated mixture	True	selected_source_cv_mse < idw_source_cv_mse AND delta_source_cv_pearson > 0.03
6s_E2_to_E1	6-somite	E2	E1	439	tead1b	False	0.4804101586341858	0.4163582921028137	0.06405186653137207	0.41292235255241394	0.4653300344944	0.052407681941986084	True	True	False	local_anchor_w0.25	Calibrated mixture	True	selected_source_cv_mse < idw_source_cv_mse AND delta_source_cv_pearson > 0.03
6s_E2_to_E1	6-somite	E2	E1	440	tfap2a	False	0.7858431935310364	0.3881220519542694	0.39772114157676697	0.6785593628883362	1.732632040977478	1.0540726780891418	True	True	False	local_anchor_w0.50	Calibrated mixture	True	selected_source_cv_mse < idw_source_cv_mse AND delta_source_cv_pearson > 0.03
6s_E2_to_E1	6-somite	E2	E1	441	tfap2c	False	0.8281314969062805	0.46089455485343933	0.3672369420528412	0.5569435954093933	1.5865050554275513	1.029561460018158	True	True	False	local_anchor_w0.50	Calibrated mixture	True	selected_source_cv_mse < idw_source_cv_mse AND delta_source_cv_pearson > 0.03
6s_E2_to_E1	6-somite	E2	E1	442	tgif1	False	0.4207996428012848	0.3170543313026428	0.10374531149864197	0.2992975115776062	0.34815794229507446	0.04886043071746826	True	True	False	global_anchor_w0.25	Calibrated mixture	True	selected_source_cv_mse < idw_source_cv_mse AND delta_source_cv_pearson > 0.03
6s_E2_to_E1	6-somite	E2	E1	443	tlcd5a	False	0.48887360095977783	0.42303869128227234	0.0658349096775055	0.3500792682170868	0.3817722499370575	0.0316929817199707	True	True	False	local_anchor_w0.50	Calibrated mixture	True	selected_source_cv_mse < idw_source_cv_mse AND delta_source_cv_pearson > 0.03
6s_E2_to_E1	6-somite	E2	E1	444	tmed10	False	0.4362235963344574	0.35649222135543823	0.07973137497901917	0.3249951899051666	0.3702128827571869	0.045217692852020264	True	True	False	local_anchor_w0.25	Calibrated mixture	True	selected_source_cv_mse < idw_source_cv_mse AND delta_source_cv_pearson > 0.03
6s_E2_to_E1	6-somite	E2	E1	445	tmed2	False	0.1017782911658287	0.08448408544063568	0.017294205725193024	0.15827560424804688	0.19130754470825195	0.03303194046020508	False	False	True	local_anchor_w0.75	IDW fallback	False	selected_source_cv_mse < idw_source_cv_mse AND delta_source_cv_pearson > 0.03
6s_E2_to_E1	6-somite	E2	E1	446	tp63	False	0.752086341381073	0.5470479726791382	0.20503836870193481	0.5605195760726929	1.1487510204315186	0.5882314443588257	True	True	False	local_anchor_w0.50	Calibrated mixture	True	selected_source_cv_mse < idw_source_cv_mse AND delta_source_cv_pearson > 0.03
6s_E2_to_E1	6-somite	E2	E1	447	tph1b	False	0.15425539016723633	0.10187945514917374	0.05237593501806259	0.15237919986248016	0.17514821887016296	0.0227690190076828	True	True	False	global_anchor_w0.75	Calibrated mixture	True	selected_source_cv_mse < idw_source_cv_mse AND delta_source_cv_pearson > 0.03
6s_E2_to_E1	6-somite	E2	E1	448	tpx2	False	0.49560996890068054	0.23485562205314636	0.2607543468475342	0.3329152762889862	0.45480746030807495	0.12189218401908875	True	True	False	local_anchor_w0.50	Calibrated mixture	True	selected_source_cv_mse < idw_source_cv_mse AND delta_source_cv_pearson > 0.03
6s_E2_to_E1	6-somite	E2	E1	449	tram1	False	0.5090389847755432	0.3354444205760956	0.17359456419944763	0.3457876145839691	0.475903183221817	0.1301155686378479	True	True	False	global_anchor_w0.50	Calibrated mixture	True	selected_source_cv_mse < idw_source_cv_mse AND delta_source_cv_pearson > 0.03
6s_E2_to_E1	6-somite	E2	E1	450	trps1	False	0.646747350692749	0.5650424957275391	0.08170485496520996	0.27351224422454834	0.3355831503868103	0.06207090616226196	True	True	False	local_anchor_w0.50	Calibrated mixture	True	selected_source_cv_mse < idw_source_cv_mse AND delta_source_cv_pearson > 0.03
6s_E2_to_E1	6-somite	E2	E1	451	tshz3b	False	0.5330000519752502	0.4834628105163574	0.04953724145889282	0.32622265815734863	0.3946378827095032	0.06841522455215454	True	True	False	local_anchor_w0.25	Calibrated mixture	True	selected_source_cv_mse < idw_source_cv_mse AND delta_source_cv_pearson > 0.03
6s_E2_to_E1	6-somite	E2	E1	452	tuba1a	False	0.6622040271759033	0.2992537021636963	0.36295032501220703	0.6575483083724976	1.6747010946273804	1.0171527862548828	True	True	False	local_anchor_w0.75	Calibrated mixture	True	selected_source_cv_mse < idw_source_cv_mse AND delta_source_cv_pearson > 0.03
6s_E2_to_E1	6-somite	E2	E1	453	tuba8l	False	0.5700793862342834	0.37152010202407837	0.19855928421020508	0.295813649892807	0.39506375789642334	0.09925010800361633	True	True	False	global_anchor_w0.50	Calibrated mixture	True	selected_source_cv_mse < idw_source_cv_mse AND delta_source_cv_pearson > 0.03
6s_E2_to_E1	6-somite	E2	E1	454	tuba8l2	True	1.000000238418579	0.7285077571868896	0.27149248123168945	7.441661870055682e-11	0.9721234440803528	0.9721234440059362	True	False	True	global_anchor_w0.00	IDW fallback	False	selected_source_cv_mse < idw_source_cv_mse AND delta_source_cv_pearson > 0.03
6s_E2_to_E1	6-somite	E2	E1	455	tuba8l4	False	0.7867940664291382	0.4117144048213959	0.3750796616077423	0.09324343502521515	0.2200949490070343	0.12685151398181915	True	True	False	local_anchor_w0.00	Local residual	True	selected_source_cv_mse < idw_source_cv_mse AND delta_source_cv_pearson > 0.03
6s_E2_to_E1	6-somite	E2	E1	456	tubb2b	False	0.7127927541732788	0.38278728723526	0.3300054669380188	0.14381980895996094	0.2502623200416565	0.10644251108169556	True	True	False	local_anchor_w0.25	Calibrated mixture	True	selected_source_cv_mse < idw_source_cv_mse AND delta_source_cv_pearson > 0.03
6s_E2_to_E1	6-somite	E2	E1	457	twist1a	False	0.1094367578625679	0.05290726199746132	0.05652949586510658	0.06040509045124054	0.07180603593587875	0.011400945484638214	True	True	False	local_anchor_w0.75	Calibrated mixture	True	selected_source_cv_mse < idw_source_cv_mse AND delta_source_cv_pearson > 0.03
6s_E2_to_E1	6-somite	E2	E1	458	twist2	False	0.5999607443809509	0.5322704911231995	0.06769025325775146	0.3208557963371277	0.34783631563186646	0.02698051929473877	True	True	False	local_anchor_w0.25	Calibrated mixture	True	selected_source_cv_mse < idw_source_cv_mse AND delta_source_cv_pearson > 0.03
6s_E2_to_E1	6-somite	E2	E1	459	ube2c	False	0.14621706306934357	0.10829349607229233	0.03792356699705124	0.26903972029685974	0.3102841079235077	0.04124438762664795	True	True	False	global_anchor_w0.25	Calibrated mixture	True	selected_source_cv_mse < idw_source_cv_mse AND delta_source_cv_pearson > 0.03
6s_E2_to_E1	6-somite	E2	E1	460	uhrf1	False	0.7176229357719421	0.4139637053012848	0.30365923047065735	0.2849505841732025	0.5801486968994141	0.29519811272621155	True	True	False	local_anchor_w0.25	Calibrated mixture	True	selected_source_cv_mse < idw_source_cv_mse AND delta_source_cv_pearson > 0.03
6s_E2_to_E1	6-somite	E2	E1	461	unc5b	False	0.8042840361595154	0.579856812953949	0.2244272232055664	0.4424688220024109	0.9133574366569519	0.470888614654541	True	True	False	local_anchor_w0.50	Calibrated mixture	True	selected_source_cv_mse < idw_source_cv_mse AND delta_source_cv_pearson > 0.03
6s_E2_to_E1	6-somite	E2	E1	462	uncx4.1	False	0.6523720026016235	0.6295784115791321	0.022793591022491455	0.41226333379745483	0.4905696511268616	0.07830631732940674	False	False	True	global_anchor_w0.25	IDW fallback	False	selected_source_cv_mse < idw_source_cv_mse AND delta_source_cv_pearson > 0.03
6s_E2_to_E1	6-somite	E2	E1	463	unga	False	0.25735148787498474	0.1489982157945633	0.10835327208042145	0.33151063323020935	0.39398953318595886	0.06247889995574951	True	True	False	local_anchor_w0.75	Calibrated mixture	True	selected_source_cv_mse < idw_source_cv_mse AND delta_source_cv_pearson > 0.03
6s_E2_to_E1	6-somite	E2	E1	464	usf1	False	0.11611220985651016	0.07160358130931854	0.04450862854719162	0.28043287992477417	0.3095392882823944	0.02910640835762024	True	True	False	local_anchor_w0.50	Calibrated mixture	True	selected_source_cv_mse < idw_source_cv_mse AND delta_source_cv_pearson > 0.03
6s_E2_to_E1	6-somite	E2	E1	465	ved	False	0.6874293684959412	0.6685786247253418	0.018850743770599365	0.3463256359100342	0.37079691886901855	0.024471282958984375	False	False	True	local_anchor_w0.25	IDW fallback	False	selected_source_cv_mse < idw_source_cv_mse AND delta_source_cv_pearson > 0.03
6s_E2_to_E1	6-somite	E2	E1	466	vent	False	0.6459822058677673	0.6357919573783875	0.010190248489379883	0.1690284013748169	0.17490233480930328	0.005873933434486389	False	False	True	global_anchor_w0.25	IDW fallback	False	selected_source_cv_mse < idw_source_cv_mse AND delta_source_cv_pearson > 0.03
6s_E2_to_E1	6-somite	E2	E1	467	vgll4l	False	0.6264303922653198	0.4054884612560272	0.2209419310092926	0.21625332534313202	0.3600575923919678	0.14380426704883575	True	True	False	local_anchor_w0.75	Calibrated mixture	True	selected_source_cv_mse < idw_source_cv_mse AND delta_source_cv_pearson > 0.03
6s_E2_to_E1	6-somite	E2	E1	468	vox	False	0.2116003781557083	0.11526656150817871	0.0963338166475296	0.1096317395567894	0.1270129680633545	0.017381228506565094	True	True	False	global_anchor_w0.75	Calibrated mixture	True	selected_source_cv_mse < idw_source_cv_mse AND delta_source_cv_pearson > 0.03
6s_E2_to_E1	6-somite	E2	E1	469	vrtn	False	0.4404137432575226	0.4255075454711914	0.014906197786331177	0.3207515776157379	0.3461982011795044	0.02544662356376648	False	False	True	local_anchor_w0.25	IDW fallback	False	selected_source_cv_mse < idw_source_cv_mse AND delta_source_cv_pearson > 0.03
6s_E2_to_E1	6-somite	E2	E1	470	vsx2	False	0.20183435082435608	0.10339005291461945	0.09844429790973663	0.16013038158416748	0.18495877087116241	0.024828389286994934	True	True	False	local_anchor_w0.75	Calibrated mixture	True	selected_source_cv_mse < idw_source_cv_mse AND delta_source_cv_pearson > 0.03
6s_E2_to_E1	6-somite	E2	E1	471	wnt11f2	False	0.675007700920105	0.4439982771873474	0.23100942373275757	0.4419814944267273	0.7162931561470032	0.2743116617202759	True	True	False	local_anchor_w0.25	Calibrated mixture	True	selected_source_cv_mse < idw_source_cv_mse AND delta_source_cv_pearson > 0.03
6s_E2_to_E1	6-somite	E2	E1	472	wnt8a	False	0.25518661737442017	0.1842310130596161	0.07095560431480408	0.2949848175048828	0.38987067341804504	0.09488585591316223	True	True	False	local_anchor_w0.75	Calibrated mixture	True	selected_source_cv_mse < idw_source_cv_mse AND delta_source_cv_pearson > 0.03
6s_E2_to_E1	6-somite	E2	E1	473	xbp1	False	0.6393552422523499	0.49852409958839417	0.1408311426639557	0.4590289890766144	0.6464141607284546	0.1873851716518402	True	True	False	local_anchor_w0.25	Calibrated mixture	True	selected_source_cv_mse < idw_source_cv_mse AND delta_source_cv_pearson > 0.03
6s_E2_to_E1	6-somite	E2	E1	474	ypel3	False	0.2726826071739197	0.08837936818599701	0.18430323898792267	0.27876782417297363	0.34952443838119507	0.07075661420822144	True	True	False	global_anchor_w0.75	Calibrated mixture	True	selected_source_cv_mse < idw_source_cv_mse AND delta_source_cv_pearson > 0.03
6s_E2_to_E1	6-somite	E2	E1	475	zbtb18	False	0.618977427482605	0.5366963744163513	0.08228105306625366	0.32902979850769043	0.38155215978622437	0.052522361278533936	True	True	False	local_anchor_w0.50	Calibrated mixture	True	selected_source_cv_mse < idw_source_cv_mse AND delta_source_cv_pearson > 0.03
6s_E2_to_E1	6-somite	E2	E1	476	zc4h2	False	0.31679636240005493	0.18038822710514069	0.13640813529491425	0.2797917127609253	0.3462444543838501	0.0664527416229248	True	True	False	global_anchor_w0.75	Calibrated mixture	True	selected_source_cv_mse < idw_source_cv_mse AND delta_source_cv_pearson > 0.03
6s_E2_to_E1	6-somite	E2	E1	477	zeb1a	False	0.4121067523956299	0.32181981205940247	0.09028694033622742	0.32211944460868835	0.4024971127510071	0.08037766814231873	True	True	False	local_anchor_w0.75	Calibrated mixture	True	selected_source_cv_mse < idw_source_cv_mse AND delta_source_cv_pearson > 0.03
6s_E2_to_E1	6-somite	E2	E1	478	zeb1b	False	0.6815822720527649	0.5667889714241028	0.11479330062866211	0.4804505705833435	0.6763808727264404	0.19593030214309692	True	True	False	local_anchor_w0.25	Calibrated mixture	True	selected_source_cv_mse < idw_source_cv_mse AND delta_source_cv_pearson > 0.03
6s_E2_to_E1	6-somite	E2	E1	479	zeb2a	False	0.34705454111099243	0.27120518684387207	0.07584935426712036	0.2625749409198761	0.317737877368927	0.0551629364490509	True	True	False	local_anchor_w0.50	Calibrated mixture	True	selected_source_cv_mse < idw_source_cv_mse AND delta_source_cv_pearson > 0.03
6s_E2_to_E1	6-somite	E2	E1	480	zeb2b	False	0.5966546535491943	0.5176265239715576	0.07902812957763672	0.2401762455701828	0.34903329610824585	0.10885705053806305	True	True	False	local_anchor_w0.50	Calibrated mixture	True	selected_source_cv_mse < idw_source_cv_mse AND delta_source_cv_pearson > 0.03
6s_E2_to_E1	6-somite	E2	E1	481	zfand5a	False	0.6110249757766724	0.5723806023597717	0.038644373416900635	0.3430964946746826	0.36261266469955444	0.019516170024871826	True	True	False	local_anchor_w0.25	Calibrated mixture	True	selected_source_cv_mse < idw_source_cv_mse AND delta_source_cv_pearson > 0.03
6s_E2_to_E1	6-somite	E2	E1	482	zgc:113372	False	0.3975488543510437	0.24317492544651031	0.1543739289045334	0.09843900054693222	0.11674779653549194	0.018308795988559723	True	True	False	global_anchor_w1.00	Anchor-only	True	selected_source_cv_mse < idw_source_cv_mse AND delta_source_cv_pearson > 0.03
6s_E2_to_E1	6-somite	E2	E1	483	zgc:113424	False	0.15696096420288086	0.08934391289949417	0.06761705130338669	0.11428719013929367	0.1311545968055725	0.01686740666627884	True	True	False	global_anchor_w0.75	Calibrated mixture	True	selected_source_cv_mse < idw_source_cv_mse AND delta_source_cv_pearson > 0.03
6s_E2_to_E1	6-somite	E2	E1	484	zgc:174154	False	0.16886866092681885	0.14144332706928253	0.027425333857536316	0.13252200186252594	0.17256981134414673	0.04004780948162079	False	False	True	global_anchor_w0.50	IDW fallback	False	selected_source_cv_mse < idw_source_cv_mse AND delta_source_cv_pearson > 0.03
6s_E2_to_E1	6-somite	E2	E1	485	zgc:175088	False	0.7384114265441895	0.4789019227027893	0.25950950384140015	0.32740142941474915	0.6021685004234314	0.27476707100868225	True	True	False	local_anchor_w0.50	Calibrated mixture	True	selected_source_cv_mse < idw_source_cv_mse AND delta_source_cv_pearson > 0.03
6s_E2_to_E1	6-somite	E2	E1	486	zic2a	False	0.7508412003517151	0.6214423179626465	0.1293988823890686	0.6134814023971558	0.8864534497261047	0.272972047328949	True	True	False	local_anchor_w0.50	Calibrated mixture	True	selected_source_cv_mse < idw_source_cv_mse AND delta_source_cv_pearson > 0.03
6s_E2_to_E1	6-somite	E2	E1	487	zic2b	False	0.7713678479194641	0.601152241230011	0.17021560668945312	0.6793251037597656	1.0669448375701904	0.3876197338104248	True	True	False	local_anchor_w0.50	Calibrated mixture	True	selected_source_cv_mse < idw_source_cv_mse AND delta_source_cv_pearson > 0.03
6s_E2_to_E1	6-somite	E2	E1	488	zic3	False	0.6975407600402832	0.6335598230361938	0.06398093700408936	0.5567788481712341	0.5965242385864258	0.03974539041519165	True	True	False	local_anchor_w0.25	Calibrated mixture	True	selected_source_cv_mse < idw_source_cv_mse AND delta_source_cv_pearson > 0.03
6s_E2_to_E1	6-somite	E2	E1	489	zmp:0000000624	False	0.3827546536922455	0.280521035194397	0.10223361849784851	0.3038891553878784	0.35628247261047363	0.052393317222595215	True	True	False	global_anchor_w0.75	Calibrated mixture	True	selected_source_cv_mse < idw_source_cv_mse AND delta_source_cv_pearson > 0.03
6s_E2_to_E1	6-somite	E2	E1	490	znf1004	False	0.596566379070282	0.397826611995697	0.19873976707458496	0.08745399117469788	0.12083517014980316	0.033381178975105286	True	True	False	local_anchor_w0.75	Calibrated mixture	True	selected_source_cv_mse < idw_source_cv_mse AND delta_source_cv_pearson > 0.03
6s_E2_to_E1	6-somite	E2	E1	491	znf185	True	1.0000042915344238	0.3671330213546753	0.6328712701797485	6.091632059890273e-11	1.2972688674926758	1.2972688674317594	True	False	True	global_anchor_w0.75	IDW fallback	False	selected_source_cv_mse < idw_source_cv_mse AND delta_source_cv_pearson > 0.03
6s_E2_to_E1	6-somite	E2	E1	492	znf576.2	False	0.2725655734539032	0.20699447393417358	0.06557109951972961	0.32277005910873413	0.35327452421188354	0.030504465103149414	True	True	False	local_anchor_w0.50	Calibrated mixture	True	selected_source_cv_mse < idw_source_cv_mse AND delta_source_cv_pearson > 0.03
6s_E2_to_E1	6-somite	E2	E1	493	znfl2a	False	0.7189189791679382	0.5874781608581543	0.13144081830978394	0.38657838106155396	0.6008620262145996	0.21428364515304565	True	True	False	local_anchor_w0.25	Calibrated mixture	True	selected_source_cv_mse < idw_source_cv_mse AND delta_source_cv_pearson > 0.03
6s_E2_to_E1	6-somite	E2	E1	494	zswim5	False	0.5628332495689392	0.3548024594783783	0.2080307900905609	0.19487717747688293	0.24181246757507324	0.04693529009819031	True	True	False	local_anchor_w0.50	Calibrated mixture	True	selected_source_cv_mse < idw_source_cv_mse AND delta_source_cv_pearson > 0.03
