panel,target_key,stage,gene,n_null,observed_residual_variance,nb_null_median,nb_null_q95,observed_exceeds_nb_q95,fraction_observed_variance_above_nb_median,plotted_value,observed_moran_i,annotation,n_records,fraction_above_q95
S6i,50p_E1_to_E2,50% epiboly,ackr3b,500.0,1.1310503482818604,1.2570448,1.280710518360138,False,0.0,0.8831428586454438,,,,
S6i,50p_E1_to_E2,50% epiboly,acvr1ba,500.0,0.3293065130710602,0.2028085,0.2129575662314892,True,0.3841345637385581,1.5463480302601567,,,,
S6i,50p_E1_to_E2,50% epiboly,add3b,500.0,0.8169537186622621,0.29987687,0.31102392822504044,True,0.6329328554671828,2.626658737559117,,,,
S6i,50p_E1_to_E2,50% epiboly,adka,500.0,0.2219868153333664,0.1327708,0.14190333411097528,True,0.40189778230030265,1.5643523580620167,,,,
S6i,50p_E1_to_E2,50% epiboly,admp,500.0,1.4714003801345823,0.54398596,0.5550726860761642,True,0.6302937186831631,2.6508246884493327,,,,
S6i,50p_E1_to_E2,50% epiboly,ahi1,500.0,0.479459822177887,0.36883366,0.3775710359215737,True,0.23073082661227914,1.2698532900110402,,,,
S6i,50p_E1_to_E2,50% epiboly,akap12b,500.0,0.127384752035141,0.05671425,0.05895074643194675,True,0.5547799031565934,2.1608674994844224,,,,
S6i,50p_E1_to_E2,50% epiboly,alcamb,500.0,0.8218252658843994,1.08352,1.1051899313926696,False,0.0,0.7436054587004811,,,,
S6i,50p_E1_to_E2,50% epiboly,aldob,500.0,0.6001614332199097,0.13609514,0.14001209810376167,True,0.7732357847889739,4.286496962392032,,,,
S6i,50p_E1_to_E2,50% epiboly,anp32e,500.0,0.35142311453819275,0.12455459,0.13038119077682495,True,0.6455708681700331,2.695351319039016,,,,
S6i,50p_E1_to_E2,50% epiboly,apex1,500.0,0.3844015002250672,0.27842402,0.28397191166877744,True,0.2756947503615572,1.353660289731155,,,,
S6i,50p_E1_to_E2,50% epiboly,aplnra,500.0,1.08887779712677,1.9653493000000002,2.006551969051361,False,0.0,0.5426611490364536,,,,
S6i,50p_E1_to_E2,50% epiboly,aplnrb,500.0,0.4015405774116516,0.35299063,0.3596271455287933,True,0.1209092003497838,1.1165469081073651,,,,
S6i,50p_E1_to_E2,50% epiboly,apoc1,500.0,0.4027581214904785,0.09276752,0.09662122949957848,True,0.7696693951304986,4.168422649726638,,,,
S6i,50p_E1_to_E2,50% epiboly,arf5,500.0,0.18472708761692047,0.12169099,0.13012428283691405,True,0.3412390672611737,1.4196204089627193,,,,
S6i,50p_E1_to_E2,50% epiboly,arhgap5,500.0,0.4361893534660339,0.34552574,0.3557833239436149,True,0.20785379369867046,1.225997184553714,,,,
S6i,50p_E1_to_E2,50% epiboly,arl4aa,500.0,0.2772427797317505,0.25207698,0.25756939500570303,True,0.090771692248421,1.0763809097956372,,,,
S6i,50p_E1_to_E2,50% epiboly,arl4ab,500.0,0.6099967956542969,0.37145287,0.3801997601985931,True,0.39105767336639424,1.6044113108742413,,,,
S6i,50p_E1_to_E2,50% epiboly,arl4d,500.0,0.5799506306648254,0.6097975,0.6247349292039871,False,0.0,0.9283147196584253,,,,
S6i,50p_E1_to_E2,50% epiboly,arl6ip5a,500.0,0.4271398484706879,0.35271537,0.3591831639409065,True,0.17423912963847385,1.1891978560024095,,,,
S6i,50p_E1_to_E2,50% epiboly,aspm,500.0,0.4227830767631531,0.37948623,0.3863655120134354,True,0.10240912218778668,1.0942567688299554,,,,
S6i,50p_E1_to_E2,50% epiboly,atf6,500.0,0.3135789334774017,0.2566073,0.2665986493229866,True,0.18168197322115653,1.1762210133986766,,,,
S6i,50p_E1_to_E2,50% epiboly,atoh1c,500.0,0.3001723289489746,0.20815748,0.2132192999124527,True,0.3065400781881695,1.4078103111314249,,,,
S6i,50p_E1_to_E2,50% epiboly,atp2b1a,500.0,0.14507253468036652,0.066006124,0.07161587551236152,True,0.5450129539333417,2.0257035698087043,,,,
S6i,50p_E1_to_E2,50% epiboly,atrxl,500.0,0.2357752025127411,0.11996747,0.12761481404304506,True,0.491178602311149,1.8475535483930026,,,,
S6i,50p_E1_to_E2,50% epiboly,aurkb,500.0,0.31224068999290466,0.20121565,0.21182305216789246,True,0.3555751666569789,1.4740637848302764,,,,
S6i,50p_E1_to_E2,50% epiboly,axin2,500.0,0.4886640310287476,0.38067263,0.3887624517083168,True,0.2209931374598673,1.2569733236361664,,,,
S6i,50p_E1_to_E2,50% epiboly,bach1b,500.0,0.4515229463577271,0.30534774,0.3107579201459885,True,0.32373815525145017,1.4529732537327116,,,,
S6i,50p_E1_to_E2,50% epiboly,bambia,500.0,0.940632939338684,0.14707589,0.15544198900461195,True,0.8436415679870266,6.051343947424498,,,,
S6i,50p_E1_to_E2,50% epiboly,baz1b,500.0,0.4186014235019684,0.278172,0.28836840093135835,True,0.335472908777224,1.4516202959477866,,,,
S6i,50p_E1_to_E2,50% epiboly,bcl2l1,500.0,0.5148745179176331,0.42521644,0.4348834812641144,True,0.17413579117129213,1.1839367097159028,,,,
S6i,50p_E1_to_E2,50% epiboly,bhlha15,500.0,0.3879207968711853,0.31518784,0.3211641758680344,True,0.1874943437010764,1.2078582420431008,,,,
S6i,50p_E1_to_E2,50% epiboly,blf,500.0,0.5097525119781494,0.3269292,0.332763808965683,True,0.3586511023794033,1.531874856110686,,,,
S6i,50p_E1_to_E2,50% epiboly,bmp2b,500.0,1.4256998300552368,0.34788364,0.3605861380696297,True,0.7559909636053335,3.9538398167151176,,,,
S6i,50p_E1_to_E2,50% epiboly,bmp4,500.0,0.7122707962989807,0.49792240000000004,0.5079383999109268,True,0.30093667564831605,1.4022779069743223,,,,
S6i,50p_E1_to_E2,50% epiboly,brd2a,500.0,0.11191263049840927,0.065124914,0.06755700297653675,True,0.4180736011649023,1.6565659453140291,,,,
S6i,50p_E1_to_E2,50% epiboly,btg2,500.0,0.15189899504184726,0.20195067,0.20783590227365487,False,0.0,0.7308602285751564,,,,
S6i,50p_E1_to_E2,50% epiboly,c1qbp,500.0,0.22034382820129395,0.2578684,0.26823690086603164,False,0.0,0.8214523337016281,,,,
S6i,50p_E1_to_E2,50% epiboly,C7H16orf87,500.0,0.4065234363079071,0.35071540000000007,0.3565589264035225,True,0.1372812303918072,1.1401297407089428,,,,
S6i,50p_E1_to_E2,50% epiboly,ca9,500.0,0.7693693041801453,0.4977392,0.510731965303421,True,0.3530555571695573,1.5064052310159797,,,,
S6i,50p_E1_to_E2,50% epiboly,casz1,500.0,0.4507040679454804,0.39229897,0.39944833517074585,True,0.1295863637653053,1.1283163009124197,,,,
S6i,50p_E1_to_E2,50% epiboly,cbx3a,500.0,0.14332318305969238,0.113196164,0.12169390283524988,True,0.2102033882233952,1.1777351183627038,,,,
S6i,50p_E1_to_E2,50% epiboly,cbx5,500.0,0.08319912105798721,0.067027375,0.07307499572634697,True,0.194373999993015,1.1385443164383247,,,,
S6i,50p_E1_to_E2,50% epiboly,ccne2,500.0,0.4176882803440094,0.38573793,0.3935154810547829,True,0.07649329914115957,1.0614278229268985,,,,
S6i,50p_E1_to_E2,50% epiboly,ccnf,500.0,0.4488251209259033,0.40518963,0.4190708979964256,True,0.09722158034835424,1.0710004514074645,,,,
S6i,50p_E1_to_E2,50% epiboly,ccng1,500.0,0.077577605843544,0.0645251,0.06663815043866635,True,0.16825098033189625,1.1641620503099994,,,,
S6i,50p_E1_to_E2,50% epiboly,cd63,500.0,0.41857683658599854,0.3796491,0.3855380833148957,True,0.09300021046473976,1.085695174357439,,,,
S6i,50p_E1_to_E2,50% epiboly,cdc14b,500.0,0.23910655081272125,0.15092497,0.1596294455230236,True,0.3687961905424279,1.4978849925168383,,,,
S6i,50p_E1_to_E2,50% epiboly,cdc42ep4a,500.0,0.44860392808914185,0.32227665,0.32850929349660873,True,0.28160091412475546,1.3655745422428145,,,,
S6i,50p_E1_to_E2,50% epiboly,cdca8,500.0,0.2070125788450241,0.1991509,0.20931732729077335,False,0.03797679288766884,0.9889892132888378,,,,
S6i,50p_E1_to_E2,50% epiboly,cdh1,500.0,0.23129379749298096,0.28839612,0.2977254495024681,False,0.0,0.7768694207347685,,,,
S6i,50p_E1_to_E2,50% epiboly,cdh2,500.0,0.4739840924739838,0.3693068,0.3751672089099884,True,0.22084557559301535,1.2633942445319202,,,,
S6i,50p_E1_to_E2,50% epiboly,cdh6,500.0,0.4519433379173279,0.30177838,0.3079347342252731,True,0.3322650191213781,1.4676594995181793,,,,
S6i,50p_E1_to_E2,50% epiboly,cdkn1ca,500.0,0.7250776886940002,0.90702903,0.9257426232099532,False,0.0,0.7832389592042763,,,,
S6i,50p_E1_to_E2,50% epiboly,cdt1,500.0,0.10466543585062027,0.06807038,0.06993657909333706,True,0.3496383851402734,1.4965764297812483,,,,
S6i,50p_E1_to_E2,50% epiboly,cdx1a,500.0,0.3469659984111786,0.23231956,0.2376876078546047,True,0.3304255613199067,1.45975636484768,,,,
S6i,50p_E1_to_E2,50% epiboly,cenpf,500.0,0.3620559871196747,0.21010086,0.22194440439343446,True,0.4197006350452559,1.6312913502332254,,,,
S6i,50p_E1_to_E2,50% epiboly,chaf1a,500.0,0.4116267859935761,0.16507989,0.176333224773407,True,0.598957363080236,2.334368843549069,,,,
S6i,50p_E1_to_E2,50% epiboly,chst11,500.0,0.4453286826610565,0.37703425,0.385179777443409,True,0.15335737040656033,1.156158003976428,,,,
S6i,50p_E1_to_E2,50% epiboly,cldnd,500.0,0.1860956996679306,0.118112594,0.126114222407341,True,0.3653126101248083,1.4756123148969924,,,,
S6i,50p_E1_to_E2,50% epiboly,clic4,500.0,0.3687490820884705,0.39743873,0.4090891599655151,False,0.0,0.9013904991262904,,,,
S6i,50p_E1_to_E2,50% epiboly,clocka,500.0,0.4757784903049469,0.36222750000000004,0.3680722013115883,True,0.23866356536452776,1.2926227207856449,,,,
S6i,50p_E1_to_E2,50% epiboly,cmtm6,500.0,0.4275285005569458,0.31567037,0.3252231031656265,True,0.2616390003371097,1.3145698949290763,,,,
S6i,50p_E1_to_E2,50% epiboly,cnmd,500.0,0.32719293236732483,0.31854618,0.32465947419404984,True,0.02642708798150759,1.0078034321332041,,,,
S6i,50p_E1_to_E2,50% epiboly,cnn3a,500.0,0.4491237699985504,0.40180176,0.4088373914361,True,0.10536517591497277,1.098538879775499,,,,
S6i,50p_E1_to_E2,50% epiboly,coq10b,500.0,0.4446488618850708,0.38485062,0.3908728793263435,True,0.13448418693372766,1.1375792115621028,,,,
S6i,50p_E1_to_E2,50% epiboly,crabp2b,500.0,0.689954936504364,0.47934833,0.492464055120945,True,0.3052468989954061,1.4010259821600928,,,,
S6i,50p_E1_to_E2,50% epiboly,creb3l1,500.0,0.4229625463485718,0.26186624,0.2670021057128906,True,0.3808760516641879,1.5841168938322403,,,,
S6i,50p_E1_to_E2,50% epiboly,creb3l2,500.0,0.45590594410896296,0.40359014,0.4119834780693054,True,0.11475130354861345,1.1066122026191272,,,,
S6i,50p_E1_to_E2,50% epiboly,csrp1a,500.0,0.3851230144500733,0.32520127,0.33464807122945783,True,0.1555911727871144,1.1508299242101603,,,,
S6i,50p_E1_to_E2,50% epiboly,cst3,500.0,0.4772182404994965,0.49306214,0.5038031071424485,False,0.0,0.9472316342117454,,,,
S6i,50p_E1_to_E2,50% epiboly,ctcf,500.0,0.030948331579566,0.01282787,0.013219672814011572,True,0.5855068825589779,2.3410815089737897,,,,
S6i,50p_E1_to_E2,50% epiboly,cth1,500.0,0.26771894097328186,0.15683722,0.1647354707121849,True,0.4141721000757306,1.6251444805170283,,,,
S6i,50p_E1_to_E2,50% epiboly,CU570769.1,500.0,0.3732978403568268,0.32957226,0.3363169431686401,True,0.11713322513529477,1.1099584720286997,,,,
S6i,50p_E1_to_E2,50% epiboly,cux1a,500.0,0.41041922569274897,0.35344309999999995,0.3595406040549278,True,0.13882424598718618,1.1415100855480798,,,,
S6i,50p_E1_to_E2,50% epiboly,cxcl12b,500.0,0.3066936731338501,0.22933040000000002,0.23508745878934856,True,0.25224931036372605,1.3045939358622474,,,,
S6i,50p_E1_to_E2,50% epiboly,dand5,500.0,0.4593443274497986,0.3339414,0.3399898856878281,True,0.27300419294366235,1.3510529188846498,,,,
S6i,50p_E1_to_E2,50% epiboly,dbx1a,500.0,0.2786800265312195,0.16949019,0.17469243630766867,True,0.39181077858399416,1.5952609764993353,,,,
S6i,50p_E1_to_E2,50% epiboly,ddx4,500.0,0.3082839548587799,0.6189432,0.6356746584177018,False,0.0,0.4849712833073275,,,,
S6i,50p_E1_to_E2,50% epiboly,dharma,500.0,0.563506007194519,0.3849184,0.3926453873515129,True,0.316922292237982,1.4351524947115817,,,,
S6i,50p_E1_to_E2,50% epiboly,dkc1,500.0,0.14903883635997772,0.059202828,0.061602205783128736,True,0.6027691240810304,2.4193749958349,,,,
S6i,50p_E1_to_E2,50% epiboly,dkk1b,500.0,0.5665393471717834,0.34886113,0.3599259495735169,True,0.3842243617617047,1.5740441828189566,,,,
S6i,50p_E1_to_E2,50% epiboly,dld,500.0,0.9522775411605836,0.50495684,0.5148834258317947,True,0.4697377396369157,1.8495012528752082,,,,
S6i,50p_E1_to_E2,50% epiboly,dlgap5,500.0,0.05647828057408333,0.03476686,0.03708382081240416,True,0.38442070203148615,1.5229897927667668,,,,
S6i,50p_E1_to_E2,50% epiboly,dlx3b,500.0,0.4628083109855652,0.38995445,0.3970707967877388,True,0.1574169294499999,1.1655561545438142,,,,
S6i,50p_E1_to_E2,50% epiboly,dmd,500.0,0.33503690361976624,0.22190106,0.2277486674487591,True,0.3376817396732762,1.4710817295787066,,,,
S6i,50p_E1_to_E2,50% epiboly,dnmt3bb.2,500.0,0.4510430693626404,0.354616,0.3639906346797943,True,0.21378686330709173,1.2391611936923235,,,,
S6i,50p_E1_to_E2,50% epiboly,drll.2,500.0,0.8722361922264099,0.32899759999999995,0.33937965631484984,True,0.6228113268726729,2.5700897976548647,,,,
S6i,50p_E1_to_E2,50% epiboly,drll.3,500.0,0.7180182337760925,0.41820827,0.4274773940443992,True,0.4175520180516135,1.6796636355033006,,,,
S6i,50p_E1_to_E2,50% epiboly,dscc1,500.0,0.3480096161365509,0.26638806,0.2717588379979133,True,0.2345382244900668,1.280582514630943,,,,
S6i,50p_E1_to_E2,50% epiboly,dync1li1,500.0,0.425255686044693,0.37465679999999996,0.3809254392981529,True,0.11898462795390327,1.1163751279731216,,,,
S6i,50p_E1_to_E2,50% epiboly,dynll1,500.0,0.4927985966205597,0.39827080000000004,0.4067410409450531,True,0.19181834416785093,1.2115782451545924,,,,
S6i,50p_E1_to_E2,50% epiboly,dynll2b,500.0,0.4122498631477356,0.35078943,0.3594495639204979,True,0.14908539913437688,1.1468920942658756,,,,
S6i,50p_E1_to_E2,50% epiboly,ednraa,500.0,0.33665400743484497,0.2413886,0.2466463133692741,True,0.28297718513975545,1.3649261683097331,,,,
S6i,50p_E1_to_E2,50% epiboly,efemp2b,500.0,0.4475226402282715,0.40320632,0.4118268564343453,True,0.09902587629711793,1.0866766779199037,,,,
S6i,50p_E1_to_E2,50% epiboly,efna1a,500.0,0.5431731343269348,0.37475687,0.3829668939113617,True,0.3100599993437897,1.4183292158215983,,,,
S6i,50p_E1_to_E2,50% epiboly,efnb2b,500.0,0.4855537414550781,0.48921335,0.4987781375646591,False,0.0,0.973486415875903,,,,
S6i,50p_E1_to_E2,50% epiboly,egln1b,500.0,0.4269934296607971,0.3087787,0.31932304948568346,True,0.2768537364660826,1.3371832391947045,,,,
S6i,50p_E1_to_E2,50% epiboly,eif3ea,500.0,0.2658796608448029,0.17514077,0.18577011674642566,True,0.3412780513820581,1.4312294436877917,,,,
S6i,50p_E1_to_E2,50% epiboly,elavl3,500.0,0.5475445985794067,0.58343375,0.5924829840660095,False,0.0,0.9241524453947928,,,,
S6i,50p_E1_to_E2,50% epiboly,elf1,500.0,0.6358598470687866,1.0095193,1.0344108998775483,False,0.0,0.6147072185183456,,,,
S6i,50p_E1_to_E2,50% epiboly,elob,500.0,0.39477699995040894,0.34752977,0.3533004015684128,True,0.11968080970410487,1.1173975410100536,,,,
S6i,50p_E1_to_E2,50% epiboly,emid1,500.0,0.3298552930355072,0.3441792,0.3503367140889168,False,0.0,0.9415378970295093,,,,
S6i,50p_E1_to_E2,50% epiboly,emx2,500.0,0.33187541365623474,0.32065085,0.32633638083934785,True,0.033821631336010745,1.016973384342378,,,,
S6i,50p_E1_to_E2,50% epiboly,emx3,500.0,0.4112276434898377,0.38537455,0.3919515311717987,True,0.06286809227952872,1.0491798367527998,,,,
S6i,50p_E1_to_E2,50% epiboly,epcam,500.0,0.766872763633728,0.6722256999999999,0.6854898482561111,True,0.12341949589576863,1.118722276609428,,,,
S6i,50p_E1_to_E2,50% epiboly,epha2a,500.0,0.7266086339950562,0.48108359999999994,0.4978362455964088,True,0.3379054704207467,1.4595334116835499,,,,
S6i,50p_E1_to_E2,50% epiboly,ephb3a,500.0,0.4163317680358887,0.39140004,0.3980779036879539,True,0.05988428160909666,1.0458550052108486,,,,
S6i,50p_E1_to_E2,50% epiboly,eppk1,500.0,1.006417751312256,1.1157267,1.135240924358368,False,0.0,0.8865234944565427,,,,
S6i,50p_E1_to_E2,50% epiboly,erf,500.0,0.14873793721199036,0.09370531,0.10158147327601907,True,0.3699972369253371,1.4642230754798846,,,,
S6i,50p_E1_to_E2,50% epiboly,esrra,500.0,0.41320574283599854,0.3754155,0.3841336786746979,True,0.09145622855553642,1.0756821538314536,,,,
S6i,50p_E1_to_E2,50% epiboly,ets2,500.0,0.9392653703689576,0.6568125,0.6731308341026306,True,0.30071680511894144,1.3953682148896334,,,,
S6i,50p_E1_to_E2,50% epiboly,etv2,500.0,0.2835102379322052,0.20999748,0.2147941395640373,True,0.25929491407832944,1.3199160764238698,,,,
S6i,50p_E1_to_E2,50% epiboly,etv4,500.0,0.6752050518989563,0.16203421,0.16948926970362665,True,0.7600222138634317,3.9837628251017745,,,,
S6i,50p_E1_to_E2,50% epiboly,etv5a,500.0,0.2319357842206955,0.15597558,0.16591122448444365,True,0.32750532333968113,1.3979511328508247,,,,
S6i,50p_E1_to_E2,50% epiboly,etv5b,500.0,0.2233288437128067,0.07014021,0.07445628941059113,True,0.6859330321681392,2.9994624427394445,,,,
S6i,50p_E1_to_E2,50% epiboly,eve1,500.0,1.7801680564880369,0.52075857,0.5322333842515945,True,0.7074666252196793,3.344713257683448,,,,
S6i,50p_E1_to_E2,50% epiboly,f11r.1,500.0,0.3518731892108917,0.45389268,0.4656212583184242,False,0.0,0.7557068817726882,,,,
S6i,50p_E1_to_E2,50% epiboly,fbln2,500.0,0.43420925736427307,0.37814376,0.3854614347219467,True,0.12912092230112676,1.1264661474564652,,,,
S6i,50p_E1_to_E2,50% epiboly,fezf2,500.0,0.3267073333263397,0.185961,0.1909441858530045,True,0.43080251282579424,1.7110095909275314,,,,
S6i,50p_E1_to_E2,50% epiboly,fgf8a,500.0,0.5155682563781738,0.4048875,0.4148945897817611,True,0.2146772179703577,1.2426487813431555,,,,
S6i,50p_E1_to_E2,50% epiboly,flrt3,500.0,0.5662156343460083,0.3744985,0.3845186620950699,True,0.3385938787235821,1.4725309592542348,,,,
S6i,50p_E1_to_E2,50% epiboly,fn1a,500.0,0.32589104771614075,0.32228297,0.3316768944263458,False,0.011071423378447126,0.9825557739853661,,,,
S6i,50p_E1_to_E2,50% epiboly,fn1b,500.0,0.4637428224086762,0.37300685,0.37937578111886977,True,0.1956601106112241,1.2223838354704348,,,,
S6i,50p_E1_to_E2,50% epiboly,fnbp1l,500.0,0.13991126418113708,0.10448867,0.1134712740778923,True,0.2531789957191633,1.2330104276884657,,,,
S6i,50p_E1_to_E2,50% epiboly,fosab,500.0,0.3753075897693634,0.3164951,0.3236078754067421,True,0.15670479534524615,1.1597603713989966,,,,
S6i,50p_E1_to_E2,50% epiboly,foxa,500.0,0.8307211995124817,0.50551665,0.5158146679401397,True,0.3914725559077946,1.6105032507700747,,,,
S6i,50p_E1_to_E2,50% epiboly,foxa2,500.0,0.4821321964263916,0.42465,0.4318837970495224,True,0.1192249416356074,1.1163470352908549,,,,
S6i,50p_E1_to_E2,50% epiboly,foxa3,500.0,1.949634075164795,0.42006823,0.4312167093157768,True,0.7845399608284241,4.521239629740536,,,,
S6i,50p_E1_to_E2,50% epiboly,foxb1a,500.0,0.7123196125030518,0.4011889,0.4093252316117287,True,0.43678525346547575,1.7402289365311658,,,,
S6i,50p_E1_to_E2,50% epiboly,foxb1b,500.0,0.3218233585357666,0.19945973,0.20507607981562612,True,0.3802198433130221,1.5692876459560874,,,,
S6i,50p_E1_to_E2,50% epiboly,foxc1a,500.0,0.5075066685676575,0.40347397,0.41081955581903457,True,0.2049878390505475,1.23535177763352,,,,
S6i,50p_E1_to_E2,50% epiboly,foxc1b,500.0,0.41846963763237,0.38501772,0.3922843620181084,True,0.07993869035889371,1.0667507506023215,,,,
S6i,50p_E1_to_E2,50% epiboly,foxd3,500.0,1.6631139516830444,0.42727682,0.4393517926335335,True,0.7430862632641712,3.785381053561012,,,,
S6i,50p_E1_to_E2,50% epiboly,foxh1,500.0,0.2987005412578583,0.10368498,0.11023070104420184,True,0.6528798499649846,2.7097763003256343,,,,
S6i,50p_E1_to_E2,50% epiboly,foxi1,500.0,0.6935717463493347,0.50048953,0.5109306782484054,True,0.2783882336875697,1.3574674136363611,,,,
S6i,50p_E1_to_E2,50% epiboly,foxn2b,500.0,0.3586380183696747,0.23047486,0.24102170914411544,True,0.3573607713878175,1.4879905202034405,,,,
S6i,50p_E1_to_E2,50% epiboly,foxo1a,500.0,0.23606504499912265,0.12861875,0.13373753875494004,True,0.4551554763374479,1.7651367536506484,,,,
S6i,50p_E1_to_E2,50% epiboly,foxp1b,500.0,0.4624941647052765,0.37776566,0.38439761400222777,True,0.18319908801809734,1.203166065184255,,,,
S6i,50p_E1_to_E2,50% epiboly,foxp2,500.0,0.670109748840332,0.4595558,0.4730040073394775,True,0.3142081494490231,1.4167105107830316,,,,
S6i,50p_E1_to_E2,50% epiboly,frmd4ba,500.0,1.0523664951324463,0.7747142,0.7912768989801406,True,0.263836148841909,1.329959836422393,,,,
S6i,50p_E1_to_E2,50% epiboly,fscn1a,500.0,0.4787950813770294,0.15111825,0.15612083300948146,True,0.6843780260514063,3.066823768151118,,,,
S6i,50p_E1_to_E2,50% epiboly,fzd7a,500.0,0.7455307245254517,0.86077875,0.8853878796100616,False,0.0,0.8420385479568512,,,,
S6i,50p_E1_to_E2,50% epiboly,fzd7b,500.0,0.340742290019989,0.32226676,0.3321037590503693,True,0.05422142502668057,1.0260115422791993,,,,
S6i,50p_E1_to_E2,50% epiboly,fzd8a,500.0,0.7529314160346985,0.32031190000000004,0.3332185596227646,True,0.5745802378117387,2.259572266584098,,,,
S6i,50p_E1_to_E2,50% epiboly,gadd45gip1,500.0,0.3536433577537537,0.32395023,0.33342218697071074,True,0.08396347910241961,1.0606473461372241,,,,
S6i,50p_E1_to_E2,50% epiboly,gapdh,500.0,0.4353432655334473,0.22674850000000002,0.2376922868192196,True,0.4791501000568468,1.831541407418719,,,,
S6i,50p_E1_to_E2,50% epiboly,gata2a,500.0,1.3347153663635254,1.6462379,1.674466317892075,False,0.0,0.7970989634737773,,,,
S6i,50p_E1_to_E2,50% epiboly,gata3,500.0,0.400995135307312,0.45101949999999996,0.4599281623959541,False,0.0,0.8718647129985783,,,,
S6i,50p_E1_to_E2,50% epiboly,gata6,500.0,1.017288327217102,0.51798034,0.5322859585285187,True,0.4908224902570804,1.911168819912799,,,,
S6i,50p_E1_to_E2,50% epiboly,gbx1,500.0,0.5339136719703674,0.4583214,0.4667511895298958,True,0.14158146420045134,1.1438935431704342,,,,
S6i,50p_E1_to_E2,50% epiboly,gcm2,500.0,0.2432145327329636,0.12655023,0.13077058792114254,True,0.4796765391376261,1.8598565365449542,,,,
S6i,50p_E1_to_E2,50% epiboly,gfi1aa,500.0,0.4039708077907562,0.34665424,0.3528551533818245,True,0.14188295383898988,1.1448629952518208,,,,
S6i,50p_E1_to_E2,50% epiboly,gli1,500.0,0.4503351449966431,0.34468776,0.3514278694987297,True,0.2345972467265005,1.2814440290094038,,,,
S6i,50p_E1_to_E2,50% epiboly,gli2a,500.0,0.4234640002250672,0.38815355,0.3959258273243904,True,0.08338476752986503,1.0695538684272652,,,,
S6i,50p_E1_to_E2,50% epiboly,gmnn,500.0,0.17087794840335846,0.10533104,0.11218535676598547,True,0.3835890358995154,1.5231751569842005,,,,
S6i,50p_E1_to_E2,50% epiboly,gpr137bb,500.0,0.6125234961509705,0.6057918999999999,0.6163143962621689,False,0.010989896402829814,0.9938490807059035,,,,
S6i,50p_E1_to_E2,50% epiboly,grhl1,500.0,1.5790024995803833,2.0460954,2.078538954257965,False,0.0,0.759669428540532,,,,
S6i,50p_E1_to_E2,50% epiboly,grhl2b,500.0,0.40102803707122797,0.37019179999999996,0.3773610591888428,True,0.07689293940935184,1.0627170644826431,,,,
S6i,50p_E1_to_E2,50% epiboly,gsc,500.0,0.5916088819503784,0.40977728,0.4167672097682953,True,0.3073510284064863,1.4195187819101402,,,,
S6i,50p_E1_to_E2,50% epiboly,h1-0,500.0,0.4603235721588135,0.38875616,0.3970067903399467,True,0.1554719777991513,1.1594853875538256,,,,
S6i,50p_E1_to_E2,50% epiboly,hdlbpa,500.0,0.03570261970162392,0.030695435,0.03272559642791748,True,0.1402469926226926,1.0909692594988674,,,,
S6i,50p_E1_to_E2,50% epiboly,helb,500.0,0.385704904794693,0.29314159999999995,0.3034957051277161,True,0.2399847660068386,1.2708743427930285,,,,
S6i,50p_E1_to_E2,50% epiboly,hells,500.0,0.41301673650741577,0.34925634,0.3550489112734795,True,0.15437727864879291,1.1632671538859785,,,,
S6i,50p_E1_to_E2,50% epiboly,her1,500.0,0.9232332110404968,0.4369854,0.4482630759477616,True,0.5266792852838961,2.0595789851495283,,,,
S6i,50p_E1_to_E2,50% epiboly,her11,500.0,0.42440131306648254,0.36851355,0.3753695577383041,True,0.13168611173238104,1.1306226206078274,,,,
S6i,50p_E1_to_E2,50% epiboly,her12,500.0,0.3857397437095642,0.34330314,0.3494731456041336,True,0.11001355298093728,1.1037750641547481,,,,
S6i,50p_E1_to_E2,50% epiboly,her2,500.0,0.4594495892524719,0.3667284,0.3722965180873871,True,0.2018092870203943,1.2340958535224007,,,,
S6i,50p_E1_to_E2,50% epiboly,her3,500.0,0.2461875379085541,0.20097114,0.2064171977341175,True,0.1836664716464728,1.1926697029656612,,,,
S6i,50p_E1_to_E2,50% epiboly,her5,500.0,0.5653755068778992,0.3361643,0.3471311017870903,True,0.4054141157799222,1.6287088767536224,,,,
S6i,50p_E1_to_E2,50% epiboly,her6,500.0,1.147828459739685,1.3996464,1.425824773311615,False,0.0,0.805027715343831,,,,
S6i,50p_E1_to_E2,50% epiboly,her7,500.0,0.5908597707748413,0.19369465,0.1990934059023857,True,0.6721816906355726,2.9677515842214097,,,,
S6i,50p_E1_to_E2,50% epiboly,her8a,500.0,0.3816587328910828,0.28741235,0.29824725836515426,True,0.24693889949214226,1.2796722255994892,,,,
S6i,50p_E1_to_E2,50% epiboly,her9,500.0,0.426239550113678,0.3317638,0.3375990316271782,True,0.22164941317526374,1.2625615306396627,,,,
S6i,50p_E1_to_E2,50% epiboly,hes6,500.0,0.4322538375854492,0.35293645,0.359313003718853,True,0.1834972509713161,1.2030008185388952,,,,
S6i,50p_E1_to_E2,50% epiboly,hesx1,500.0,0.2809050381183624,0.16827287,0.17950888574123386,True,0.4009617309608323,1.564853109964113,,,,
S6i,50p_E1_to_E2,50% epiboly,hic1l,500.0,0.4258005023002625,0.3810538,0.3881967008113861,True,0.10508840808612063,1.0968679059102748,,,,
S6i,50p_E1_to_E2,50% epiboly,higd1a,500.0,0.3475017249584198,0.23956168,0.24420662075281144,True,0.3106173012300022,1.4229824068126506,,,,
S6i,50p_E1_to_E2,50% epiboly,hivep2a,500.0,0.4854583740234375,0.3663813,0.3726477086544037,True,0.2452879439729687,1.3027273823214494,,,,
S6i,50p_E1_to_E2,50% epiboly,hoxb7a,500.0,0.417893260717392,0.29108667,0.296911983191967,True,0.3034425268383905,1.407465122238617,,,,
S6i,50p_E1_to_E2,50% epiboly,hoxb8a,500.0,0.3169054090976715,0.30551934,0.3111048549413681,True,0.035928912376743075,1.018645013294301,,,,
S6i,50p_E1_to_E2,50% epiboly,hoxc3a,500.0,0.4317803382873535,0.33864206,0.3446469455957413,True,0.21570754680516704,1.2528192801505822,,,,
S6i,50p_E1_to_E2,50% epiboly,hoxc6a,500.0,0.4456600844860077,0.36377746,0.3700181126594543,True,0.18373336241833305,1.2044277543142068,,,,
S6i,50p_E1_to_E2,50% epiboly,hoxc8a,500.0,0.2977550029754639,0.14773229,0.15249356701970102,True,0.5038461615453909,1.9525741891590498,,,,
S6i,50p_E1_to_E2,50% epiboly,hsp90aa1.2,500.0,0.4371036589145661,0.4922025,0.5009316504001617,False,0.0,0.8725814361408236,,,,
S6i,50p_E1_to_E2,50% epiboly,id3,500.0,0.7470094561576843,0.48632643,0.49497049152851097,True,0.3489688487089694,1.5091999804894543,,,,
S6i,50p_E1_to_E2,50% epiboly,igf2bp1,500.0,0.2129874676465988,0.15631461,0.1656112194061279,True,0.2660854032299083,1.2860690743680248,,,,
S6i,50p_E1_to_E2,50% epiboly,igfbp1a,500.0,0.465268075466156,0.3401868,0.3464333340525627,True,0.2688369942593445,1.3430234037339002,,,,
S6i,50p_E1_to_E2,50% epiboly,irf2a,500.0,0.4538078308105469,0.35173506,0.36046141386032093,True,0.2249251080167783,1.2589636875429828,,,,
S6i,50p_E1_to_E2,50% epiboly,irx1b,500.0,0.40156736969947815,0.3669392,0.37257099747657774,True,0.08623256086650466,1.0778277762340407,,,,
S6i,50p_E1_to_E2,50% epiboly,irx3a,500.0,0.4228990375995636,0.36156267,0.3676148876547813,True,0.14503785270008315,1.1503860474679644,,,,
S6i,50p_E1_to_E2,50% epiboly,irx5a,500.0,0.4701910018920898,0.36076117,0.3681641265749931,True,0.2327348584571761,1.2771233478564197,,,,
S6i,50p_E1_to_E2,50% epiboly,irx7,500.0,0.4956114888191223,0.44008937,0.4519796222448349,True,0.11202749591370084,1.0965350304015526,,,,
S6i,50p_E1_to_E2,50% epiboly,ism1,500.0,0.6990496516227722,0.6040081,0.617651104927063,True,0.13595825822530438,1.131787259905123,,,,
S6i,50p_E1_to_E2,50% epiboly,itga6a,500.0,0.4033938050270081,0.31310479999999996,0.319259974360466,True,0.22382345879215254,1.2635276496375,,,,
S6i,50p_E1_to_E2,50% epiboly,itgb5,500.0,0.3528904914855957,0.26466453,0.27669251114130017,True,0.25000945862863394,1.2753886616952312,,,,
S6i,50p_E1_to_E2,50% epiboly,itm2cb,500.0,0.4129336476325989,0.3718527,0.3794694736599922,True,0.09948559998972267,1.0881867351538028,,,,
S6i,50p_E1_to_E2,50% epiboly,jcada,500.0,0.4176318049430847,0.35049784,0.3572540119290352,True,0.16074916305096024,1.1690052203697656,,,,
S6i,50p_E1_to_E2,50% epiboly,kank1a,500.0,0.4515912830829621,0.37991422,0.3884658679366112,True,0.15872108612423674,1.1624992576095554,,,,
S6i,50p_E1_to_E2,50% epiboly,kazald2,500.0,0.5219817161560059,0.39217916,0.3995450437068939,True,0.24867260830840204,1.3064402233930135,,,,
S6i,50p_E1_to_E2,50% epiboly,kdrl,500.0,0.4310920238494873,0.372944,0.3796814695000649,True,0.13488541482890345,1.1354044336615,,,,
S6i,50p_E1_to_E2,50% epiboly,kif15,500.0,0.3845930397510529,0.31715617,0.323250424861908,True,0.17534605919145904,1.1897680874366996,,,,
S6i,50p_E1_to_E2,50% epiboly,kirrel3l,500.0,0.6988304853439331,0.40022090000000005,0.4125956669449806,True,0.4272990243448935,1.6937416975760962,,,,
S6i,50p_E1_to_E2,50% epiboly,klf17,500.0,0.42721080780029297,0.2957145,0.3012928828597069,True,0.3078019278377902,1.417925321519188,,,,
S6i,50p_E1_to_E2,50% epiboly,klf2b,500.0,1.1786462068557741,1.4760319,1.5013436257839199,False,0.0,0.785060919175215,,,,
S6i,50p_E1_to_E2,50% epiboly,klf3,500.0,0.7028707265853882,0.5334469000000001,0.5450026214122772,True,0.24104548984609675,1.289664854756155,,,,
S6i,50p_E1_to_E2,50% epiboly,klf7a,500.0,0.3360678553581238,0.3449173,0.3514092475175857,False,0.0,0.9563432315232565,,,,
S6i,50p_E1_to_E2,50% epiboly,klf8,500.0,0.2442395240068436,0.21440461,0.2250730223953724,True,0.12215431285556505,1.085156814475093,,,,
S6i,50p_E1_to_E2,50% epiboly,kmt2bb,500.0,0.39210885763168335,0.3401574,0.34730069190263746,True,0.1324924621816996,1.1290183600947372,,,,
S6i,50p_E1_to_E2,50% epiboly,kmt5aa,500.0,0.08743040263652803,0.06614189,0.07221867106854915,True,0.2434909767689189,1.2106343324088598,,,,
S6i,50p_E1_to_E2,50% epiboly,krt18a.1,500.0,3.412205934524536,2.638689,2.695027434825897,True,0.2266911517738229,1.2661117621405475,,,,
S6i,50p_E1_to_E2,50% epiboly,krt4,500.0,4.006042957305908,3.2184095,3.276868569850921,True,0.1966113262965493,1.2225217069014642,,,,
S6i,50p_E1_to_E2,50% epiboly,krt8,500.0,2.9946777820587163,2.4557037,2.509581816196442,True,0.1799773083889617,1.193297529784262,,,,
S6i,50p_E1_to_E2,50% epiboly,krt99,500.0,0.7270349860191345,0.5784464,0.5885870486497878,True,0.2043761313167328,1.2352208355364678,,,,
S6i,50p_E1_to_E2,50% epiboly,lamb1a,500.0,0.8048667907714844,0.5519624,0.5674777805805207,True,0.31421897142532146,1.418323004555559,,,,
S6i,50p_E1_to_E2,50% epiboly,lamc1,500.0,0.2861306667327881,0.16696861,0.17660070061683653,True,0.4164602635238672,1.620212523129194,,,,
S6i,50p_E1_to_E2,50% epiboly,lamp2,500.0,0.10663127899169922,0.088366464,0.09078269265592097,True,0.17128946950657806,1.1745771784479515,,,,
S6i,50p_E1_to_E2,50% epiboly,lbx2,500.0,0.3749187290668488,0.27247626,0.2772855520248413,True,0.2732391455292589,1.3521033689965238,,,,
S6i,50p_E1_to_E2,50% epiboly,lef1,500.0,0.459563136100769,0.42910868,0.43677044063806536,True,0.06626827613846092,1.052184610820747,,,,
S6i,50p_E1_to_E2,50% epiboly,lft1,500.0,0.5753448605537415,0.45019048,0.4610045060515404,True,0.21752931956238086,1.2480243750359736,,,,
S6i,50p_E1_to_E2,50% epiboly,lft2,500.0,0.8343809247016907,0.5135948,0.5284800261259079,True,0.3844600337934059,1.578831523337276,,,,
S6i,50p_E1_to_E2,50% epiboly,lgals3b,500.0,0.4466466009616852,0.34797764,0.3536286920309067,True,0.22091058681429526,1.2630383535809047,,,,
S6i,50p_E1_to_E2,50% epiboly,lhfpl6,500.0,0.3516460359096527,0.27060783,0.2759254977107048,True,0.2304539182592705,1.2744238529138667,,,,
S6i,50p_E1_to_E2,50% epiboly,lhx1a,500.0,0.8409655690193176,0.44426617,0.4557711824774742,True,0.4717189542238141,1.845148621393765,,,,
S6i,50p_E1_to_E2,50% epiboly,lhx5,500.0,0.684002161026001,0.5947856,0.6050507068634033,True,0.13043319891540806,1.1304873348084887,,,,
S6i,50p_E1_to_E2,50% epiboly,lima1a,500.0,0.2626413404941559,0.26121098,0.27238650918006896,False,0.005446067478585931,0.964223012676921,,,,
S6i,50p_E1_to_E2,50% epiboly,lmnb1,500.0,0.0869324803352356,0.032957576,0.03437550384551286,True,0.6208830567335283,2.528907815458337,,,,
S6i,50p_E1_to_E2,50% epiboly,lmo2,500.0,0.4007705450057984,0.38048708,0.3870004907250405,True,0.05061115610872044,1.0355814904910323,,,,
S6i,50p_E1_to_E2,50% epiboly,lmo4a,500.0,0.4718799591064453,0.40512854,0.4124002560973167,True,0.14145847733032607,1.144228094259701,,,,
S6i,50p_E1_to_E2,50% epiboly,lratb.1,500.0,0.3871935606002808,0.35592222,0.3620605334639549,True,0.08076409745644647,1.069416643940365,,,,
S6i,50p_E1_to_E2,50% epiboly,lratd1,500.0,0.5768005847930908,0.52882874,0.538793969154358,True,0.08316885581932122,1.0705401652850433,,,,
S6i,50p_E1_to_E2,50% epiboly,mab21l2,500.0,0.3518817722797394,0.30404744,0.3096993729472161,True,0.13593866044198652,1.1362043420724415,,,,
S6i,50p_E1_to_E2,50% epiboly,mad1l1,500.0,0.10737884044647217,0.05805949,0.06296871230006218,True,0.4593023078315066,1.705272928796515,,,,
S6i,50p_E1_to_E2,50% epiboly,map1lc3b,500.0,0.3721159100532532,0.28134509999999996,0.2915117561817169,True,0.24393155033205624,1.2765039562290958,,,,
S6i,50p_E1_to_E2,50% epiboly,map2k6,500.0,0.450155109167099,0.29535413,0.3062229633331299,True,0.34388364839312585,1.4700240121358568,,,,
S6i,50p_E1_to_E2,50% epiboly,mcama,500.0,0.38734397292137146,0.37142159999999996,0.3784249037504196,True,0.04110653239986406,1.0235689276328235,,,,
S6i,50p_E1_to_E2,50% epiboly,mcm2,500.0,0.28385406732559204,0.17296654,0.1841370142996311,True,0.3906497747612961,1.5415372536870806,,,,
S6i,50p_E1_to_E2,50% epiboly,mcm3,500.0,0.3375849425792694,0.11134738,0.11792359799146652,True,0.6701648585107832,2.8627428973435713,,,,
S6i,50p_E1_to_E2,50% epiboly,mcm4,500.0,0.07219314575195312,0.033274084,0.03485314641147852,True,0.5390963507265522,2.0713523221013146,,,,
S6i,50p_E1_to_E2,50% epiboly,mcm5,500.0,0.429918497800827,0.25026298,0.2624791026115417,True,0.4178827452809648,1.637915146475827,,,,
S6i,50p_E1_to_E2,50% epiboly,mcm7,500.0,0.05166226997971535,0.031681474,0.033026172406971456,True,0.3867579897151605,1.5642826950424935,,,,
S6i,50p_E1_to_E2,50% epiboly,mef2d,500.0,0.44591256976127625,0.37239736,0.3791923299431801,True,0.16486462046752973,1.1759535585229106,,,,
S6i,50p_E1_to_E2,50% epiboly,meis1b,500.0,0.3962711691856384,0.34816712,0.3548058927059173,True,0.12139174261434492,1.1168674966570802,,,,
S6i,50p_E1_to_E2,50% epiboly,meis2a,500.0,0.384280264377594,0.34009036,0.34656326174736024,True,0.1149939360831052,1.1088315086834821,,,,
S6i,50p_E1_to_E2,50% epiboly,meis3,500.0,0.3133264482021332,0.20204353,0.2068335607647896,True,0.3551660433247149,1.514872378755046,,,,
S6i,50p_E1_to_E2,50% epiboly,meox1,500.0,0.33814433217048645,0.18180028,0.18726508244872087,True,0.4623589433716418,1.8056987867083076,,,,
S6i,50p_E1_to_E2,50% epiboly,mespaa,500.0,0.4341192841529846,0.33730283,0.34294117987155914,True,0.2230180825676447,1.2658709703966557,,,,
S6i,50p_E1_to_E2,50% epiboly,mespab,500.0,0.3877452313899994,0.30122304,0.3070544645190239,True,0.2231418590313984,1.262789752942922,,,,
S6i,50p_E1_to_E2,50% epiboly,mgst3b,500.0,0.4055154621601105,0.3671326,0.3745811820030212,True,0.09465202099443948,1.0825836471327055,,,,
S6i,50p_E1_to_E2,50% epiboly,mibp2,500.0,0.3968808352947235,0.27353340000000004,0.28403678685426714,True,0.3107921079879863,1.3972867377152598,,,,
S6i,50p_E1_to_E2,50% epiboly,mixl1,500.0,0.769550085067749,0.43057412,0.44086085110902784,True,0.4404859054064981,1.7455623086782865,,,,
S6i,50p_E1_to_E2,50% epiboly,mki67,500.0,0.06571894884109497,0.048103615999999995,0.05100514832884073,True,0.2680403979390176,1.2884767713524001,,,,
S6i,50p_E1_to_E2,50% epiboly,mns1,500.0,0.4789710938930512,0.4009158,0.40760754942893984,True,0.16296451573623366,1.175079054752769,,,,
S6i,50p_E1_to_E2,50% epiboly,msgn1,500.0,0.6188084483146667,0.36661148,0.3746766939759255,True,0.4075525605518768,1.6515797706767095,,,,
S6i,50p_E1_to_E2,50% epiboly,msx1b,500.0,0.5787144899368286,0.3995744,0.40693249702453616,True,0.3095483075979961,1.422138792473816,,,,
S6i,50p_E1_to_E2,50% epiboly,msx3,500.0,0.38021743297576893,0.23344953,0.2392538048326969,True,0.3860104420919299,1.5891802984769405,,,,
S6i,50p_E1_to_E2,50% epiboly,mycb,500.0,0.2444188892841339,0.16416559,0.1686952032148838,True,0.3283432932947396,1.4488787151392406,,,,
S6i,50p_E1_to_E2,50% epiboly,mych,500.0,0.6676152348518372,0.11115491400000001,0.11505330093204975,True,0.8335045276087039,5.802660414290324,,,,
S6i,50p_E1_to_E2,50% epiboly,mycla,500.0,0.3460079729557037,0.09976368,0.10593438521027564,True,0.7116723187851682,3.2662479918006917,,,,
S6i,50p_E1_to_E2,50% epiboly,myclb,500.0,0.4421065449714661,0.37923598,0.38688988536596297,True,0.14220681143869138,1.1427193154798378,,,,
S6i,50p_E1_to_E2,50% epiboly,mycn,500.0,1.0087246894836426,0.41064787,0.4212348535656929,True,0.5929039177971202,2.394684772508571,,,,
S6i,50p_E1_to_E2,50% epiboly,myf5,500.0,0.2712012529373169,0.1816556,0.1868192315101624,True,0.33018155816195244,1.4516773821680364,,,,
S6i,50p_E1_to_E2,50% epiboly,myod1,500.0,0.3554261028766632,0.33116728,0.3370869308710098,True,0.06825278730611571,1.0544048740135554,,,,
S6i,50p_E1_to_E2,50% epiboly,nanog,500.0,0.1597774475812912,0.058204717999999996,0.06144770551472902,True,0.6357138080797143,2.600218287125343,,,,
S6i,50p_E1_to_E2,50% epiboly,nanos3,500.0,0.6164320111274719,1.6601217000000001,1.689905822277069,False,0.0,0.3647729968152063,,,,
S6i,50p_E1_to_E2,50% epiboly,nap1l1,500.0,0.1851099282503128,0.09825761,0.10628446191549301,True,0.4691931997356091,1.741646190931409,,,,
S6i,50p_E1_to_E2,50% epiboly,nasp,500.0,0.3495348691940308,0.104504645,0.11087725423276423,True,0.7010179696471246,3.152448819306559,,,,
S6i,50p_E1_to_E2,50% epiboly,ncapd2,500.0,0.2272607982158661,0.116392985,0.12310386709868908,True,0.4878439840920205,1.846089839189838,,,,
S6i,50p_E1_to_E2,50% epiboly,nckap5l,500.0,0.24145257472991946,0.13174072,0.14136084616184236,True,0.4543826288564868,1.7080583576408652,,,,
S6i,50p_E1_to_E2,50% epiboly,ndr1,500.0,0.5255909562110901,0.23844115,0.2459445528686047,True,0.546337029693853,2.137030278088272,,,,
S6i,50p_E1_to_E2,50% epiboly,ndr2,500.0,0.5592219233512878,0.40390587,0.4134634554386139,True,0.2777359905531621,1.3525304739642567,,,,
S6i,50p_E1_to_E2,50% epiboly,ndufv3,500.0,0.4405420124530792,0.37950066,0.3888837337493897,True,0.13855966833482872,1.132837334710893,,,,
S6i,50p_E1_to_E2,50% epiboly,nid2a,500.0,0.4589648842811585,0.33795518,0.3443787381052971,True,0.2636578779668404,1.3327329288860614,,,,
S6i,50p_E1_to_E2,50% epiboly,nip7,500.0,0.41347581148147583,0.35291675,0.3614844411611557,True,0.1464633781910352,1.1438274083202977,,,,
S6i,50p_E1_to_E2,50% epiboly,nkx1.2la,500.0,0.4202500879764557,0.36552596,0.3732194125652313,True,0.1302180026129593,1.126013475794227,,,,
S6i,50p_E1_to_E2,50% epiboly,nkx2.2a,500.0,0.3253643810749054,0.19678575,0.20228402614593505,True,0.3951834944108116,1.608453160014601,,,,
S6i,50p_E1_to_E2,50% epiboly,nkx2.5,500.0,0.5199459195137024,0.38388753,0.391641141474247,True,0.2616779650233371,1.327608017779951,,,,
S6i,50p_E1_to_E2,50% epiboly,nog1,500.0,0.4871538281440735,0.45004815,0.4578144118189812,True,0.07616830119838469,1.0640858294707705,,,,
S6i,50p_E1_to_E2,50% epiboly,nop58,500.0,0.08817559480667114,0.037638477999999996,0.039019197598099714,True,0.5731417739385307,2.2598003094498647,,,,
S6i,50p_E1_to_E2,50% epiboly,notch1a,500.0,0.18962052464485168,0.14072494,0.1498616226017475,True,0.2578601796841516,1.265304094222723,,,,
S6i,50p_E1_to_E2,50% epiboly,noto,500.0,0.8294139504432678,0.30420297,0.31417611688375474,True,0.6332314236093519,2.639964993743147,,,,
S6i,50p_E1_to_E2,50% epiboly,nr2f2,500.0,0.4578288197517395,0.36846906,0.3748576238751412,True,0.19518159720237727,1.2213405586336283,,,,
S6i,50p_E1_to_E2,50% epiboly,nr6a1a,500.0,0.3936875760555267,0.3428983,0.3486108064651489,True,0.129009066868696,1.1293039938935001,,,,
S6i,50p_E1_to_E2,50% epiboly,nrarpa,500.0,0.4082638621330261,0.6818966999999999,0.6977213948965073,False,0.0,0.5851388034239422,,,,
S6i,50p_E1_to_E2,50% epiboly,nsd2,500.0,0.3519903719425201,0.13793762,0.14641154557466507,True,0.6081210417178732,2.404116222945113,,,,
S6i,50p_E1_to_E2,50% epiboly,ntd5,500.0,0.4351038038730621,0.29180706,0.29743933230638503,True,0.3293392223285185,1.4628321025978912,,,,
S6i,50p_E1_to_E2,50% epiboly,oclna,500.0,0.527349591255188,0.33248812,0.3470230340957641,True,0.36951099400528375,1.5196385814252926,,,,
S6i,50p_E1_to_E2,50% epiboly,olig4,500.0,0.2957853674888611,0.26162684,0.2672453135251999,True,0.1154841706373156,1.1067934684698222,,,,
S6i,50p_E1_to_E2,50% epiboly,osr1,500.0,0.5163673162460327,0.46324807,0.4736352890729904,True,0.10287103873554433,1.0902213753047802,,,,
S6i,50p_E1_to_E2,50% epiboly,otx1,500.0,0.4739328920841217,0.38187408,0.3911476626992226,True,0.19424439440494728,1.2116470000449875,,,,
S6i,50p_E1_to_E2,50% epiboly,otx2a,500.0,0.4952958822250366,0.36400026,0.3715209156274796,True,0.265085227047087,1.333157465410817,,,,
S6i,50p_E1_to_E2,50% epiboly,otx2b,500.0,0.3638215959072113,0.31047875,0.316548390686512,True,0.1466181491595515,1.1493395847572494,,,,
S6i,50p_E1_to_E2,50% epiboly,pax2a,500.0,0.3945682942867279,0.27082714,0.27664864510297776,True,0.31361148803411604,1.4262433641771735,,,,
S6i,50p_E1_to_E2,50% epiboly,pax3a,500.0,0.4310766458511353,0.37413457,0.3806107819080353,True,0.13209269404637494,1.1325917875739362,,,,
S6i,50p_E1_to_E2,50% epiboly,pax6a,500.0,0.4570164084434509,0.37645182,0.38300989717245104,True,0.17628379817418094,1.1932234958348302,,,,
S6i,50p_E1_to_E2,50% epiboly,pax6b,500.0,0.3978358507156372,0.3335774,0.3394322276115417,True,0.16152002418729694,1.1720626927945532,,,,
S6i,50p_E1_to_E2,50% epiboly,pbx1b,500.0,0.2950109541416168,0.2550092,0.2607203841209412,True,0.13559411754306655,1.131522397591932,,,,
S6i,50p_E1_to_E2,50% epiboly,pbx4,500.0,0.047989066690206535,0.029565394,0.03134315479546785,True,0.38391396282881335,1.531086037872156,,,,
S6i,50p_E1_to_E2,50% epiboly,pcdh10b,500.0,0.2894575297832489,0.17170672,0.17626851573586466,True,0.4067982224707887,1.642139712669936,,,,
S6i,50p_E1_to_E2,50% epiboly,pcdh7b,500.0,0.43596696853637695,0.16500852,0.1703041210770607,True,0.6215114285526786,2.5599319956509263,,,,
S6i,50p_E1_to_E2,50% epiboly,PCDH8,500.0,0.21693898737430573,0.096722506,0.10053354315459727,True,0.5541488085781194,2.1578766704830437,,,,
S6i,50p_E1_to_E2,50% epiboly,pcdh8,500.0,0.4696747958660126,0.42811662,0.4366435363888741,True,0.08848287505494246,1.0756481127610713,,,,
S6i,50p_E1_to_E2,50% epiboly,pdap1a,500.0,0.4755668342113495,0.36714837,0.3750091776251793,True,0.2279773458980565,1.2681471883514202,,,,
S6i,50p_E1_to_E2,50% epiboly,pfn2,500.0,0.3748592436313629,0.11613746,0.1240703459829092,True,0.6901838174001043,3.0213443886341715,,,,
S6i,50p_E1_to_E2,50% epiboly,pitx2,500.0,0.4717249572277069,0.38315958,0.3916290894150734,True,0.1877479196811465,1.204519710045703,,,,
S6i,50p_E1_to_E2,50% epiboly,pknox1.1,500.0,0.6466286778450012,0.41941667,0.4284549236297607,True,0.35137942315107284,1.5092105194332421,,,,
S6i,50p_E1_to_E2,50% epiboly,plagl2,500.0,0.4287105202674866,0.35265820000000003,0.3585709199309349,True,0.17739781154688958,1.195608724628482,,,,
S6i,50p_E1_to_E2,50% epiboly,plekhg5b,500.0,0.5196590423583984,0.42146432,0.4313121184706688,True,0.18895989554084955,1.2048329274887686,,,,
S6i,50p_E1_to_E2,50% epiboly,pmp22b,500.0,0.328090101480484,0.22715282,0.2322367332875729,True,0.3076510892073733,1.4127399091263408,,,,
S6i,50p_E1_to_E2,50% epiboly,pold3,500.0,0.3917534053325653,0.26327875,0.2734265446662903,True,0.32794776259345426,1.4327555717411773,,,,
S6i,50p_E1_to_E2,50% epiboly,ppan,500.0,0.4523248374462128,0.37861353,0.3871826633810997,True,0.1629609956262239,1.16824661904088,,,,
S6i,50p_E1_to_E2,50% epiboly,prdm1a,500.0,0.4451523423194885,0.35945624,0.3653155297040939,True,0.19250960411021506,1.2185420715075062,,,,
S6i,50p_E1_to_E2,50% epiboly,prickle1b,500.0,0.7915953993797302,0.352455,0.3662176966667175,True,0.5547536147573404,2.1615432749011436,,,,
S6i,50p_E1_to_E2,50% epiboly,prmt1,500.0,0.11511842906475067,0.05586774,0.06089824065566062,True,0.5146933512239454,1.8903408017264316,,,,
S6i,50p_E1_to_E2,50% epiboly,prox1a,500.0,0.3853839933872223,0.33327752,0.338891351222992,True,0.13520662706211212,1.1371904062952551,,,,
S6i,50p_E1_to_E2,50% epiboly,ptp4a2b,500.0,0.13689064979553225,0.06591226,0.07104418016970157,True,0.5185042827708605,1.9268383345200797,,,,
S6i,50p_E1_to_E2,50% epiboly,pttg1,500.0,0.3107317388057709,0.26913404,0.27913395017385484,True,0.13387011677154598,1.1131993747526439,,,,
S6i,50p_E1_to_E2,50% epiboly,rab11fip4a,500.0,0.4828952550888062,0.44885314,0.4571614429354668,True,0.07049586762578136,1.056290425518173,,,,
S6i,50p_E1_to_E2,50% epiboly,rac1a,500.0,0.07581262290477753,0.047343224,0.051576593145728114,True,0.3755231982080701,1.4699036574705746,,,,
S6i,50p_E1_to_E2,50% epiboly,raraa,500.0,0.4727443158626557,0.41657669999999997,0.42465713173151015,True,0.11881179879776838,1.1132376699646451,,,,
S6i,50p_E1_to_E2,50% epiboly,rasgef1ba,500.0,0.9095213413238524,0.36264759999999996,0.3757090032100677,True,0.6012764334990297,2.4208132718483664,,,,
S6i,50p_E1_to_E2,50% epiboly,rasl11b,500.0,0.5452299118041992,0.58283436,0.593678092956543,False,0.0,0.9183931801979257,,,,
S6i,50p_E1_to_E2,50% epiboly,rbbp4,500.0,0.2736290097236633,0.1524171,0.16132224276661872,True,0.4429790406020128,1.6961641806549654,,,,
S6i,50p_E1_to_E2,50% epiboly,rbm4.3,500.0,0.22711004316806796,0.11139872,0.11915433071553705,True,0.5094945265422823,1.906015851914429,,,,
S6i,50p_E1_to_E2,50% epiboly,rbm7,500.0,0.1215161755681038,0.066638805,0.07221757546067238,True,0.4516054783601707,1.682639922386733,,,,
S6i,50p_E1_to_E2,50% epiboly,rbmx,500.0,0.10432730615139008,0.06912813,0.07628069929778576,True,0.3373917538304029,1.3676763206393212,,,,
S6i,50p_E1_to_E2,50% epiboly,rcc1,500.0,0.037299763411283486,0.019444293999999997,0.020016083586961032,True,0.4787019408286317,1.8634895907200082,,,,
S6i,50p_E1_to_E2,50% epiboly,rdh10b,500.0,0.4486374855041504,0.42245516,0.4303743541240692,True,0.05835964345424032,1.0424354546340284,,,,
S6i,50p_E1_to_E2,50% epiboly,rfx2,500.0,0.4334900677204132,0.75619745,0.7766957104206085,False,0.0,0.5581208469474652,,,,
S6i,50p_E1_to_E2,50% epiboly,rhov,500.0,0.44140586256980896,0.46369505,0.476881194114685,False,0.0,0.9256097074435177,,,,
S6i,50p_E1_to_E2,50% epiboly,ripply1,500.0,0.4224182367324829,0.3439239,0.3499153882265091,True,0.18582138117076868,1.2072010861638383,,,,
S6i,50p_E1_to_E2,50% epiboly,rnd1b,500.0,0.5972459316253662,0.47397423,0.4829516962170601,True,0.20640024015670866,1.2366576953835506,,,,
S6i,50p_E1_to_E2,50% epiboly,rpl10,500.0,0.5661743879318237,0.29729557,0.3082999482750893,True,0.4749045935130958,1.8364401002968667,,,,
S6i,50p_E1_to_E2,50% epiboly,rpl19,500.0,0.28122052550315857,0.21048257,0.2215007834136486,True,0.25153910024114595,1.2696141348538008,,,,
S6i,50p_E1_to_E2,50% epiboly,rpl31,500.0,0.2642309367656708,0.21851626,0.22880159467458724,True,0.1730103103736821,1.1548474438802443,,,,
S6i,50p_E1_to_E2,50% epiboly,rpl34,500.0,0.4179859757423401,0.37405542,0.3801674470305443,True,0.10510056054487887,1.0994786087214807,,,,
S6i,50p_E1_to_E2,50% epiboly,rpl38,500.0,0.4071406126022339,0.35005558,0.3558187738060951,True,0.14020963633813646,1.1442358935903332,,,,
S6i,50p_E1_to_E2,50% epiboly,rpl4,500.0,0.2825753688812256,0.24892184,0.25916604697704315,True,0.11909575711247065,1.0903255738058004,,,,
S6i,50p_E1_to_E2,50% epiboly,rpl5a,500.0,0.267691045999527,0.24869135,0.2585022911429405,True,0.07097620955886078,1.0355461253978036,,,,
S6i,50p_E1_to_E2,50% epiboly,rpl6,500.0,0.10365285724401474,0.0921725,0.0998184222728014,True,0.11075771645747992,1.0384141011639507,,,,
S6i,50p_E1_to_E2,50% epiboly,rplp0,500.0,0.12636183202266693,0.04444265,0.04678816720843315,True,0.6482905540436974,2.700721989381352,,,,
S6i,50p_E1_to_E2,50% epiboly,rplp2l,500.0,0.409523069858551,0.121876225,0.13148572146892548,True,0.7023947273164706,3.114582064755489,,,,
S6i,50p_E1_to_E2,50% epiboly,rps3,500.0,0.13033373653888702,0.13824317,0.14759862944483754,False,0.0,0.8830280946991925,,,,
S6i,50p_E1_to_E2,50% epiboly,rps6,500.0,0.07984697073698044,0.036147542000000005,0.03825712502002716,True,0.5472897473228913,2.0871137257486407,,,,
S6i,50p_E1_to_E2,50% epiboly,rrbp1b,500.0,0.438774973154068,0.22465199,0.2355436980724335,True,0.4880018094328916,1.8628177138457662,,,,
S6i,50p_E1_to_E2,50% epiboly,rreb1a,500.0,0.3798293769359589,0.23058578,0.2412773907184601,True,0.3929227234077409,1.5742435534673502,,,,
S6i,50p_E1_to_E2,50% epiboly,rreb1b,500.0,0.41681358218193054,0.37860394,0.3876189529895782,True,0.09167082977529653,1.0753178578270843,,,,
S6i,50p_E1_to_E2,50% epiboly,rrm2,500.0,0.07534309476613997,0.031824462000000005,0.032872490026056765,True,0.5776061201820066,2.291980154421475,,,,
S6i,50p_E1_to_E2,50% epiboly,rrp8,500.0,0.3738915622234345,0.3094301,0.3151032209396362,True,0.1724068584670197,1.1865685190665196,,,,
S6i,50p_E1_to_E2,50% epiboly,rx3,500.0,0.42726123332977295,0.34921885,0.355275160074234,True,0.18265731097140253,1.2026206201427019,,,,
S6i,50p_E1_to_E2,50% epiboly,rxraa,500.0,0.4083793461322784,0.3135692,0.3190649822354317,True,0.2321619810409987,1.279925309481137,,,,
S6i,50p_E1_to_E2,50% epiboly,rxrgb,500.0,0.4928132295608521,0.37596208,0.3832129716873169,True,0.23711041826872026,1.286003517550454,,,,
S6i,50p_E1_to_E2,50% epiboly,sall1a,500.0,0.3266534209251404,0.24002814,0.2453228235244751,True,0.2651901754181086,1.3315247893865496,,,,
S6i,50p_E1_to_E2,50% epiboly,sall3a,500.0,0.4697808027267456,0.43547916,0.4447594776749611,True,0.07301626291264708,1.0562581042287997,,,,
S6i,50p_E1_to_E2,50% epiboly,sall3b,500.0,0.8057000637054443,0.51129794,0.5211282998323441,True,0.3653991550448592,1.546068528545949,,,,
S6i,50p_E1_to_E2,50% epiboly,sdc4,500.0,0.3579670786857605,0.4062633,0.4195990338921547,False,0.0,0.853117023090585,,,,
S6i,50p_E1_to_E2,50% epiboly,sebox,500.0,0.3644328713417053,0.22638068,0.23220591843128205,True,0.3788137848332292,1.569438340778355,,,,
S6i,50p_E1_to_E2,50% epiboly,sept9a,500.0,0.22970718145370486,0.13527372,0.14356421157717705,True,0.4111036322926157,1.600030947338287,,,,
S6i,50p_E1_to_E2,50% epiboly,shha,500.0,0.42920351028442383,0.38239264,0.3886338293552399,True,0.1090644980307853,1.104390502999934,,,,
S6i,50p_E1_to_E2,50% epiboly,si:ch211-106e7.2,500.0,0.4773760437965393,0.40561384,0.4123838350176811,True,0.15032636241967046,1.1576012521831067,,,,
S6i,50p_E1_to_E2,50% epiboly,si:ch211-113a14.12,500.0,0.6468896269798279,0.30639225,0.3162765353918076,True,0.5263608509604758,2.0453291806123155,,,,
S6i,50p_E1_to_E2,50% epiboly,si:ch211-113a14.18,500.0,0.4155765175819397,0.37315953,0.38019563555717467,True,0.10206782146912524,1.0930596743250736,,,,
S6i,50p_E1_to_E2,50% epiboly,si:ch211-114n24.6,500.0,0.4604620039463043,0.37519914,0.38220749199390414,True,0.1851680792277759,1.2047435322216244,,,,
S6i,50p_E1_to_E2,50% epiboly,si:ch211-155e24.3,500.0,0.2954724133014679,0.25249160000000004,0.2634961172938347,True,0.14546474731877615,1.1213539551779246,,,,
S6i,50p_E1_to_E2,50% epiboly,si:ch211-161h7.4,500.0,0.16314531862735748,0.11870329,0.12834453508257865,True,0.27240761905492605,1.2711512689058988,,,,
S6i,50p_E1_to_E2,50% epiboly,si:ch211-163l21.7,500.0,0.19913825392723086,0.08907144,0.0928570806980133,True,0.5527155834708053,2.1445672471102304,,,,
S6i,50p_E1_to_E2,50% epiboly,si:dkey-108k21.14,500.0,0.3387373387813568,0.12884557,0.13488685861229896,True,0.6196298496789455,2.5112701286563346,,,,
S6i,50p_E1_to_E2,50% epiboly,si:dkey-108k21.21,500.0,0.4067314863204956,0.20364751,0.20851161256432527,True,0.4993072430670085,1.950641891443912,,,,
S6i,50p_E1_to_E2,50% epiboly,si:dkey-261h17.1,500.0,0.4125584363937378,0.37598377,0.3826670736074448,True,0.08865328764435645,1.0781132343175068,,,,
S6i,50p_E1_to_E2,50% epiboly,si:dkey-261m9.12,500.0,0.3253707587718964,0.1580185,0.1677006170153618,True,0.5143432673260344,1.9401882030171163,,,,
S6i,50p_E1_to_E2,50% epiboly,si:dkey-66i24.9,500.0,0.31772521138191223,0.25685024,0.2673710435628891,True,0.1915962806426248,1.1883306701728873,,,,
S6i,50p_E1_to_E2,50% epiboly,si:dkey-68o6.5,500.0,0.36648470163345337,0.28997629999999996,0.3003484532237053,True,0.20876288282538785,1.2201983985597173,,,,
S6i,50p_E1_to_E2,50% epiboly,si:dkey-92i17.2,500.0,0.4408327341079712,0.37082642,0.3789407402276993,True,0.158804701927245,1.1633289517592698,,,,
S6i,50p_E1_to_E2,50% epiboly,six3b,500.0,0.3319238126277924,0.25030953,0.255956244468689,True,0.24588258691458556,1.2967990420268747,,,,
S6i,50p_E1_to_E2,50% epiboly,six4a,500.0,0.35003072023391724,0.24257961,0.2476213566958904,True,0.3069762305618641,1.4135724192150283,,,,
S6i,50p_E1_to_E2,50% epiboly,six4b,500.0,0.290718674659729,0.16734976,0.1724264033138752,True,0.4243584249966683,1.6860449970096592,,,,
S6i,50p_E1_to_E2,50% epiboly,six7,500.0,0.4817215800285339,0.36630315,0.3726296439766884,True,0.2395957310781672,1.2927623655692573,,,,
S6i,50p_E1_to_E2,50% epiboly,skia,500.0,0.44961753487586975,0.34039205,0.351848877966404,True,0.2429297642467077,1.2778711629678725,,,,
S6i,50p_E1_to_E2,50% epiboly,skila,500.0,0.3600537180900574,0.32529837,0.33539981544017794,True,0.09652823290814523,1.0735060113778647,,,,
S6i,50p_E1_to_E2,50% epiboly,skilb,500.0,0.4714938402175903,0.4056244,0.414314678311348,True,0.13970373512993225,1.138009018022947,,,,
S6i,50p_E1_to_E2,50% epiboly,smtnl,500.0,0.5728188157081604,0.32735032,0.3361776039004326,True,0.4285272943990852,1.703917242142683,,,,
S6i,50p_E1_to_E2,50% epiboly,snai1a,500.0,0.3799508810043335,0.23497686,0.2447102978825569,True,0.3815599077451817,1.5526558722374741,,,,
S6i,50p_E1_to_E2,50% epiboly,snai2,500.0,0.894497275352478,0.22985743,0.2396293319761753,True,0.7430317160312795,3.732837161359744,,,,
S6i,50p_E1_to_E2,50% epiboly,snrpc,500.0,0.3791295289993286,0.37810293,0.38738197088241577,False,0.002707783279235837,0.9786968870433258,,,,
S6i,50p_E1_to_E2,50% epiboly,snrpd3,500.0,0.44707125425338745,0.24067092,0.24622022807598115,True,0.4616721224444249,1.8157373086155442,,,,
S6i,50p_E1_to_E2,50% epiboly,snrpg,500.0,0.4237028062343597,0.36278614,0.3688797295093536,True,0.14377214717452713,1.1486204644476565,,,,
S6i,50p_E1_to_E2,50% epiboly,sox11a,500.0,0.8570367097854614,0.2034332,0.21157839074730872,True,0.7626318704972428,4.050681672917313,,,,
S6i,50p_E1_to_E2,50% epiboly,sox11b,500.0,0.8146607875823975,0.13893977,0.14434311985969545,True,0.8294507724027528,5.643918382630671,,,,
S6i,50p_E1_to_E2,50% epiboly,sox13,500.0,0.4564177691936493,0.4109992,0.4194083392620087,True,0.09951093837813116,1.0882419982319913,,,,
S6i,50p_E1_to_E2,50% epiboly,sox17,500.0,0.3263143002986908,0.22798797,0.2348065257072449,True,0.30132398526991383,1.3897156363768917,,,,
S6i,50p_E1_to_E2,50% epiboly,sox19a,500.0,0.5611376166343689,0.11720647,0.12271266132593155,True,0.7911270502926019,4.572776847728505,,,,
S6i,50p_E1_to_E2,50% epiboly,sox2,500.0,0.614272952079773,0.45757776,0.4661654502153396,True,0.2550904879684139,1.317714454805728,,,,
S6i,50p_E1_to_E2,50% epiboly,sox3,500.0,0.6941532492637634,0.3101596,0.3207347095012665,True,0.5531828250468682,2.1642598343757444,,,,
S6i,50p_E1_to_E2,50% epiboly,sox32,500.0,1.158366084098816,0.5777642,0.5924317389726639,True,0.5012248536828815,1.9552735073032026,,,,
S6i,50p_E1_to_E2,50% epiboly,sox5,500.0,0.427496999502182,0.32604584,0.3322517856955528,True,0.2373143171570769,1.2866657694773198,,,,
S6i,50p_E1_to_E2,50% epiboly,sp5a,500.0,0.3181594908237457,0.25479802,0.26004748195409777,True,0.19915001047710298,1.2234669162453402,,,,
S6i,50p_E1_to_E2,50% epiboly,sp5l,500.0,0.7210995554924011,0.40500283,0.4181856974959373,True,0.43835378994768,1.7243525061002514,,,,
S6i,50p_E1_to_E2,50% epiboly,sp8b,500.0,0.5755227208137512,0.44110817,0.44873536080122,True,0.2335521236280987,1.2825437241811108,,,,
S6i,50p_E1_to_E2,50% epiboly,spon1b,500.0,0.26451271772384644,0.13362205,0.13762630000710488,True,0.4948369536437869,1.9219634452876457,,,,
S6i,50p_E1_to_E2,50% epiboly,srp19,500.0,0.4624343514442444,0.36382404,0.3710791289806366,True,0.2132417529939636,1.2461879834486052,,,,
S6i,50p_E1_to_E2,50% epiboly,srrm4,500.0,0.4173649549484253,0.37377524,0.3808071449398994,True,0.10444027624374093,1.0960008510719923,,,,
S6i,50p_E1_to_E2,50% epiboly,stmn1a,500.0,0.41223588585853577,0.36107367,0.36852958649396894,True,0.12410907163147585,1.1185964464356029,,,,
S6i,50p_E1_to_E2,50% epiboly,stox1,500.0,0.3800521492958069,0.2908987,0.303193299472332,True,0.2345821197741545,1.2534978508998635,,,,
S6i,50p_E1_to_E2,50% epiboly,supt16h,500.0,0.05577204003930092,0.020961147,0.021663116943091157,True,0.6241638859374801,2.5745159473502195,,,,
S6i,50p_E1_to_E2,50% epiboly,syne2b,500.0,0.5380122065544128,0.41622248,0.4248824417591095,True,0.22636981494285566,1.266261331786083,,,,
S6i,50p_E1_to_E2,50% epiboly,szl,500.0,0.924701988697052,0.3180309,0.3240437090396881,True,0.6560720127240528,2.8536335157915276,,,,
S6i,50p_E1_to_E2,50% epiboly,tagln2,500.0,0.6572275161743164,0.8715584000000001,0.8894611150026321,False,0.0,0.7389052821858002,,,,
S6i,50p_E1_to_E2,50% epiboly,tbr1b,500.0,0.302803635597229,0.20061612,0.20595842152833935,True,0.3374712265378424,1.470217305756366,,,,
S6i,50p_E1_to_E2,50% epiboly,tbx1,500.0,0.2781716585159302,0.16415595,0.16870917305350305,True,0.4098753767453062,1.648823555241499,,,,
S6i,50p_E1_to_E2,50% epiboly,tbx16,500.0,0.8514963984489441,0.14482343,0.14852480143308638,True,0.8299189142402784,5.7330249913349425,,,,
S6i,50p_E1_to_E2,50% epiboly,tbx16l,500.0,0.5050768852233887,0.44785857,0.456615749001503,True,0.11328634291362633,1.1061311098617541,,,,
S6i,50p_E1_to_E2,50% epiboly,tbx3b,500.0,0.4451224803924561,0.3515301,0.3602253124117851,True,0.2102620731138379,1.2356779633620592,,,,
S6i,50p_E1_to_E2,50% epiboly,tbx6,500.0,0.4171676337718964,0.36094183,0.3669188991189003,True,0.1347798868438328,1.136947796294115,,,,
S6i,50p_E1_to_E2,50% epiboly,tbxta,500.0,1.116893291473389,0.3589198,0.3677031844854355,True,0.6786445025071565,3.037486044719388,,,,
S6i,50p_E1_to_E2,50% epiboly,tbxtb,500.0,0.4568044543266296,0.39238486,0.4009733647108078,True,0.14102226188287514,1.1392388984642123,,,,
S6i,50p_E1_to_E2,50% epiboly,tcf3b,500.0,0.2832503914833069,0.13460869,0.14212001487612724,True,0.5247714036143196,1.9930366017072951,,,,
S6i,50p_E1_to_E2,50% epiboly,tcf7,500.0,0.43569573760032654,0.2795382,0.28570647835731505,True,0.3584095732808793,1.5249767527337248,,,,
S6i,50p_E1_to_E2,50% epiboly,tcf7l1a,500.0,0.3682919442653656,0.19724718,0.2076721005141735,True,0.4644271197517169,1.7734300532113598,,,,
S6i,50p_E1_to_E2,50% epiboly,tcf7l1b,500.0,0.3965467512607575,0.24079256,0.25141391158103943,True,0.39277637042391933,1.577266543315113,,,,
S6i,50p_E1_to_E2,50% epiboly,tcf7l2,500.0,0.3842307031154633,0.27808025,0.2836515635251999,True,0.2762674806089023,1.3545869387789498,,,,
S6i,50p_E1_to_E2,50% epiboly,tdgf1,500.0,0.3743393123149872,0.2661131,0.2775227397680283,True,0.2891125946928458,1.348859962350777,,,,
S6i,50p_E1_to_E2,50% epiboly,tead1a,500.0,0.4437907338142395,0.38741195,0.3942248255014419,True,0.12703911438380902,1.1257300532754406,,,,
S6i,50p_E1_to_E2,50% epiboly,tead1b,500.0,0.4282114803791046,0.3311415,0.3371680945158005,True,0.2266870066819581,1.2700237280578088,,,,
S6i,50p_E1_to_E2,50% epiboly,tfap2a,500.0,1.1322963237762451,1.3552992,1.3781984090805053,False,0.0,0.8215771519658631,,,,
S6i,50p_E1_to_E2,50% epiboly,tgif1,500.0,0.3339980244636536,0.143975,0.15294669046998025,True,0.5689345624573819,2.183754505817237,,,,
S6i,50p_E1_to_E2,50% epiboly,tlcd5a,500.0,0.4570030272006989,0.32811576,0.3401661738753319,True,0.28202716010464524,1.343469934103991,,,,
S6i,50p_E1_to_E2,50% epiboly,tmed10,500.0,0.4735627472400665,0.3599706,0.367660428583622,True,0.2398671527462112,1.288043831816286,,,,
S6i,50p_E1_to_E2,50% epiboly,tmed2,500.0,0.4777640402317047,0.38051832,0.3871674448251724,True,0.20354341227093511,1.2339984846800374,,,,
S6i,50p_E1_to_E2,50% epiboly,tp63,500.0,0.5121084451675415,0.44669732,0.454845766723156,True,0.1277290411247808,1.1258947156020003,,,,
S6i,50p_E1_to_E2,50% epiboly,tph1b,500.0,0.9626384973526,0.37654552,0.386266441643238,True,0.6088401620418672,2.4921618695566328,,,,
S6i,50p_E1_to_E2,50% epiboly,tpx2,500.0,0.419077217578888,0.28469867,0.2901496708393097,True,0.320653442373142,1.4443484163419258,,,,
S6i,50p_E1_to_E2,50% epiboly,tram1,500.0,0.14887277781963348,0.10629147,0.1137738101184368,True,0.28602478929618724,1.3084977787476677,,,,
S6i,50p_E1_to_E2,50% epiboly,trps1,500.0,0.4519678354263306,0.3408005,0.3506699800491333,True,0.245962948593138,1.288869481679054,,,,
S6i,50p_E1_to_E2,50% epiboly,tshz3b,500.0,0.5204098224639893,0.3782236,0.3839221581816673,True,0.2732197170825704,1.3555086919930723,,,,
S6i,50p_E1_to_E2,50% epiboly,tuba1a,500.0,0.5390384197235107,0.47732440000000004,0.4865965977311134,True,0.1144890996514206,1.1077726852939813,,,,
S6i,50p_E1_to_E2,50% epiboly,tuba8l,500.0,0.5029026865959167,0.35378718,0.36592975854873655,True,0.29650965645791955,1.3743148100072802,,,,
S6i,50p_E1_to_E2,50% epiboly,tuba8l2,500.0,0.4427548050880432,0.40136433,0.409078112244606,True,0.09348397382782056,1.0823233799008547,,,,
S6i,50p_E1_to_E2,50% epiboly,tuba8l4,500.0,0.21490700542926788,0.06186107,0.063549567386508,True,0.712149580177456,3.381722555595148,,,,
S6i,50p_E1_to_E2,50% epiboly,tubb2b,500.0,0.19230136275291446,0.102331385,0.10930387564003467,True,0.4678592832026592,1.7593279435599476,,,,
S6i,50p_E1_to_E2,50% epiboly,twist1a,500.0,0.26632583141326904,0.15765512,0.16263255327939988,True,0.4080366930262392,1.6375923887496615,,,,
S6i,50p_E1_to_E2,50% epiboly,twist2,500.0,0.3333331942558289,0.28588706,0.2916784182190895,True,0.14233845450694452,1.1428106209951094,,,,
S6i,50p_E1_to_E2,50% epiboly,ube2c,500.0,0.4002532958984375,0.3594656,0.3660587355494499,True,0.10190471198200604,1.093412769668403,,,,
S6i,50p_E1_to_E2,50% epiboly,uhrf1,500.0,0.07918960601091385,0.027310293,0.02797507420182228,True,0.6551278059892655,2.83072014178091,,,,
S6i,50p_E1_to_E2,50% epiboly,unc5b,500.0,0.4083935618400574,0.3516612,0.3575477465987205,True,0.13891589351383532,1.1422070638817412,,,,
S6i,50p_E1_to_E2,50% epiboly,uncx4.1,500.0,0.766464114189148,0.9269644,0.942664819955826,False,0.0,0.8130823363335709,,,,
S6i,50p_E1_to_E2,50% epiboly,unga,500.0,0.4935735166072846,0.22947063,0.2393793739378452,True,0.5350831886259154,2.061888242449163,,,,
S6i,50p_E1_to_E2,50% epiboly,usf1,500.0,0.4243463575839996,0.37525195,0.3820248886942864,True,0.11569419148558566,1.1107819677256179,,,,
S6i,50p_E1_to_E2,50% epiboly,ved,500.0,1.2038567066192627,0.5566464,0.5718763589859008,True,0.5376140668653593,2.105099621103489,,,,
S6i,50p_E1_to_E2,50% epiboly,vent,500.0,1.7097623348236084,0.45125088,0.4625996083021164,True,0.7360739140371787,3.6959874244143114,,,,
S6i,50p_E1_to_E2,50% epiboly,vgll4l,500.0,0.8114300370216371,0.24334833,0.2539734855294228,True,0.7000994304419197,3.1949399573351647,,,,
S6i,50p_E1_to_E2,50% epiboly,vox,500.0,0.5664308071136475,0.37134078,0.3777463719248771,True,0.34441987125928586,1.4995003240594837,,,,
S6i,50p_E1_to_E2,50% epiboly,vrtn,500.0,0.3750320374965668,0.11572234,0.11963730566203595,True,0.6914334463314369,3.1347415876783176,,,,
S6i,50p_E1_to_E2,50% epiboly,vsx2,500.0,0.40569740533828735,0.23340012,0.23914070725440975,True,0.4246940743025059,1.6964799092388998,,,,
S6i,50p_E1_to_E2,50% epiboly,wnt11f2,500.0,0.921123743057251,0.35269383,0.3597600758075714,True,0.6171048367621568,2.560383447189237,,,,
S6i,50p_E1_to_E2,50% epiboly,wnt8a,500.0,0.4896436631679535,0.45010159999999994,0.4606020554900169,True,0.08075678732102169,1.0630514070264847,,,,
S6i,50p_E1_to_E2,50% epiboly,xbp1,500.0,0.3374749720096588,0.21004185,0.2204856745898724,True,0.3776076206348392,1.5305981789401937,,,,
S6i,50p_E1_to_E2,50% epiboly,ypel3,500.0,0.5667776465415955,0.30504525,0.3159033089876175,True,0.4617902647726337,1.7941491285987496,,,,
S6i,50p_E1_to_E2,50% epiboly,zbtb18,500.0,0.431233286857605,0.37339646,0.3810767322778701,True,0.13411958765394488,1.1316179927331858,,,,
S6i,50p_E1_to_E2,50% epiboly,zc4h2,500.0,0.485342264175415,0.38132513,0.3890190228819847,True,0.2143170833429534,1.247605478466927,,,,
S6i,50p_E1_to_E2,50% epiboly,zeb1a,500.0,0.7287483811378479,0.36816117,0.3787908479571343,True,0.4948034449148394,1.9238806456599404,,,,
S6i,50p_E1_to_E2,50% epiboly,zeb1b,500.0,0.4598657190799713,0.3630796,0.36976251751184464,True,0.21046602862000946,1.243678570165621,,,,
S6i,50p_E1_to_E2,50% epiboly,zeb2a,500.0,0.4099479019641876,0.3535284,0.3593947529792786,True,0.1376260044204642,1.1406619005031042,,,,
S6i,50p_E1_to_E2,50% epiboly,zeb2b,500.0,0.7685622572898865,0.57385445,0.5846371084451676,True,0.253340323483142,1.3145971170626933,,,,
S6i,50p_E1_to_E2,50% epiboly,zfand5a,500.0,0.24128605425357816,0.20533735,0.2169163815677166,True,0.14898792540935632,1.112345930306116,,,,
S6i,50p_E1_to_E2,50% epiboly,zgc:113372,500.0,0.2833516001701355,0.21256329,0.21814694330096246,True,0.24982498399718456,1.2989024548430854,,,,
S6i,50p_E1_to_E2,50% epiboly,zgc:113424,500.0,0.4686875939369202,0.39464957,0.403335677087307,True,0.1579688254496569,1.1620286043663501,,,,
S6i,50p_E1_to_E2,50% epiboly,zgc:174154,500.0,0.3001546263694763,0.20437979999999997,0.2088373363018036,True,0.3190849681249639,1.4372651542332666,,,,
S6i,50p_E1_to_E2,50% epiboly,zgc:175088,500.0,0.3614470958709717,0.35935804,0.3685659527778625,False,0.0057796933943440034,0.9806849849986512,,,,
S6i,50p_E1_to_E2,50% epiboly,zic2a,500.0,0.8623282909393309,0.5428710999999999,0.5563484787940979,True,0.3704588805726061,1.5499786982584252,,,,
S6i,50p_E1_to_E2,50% epiboly,zic2b,500.0,1.0993956327438354,0.18466397,0.19151328429579734,True,0.8320313808803979,5.740571139941341,,,,
S6i,50p_E1_to_E2,50% epiboly,zic3,500.0,0.6848570704460144,0.4522481,0.463409686088562,True,0.3396460137711113,1.4778652475449805,,,,
S6i,50p_E1_to_E2,50% epiboly,zmp:0000000624,500.0,0.4056995809078217,0.38017049999999997,0.3887646377086639,True,0.06292608568312437,1.0435609146422642,,,,
S6i,50p_E1_to_E2,50% epiboly,znf1004,500.0,0.4314082562923432,0.25178049999999996,0.2591132417321205,True,0.4163753097527373,1.6649409864523508,,,,
S6i,50p_E1_to_E2,50% epiboly,znf185,500.0,1.8902419805526731,1.6528328999999997,1.6843229293823243,True,0.12559720780734765,1.1222562773314875,,,,
S6i,50p_E1_to_E2,50% epiboly,znf576.2,500.0,0.18274351954460144,0.15270612,0.16319384202361106,True,0.16436918355049165,1.1197942108511785,,,,
S6i,50p_E1_to_E2,50% epiboly,znfl2a,500.0,0.6542556881904602,0.24114102,0.25132782012224203,True,0.6314269396440005,2.603196446267827,,,,
S6i,50p_E1_to_E2,50% epiboly,zswim5,500.0,0.30442875623703003,0.26680094,0.2771017163991928,True,0.12360138597077573,1.0986173604152993,,,,
S6i,50p_E2_to_E1,50% epiboly,ackr3b,500.0,1.089064359664917,1.0712367,1.0952959060668943,False,0.016369675386783373,0.9943106275048957,,,,
S6i,50p_E2_to_E1,50% epiboly,acvr1ba,500.0,0.2595165967941284,0.19864541,0.20970868095755574,True,0.2345560346589753,1.2375100334861846,,,,
S6i,50p_E2_to_E1,50% epiboly,add3b,500.0,0.5726344585418701,0.30430429999999997,0.31752045899629594,True,0.4685889100813014,1.8034568870050363,,,,
S6i,50p_E2_to_E1,50% epiboly,adka,500.0,0.1665516048669815,0.16246425,0.1719129540026188,False,0.024541094734058216,0.9688135826253348,,,,
S6i,50p_E2_to_E1,50% epiboly,admp,500.0,1.5079220533370972,0.45620507,0.4671305894851685,True,0.6974611061565373,3.2280524702931577,,,,
S6i,50p_E2_to_E1,50% epiboly,ahi1,500.0,0.3968810439109802,0.36638147,0.3751197099685669,True,0.07684815888843216,1.0580117049680935,,,,
S6i,50p_E2_to_E1,50% epiboly,akap12b,500.0,0.10827703773975372,0.05872375,0.06127154882997275,True,0.4576527703252349,1.7671666508744572,,,,
S6i,50p_E2_to_E1,50% epiboly,alcamb,500.0,0.7026177048683167,1.3964524,1.422599595785141,False,0.0,0.4938970227111149,,,,
S6i,50p_E2_to_E1,50% epiboly,aldob,500.0,0.4803307354450226,0.10376601,0.10729216076433658,True,0.7839696659939909,4.476848373853258,,,,
S6i,50p_E2_to_E1,50% epiboly,anp32e,500.0,0.2634506225585937,0.0988677,0.10399136617779732,True,0.6247201902819206,2.533389378769809,,,,
S6i,50p_E2_to_E1,50% epiboly,apex1,500.0,0.317476749420166,0.31726444,0.3231277257204056,False,0.0006687473809584602,0.9825116328608421,,,,
S6i,50p_E2_to_E1,50% epiboly,aplnra,500.0,0.937264084815979,2.1243505000000003,2.1653855085372924,False,0.0,0.4328393633007623,,,,
S6i,50p_E2_to_E1,50% epiboly,aplnrb,500.0,0.3597708940505981,0.33037484,0.3377502739429474,True,0.08170771347826708,1.0651979341143938,,,,
S6i,50p_E2_to_E1,50% epiboly,apoc1,500.0,0.24292294681072235,0.27783,0.2844428658485413,False,0.0,0.8540307245395029,,,,
S6i,50p_E2_to_E1,50% epiboly,arf5,500.0,0.14560864865779874,0.09827027,0.1060914684087038,True,0.3251069345537096,1.3724821688475464,,,,
S6i,50p_E2_to_E1,50% epiboly,arhgap5,500.0,0.3319837749004364,0.3001548,0.3094873830676079,True,0.09587507620386396,1.0726892050003671,,,,
S6i,50p_E2_to_E1,50% epiboly,arl4aa,500.0,0.28688836097717285,0.21918249999999997,0.22456077858805654,True,0.2360007026527948,1.2775532877157172,,,,
S6i,50p_E2_to_E1,50% epiboly,arl4ab,500.0,0.5470136404037476,0.35197399999999995,0.3605878233909607,True,0.3565535034780132,1.5170053033395365,,,,
S6i,50p_E2_to_E1,50% epiboly,arl4d,500.0,0.5182147026062012,0.47091930000000004,0.4810362607240677,True,0.09126601642474293,1.0772882315070627,,,,
S6i,50p_E2_to_E1,50% epiboly,arl6ip5a,500.0,0.39652547240257263,0.32665604,0.33430295139551164,True,0.17620413752922073,1.1861261491928796,,,,
S6i,50p_E2_to_E1,50% epiboly,aspm,500.0,0.39371490478515625,0.3455042,0.35271080732345583,True,0.12245081326906307,1.1162541566924467,,,,
S6i,50p_E2_to_E1,50% epiboly,atf6,500.0,0.26795196533203125,0.24814937,0.2579944312572479,True,0.07390354506563025,1.038595926378173,,,,
S6i,50p_E2_to_E1,50% epiboly,atoh1c,500.0,0.263432651758194,0.22172108,0.2271270580589771,True,0.15833864387731514,1.1598470653804251,,,,
S6i,50p_E2_to_E1,50% epiboly,atp2b1a,500.0,0.1066918447613716,0.09297617,0.10027735345065593,True,0.1285541270188549,1.0639674970467992,,,,
S6i,50p_E2_to_E1,50% epiboly,atrxl,500.0,0.16588418185710907,0.12471467,0.1326030410826206,True,0.2481822487879637,1.250983239168339,,,,
S6i,50p_E2_to_E1,50% epiboly,aurkb,500.0,0.22230301797389984,0.22035944,0.2308525301516056,False,0.008742901348747927,0.9629654820239956,,,,
S6i,50p_E2_to_E1,50% epiboly,axin2,500.0,0.4310135543346405,0.34452355,0.3525891244411469,True,0.2006665553436269,1.2224244154376462,,,,
S6i,50p_E2_to_E1,50% epiboly,bach1b,500.0,0.3733702301979065,0.34507215,0.35147015005350113,True,0.07579093799872384,1.0623099291392788,,,,
S6i,50p_E2_to_E1,50% epiboly,bambia,500.0,0.9212872982025146,0.09481259,0.1000638984143734,True,0.8970868402413048,9.206989861492135,,,,
S6i,50p_E2_to_E1,50% epiboly,baz1b,500.0,0.33175548911094666,0.24793957,0.25685723423957824,True,0.2526436490842012,1.2915948818537406,,,,
S6i,50p_E2_to_E1,50% epiboly,bcl2l1,500.0,0.4407784044742584,0.45049077,0.459813141822815,False,0.0,0.9586033203115986,,,,
S6i,50p_E2_to_E1,50% epiboly,bhlha15,500.0,0.3553653657436371,0.3071968,0.3133236393332481,True,0.1355466076510873,1.1341798738832911,,,,
S6i,50p_E2_to_E1,50% epiboly,blf,500.0,0.3900140821933745,0.380695,0.3882667616009712,True,0.023894257231062282,1.0045003094913365,,,,
S6i,50p_E2_to_E1,50% epiboly,bmp2b,500.0,1.3335729837417605,0.33728638,0.34897572845220565,True,0.7470806719800022,3.8213917903588572,,,,
S6i,50p_E2_to_E1,50% epiboly,bmp4,500.0,0.6807599067687988,0.46148032,0.4729780703783035,True,0.3221100201238813,1.4393054338107147,,,,
S6i,50p_E2_to_E1,50% epiboly,bmp7a,500.0,1.0316426753997805,0.22924984,0.2391322299838066,True,0.7777817450935667,4.314109710220327,,,,
S6i,50p_E2_to_E1,50% epiboly,brd2a,500.0,0.10149142146110536,0.06374769,0.06637603305280207,True,0.3718908631863813,1.529037165875355,,,,
S6i,50p_E2_to_E1,50% epiboly,btg2,500.0,0.13546738028526306,0.18084492,0.18679492473602294,False,0.0,0.7252198124585262,,,,
S6i,50p_E2_to_E1,50% epiboly,c1qbp,500.0,0.2373494952917099,0.1758379,0.18580068200826644,True,0.25916040394883183,1.277441464295325,,,,
S6i,50p_E2_to_E1,50% epiboly,C7H16orf87,500.0,0.3810845613479614,0.34513667,0.35084392726421354,True,0.0943304786801924,1.0861939789568433,,,,
S6i,50p_E2_to_E1,50% epiboly,ca9,500.0,0.6858829259872437,0.33565947,0.3481353893876076,True,0.5106169560186895,1.9701614569945205,,,,
S6i,50p_E2_to_E1,50% epiboly,casz1,500.0,0.44425034523010254,0.34347940000000005,0.3503277018666268,True,0.22683370176153225,1.2680993905507163,,,,
S6i,50p_E2_to_E1,50% epiboly,cbx3a,500.0,0.1596795916557312,0.06930952,0.07517432495951652,True,0.5659462989444859,2.1241240508873624,,,,
S6i,50p_E2_to_E1,50% epiboly,cbx5,500.0,0.09760604798793793,0.04468722,0.04807162210345268,True,0.5421675205042387,2.030429673828866,,,,
S6i,50p_E2_to_E1,50% epiboly,ccne2,500.0,0.3899120092391968,0.3264627,0.3350860014557838,True,0.16272728634632488,1.1636177206604301,,,,
S6i,50p_E2_to_E1,50% epiboly,ccnf,500.0,0.3979319334030152,0.41951793,0.43187812268733977,False,0.0,0.921398682866601,,,,
S6i,50p_E2_to_E1,50% epiboly,ccng1,500.0,0.07942311465740204,0.06141074,0.06338718570768834,True,0.2267900814165867,1.252983765893375,,,,
S6i,50p_E2_to_E1,50% epiboly,cd63,500.0,0.3903643488883972,0.35402346,0.360482420027256,True,0.09309480340198928,1.0828942750075907,,,,
S6i,50p_E2_to_E1,50% epiboly,cdc14b,500.0,0.2229368686676025,0.13493517,0.1431197226047516,True,0.39473820001818055,1.5576949466516155,,,,
S6i,50p_E2_to_E1,50% epiboly,cdc42ep4a,500.0,0.398318350315094,0.34317523,0.34939189404249194,True,0.13843981293114296,1.1400331750874901,,,,
S6i,50p_E2_to_E1,50% epiboly,cdca8,500.0,0.21547435224056244,0.12854663,0.13759629428386688,True,0.4034249364758079,1.565989501112798,,,,
S6i,50p_E2_to_E1,50% epiboly,cdh1,500.0,0.2139551341533661,0.36805764,0.380588461458683,False,0.0,0.5621692610788549,,,,
S6i,50p_E2_to_E1,50% epiboly,cdh2,500.0,0.4298921823501587,0.3760013,0.3838394686579704,True,0.12535906940192118,1.119979099213543,,,,
S6i,50p_E2_to_E1,50% epiboly,cdh6,500.0,0.3697917759418488,0.31374726,0.3208295613527298,True,0.1515569641992648,1.1526112942419557,,,,
S6i,50p_E2_to_E1,50% epiboly,cdkn1ca,500.0,0.5847945809364319,0.717579,0.7334194362163544,False,0.0,0.7973535361338868,,,,
S6i,50p_E2_to_E1,50% epiboly,cdt1,500.0,0.0842248871922493,0.08915101,0.09231720976531506,False,0.0,0.912342210150873,,,,
S6i,50p_E2_to_E1,50% epiboly,cdx1a,500.0,0.2878656983375549,0.25181225,0.25789968520402906,True,0.12524399094332125,1.1161925153565782,,,,
S6i,50p_E2_to_E1,50% epiboly,cenpf,500.0,0.27003249526023865,0.18293102,0.192494972795248,True,0.3225592324375355,1.4028028438304483,,,,
S6i,50p_E2_to_E1,50% epiboly,cfl1l,500.0,0.3147645890712738,0.23547816,0.24616667702794076,True,0.251891188077124,1.2786644921706725,,,,
S6i,50p_E2_to_E1,50% epiboly,chaf1a,500.0,0.2301391512155533,0.24916498,0.2607472091913223,False,0.0,0.8826140533941038,,,,
S6i,50p_E2_to_E1,50% epiboly,chst11,500.0,0.3951698839664459,0.35698559999999996,0.3649510279297829,True,0.0966275182223189,1.0828024960172935,,,,
S6i,50p_E2_to_E1,50% epiboly,cldnd,500.0,0.16198953986167908,0.14213002,0.1506350226700306,True,0.12259756153427112,1.075377671077999,,,,
S6i,50p_E2_to_E1,50% epiboly,clic4,500.0,0.3813816905021668,0.31539490000000003,0.3264383539557457,True,0.17302032047083366,1.1683115230812295,,,,
S6i,50p_E2_to_E1,50% epiboly,clocka,500.0,0.42378705739974976,0.38297147,0.3905200988054275,True,0.09631155812678174,1.0851862905291776,,,,
S6i,50p_E2_to_E1,50% epiboly,cmtm6,500.0,0.3688362836837769,0.28491104,0.2938146114349365,True,0.2275406485342869,1.2553367645075526,,,,
S6i,50p_E2_to_E1,50% epiboly,cnmd,500.0,0.35764679312705994,0.2505811,0.2565640926361084,True,0.2993615754499658,1.393986155476245,,,,
S6i,50p_E2_to_E1,50% epiboly,cnn3a,500.0,0.42086899280548096,0.35317773,0.36133668571710587,True,0.16083690576843826,1.1647557788665377,,,,
S6i,50p_E2_to_E1,50% epiboly,coq10b,500.0,0.4033031761646271,0.37545913,0.38334885239601135,True,0.06903997595733387,1.052052650331146,,,,
S6i,50p_E2_to_E1,50% epiboly,crabp2b,500.0,0.623770534992218,0.539998,0.5544392883777618,True,0.13430025208470833,1.125047499460785,,,,
S6i,50p_E2_to_E1,50% epiboly,creb3l1,500.0,0.3224559724330902,0.3513524,0.3575813114643097,False,0.0,0.9017696453783342,,,,
S6i,50p_E2_to_E1,50% epiboly,creb3l2,500.0,0.4322013854980469,0.37463427,0.382643361389637,True,0.13319512970105649,1.1295149193976113,,,,
S6i,50p_E2_to_E1,50% epiboly,csrp1a,500.0,0.3289536237716675,0.29804552,0.3076873019337654,True,0.0939588608363294,1.0691166704126125,,,,
S6i,50p_E2_to_E1,50% epiboly,cst3,500.0,0.4405968189239502,0.40869302,0.4187186375260353,True,0.07241042599095128,1.052250316649816,,,,
S6i,50p_E2_to_E1,50% epiboly,ctcf,500.0,0.023931749165058136,0.0152032785,0.015588580630719662,True,0.3647234722834065,1.535210275520338,,,,
S6i,50p_E2_to_E1,50% epiboly,cth1,500.0,0.19478961825370789,0.18372355,0.192440477758646,True,0.056810338958285994,1.012207101761658,,,,
S6i,50p_E2_to_E1,50% epiboly,CU570769.1,500.0,0.3760822415351868,0.28546983,0.2916964098811149,True,0.2409377564043944,1.289293350194007,,,,
S6i,50p_E2_to_E1,50% epiboly,cux1a,500.0,0.3944094777107239,0.33628565,0.34208964407444,True,0.14736924507483876,1.152941881002685,,,,
S6i,50p_E2_to_E1,50% epiboly,cxcl12b,500.0,0.2699175477027893,0.24950272,0.2546254307031631,True,0.07563357561557835,1.0600573043996278,,,,
S6i,50p_E2_to_E1,50% epiboly,cxcr4a,500.0,0.4529323577880859,0.30262926,0.3143770143389702,True,0.3318444641781805,1.4407298788699654,,,,
S6i,50p_E2_to_E1,50% epiboly,dact2,500.0,1.1407042741775513,0.42151582,0.4356761917471885,True,0.6304775637712967,2.618238718996773,,,,
S6i,50p_E2_to_E1,50% epiboly,dand5,500.0,0.4037034511566162,0.34321,0.3498084008693695,True,0.14984622812275766,1.1540702000103564,,,,
S6i,50p_E2_to_E1,50% epiboly,dbx1a,500.0,0.2262856960296631,0.20033741,0.2057653278112412,True,0.11467046530911558,1.0997270455460129,,,,
S6i,50p_E2_to_E1,50% epiboly,ddx4,500.0,0.3490606546401977,0.8813591000000001,0.9027053356170656,False,0.0,0.38668283089474487,,,,
S6i,50p_E2_to_E1,50% epiboly,dharma,500.0,0.547307550907135,0.36116964,0.3682313308119774,True,0.34009747234270465,1.4863144580888359,,,,
S6i,50p_E2_to_E1,50% epiboly,dkc1,500.0,0.12211744487285615,0.06154542,0.06399739608168603,True,0.4960145088023265,1.9081627120732525,,,,
S6i,50p_E2_to_E1,50% epiboly,dkk1b,500.0,0.47421795129776,0.37529254,0.3875657394528389,True,0.20860747981066505,1.2235806807053062,,,,
S6i,50p_E2_to_E1,50% epiboly,dld,500.0,0.8871774673461914,0.5282283,0.5424032688140871,True,0.4045968226531352,1.635641815518406,,,,
S6i,50p_E2_to_E1,50% epiboly,dlgap5,500.0,0.05166030302643776,0.03561121,0.03765457514673472,True,0.3106658993065564,1.3719528855424512,,,,
S6i,50p_E2_to_E1,50% epiboly,dlx3b,500.0,0.4276085793972016,0.34985775,0.3584821715950966,True,0.18182710915676106,1.1928308107890588,,,,
S6i,50p_E2_to_E1,50% epiboly,dmd,500.0,0.2686839997768402,0.25755036,0.26372218132019043,True,0.041437677769460037,1.0188145662674675,,,,
S6i,50p_E2_to_E1,50% epiboly,dnmt3bb.2,500.0,0.3706741333007813,0.28983456,0.2994920283555985,True,0.2180879836883812,1.237676125591782,,,,
S6i,50p_E2_to_E1,50% epiboly,drll.2,500.0,0.5289192795753479,0.42148912,0.4345192015171051,True,0.20311258105750268,1.2172517986055598,,,,
S6i,50p_E2_to_E1,50% epiboly,drll.3,500.0,0.6264405250549316,0.39490092,0.4048818767070769,True,0.3696114759301872,1.5472179939240587,,,,
S6i,50p_E2_to_E1,50% epiboly,dscc1,500.0,0.3261265158653259,0.26052356,0.2662828207015991,True,0.2011580016065079,1.2247373488310336,,,,
S6i,50p_E2_to_E1,50% epiboly,dync1li1,500.0,0.4111458063125609,0.33219647,0.33919921815395354,True,0.1920227107393255,1.212107175689163,,,,
S6i,50p_E2_to_E1,50% epiboly,dynll2b,500.0,0.3651098906993866,0.33270702,0.34085253477096555,True,0.08874827514854843,1.0711667171397763,,,,
S6i,50p_E2_to_E1,50% epiboly,ednraa,500.0,0.30053725838661194,0.23772636,0.2439987801015377,True,0.20899537769240026,1.23171623342357,,,,
S6i,50p_E2_to_E1,50% epiboly,efemp2b,500.0,0.4044176638126373,0.3609978,0.3701995834708214,True,0.10736392506856114,1.0924314393360546,,,,
S6i,50p_E2_to_E1,50% epiboly,efna1a,500.0,0.4962652623653412,0.34814924,0.3568874657154083,True,0.2984613947033909,1.3905371021381752,,,,
S6i,50p_E2_to_E1,50% epiboly,efnb2a,500.0,0.4804254472255707,0.43373942,0.44366502165794375,True,0.09717641674342756,1.0828562626601843,,,,
S6i,50p_E2_to_E1,50% epiboly,efnb2b,500.0,0.5091145634651184,0.41766882,0.4278577119112015,True,0.17961722291979476,1.189915594114104,,,,
S6i,50p_E2_to_E1,50% epiboly,egln1b,500.0,0.3360445201396942,0.31931170000000003,0.32873623073101044,True,0.04979343784817427,1.0222314692616397,,,,
S6i,50p_E2_to_E1,50% epiboly,eif3ea,500.0,0.1975780725479126,0.16340435,0.17268752977252005,True,0.17296315625933312,1.1441363068206527,,,,
S6i,50p_E2_to_E1,50% epiboly,elavl3,500.0,0.5644407868385315,0.40526623,0.4144576296210289,True,0.28200400327569536,1.3618781426575353,,,,
S6i,50p_E2_to_E1,50% epiboly,elf1,500.0,0.4617684185504913,1.2975652,1.3241093814373015,False,0.0,0.3487388768813407,,,,
S6i,50p_E2_to_E1,50% epiboly,elob,500.0,0.389356940984726,0.31116033,0.3172178342938423,True,0.20083529211763865,1.2274118882737861,,,,
S6i,50p_E2_to_E1,50% epiboly,emid1,500.0,0.3709101676940918,0.25301823,0.2592312127351761,True,0.3178449871762732,1.4308082880166288,,,,
S6i,50p_E2_to_E1,50% epiboly,emx2,500.0,0.3583791255950928,0.26313478,0.268583944439888,True,0.2657642179661258,1.3343281793796946,,,,
S6i,50p_E2_to_E1,50% epiboly,emx3,500.0,0.40967825055122375,0.33239603,0.3390200063586235,True,0.18864125694057424,1.2084190987768912,,,,
S6i,50p_E2_to_E1,50% epiboly,epcam,500.0,0.6728430986404419,0.7926594,0.8075933009386063,False,0.0,0.83314596326944,,,,
S6i,50p_E2_to_E1,50% epiboly,epha2a,500.0,0.5125966072082521,0.8053315999999999,0.8235466003417968,False,0.0,0.6224257461514733,,,,
S6i,50p_E2_to_E1,50% epiboly,ephb3a,500.0,0.41118842363357533,0.33683962,0.3432444021105766,True,0.1808144467635956,1.1979464810065874,,,,
S6i,50p_E2_to_E1,50% epiboly,eppk1,500.0,0.9165658354759216,1.0770886999999998,1.098359477519989,False,0.0,0.834486208054085,,,,
S6i,50p_E2_to_E1,50% epiboly,erf,500.0,0.10611283034086227,0.08195868,0.08843862302601338,True,0.2276270354705161,1.1998471562549113,,,,
S6i,50p_E2_to_E1,50% epiboly,esrra,500.0,0.37712225317955017,0.35972005,0.3673849821090697,True,0.04614472294919213,1.0265042708457517,,,,
S6i,50p_E2_to_E1,50% epiboly,ets2,500.0,0.9398118853569032,0.5546390999999999,0.570122292637825,True,0.4098402992447658,1.648439111209999,,,,
S6i,50p_E2_to_E1,50% epiboly,etv2,500.0,0.2536771595478058,0.21241945,0.21807996109128,True,0.1626386440872308,1.1632300293818658,,,,
S6i,50p_E2_to_E1,50% epiboly,etv4,500.0,0.4475004971027374,0.15073789999999998,0.15811531245708466,True,0.663155912591051,2.830216062876245,,,,
S6i,50p_E2_to_E1,50% epiboly,etv5a,500.0,0.1797468513250351,0.18885455,0.19879105761647226,False,0.0,0.9041998844425931,,,,
S6i,50p_E2_to_E1,50% epiboly,etv5b,500.0,0.14396554231643674,0.07768552,0.08242903351783752,True,0.460388098409293,1.7465392492474487,,,,
S6i,50p_E2_to_E1,50% epiboly,eve1,500.0,1.64404034614563,0.41957259999999996,0.4297893524169922,True,0.7447917912931498,3.8252235354368245,,,,
S6i,50p_E2_to_E1,50% epiboly,f11r.1,500.0,0.3619489073753357,0.41984418,0.4331690266728401,False,0.0,0.835583536882717,,,,
S6i,50p_E2_to_E1,50% epiboly,fbln2,500.0,0.3794854581356049,0.35354972,0.36176055073738106,True,0.06834448783944046,1.0489962417463568,,,,
S6i,50p_E2_to_E1,50% epiboly,fezf2,500.0,0.24187594652175906,0.24545425,0.251363131403923,False,0.0,0.9622570548466047,,,,
S6i,50p_E2_to_E1,50% epiboly,fgf8a,500.0,0.4579876959323883,0.43824044,0.4488752827048302,True,0.04311744050779316,1.0203005457833378,,,,
S6i,50p_E2_to_E1,50% epiboly,flrt3,500.0,0.5263060927391052,0.337063,0.3456863343715668,True,0.3595684732565333,1.5224960908445868,,,,
S6i,50p_E2_to_E1,50% epiboly,fn1a,500.0,0.32357078790664673,0.23559114,0.24616702422499656,True,0.2719023095569277,1.3144359563403714,,,,
S6i,50p_E2_to_E1,50% epiboly,fn1b,500.0,0.4247961640357971,0.37857687,0.3862459078431129,True,0.10880345261058214,1.0998075459438725,,,,
S6i,50p_E2_to_E1,50% epiboly,fnbp1l,500.0,0.123604454100132,0.09047979,0.09779562056064606,True,0.2679892336962186,1.2639058210534193,,,,
S6i,50p_E2_to_E1,50% epiboly,fosab,500.0,0.3722057044506073,0.25017026,0.256793150305748,True,0.3278709657686099,1.449437821871201,,,,
S6i,50p_E2_to_E1,50% epiboly,foxa,500.0,0.8084608912467957,0.38685888,0.3966446533799172,True,0.5214872052459343,2.038249814683445,,,,
S6i,50p_E2_to_E1,50% epiboly,foxa2,500.0,0.4720448553562164,0.37549257,0.3839339271187782,True,0.20454048270250064,1.2294950303003025,,,,
S6i,50p_E2_to_E1,50% epiboly,foxa3,500.0,1.7567830085754397,0.40625809999999996,0.4161852404475212,True,0.7687488413488694,4.221156441507591,,,,
S6i,50p_E2_to_E1,50% epiboly,foxb1a,500.0,0.7085144519805908,0.38806462,0.3969211801886559,True,0.4522841110802648,1.785025560096932,,,,
S6i,50p_E2_to_E1,50% epiboly,foxb1b,500.0,0.2490088641643524,0.23568451,0.24250856786966324,True,0.05350954137055403,1.0268043985076138,,,,
S6i,50p_E2_to_E1,50% epiboly,foxc1a,500.0,0.4842860996723175,0.37796694,0.3867704898118973,True,0.21953791228216465,1.2521278443653912,,,,
S6i,50p_E2_to_E1,50% epiboly,foxc1b,500.0,0.3957071900367737,0.3401721,0.3480405196547508,True,0.14034386901977974,1.1369572440281013,,,,
S6i,50p_E2_to_E1,50% epiboly,foxd3,500.0,1.7627893686294556,0.388897,0.4005768448114395,True,0.7793854395402449,4.400627224120355,,,,
S6i,50p_E2_to_E1,50% epiboly,foxd5,500.0,0.5203368663787842,0.22657270000000004,0.2371483385562897,True,0.5645653384657892,2.1941408889747573,,,,
S6i,50p_E2_to_E1,50% epiboly,foxg1a,500.0,0.3400304913520813,0.32543695,0.3324806123971939,True,0.042918332306414016,1.022707726927151,,,,
S6i,50p_E2_to_E1,50% epiboly,foxh1,500.0,0.20770138502120966,0.1004406,0.10624725930392742,True,0.5164182510673235,1.9548869907981898,,,,
S6i,50p_E2_to_E1,50% epiboly,foxi1,500.0,0.6424570679664612,0.48792756,0.4980350449681282,True,0.24052893124467176,1.2899836556834574,,,,
S6i,50p_E2_to_E1,50% epiboly,foxn2b,500.0,0.2762377858161926,0.23093084,0.2413648061454296,True,0.1640143135150904,1.1444824547028245,,,,
S6i,50p_E2_to_E1,50% epiboly,foxo1a,500.0,0.17388853430747986,0.18204096,0.1873811095952988,False,0.0,0.9279939407074711,,,,
S6i,50p_E2_to_E1,50% epiboly,foxp1b,500.0,0.4192558228969574,0.35004523,0.3571444034576416,True,0.16507961285739275,1.1739112214499041,,,,
S6i,50p_E2_to_E1,50% epiboly,foxp2,500.0,0.548848569393158,0.49025548,0.5025615930557251,True,0.106756394416208,1.092102096493276,,,,
S6i,50p_E2_to_E1,50% epiboly,fscn1a,500.0,0.4554475843906402,0.17403895,0.17940424010157585,True,0.617872719949929,2.5386667791841093,,,,
S6i,50p_E2_to_E1,50% epiboly,fzd7a,500.0,0.6237395405769348,0.91589963,0.93877115547657,False,0.0,0.664421288338681,,,,
S6i,50p_E2_to_E1,50% epiboly,fzd7b,500.0,0.2998957931995392,0.2962667,0.3080369845032692,False,0.012101164751516794,0.9735707343166657,,,,
S6i,50p_E2_to_E1,50% epiboly,fzd8a,500.0,0.6959782838821411,0.42162517,0.4350165903568268,True,0.3941978120644593,1.5998890601189664,,,,
S6i,50p_E2_to_E1,50% epiboly,gadd45gip1,500.0,0.3395039737224579,0.29451209999999994,0.30484977513551714,True,0.13252239778515595,1.1136763134285916,,,,
S6i,50p_E2_to_E1,50% epiboly,gapdh,500.0,0.28345322608947754,0.27068722,0.2811673656105995,True,0.04503742569743685,1.0081298925780875,,,,
S6i,50p_E2_to_E1,50% epiboly,gata3,500.0,0.5216488838195801,0.24219158,0.2484404094517231,True,0.5357191581724295,2.099694188118567,,,,
S6i,50p_E2_to_E1,50% epiboly,gata6,500.0,0.7846254706382751,0.5220715,0.5426248222589493,True,0.33462333267572336,1.4459815298752392,,,,
S6i,50p_E2_to_E1,50% epiboly,gbx1,500.0,0.4938137233257294,0.45166737,0.4622157156467438,True,0.08534869106080102,1.068362036619142,,,,
S6i,50p_E2_to_E1,50% epiboly,gcm2,500.0,0.17550940811634064,0.19416434,0.19893393144011495,False,0.0,0.8822497340991534,,,,
S6i,50p_E2_to_E1,50% epiboly,gfi1aa,500.0,0.4015185534954071,0.30759853,0.3138383999466896,True,0.2339120357741977,1.2793799406433737,,,,
S6i,50p_E2_to_E1,50% epiboly,gli1,500.0,0.3954799473285675,0.34870276,0.35558821856975553,True,0.11827954639394338,1.1121851812730585,,,,
S6i,50p_E2_to_E1,50% epiboly,gli2a,500.0,0.3868212103843689,0.36235100000000003,0.3712179988622665,True,0.06325974227489578,1.0420324757148742,,,,
S6i,50p_E2_to_E1,50% epiboly,gmnn,500.0,0.16138821840286255,0.08467162,0.09086367078125476,True,0.4753544131523889,1.7761578088935963,,,,
S6i,50p_E2_to_E1,50% epiboly,gpr137bb,500.0,0.7612515687942505,0.29786777,0.30396169126033784,True,0.6087130888476553,2.5044326001668806,,,,
S6i,50p_E2_to_E1,50% epiboly,grhl1,500.0,1.5456167459487915,1.8760511999999998,1.91358140707016,False,0.0,0.8077089065759943,,,,
S6i,50p_E2_to_E1,50% epiboly,grhl2b,500.0,0.4353639185428619,0.28857705,0.2950630858540535,True,0.3371590118527101,1.4754943583766529,,,,
S6i,50p_E2_to_E1,50% epiboly,gsc,500.0,0.5606346130371094,0.36088097,0.3675596162676811,True,0.3562991606959385,1.5252889279022928,,,,
S6i,50p_E2_to_E1,50% epiboly,h1-0,500.0,0.4349590539932251,0.3631009,0.37191491574049,True,0.16520674070032046,1.169512260962196,,,,
S6i,50p_E2_to_E1,50% epiboly,hdlbpa,500.0,0.03854984790086746,0.024885047,0.02610447555780411,True,0.3544709361464363,1.4767524371637002,,,,
S6i,50p_E2_to_E1,50% epiboly,helb,500.0,0.329611212015152,0.23782465,0.2484563127160072,True,0.2784691783853351,1.3266364956156584,,,,
S6i,50p_E2_to_E1,50% epiboly,hells,500.0,0.37352606654167175,0.34391516,0.35057617723941803,True,0.07927399109024606,1.065463345179272,,,,
S6i,50p_E2_to_E1,50% epiboly,her1,500.0,0.8942073583602905,0.44821477,0.4603156968951225,True,0.4987574580181319,1.9425958410538957,,,,
S6i,50p_E2_to_E1,50% epiboly,her11,500.0,0.39372962713241577,0.34867257,0.3556677907705307,True,0.11443654535856755,1.1070151342055086,,,,
S6i,50p_E2_to_E1,50% epiboly,her12,500.0,0.3792004585266113,0.31626755,0.32252304404973986,True,0.16596211085696033,1.175731364076207,,,,
S6i,50p_E2_to_E1,50% epiboly,her2,500.0,0.4071586430072784,0.43880746,0.4501289784908295,False,0.0,0.9045377268808155,,,,
S6i,50p_E2_to_E1,50% epiboly,her3,500.0,0.2548064887523651,0.17106798,0.17623574808239936,True,0.3286356884014958,1.445827486902543,,,,
S6i,50p_E2_to_E1,50% epiboly,her5,500.0,0.4682633578777313,0.3446688,0.35529786497354504,True,0.2639423952339029,1.3179458815847305,,,,
S6i,50p_E2_to_E1,50% epiboly,her6,500.0,1.2514830827713013,1.0544457,1.07449232339859,True,0.15744307048417153,1.1647203572501053,,,,
S6i,50p_E2_to_E1,50% epiboly,her7,500.0,0.3574694395065308,0.41140479999999996,0.4199580118060112,False,0.0,0.8512028094648058,,,,
S6i,50p_E2_to_E1,50% epiboly,her8a,500.0,0.3138097822666168,0.29701343,0.30664826333522804,True,0.0535239862754042,1.023354180628637,,,,
S6i,50p_E2_to_E1,50% epiboly,her9,500.0,0.3822336792945862,0.33765313,0.344275064766407,True,0.1166316612496505,1.1102566477009723,,,,
S6i,50p_E2_to_E1,50% epiboly,hes6,500.0,0.3817926049232483,0.34139913,0.34883328080177306,True,0.1057995131308391,1.094484459870687,,,,
S6i,50p_E2_to_E1,50% epiboly,hesx1,500.0,0.19965599477291107,0.19874942,0.20887978225946424,False,0.0045406687983680786,0.9558416454346182,,,,
S6i,50p_E2_to_E1,50% epiboly,hic1l,500.0,0.4017106294631958,0.34230920000000004,0.3502764225006104,True,0.1478711748763203,1.1468389068136486,,,,
S6i,50p_E2_to_E1,50% epiboly,higd1a,500.0,0.2783336043357849,0.26902777,0.2751226261258125,True,0.03343410434543135,1.0116710801113975,,,,
S6i,50p_E2_to_E1,50% epiboly,hivep2a,500.0,0.43396514654159546,0.36524594,0.3733599543571472,True,0.15835190634122115,1.162323761499271,,,,
S6i,50p_E2_to_E1,50% epiboly,hoxb1b,500.0,0.17853258550167084,0.16513744,0.1694445863366127,True,0.0750291354254974,1.0536340485201707,,,,
S6i,50p_E2_to_E1,50% epiboly,hoxb7a,500.0,0.3483112454414368,0.31384438,0.3203943222761154,True,0.09895420584209334,1.0871330146146057,,,,
S6i,50p_E2_to_E1,50% epiboly,hoxb8a,500.0,0.3518716394901276,0.23518276,0.2404795080423355,True,0.3316234224310237,1.463208413700605,,,,
S6i,50p_E2_to_E1,50% epiboly,hoxb9a,500.0,0.3664872050285339,0.29475027,0.3006310284137726,True,0.19574198175692653,1.2190598121632352,,,,
S6i,50p_E2_to_E1,50% epiboly,hoxc3a,500.0,0.3989570140838623,0.33767456,0.3449931085109711,True,0.15360666377027601,1.15642024214862,,,,
S6i,50p_E2_to_E1,50% epiboly,hoxc6a,500.0,0.3998520076274872,0.36049223,0.3692231982946396,True,0.09843586480747618,1.0829547262314916,,,,
S6i,50p_E2_to_E1,50% epiboly,hoxc8a,500.0,0.2079220414161682,0.22610370000000002,0.23160342276096346,False,0.0,0.8977502963363514,,,,
S6i,50p_E2_to_E1,50% epiboly,hsp90aa1.2,500.0,0.4131457507610321,0.47707003,0.4861298084259033,False,0.0,0.8498671416566804,,,,
S6i,50p_E2_to_E1,50% epiboly,id3,500.0,0.6297510862350464,0.5257210999999999,0.5374205619096756,True,0.1651922725633597,1.1718031107653988,,,,
S6i,50p_E2_to_E1,50% epiboly,igf2bp1,500.0,0.18664975464344025,0.13421315,0.14212133958935738,True,0.2809358372639372,1.313312660735836,,,,
S6i,50p_E2_to_E1,50% epiboly,igfbp1a,500.0,0.39043763279914856,0.37014967,0.37779328525066375,True,0.05196210370987121,1.0334689578722802,,,,
S6i,50p_E2_to_E1,50% epiboly,irf2a,500.0,0.41456010937690735,0.3039332,0.3129204764962196,True,0.2668537171191278,1.324809785600322,,,,
S6i,50p_E2_to_E1,50% epiboly,irx1b,500.0,0.4196352064609528,0.29857397,0.30413572788238524,True,0.28849160843119065,1.3797629413116281,,,,
S6i,50p_E2_to_E1,50% epiboly,irx3a,500.0,0.40859490633010864,0.32478964,0.3309392467141151,True,0.2051059906624061,1.2346523127342375,,,,
S6i,50p_E2_to_E1,50% epiboly,irx5a,500.0,0.3990701735019684,0.3569172,0.3636076614260674,True,0.10562796677931556,1.0975296063257227,,,,
S6i,50p_E2_to_E1,50% epiboly,irx7,500.0,0.45687136054039,0.47838077,0.4908061340451241,False,0.0,0.9308591088195036,,,,
S6i,50p_E2_to_E1,50% epiboly,ism1,500.0,0.6258835792541504,0.5211562,0.5331319510936737,True,0.16732726484545998,1.1739749943146434,,,,
S6i,50p_E2_to_E1,50% epiboly,itga6a,500.0,0.3575364351272583,0.3134865,0.3198898836970329,True,0.1232040825104285,1.117685970544415,,,,
S6i,50p_E2_to_E1,50% epiboly,itgb5,500.0,0.2842032611370087,0.24869484,0.2581588581204414,True,0.12494024136667982,1.1008851805674496,,,,
S6i,50p_E2_to_E1,50% epiboly,itm2cb,500.0,0.39304667711257935,0.36028907,0.3659748792648315,True,0.08334279868048257,1.0739717379021465,,,,
S6i,50p_E2_to_E1,50% epiboly,jcada,500.0,0.3894319236278534,0.33795494,0.34436899423599243,True,0.13218481098466106,1.1308565235143668,,,,
S6i,50p_E2_to_E1,50% epiboly,kank1a,500.0,0.3766868710517883,0.36923286,0.3778141960501671,False,0.01978833996307136,0.9970161920590482,,,,
S6i,50p_E2_to_E1,50% epiboly,kazald2,500.0,0.5050241947174072,0.35705838,0.3651480093598366,True,0.2929875839441041,1.3830670899802964,,,,
S6i,50p_E2_to_E1,50% epiboly,kdrl,500.0,0.4193524420261383,0.3188922,0.3255655944347381,True,0.23956038223787665,1.2880735839247301,,,,
S6i,50p_E2_to_E1,50% epiboly,kif15,500.0,0.3633770048618317,0.30531323,0.311143596470356,True,0.15978934969497435,1.1678755692998883,,,,
S6i,50p_E2_to_E1,50% epiboly,kirrel3l,500.0,0.7085337042808533,0.46244353,0.4761549696326256,True,0.3473231721151357,1.4880317322478394,,,,
S6i,50p_E2_to_E1,50% epiboly,klf17,500.0,0.3908717036247253,0.29860568,0.3043246284127236,True,0.23605193802315094,1.2843906379296615,,,,
S6i,50p_E2_to_E1,50% epiboly,klf2a,500.0,1.9679278135299685,1.8629448,1.8992979228496552,True,0.05334696294411708,1.036134347252559,,,,
S6i,50p_E2_to_E1,50% epiboly,klf2b,500.0,0.9955910444259644,1.4314348999999997,1.4610080480575562,False,0.0,0.68144117737724,,,,
S6i,50p_E2_to_E1,50% epiboly,klf3,500.0,0.607869565486908,0.55042195,0.5620522201061249,True,0.09450647893450308,1.0815179510760264,,,,
S6i,50p_E2_to_E1,50% epiboly,klf7a,500.0,0.35903191566467285,0.26582628,0.2721666812896729,True,0.259602633394626,1.319161897273338,,,,
S6i,50p_E2_to_E1,50% epiboly,klf8,500.0,0.22665895521640775,0.18953198,0.1993917107582092,True,0.16380104300720047,1.1367521465888015,,,,
S6i,50p_E2_to_E1,50% epiboly,kmt2bb,500.0,0.3714336752891541,0.3158052,0.32252871096134184,True,0.14976692267808886,1.1516298012107022,,,,
S6i,50p_E2_to_E1,50% epiboly,kmt5aa,500.0,0.09947873651981354,0.059479754,0.06392991095781328,True,0.4020857471758511,1.5560593629710915,,,,
S6i,50p_E2_to_E1,50% epiboly,krt18a.1,500.0,2.605884552001953,3.2392046000000003,3.3053575992584228,False,0.0,0.7883820354525632,,,,
S6i,50p_E2_to_E1,50% epiboly,krt99,500.0,0.6433278918266296,0.77076685,0.7907656341791153,False,0.0,0.8135506451218772,,,,
S6i,50p_E2_to_E1,50% epiboly,lamb1a,500.0,0.6494778394699097,0.5194963,0.5353066891431808,True,0.20013233692135865,1.2132817553792814,,,,
S6i,50p_E2_to_E1,50% epiboly,lamc1,500.0,0.25560110807418823,0.15734221,0.16761632934212686,True,0.38442281570095205,1.5249177038859556,,,,
S6i,50p_E2_to_E1,50% epiboly,lamp2,500.0,0.12791238725185394,0.088606894,0.09122325740754604,True,0.3072844943328066,1.4021905256068279,,,,
S6i,50p_E2_to_E1,50% epiboly,lbx2,500.0,0.3249688446521759,0.28540590000000005,0.2911834627389908,True,0.12174379559332713,1.1160278183224623,,,,
S6i,50p_E2_to_E1,50% epiboly,lef1,500.0,0.4283949136734009,0.3777873,0.3856961876153946,True,0.11813310582009255,1.1107055953080467,,,,
S6i,50p_E2_to_E1,50% epiboly,lft1,500.0,0.5367439389228821,0.3855165,0.3946381792426109,True,0.2817497011960708,1.3600912611977898,,,,
S6i,50p_E2_to_E1,50% epiboly,lft2,500.0,0.6467776894569397,0.5523734,0.5722485214471817,True,0.14596094102281892,1.1302391622109886,,,,
S6i,50p_E2_to_E1,50% epiboly,lgals3b,500.0,0.3995280563831329,0.36600995,0.3738599523901939,True,0.08389424775008268,1.0686570033212583,,,,
S6i,50p_E2_to_E1,50% epiboly,lhfpl6,500.0,0.3231043219566345,0.26954374,0.2753130182623863,True,0.1657687042352306,1.1735889715491072,,,,
S6i,50p_E2_to_E1,50% epiboly,lhx1a,500.0,0.7891250848770142,0.41341013,0.4243764817714691,True,0.4761158464157002,1.8594929709181334,,,,
S6i,50p_E2_to_E1,50% epiboly,lhx5,500.0,0.585369348526001,0.5969078,0.6088703542947769,False,0.0,0.9614022827634696,,,,
S6i,50p_E2_to_E1,50% epiboly,lima1a,500.0,0.2225487530231476,0.19235009,0.2013711430132389,True,0.1356945975338189,1.10516705468825,,,,
S6i,50p_E2_to_E1,50% epiboly,lmnb1,500.0,0.05255672708153725,0.041924547,0.04418273456394672,True,0.2022991207384643,1.1895308789787706,,,,
S6i,50p_E2_to_E1,50% epiboly,lmo2,500.0,0.4026457071304321,0.3167357,0.32437839955091474,True,0.21336373624519156,1.2412839686239108,,,,
S6i,50p_E2_to_E1,50% epiboly,lmo4a,500.0,0.4447012841701508,0.37682128,0.3838145613670349,True,0.15264180037407268,1.1586357812644086,,,,
S6i,50p_E2_to_E1,50% epiboly,lratb.1,500.0,0.3803262710571289,0.32553282,0.3319392278790474,True,0.1440695829498923,1.1457707890906852,,,,
S6i,50p_E2_to_E1,50% epiboly,lratd1,500.0,0.4972063899040222,0.508024,0.5183221638202667,False,0.0,0.9592612946345728,,,,
S6i,50p_E2_to_E1,50% epiboly,mab21l2,500.0,0.35318225622177124,0.26158289999999995,0.26766823083162306,True,0.25935432370559697,1.3194776799789172,,,,
S6i,50p_E2_to_E1,50% epiboly,mad1l1,500.0,0.0935537964105606,0.057119288,0.061390130780637264,True,0.3894498166618325,1.5239224158823246,,,,
S6i,50p_E2_to_E1,50% epiboly,map1lc3b,500.0,0.306924968957901,0.25577044,0.2664336502552033,True,0.16666784804634918,1.1519752428565726,,,,
S6i,50p_E2_to_E1,50% epiboly,map2k6,500.0,0.32772889733314514,0.28189382,0.2924043670296669,True,0.13985668683958372,1.1208071228973617,,,,
S6i,50p_E2_to_E1,50% epiboly,mcama,500.0,0.3809987008571625,0.3237211,0.3297922357916832,True,0.15033539460247594,1.1552688617503548,,,,
S6i,50p_E2_to_E1,50% epiboly,mcm2,500.0,0.2327394783496857,0.19329575,0.20396431386470795,True,0.1694758946254924,1.1410794071754369,,,,
S6i,50p_E2_to_E1,50% epiboly,mcm3,500.0,0.19882674515247345,0.12270629,0.12915687337517734,True,0.3828481851620437,1.5394205508127914,,,,
S6i,50p_E2_to_E1,50% epiboly,mcm4,500.0,0.06081554666161537,0.041290082,0.04422752652317285,True,0.3210604145812977,1.3750609957749116,,,,
S6i,50p_E2_to_E1,50% epiboly,mcm5,500.0,0.2890980243682861,0.2048135,0.2154594399034977,True,0.2915430822265198,1.3417746954961474,,,,
S6i,50p_E2_to_E1,50% epiboly,mcm7,500.0,0.04838017746806145,0.028948657000000003,0.02995304157957435,True,0.4016421863323621,1.6152008249156564,,,,
S6i,50p_E2_to_E1,50% epiboly,mef2d,500.0,0.4165622293949127,0.35479277,0.3618935123085976,True,0.148283860879646,1.1510629929162626,,,,
S6i,50p_E2_to_E1,50% epiboly,meis1b,500.0,0.3890062272548676,0.31192434,0.31870485395193104,True,0.1981507840068742,1.2205845704299811,,,,
S6i,50p_E2_to_E1,50% epiboly,meis2a,500.0,0.4011441767215729,0.27282384,0.2788083508610725,True,0.31988582606528226,1.4387810676497963,,,,
S6i,50p_E2_to_E1,50% epiboly,meis3,500.0,0.25483450293540955,0.23984297,0.24534740671515465,True,0.0588285203290863,1.038668010994179,,,,
S6i,50p_E2_to_E1,50% epiboly,meox1,500.0,0.23154069483280185,0.27014425,0.276129050552845,False,0.0,0.8385234888152056,,,,
S6i,50p_E2_to_E1,50% epiboly,mespaa,500.0,0.3868435025215149,0.34279525,0.34905880838632586,True,0.1138658124911308,1.1082473589761708,,,,
S6i,50p_E2_to_E1,50% epiboly,mespab,500.0,0.3462185561656952,0.30746686,0.31319205909967424,True,0.11192840733028972,1.1054512593996202,,,,
S6i,50p_E2_to_E1,50% epiboly,mgst3b,500.0,0.40192872285842896,0.2892763,0.2986599698662758,True,0.28027959832395233,1.3457736670849845,,,,
S6i,50p_E2_to_E1,50% epiboly,mibp2,500.0,0.27818676829338074,0.27091023,0.28155277520418165,False,0.02615701342957377,0.9880448455592032,,,,
S6i,50p_E2_to_E1,50% epiboly,mixl1,500.0,0.7726359963417053,0.38348702,0.3939625978469848,True,0.5036640568413278,1.9611912414127126,,,,
S6i,50p_E2_to_E1,50% epiboly,mki67,500.0,0.07253365218639374,0.036213614,0.03783140368759632,True,0.50073361874136,1.9172868335883384,,,,
S6i,50p_E2_to_E1,50% epiboly,mns1,500.0,0.4341139197349548,0.38723564,0.3946360096335411,True,0.10798612097968166,1.1000362590785187,,,,
S6i,50p_E2_to_E1,50% epiboly,msgn1,500.0,0.4295133352279663,0.44772065,0.457713295519352,False,0.0,0.9383894665777882,,,,
S6i,50p_E2_to_E1,50% epiboly,msx1b,500.0,0.5247763395309448,0.46897298,0.4781362503767014,True,0.10633741339161404,1.0975456036171654,,,,
S6i,50p_E2_to_E1,50% epiboly,msx3,500.0,0.3083440661430359,0.29816943,0.30478030145168306,True,0.032997658102260616,1.0116928970618457,,,,
S6i,50p_E2_to_E1,50% epiboly,mycb,500.0,0.2048567235469818,0.17977774,0.1851044327020645,True,0.12242206006502032,1.1067089024102934,,,,
S6i,50p_E2_to_E1,50% epiboly,mych,500.0,0.4583710134029389,0.10032633,0.1037909846752882,True,0.7811241842609989,4.416289284054488,,,,
S6i,50p_E2_to_E1,50% epiboly,mycla,500.0,0.16660937666893005,0.12577091,0.13315545544028282,True,0.2451150464101224,1.2512395839737154,,,,
S6i,50p_E2_to_E1,50% epiboly,myclb,500.0,0.3829730749130249,0.36371952,0.3714475899934769,True,0.050273904932778966,1.031028562925258,,,,
S6i,50p_E2_to_E1,50% epiboly,mycn,500.0,0.9230122566223145,0.40821213,0.42114033848047255,True,0.5577392148667896,2.1916975703459305,,,,
S6i,50p_E2_to_E1,50% epiboly,myf5,500.0,0.2270711958408356,0.21831942,0.22370512932538986,True,0.03854200777111118,1.0150468901879743,,,,
S6i,50p_E2_to_E1,50% epiboly,myod1,500.0,0.36690500378608704,0.2725147,0.2782689094543457,True,0.2572608765824602,1.318526760699019,,,,
S6i,50p_E2_to_E1,50% epiboly,nanog,500.0,0.14372387528419495,0.051475964000000006,0.05408583208918572,True,0.6418412432533421,2.65732946563897,,,,
S6i,50p_E2_to_E1,50% epiboly,nanos3,500.0,0.5352185964584351,1.114878,1.1502036452293396,False,0.0,0.4653250741104351,,,,
S6i,50p_E2_to_E1,50% epiboly,nap1l1,500.0,0.13123370707035065,0.09527956,0.10262933149933813,True,0.2739703722459945,1.2787154038043889,,,,
S6i,50p_E2_to_E1,50% epiboly,nasp,500.0,0.21883733570575714,0.11586739,0.12341319993138315,True,0.4705318868236083,1.7732085046610015,,,,
S6i,50p_E2_to_E1,50% epiboly,ncapd2,500.0,0.15994048118591309,0.096552536,0.10126834474503994,True,0.3963220869687064,1.579372918443469,,,,
S6i,50p_E2_to_E1,50% epiboly,nckap5l,500.0,0.19759970903396606,0.16484961,0.17460733279585838,True,0.16573961600194018,1.1316804733795982,,,,
S6i,50p_E2_to_E1,50% epiboly,ndr1,500.0,0.38823002576828,0.26519632,0.27377599477767944,True,0.31690929141822444,1.418057218944792,,,,
S6i,50p_E2_to_E1,50% epiboly,ndr2,500.0,0.5818005800247192,0.36605388,0.37571052759885787,True,0.37082586056297134,1.548534143408144,,,,
S6i,50p_E2_to_E1,50% epiboly,ndufv3,500.0,0.4044236540794373,0.36910063,0.3767768993973732,True,0.08734163652342491,1.0733769897418952,,,,
S6i,50p_E2_to_E1,50% epiboly,nid2a,500.0,0.3939189314842224,0.3783486,0.3853962793946266,True,0.03952676882543942,1.0221139968008592,,,,
S6i,50p_E2_to_E1,50% epiboly,nip7,500.0,0.3651514947414398,0.32396179999999997,0.33190115392208097,True,0.11280167535458825,1.1001814559137233,,,,
S6i,50p_E2_to_E1,50% epiboly,nkx1.2la,500.0,0.3872379660606384,0.35451344,0.36172876060009,True,0.08450754412766334,1.0705202578258635,,,,
S6i,50p_E2_to_E1,50% epiboly,nkx2.2a,500.0,0.2391301840543747,0.26292497,0.2687988668680191,False,0.0,0.8896249706729165,,,,
S6i,50p_E2_to_E1,50% epiboly,nog1,500.0,0.4601115882396698,0.43465668,0.444283127784729,True,0.05532333733818268,1.0356269672761695,,,,
S6i,50p_E2_to_E1,50% epiboly,nop58,500.0,0.07162603735923767,0.03797592,0.03979452345520258,True,0.4698028831170885,1.7998968486170817,,,,
S6i,50p_E2_to_E1,50% epiboly,notch1a,500.0,0.1667378842830658,0.11864081,0.12779637053608894,True,0.28845918393792797,1.3047153341180373,,,,
S6i,50p_E2_to_E1,50% epiboly,noto,500.0,0.7414826154708862,0.36881840000000005,0.38061173260211945,True,0.5025933250557435,1.9481338906754375,,,,
S6i,50p_E2_to_E1,50% epiboly,nr2f2,500.0,0.39076969027519226,0.37333015,0.3809489771723748,True,0.04462870236587629,1.0257796022336443,,,,
S6i,50p_E2_to_E1,50% epiboly,nr6a1a,500.0,0.39403173327445984,0.29602355,0.3025603830814362,True,0.24873170698870956,1.302324280731769,,,,
S6i,50p_E2_to_E1,50% epiboly,nrarpa,500.0,0.4699512124061585,0.53010947,0.5464210242033005,False,0.0,0.8600533134525021,,,,
S6i,50p_E2_to_E1,50% epiboly,nsd2,500.0,0.2617320716381073,0.11944598,0.1271481417119503,True,0.5436326207651757,2.0584812968092936,,,,
S6i,50p_E2_to_E1,50% epiboly,ntd5,500.0,0.37738484144210815,0.31864443,0.3252371743321419,True,0.15565121005921692,1.1603373514022464,,,,
S6i,50p_E2_to_E1,50% epiboly,olig4,500.0,0.305080384016037,0.22377571,0.2290112487971783,True,0.26650244866583783,1.332163313454653,,,,
S6i,50p_E2_to_E1,50% epiboly,osr1,500.0,0.5134185552597046,0.36911637,0.3786325126886368,True,0.2810615001577713,1.3559811639364083,,,,
S6i,50p_E2_to_E1,50% epiboly,otx1,500.0,0.4203899502754211,0.4030986,0.4116669312119484,True,0.04113166178291056,1.0211895063754381,,,,
S6i,50p_E2_to_E1,50% epiboly,otx2a,500.0,0.4627336263656616,0.34517947,0.3527758330106735,True,0.2540428256654123,1.3116931010171018,,,,
S6i,50p_E2_to_E1,50% epiboly,otx2b,500.0,0.3623374700546265,0.27860075,0.2845083624124527,True,0.2311014582299037,1.2735564852373116,,,,
S6i,50p_E2_to_E1,50% epiboly,pax2a,500.0,0.3211975395679474,0.31198597,0.3181049063801765,True,0.028678831216705832,1.0097220543466714,,,,
S6i,50p_E2_to_E1,50% epiboly,pax3a,500.0,0.3949733376502991,0.34407556,0.3505367204546929,True,0.1288638301089571,1.1267673673045322,,,,
S6i,50p_E2_to_E1,50% epiboly,pax6a,500.0,0.41727560758590704,0.34471240000000003,0.3517229869961739,True,0.17389753886848544,1.186375707625974,,,,
S6i,50p_E2_to_E1,50% epiboly,pax6b,500.0,0.39201968908309937,0.30431318,0.3098734870553017,True,0.2237298500425498,1.2650959357911682,,,,
S6i,50p_E2_to_E1,50% epiboly,pbx1b,500.0,0.3128322660923004,0.20763558,0.2127801902592182,True,0.33627184917007474,1.4702133018642118,,,,
S6i,50p_E2_to_E1,50% epiboly,pbx4,500.0,0.043102383613586426,0.031741474,0.033576310425996785,True,0.26357961758336584,1.2837141147055273,,,,
S6i,50p_E2_to_E1,50% epiboly,pcdh10b,500.0,0.2180703580379486,0.21970323,0.2251277334988117,False,0.0,0.9686516834190917,,,,
S6i,50p_E2_to_E1,50% epiboly,pcdh7b,500.0,0.2648543417453766,0.320331,0.3274888187646866,False,0.0,0.8087431587570771,,,,
S6i,50p_E2_to_E1,50% epiboly,PCDH8,500.0,0.13928231596946716,0.17424129,0.18002269864082335,False,0.0,0.7736930788231302,,,,
S6i,50p_E2_to_E1,50% epiboly,pcdh8,500.0,0.4606950283050537,0.37067342,0.3804871842265129,True,0.19540391089352302,1.2108030109912749,,,,
S6i,50p_E2_to_E1,50% epiboly,pdap1a,500.0,0.3860037922859192,0.34275445,0.35150004029273985,True,0.11204381855721426,1.098161445342776,,,,
S6i,50p_E2_to_E1,50% epiboly,perp,500.0,0.9425790309906006,1.6221992,1.652213340997696,False,0.0,0.5704947464117559,,,,
S6i,50p_E2_to_E1,50% epiboly,pfn2,500.0,0.1743628978729248,0.15410487,0.16358646601438526,True,0.11618311339188413,1.0658760600500528,,,,
S6i,50p_E2_to_E1,50% epiboly,pitx2,500.0,0.41383519768714905,0.38500285,0.3931330099701881,True,0.06967108250357104,1.052659499945148,,,,
S6i,50p_E2_to_E1,50% epiboly,pknox1.1,500.0,0.5366246104240417,0.38691506,0.3975403964519501,True,0.27898376186692825,1.3498618384783507,,,,
S6i,50p_E2_to_E1,50% epiboly,plagl2,500.0,0.386963039636612,0.3530171,0.35964147597551344,True,0.0877240056760748,1.075968889814474,,,,
S6i,50p_E2_to_E1,50% epiboly,plekhg5b,500.0,0.4547019302845001,0.41798973,0.42728103399276735,True,0.08073904464528865,1.0641753181401377,,,,
S6i,50p_E2_to_E1,50% epiboly,pmp22b,500.0,0.2851472496986389,0.23768544,0.24303319230675696,True,0.16644666142834716,1.1732852084612604,,,,
S6i,50p_E2_to_E1,50% epiboly,pold3,500.0,0.2904561460018158,0.23770276,0.2484861858189106,True,0.18162256026544385,1.1689025892710658,,,,
S6i,50p_E2_to_E1,50% epiboly,ppan,500.0,0.4087970852851868,0.31631577,0.3272317320108414,True,0.2262279220299201,1.2492586913045558,,,,
S6i,50p_E2_to_E1,50% epiboly,ppp1r7,500.0,0.36926013231277466,0.25784320000000005,0.2681697055697441,True,0.3017302063531239,1.37696437980665,,,,
S6i,50p_E2_to_E1,50% epiboly,prdm1a,500.0,0.399113804101944,0.36099586,0.3680141076445579,True,0.0955064565607159,1.0845068050690694,,,,
S6i,50p_E2_to_E1,50% epiboly,prickle1b,500.0,0.6076669096946716,0.33875865,0.3511542856693268,True,0.4425257619966888,1.730484104832758,,,,
S6i,50p_E2_to_E1,50% epiboly,prmt1,500.0,0.0815872773528099,0.048867352,0.052398191206157206,True,0.4010420019836611,1.5570628579870283,,,,
S6i,50p_E2_to_E1,50% epiboly,prox1a,500.0,0.39227139949798573,0.2864894,0.293006144464016,True,0.2696653448250188,1.3387821617719025,,,,
S6i,50p_E2_to_E1,50% epiboly,ptp4a2b,500.0,0.10557337105274199,0.07429972,0.07898898310959339,True,0.2962266699544059,1.3365581742743042,,,,
S6i,50p_E2_to_E1,50% epiboly,pttg1,500.0,0.2862621247768402,0.22816053,0.2394578970968723,True,0.2029664053300224,1.1954591109644355,,,,
S6i,50p_E2_to_E1,50% epiboly,rab11fip4a,500.0,0.4619064927101135,0.39746517,0.4049221619963646,True,0.1395116204196268,1.1407290982365657,,,,
S6i,50p_E2_to_E1,50% epiboly,rac1a,500.0,0.07059717923402786,0.04114817,0.044592245109379286,True,0.4171414314952425,1.5831716716855515,,,,
S6i,50p_E2_to_E1,50% epiboly,raraa,500.0,0.4469837546348572,0.38736194,0.39511118829250336,True,0.13338697501834546,1.1312859971556974,,,,
S6i,50p_E2_to_E1,50% epiboly,rasgef1ba,500.0,0.7546152472496033,0.36664695,0.38001433163881293,True,0.5141273028700724,1.9857547056062932,,,,
S6i,50p_E2_to_E1,50% epiboly,rasl11b,500.0,0.4835578799247742,0.48927873,0.4993622004985809,False,0.0,0.9683509874034778,,,,
S6i,50p_E2_to_E1,50% epiboly,rbbp4,500.0,0.20147542655467987,0.12123102,0.12898291721940042,True,0.3982838425011799,1.5620318635836823,,,,
S6i,50p_E2_to_E1,50% epiboly,rbm4.3,500.0,0.2625327408313751,0.054257933,0.057864298671484,True,0.7933288896517332,4.5370417832568215,,,,
S6i,50p_E2_to_E1,50% epiboly,rbm7,500.0,0.08567456156015396,0.06409401,0.06919637955725193,True,0.25188987433304244,1.2381364763349831,,,,
S6i,50p_E2_to_E1,50% epiboly,rbmx,500.0,0.08629604429006578,0.056620172999999996,0.06105353310704231,True,0.34388448946808275,1.4134488193953811,,,,
S6i,50p_E2_to_E1,50% epiboly,rcc1,500.0,0.03211044892668724,0.020872366,0.021589644905179742,True,0.34998212790572353,1.487307876887932,,,,
S6i,50p_E2_to_E1,50% epiboly,rdh10b,500.0,0.4365207552909851,0.44186527,0.4539179265499115,False,0.0,0.9616733108754774,,,,
S6i,50p_E2_to_E1,50% epiboly,rfx2,500.0,0.44536536931991577,0.4753227,0.4897617936134338,False,0.0,0.9093509847594199,,,,
S6i,50p_E2_to_E1,50% epiboly,rhov,500.0,0.4348788559436798,0.40623084,0.4189524129033089,True,0.06587586047339407,1.038014921384512,,,,
S6i,50p_E2_to_E1,50% epiboly,ripply1,500.0,0.39217567443847656,0.33590466,0.3421640709042549,True,0.14348420941282894,1.1461626388827248,,,,
S6i,50p_E2_to_E1,50% epiboly,rnd1b,500.0,0.5050001740455627,0.51922995,0.5305246055126189,False,0.0,0.9518883173337583,,,,
S6i,50p_E2_to_E1,50% epiboly,rpl10,500.0,0.3548832237720489,0.38177168,0.3917063280940056,False,0.0,0.9059930828763136,,,,
S6i,50p_E2_to_E1,50% epiboly,rpl19,500.0,0.2321973443031311,0.20730463,0.21788796335458754,True,0.10720500561527356,1.0656731135040107,,,,
S6i,50p_E2_to_E1,50% epiboly,rpl31,500.0,0.2333797216415405,0.18693773,0.19693154543638228,True,0.19899752570705576,1.1850804355614657,,,,
S6i,50p_E2_to_E1,50% epiboly,rpl34,500.0,0.3937485218048096,0.34359604,0.3512128308415413,True,0.12737185747995308,1.1211108684763837,,,,
S6i,50p_E2_to_E1,50% epiboly,rpl38,500.0,0.3665771484375,0.3403506,0.3472712129354477,True,0.0715444223745005,1.0555932504133043,,,,
S6i,50p_E2_to_E1,50% epiboly,rpl4,500.0,0.28184249997138977,0.15382406,0.16415821239352227,True,0.4542197817187468,1.7168955233001268,,,,
S6i,50p_E2_to_E1,50% epiboly,rpl5a,500.0,0.2444957047700882,0.19322401,0.2029617115855217,True,0.20970385539732286,1.2046395493027038,,,,
S6i,50p_E2_to_E1,50% epiboly,rpl6,500.0,0.10281913727521896,0.076683536,0.08344512209296226,True,0.2541900447321193,1.23217672520957,,,,
S6i,50p_E2_to_E1,50% epiboly,rplp0,500.0,0.08104082942008972,0.06795298,0.07291944585740566,True,0.16149694459450464,1.11137472956892,,,,
S6i,50p_E2_to_E1,50% epiboly,rplp2l,500.0,0.207214429974556,0.26904559999999994,0.2802257597446441,False,0.0,0.7394553240336659,,,,
S6i,50p_E2_to_E1,50% epiboly,rps3,500.0,0.14905451238155365,0.08970554,0.09841009564697742,True,0.398169566981666,1.514626232213521,,,,
S6i,50p_E2_to_E1,50% epiboly,rps6,500.0,0.0624975934624672,0.047148555999999994,0.050120992772281166,True,0.24559406362563985,1.2469344680864096,,,,
S6i,50p_E2_to_E1,50% epiboly,rrbp1b,500.0,0.3578166663646698,0.35405913,0.3666363418102264,False,0.010501289527570236,0.975944350191772,,,,
S6i,50p_E2_to_E1,50% epiboly,rreb1a,500.0,0.316912055015564,0.2669949,0.2782519295811653,True,0.1575110844623429,1.1389392896307722,,,,
S6i,50p_E2_to_E1,50% epiboly,rreb1b,500.0,0.3883525133132935,0.35885170000000005,0.3687269777059555,True,0.07596400507468835,1.053225114499185,,,,
S6i,50p_E2_to_E1,50% epiboly,rrm2,500.0,0.06980165839195251,0.028496886000000003,0.029398696031421426,True,0.5917448621034902,2.374311374808878,,,,
S6i,50p_E2_to_E1,50% epiboly,rrp8,500.0,0.35175132751464844,0.29508406,0.3015582025051117,True,0.16110036791219995,1.1664458953282357,,,,
S6i,50p_E2_to_E1,50% epiboly,rx3,500.0,0.4147136807441712,0.33931524,0.3459619849920273,True,0.1818084346629172,1.1987261570190386,,,,
S6i,50p_E2_to_E1,50% epiboly,rxraa,500.0,0.3607010543346405,0.32724053,0.3332576110959053,True,0.09276526158257224,1.082349036676127,,,,
S6i,50p_E2_to_E1,50% epiboly,rxrgb,500.0,0.391730934381485,0.3919014,0.4009343355894089,False,0.0,0.9770451158931198,,,,
S6i,50p_E2_to_E1,50% epiboly,sall1a,500.0,0.27660930156707764,0.26023948,0.2667308419942856,True,0.059180293462198,1.0370353105735095,,,,
S6i,50p_E2_to_E1,50% epiboly,sall3a,500.0,0.4774890244007111,0.35952026,0.3663946598768234,True,0.2470606900953465,1.3032095625008182,,,,
S6i,50p_E2_to_E1,50% epiboly,sall3b,500.0,0.9355977773666382,0.3953377,0.4043050423264504,True,0.5774490807828333,2.314088817648737,,,,
S6i,50p_E2_to_E1,50% epiboly,sdc4,500.0,0.3289962410926819,0.30119362,0.31167836785316466,True,0.08450739821665937,1.0555632826198444,,,,
S6i,50p_E2_to_E1,50% epiboly,sebox,500.0,0.2938589453697205,0.2558419,0.2625937208533287,True,0.12937171091663818,1.119063107886936,,,,
S6i,50p_E2_to_E1,50% epiboly,sept9a,500.0,0.1744822859764099,0.13230073,0.1420406349003315,True,0.241752629617395,1.2283969731537907,,,,
S6i,50p_E2_to_E1,50% epiboly,shha,500.0,0.42532879114151,0.33939990000000003,0.3475757405161858,True,0.20202932159426934,1.2237010284718173,,,,
S6i,50p_E2_to_E1,50% epiboly,si:ch211-106e7.2,500.0,0.4343570470809937,0.3858553,0.394470988214016,True,0.11166334261980634,1.1011127815699795,,,,
S6i,50p_E2_to_E1,50% epiboly,si:ch211-113a14.18,500.0,0.3830112814903259,0.32434502,0.3331084445118904,True,0.15317109935272508,1.1498095824366117,,,,
S6i,50p_E2_to_E1,50% epiboly,si:ch211-114n24.6,500.0,0.3948547840118408,0.35727334,0.3649288043379784,True,0.09517788642392164,1.0820049810213022,,,,
S6i,50p_E2_to_E1,50% epiboly,si:ch211-155e24.3,500.0,0.3157686293125153,0.18288958,0.19260228350758551,True,0.42081143042991054,1.6394853869947963,,,,
S6i,50p_E2_to_E1,50% epiboly,si:ch211-161h7.4,500.0,0.1361362189054489,0.10277496,0.11104863435029982,True,0.24505790149614484,1.225915291096791,,,,
S6i,50p_E2_to_E1,50% epiboly,si:ch211-163l21.7,500.0,0.13124999403953552,0.15183811,0.1565577007830143,False,0.0,0.8383490137061049,,,,
S6i,50p_E2_to_E1,50% epiboly,si:dkey-108k21.14,500.0,0.2688441276550293,0.09034982,0.0952099733054638,True,0.6639323163777676,2.8236971224904353,,,,
S6i,50p_E2_to_E1,50% epiboly,si:dkey-108k21.21,500.0,0.28218623995780945,0.30870432,0.3151252239942551,False,0.0,0.8954733498672701,,,,
S6i,50p_E2_to_E1,50% epiboly,si:dkey-261h17.1,500.0,0.40321817994117737,0.33102673,0.3370092242956161,True,0.17903817489109375,1.1964603662820945,,,,
S6i,50p_E2_to_E1,50% epiboly,si:dkey-261m9.12,500.0,0.2273896187543869,0.15328355,0.16163683310151097,True,0.3258990794082698,1.4067933304012579,,,,
S6i,50p_E2_to_E1,50% epiboly,si:dkey-66i24.9,500.0,0.267110139131546,0.20191848,0.212533774971962,True,0.24406282952435585,1.256789134652993,,,,
S6i,50p_E2_to_E1,50% epiboly,si:dkey-68o6.5,500.0,0.33659133315086365,0.21476734,0.2251675695180893,True,0.3619344418795922,1.4948481873799455,,,,
S6i,50p_E2_to_E1,50% epiboly,si:dkey-92i17.2,500.0,0.3761814832687378,0.33812588,0.3477188810706139,True,0.1011628706578921,1.081855210480629,,,,
S6i,50p_E2_to_E1,50% epiboly,six3b,500.0,0.29513245820999146,0.2542734,0.2596349984407425,True,0.13844307009127133,1.1367206269664398,,,,
S6i,50p_E2_to_E1,50% epiboly,six4a,500.0,0.29239752888679504,0.27987254,0.28567680418491365,True,0.04283549274591685,1.0235256226736953,,,,
S6i,50p_E2_to_E1,50% epiboly,six4b,500.0,0.2258661985397339,0.22008386,0.2264178603887558,False,0.02560071420164533,0.9975635232658999,,,,
S6i,50p_E2_to_E1,50% epiboly,six7,500.0,0.4522008895874024,0.37115335,0.3788291454315186,True,0.17922904799363934,1.1936803042762383,,,,
S6i,50p_E2_to_E1,50% epiboly,skia,500.0,0.3692635297775269,0.31463045,0.3258494913578033,True,0.1479514670518242,1.133233408586335,,,,
S6i,50p_E2_to_E1,50% epiboly,skila,500.0,0.3236288130283356,0.32587326,0.33636354804039004,False,0.0,0.9621399670498028,,,,
S6i,50p_E2_to_E1,50% epiboly,skilb,500.0,0.4352764785289765,0.3648818,0.3730587109923363,True,0.161724027084401,1.1667774151986452,,,,
S6i,50p_E2_to_E1,50% epiboly,smtnl,500.0,0.4614347219467163,0.4054429,0.4167231887578964,True,0.1213429024270208,1.1072931250168465,,,,
S6i,50p_E2_to_E1,50% epiboly,snai1a,500.0,0.3687222599983215,0.21775602,0.2269865617156029,True,0.4094307784847174,1.6244233015886762,,,,
S6i,50p_E2_to_E1,50% epiboly,snrpc,500.0,0.3578649461269379,0.29900175,0.3078779309988022,True,0.16448437723159354,1.1623598514059463,,,,
S6i,50p_E2_to_E1,50% epiboly,snrpd3,500.0,0.3068435490131378,0.34087184,0.34706614911556244,False,0.0,0.884106818815592,,,,
S6i,50p_E2_to_E1,50% epiboly,snrpg,500.0,0.3938150107860565,0.33986875,0.34713290333747865,True,0.13698374912092934,1.134479062629203,,,,
S6i,50p_E2_to_E1,50% epiboly,sox10,500.0,0.3025638461112976,0.25275728,0.25867539197206496,True,0.16461505790083447,1.1696661356329259,,,,
S6i,50p_E2_to_E1,50% epiboly,sox11a,500.0,0.5326647758483887,0.21285285,0.22085834965109824,True,0.6003999884967849,2.411793698041608,,,,
S6i,50p_E2_to_E1,50% epiboly,sox11b,500.0,0.3637312352657318,0.13904333,0.1444960169494152,True,0.6177305722873674,2.517240564444527,,,,
S6i,50p_E2_to_E1,50% epiboly,sox13,500.0,0.4408454895019531,0.37004626,0.37663456946611407,True,0.16059874313157094,1.1704859968824932,,,,
S6i,50p_E2_to_E1,50% epiboly,sox17,500.0,0.2896053493022919,0.25705928,0.264748278260231,True,0.11238077361736397,1.0938894530510523,,,,
S6i,50p_E2_to_E1,50% epiboly,sox19a,500.0,0.2954176962375641,0.11322467,0.11863930746912955,True,0.6167302374469272,2.4900490616436968,,,,
S6i,50p_E2_to_E1,50% epiboly,sox2,500.0,0.5709311366081238,0.43689692,0.44723725914955137,True,0.2347642435482717,1.276573283929393,,,,
S6i,50p_E2_to_E1,50% epiboly,sox3,500.0,0.6647077798843384,0.21698087,0.22430323362350466,True,0.67356952768602,2.9634337817887073,,,,
S6i,50p_E2_to_E1,50% epiboly,sox32,500.0,0.863332211971283,0.639567,0.6585130274295806,True,0.2591878205321606,1.311032851303166,,,,
S6i,50p_E2_to_E1,50% epiboly,sox5,500.0,0.3891832828521729,0.32431987,0.33089572936296463,True,0.1666654669670102,1.1761508182696179,,,,
S6i,50p_E2_to_E1,50% epiboly,sp5a,500.0,0.2969569861888885,0.24908152,0.2545289903879165,True,0.16122019750059788,1.1666921938295098,,,,
S6i,50p_E2_to_E1,50% epiboly,sp5l,500.0,0.575344443321228,0.35827070000000005,0.37014295160770416,True,0.3772935344989235,1.554384436667611,,,,
S6i,50p_E2_to_E1,50% epiboly,sp8b,500.0,0.5603411793708801,0.40509850000000003,0.41420045495033264,True,0.2770502815402461,1.3528260837812731,,,,
S6i,50p_E2_to_E1,50% epiboly,spon1b,500.0,0.19320206344127652,0.1863829,0.19145771488547325,True,0.03529547599561948,1.0091108815168233,,,,
S6i,50p_E2_to_E1,50% epiboly,srp19,500.0,0.3976215422153473,0.35312814,0.36064118295907976,True,0.11189888445967293,1.102540588828047,,,,
S6i,50p_E2_to_E1,50% epiboly,srrm4,500.0,0.38060319423675537,0.34682947,0.3549712896347046,True,0.08873735369500281,1.0722083879753435,,,,
S6i,50p_E2_to_E1,50% epiboly,stmn1a,500.0,0.3846894800662993,0.28092504,0.29033510088920594,True,0.2697355918642006,1.324984402120568,,,,
S6i,50p_E2_to_E1,50% epiboly,stox1,500.0,0.3506012260913849,0.22946358,0.2408485904335976,True,0.34551404788670737,1.45569141783309,,,,
S6i,50p_E2_to_E1,50% epiboly,supt16h,500.0,0.045029912143945694,0.030303434,0.03131815437227488,True,0.3270376935088572,1.4378213865568485,,,,
S6i,50p_E2_to_E1,50% epiboly,syne2b,500.0,0.4909386038780213,0.42047554,0.4293394193053245,True,0.14352723696222086,1.1434743277762962,,,,
S6i,50p_E2_to_E1,50% epiboly,szl,500.0,0.9089959859848022,0.44378257,0.4541949823498725,True,0.5117881983855922,2.001334275605428,,,,
S6i,50p_E2_to_E1,50% epiboly,tagln2,500.0,0.8531591892242432,0.48892109999999994,0.4983732461929321,True,0.4269286294551573,1.7118880191533496,,,,
S6i,50p_E2_to_E1,50% epiboly,tbr1b,500.0,0.2527810037136078,0.2606646,0.2669436827301979,False,0.0,0.946945067694655,,,,
S6i,50p_E2_to_E1,50% epiboly,tbx1,500.0,0.22148720920085907,0.21293488,0.2183866649866104,True,0.03861319027392472,1.01419749788495,,,,
S6i,50p_E2_to_E1,50% epiboly,tbx16,500.0,0.4066725075244904,0.13229181,0.1362806424498558,True,0.6746969458798822,2.9840812327702726,,,,
S6i,50p_E2_to_E1,50% epiboly,tbx16l,500.0,0.4639082252979279,0.42733628,0.4373163640499115,True,0.07883444984597053,1.0608069201933215,,,,
S6i,50p_E2_to_E1,50% epiboly,tbx3b,500.0,0.378105103969574,0.35406813,0.3625133261084557,True,0.06357220112205292,1.0430102198683133,,,,
S6i,50p_E2_to_E1,50% epiboly,tbx6,500.0,0.4142396152019501,0.30790615,0.3143965348601341,True,0.256695546446564,1.3175705495171355,,,,
S6i,50p_E2_to_E1,50% epiboly,tbxta,500.0,0.8930351138114929,0.35206273,0.3618921846151352,True,0.605768321383617,2.467682784476866,,,,
S6i,50p_E2_to_E1,50% epiboly,tbxtb,500.0,0.4022502601146698,0.38124877,0.3904811814427376,True,0.05221000469798394,1.0301399381871572,,,,
S6i,50p_E2_to_E1,50% epiboly,tcf3b,500.0,0.21430926024913788,0.14466587,0.15236310958862306,True,0.3249667936791491,1.4065692202513327,,,,
S6i,50p_E2_to_E1,50% epiboly,tcf7,500.0,0.34840822219848633,0.3347447,0.3407793909311295,True,0.03921701463735091,1.022386422038352,,,,
S6i,50p_E2_to_E1,50% epiboly,tcf7l1a,500.0,0.2421945333480835,0.23828024,0.2484660357236862,False,0.01616178768749923,0.9747591160404028,,,,
S6i,50p_E2_to_E1,50% epiboly,tcf7l1b,500.0,0.27274131774902344,0.24580193,0.255767434835434,True,0.098772684359593,1.0663645194882247,,,,
S6i,50p_E2_to_E1,50% epiboly,tcf7l2,500.0,0.3310909867286682,0.30291736,0.3093768998980522,True,0.08509330244104857,1.0701865163099487,,,,
S6i,50p_E2_to_E1,50% epiboly,tdgf1,500.0,0.2921765446662903,0.3352067,0.3481279879808426,False,0.0,0.8392791006575682,,,,
S6i,50p_E2_to_E1,50% epiboly,tead1a,500.0,0.423164963722229,0.35083646,0.3579167708754539,True,0.1709227230534979,1.182299903654081,,,,
S6i,50p_E2_to_E1,50% epiboly,tead1b,500.0,0.4023266434669495,0.31155884,0.3182592883706093,True,0.22560723303280145,1.264147373441132,,,,
S6i,50p_E2_to_E1,50% epiboly,tfap2a,500.0,0.8588867783546448,1.3904253,1.4175912857055664,False,0.0,0.6058775805236118,,,,
S6i,50p_E2_to_E1,50% epiboly,tgif1,500.0,0.2316126823425293,0.12108067,0.1274019092321396,True,0.4772278203599965,1.8179686924511216,,,,
S6i,50p_E2_to_E1,50% epiboly,tlcd5a,500.0,0.39913076162338257,0.30398357,0.31426782011985777,True,0.2383860168812552,1.2700338248795537,,,,
S6i,50p_E2_to_E1,50% epiboly,tmed10,500.0,0.3833324015140533,0.35135659999999996,0.35928028970956805,True,0.08341534822815562,1.0669452583216528,,,,
S6i,50p_E2_to_E1,50% epiboly,tmed2,500.0,0.4343921840190888,0.35405390000000003,0.3609690979123116,True,0.18494409528462386,1.2034054619396077,,,,
S6i,50p_E2_to_E1,50% epiboly,tp63,500.0,0.4646990299224854,0.40277034,0.4107803076505661,True,0.13326623360965045,1.1312592674666033,,,,
S6i,50p_E2_to_E1,50% epiboly,tph1b,500.0,1.0662370920181274,0.28098768,0.28790235817432397,True,0.7364679187566977,3.7034677269733383,,,,
S6i,50p_E2_to_E1,50% epiboly,tpx2,500.0,0.3389032483100891,0.3239051,0.33019517213106153,True,0.04425492533837929,1.026372512120108,,,,
S6i,50p_E2_to_E1,50% epiboly,tram1,500.0,0.14801941812038422,0.08756429,0.09465471133589744,True,0.4084270112544377,1.5637828907967777,,,,
S6i,50p_E2_to_E1,50% epiboly,trps1,500.0,0.3572554588317871,0.35119724,0.3595211386680603,False,0.01695765857512957,0.9936980622483924,,,,
S6i,50p_E2_to_E1,50% epiboly,tshz3b,500.0,0.5045711398124695,0.40624440000000006,0.4146313428878784,True,0.1948719117895304,1.2169150944985652,,,,
S6i,50p_E2_to_E1,50% epiboly,tuba1a,500.0,0.4838435351848602,0.48266828,0.4918645828962326,False,0.0024289971817226816,0.9836925690722794,,,,
S6i,50p_E2_to_E1,50% epiboly,tuba8l,500.0,0.35253751277923584,0.31517595,0.3268192410469055,True,0.10597896932302077,1.0786926487251685,,,,
S6i,50p_E2_to_E1,50% epiboly,tuba8l2,500.0,0.4474514126777649,0.32821435,0.3387032523751259,True,0.26648047572735223,1.3210720875576256,,,,
S6i,50p_E2_to_E1,50% epiboly,tuba8l4,500.0,0.12536364793777466,0.07452667,0.07681931778788567,True,0.4055161219311229,1.6319286808030515,,,,
S6i,50p_E2_to_E1,50% epiboly,tubb2b,500.0,0.17297518253326416,0.08094855,0.08634489104151725,True,0.5320221933383459,2.003305354222897,,,,
S6i,50p_E2_to_E1,50% epiboly,twist1a,500.0,0.19985125958919525,0.21021503,0.21568074971437454,False,0.0,0.9266068476387335,,,,
S6i,50p_E2_to_E1,50% epiboly,twist2,500.0,0.3536072075366974,0.21989237,0.225589257478714,True,0.3781451196868393,1.5674824745148284,,,,
S6i,50p_E2_to_E1,50% epiboly,ube2c,500.0,0.3763393461704254,0.3444448,0.3515174940228462,True,0.08474940276862583,1.0706134191602024,,,,
S6i,50p_E2_to_E1,50% epiboly,uhrf1,500.0,0.056795913726091385,0.040553525,0.0415288457646966,True,0.2859781200845833,1.367625626965371,,,,
S6i,50p_E2_to_E1,50% epiboly,unc5b,500.0,0.41004478931427,0.30200094,0.30843881517648697,True,0.2634927995278665,1.3294201933684795,,,,
S6i,50p_E2_to_E1,50% epiboly,uncx4.1,500.0,0.7457196712493896,0.81457627,0.8315294176340103,False,0.0,0.8968049180643792,,,,
S6i,50p_E2_to_E1,50% epiboly,unga,500.0,0.2742537558078766,0.30241883,0.3133221805095672,False,0.0,0.8753090999234326,,,,
S6i,50p_E2_to_E1,50% epiboly,usf1,500.0,0.3878048360347748,0.35271192,0.3597597524523735,True,0.09049118732954464,1.0779550335778987,,,,
S6i,50p_E2_to_E1,50% epiboly,ved,500.0,1.1831876039505005,0.34217554,0.3547719284892082,True,0.7108019538357391,3.3350654573745167,,,,
S6i,50p_E2_to_E1,50% epiboly,vox,500.0,0.4695289731025696,0.36193538,0.3706280559301377,True,0.22915219751112964,1.266846817422463,,,,
S6i,50p_E2_to_E1,50% epiboly,vrtn,500.0,0.27352750301361084,0.10769934,0.11145813316106797,True,0.6062577222201642,2.454082939091907,,,,
S6i,50p_E2_to_E1,50% epiboly,vsx2,500.0,0.3017031252384186,0.30317134,0.3096857726573944,False,0.0,0.9742233963463119,,,,
S6i,50p_E2_to_E1,50% epiboly,wnt11f2,500.0,0.7380326986312866,0.39116797,0.40174734145402907,True,0.4699855856833725,1.8370568326853205,,,,
S6i,50p_E2_to_E1,50% epiboly,wnt8a,500.0,0.4750508964061737,0.36849236,0.379303365945816,True,0.22430971571442346,1.2524299520032085,,,,
S6i,50p_E2_to_E1,50% epiboly,xbp1,500.0,0.308133989572525,0.21976058,0.2279403388500213,True,0.2868018807146855,1.3518185992312182,,,,
S6i,50p_E2_to_E1,50% epiboly,ypel3,500.0,0.3466210663318634,0.34556055,0.3552267953753471,False,0.003059582192707163,0.9757739867726178,,,,
S6i,50p_E2_to_E1,50% epiboly,zbtb18,500.0,0.3965932428836823,0.348937,0.35513805598020554,True,0.12016401926708635,1.1167297793221782,,,,
S6i,50p_E2_to_E1,50% epiboly,zc4h2,500.0,0.4266020357608795,0.34228059999999993,0.3513483792543411,True,0.19765831430178404,1.2141852957063517,,,,
S6i,50p_E2_to_E1,50% epiboly,zeb1a,500.0,0.5837237238883972,0.30217183,0.3130928412079811,True,0.4823375956869925,1.8643790181732123,,,,
S6i,50p_E2_to_E1,50% epiboly,zeb1b,500.0,0.4225833714008331,0.37821788,0.3851798474788666,True,0.1049863729760017,1.0971066481457565,,,,
S6i,50p_E2_to_E1,50% epiboly,zeb2a,500.0,0.3828095495700836,0.33332506,0.3405642181634903,True,0.12926660634208428,1.124045126156833,,,,
S6i,50p_E2_to_E1,50% epiboly,zeb2b,500.0,0.7577347159385681,0.50694406,0.5176164120435714,True,0.3309742187307648,1.4638923695386694,,,,
S6i,50p_E2_to_E1,50% epiboly,zfand5a,500.0,0.20718596875667566,0.19213070000000002,0.20172641426324844,True,0.07266548547308098,1.027064152770309,,,,
S6i,50p_E2_to_E1,50% epiboly,zgc:113372,500.0,0.2575119733810425,0.22446182,0.2298339568078518,True,0.12834412802343526,1.1204261413657441,,,,
S6i,50p_E2_to_E1,50% epiboly,zgc:113424,500.0,0.4246272742748261,0.3763486,0.3833822399377823,True,0.11369655815111697,1.1075820161719994,,,,
S6i,50p_E2_to_E1,50% epiboly,zgc:174154,500.0,0.2680140733718872,0.20214110000000002,0.20724330991506576,True,0.2457817472584415,1.2932338973051871,,,,
S6i,50p_E2_to_E1,50% epiboly,zic2a,500.0,0.873855471611023,0.49264777,0.5047352790832519,True,0.4362365596238475,1.7313144292156517,,,,
S6i,50p_E2_to_E1,50% epiboly,zic2b,500.0,0.7661705613136292,0.15808424,0.16414546594023705,True,0.7936696454834365,4.6676315847346075,,,,
S6i,50p_E2_to_E1,50% epiboly,zic3,500.0,0.7998933792114258,0.34102798,0.3518533930182457,True,0.5736582100246915,2.2733712252987894,,,,
S6i,50p_E2_to_E1,50% epiboly,zmp:0000000624,500.0,0.3802075684070587,0.34071642,0.34934115409851074,True,0.10386733480439853,1.088356078138575,,,,
S6i,50p_E2_to_E1,50% epiboly,znf1004,500.0,0.33431413769721985,0.28056820000000005,0.2874650344252586,True,0.16076474000378507,1.1629732233891634,,,,
S6i,50p_E2_to_E1,50% epiboly,znf185,500.0,1.5875096321105957,1.7867220000000001,1.8180143058300016,False,0.0,0.8732107481331559,,,,
S6i,50p_E2_to_E1,50% epiboly,znf576.2,500.0,0.17244726419448853,0.099860504,0.10724019408226013,True,0.4209214930949801,1.6080469237328159,,,,
S6i,50p_E2_to_E1,50% epiboly,znfl2a,500.0,0.43228358030319214,0.29262146,0.3052215203642845,True,0.3230798557465928,1.416294564640324,,,,
S6i,50p_E2_to_E1,50% epiboly,zswim5,500.0,0.2768843173980713,0.28206635,0.2944489151239395,False,0.0,0.9403475549622082,,,,
S6i,75p_E1_to_E2,75% epiboly,ackr3b,500.0,0.8222793936729431,0.81559706,0.8267849534749985,False,0.008126600741586476,0.994550505807927,,,,
S6i,75p_E1_to_E2,75% epiboly,acvr1ba,500.0,0.4847127795219421,0.4238606,0.4311875641345978,True,0.12554273904343155,1.1241344135116014,,,,
S6i,75p_E1_to_E2,75% epiboly,add3b,500.0,0.969035506248474,0.20375422,0.2103855222463608,True,0.7897350353844248,4.605999005548187,,,,
S6i,75p_E1_to_E2,75% epiboly,adka,500.0,0.3837338387966156,0.27933735,0.2879422947764397,True,0.27205443379765304,1.3326761846311919,,,,
S6i,75p_E1_to_E2,75% epiboly,admp,500.0,0.8297545313835144,0.44108936,0.449184313416481,True,0.4684098185392384,1.8472473472468993,,,,
S6i,75p_E1_to_E2,75% epiboly,ahi1,500.0,0.6003628969192505,0.55101454,0.5601060181856156,True,0.08219754184149228,1.0718736764586845,,,,
S6i,75p_E1_to_E2,75% epiboly,akap12b,500.0,0.17286056280136108,0.08294660599999999,0.08664402738213539,True,0.5201530954419457,1.9950661115852304,,,,
S6i,75p_E1_to_E2,75% epiboly,alcamb,500.0,1.0044946670532229,1.2596023,1.2791268110275271,False,0.0,0.785297171784171,,,,
S6i,75p_E1_to_E2,75% epiboly,aldob,500.0,0.4736940860748291,0.17258921,0.17629861533641816,True,0.6356525915572496,2.686884892265956,,,,
S6i,75p_E1_to_E2,75% epiboly,anp32e,500.0,0.5197451710700989,0.17341094,0.17891522645950314,True,0.6663539233408912,2.904980092277062,,,,
S6i,75p_E1_to_E2,75% epiboly,apex1,500.0,0.34845107793807983,0.24462584,0.2487260371446609,True,0.2979621757569527,1.4009433107134581,,,,
S6i,75p_E1_to_E2,75% epiboly,aplnra,500.0,1.0850629806518557,1.3435290000000002,1.361644047498703,False,0.0,0.7968771153115104,,,,
S6i,75p_E1_to_E2,75% epiboly,aplnrb,500.0,0.3889094889163971,0.35510573,0.35952377170324323,True,0.08691935262260551,1.0817351160785253,,,,
S6i,75p_E1_to_E2,75% epiboly,apoc1,500.0,0.5229683518409729,0.21040295,0.21479649543762205,True,0.5976755574140871,2.4347154769703656,,,,
S6i,75p_E1_to_E2,75% epiboly,arf5,500.0,0.2955778539180756,0.25059712,0.2588008940219879,True,0.15217897413648207,1.1421052273991106,,,,
S6i,75p_E1_to_E2,75% epiboly,arhgap5,500.0,0.3233222663402557,0.3183065,0.32428245395421984,False,0.015513192818254763,0.9970390392626679,,,,
S6i,75p_E1_to_E2,75% epiboly,arl4aa,500.0,0.4587414562702179,0.3827893,0.3885437339544297,True,0.16556633685248742,1.1806687798085076,,,,
S6i,75p_E1_to_E2,75% epiboly,arl4ab,500.0,0.46438944339752203,0.3354802,0.3407151132822037,True,0.2775886318369455,1.3629845736044082,,,,
S6i,75p_E1_to_E2,75% epiboly,arl4d,500.0,0.5810869336128235,0.44380290000000006,0.4505835890769959,True,0.2362538761584368,1.2896318190441842,,,,
S6i,75p_E1_to_E2,75% epiboly,arl6ip5a,500.0,0.39260879158973694,0.36781679999999994,0.3737962290644646,True,0.06314679212814256,1.050328390343467,,,,
S6i,75p_E1_to_E2,75% epiboly,aspm,500.0,0.3932358920574188,0.35771608,0.3622924193739891,True,0.09032697484699853,1.0854102129348924,,,,
S6i,75p_E1_to_E2,75% epiboly,atf6,500.0,0.517871081829071,0.5725685,0.5821222275495529,False,0.0,0.8896260223717148,,,,
S6i,75p_E1_to_E2,75% epiboly,atoh1c,500.0,0.1805587261915207,0.11632343,0.1194198600947857,True,0.3557584902184856,1.5119656483285777,,,,
S6i,75p_E1_to_E2,75% epiboly,atp2b1a,500.0,0.7588005661964417,1.2840809,1.301073181629181,False,0.0,0.583211288120077,,,,
S6i,75p_E1_to_E2,75% epiboly,atrxl,500.0,0.3369470536708832,0.23036954,0.23887407034635544,True,0.316303450174141,1.410563537441828,,,,
S6i,75p_E1_to_E2,75% epiboly,aurkb,500.0,0.3496614992618561,0.29374027,0.3025321543216705,True,0.15992960865847253,1.1557829284158496,,,,
S6i,75p_E1_to_E2,75% epiboly,axin2,500.0,0.4511653780937195,0.3790305,0.3845183223485947,True,0.15988567765654388,1.1733260858365657,,,,
S6i,75p_E1_to_E2,75% epiboly,bach1b,500.0,0.5258857607841492,0.36373568,0.3706046804785729,True,0.3083370896572657,1.4189938456930904,,,,
S6i,75p_E1_to_E2,75% epiboly,bambia,500.0,0.6395004987716675,0.32429677,0.3302053287625313,True,0.4928905089160836,1.9366752837340409,,,,
S6i,75p_E1_to_E2,75% epiboly,baz1b,500.0,0.5061537027359009,0.40944624,0.41583682149648665,True,0.19106343140776155,1.21719308288859,,,,
S6i,75p_E1_to_E2,75% epiboly,bcl2l1,500.0,0.49501171708107,0.6710738,0.681107810139656,False,0.0,0.7267743956416702,,,,
S6i,75p_E1_to_E2,75% epiboly,bhlha15,500.0,0.3027080297470093,0.23895586,0.2434573993086815,True,0.21060615547834266,1.2433716560128183,,,,
S6i,75p_E1_to_E2,75% epiboly,blf,500.0,0.24948997795581815,0.14182727,0.1454539567232132,True,0.43153119195144907,1.7152505409706855,,,,
S6i,75p_E1_to_E2,75% epiboly,bmp2b,500.0,0.8190164566040039,0.49843556,0.5080840736627579,True,0.3914218049350199,1.6119703392781963,,,,
S6i,75p_E1_to_E2,75% epiboly,bmp4,500.0,0.6738194823265076,0.36324447,0.3696299135684967,True,0.4609172286322244,1.8229571189769005,,,,
S6i,75p_E1_to_E2,75% epiboly,bmp7a,500.0,0.675262987613678,0.34586763,0.3540476188063621,True,0.4878030631564053,1.9072660053194623,,,,
S6i,75p_E1_to_E2,75% epiboly,brd2a,500.0,0.187336266040802,0.1295358,0.13529718965291976,True,0.3085386135010043,1.3846279181509904,,,,
S6i,75p_E1_to_E2,75% epiboly,btg2,500.0,0.394467294216156,0.5820371999999999,0.5947484731674194,False,0.0,0.6632506210824941,,,,
S6i,75p_E1_to_E2,75% epiboly,c1qbp,500.0,0.4720249176025391,0.46345323,0.4730970561504364,False,0.01815938955943381,0.9977337873191999,,,,
S6i,75p_E1_to_E2,75% epiboly,C7H16orf87,500.0,0.3971688747406006,0.32244320000000004,0.3276303246617317,True,0.18814588014385475,1.2122469895015529,,,,
S6i,75p_E1_to_E2,75% epiboly,ca9,500.0,0.7811394929885864,0.42955872,0.4389211028814316,True,0.4500870484457259,1.7796808762680985,,,,
S6i,75p_E1_to_E2,75% epiboly,casz1,500.0,0.41365700960159296,0.35776055,0.3629185363650322,True,0.1351275566774875,1.139806783485776,,,,
S6i,75p_E1_to_E2,75% epiboly,cbx3a,500.0,0.4343136548995972,0.22676826,0.2347484402358532,True,0.4778698466522127,1.85012370886571,,,,
S6i,75p_E1_to_E2,75% epiboly,cbx5,500.0,0.4021508991718292,0.22826523,0.2360410585999489,True,0.4323891197125822,1.7037328232517777,,,,
S6i,75p_E1_to_E2,75% epiboly,ccne2,500.0,0.4366250336170197,0.36242333,0.3673566594719887,True,0.16994376721120247,1.1885589177683407,,,,
S6i,75p_E1_to_E2,75% epiboly,ccnf,500.0,0.3711641430854797,0.26521269999999997,0.27349305152893066,True,0.2854570690277868,1.3571245814492554,,,,
S6i,75p_E1_to_E2,75% epiboly,ccng1,500.0,0.2885158061981201,0.30189973,0.3107351318001747,False,0.0,0.9284943241746375,,,,
S6i,75p_E1_to_E2,75% epiboly,cd63,500.0,0.3988678157329559,0.33123738,0.3358048215508461,True,0.16955602164201258,1.1877965715050374,,,,
S6i,75p_E1_to_E2,75% epiboly,cdc14b,500.0,0.5463274121284485,0.38505083,0.3941027507185936,True,0.2952013304162744,1.3862562774106337,,,,
S6i,75p_E1_to_E2,75% epiboly,cdc42ep4a,500.0,0.3591229617595673,0.27032468,0.27484469413757323,True,0.2472642910260082,1.3066396019994067,,,,
S6i,75p_E1_to_E2,75% epiboly,cdca8,500.0,0.39619895815849293,0.34075844,0.34820018708705897,True,0.13993099713702886,1.1378482058639245,,,,
S6i,75p_E1_to_E2,75% epiboly,cdh1,500.0,0.7061331868171692,1.7054653999999998,1.7304612159729005,False,0.0,0.40806068364853054,,,,
S6i,75p_E1_to_E2,75% epiboly,cdh2,500.0,0.5824581384658813,0.5689312,0.576487272977829,True,0.023223843243970085,1.0103573240345967,,,,
S6i,75p_E1_to_E2,75% epiboly,cdkn1ca,500.0,0.6161729693412781,0.5342816,0.5423421204090119,True,0.13290319759767846,1.1361333485892375,,,,
S6i,75p_E1_to_E2,75% epiboly,cdt1,500.0,0.455583781003952,0.22698689,0.23491619080305096,True,0.5017669756140161,1.9393460256892399,,,,
S6i,75p_E1_to_E2,75% epiboly,cdx1a,500.0,0.5147147178649902,0.25950152,0.26536578238010405,True,0.4958342790441296,1.939642380597979,,,,
S6i,75p_E1_to_E2,75% epiboly,cenpf,500.0,0.5571796894073486,0.38071886,0.3891969218850136,True,0.31670363387635586,1.4316138131533445,,,,
S6i,75p_E1_to_E2,75% epiboly,cfl1l,500.0,0.42666611075401306,0.45517537,0.4631924837827682,False,0.0,0.9211421292278879,,,,
S6i,75p_E1_to_E2,75% epiboly,chaf1a,500.0,0.4752245843410492,0.34437805,0.3521659627556801,True,0.2753361978957463,1.3494336040383967,,,,
S6i,75p_E1_to_E2,75% epiboly,chrd,500.0,1.0083314180374146,0.33939713,0.3480122119188309,True,0.6634071632347922,2.8974023999841534,,,,
S6i,75p_E1_to_E2,75% epiboly,chst11,500.0,0.3766504228115082,0.34085873,0.3461537182331085,True,0.09502629746379476,1.0881016235621148,,,,
S6i,75p_E1_to_E2,75% epiboly,cldnd,500.0,0.37422069907188416,0.30438740000000003,0.3091112419962883,True,0.18660995672212652,1.2106343873328866,,,,
S6i,75p_E1_to_E2,75% epiboly,clic4,500.0,0.5766770243644714,0.5630319,0.5705581843852997,True,0.02366161982876548,1.010724304981733,,,,
S6i,75p_E1_to_E2,75% epiboly,clocka,500.0,0.3826345205307007,0.3182698,0.3222896561026573,True,0.16821464833472544,1.1872379807585944,,,,
S6i,75p_E1_to_E2,75% epiboly,cmtm6,500.0,0.4457339644432068,0.38835496,0.3937554612755775,True,0.1287292688389881,1.1320070660080348,,,,
S6i,75p_E1_to_E2,75% epiboly,cnmd,500.0,0.2528182566165924,0.22970229999999997,0.2334932446479797,True,0.09143312296000564,1.0827647583455684,,,,
S6i,75p_E1_to_E2,75% epiboly,cnn3a,500.0,0.4837931394577026,0.41757643,0.42311190217733385,True,0.13686987645967538,1.1434165216532626,,,,
S6i,75p_E1_to_E2,75% epiboly,coq10b,500.0,0.4229477345943451,0.31960553,0.324981926381588,True,0.2443380040447383,1.301450020016582,,,,
S6i,75p_E1_to_E2,75% epiboly,creb3l1,500.0,0.6113734841346741,0.3358477,0.3417708337306976,True,0.4506668766016274,1.7888404269640312,,,,
S6i,75p_E1_to_E2,75% epiboly,creb3l2,500.0,0.610307514667511,0.54496,0.552029937505722,True,0.10707305927644582,1.1055695954192428,,,,
S6i,75p_E1_to_E2,75% epiboly,csrp1a,500.0,0.3977470099925995,0.35597897,0.36098233610391617,True,0.1050115857165068,1.101846185288412,,,,
S6i,75p_E1_to_E2,75% epiboly,cst3,500.0,0.6458046436309814,0.8105351,0.822676494717598,False,0.0,0.7850043702204818,,,,
S6i,75p_E1_to_E2,75% epiboly,ctcf,500.0,0.2432249039411545,0.071284,0.07387549243867397,True,0.7069214443064553,3.292362540162585,,,,
S6i,75p_E1_to_E2,75% epiboly,cth1,500.0,0.4501110315322876,0.33757743,0.34243410229682925,True,0.2500129773650917,1.3144456948453156,,,,
S6i,75p_E1_to_E2,75% epiboly,CU570769.1,500.0,0.3074405193328857,0.21608543,0.219863174110651,True,0.29714718662054024,1.3983265755008132,,,,
S6i,75p_E1_to_E2,75% epiboly,cux1a,500.0,0.2366110533475876,0.16299671,0.16711088344454764,True,0.3111196326600813,1.4158925407518548,,,,
S6i,75p_E1_to_E2,75% epiboly,cxcl12b,500.0,0.2894377112388611,0.19093414,0.19489752128720286,True,0.3403273689090044,1.4850764100398326,,,,
S6i,75p_E1_to_E2,75% epiboly,cxcr4a,500.0,0.5901011228561401,0.7096558000000001,0.7195098608732223,False,0.0,0.8201432043474328,,,,
S6i,75p_E1_to_E2,75% epiboly,dact2,500.0,0.7850967645645142,0.42761073,0.43597471714019775,True,0.4553401001447189,1.800785076975113,,,,
S6i,75p_E1_to_E2,75% epiboly,dand5,500.0,0.2925453186035156,0.17679155,0.18066520243883133,True,0.3956780796463639,1.6192676545034403,,,,
S6i,75p_E1_to_E2,75% epiboly,dbx1a,500.0,0.3945038914680481,0.3121581,0.3189704060554505,True,0.20873250046799385,1.2368040544785421,,,,
S6i,75p_E1_to_E2,75% epiboly,ddx4,500.0,0.6493791937828064,0.79061717,0.801547309756279,False,0.0,0.8101570373684601,,,,
S6i,75p_E1_to_E2,75% epiboly,dharma,500.0,0.2833550274372101,0.24152575,0.2457723081111908,True,0.1476214256122094,1.152916818069741,,,,
S6i,75p_E1_to_E2,75% epiboly,dkc1,500.0,0.4143755733966827,0.119058535,0.12382477708160874,True,0.7126796506679991,3.346467348159098,,,,
S6i,75p_E1_to_E2,75% epiboly,dkk1b,500.0,0.35202476382255554,0.21419351,0.2201023042201996,True,0.3915385221678547,1.5993688256456196,,,,
S6i,75p_E1_to_E2,75% epiboly,dld,500.0,0.9575154781341552,0.3063317,0.31307986229658125,True,0.6800765093395078,3.0583745345687503,,,,
S6i,75p_E1_to_E2,75% epiboly,dlgap5,500.0,0.19849929213523865,0.11594861,0.12258041203022002,True,0.41587393707798975,1.6193394103317436,,,,
S6i,75p_E1_to_E2,75% epiboly,dmd,500.0,0.19261659681797028,0.123834446,0.12704495266079902,True,0.3570935832201079,1.516129470583872,,,,
S6i,75p_E1_to_E2,75% epiboly,dnmt3bb.2,500.0,0.4859736859798432,0.3243885,0.3320120230317116,True,0.3324978010398385,1.4637231553913521,,,,
S6i,75p_E1_to_E2,75% epiboly,drll.2,500.0,0.6356700658798218,0.66552526,0.6748712837696076,False,0.0,0.9419130450019731,,,,
S6i,75p_E1_to_E2,75% epiboly,drll.3,500.0,0.4717975556850433,0.33780372,0.3432573363184929,True,0.28400705481097444,1.374471877994426,,,,
S6i,75p_E1_to_E2,75% epiboly,dscc1,500.0,0.23351484537124634,0.16912,0.1733783572912216,True,0.2757633950689289,1.3468511815405781,,,,
S6i,75p_E1_to_E2,75% epiboly,dync1li1,500.0,0.30137377977371216,0.22306047,0.2270057000219822,True,0.2598544108011273,1.3276044599079604,,,,
S6i,75p_E1_to_E2,75% epiboly,dynll1,500.0,0.6859710216522217,0.38675290000000007,0.3927302286028862,True,0.4361964408789051,1.7466723254090262,,,,
S6i,75p_E1_to_E2,75% epiboly,dynll2b,500.0,0.4451123476028441,0.38575277,0.39079531133174894,True,0.13335864663849034,1.1389910131879373,,,,
S6i,75p_E1_to_E2,75% epiboly,ednraa,500.0,0.4433469772338867,0.43809849999999995,0.44754000902175894,False,0.011838328138477851,0.9906309342106923,,,,
S6i,75p_E1_to_E2,75% epiboly,efemp2b,500.0,0.8645865917205809,0.5964911999999999,0.6081470876932145,True,0.3100850472060114,1.4216734885635591,,,,
S6i,75p_E1_to_E2,75% epiboly,efna1a,500.0,0.4737124145030975,0.47642505,0.4826911583542824,False,0.0,0.9813985740244391,,,,
S6i,75p_E1_to_E2,75% epiboly,efnb2a,500.0,0.486641377210617,0.35222262,0.3577932834625244,True,0.2762172763446573,1.3601188163767983,,,,
S6i,75p_E1_to_E2,75% epiboly,efnb2b,500.0,0.8068976998329163,0.7575198000000001,0.7695376336574554,True,0.06119476887049356,1.0485487187909135,,,,
S6i,75p_E1_to_E2,75% epiboly,egln1b,500.0,0.4741678535938263,0.4243635,0.42937520146369934,True,0.10503529350835393,1.1043205382551975,,,,
S6i,75p_E1_to_E2,75% epiboly,eif3ea,500.0,0.3098970353603363,0.24175258,0.24949851110577584,True,0.21989386078787554,1.2420796981387767,,,,
S6i,75p_E1_to_E2,75% epiboly,elavl3,500.0,0.3511226773262024,0.28945994,0.2941833525896072,True,0.17561592439543214,1.1935504651618642,,,,
S6i,75p_E1_to_E2,75% epiboly,elf1,500.0,1.3090001344680786,1.1823371999999999,1.1994309425354004,True,0.09676314482634013,1.0913509799080778,,,,
S6i,75p_E1_to_E2,75% epiboly,elob,500.0,0.2936059832572937,0.27314663,0.2775693118572235,True,0.06968302790297227,1.0577753761493605,,,,
S6i,75p_E1_to_E2,75% epiboly,emid1,500.0,0.26295217871665955,0.2527615,0.25669406056404115,True,0.03875482519912536,1.0243796764867377,,,,
S6i,75p_E1_to_E2,75% epiboly,emx2,500.0,0.2466276586055756,0.18227243,0.18599275425076486,True,0.2609408236481613,1.3260068092387065,,,,
S6i,75p_E1_to_E2,75% epiboly,emx3,500.0,0.3009101152420044,0.31135347,0.3149783194065094,False,0.0,0.9553359602939888,,,,
S6i,75p_E1_to_E2,75% epiboly,epcam,500.0,0.9099271893501282,0.6458384,0.6572612315416336,True,0.2902307048092679,1.3844224270095105,,,,
S6i,75p_E1_to_E2,75% epiboly,epha2a,500.0,0.6738238930702211,0.3788324,0.3872697949409485,True,0.4377872263938195,1.73993402499404,,,,
S6i,75p_E1_to_E2,75% epiboly,ephb3a,500.0,0.7889366149902344,0.7452785,0.756628292798996,True,0.055337953001474746,1.04270038868322,,,,
S6i,75p_E1_to_E2,75% epiboly,eppk1,500.0,1.6514754295349119,1.29724,1.3185121893882752,True,0.21449632513761785,1.2525295122990978,,,,
S6i,75p_E1_to_E2,75% epiboly,erf,500.0,0.3888662755489349,0.3056171,0.3153011038899421,True,0.2140817724332124,1.2333172029891504,,,,
S6i,75p_E1_to_E2,75% epiboly,esrra,500.0,0.4775149524211884,0.40480405,0.4108695209026337,True,0.1522693711058088,1.1622058296564377,,,,
S6i,75p_E1_to_E2,75% epiboly,ets2,500.0,0.6891971230506897,0.5006106,0.5081215232610703,True,0.27363221168835355,1.3563627823271396,,,,
S6i,75p_E1_to_E2,75% epiboly,etv2,500.0,0.19485479593276975,0.12484424,0.12849481254816056,True,0.3592960462460704,1.5164409525072235,,,,
S6i,75p_E1_to_E2,75% epiboly,etv4,500.0,0.7641913890838623,0.32334387,0.3315286323428154,True,0.5768810305339582,2.3050539667827374,,,,
S6i,75p_E1_to_E2,75% epiboly,etv5a,500.0,0.4402668476104736,0.3863687,0.3939722269773483,True,0.12242156315373065,1.1175073202197754,,,,
S6i,75p_E1_to_E2,75% epiboly,etv5b,500.0,0.3901687562465668,0.14286444,0.14947420731186867,True,0.6338393743119309,2.6102747976612704,,,,
S6i,75p_E1_to_E2,75% epiboly,f11r.1,500.0,0.7156538367271423,0.9271701999999999,0.9397218436002732,False,0.0,0.7615592226581869,,,,
S6i,75p_E1_to_E2,75% epiboly,fbln2,500.0,0.6171597242355347,0.56647724,0.5740483552217484,True,0.08212215268322429,1.0751005879933806,,,,
S6i,75p_E1_to_E2,75% epiboly,flrt3,500.0,1.0798094272613523,0.8307761999999999,0.8447375774383545,True,0.2306270035939112,1.278277960045115,,,,
S6i,75p_E1_to_E2,75% epiboly,fn1a,500.0,1.3361413478851318,1.6482636000000002,1.6711722910404203,False,0.0,0.7995233974668713,,,,
S6i,75p_E1_to_E2,75% epiboly,fn1b,500.0,0.6166018843650818,0.55546355,0.5630406141281128,True,0.09915365723064674,1.0951286086527,,,,
S6i,75p_E1_to_E2,75% epiboly,fnbp1l,500.0,0.5447172522544861,0.61820084,0.6264296591281889,False,0.0,0.869558527948017,,,,
S6i,75p_E1_to_E2,75% epiboly,fosab,500.0,0.23239433765411374,0.17469344,0.1785463348031044,True,0.24828876127552946,1.3015911970995726,,,,
S6i,75p_E1_to_E2,75% epiboly,foxa,500.0,0.5760403275489807,0.46311378,0.4725118920207024,True,0.19603930030287595,1.2191022856282787,,,,
S6i,75p_E1_to_E2,75% epiboly,foxa2,500.0,0.8448899984359741,0.71650696,0.7284517794847488,True,0.15195237328624914,1.1598434134289366,,,,
S6i,75p_E1_to_E2,75% epiboly,foxa3,500.0,1.753496170043945,0.686448,0.6986621171236038,True,0.6085261035942207,2.5097913956793585,,,,
S6i,75p_E1_to_E2,75% epiboly,foxb1a,500.0,0.8702006340026855,0.46178362,0.4724039793014526,True,0.4693366107872958,1.842068805790878,,,,
S6i,75p_E1_to_E2,75% epiboly,foxc1a,500.0,1.5158571004867554,0.84652984,0.8620150864124299,True,0.4415503670159897,1.758504142654292,,,,
S6i,75p_E1_to_E2,75% epiboly,foxc1b,500.0,0.5270243287086487,0.49838218,0.5054309844970704,True,0.054346917626451295,1.0427226364704665,,,,
S6i,75p_E1_to_E2,75% epiboly,foxd3,500.0,0.836279034614563,0.5382808000000001,0.547000589966774,True,0.3563383000126725,1.528844849445885,,,,
S6i,75p_E1_to_E2,75% epiboly,foxd5,500.0,1.157117486000061,0.62762684,0.6407128989696502,True,0.457594545157653,1.805984377497092,,,,
S6i,75p_E1_to_E2,75% epiboly,foxg1a,500.0,0.2225671112537384,0.09545009,0.09858948402106762,True,0.5711401929777977,2.257513704059735,,,,
S6i,75p_E1_to_E2,75% epiboly,foxh1,500.0,0.4628404080867767,0.30245557,0.3091822639107704,True,0.3465229720881317,1.4969824020059308,,,,
S6i,75p_E1_to_E2,75% epiboly,foxi1,500.0,0.6699957847595215,0.21580586,0.2218197114765644,True,0.6778996774567766,3.020451971105857,,,,
S6i,75p_E1_to_E2,75% epiboly,foxn2b,500.0,0.5776041746139526,0.5066271,0.5149385333061218,True,0.12288188851246415,1.1216953815933934,,,,
S6i,75p_E1_to_E2,75% epiboly,foxo1a,500.0,0.10879450291395187,0.07555838,0.07823430672287941,True,0.3054945124180677,1.3906239790597545,,,,
S6i,75p_E1_to_E2,75% epiboly,foxp1b,500.0,0.4936002492904663,0.5048853,0.5112868696451187,False,0.0,0.9654076382463556,,,,
S6i,75p_E1_to_E2,75% epiboly,foxp2,500.0,0.5690862536430359,0.42812467,0.4337539359927177,True,0.24769810644111245,1.3120025120707843,,,,
S6i,75p_E1_to_E2,75% epiboly,frmd4ba,500.0,0.8469985127449036,0.5264244,0.5343988746404648,True,0.3784824884131393,1.5849556444420865,,,,
S6i,75p_E1_to_E2,75% epiboly,fscn1a,500.0,0.9693816900253296,0.9762542,0.99909188747406,False,0.0,0.9702627978254885,,,,
S6i,75p_E1_to_E2,75% epiboly,fzd7a,500.0,0.3291827142238617,0.15877435,0.16408778503537175,True,0.5176710706467108,2.0061378374563414,,,,
S6i,75p_E1_to_E2,75% epiboly,fzd7b,500.0,0.4662952423095703,0.37113556,0.3782951548695565,True,0.20407602526659385,1.232622824551792,,,,
S6i,75p_E1_to_E2,75% epiboly,gadd45gip1,500.0,0.4381982982158661,0.39961934,0.4058375060558319,True,0.08803995240587358,1.0797382984005974,,,,
S6i,75p_E1_to_E2,75% epiboly,gapdh,500.0,0.4238094389438629,0.42873249999999996,0.4341887623071671,False,0.0,0.9760949055702153,,,,
S6i,75p_E1_to_E2,75% epiboly,gata2a,500.0,1.215243220329285,0.3884019,0.3964998692274094,True,0.6803916374400775,3.0649271655428763,,,,
S6i,75p_E1_to_E2,75% epiboly,gata3,500.0,0.3197868764400482,0.2536837,0.2585639253258705,True,0.20671014057711706,1.2367807150089396,,,,
S6i,75p_E1_to_E2,75% epiboly,gata5,500.0,0.7719800472259521,0.66885114,0.679300719499588,True,0.13359012378011928,1.1364334308296289,,,,
S6i,75p_E1_to_E2,75% epiboly,gata6,500.0,1.6296606063842771,1.3502777,1.3708074331283568,True,0.17143627514376855,1.1888326303171441,,,,
S6i,75p_E1_to_E2,75% epiboly,gbx1,500.0,0.7608775496482849,0.48624665,0.4946320652961731,True,0.36093968645104696,1.5382697625813861,,,,
S6i,75p_E1_to_E2,75% epiboly,gcm2,500.0,0.18975700438022614,0.12299383,0.12621283754706386,True,0.35183511529460765,1.5034683322880458,,,,
S6i,75p_E1_to_E2,75% epiboly,gfi1aa,500.0,0.35465338826179504,0.32532150000000004,0.3296686694025993,True,0.08270580149414382,1.0757873622157397,,,,
S6i,75p_E1_to_E2,75% epiboly,gli1,500.0,0.5891605615615845,0.2766167,0.2835988372564316,True,0.5304901403959381,2.0774435017477253,,,,
S6i,75p_E1_to_E2,75% epiboly,gli2a,500.0,0.5341634750366211,0.45688942,0.4648401752114296,True,0.14466368050261466,1.149133623817391,,,,
S6i,75p_E1_to_E2,75% epiboly,gmnn,500.0,0.4382682740688324,0.4734839,0.4817953273653984,False,0.0,0.9096565474501693,,,,
S6i,75p_E1_to_E2,75% epiboly,gpr137bb,500.0,0.2945298254489899,0.3689844,0.37519525438547136,False,0.0,0.7850041331983195,,,,
S6i,75p_E1_to_E2,75% epiboly,grhl1,500.0,1.4545958042144775,1.4139411,1.4327190041542053,True,0.02794911077939956,1.0152694282667012,,,,
S6i,75p_E1_to_E2,75% epiboly,grhl2b,500.0,0.5110744237899779,0.50874025,0.5180983304977417,False,0.004567196841390529,0.9864429080460154,,,,
S6i,75p_E1_to_E2,75% epiboly,gsc,500.0,0.3802870213985443,0.26961938,0.2741608947515488,True,0.29101084103331304,1.3870943255535022,,,,
S6i,75p_E1_to_E2,75% epiboly,h1-0,500.0,0.5334222316741943,0.490802,0.4977314382791519,True,0.07989963505688688,1.071706929983043,,,,
S6i,75p_E1_to_E2,75% epiboly,hdlbpa,500.0,0.1111297607421875,0.14503188,0.1517697438597679,False,0.0,0.7322260545215724,,,,
S6i,75p_E1_to_E2,75% epiboly,helb,500.0,0.5448405742645264,0.43491924,0.4414838790893555,True,0.20174954173042767,1.2341120481870453,,,,
S6i,75p_E1_to_E2,75% epiboly,hells,500.0,0.3696435689926148,0.30547807,0.3100458309054375,True,0.17358749933484804,1.192222349557586,,,,
S6i,75p_E1_to_E2,75% epiboly,her1,500.0,0.8059102892875671,0.38189120000000004,0.3897884085774422,True,0.5261368466416995,2.067558376681309,,,,
S6i,75p_E1_to_E2,75% epiboly,her11,500.0,0.3612290918827057,0.28158465,0.2863080441951752,True,0.2204818033606095,1.2616798556887807,,,,
S6i,75p_E1_to_E2,75% epiboly,her12,500.0,0.3657677173614502,0.31629753,0.32095411568880083,True,0.13525028012418674,1.1396261941569894,,,,
S6i,75p_E1_to_E2,75% epiboly,her2,500.0,0.4361658692359924,0.33399686,0.3383452892303467,True,0.2342434708196581,1.289114650386189,,,,
S6i,75p_E1_to_E2,75% epiboly,her3,500.0,0.23898513615131375,0.19513035,0.19913351386785508,True,0.1835042490591576,1.2001251397085484,,,,
S6i,75p_E1_to_E2,75% epiboly,her5,500.0,0.5880835652351379,0.42525816,0.4321089684963226,True,0.2768746063029036,1.3609612577160448,,,,
S6i,75p_E1_to_E2,75% epiboly,her6,500.0,0.8291313052177429,0.6545810000000001,0.6656716704368592,True,0.2105218965652961,1.2455559430276046,,,,
S6i,75p_E1_to_E2,75% epiboly,her7,500.0,0.4419011175632477,0.2504084,0.2555716887116432,True,0.43333836219556304,1.7290691304303134,,,,
S6i,75p_E1_to_E2,75% epiboly,her8a,500.0,0.7322263121604919,0.4626246,0.4726888403296471,True,0.3681945024546349,1.5490662137270828,,,,
S6i,75p_E1_to_E2,75% epiboly,her9,500.0,1.2945196628570557,0.6110273,0.6203920900821686,True,0.5279891701225632,2.0866153575323656,,,,
S6i,75p_E1_to_E2,75% epiboly,hes6,500.0,0.35660529136657715,0.28639638,0.29088135063648224,True,0.19688128254723009,1.2259475919865033,,,,
S6i,75p_E1_to_E2,75% epiboly,hesx1,500.0,0.4391622841358185,0.38788515,0.3938705071806908,True,0.11676123541235278,1.114991541964704,,,,
S6i,75p_E1_to_E2,75% epiboly,hic1l,500.0,0.44898393750190735,0.394538,0.39943787902593614,True,0.12126481067447192,1.124039459143919,,,,
S6i,75p_E1_to_E2,75% epiboly,higd1a,500.0,0.273676872253418,0.20912683,0.2130644403398037,True,0.23586224740479006,1.2844793425732945,,,,
S6i,75p_E1_to_E2,75% epiboly,hivep2a,500.0,0.396388590335846,0.30733314,0.31178651601076124,True,0.22466703366781965,1.2713461614939265,,,,
S6i,75p_E1_to_E2,75% epiboly,hoxb7a,500.0,0.3383682668209076,0.27868333,0.2831951275467873,True,0.17639045408325266,1.194823758982241,,,,
S6i,75p_E1_to_E2,75% epiboly,hoxb8a,500.0,0.3140418529510498,0.29677109999999995,0.30174471735954284,True,0.05499503866952832,1.0407534411840402,,,,
S6i,75p_E1_to_E2,75% epiboly,hoxb9a,500.0,0.3310919404029846,0.19811209,0.20244607031345369,True,0.4016402657808984,1.6354574820362995,,,,
S6i,75p_E1_to_E2,75% epiboly,hoxc3a,500.0,0.3415782451629639,0.27488446,0.2791410475969315,True,0.19525184566299733,1.2236761597892591,,,,
S6i,75p_E1_to_E2,75% epiboly,hoxc6a,500.0,0.3120706081390381,0.23684077,0.24095728993415835,True,0.24106672185215436,1.2951283118444412,,,,
S6i,75p_E1_to_E2,75% epiboly,hoxc8a,500.0,0.1697072684764862,0.114227265,0.11756289973855018,True,0.3269158937916712,1.4435444247624092,,,,
S6i,75p_E1_to_E2,75% epiboly,hsp90aa1.2,500.0,0.4483900964260101,0.42179573,0.4285814076662064,True,0.05931078945663065,1.046219197579451,,,,
S6i,75p_E1_to_E2,75% epiboly,id3,500.0,0.7772312760353088,0.76693964,0.7791662842035294,False,0.0132414074259092,0.9975165658378063,,,,
S6i,75p_E1_to_E2,75% epiboly,igf2bp1,500.0,0.20508907735347748,0.09640305,0.10139684081077577,True,0.5299454818050474,2.0226377440714307,,,,
S6i,75p_E1_to_E2,75% epiboly,igfbp1a,500.0,0.42037296295166016,0.33992484,0.3452180698513985,True,0.19137320408899414,1.2177026629359597,,,,
S6i,75p_E1_to_E2,75% epiboly,irf2a,500.0,0.4831123948097229,0.39342849999999996,0.3986670270562172,True,0.1856377342130396,1.2118192928496136,,,,
S6i,75p_E1_to_E2,75% epiboly,irx3a,500.0,0.33022528886795044,0.28881540000000006,0.29325478821992873,True,0.12539887561253882,1.1260695549847097,,,,
S6i,75p_E1_to_E2,75% epiboly,irx5a,500.0,0.4161008596420288,0.3270645,0.33217524737119675,True,0.2139777974947479,1.252654624132928,,,,
S6i,75p_E1_to_E2,75% epiboly,ism1,500.0,0.8747053742408752,0.89209956,0.9044650226831435,False,0.0,0.9670969604175684,,,,
S6i,75p_E1_to_E2,75% epiboly,itga6a,500.0,0.2406103014945984,0.14960279999999998,0.1529373675584793,True,0.3782360951364345,1.5732603832258012,,,,
S6i,75p_E1_to_E2,75% epiboly,itgb5,500.0,0.5380216836929321,0.39424628,0.4015654519200325,True,0.26722975645282904,1.3398106862043337,,,,
S6i,75p_E1_to_E2,75% epiboly,itm2cb,500.0,0.4371144771575928,0.37567008,0.3812954694032669,True,0.14056821485433274,1.1463930527202,,,,
S6i,75p_E1_to_E2,75% epiboly,jcada,500.0,0.5359104275703429,0.4336116,0.4395224153995514,True,0.1908879184214141,1.2193016983745169,,,,
S6i,75p_E1_to_E2,75% epiboly,kank1a,500.0,0.4183744788169861,0.36563808,0.37118932157754897,True,0.12605071348291155,1.1271188433947963,,,,
S6i,75p_E1_to_E2,75% epiboly,kazald2,500.0,0.43258386850357056,0.35966295,0.3649164214730263,True,0.16857059121717746,1.1854327266429858,,,,
S6i,75p_E1_to_E2,75% epiboly,kdrl,500.0,0.3456116318702698,0.3072034,0.3121185198426247,True,0.11113115495116672,1.1073089544463202,,,,
S6i,75p_E1_to_E2,75% epiboly,kif15,500.0,0.3169442117214203,0.23588324,0.23960735499858854,True,0.2557578677640365,1.3227649532014045,,,,
S6i,75p_E1_to_E2,75% epiboly,klf17,500.0,0.3234425485134125,0.22571623,0.22959494441747666,True,0.3021442778913825,1.408752920644851,,,,
S6i,75p_E1_to_E2,75% epiboly,klf2a,500.0,0.7462368011474609,0.32050246,0.3288384974002838,True,0.570508370117804,2.269310944573173,,,,
S6i,75p_E1_to_E2,75% epiboly,klf2b,500.0,1.5740480422973633,0.6253984,0.6386390298604965,True,0.6026815061293214,2.4646912711257194,,,,
S6i,75p_E1_to_E2,75% epiboly,klf3,500.0,0.7925965189933777,0.6176205,0.6271243900060653,True,0.22076300747738514,1.2638585448505868,,,,
S6i,75p_E1_to_E2,75% epiboly,klf7a,500.0,0.36964091658592224,0.38642055,0.39163157641887664,False,0.0,0.943848603746308,,,,
S6i,75p_E1_to_E2,75% epiboly,kmt2bb,500.0,0.3759148418903351,0.3514828,0.3557102903723717,True,0.0649935319859685,1.0568005820040025,,,,
S6i,75p_E1_to_E2,75% epiboly,kmt5aa,500.0,0.3264269232749939,0.2453321,0.2532594323158264,True,0.2484317638798985,1.2889033205599394,,,,
S6i,75p_E1_to_E2,75% epiboly,krt18a.1,500.0,3.399775743484497,2.5739806,2.6084749817848207,True,0.24289695437342165,1.303357619768405,,,,
S6i,75p_E1_to_E2,75% epiboly,krt4,500.0,3.6207065582275386,2.9072923999999998,2.9479969739913936,True,0.19703728560343425,1.228192087770477,,,,
S6i,75p_E1_to_E2,75% epiboly,krt8,500.0,3.0724883079528813,2.5395966,2.580370211601257,True,0.1734397976247289,1.1907160818006184,,,,
S6i,75p_E1_to_E2,75% epiboly,krt99,500.0,1.8807325363159182,1.0851915,1.1025952756404878,True,0.4229953130966066,1.705732445863617,,,,
S6i,75p_E1_to_E2,75% epiboly,lamc1,500.0,0.4508335590362549,0.7320296,0.7458603978157043,False,0.0,0.6044476424228277,,,,
S6i,75p_E1_to_E2,75% epiboly,lamp2,500.0,0.7293685078620911,1.7130547999999999,1.7344330310821534,False,0.0,0.42052272690345444,,,,
S6i,75p_E1_to_E2,75% epiboly,lbx2,500.0,0.32755157351493835,0.29789475,0.3037531927227974,True,0.09054094026034668,1.0783477552246148,,,,
S6i,75p_E1_to_E2,75% epiboly,lef1,500.0,0.576774001121521,0.39205822,0.3993363603949547,True,0.32025676829468674,1.4443312914232893,,,,
S6i,75p_E1_to_E2,75% epiboly,lft1,500.0,0.4999786019325256,0.29360285,0.2998110830783844,True,0.412769160762872,1.6676454946190504,,,,
S6i,75p_E1_to_E2,75% epiboly,lgals3b,500.0,0.4750361442565918,0.36037129999999995,0.3658021658658981,True,0.24138132225415396,1.298614903310164,,,,
S6i,75p_E1_to_E2,75% epiboly,lhfpl6,500.0,0.372008204460144,0.29858023,0.3046148270368576,True,0.19738267677274246,1.2212412904481893,,,,
S6i,75p_E1_to_E2,75% epiboly,lhx1a,500.0,0.579043447971344,0.34573108,0.3525969281792641,True,0.4029272228368097,1.6422248797271202,,,,
S6i,75p_E1_to_E2,75% epiboly,lhx5,500.0,0.7061936259269714,0.382044,0.3887463852763176,True,0.4590095782709652,1.8165921348053566,,,,
S6i,75p_E1_to_E2,75% epiboly,lima1a,500.0,0.5895657539367676,0.40002322,0.4088838011026382,True,0.32149515249403715,1.4418907091620743,,,,
S6i,75p_E1_to_E2,75% epiboly,lmnb1,500.0,0.4017933309078217,0.23548096,0.2428761996328831,True,0.41392515487562737,1.6543133148293168,,,,
S6i,75p_E1_to_E2,75% epiboly,lmo2,500.0,0.33251360058784485,0.32202104,0.32619959115982056,True,0.031555290457686694,1.019356276338589,,,,
S6i,75p_E1_to_E2,75% epiboly,lratb.1,500.0,0.3678870797157288,0.279078,0.28379943072795866,True,0.2414030768353375,1.2962925217012644,,,,
S6i,75p_E1_to_E2,75% epiboly,lratd1,500.0,0.4726137518882752,0.37121361,0.3763809010386467,True,0.21455181221980732,1.2556794209909905,,,,
S6i,75p_E1_to_E2,75% epiboly,mab21l2,500.0,0.2484739124774933,0.22556034,0.23010881021618845,True,0.0922172269271923,1.0798105133134657,,,,
S6i,75p_E1_to_E2,75% epiboly,mad1l1,500.0,0.4232865571975708,0.4045568,0.4108879834413529,True,0.044248384512157166,1.030175070228082,,,,
S6i,75p_E1_to_E2,75% epiboly,map1lc3b,500.0,0.4819539785385132,0.41914982,0.4261833056807518,True,0.13031153450115174,1.1308607637004404,,,,
S6i,75p_E1_to_E2,75% epiboly,map2k6,500.0,0.5396012663841248,0.371085,0.3796254590153694,True,0.31229778127864033,1.4214043172543878,,,,
S6i,75p_E1_to_E2,75% epiboly,mcama,500.0,0.3786415457725525,0.3743416,0.379768979549408,False,0.01135622523927789,0.9970312641696191,,,,
S6i,75p_E1_to_E2,75% epiboly,mcm2,500.0,0.5776067972183228,0.35162205,0.3622420758008957,True,0.3912432354787107,1.5945325952024443,,,,
S6i,75p_E1_to_E2,75% epiboly,mcm3,500.0,0.6655992269515991,0.17964318,0.18626881539821624,True,0.7301030760366662,3.573326139046102,,,,
S6i,75p_E1_to_E2,75% epiboly,mcm4,500.0,0.5033543705940247,0.16662988,0.1736728474497795,True,0.6689610930166604,2.8982905387071414,,,,
S6i,75p_E1_to_E2,75% epiboly,mcm5,500.0,0.6571070551872253,0.43614894,0.4436433270573616,True,0.33625892756149595,1.4811606872253567,,,,
S6i,75p_E1_to_E2,75% epiboly,mcm7,500.0,0.33005282282829285,0.11285698400000001,0.11673666760325432,True,0.6580638724086851,2.8273277763078086,,,,
S6i,75p_E1_to_E2,75% epiboly,mdm2,500.0,0.5497761368751526,0.47455394,0.4811373680830002,True,0.13682331616345825,1.1426594011303475,,,,
S6i,75p_E1_to_E2,75% epiboly,mef2d,500.0,0.5420100092887878,0.4050032,0.4112035542726517,True,0.2527754412284313,1.3181063336077194,,,,
S6i,75p_E1_to_E2,75% epiboly,meis1b,500.0,0.8396946787834167,0.819729,0.8306921929121017,True,0.02377734283691656,1.0108373305396738,,,,
S6i,75p_E1_to_E2,75% epiboly,meis2a,500.0,0.3007480502128601,0.27596176,0.2808505415916443,True,0.08241547530924755,1.0708473215271441,,,,
S6i,75p_E1_to_E2,75% epiboly,meis3,500.0,0.5814753770828247,0.33291447,0.3402144223451614,True,0.4274659173076872,1.7091438189909955,,,,
S6i,75p_E1_to_E2,75% epiboly,meox1,500.0,0.4124576151371002,0.30458668,0.3103136464953423,True,0.2615321730885771,1.3291636374853757,,,,
S6i,75p_E1_to_E2,75% epiboly,mespaa,500.0,0.33469104766845703,0.17528870000000002,0.17902735695242886,True,0.4762671178718275,1.8694966700390439,,,,
S6i,75p_E1_to_E2,75% epiboly,mespab,500.0,0.3776887059211731,0.28092158,0.28629311472177504,True,0.25620868719882145,1.3192378248014032,,,,
S6i,75p_E1_to_E2,75% epiboly,mgst3b,500.0,0.4587329030036926,0.41280532,0.4186422273516655,True,0.1001183561732119,1.0957635733634448,,,,
S6i,75p_E1_to_E2,75% epiboly,mibp2,500.0,0.4528219103813171,0.39144403,0.3962613895535469,True,0.1355453028007694,1.1427353820454091,,,,
S6i,75p_E1_to_E2,75% epiboly,mixl1,500.0,0.5684058666229248,0.47722393,0.4841261729598045,True,0.16041694717472285,1.1740862163015462,,,,
S6i,75p_E1_to_E2,75% epiboly,mki67,500.0,0.278483510017395,0.09969654,0.10397184267640114,True,0.642002000993969,2.6784512311101265,,,,
S6i,75p_E1_to_E2,75% epiboly,mns1,500.0,0.4900946915149689,0.4495657,0.4552800089120865,True,0.08269622907452663,1.0764687267645987,,,,
S6i,75p_E1_to_E2,75% epiboly,msgn1,500.0,1.398975849151611,0.620132,0.6340344786643982,True,0.5567242783836339,2.2064665191372113,,,,
S6i,75p_E1_to_E2,75% epiboly,msx1b,500.0,1.2080748081207275,0.50454104,0.5152858823537827,True,0.5823594399325996,2.3444748817924976,,,,
S6i,75p_E1_to_E2,75% epiboly,msx3,500.0,0.4455162882804871,0.2850459,0.2898138791322708,True,0.3601897405359513,1.5372496638684232,,,,
S6i,75p_E1_to_E2,75% epiboly,mycb,500.0,0.15018709003925326,0.10446199999999999,0.1075038369745016,True,0.3044542129412132,1.3970393454409962,,,,
S6i,75p_E1_to_E2,75% epiboly,mych,500.0,0.3974682092666626,0.23257446,0.2404380977153778,True,0.4148602140540249,1.6530999581321406,,,,
S6i,75p_E1_to_E2,75% epiboly,mycla,500.0,0.5741305947303772,0.34753892,0.35655653327703474,True,0.3946692243078064,1.610209156606011,,,,
S6i,75p_E1_to_E2,75% epiboly,myclb,500.0,0.8074007034301758,0.49309949999999997,0.5017360478639603,True,0.3892753516626684,1.609214061591789,,,,
S6i,75p_E1_to_E2,75% epiboly,mycn,500.0,0.8652365803718567,0.5408474,0.5532095909118653,True,0.3749138293944976,1.564030332420072,,,,
S6i,75p_E1_to_E2,75% epiboly,myod1,500.0,0.3954370021820069,0.34191853,0.3474093198776245,True,0.13534007643874318,1.1382452328029087,,,,
S6i,75p_E1_to_E2,75% epiboly,nanog,500.0,0.4988545179367066,0.38444656,0.3898491859436035,True,0.2293413259508757,1.2796089768130798,,,,
S6i,75p_E1_to_E2,75% epiboly,nanos3,500.0,1.2272576093673706,0.15841591,0.16468693912029264,True,0.8709187766507239,7.452063994406637,,,,
S6i,75p_E1_to_E2,75% epiboly,nap1l1,500.0,0.3931826651096344,0.32281244,0.33054378181695937,True,0.17897591461424947,1.1895025310969598,,,,
S6i,75p_E1_to_E2,75% epiboly,nasp,500.0,0.5995004773139954,0.32648540000000004,0.3360541224479675,True,0.4554042777508615,1.7839402562508908,,,,
S6i,75p_E1_to_E2,75% epiboly,ncapd2,500.0,0.2627302706241608,0.17014649999999998,0.1789621852338314,True,0.3523909723092664,1.468077014598801,,,,
S6i,75p_E1_to_E2,75% epiboly,nckap5l,500.0,0.36115312576293945,0.33549609999999996,0.3447265371680259,True,0.07104196566379674,1.047651070700446,,,,
S6i,75p_E1_to_E2,75% epiboly,ndr1,500.0,0.2532587945461273,0.15994602,0.1639046110212803,True,0.3684482913830445,1.5451596692008005,,,,
S6i,75p_E1_to_E2,75% epiboly,ndr2,500.0,0.812544047832489,0.46136475,0.4699709445238113,True,0.4321972484759827,1.7289240054101283,,,,
S6i,75p_E1_to_E2,75% epiboly,ndufv3,500.0,0.3835809528827667,0.38198784,0.3866872102022171,False,0.00415326395532351,0.9919670026897813,,,,
S6i,75p_E1_to_E2,75% epiboly,nid2a,500.0,0.7796715497970581,0.7282358,0.7386380046606064,True,0.06597107284172016,1.055552983839907,,,,
S6i,75p_E1_to_E2,75% epiboly,nip7,500.0,0.4285229742527008,0.36501026,0.3702368751168251,True,0.14821308665612573,1.1574292110084496,,,,
S6i,75p_E1_to_E2,75% epiboly,nkx1.2la,500.0,0.4145774841308594,0.36936527,0.37404215782880784,True,0.10905611364661066,1.1083710096673216,,,,
S6i,75p_E1_to_E2,75% epiboly,nkx2.2a,500.0,0.2489980459213257,0.15210867,0.15580028370022775,True,0.3891170160866778,1.5981873717278843,,,,
S6i,75p_E1_to_E2,75% epiboly,nkx2.5,500.0,0.4330809116363525,0.34980094,0.3545240044593811,True,0.19229655491713887,1.2215841697285463,,,,
S6i,75p_E1_to_E2,75% epiboly,nog1,500.0,0.6798965930938721,0.5010717,0.5093510031700135,True,0.2630177932898107,1.3348292019892873,,,,
S6i,75p_E1_to_E2,75% epiboly,nop58,500.0,0.4621065855026245,0.1357942,0.14112704023718833,True,0.7061409709085497,3.274401452237464,,,,
S6i,75p_E1_to_E2,75% epiboly,notch1a,500.0,0.6524515151977539,0.28675490000000003,0.2953319981694221,True,0.5604962215612187,2.209213763635135,,,,
S6i,75p_E1_to_E2,75% epiboly,noto,500.0,0.7222261428833008,0.36556327,0.371662063896656,True,0.4938382153123758,1.9432334183133695,,,,
S6i,75p_E1_to_E2,75% epiboly,nr2f2,500.0,0.4090078771114349,0.34940594,0.35395502895116804,True,0.1457231904309136,1.1555362790674235,,,,
S6i,75p_E1_to_E2,75% epiboly,nr6a1a,500.0,0.3322286009788513,0.29525316,0.2997847661375999,True,0.11129518426242732,1.1082237608643524,,,,
S6i,75p_E1_to_E2,75% epiboly,nrarpa,500.0,0.6232168674468994,0.28267729999999996,0.2918392553925514,True,0.5464222687331601,2.1354799120790444,,,,
S6i,75p_E1_to_E2,75% epiboly,ntd5,500.0,0.4796727001667023,0.35556352,0.3628620088100433,True,0.2587372154770895,1.3219149112350554,,,,
S6i,75p_E1_to_E2,75% epiboly,oclna,500.0,0.9207748770713806,1.1376343,1.154903268814087,False,0.0,0.797274457467662,,,,
S6i,75p_E1_to_E2,75% epiboly,olig4,500.0,0.3726756870746613,0.29255256,0.2987076133489609,True,0.21499424106717668,1.2476270119010602,,,,
S6i,75p_E1_to_E2,75% epiboly,osr1,500.0,0.4605895876884461,0.47146899,0.4789730936288834,False,0.0,0.9616189172524142,,,,
S6i,75p_E1_to_E2,75% epiboly,otx2b,500.0,0.6077170372009277,0.36776859999999995,0.375045157968998,True,0.3948358147472489,1.6203836372449925,,,,
S6i,75p_E1_to_E2,75% epiboly,pax2a,500.0,0.25591227412223816,0.1589784,0.16309910789132118,True,0.37877773483167737,1.5690599257769193,,,,
S6i,75p_E1_to_E2,75% epiboly,pax3a,500.0,0.46979144215583796,0.35749242,0.36308609396219255,True,0.2390401675760939,1.293884425672211,,,,
S6i,75p_E1_to_E2,75% epiboly,pax6a,500.0,0.35888180136680603,0.33589053,0.3401995599269867,True,0.06406362690815329,1.054915536762684,,,,
S6i,75p_E1_to_E2,75% epiboly,pax6b,500.0,0.3745119571685791,0.22884491,0.2333851769566536,True,0.3889516570039667,1.6046947027751333,,,,
S6i,75p_E1_to_E2,75% epiboly,pbx1b,500.0,0.2636537849903107,0.21892194,0.22287376672029496,True,0.16966128702813338,1.1829736126871961,,,,
S6i,75p_E1_to_E2,75% epiboly,pbx4,500.0,0.1010722890496254,0.05787612,0.06144615598022937,True,0.4273789403902919,1.6448919779806233,,,,
S6i,75p_E1_to_E2,75% epiboly,pcdh10b,500.0,1.159099578857422,0.94185054,0.9556482553482056,True,0.18742913878841927,1.2128935226644513,,,,
S6i,75p_E1_to_E2,75% epiboly,pcdh7b,500.0,0.2507152259349823,0.12165695,0.1250681050121784,True,0.5147604363308544,2.0046296048906243,,,,
S6i,75p_E1_to_E2,75% epiboly,PCDH8,500.0,0.1313706785440445,0.06365855,0.06623488329350949,True,0.5154280156944022,1.9834062054868573,,,,
S6i,75p_E1_to_E2,75% epiboly,pcdh8,500.0,0.5844557285308838,0.46976164,0.4771951749920845,True,0.19624084956055451,1.2247729213535707,,,,
S6i,75p_E1_to_E2,75% epiboly,pdap1a,500.0,0.4566235840320587,0.39166206,0.3967888757586479,True,0.142264931311675,1.150797343194183,,,,
S6i,75p_E1_to_E2,75% epiboly,perp,500.0,1.5672044754028318,1.8379738,1.8626581609249115,False,0.0,0.8413806184515517,,,,
S6i,75p_E1_to_E2,75% epiboly,pfn2,500.0,0.4386849403381348,0.37662035,0.3829999879002571,True,0.1414787296369848,1.145391525318741,,,,
S6i,75p_E1_to_E2,75% epiboly,pitx2,500.0,0.3769559562206268,0.30856752,0.3131667152047157,True,0.1814228721837764,1.203690998815798,,,,
S6i,75p_E1_to_E2,75% epiboly,pknox1.1,500.0,0.5063629150390625,0.4992861,0.5076167345046997,False,0.01397580561624228,0.9975299879211812,,,,
S6i,75p_E1_to_E2,75% epiboly,plagl2,500.0,0.4151993989944458,0.34490025,0.3497159898281097,True,0.16931418670119686,1.1872473980915832,,,,
S6i,75p_E1_to_E2,75% epiboly,plekhg5b,500.0,0.5747483968734741,0.46282070000000003,0.469829174876213,True,0.19474206231920216,1.2233135522605731,,,,
S6i,75p_E1_to_E2,75% epiboly,pmp22b,500.0,0.2782174646854401,0.17913574,0.18264380767941474,True,0.35613050026945736,1.5232789341195783,,,,
S6i,75p_E1_to_E2,75% epiboly,pold3,500.0,0.442886620759964,0.38234746,0.3871307790279389,True,0.13669222180299875,1.1440232726316013,,,,
S6i,75p_E1_to_E2,75% epiboly,ppan,500.0,0.4679175913333893,0.36527416,0.3720546960830689,True,0.2193621956817364,1.2576580708684753,,,,
S6i,75p_E1_to_E2,75% epiboly,ppp1r7,500.0,0.4726264178752899,0.34825104,0.3529164135456085,True,0.2631578947368421,1.339202144572998,,,,
S6i,75p_E1_to_E2,75% epiboly,prdm1a,500.0,1.326513409614563,0.9737165999999999,0.9875185310840606,True,0.2659579544593664,1.3432795110774949,,,,
S6i,75p_E1_to_E2,75% epiboly,prickle1b,500.0,0.8571823239326477,0.55214775,0.5630026489496229,True,0.355857288851998,1.5225191667070606,,,,
S6i,75p_E1_to_E2,75% epiboly,prmt1,500.0,0.4462549090385437,0.15781517,0.16435228511691094,True,0.6463564432079167,2.7152339787737247,,,,
S6i,75p_E1_to_E2,75% epiboly,prox1a,500.0,0.5835123658180237,0.36175308,0.3689128577709198,True,0.3800421421955884,1.5817078573617014,,,,
S6i,75p_E1_to_E2,75% epiboly,ptp4a2b,500.0,0.40431782603263855,0.31378585,0.3217295348644257,True,0.22391289525678956,1.2567009932831157,,,,
S6i,75p_E1_to_E2,75% epiboly,pttg1,500.0,0.4365423619747162,0.39649484,0.4022481575608253,True,0.0917380072311919,1.0852563368390447,,,,
S6i,75p_E1_to_E2,75% epiboly,rab11fip4a,500.0,0.5518494248390198,0.50159156,0.5090413391590118,True,0.09107169338608632,1.0840954994946603,,,,
S6i,75p_E1_to_E2,75% epiboly,rac1a,500.0,0.25856760144233704,0.20218214,0.21100159734487534,True,0.2180685329530391,1.225429592458092,,,,
S6i,75p_E1_to_E2,75% epiboly,raraa,500.0,0.5693798065185547,0.46599978,0.472783274948597,True,0.18156601841088846,1.2043146123992226,,,,
S6i,75p_E1_to_E2,75% epiboly,rasgef1ba,500.0,0.6813525557518005,0.515311,0.5235357165336608,True,0.24369403419536306,1.301444264897623,,,,
S6i,75p_E1_to_E2,75% epiboly,rasl11b,500.0,1.0022027492523191,0.5578126999999999,0.5676618486642837,True,0.4434133301360305,1.7654925227237241,,,,
S6i,75p_E1_to_E2,75% epiboly,rbbp4,500.0,0.5367457866668701,0.2283439,0.2363528355956077,True,0.574577184040155,2.2709513313613265,,,,
S6i,75p_E1_to_E2,75% epiboly,rbm4.3,500.0,0.4858474433422089,0.16987623,0.17753165811300278,True,0.6503506706247909,2.736680592669035,,,,
S6i,75p_E1_to_E2,75% epiboly,rbm7,500.0,0.3875057995319367,0.36053798,0.366712361574173,True,0.06959334166862975,1.0567023098662518,,,,
S6i,75p_E1_to_E2,75% epiboly,rbmx,500.0,0.31513410806655884,0.18736447,0.19621825218200686,True,0.4054452718924063,1.606038707215926,,,,
S6i,75p_E1_to_E2,75% epiboly,rcc1,500.0,0.5052260756492615,0.19911583,0.20692492723464967,True,0.6058876663803384,2.4415911722242285,,,,
S6i,75p_E1_to_E2,75% epiboly,rdh10b,500.0,0.5690416097640991,0.55267966,0.5598758488893509,True,0.0287535244299374,1.0163710595713866,,,,
S6i,75p_E1_to_E2,75% epiboly,rfx2,500.0,0.4743861854076386,0.37061062,0.3780400410294533,True,0.21875755249215675,1.254856983180464,,,,
S6i,75p_E1_to_E2,75% epiboly,rhov,500.0,0.4374488592147827,0.43306872,0.440972812473774,False,0.010012911534731292,0.9920086836210545,,,,
S6i,75p_E1_to_E2,75% epiboly,ripply1,500.0,0.4355389475822449,0.43783697,0.4444762095808983,False,0.0,0.9798925976103863,,,,
S6i,75p_E1_to_E2,75% epiboly,rnd1b,500.0,0.599638819694519,0.46377307,0.4704748183488846,True,0.22657930651960634,1.2745396699422322,,,,
S6i,75p_E1_to_E2,75% epiboly,rpl10,500.0,0.7359867095947266,0.7085735,0.7228523910045623,True,0.037246853854546486,1.0181701253998914,,,,
S6i,75p_E1_to_E2,75% epiboly,rpl19,500.0,0.3752164840698242,0.2614864,0.2691020354628563,True,0.30310521473250257,1.3943279300152849,,,,
S6i,75p_E1_to_E2,75% epiboly,rpl31,500.0,0.3569923341274261,0.27156672,0.2798513889312744,True,0.2392925761822572,1.275649677819165,,,,
S6i,75p_E1_to_E2,75% epiboly,rpl34,500.0,0.4008392989635468,0.35656124,0.3613565504550934,True,0.1104633591166054,1.109262578632458,,,,
S6i,75p_E1_to_E2,75% epiboly,rpl38,500.0,0.4039912521839142,0.34433997,0.34856852442026137,True,0.14765489373213345,1.1590009535595098,,,,
S6i,75p_E1_to_E2,75% epiboly,rpl4,500.0,0.3749946653842926,0.28967732,0.2976467713713646,True,0.2275161524924673,1.2598647170152686,,,,
S6i,75p_E1_to_E2,75% epiboly,rpl5a,500.0,0.2248690873384476,0.18074778,0.18913201689720152,True,0.19620887262487136,1.1889530446908423,,,,
S6i,75p_E1_to_E2,75% epiboly,rpl6,500.0,0.2675536572933197,0.18200410000000003,0.1900428920984268,True,0.3197473136227444,1.4078593223825946,,,,
S6i,75p_E1_to_E2,75% epiboly,rplp0,500.0,0.1847612410783768,0.054539795999999995,0.05617950093001127,True,0.7048093223090001,3.288766151706356,,,,
S6i,75p_E1_to_E2,75% epiboly,rplp2l,500.0,0.4946475327014923,0.14682367,0.15322670340538025,True,0.7031751606269744,3.2282071056037855,,,,
S6i,75p_E1_to_E2,75% epiboly,rps3,500.0,0.20337702333927155,0.13216716,0.1392581954598427,True,0.35013720654895764,1.4604312706171647,,,,
S6i,75p_E1_to_E2,75% epiboly,rps6,500.0,0.13132904469966888,0.047805265,0.04947138987481594,True,0.6359886367749445,2.654646352810954,,,,
S6i,75p_E1_to_E2,75% epiboly,rrbp1b,500.0,1.4141495227813718,1.1684403,1.1856442093849182,True,0.1737504958801276,1.1927267148000464,,,,
S6i,75p_E1_to_E2,75% epiboly,rreb1a,500.0,0.8708710074424744,0.8709551,0.8842943400144577,False,0.0,0.9848202889416166,,,,
S6i,75p_E1_to_E2,75% epiboly,rreb1b,500.0,0.796840250492096,0.6607751999999999,0.6694317191839217,True,0.1707557641280295,1.1903234156031521,,,,
S6i,75p_E1_to_E2,75% epiboly,rrm2,500.0,0.29393327236175537,0.11245813,0.11741969622671605,True,0.6174025100874361,2.5032705909426283,,,,
S6i,75p_E1_to_E2,75% epiboly,rrp8,500.0,0.2953469455242157,0.2522977,0.25695387423038485,True,0.14575822342215328,1.1494161993424845,,,,
S6i,75p_E1_to_E2,75% epiboly,rx3,500.0,0.37551775574684143,0.31429583,0.3200338199734688,True,0.16303337583237204,1.173368976372473,,,,
S6i,75p_E1_to_E2,75% epiboly,rxraa,500.0,0.2602555453777313,0.13739996,0.1408723048865795,True,0.4720575256732519,1.8474571391961736,,,,
S6i,75p_E1_to_E2,75% epiboly,rxrgb,500.0,0.43042868375778204,0.41917226,0.4248248487710953,True,0.02615166460219944,1.013190930339638,,,,
S6i,75p_E1_to_E2,75% epiboly,sall1a,500.0,0.31607624888420105,0.22415534,0.2288289412856102,True,0.29081879005547834,1.381277416695706,,,,
S6i,75p_E1_to_E2,75% epiboly,sall3a,500.0,0.4851697981357575,0.44043422,0.4463930010795593,True,0.09220602942443844,1.0868669467541385,,,,
S6i,75p_E1_to_E2,75% epiboly,sall3b,500.0,0.4813547432422638,0.32163987,0.3272246986627579,True,0.33180285402330484,1.4710220384016746,,,,
S6i,75p_E1_to_E2,75% epiboly,sdc4,500.0,0.5331609249114989,0.6913258000000001,0.7008919298648835,False,0.0,0.760689204988108,,,,
S6i,75p_E1_to_E2,75% epiboly,sebox,500.0,0.15044264495372772,0.082095474,0.08506036549806595,True,0.4543071611776306,1.768657400809645,,,,
S6i,75p_E1_to_E2,75% epiboly,sept9a,500.0,0.7728716731071472,0.37113214,0.37829457223415375,True,0.5198010894885219,2.04304193037367,,,,
S6i,75p_E1_to_E2,75% epiboly,shha,500.0,0.4923105537891388,0.34439840000000005,0.350760355591774,True,0.30044479754196346,1.4035524424034551,,,,
S6i,75p_E1_to_E2,75% epiboly,si:ch211-106e7.2,500.0,0.4949884414672852,0.361068,0.366159138083458,True,0.2705526430882044,1.3518396510821569,,,,
S6i,75p_E1_to_E2,75% epiboly,si:ch211-113a14.12,500.0,0.586898684501648,0.45244140000000005,0.4599453002214432,True,0.2290979580006187,1.276018440060334,,,,
S6i,75p_E1_to_E2,75% epiboly,si:ch211-113a14.18,500.0,0.41075944900512695,0.3192562,0.3234501898288727,True,0.22276605624401427,1.269931080338666,,,,
S6i,75p_E1_to_E2,75% epiboly,si:ch211-114n24.6,500.0,0.3855308890342712,0.30123293,0.30619873851537704,True,0.21865421794690432,1.259087123949435,,,,
S6i,75p_E1_to_E2,75% epiboly,si:ch211-155e24.3,500.0,0.4374719262123108,0.31742412,0.3254277139902115,True,0.2744125977016881,1.3442983108238578,,,,
S6i,75p_E1_to_E2,75% epiboly,si:ch211-161h7.4,500.0,0.4061726629734039,0.30205697,0.3103045508265495,True,0.256333584833339,1.3089484568998204,,,,
S6i,75p_E1_to_E2,75% epiboly,si:ch211-163l21.7,500.0,0.1150411069393158,0.07150799,0.07434150315821171,True,0.3784135752624452,1.5474681308836091,,,,
S6i,75p_E1_to_E2,75% epiboly,si:dkey-108k21.14,500.0,0.8843556642532349,0.46834895,0.4803062468767166,True,0.4704065693488709,1.841232900891727,,,,
S6i,75p_E1_to_E2,75% epiboly,si:dkey-108k21.21,500.0,0.14528033137321472,0.07883783,0.08183201476931573,True,0.4573399846844967,1.7753483374784265,,,,
S6i,75p_E1_to_E2,75% epiboly,si:dkey-261h17.1,500.0,0.6195070147514343,0.54644144,0.5551524519920349,True,0.1179414876631328,1.1159223246307894,,,,
S6i,75p_E1_to_E2,75% epiboly,si:dkey-261m9.12,500.0,0.7484669685363771,0.40312916,0.4130904570221901,True,0.4613935185509626,1.811871845047661,,,,
S6i,75p_E1_to_E2,75% epiboly,si:dkey-66i24.9,500.0,0.4089308381080627,0.28900558,0.29734394699335104,True,0.29326538712184913,1.3752788386750205,,,,
S6i,75p_E1_to_E2,75% epiboly,si:dkey-68o6.5,500.0,0.35900601744651794,0.25126573,0.2553576290607452,True,0.3001071786448273,1.4058950138557111,,,,
S6i,75p_E1_to_E2,75% epiboly,si:dkey-92i17.2,500.0,0.43259197473526,0.36293745,0.3694725275039673,True,0.16101668175641035,1.1708366455760773,,,,
S6i,75p_E1_to_E2,75% epiboly,six3b,500.0,0.2817491292953491,0.23947833,0.2440795466303825,True,0.15002990290177673,1.1543332212182895,,,,
S6i,75p_E1_to_E2,75% epiboly,skia,500.0,0.4820893704891205,0.41225758,0.4199447110295296,True,0.14485237139544524,1.1479829554401055,,,,
S6i,75p_E1_to_E2,75% epiboly,skila,500.0,0.4510217308998108,0.40987962,0.4160713970661163,True,0.09121978662565287,1.0840008087076956,,,,
S6i,75p_E1_to_E2,75% epiboly,skilb,500.0,0.4776506125926971,0.40058303,0.4074291974306106,True,0.16134718927928887,1.172352437196271,,,,
S6i,75p_E1_to_E2,75% epiboly,smtnl,500.0,0.9992870092391968,0.6776651,0.6880721986293793,True,0.3218513718909359,1.4522996441794171,,,,
S6i,75p_E1_to_E2,75% epiboly,snai1a,500.0,1.1843806505203247,1.1071343,1.1241235613822935,True,0.06522084626491084,1.0536036172606642,,,,
S6i,75p_E1_to_E2,75% epiboly,snai2,500.0,0.5136584043502808,0.3602845,0.3651263564825058,True,0.2985912345183051,1.406796291833541,,,,
S6i,75p_E1_to_E2,75% epiboly,snrpc,500.0,0.4210185706615448,0.38406209999999996,0.3887786030769348,True,0.08777869162816072,1.0829262910290103,,,,
S6i,75p_E1_to_E2,75% epiboly,snrpd3,500.0,0.3102514445781708,0.21619505,0.22048910334706304,True,0.3031618363754935,1.4071055660733331,,,,
S6i,75p_E1_to_E2,75% epiboly,snrpg,500.0,0.3649660646915436,0.31977057,0.32394797354936605,True,0.12383477395367995,1.1266193787007186,,,,
S6i,75p_E1_to_E2,75% epiboly,sox10,500.0,0.24320526421070102,0.1709506,0.17457669675350188,True,0.29709331325478,1.3931141368432525,,,,
S6i,75p_E1_to_E2,75% epiboly,sox11a,500.0,1.139524221420288,0.5603899999999999,0.5740825802087783,True,0.5082245861553619,1.9849482647703296,,,,
S6i,75p_E1_to_E2,75% epiboly,sox11b,500.0,0.854497492313385,0.32943326,0.3393085703253746,True,0.614471352682032,2.5183492756872545,,,,
S6i,75p_E1_to_E2,75% epiboly,sox13,500.0,0.5469352006912231,0.44798103,0.4542629793286324,True,0.18092485328654487,1.204005665395744,,,,
S6i,75p_E1_to_E2,75% epiboly,sox17,500.0,0.8411586880683899,0.5528635000000001,0.5633406460285186,True,0.3427358160798866,1.4931617201749134,,,,
S6i,75p_E1_to_E2,75% epiboly,sox19a,500.0,1.6195540428161619,0.38946859999999994,0.39947112649679184,True,0.7595210780311566,4.054245564677047,,,,
S6i,75p_E1_to_E2,75% epiboly,sox2,500.0,0.8864051699638367,0.5512321,0.5623417854309082,True,0.3781262584969241,1.5762747726182342,,,,
S6i,75p_E1_to_E2,75% epiboly,sox3,500.0,0.9644330143928528,0.5805902,0.5889899522066117,True,0.39799843033290505,1.6374354278535121,,,,
S6i,75p_E1_to_E2,75% epiboly,sox32,500.0,2.2740957736968994,1.5805854,1.601410514116287,True,0.3049609524767072,1.4200579761722265,,,,
S6i,75p_E1_to_E2,75% epiboly,sox5,500.0,0.5980554819107056,0.4693718,0.4764794677495957,True,0.2151701475008337,1.2551547808246832,,,,
S6i,75p_E1_to_E2,75% epiboly,sp5a,500.0,0.2493101954460144,0.20711010000000002,0.21116112768650053,True,0.16926739969651408,1.1806633075769122,,,,
S6i,75p_E1_to_E2,75% epiboly,sp5l,500.0,0.7409993410110474,0.19020464,0.19575610384345052,True,0.7433133543641659,3.785319213359687,,,,
S6i,75p_E1_to_E2,75% epiboly,sp8b,500.0,0.7764557003974915,0.5249516,0.533917510509491,True,0.3239130359686384,1.4542615387469842,,,,
S6i,75p_E1_to_E2,75% epiboly,spon1b,500.0,0.1571347415447235,0.08865634,0.09170076102018357,True,0.4357941302595112,1.713559841778606,,,,
S6i,75p_E1_to_E2,75% epiboly,srp19,500.0,0.4247932732105255,0.36103225,0.36528298556804656,True,0.1500989532750696,1.1629155750299602,,,,
S6i,75p_E1_to_E2,75% epiboly,srrm4,500.0,0.3534766733646393,0.37582394,0.3810205265879631,False,0.0,0.9277103166331251,,,,
S6i,75p_E1_to_E2,75% epiboly,stmn1a,500.0,0.4590511918067932,0.39235476,0.3972159445285797,True,0.1452919334564333,1.1556716142188106,,,,
S6i,75p_E1_to_E2,75% epiboly,stox1,500.0,0.48708721995353704,0.43169576,0.4396370649337769,True,0.11371979881221995,1.1079302879681165,,,,
S6i,75p_E1_to_E2,75% epiboly,supt16h,500.0,0.2763613760471344,0.08423721,0.08723021633923053,True,0.6951918113253653,3.168184003721711,,,,
S6i,75p_E1_to_E2,75% epiboly,syne2b,500.0,0.5590826272964478,0.44201899999999994,0.44829840809106825,True,0.20938522471041648,1.2471215984841832,,,,
S6i,75p_E1_to_E2,75% epiboly,tagln2,500.0,1.267484426498413,1.4271731,1.447166621685028,False,0.0,0.875838626669402,,,,
S6i,75p_E1_to_E2,75% epiboly,tbr1b,500.0,0.1627543568611145,0.09004167,0.09314772598445416,True,0.4467633987837682,1.7472713921999268,,,,
S6i,75p_E1_to_E2,75% epiboly,tbx1,500.0,0.5648326277732849,0.5196622999999999,0.5292072355747223,True,0.07997113647187268,1.0673184147980768,,,,
S6i,75p_E1_to_E2,75% epiboly,tbx16,500.0,1.4156556129455566,0.50320405,0.5142816454172134,True,0.6445434588198441,2.752685470229254,,,,
S6i,75p_E1_to_E2,75% epiboly,tbx16l,500.0,1.2179332971572876,0.42056698,0.4282563015818596,True,0.6546880054498659,2.8439354953063876,,,,
S6i,75p_E1_to_E2,75% epiboly,tbx3b,500.0,0.4659432470798493,0.38396478,0.3893027901649475,True,0.17594089108668345,1.196865932767729,,,,
S6i,75p_E1_to_E2,75% epiboly,tbx6,500.0,0.4882791936397553,0.45196790000000003,0.460555775463581,True,0.07436585273705071,1.0601955716400882,,,,
S6i,75p_E1_to_E2,75% epiboly,tbxta,500.0,1.0719420909881592,0.32359433,0.3296697422862053,True,0.6981233086546393,3.251563469411592,,,,
S6i,75p_E1_to_E2,75% epiboly,tbxtb,500.0,0.6100468039512634,0.34898096,0.354615743458271,True,0.4279439528741255,1.720303780091619,,,,
S6i,75p_E1_to_E2,75% epiboly,tcf3b,500.0,0.32652202248573303,0.19963378,0.20615006312727926,True,0.3886054740755081,1.5839045476504892,,,,
S6i,75p_E1_to_E2,75% epiboly,tcf7,500.0,0.5597415566444397,0.39587596,0.4026727750897408,True,0.2927522427284697,1.3900655601057064,,,,
S6i,75p_E1_to_E2,75% epiboly,tcf7l1a,500.0,0.372916966676712,0.2545107,0.2616813898086548,True,0.3175137538772624,1.4250801975233862,,,,
S6i,75p_E1_to_E2,75% epiboly,tcf7l1b,500.0,0.653289794921875,0.43496454,0.444332566857338,True,0.3341935829985519,1.4702721421984515,,,,
S6i,75p_E1_to_E2,75% epiboly,tcf7l2,500.0,0.4529086947441101,0.3422395,0.3467777147889137,True,0.2443521110022745,1.3060490205369717,,,,
S6i,75p_E1_to_E2,75% epiboly,tdgf1,500.0,0.6913349628448486,0.68600315,0.6963029146194458,False,0.007712345788433094,0.9928652434590018,,,,
S6i,75p_E1_to_E2,75% epiboly,tead1a,500.0,0.4670982658863068,0.37810206,0.384744593501091,True,0.1905299339631424,1.2140476403730993,,,,
S6i,75p_E1_to_E2,75% epiboly,tead1b,500.0,0.4177256524562836,0.36379164,0.3690475329756737,True,0.1291134685311582,1.131902031936408,,,,
S6i,75p_E1_to_E2,75% epiboly,tfap2a,500.0,1.3734002113342283,0.6327100999999999,0.6448369145393371,True,0.5393111971305059,2.1298411743616867,,,,
S6i,75p_E1_to_E2,75% epiboly,tlcd5a,500.0,0.5905480980873108,0.40371853,0.41262084394693377,True,0.31636638499163233,1.4312124720564525,,,,
S6i,75p_E1_to_E2,75% epiboly,tmed10,500.0,0.4584963321685791,0.38729835,0.3921101793646812,True,0.15528583678310706,1.1693048441421758,,,,
S6i,75p_E1_to_E2,75% epiboly,tmed2,500.0,0.4014836251735687,0.32306865,0.3273687109351158,True,0.1953130132341812,1.226395839806274,,,,
S6i,75p_E1_to_E2,75% epiboly,tp63,500.0,0.7482528686523438,0.37797672,0.3850654721260071,True,0.4948543047412695,1.9431834916829125,,,,
S6i,75p_E1_to_E2,75% epiboly,tph1b,500.0,0.357343465089798,0.18075836,0.1852395087480545,True,0.4941607313215835,1.9290888186052317,,,,
S6i,75p_E1_to_E2,75% epiboly,tpx2,500.0,0.3602791726589203,0.24832694,0.2524191692471504,True,0.3107374470415701,1.4273051200250217,,,,
S6i,75p_E1_to_E2,75% epiboly,tram1,500.0,0.5304123759269714,0.9259695,0.9393766790628432,False,0.0,0.5646429039053114,,,,
S6i,75p_E1_to_E2,75% epiboly,trps1,500.0,0.4255192279815674,0.39765307,0.4024455308914184,True,0.06548741649423423,1.0573337143017607,,,,
S6i,75p_E1_to_E2,75% epiboly,tshz3b,500.0,0.4667664468288422,0.2837084,0.2896616145968437,True,0.3921834024248244,1.6114197508651473,,,,
S6i,75p_E1_to_E2,75% epiboly,tuba1a,500.0,0.9811864495277404,0.6529609000000001,0.6641486257314682,True,0.3345190439530793,1.4773597527919278,,,,
S6i,75p_E1_to_E2,75% epiboly,tuba8l,500.0,0.35674846172332764,0.32370123,0.333235839009285,True,0.09263453832975288,1.0705585053034692,,,,
S6i,75p_E1_to_E2,75% epiboly,tuba8l2,500.0,0.9906384944915771,1.0696564,1.086211669445038,False,0.0,0.912012384287594,,,,
S6i,75p_E1_to_E2,75% epiboly,tuba8l4,500.0,0.6069159507751465,0.10500696,0.10816373340785504,True,0.8269826935995191,5.611085450301877,,,,
S6i,75p_E1_to_E2,75% epiboly,tubb2b,500.0,0.3886585831642151,0.17045066,0.17759382128715515,True,0.5614385864878572,2.1884690601695254,,,,
S6i,75p_E1_to_E2,75% epiboly,twist1a,500.0,0.20303677022457126,0.13664275,0.14062465503811836,True,0.3270048872094644,1.4438205744898374,,,,
S6i,75p_E1_to_E2,75% epiboly,twist2,500.0,0.6473636627197266,0.36916584,0.3784872606396675,True,0.4297396362752464,1.7103974956135668,,,,
S6i,75p_E1_to_E2,75% epiboly,ube2c,500.0,0.3686134517192841,0.33113527,0.3352640435099602,True,0.10167338865345878,1.0994720694178264,,,,
S6i,75p_E1_to_E2,75% epiboly,uhrf1,500.0,0.5641424655914307,0.1385699,0.14390995278954505,True,0.7543707222808023,3.920107363362398,,,,
S6i,75p_E1_to_E2,75% epiboly,unc5b,500.0,0.7845917344093323,0.6804962,0.6907479643821717,True,0.1326747581242192,1.1358581926637998,,,,
S6i,75p_E1_to_E2,75% epiboly,uncx4.1,500.0,0.4671807587146759,0.39787649999999997,0.4056768819689751,True,0.14834570204041406,1.151608039499782,,,,
S6i,75p_E1_to_E2,75% epiboly,unga,500.0,0.4534998834133148,0.37256607,0.3789289459586144,True,0.1784648954509947,1.196793985389664,,,,
S6i,75p_E1_to_E2,75% epiboly,usf1,500.0,0.40009474754333496,0.3584196,0.3628319621086121,True,0.10416320296713164,1.102699842698997,,,,
S6i,75p_E1_to_E2,75% epiboly,vent,500.0,0.5982497930526733,0.46743559999999995,0.4755269676446915,True,0.2186614959142036,1.258077530315124,,,,
S6i,75p_E1_to_E2,75% epiboly,vgll4l,500.0,0.5908158421516418,0.35242486,0.3584175884723663,True,0.4034945665689256,1.648400807197533,,,,
S6i,75p_E1_to_E2,75% epiboly,vox,500.0,0.4060002267360687,0.3312943,0.3362974867224693,True,0.18400464739798345,1.2072651231887495,,,,
S6i,75p_E1_to_E2,75% epiboly,vrtn,500.0,0.7467768788337708,0.14759687,0.15234487652778625,True,0.8023547995715804,4.901883777480142,,,,
S6i,75p_E1_to_E2,75% epiboly,vsx2,500.0,0.2757073938846588,0.15657192,0.1603598989546299,True,0.4321083577760951,1.719303863883475,,,,
S6i,75p_E1_to_E2,75% epiboly,wnt11f2,500.0,0.8419967889785767,0.5307276999999999,0.5411904722452163,True,0.3696796811521608,1.555823378570241,,,,
S6i,75p_E1_to_E2,75% epiboly,wnt8a,500.0,0.6448980569839478,0.466725,0.4742000490427018,True,0.2762809769017211,1.3599704561099162,,,,
S6i,75p_E1_to_E2,75% epiboly,xbp1,500.0,1.0782787799835205,0.6500518,0.6631630122661589,True,0.39713941824544974,1.625963390658398,,,,
S6i,75p_E1_to_E2,75% epiboly,ypel3,500.0,0.4858187139034271,0.45528764,0.4612679675221443,True,0.0628445914150411,1.0532244771150387,,,,
S6i,75p_E1_to_E2,75% epiboly,zbtb18,500.0,0.4099450707435608,0.36577752,0.3703988671302795,True,0.10774016220742376,1.1067665350050109,,,,
S6i,75p_E1_to_E2,75% epiboly,zc4h2,500.0,0.5037046670913696,0.41203785,0.4175686433911324,True,0.18198524582753606,1.2062799136465676,,,,
S6i,75p_E1_to_E2,75% epiboly,zeb1a,500.0,0.7589352130889893,0.44073716,0.4520864084362984,True,0.4192690621559089,1.678739282859745,,,,
S6i,75p_E1_to_E2,75% epiboly,zeb1b,500.0,0.6967843770980835,0.5169412999999999,0.5243463516235352,True,0.2581043347611509,1.3288628307236772,,,,
S6i,75p_E1_to_E2,75% epiboly,zeb2a,500.0,0.35933446884155273,0.3155903,0.3199096843600273,True,0.12173665601084956,1.1232372335348144,,,,
S6i,75p_E1_to_E2,75% epiboly,zeb2b,500.0,0.6573198437690735,0.44758958,0.4556468263268471,True,0.3190688209291316,1.4426081907954762,,,,
S6i,75p_E1_to_E2,75% epiboly,zfand5a,500.0,0.3919821679592133,0.44360885,0.4524304017424584,False,0.0,0.866392193030267,,,,
S6i,75p_E1_to_E2,75% epiboly,zgc:113372,500.0,0.2171913981437683,0.15130964,0.15494583323597907,True,0.3033350284189846,1.4017246776361558,,,,
S6i,75p_E1_to_E2,75% epiboly,zgc:113424,500.0,0.24106702208518985,0.16960013,0.17397072687745094,True,0.2964606786092539,1.3856757766782404,,,,
S6i,75p_E1_to_E2,75% epiboly,zgc:174154,500.0,0.24187953770160675,0.17199,0.1757972091436386,True,0.2889435427387472,1.3759008967200057,,,,
S6i,75p_E1_to_E2,75% epiboly,zgc:175088,500.0,0.6446804404258728,0.8206758,0.8314811050891876,False,0.0,0.7753398561675339,,,,
S6i,75p_E1_to_E2,75% epiboly,zic2a,500.0,1.321294188499451,0.7562515999999999,0.7698106557130814,True,0.4276433059760359,1.7163885413816806,,,,
S6i,75p_E1_to_E2,75% epiboly,zic2b,500.0,1.0236330032348633,0.24615689999999998,0.25262105017900466,True,0.7595262165803176,4.052049512538751,,,,
S6i,75p_E1_to_E2,75% epiboly,zmp:0000000624,500.0,0.449104905128479,0.38291463,0.3893772542476654,True,0.1473826533930214,1.1533927578697845,,,,
S6i,75p_E1_to_E2,75% epiboly,znf1004,500.0,0.3884741365909576,0.41903394,0.4263059556484222,False,0.0,0.9112566489953876,,,,
S6i,75p_E1_to_E2,75% epiboly,znf576.2,500.0,0.41712161898612976,0.34230238,0.3497919604182243,True,0.1793703169249484,1.1924848658253997,,,,
S6i,75p_E1_to_E2,75% epiboly,znfl2a,500.0,0.6707534790039062,0.37730676,0.38536480963230135,True,0.437488181324431,1.7405675407775572,,,,
S6i,75p_E1_to_E2,75% epiboly,zswim5,500.0,0.3680905997753143,0.43461980000000006,0.44512317031621934,False,0.0,0.8269410004287567,,,,
S6i,75p_E2_to_E1,75% epiboly,ackr3b,500.0,0.6688192486763,0.7817704000000001,0.7920319020748139,False,0.0,0.8444347341619134,,,,
S6i,75p_E2_to_E1,75% epiboly,acvr1ba,500.0,0.4378783106803894,0.34168172,0.34695731699466703,True,0.21968795783609854,1.2620523886721198,,,,
S6i,75p_E2_to_E1,75% epiboly,adka,500.0,0.2892245650291443,0.23576772,0.24289674535393715,True,0.18482815556809926,1.1907305081741648,,,,
S6i,75p_E2_to_E1,75% epiboly,admp,500.0,0.7080373764038086,0.28740814,0.2926924258470535,True,0.5940777240578585,2.41904919252606,,,,
S6i,75p_E2_to_E1,75% epiboly,ahi1,500.0,0.5154750347137451,0.46965486,0.4769410863518715,True,0.08888922550217178,1.0807939375838225,,,,
S6i,75p_E2_to_E1,75% epiboly,akap12b,500.0,0.16253405809402466,0.06637637,0.06901653483510017,True,0.5916156038298871,2.3550017178110147,,,,
S6i,75p_E2_to_E1,75% epiboly,alcamb,500.0,0.932142972946167,0.80415,0.8189752042293549,True,0.13731046775819367,1.1381821673383892,,,,
S6i,75p_E2_to_E1,75% epiboly,aldob,500.0,0.3645913302898407,0.13468167,0.13787270784378053,True,0.6305955170388572,2.6444053793659315,,,,
S6i,75p_E2_to_E1,75% epiboly,anp32e,500.0,0.4333326518535614,0.13854633,0.14290985390543934,True,0.6802771909194565,3.032209746294256,,,,
S6i,75p_E2_to_E1,75% epiboly,apex1,500.0,0.26076629757881165,0.27437849999999997,0.2781382769346237,False,0.0,0.9375419322098724,,,,
S6i,75p_E2_to_E1,75% epiboly,aplnra,500.0,1.1758098602294922,1.0197356,1.035104179382324,True,0.13273769066432212,1.1359338351151584,,,,
S6i,75p_E2_to_E1,75% epiboly,aplnrb,500.0,0.3499438166618347,0.29726929999999996,0.3010090798139572,True,0.1505227400123623,1.1625689725975121,,,,
S6i,75p_E2_to_E1,75% epiboly,apoc1,500.0,0.4109404683113098,0.29421866,0.2993796423077583,True,0.2840358103206977,1.372639986952982,,,,
S6i,75p_E2_to_E1,75% epiboly,arf5,500.0,0.2481474131345749,0.18691272,0.19369298815727234,True,0.24676742314592706,1.281137822774913,,,,
S6i,75p_E2_to_E1,75% epiboly,arhgap5,500.0,0.2675962150096893,0.24356773,0.2495898522436619,True,0.08979379641852543,1.0721438095505929,,,,
S6i,75p_E2_to_E1,75% epiboly,arl4aa,500.0,0.443250447511673,0.30266124,0.3073912039399147,True,0.31717781267916256,1.4419750527354533,,,,
S6i,75p_E2_to_E1,75% epiboly,arl4ab,500.0,0.3762047588825226,0.26552308,0.2693338841199875,True,0.29420596154566736,1.3967969908863171,,,,
S6i,75p_E2_to_E1,75% epiboly,arl4d,500.0,0.567410409450531,0.39810684,0.4037272870540619,True,0.2983793800705431,1.4054299217445532,,,,
S6i,75p_E2_to_E1,75% epiboly,arl6ip5a,500.0,0.386886477470398,0.31102620000000003,0.3155942648649216,True,0.1960789434033424,1.2258983148378517,,,,
S6i,75p_E2_to_E1,75% epiboly,aspm,500.0,0.374329149723053,0.30315584,0.3072461560368538,True,0.19013563419387366,1.2183363155832376,,,,
S6i,75p_E2_to_E1,75% epiboly,atf6,500.0,0.4501399099826813,0.42330563,0.4313526451587677,True,0.05961319737193437,1.0435543053572758,,,,
S6i,75p_E2_to_E1,75% epiboly,atoh1c,500.0,0.13476711511611938,0.12891123,0.13199183121323585,True,0.043451906818922637,1.0210261792519568,,,,
S6i,75p_E2_to_E1,75% epiboly,atp2b1a,500.0,0.7454463243484497,0.96169144,0.9784510523080826,False,0.0,0.7618636850458747,,,,
S6i,75p_E2_to_E1,75% epiboly,atrxl,500.0,0.2985575795173645,0.16636768,0.17232663109898566,True,0.4427618280423201,1.732509813563702,,,,
S6i,75p_E2_to_E1,75% epiboly,aurkb,500.0,0.30743500590324396,0.23428902,0.2412238083779812,True,0.23792341209950904,1.2744803590096476,,,,
S6i,75p_E2_to_E1,75% epiboly,axin2,500.0,0.4146495461463928,0.29656273,0.30116992741823195,True,0.2847870351669945,1.3767959825901632,,,,
S6i,75p_E2_to_E1,75% epiboly,bach1b,500.0,0.448293536901474,0.35960767,0.36522035896778093,True,0.19782991024937446,1.2274604246282492,,,,
S6i,75p_E2_to_E1,75% epiboly,baz1b,500.0,0.4447508156299591,0.32534456,0.331704381108284,True,0.26847899745908443,1.3408047676185846,,,,
S6i,75p_E2_to_E1,75% epiboly,bcl2l1,500.0,0.4832358062267304,0.47209809999999996,0.4791305273771286,True,0.02304815573865275,1.0085681846908714,,,,
S6i,75p_E2_to_E1,75% epiboly,bhlha15,500.0,0.2636242210865021,0.20397645,0.2076783634722233,True,0.2262605783719456,1.269387030400793,,,,
S6i,75p_E2_to_E1,75% epiboly,blf,500.0,0.16393668949604034,0.171301,0.1746918521821499,False,0.0,0.938433518496929,,,,
S6i,75p_E2_to_E1,75% epiboly,bmp7a,500.0,0.5969008803367615,0.28907883,0.2963577702641487,True,0.5157004434143655,2.0141225917739005,,,,
S6i,75p_E2_to_E1,75% epiboly,brd2a,500.0,0.15555360913276672,0.10639760000000001,0.11077815927565098,True,0.3160068765036125,1.4041902316295067,,,,
S6i,75p_E2_to_E1,75% epiboly,btg2,500.0,0.3580675721168518,0.44267854,0.4514220684766769,False,0.0,0.7931990860020431,,,,
S6i,75p_E2_to_E1,75% epiboly,c1qbp,500.0,0.4080931544303894,0.43378854,0.4429269209504128,False,0.0,0.9213554993557884,,,,
S6i,75p_E2_to_E1,75% epiboly,C7H16orf87,500.0,0.3277173936367035,0.29780650000000003,0.30146788209676745,True,0.0912703836565718,1.087072332075197,,,,
S6i,75p_E2_to_E1,75% epiboly,ca9,500.0,0.6394644379615784,0.41337700000000005,0.4205509901046753,True,0.3535575046234618,1.5205396087699508,,,,
S6i,75p_E2_to_E1,75% epiboly,casz1,500.0,0.38022196292877203,0.30904773,0.3134019017219544,True,0.1871912753371732,1.2132088568693478,,,,
S6i,75p_E2_to_E1,75% epiboly,cbx3a,500.0,0.3271031677722931,0.18183869,0.18866337835788727,True,0.4440937626101735,1.7337925919665809,,,,
S6i,75p_E2_to_E1,75% epiboly,cbx5,500.0,0.27303364872932434,0.17530626,0.18221086785197255,True,0.3579316637284616,1.4984487585621726,,,,
S6i,75p_E2_to_E1,75% epiboly,ccne2,500.0,0.4134358465671539,0.2926523,0.2963739112019539,True,0.2921457793975969,1.3949805665770363,,,,
S6i,75p_E2_to_E1,75% epiboly,ccnf,500.0,0.31527912616729736,0.19385508,0.20097427889704705,True,0.3851319007861982,1.5687536131367594,,,,
S6i,75p_E2_to_E1,75% epiboly,ccng1,500.0,0.25560587644577026,0.22696279,0.2339113622903824,True,0.1120595776235876,1.0927467308255674,,,,
S6i,75p_E2_to_E1,75% epiboly,cd63,500.0,0.35074537992477417,0.2816125,0.2855343803763389,True,0.1971027937485587,1.2283823036038117,,,,
S6i,75p_E2_to_E1,75% epiboly,cdc14b,500.0,0.44987136125564575,0.34924978,0.35740228891372683,True,0.22366745195055004,1.2587254620639545,,,,
S6i,75p_E2_to_E1,75% epiboly,cdc42ep4a,500.0,0.31449007987976074,0.27296412,0.2763402834534645,True,0.13204219345946794,1.1380536921708724,,,,
S6i,75p_E2_to_E1,75% epiboly,cdca8,500.0,0.3250101208686829,0.26195645,0.2684001043438912,True,0.1940052432114716,1.210916522045235,,,,
S6i,75p_E2_to_E1,75% epiboly,cdh1,500.0,0.7164651155471802,0.9068940999999999,0.9248988211154938,False,0.0,0.7746416139692688,,,,
S6i,75p_E2_to_E1,75% epiboly,cdh2,500.0,0.5355972051620483,0.43996337,0.446562185883522,True,0.17855551462691815,1.1993787698400187,,,,
S6i,75p_E2_to_E1,75% epiboly,cdh6,500.0,1.0680859088897705,0.49877316,0.5060505241155624,True,0.5330214981348819,2.1106309706061306,,,,
S6i,75p_E2_to_E1,75% epiboly,cdkn1ca,500.0,0.5366256237030029,0.39795202,0.4045257017016411,True,0.25841778217330863,1.326555077824925,,,,
S6i,75p_E2_to_E1,75% epiboly,cdt1,500.0,0.3233884274959564,0.1970067,0.20260670632123948,True,0.3908047237541949,1.5961388118279443,,,,
S6i,75p_E2_to_E1,75% epiboly,cdx1a,500.0,0.4745638966560364,0.24194875,0.24733343347907066,True,0.490166118197743,1.9187211772410622,,,,
S6i,75p_E2_to_E1,75% epiboly,cenpf,500.0,0.44310647249221796,0.31054884,0.31793382614851,True,0.2991552567340764,1.393706601968293,,,,
S6i,75p_E2_to_E1,75% epiboly,cfl1l,500.0,0.36967307329177856,0.3361458,0.3426539018750191,True,0.0906944196991818,1.0788526594003722,,,,
S6i,75p_E2_to_E1,75% epiboly,chaf1a,500.0,0.410168319940567,0.31215775,0.31803557425737383,True,0.23895207173744898,1.2896932077435894,,,,
S6i,75p_E2_to_E1,75% epiboly,chrd,500.0,0.7847664356231691,0.2638263,0.2690597698092461,True,0.6638155014553938,2.916699275330313,,,,
S6i,75p_E2_to_E1,75% epiboly,chst11,500.0,0.35646405816078186,0.27701253,0.2807873770594597,True,0.22288791633506672,1.2695159657597315,,,,
S6i,75p_E2_to_E1,75% epiboly,cldnd,500.0,0.3367958664894104,0.28079640000000006,0.2845344498753548,True,0.16627121472677536,1.183673423857637,,,,
S6i,75p_E2_to_E1,75% epiboly,clic4,500.0,0.5289051532745361,0.44385109999999994,0.4505545109510422,True,0.1608115168259489,1.1738982529730073,,,,
S6i,75p_E2_to_E1,75% epiboly,clocka,500.0,0.3389135301113129,0.2897464,0.2936522662639618,True,0.1450727753507261,1.1541321796122836,,,,
S6i,75p_E2_to_E1,75% epiboly,cmtm6,500.0,0.3884928822517395,0.33373553,0.33829796612262725,True,0.1409481592720521,1.1483748681803114,,,,
S6i,75p_E2_to_E1,75% epiboly,cnmd,500.0,0.24687401950359344,0.17012906,0.17370714545249938,True,0.3108668903786253,1.421208199930392,,,,
S6i,75p_E2_to_E1,75% epiboly,cnn3a,500.0,0.4335345327854157,0.36145370000000004,0.3669622823596,True,0.1662631586364341,1.1814144222064193,,,,
S6i,75p_E2_to_E1,75% epiboly,coq10b,500.0,0.3585530817508697,0.30756348,0.31171390414237976,True,0.1422093425799671,1.1502633568347194,,,,
S6i,75p_E2_to_E1,75% epiboly,creb3l1,500.0,0.4168759286403656,0.3638518,0.3684871256351471,True,0.12719406263996336,1.1313174861179007,,,,
S6i,75p_E2_to_E1,75% epiboly,creb3l2,500.0,0.5638688206672668,0.38304198,0.3880892127752304,True,0.3206895578494588,1.4529360830079106,,,,
S6i,75p_E2_to_E1,75% epiboly,csrp1a,500.0,0.368658185005188,0.29864025,0.30219029635190964,True,0.18992643237945386,1.2199537491960843,,,,
S6i,75p_E2_to_E1,75% epiboly,cst3,500.0,0.7011908888816833,0.5543852,0.5611930698156357,True,0.20936624529466133,1.2494646256270414,,,,
S6i,75p_E2_to_E1,75% epiboly,ctcf,500.0,0.13056045770645142,0.07397054,0.07644203193485738,True,0.4334384034995693,1.7079668658953604,,,,
S6i,75p_E2_to_E1,75% epiboly,cth1,500.0,0.3607550263404846,0.3542632,0.35911344587802885,True,0.017995147431666268,1.0045712030036695,,,,
S6i,75p_E2_to_E1,75% epiboly,CU570769.1,500.0,0.2785225808620453,0.2152839,0.21885222271084787,True,0.2270504609248329,1.2726513690931764,,,,
S6i,75p_E2_to_E1,75% epiboly,cux1a,500.0,0.18760481476783752,0.1747725,0.1781994879245758,True,0.06840076994770271,1.0527797635829492,,,,
S6i,75p_E2_to_E1,75% epiboly,cxcl12b,500.0,0.21223978698253632,0.2114688,0.21532139033079148,False,0.0036326180455180947,0.9856883547727376,,,,
S6i,75p_E2_to_E1,75% epiboly,cxcr4a,500.0,0.4947075843811035,0.573171,0.5801842600107193,False,0.0,0.8526732255231526,,,,
S6i,75p_E2_to_E1,75% epiboly,dact2,500.0,0.6978945136070251,0.34873867,0.3556817725300789,True,0.5002988796305525,1.9621317916931107,,,,
S6i,75p_E2_to_E1,75% epiboly,dand5,500.0,0.2228335440158844,0.21010417,0.21394046172499656,True,0.05712504645881205,1.041568024202543,,,,
S6i,75p_E2_to_E1,75% epiboly,dbx1a,500.0,0.3450549244880676,0.2708513,0.275720876455307,True,0.2150486926981768,1.25146462946196,,,,
S6i,75p_E2_to_E1,75% epiboly,ddx4,500.0,0.5404847264289856,0.729617,0.7379795581102371,False,0.0,0.7323844142959982,,,,
S6i,75p_E2_to_E1,75% epiboly,dharma,500.0,0.26361796259880066,0.19223827,0.19564572796225546,True,0.2707694523495484,1.3474250899547298,,,,
S6i,75p_E2_to_E1,75% epiboly,dkc1,500.0,0.2699298858642578,0.10511546,0.10848204791545868,True,0.6105823627765491,2.4882447469522084,,,,
S6i,75p_E2_to_E1,75% epiboly,dkk1b,500.0,0.20116814970970154,0.21099448,0.216365634649992,False,0.0,0.9297601721046184,,,,
S6i,75p_E2_to_E1,75% epiboly,dld,500.0,0.8235656023025513,0.2850263,0.2902218997478485,True,0.6539118303660281,2.837710052267193,,,,
S6i,75p_E2_to_E1,75% epiboly,dlgap5,500.0,0.13639013469219208,0.08877502400000001,0.0931170079857111,True,0.34910964038297004,1.4647177528848574,,,,
S6i,75p_E2_to_E1,75% epiboly,dlx3b,500.0,0.9747175574302672,0.3416347,0.34823897033929824,True,0.6495039120232455,2.7989904647391266,,,,
S6i,75p_E2_to_E1,75% epiboly,dmd,500.0,0.13538552820682526,0.12692912,0.12993578538298606,True,0.062461690621688076,1.0419418161653933,,,,
S6i,75p_E2_to_E1,75% epiboly,dnmt3bb.2,500.0,0.3782636821269989,0.25934982,0.2656989052891731,True,0.3143676349267591,1.423655403153867,,,,
S6i,75p_E2_to_E1,75% epiboly,drll.2,500.0,0.6389515399932861,0.57061577,0.5787802338600159,True,0.1069498503147625,1.1039622686005952,,,,
S6i,75p_E2_to_E1,75% epiboly,drll.3,500.0,0.3973369300365448,0.37336707,0.3795148700475693,True,0.06032627997253311,1.0469601098548302,,,,
S6i,75p_E2_to_E1,75% epiboly,dscc1,500.0,0.19721710681915286,0.16411103,0.16741809695959092,True,0.16786613631596667,1.1779915696136147,,,,
S6i,75p_E2_to_E1,75% epiboly,dync1li1,500.0,0.2490867227315903,0.23354712,0.2369578376412392,True,0.06238630977510251,1.0511858363120048,,,,
S6i,75p_E2_to_E1,75% epiboly,dynll1,500.0,0.6183544397354126,0.29493108,0.3009724020957947,True,0.5230387865512606,2.054522060592786,,,,
S6i,75p_E2_to_E1,75% epiboly,dynll2b,500.0,0.396714985370636,0.33862559999999997,0.3433434531092644,True,0.14642596735195146,1.1554464830421183,,,,
S6i,75p_E2_to_E1,75% epiboly,ednraa,500.0,0.4727811813354492,0.33867657,0.3462816596031189,True,0.2836504809913121,1.3653081768099247,,,,
S6i,75p_E2_to_E1,75% epiboly,efemp2b,500.0,0.6786695718765259,0.44345397,0.4522412762045861,True,0.34658339500162744,1.5006802952004485,,,,
S6i,75p_E2_to_E1,75% epiboly,efna1a,500.0,0.5085548758506775,0.35799465,0.363275320827961,True,0.2960550319468691,1.3999158398418086,,,,
S6i,75p_E2_to_E1,75% epiboly,efnb2a,500.0,0.3807158768177033,0.33449309999999993,0.3389350548386574,True,0.12141016172193407,1.123270878543191,,,,
S6i,75p_E2_to_E1,75% epiboly,efnb2b,500.0,0.730638325214386,0.6148088,0.6238546371459961,True,0.15853196223192267,1.1711675792888274,,,,
S6i,75p_E2_to_E1,75% epiboly,egln1b,500.0,0.4105098843574524,0.40588868,0.4110640943050384,False,0.011257238595640935,0.998651767558237,,,,
S6i,75p_E2_to_E1,75% epiboly,eif3ea,500.0,0.2435295134782791,0.17645276,0.18292356133461,True,0.2754358459153341,1.3313184572916041,,,,
S6i,75p_E2_to_E1,75% epiboly,elavl3,500.0,0.33555030822753906,0.24497381,0.2491124778985977,True,0.2699341871536166,1.3469831421456386,,,,
S6i,75p_E2_to_E1,75% epiboly,elf1,500.0,1.2252264022827148,0.9828558000000001,0.9971783131361008,True,0.19781699530567592,1.2286933902818329,,,,
S6i,75p_E2_to_E1,75% epiboly,elob,500.0,0.2864933907985687,0.2155745,0.21961583942174911,True,0.2475410956460247,1.3045206190633105,,,,
S6i,75p_E2_to_E1,75% epiboly,emid1,500.0,0.2811992764472961,0.19292414,0.1962905541062355,True,0.3139237613934296,1.43256652225408,,,,
S6i,75p_E2_to_E1,75% epiboly,emx2,500.0,0.1992422640323639,0.17342095,0.1768534168601036,True,0.1295975700105049,1.1265955024774588,,,,
S6i,75p_E2_to_E1,75% epiboly,emx3,500.0,0.3323277831077576,0.20993415,0.21355052143335346,True,0.36829192176176817,1.5562021617983879,,,,
S6i,75p_E2_to_E1,75% epiboly,epcam,500.0,0.8429084420204163,0.61126965,0.621171510219574,True,0.2748089562630461,1.3569657142235354,,,,
S6i,75p_E2_to_E1,75% epiboly,epha2a,500.0,0.6316503882408142,0.32819729999999997,0.3351879745721817,True,0.4804130472425378,1.884466138879306,,,,
S6i,75p_E2_to_E1,75% epiboly,ephb3a,500.0,0.737296462059021,0.59164256,0.6011886537075043,True,0.19755133922327814,1.2263978328801546,,,,
S6i,75p_E2_to_E1,75% epiboly,eppk1,500.0,1.4769574403762815,1.4079235,1.430830866098404,True,0.04674067003039722,1.032237614780883,,,,
S6i,75p_E2_to_E1,75% epiboly,erf,500.0,0.30587437748909,0.20081788,0.20786577686667446,True,0.34346287955472243,1.4714994555610685,,,,
S6i,75p_E2_to_E1,75% epiboly,esrra,500.0,0.4331585764884949,0.34645241,0.3512672364711761,True,0.2001718682380203,1.2331311648646701,,,,
S6i,75p_E2_to_E1,75% epiboly,ets2,500.0,0.6075533628463745,0.40193814,0.407376167178154,True,0.3384315436767037,1.4913817051567448,,,,
S6i,75p_E2_to_E1,75% epiboly,etv2,500.0,0.15203362703323364,0.14348634,0.14683430194854735,True,0.05621974116135133,1.0354094718719622,,,,
S6i,75p_E2_to_E1,75% epiboly,etv4,500.0,0.5883906483650208,0.298296,0.3051372334361077,True,0.4930306840146898,1.9282820445713424,,,,
S6i,75p_E2_to_E1,75% epiboly,etv5a,500.0,0.3823090493679047,0.33956957,0.3463501498103142,True,0.11179301354371628,1.1038223877693836,,,,
S6i,75p_E2_to_E1,75% epiboly,etv5b,500.0,0.2962592542171478,0.1788649,0.1846339501440525,True,0.39625549665917603,1.6045762655568199,,,,
S6i,75p_E2_to_E1,75% epiboly,eve1,500.0,0.5556270480155945,0.29679006,0.3028893813490868,True,0.4658466242038217,1.8344223410566576,,,,
S6i,75p_E2_to_E1,75% epiboly,f11r.1,500.0,0.7776498794555664,0.60541904,0.6146437883377075,True,0.2214760707606463,1.265204162493378,,,,
S6i,75p_E2_to_E1,75% epiboly,fbln2,500.0,0.5008002519607544,0.43495575,0.4406655862927437,True,0.131478580067636,1.1364632672451576,,,,
S6i,75p_E2_to_E1,75% epiboly,fezf2,500.0,0.4461593925952912,0.23389429999999997,0.2398315645754337,True,0.47576066463491,1.8603030563767249,,,,
S6i,75p_E2_to_E1,75% epiboly,fgf8a,500.0,0.5346777439117432,0.4165008,0.423835588991642,True,0.2210246049118858,1.2615215847819872,,,,
S6i,75p_E2_to_E1,75% epiboly,fn1a,500.0,1.4340182542800903,1.184145,1.2047250270843506,True,0.17424693150133544,1.1903282674808129,,,,
S6i,75p_E2_to_E1,75% epiboly,fn1b,500.0,0.5528460144996643,0.43368490000000004,0.43960284292697904,True,0.21554126442540372,1.2576033649343248,,,,
S6i,75p_E2_to_E1,75% epiboly,fnbp1l,500.0,0.5286556482315063,0.42384738,0.4309584408998489,True,0.19825432922518732,1.2266975143303005,,,,
S6i,75p_E2_to_E1,75% epiboly,fosab,500.0,0.17919644713401794,0.1458776,0.14896447360515594,True,0.1859347545708472,1.2029475404249381,,,,
S6i,75p_E2_to_E1,75% epiboly,foxa,500.0,0.4131786823272705,0.32923309999999995,0.334405118227005,True,0.2031701439760138,1.235563272828831,,,,
S6i,75p_E2_to_E1,75% epiboly,foxa2,500.0,0.7104373574256897,0.38109604,0.38752581030130384,True,0.463575456359722,1.8332646201638028,,,,
S6i,75p_E2_to_E1,75% epiboly,foxa3,500.0,1.5618677139282229,0.5140824,0.5233138054609299,True,0.6708540885990852,2.9845719673925752,,,,
S6i,75p_E2_to_E1,75% epiboly,foxb1a,500.0,0.6670028567314148,0.37666607,0.3834081858396529,True,0.4352856734728565,1.7396677519304855,,,,
S6i,75p_E2_to_E1,75% epiboly,foxc1a,500.0,1.28682279586792,0.59258455,0.6041485339403152,True,0.5394979384235823,2.1299775197253847,,,,
S6i,75p_E2_to_E1,75% epiboly,foxc1b,500.0,0.4922301471233368,0.39647523,0.4025746747851372,True,0.1945328257440452,1.2227051972060852,,,,
S6i,75p_E2_to_E1,75% epiboly,foxg1a,500.0,0.14546318352222445,0.16156867,0.1648556798696518,False,0.0,0.8823668292001791,,,,
S6i,75p_E2_to_E1,75% epiboly,foxh1,500.0,0.4394474625587464,0.19888824,0.20513479486107827,True,0.5474129237505094,2.142237560704169,,,,
S6i,75p_E2_to_E1,75% epiboly,foxi1,500.0,0.7024611234664917,0.26306716,0.26880282163619995,True,0.6255064553917911,2.6132951997699214,,,,
S6i,75p_E2_to_E1,75% epiboly,foxn2b,500.0,0.5284886360168457,0.38320595,0.3901637628674507,True,0.27490219440035873,1.3545302929539045,,,,
S6i,75p_E2_to_E1,75% epiboly,foxo1a,500.0,0.08583902567625046,0.0743005,0.07695049569010734,True,0.13442053675515372,1.1155097170775707,,,,
S6i,75p_E2_to_E1,75% epiboly,foxp1b,500.0,0.4649845361709595,0.38941061,0.395116138458252,True,0.1625299667510389,1.176830027711181,,,,
S6i,75p_E2_to_E1,75% epiboly,foxp2,500.0,0.4630937576293945,0.41215116,0.4175160676240921,True,0.1100049373029455,1.1091639185640585,,,,
S6i,75p_E2_to_E1,75% epiboly,frmd4ba,500.0,0.6434630751609802,0.63756204,0.6457862198352814,False,0.009170749456325351,0.9964026103330391,,,,
S6i,75p_E2_to_E1,75% epiboly,fscn1a,500.0,0.7373071908950806,0.5872012,0.6004515647888183,True,0.2035868016409428,1.2279211748817658,,,,
S6i,75p_E2_to_E1,75% epiboly,fzd7a,500.0,0.33153316378593445,0.11815856,0.12225620709359646,True,0.6435995869262964,2.7117900323222077,,,,
S6i,75p_E2_to_E1,75% epiboly,fzd7b,500.0,0.3897106945514679,0.32747763,0.33312468975782394,True,0.15969041001043013,1.1698643376892328,,,,
S6i,75p_E2_to_E1,75% epiboly,gadd45gip1,500.0,0.3848346173763275,0.34305078,0.3480750545859337,True,0.10857609367123916,1.1056081506160291,,,,
S6i,75p_E2_to_E1,75% epiboly,gapdh,500.0,0.4129970669746399,0.33150023,0.3359502226114273,True,0.1973302991034272,1.2293400604539197,,,,
S6i,75p_E2_to_E1,75% epiboly,gata2a,500.0,1.1460773944854736,0.24388665,0.2501477062702179,True,0.7871987958386494,4.581602652184396,,,,
S6i,75p_E2_to_E1,75% epiboly,gata3,500.0,0.3268692195415497,0.18531018,0.1890995718538761,True,0.43307545073989023,1.7285561058495311,,,,
S6i,75p_E2_to_E1,75% epiboly,gata5,500.0,0.8130412101745605,0.6356578,0.6446713924407959,True,0.2181727329829667,1.2611715359297988,,,,
S6i,75p_E2_to_E1,75% epiboly,gata6,500.0,1.911121845245361,1.14378,1.160377049446106,True,0.4015138302652777,1.6469834922688407,,,,
S6i,75p_E2_to_E1,75% epiboly,gbx1,500.0,0.6665608882904053,0.39273600000000003,0.3988322794437408,True,0.4108025316202147,1.6712811942405235,,,,
S6i,75p_E2_to_E1,75% epiboly,gcm2,500.0,0.1404772698879242,0.14199103,0.1447702705860138,False,0.0,0.9703461167772083,,,,
S6i,75p_E2_to_E1,75% epiboly,gfi1aa,500.0,0.34359249472618103,0.25408936,0.2573681727051735,True,0.2604921255010495,1.3350232513784106,,,,
S6i,75p_E2_to_E1,75% epiboly,gli1,500.0,0.4259878993034363,0.19624603,0.2002587892115116,True,0.5393154869718875,2.1271870312444143,,,,
S6i,75p_E2_to_E1,75% epiboly,gli2a,500.0,0.4714095592498779,0.38831679999999996,0.3944544434547425,True,0.17626445516086858,1.195092531145399,,,,
S6i,75p_E2_to_E1,75% epiboly,gmnn,500.0,0.401682049036026,0.29823735,0.3055923894047737,True,0.2575287985135715,1.3144373451786993,,,,
S6i,75p_E2_to_E1,75% epiboly,gpr137bb,500.0,0.4185404777526856,0.17066532,0.17418351545929908,True,0.5922369930606112,2.4028707690796645,,,,
S6i,75p_E2_to_E1,75% epiboly,grhl1,500.0,1.4670258760452268,1.1593947,1.1755401492118835,True,0.2096971430498432,1.2479589719064583,,,,
S6i,75p_E2_to_E1,75% epiboly,grhl2b,500.0,0.46783539652824396,0.44080323,0.4483045592904091,True,0.0577813626759314,1.0435660018018753,,,,
S6i,75p_E2_to_E1,75% epiboly,gsc,500.0,0.3183903396129608,0.2623428,0.2665020108222961,True,0.17603401237077276,1.1947014532106626,,,,
S6i,75p_E2_to_E1,75% epiboly,h1-0,500.0,0.4934518337249756,0.43714297,0.4427821561694145,True,0.11411218218020408,1.1144347775753054,,,,
S6i,75p_E2_to_E1,75% epiboly,hdlbpa,500.0,0.10272852331399918,0.07424019,0.07781017906963825,True,0.2773166558226874,1.3202453013513773,,,,
S6i,75p_E2_to_E1,75% epiboly,helb,500.0,0.4529962837696075,0.3878934,0.3941934496164322,True,0.1437161353531272,1.1491725299098527,,,,
S6i,75p_E2_to_E1,75% epiboly,hells,500.0,0.30652767419815063,0.28175455,0.2857723116874695,True,0.08081854581297188,1.0726290184942056,,,,
S6i,75p_E2_to_E1,75% epiboly,her1,500.0,0.7751713395118713,0.31156543,0.3180424109101295,True,0.5980689518675467,2.437320662026155,,,,
S6i,75p_E2_to_E1,75% epiboly,her11,500.0,0.2961421012878418,0.24743891,0.25145419836044314,True,0.1644588643517885,1.177717863606085,,,,
S6i,75p_E2_to_E1,75% epiboly,her12,500.0,0.3344621062278748,0.25967795,0.2637423932552337,True,0.2235953139916772,1.2681393465031727,,,,
S6i,75p_E2_to_E1,75% epiboly,her2,500.0,0.3501051366329193,0.33113307,0.3356169730424881,True,0.05418963345554007,1.0431687451891685,,,,
S6i,75p_E2_to_E1,75% epiboly,her3,500.0,0.2260242998600006,0.17750528,0.18079878762364388,True,0.21466282759087185,1.2501427848647941,,,,
S6i,75p_E2_to_E1,75% epiboly,her5,500.0,0.4868124723434448,0.30651787,0.3115870252251625,True,0.3703574032141116,1.5623643891835963,,,,
S6i,75p_E2_to_E1,75% epiboly,her6,500.0,0.8230817317962646,0.55028605,0.558391472697258,True,0.3314320639697821,1.4740227457637292,,,,
S6i,75p_E2_to_E1,75% epiboly,her7,500.0,0.3958568274974823,0.23320323,0.2373510643839836,True,0.4108899579612687,1.6678114695835957,,,,
S6i,75p_E2_to_E1,75% epiboly,her8a,500.0,0.6002283096313477,0.38304037,0.3909757047891617,True,0.3618422150194237,1.535206158027205,,,,
S6i,75p_E2_to_E1,75% epiboly,her9,500.0,1.160119891166687,0.56109434,0.5715222716331482,True,0.5163479671932947,2.029876959740514,,,,
S6i,75p_E2_to_E1,75% epiboly,hes6,500.0,0.3046125471591949,0.25923175,0.2632012546062469,True,0.14897876461645373,1.157336987678497,,,,
S6i,75p_E2_to_E1,75% epiboly,hesx1,500.0,0.37260958552360535,0.32720512,0.3328970670700073,True,0.12185533000344005,1.1192936867937218,,,,
S6i,75p_E2_to_E1,75% epiboly,hic1l,500.0,0.4024263322353363,0.34003428,0.3449014514684677,True,0.15503969544374968,1.1667864270270483,,,,
S6i,75p_E2_to_E1,75% epiboly,higd1a,500.0,0.22898079454898834,0.19825241,0.2021004341542721,True,0.13419634128239216,1.133004961158061,,,,
S6i,75p_E2_to_E1,75% epiboly,hivep2a,500.0,0.3492133319377899,0.27815834,0.2820777088403702,True,0.20347159905288215,1.2380040002927428,,,,
S6i,75p_E2_to_E1,75% epiboly,hoxb7a,500.0,0.299834668636322,0.2506256,0.25440538823604586,True,0.1641206419143164,1.1785704332571971,,,,
S6i,75p_E2_to_E1,75% epiboly,hoxb8a,500.0,0.31425315141677856,0.21732669,0.2209214873611927,True,0.3084343472564973,1.422465307337871,,,,
S6i,75p_E2_to_E1,75% epiboly,hoxb9a,500.0,0.2299350202083588,0.22988440000000002,0.23361264988780026,False,0.00022014586786141217,0.9842575747451701,,,,
S6i,75p_E2_to_E1,75% epiboly,hoxc3a,500.0,0.2977781295776367,0.24204078,0.2461751163005829,True,0.18717743472231566,1.209619128255213,,,,
S6i,75p_E2_to_E1,75% epiboly,hoxc6a,500.0,0.25518229603767395,0.23047855,0.23381818905472754,True,0.0968082091006864,1.091370594688619,,,,
S6i,75p_E2_to_E1,75% epiboly,hoxc8a,500.0,0.13548573851585388,0.11587149,0.11855140589177607,True,0.14476984576169666,1.1428437941894753,,,,
S6i,75p_E2_to_E1,75% epiboly,hsp90aa1.2,500.0,0.4460860788822174,0.30913976,0.31373152136802673,True,0.30699527964850737,1.4218720418562294,,,,
S6i,75p_E2_to_E1,75% epiboly,id3,500.0,0.7831435799598694,0.5209168,0.5280897229909897,True,0.33483867722041205,1.4829744754817573,,,,
S6i,75p_E2_to_E1,75% epiboly,igf2bp1,500.0,0.14042867720127106,0.08355679,0.08716120161116123,True,0.4049876756272198,1.6111374626034158,,,,
S6i,75p_E2_to_E1,75% epiboly,igfbp1a,500.0,0.3816975057125092,0.2742313,0.27775471806526186,True,0.28154805689071755,1.3742251018138412,,,,
S6i,75p_E2_to_E1,75% epiboly,irf2a,500.0,0.4094392955303192,0.36405563,0.369526581466198,True,0.11084344487896534,1.1080104005123437,,,,
S6i,75p_E2_to_E1,75% epiboly,irx3a,500.0,0.3103033602237701,0.23698263,0.2405374340713024,True,0.23628726246399245,1.2900418657155335,,,,
S6i,75p_E2_to_E1,75% epiboly,irx5a,500.0,0.34329953789711,0.28853926,0.29284871369600296,True,0.15951165447732968,1.1722760655642779,,,,
S6i,75p_E2_to_E1,75% epiboly,ism1,500.0,0.9451981186866759,0.6190521,0.6272689700126648,True,0.3450557085718044,1.5068466062773551,,,,
S6i,75p_E2_to_E1,75% epiboly,itgb5,500.0,0.472838044166565,0.33850425,0.3451990872621536,True,0.2841010595612755,1.3697546187527398,,,,
S6i,75p_E2_to_E1,75% epiboly,itm2cb,500.0,0.43356239795684814,0.32118493,0.3256287410855293,True,0.2591955974522853,1.3314623165986723,,,,
S6i,75p_E2_to_E1,75% epiboly,jcada,500.0,0.472920298576355,0.37058413,0.3759183704853058,True,0.2163919979693195,1.2580398717035854,,,,
S6i,75p_E2_to_E1,75% epiboly,kank1a,500.0,0.3779201805591583,0.31382397,0.3180369213223457,True,0.16960251313452038,1.1882902745625503,,,,
S6i,75p_E2_to_E1,75% epiboly,kazald2,500.0,0.4378880262374878,0.2993201,0.3048625841736793,True,0.31644602317661835,1.436345583123524,,,,
S6i,75p_E2_to_E1,75% epiboly,kdrl,500.0,0.3526715040206909,0.22398268,0.22737158462405205,True,0.3648971512863441,1.5510799408106173,,,,
S6i,75p_E2_to_E1,75% epiboly,kif15,500.0,0.2675015330314636,0.24563433,0.2490180514752865,True,0.08174607630999675,1.0742254685821904,,,,
S6i,75p_E2_to_E1,75% epiboly,kirrel3l,500.0,1.2238825559616089,0.595701,0.6052630692720413,True,0.5132694911524875,2.0220671276600277,,,,
S6i,75p_E2_to_E1,75% epiboly,klf17,500.0,0.256994903087616,0.23375541,0.237018084526062,True,0.0904278376374384,1.084283942305497,,,,
S6i,75p_E2_to_E1,75% epiboly,klf2a,500.0,0.7365843057632446,0.4507459,0.458560660481453,True,0.3880593071569015,1.6062963294537487,,,,
S6i,75p_E2_to_E1,75% epiboly,klf2b,500.0,1.511579513549805,0.43888807,0.4490291103720665,True,0.7096493641033536,3.36632854893819,,,,
S6i,75p_E2_to_E1,75% epiboly,klf3,500.0,0.7904700040817261,0.47172982,0.479161936044693,True,0.4032286961296455,1.6496928170187466,,,,
S6i,75p_E2_to_E1,75% epiboly,klf7a,500.0,0.4189861714839935,0.25001383,0.2537588864564896,True,0.40328859209822604,1.6511192074285617,,,,
S6i,75p_E2_to_E1,75% epiboly,klf8,500.0,0.4170643985271454,0.30492140000000006,0.3111440807580948,True,0.2688865563617455,1.3404220884131184,,,,
S6i,75p_E2_to_E1,75% epiboly,kmt2bb,500.0,0.3221228420734405,0.29851905,0.3028037548065185,True,0.07327576277109192,1.0638006859567057,,,,
S6i,75p_E2_to_E1,75% epiboly,kmt5aa,500.0,0.26189231872558594,0.17024148,0.17652926370501518,True,0.3499562112638103,1.4835631964296558,,,,
S6i,75p_E2_to_E1,75% epiboly,krt18a.1,500.0,3.1725571155548096,2.356625,2.3940799474716186,True,0.2571843486901192,1.325167573833672,,,,
S6i,75p_E2_to_E1,75% epiboly,krt4,500.0,3.336106777191162,2.617347,2.65668203830719,True,0.215448672109621,1.255741834772555,,,,
S6i,75p_E2_to_E1,75% epiboly,krt8,500.0,2.2508292198181152,2.3370802000000004,2.375027561187744,False,0.0,0.9477065683787191,,,,
S6i,75p_E2_to_E1,75% epiboly,krt99,500.0,1.4995959997177124,1.2401848999999998,1.2602201104164124,True,0.1729873223332872,1.1899476824109747,,,,
S6i,75p_E2_to_E1,75% epiboly,lamc1,500.0,0.523892879486084,0.39766076,0.40707034468650816,True,0.2409502445200299,1.286983653622675,,,,
S6i,75p_E2_to_E1,75% epiboly,lamp2,500.0,0.7671712040901184,1.1656008,1.1849383533000946,False,0.0,0.6474355412275414,,,,
S6i,75p_E2_to_E1,75% epiboly,lbx2,500.0,0.3176020383834839,0.21230417,0.216188295930624,True,0.3315402634673541,1.469099134235297,,,,
S6i,75p_E2_to_E1,75% epiboly,lef1,500.0,0.477778673171997,0.32448387,0.33141738176345825,True,0.32084898368172043,1.441622254782644,,,,
S6i,75p_E2_to_E1,75% epiboly,lft1,500.0,0.3916386961936951,0.26816583,0.27329773604869845,True,0.3152723941638877,1.4330111249948654,,,,
S6i,75p_E2_to_E1,75% epiboly,lft2,500.0,0.6023883223533629,0.26206195,0.26868661046028136,True,0.5649617633342994,2.241973730367227,,,,
S6i,75p_E2_to_E1,75% epiboly,lgals3b,500.0,0.3841842710971832,0.33557168,0.3406518265604973,True,0.12653457796609052,1.1277916075666627,,,,
S6i,75p_E2_to_E1,75% epiboly,lhfpl6,500.0,0.2769913375377655,0.2777947,0.28244369328021995,False,0.0,0.9806957780535569,,,,
S6i,75p_E2_to_E1,75% epiboly,lhx1a,500.0,0.4158065319061279,0.21927647,0.22382487282156946,True,0.4726478395590874,1.857731567829836,,,,
S6i,75p_E2_to_E1,75% epiboly,lhx5,500.0,0.6270740628242493,0.30130159999999995,0.30845980644226073,True,0.5195119421908935,2.032919847992022,,,,
S6i,75p_E2_to_E1,75% epiboly,lima1a,500.0,0.522293210029602,0.25281279999999995,0.2594811171293259,True,0.5159561756943638,2.0128370642449873,,,,
S6i,75p_E2_to_E1,75% epiboly,lmnb1,500.0,0.34915459156036377,0.16764174,0.17448433637619018,True,0.519863842350135,2.001065532940347,,,,
S6i,75p_E2_to_E1,75% epiboly,lmo2,500.0,0.3303443193435669,0.24951309,0.2534875705838203,True,0.2446878149663909,1.3031973070029976,,,,
S6i,75p_E2_to_E1,75% epiboly,lratb.1,500.0,0.32462745904922485,0.28264812,0.2868142753839493,True,0.1293154399877349,1.131838569104192,,,,
S6i,75p_E2_to_E1,75% epiboly,lratd1,500.0,0.4028668105602264,0.36392979999999997,0.3689952820539473,True,0.09664981428050534,1.091793933834978,,,,
S6i,75p_E2_to_E1,75% epiboly,mab21l2,500.0,0.2562634348869324,0.17616233,0.17996029779314995,True,0.3125732807956111,1.4239998379058407,,,,
S6i,75p_E2_to_E1,75% epiboly,mad1l1,500.0,0.37922340631484985,0.33380985,0.339725998044014,True,0.11975408943256954,1.1162625424555193,,,,
S6i,75p_E2_to_E1,75% epiboly,map1lc3b,500.0,0.417420506477356,0.34882385,0.353983037173748,True,0.16433466977878824,1.17921047802206,,,,
S6i,75p_E2_to_E1,75% epiboly,map2k6,500.0,0.4330133199691773,0.30438304,0.3109339579939842,True,0.2970584842605907,1.3926215160376758,,,,
S6i,75p_E2_to_E1,75% epiboly,mcama,500.0,0.3792629837989807,0.28647655,0.290133598446846,True,0.2446493205931752,1.3072011853479413,,,,
S6i,75p_E2_to_E1,75% epiboly,mcm2,500.0,0.4878535568714142,0.26985955,0.2774686247110367,True,0.4468431180167639,1.7582296282308603,,,,
S6i,75p_E2_to_E1,75% epiboly,mcm3,500.0,0.3961033821105957,0.17567778,0.181199324131012,True,0.5564850383236085,2.1860091587549313,,,,
S6i,75p_E2_to_E1,75% epiboly,mcm4,500.0,0.29081466794013977,0.15188757,0.15774069130420684,True,0.4777169703060661,1.8436249108310072,,,,
S6i,75p_E2_to_E1,75% epiboly,mcm5,500.0,0.5318714380264282,0.3189,0.3252421543002129,True,0.4004190367668005,1.6353090489478412,,,,
S6i,75p_E2_to_E1,75% epiboly,mcm7,500.0,0.2134183496236801,0.10202323,0.10507977232336996,True,0.5219566209613662,2.0310126764160814,,,,
S6i,75p_E2_to_E1,75% epiboly,mdm2,500.0,0.4936909973621368,0.51048183,0.5178374886512757,False,0.0,0.9533705229568659,,,,
S6i,75p_E2_to_E1,75% epiboly,mef2d,500.0,0.4773805737495422,0.37524623,0.380291773378849,True,0.21394743015990406,1.255300816812497,,,,
S6i,75p_E2_to_E1,75% epiboly,meis1b,500.0,0.7528277039527893,0.61014104,0.6194148391485215,True,0.18953429092599391,1.2153853223595092,,,,
S6i,75p_E2_to_E1,75% epiboly,meis2a,500.0,0.3090108335018158,0.21284625,0.2160894274711609,True,0.3112013357916333,1.4300136620198882,,,,
S6i,75p_E2_to_E1,75% epiboly,meis3,500.0,0.4640852808952332,0.29070434,0.29587280601263044,True,0.37359715614793054,1.56852969067871,,,,
S6i,75p_E2_to_E1,75% epiboly,meox1,500.0,0.2965349853038788,0.3401947,0.3456601351499557,False,0.0,0.857880198349268,,,,
S6i,75p_E2_to_E1,75% epiboly,mespaa,500.0,0.22972609102725985,0.24190417,0.2459447428584099,False,0.0,0.9340557084381873,,,,
S6i,75p_E2_to_E1,75% epiboly,mespab,500.0,0.3160627484321594,0.24502757,0.24932651668787004,True,0.2247502335151857,1.2676660013176053,,,,
S6i,75p_E2_to_E1,75% epiboly,mgst3b,500.0,0.4136151969432831,0.3237211,0.3299888163805008,True,0.21733748369704975,1.253421862837785,,,,
S6i,75p_E2_to_E1,75% epiboly,mibp2,500.0,0.3970330357551575,0.34492627,0.3498670607805252,True,0.1312403835457429,1.134811133318492,,,,
S6i,75p_E2_to_E1,75% epiboly,mixl1,500.0,0.4707025587558746,0.5323365,0.5400292068719864,False,0.0,0.8716242617363736,,,,
S6i,75p_E2_to_E1,75% epiboly,mki67,500.0,0.20522139966487885,0.08500908,0.08838108107447623,True,0.5857689144960764,2.3220059900822507,,,,
S6i,75p_E2_to_E1,75% epiboly,mns1,500.0,0.432283878326416,0.38151820000000003,0.3868273049592972,True,0.11743600844947688,1.1175112841941235,,,,
S6i,75p_E2_to_E1,75% epiboly,msgn1,500.0,1.3381110429763794,0.44285065,0.451775635778904,True,0.6690479077343214,2.96189288886584,,,,
S6i,75p_E2_to_E1,75% epiboly,msx1b,500.0,1.0930578708648682,0.44124478,0.4493847504258156,True,0.5963207504574537,2.4323430419682435,,,,
S6i,75p_E2_to_E1,75% epiboly,msx3,500.0,0.4153648912906647,0.30024585,0.305484776198864,True,0.2771515899060459,1.3596909687580343,,,,
S6i,75p_E2_to_E1,75% epiboly,mycb,500.0,0.10935430228710176,0.10716168,0.10988837778568268,False,0.020050641515059392,0.9951398363562839,,,,
S6i,75p_E2_to_E1,75% epiboly,mych,500.0,0.3974951207637787,0.14383867,0.14871692731976507,True,0.6381372592608199,2.672830375987401,,,,
S6i,75p_E2_to_E1,75% epiboly,mycla,500.0,0.4727170765399933,0.28612834,0.2934217244386673,True,0.39471545169061706,1.611050025162003,,,,
S6i,75p_E2_to_E1,75% epiboly,myclb,500.0,0.7338321805000305,0.41466168,0.4229295819997788,True,0.434936642586244,1.735116699641063,,,,
S6i,75p_E2_to_E1,75% epiboly,mycn,500.0,0.8238036632537842,0.40374714,0.412009185552597,True,0.509898827389826,1.9994788760567999,,,,
S6i,75p_E2_to_E1,75% epiboly,myf5,500.0,0.2698504328727722,0.19115707,0.19483439326286314,True,0.2916184319309864,1.3850246270877868,,,,
S6i,75p_E2_to_E1,75% epiboly,myod1,500.0,0.38368403911590576,0.2786172,0.2847647428512573,True,0.27383686880063385,1.3473719930150114,,,,
S6i,75p_E2_to_E1,75% epiboly,nanog,500.0,0.4224640429019928,0.37755170000000005,0.3827448964118957,True,0.10631043993312142,1.1037744640423706,,,,
S6i,75p_E2_to_E1,75% epiboly,nanos3,500.0,0.6841251850128174,0.81994647,0.8331709444522858,False,0.0,0.8211102290209498,,,,
S6i,75p_E2_to_E1,75% epiboly,nap1l1,500.0,0.35157522559165955,0.23125692,0.2380747400224209,True,0.3422263564508901,1.4767430831114197,,,,
S6i,75p_E2_to_E1,75% epiboly,nasp,500.0,0.5346118807792664,0.26496315,0.2720468983054161,True,0.5043822265262871,1.9651460248559023,,,,
S6i,75p_E2_to_E1,75% epiboly,ncapd2,500.0,0.19800439476966855,0.13900062,0.1447884865105152,True,0.2979922259808773,1.3675424030023862,,,,
S6i,75p_E2_to_E1,75% epiboly,nckap5l,500.0,0.2696332037448883,0.22624242,0.23318909108638766,True,0.16092521278791042,1.1562856670898018,,,,
S6i,75p_E2_to_E1,75% epiboly,ndr1,500.0,0.18483565747737885,0.17787755,0.1815810538828373,True,0.037644858224825634,1.0179236959195177,,,,
S6i,75p_E2_to_E1,75% epiboly,ndr2,500.0,0.5912176370620728,0.32916940000000006,0.3343833938241005,True,0.4432348225917448,1.7680831284734124,,,,
S6i,75p_E2_to_E1,75% epiboly,ndufv3,500.0,0.3957201242446899,0.29190898,0.2957372680306435,True,0.2623347625469907,1.3380800021581536,,,,
S6i,75p_E2_to_E1,75% epiboly,nid2a,500.0,0.8548860549926758,0.5266413000000001,0.5357148319482803,True,0.3839631537025902,1.5957856755312112,,,,
S6i,75p_E2_to_E1,75% epiboly,nip7,500.0,0.37584227323532093,0.32518408,0.3291575312614441,True,0.13478578600215968,1.1418310004786005,,,,
S6i,75p_E2_to_E1,75% epiboly,nkx1.2la,500.0,0.3696688115596771,0.32077265,0.32514438033103943,True,0.13227018935060364,1.1369374158744678,,,,
S6i,75p_E2_to_E1,75% epiboly,nkx2.2a,500.0,0.16324934363365173,0.1738024,0.17686981335282326,False,0.0,0.9229915525946695,,,,
S6i,75p_E2_to_E1,75% epiboly,nkx2.5,500.0,0.39009952545166016,0.31254512,0.31668710708618164,True,0.19880671386557602,1.2318137263020954,,,,
S6i,75p_E2_to_E1,75% epiboly,nog1,500.0,0.4777609407901764,0.39411145,0.39896027743816376,True,0.1750864902538501,1.1975150605419012,,,,
S6i,75p_E2_to_E1,75% epiboly,nop58,500.0,0.3172637224197388,0.122859076,0.12730876356363294,True,0.6127541001900878,2.4920807769934896,,,,
S6i,75p_E2_to_E1,75% epiboly,notch1a,500.0,0.5456336736679077,0.21929762,0.2270031973719597,True,0.5980863567314463,2.4036387151580554,,,,
S6i,75p_E2_to_E1,75% epiboly,noto,500.0,0.5830042362213135,0.29318845,0.2980349823832512,True,0.4971075088220368,1.956160419690641,,,,
S6i,75p_E2_to_E1,75% epiboly,nr2f2,500.0,0.3786203563213349,0.28487176,0.2887645035982132,True,0.24760580810209634,1.3111734704350888,,,,
S6i,75p_E2_to_E1,75% epiboly,nr6a1a,500.0,0.31175923347473145,0.24595115,0.2495594173669815,True,0.21108625028964992,1.2492385050582324,,,,
S6i,75p_E2_to_E1,75% epiboly,nrarpa,500.0,0.5429550409317017,0.25359142,0.26111703366041183,True,0.5329421422607334,2.079355120270806,,,,
S6i,75p_E2_to_E1,75% epiboly,nsd2,500.0,0.623901903629303,0.34025094,0.3484999105334282,True,0.4546403254237444,1.7902498243811116,,,,
S6i,75p_E2_to_E1,75% epiboly,ntd5,500.0,0.4041208624839783,0.2758447,0.2803361028432846,True,0.3174203096361178,1.4415583950308846,,,,
S6i,75p_E2_to_E1,75% epiboly,oclna,500.0,1.0715088844299316,0.6658177,0.6745675474405288,True,0.3786167453675087,1.5884382349780886,,,,
S6i,75p_E2_to_E1,75% epiboly,olig4,500.0,0.3547861576080322,0.20540315,0.20951066613197328,True,0.4210508366144047,1.6934037973252787,,,,
S6i,75p_E2_to_E1,75% epiboly,osr1,500.0,0.4471617937088013,0.36931553,0.3750742942094803,True,0.17408969186084486,1.19219525467949,,,,
S6i,75p_E2_to_E1,75% epiboly,otx2a,500.0,0.44595617055892944,0.28597388,0.29050993770360944,True,0.3587399489140664,1.535080603727618,,,,
S6i,75p_E2_to_E1,75% epiboly,pax2a,500.0,0.18067601323127747,0.18804333,0.1912905849516392,False,0.0,0.944510746710063,,,,
S6i,75p_E2_to_E1,75% epiboly,pax3a,500.0,0.4361657500267029,0.30792332,0.31225220263004305,True,0.29402224512879616,1.3968380250097798,,,,
S6i,75p_E2_to_E1,75% epiboly,pax6a,500.0,0.3516125380992889,0.25850946,0.2622907370328903,True,0.2647888539220399,1.3405450077148473,,,,
S6i,75p_E2_to_E1,75% epiboly,pax6b,500.0,0.340230256319046,0.26436370000000003,0.26857300102710724,True,0.2229859008658986,1.2668073671511992,,,,
S6i,75p_E2_to_E1,75% epiboly,pbx1b,500.0,0.2502957284450531,0.1888028,0.1922082781791687,True,0.2456811197101017,1.3022109703919083,,,,
S6i,75p_E2_to_E1,75% epiboly,pbx4,500.0,0.08044636249542236,0.047102465999999996,0.049687374383211136,True,0.41448606544137584,1.6190503823966271,,,,
S6i,75p_E2_to_E1,75% epiboly,pcdh7b,500.0,0.16996510326862335,0.18792373,0.19186919778585435,False,0.0,0.8858384004832386,,,,
S6i,75p_E2_to_E1,75% epiboly,PCDH8,500.0,0.09269247204065324,0.107871115,0.11105610840022563,False,0.0,0.8346454182115473,,,,
S6i,75p_E2_to_E1,75% epiboly,pcdh8,500.0,0.5257553458213806,0.41121903,0.4168863639235497,True,0.21785097595874076,1.2611478602303139,,,,
S6i,75p_E2_to_E1,75% epiboly,pdap1a,500.0,0.3926098346710205,0.30886668,0.31537231504917146,True,0.21329866856943328,1.24490900417117,,,,
S6i,75p_E2_to_E1,75% epiboly,perp,500.0,1.4830210208892822,1.5665924999999998,1.5862085044384002,False,0.0,0.9349470871828091,,,,
S6i,75p_E2_to_E1,75% epiboly,pfn2,500.0,0.3950393795967102,0.28688428,0.2929938465356827,True,0.27378308878501784,1.3482855843820587,,,,
S6i,75p_E2_to_E1,75% epiboly,pitx2,500.0,0.32066917419433594,0.28049040000000003,0.2840513229370117,True,0.1252966578041077,1.1289127995557489,,,,
S6i,75p_E2_to_E1,75% epiboly,pknox1.1,500.0,0.4664720296859741,0.38363212,0.390287309885025,True,0.17758815308055018,1.1952016319039234,,,,
S6i,75p_E2_to_E1,75% epiboly,plagl2,500.0,0.3669089674949646,0.29575497,0.3000435724854469,True,0.19392820748082554,1.2228522826055903,,,,
S6i,75p_E2_to_E1,75% epiboly,plekhg5b,500.0,0.4406048357486725,0.4152085,0.42142588794231417,True,0.0576397374367105,1.0455096574631495,,,,
S6i,75p_E2_to_E1,75% epiboly,pmp22b,500.0,0.2161821573972702,0.18918097,0.19282738342881206,True,0.12490016535312636,1.1211175174042656,,,,
S6i,75p_E2_to_E1,75% epiboly,pold3,500.0,0.3863282799720764,0.34322518,0.34792606979608537,True,0.1115711717310449,1.1103746269961836,,,,
S6i,75p_E2_to_E1,75% epiboly,ppan,500.0,0.37604621052742,0.32189286,0.3282421976327896,True,0.1440071764049771,1.1456364027519386,,,,
S6i,75p_E2_to_E1,75% epiboly,ppp1r7,500.0,0.38385748863220215,0.33746785,0.3424172759056091,True,0.12085120324965914,1.1210225524310766,,,,
S6i,75p_E2_to_E1,75% epiboly,prdm1a,500.0,1.1896203756332395,0.9278203000000002,0.9424122005701066,True,0.22007024770075612,1.2623142770367213,,,,
S6i,75p_E2_to_E1,75% epiboly,prickle1b,500.0,0.8731131553649902,0.5119922,0.5217959940433502,True,0.4136015326716733,1.6732845122081428,,,,
S6i,75p_E2_to_E1,75% epiboly,prmt1,500.0,0.3063420057296753,0.10674669999999999,0.1111299753189087,True,0.651544021421264,2.7566100401855427,,,,
S6i,75p_E2_to_E1,75% epiboly,prox1a,500.0,0.44926759600639343,0.39243782,0.3985350400209427,True,0.12649427834404947,1.1272976047044314,,,,
S6i,75p_E2_to_E1,75% epiboly,ptp4a2b,500.0,0.3319846987724304,0.26833066,0.2757963985204697,True,0.1917378588988899,1.2037310876914529,,,,
S6i,75p_E2_to_E1,75% epiboly,pttg1,500.0,0.3699433207511902,0.3415568,0.3467335715889931,True,0.07673211453772175,1.0669382807549688,,,,
S6i,75p_E2_to_E1,75% epiboly,rab11fip4a,500.0,0.5004490613937378,0.4316951,0.4377237990498543,True,0.13738452732219156,1.1432987250865458,,,,
S6i,75p_E2_to_E1,75% epiboly,rac1a,500.0,0.20544031262397766,0.16708523,0.17405465766787528,True,0.18669696216674625,1.1803206841841103,,,,
S6i,75p_E2_to_E1,75% epiboly,raraa,500.0,0.5271794795989989,0.38694520000000004,0.3926854163408279,True,0.2660086307990725,1.3424982381862587,,,,
S6i,75p_E2_to_E1,75% epiboly,rasgef1ba,500.0,0.616931676864624,0.43896896,0.446419869363308,True,0.2884642288082505,1.3819538940874272,,,,
S6i,75p_E2_to_E1,75% epiboly,rasl11b,500.0,0.8589491844177246,0.47631472,0.4864244818687439,True,0.4454680997053872,1.7658428315898422,,,,
S6i,75p_E2_to_E1,75% epiboly,rbbp4,500.0,0.4349100887775421,0.158694,0.16455964297056194,True,0.6351107892251721,2.642872097476191,,,,
S6i,75p_E2_to_E1,75% epiboly,rbm4.3,500.0,0.4360644221305847,0.11490753,0.12079970873892308,True,0.7364895481063491,3.6098135225890626,,,,
S6i,75p_E2_to_E1,75% epiboly,rbm7,500.0,0.3264759480953217,0.30190170000000005,0.308470518887043,True,0.07527124165256695,1.05837001627657,,,,
S6i,75p_E2_to_E1,75% epiboly,rbmx,500.0,0.2424924522638321,0.14330587,0.14981506168842315,True,0.4090295736113545,1.6186119708588054,,,,
S6i,75p_E2_to_E1,75% epiboly,rcc1,500.0,0.3524037301540375,0.18168753,0.18812728226184844,True,0.4844335677831171,1.8732196942256245,,,,
S6i,75p_E2_to_E1,75% epiboly,rdh10b,500.0,0.5153067708015442,0.41472942,0.41974669992923735,True,0.1951795709470444,1.2276612797394637,,,,
S6i,75p_E2_to_E1,75% epiboly,rfx2,500.0,0.36210379004478455,0.42658386,0.4336743101477623,False,0.0,0.8349671206519194,,,,
S6i,75p_E2_to_E1,75% epiboly,rhov,500.0,0.4233913123607636,0.33118075,0.3378812313079834,True,0.2177903947129004,1.253077333481233,,,,
S6i,75p_E2_to_E1,75% epiboly,ripply1,500.0,0.40627750754356384,0.29547173,0.29978183954954146,True,0.272734221408084,1.355243893873108,,,,
S6i,75p_E2_to_E1,75% epiboly,rnd1b,500.0,0.5203711986541748,0.42305458,0.4295840829610825,True,0.1870138527761678,1.2113372429148335,,,,
S6i,75p_E2_to_E1,75% epiboly,rpl10,500.0,0.5172176361083984,0.5574587,0.565757292509079,False,0.0,0.9142040994550651,,,,
S6i,75p_E2_to_E1,75% epiboly,rpl19,500.0,0.26707544922828674,0.24195048,0.24800535663962364,True,0.09407441668949564,1.0768938737737581,,,,
S6i,75p_E2_to_E1,75% epiboly,rpl31,500.0,0.2886984050273895,0.21952431,0.2261154681444168,True,0.2396067826620341,1.2767742401550428,,,,
S6i,75p_E2_to_E1,75% epiboly,rpl34,500.0,0.37316986918449396,0.2982719,0.3025844693183899,True,0.20070745500759773,1.233275025731184,,,,
S6i,75p_E2_to_E1,75% epiboly,rpl38,500.0,0.3421686887741089,0.31183422,0.31579620093107225,True,0.0886535608063076,1.0835110991369807,,,,
S6i,75p_E2_to_E1,75% epiboly,rpl4,500.0,0.38182532787323,0.15020674,0.155763877928257,True,0.6066087456599052,2.4513085636523138,,,,
S6i,75p_E2_to_E1,75% epiboly,rpl5a,500.0,0.1784714311361313,0.1337744,0.1396726854145527,True,0.2504436205515314,1.2777833447278741,,,,
S6i,75p_E2_to_E1,75% epiboly,rpl6,500.0,0.21774040162563324,0.12723422,0.1330866999924183,True,0.4156609450756968,1.6360793500630606,,,,
S6i,75p_E2_to_E1,75% epiboly,rplp0,500.0,0.1174764633178711,0.068571776,0.07196414731442928,True,0.4162934922026578,1.6324304212844651,,,,
S6i,75p_E2_to_E1,75% epiboly,rplp2l,500.0,0.2998644113540649,0.24997276,0.2561252355575561,True,0.16638070003518265,1.1707726132541898,,,,
S6i,75p_E2_to_E1,75% epiboly,rps3,500.0,0.17413826286792755,0.10168068,0.10721771121025084,True,0.4160922508653567,1.6241557565656988,,,,
S6i,75p_E2_to_E1,75% epiboly,rps6,500.0,0.09592720866203308,0.04662645,0.04876664374023676,True,0.5139392745643306,1.9670660374538902,,,,
S6i,75p_E2_to_E1,75% epiboly,rreb1a,500.0,0.9752455353736876,0.54482996,0.5548231422901153,True,0.4413407240782782,1.7577592948776726,,,,
S6i,75p_E2_to_E1,75% epiboly,rreb1b,500.0,0.7447205781936646,0.58750325,0.5971138894557952,True,0.21110914399786526,1.2472002265303137,,,,
S6i,75p_E2_to_E1,75% epiboly,rrm2,500.0,0.21612563729286194,0.09309879,0.0969302300363779,True,0.5692376405703662,2.2297031298878585,,,,
S6i,75p_E2_to_E1,75% epiboly,rrp8,500.0,0.29760536551475525,0.20721489,0.210741263628006,True,0.3037259541603282,1.412183643541585,,,,
S6i,75p_E2_to_E1,75% epiboly,rx3,500.0,0.3574769496917725,0.30501490000000003,0.3106701955199241,True,0.1467564312139723,1.1506638063349293,,,,
S6i,75p_E2_to_E1,75% epiboly,rxraa,500.0,0.16753281652927401,0.18149717,0.1850759595632553,False,0.0,0.9052111193945458,,,,
S6i,75p_E2_to_E1,75% epiboly,rxrgb,500.0,0.4266457855701447,0.32072043,0.3245948389172554,True,0.2482746928807685,1.3143948529597658,,,,
S6i,75p_E2_to_E1,75% epiboly,sall1a,500.0,0.24842266738414764,0.22435008,0.2279331274330616,True,0.0969017350291035,1.0898927689091764,,,,
S6i,75p_E2_to_E1,75% epiboly,sall3a,500.0,0.4601708352565765,0.35401136,0.358536496758461,True,0.2306957988043473,1.2834699937579424,,,,
S6i,75p_E2_to_E1,75% epiboly,sall3b,500.0,0.4139546751976013,0.26116285,0.26540154218673706,True,0.36910279572072413,1.5597297279694855,,,,
S6i,75p_E2_to_E1,75% epiboly,sdc4,500.0,0.5421555638313293,0.44411296,0.450795029103756,True,0.180838515452248,1.202665355270689,,,,
S6i,75p_E2_to_E1,75% epiboly,sebox,500.0,0.0944315642118454,0.106057405,0.1089904073625803,False,0.0,0.8664208759005576,,,,
S6i,75p_E2_to_E1,75% epiboly,sept9a,500.0,0.6540423631668091,0.41634393,0.4225346505641937,True,0.3634297243873833,1.5479023135581718,,,,
S6i,75p_E2_to_E1,75% epiboly,shha,500.0,0.3883979320526123,0.28751945,0.2922469183802605,True,0.25972969671448365,1.329006082271991,,,,
S6i,75p_E2_to_E1,75% epiboly,si:ch211-106e7.2,500.0,0.4065730273723602,0.34967625,0.35514612048864364,True,0.1399423280207255,1.144804923711284,,,,
S6i,75p_E2_to_E1,75% epiboly,si:ch211-113a14.12,500.0,0.5156145691871643,0.37079358,0.3771471917629242,True,0.28087062862974344,1.3671441295293565,,,,
S6i,75p_E2_to_E1,75% epiboly,si:ch211-113a14.18,500.0,0.34777387976646423,0.30147729999999995,0.30560377091169355,True,0.13312261046133228,1.1379894911930128,,,,
S6i,75p_E2_to_E1,75% epiboly,si:ch211-114n24.6,500.0,0.3105202317237854,0.30161476,0.3055204749107361,True,0.028679195303344836,1.0163647193023972,,,,
S6i,75p_E2_to_E1,75% epiboly,si:ch211-155e24.3,500.0,0.3411198556423187,0.25459886,0.2612847164273262,True,0.2536381223166039,1.3055484465628815,,,,
S6i,75p_E2_to_E1,75% epiboly,si:ch211-161h7.4,500.0,0.3173145055770874,0.2425469,0.2491696111857891,True,0.23562617893649734,1.2734879830128532,,,,
S6i,75p_E2_to_E1,75% epiboly,si:ch211-163l21.7,500.0,0.09231063723564148,0.08597441,0.08858584351837635,True,0.0686402699527447,1.0420472794447393,,,,
S6i,75p_E2_to_E1,75% epiboly,si:dkey-108k21.21,500.0,0.0973052829504013,0.10866956,0.11116023249924184,False,0.0,0.8753605562228828,,,,
S6i,75p_E2_to_E1,75% epiboly,si:dkey-261h17.1,500.0,0.5430508852005005,0.44743059999999996,0.4538288965821266,True,0.17607976922541638,1.1965982979275271,,,,
S6i,75p_E2_to_E1,75% epiboly,si:dkey-261m9.12,500.0,0.5853748321533203,0.36858582,0.3778825238347053,True,0.3703422068718333,1.5490920993461372,,,,
S6i,75p_E2_to_E1,75% epiboly,si:dkey-66i24.9,500.0,0.30878397822380066,0.27628064,0.2820603474974632,True,0.10526238069404216,1.094744372838787,,,,
S6i,75p_E2_to_E1,75% epiboly,si:dkey-68o6.5,500.0,0.28338077664375305,0.27149105,0.2752412870526314,True,0.04195671302886279,1.0295721971012481,,,,
S6i,75p_E2_to_E1,75% epiboly,si:dkey-92i17.2,500.0,0.3586508333683014,0.33126092,0.3370957672595978,True,0.0763693019758067,1.063943449316894,,,,
S6i,75p_E2_to_E1,75% epiboly,six3b,500.0,0.2313191145658493,0.1779751,0.18148778304457666,True,0.23060788299696405,1.2745712724312313,,,,
S6i,75p_E2_to_E1,75% epiboly,six4b,500.0,0.4795068800449371,0.4318501,0.4389103293418884,True,0.09938705053910353,1.0924939514727758,,,,
S6i,75p_E2_to_E1,75% epiboly,six7,500.0,0.5274339318275452,0.39064509999999997,0.3970922484993935,True,0.2593478288139066,1.3282403114659407,,,,
S6i,75p_E2_to_E1,75% epiboly,skia,500.0,0.4429233074188232,0.34088886,0.3477069839835167,True,0.2303659524533644,1.2738406986953714,,,,
S6i,75p_E2_to_E1,75% epiboly,skila,500.0,0.3983978927135468,0.34386706,0.3486899629235268,True,0.13687529524764894,1.1425562392827515,,,,
S6i,75p_E2_to_E1,75% epiboly,skilb,500.0,0.4314670562744141,0.3480311,0.3539394274353981,True,0.1933773423720122,1.2190420812984069,,,,
S6i,75p_E2_to_E1,75% epiboly,smtnl,500.0,0.80769282579422,0.67529434,0.6845371842384338,True,0.16392183006850425,1.1799108133078267,,,,
S6i,75p_E2_to_E1,75% epiboly,snai1a,500.0,1.340607762336731,0.6859456,0.6978288233280182,True,0.4883323894281553,1.9211126246451575,,,,
S6i,75p_E2_to_E1,75% epiboly,snai2,500.0,0.4661102592945099,0.34714943,0.35252285152673724,True,0.2552203587389183,1.3222128927978378,,,,
S6i,75p_E2_to_E1,75% epiboly,snrpc,500.0,0.3704015612602234,0.3322071,0.3363261640071869,True,0.10311632495787544,1.1013165221731258,,,,
S6i,75p_E2_to_E1,75% epiboly,snrpd3,500.0,0.25796669721603394,0.217662,0.2211265668272972,True,0.15623989853887382,1.1666020095066614,,,,
S6i,75p_E2_to_E1,75% epiboly,snrpg,500.0,0.3242275416851044,0.29070818,0.2945875659584999,True,0.1033822027229582,1.1006151621850193,,,,
S6i,75p_E2_to_E1,75% epiboly,sox10,500.0,0.20862546563148496,0.16709247,0.17061419039964676,True,0.19907921207478127,1.2227908191153418,,,,
S6i,75p_E2_to_E1,75% epiboly,sox11a,500.0,0.9555103182792664,0.39252555,0.4006842643022537,True,0.5891979958833005,2.384696389171108,,,,
S6i,75p_E2_to_E1,75% epiboly,sox11b,500.0,0.6325932741165161,0.20542336,0.21144168451428413,True,0.6752678798404319,2.991809659337919,,,,
S6i,75p_E2_to_E1,75% epiboly,sox13,500.0,0.5129795670509338,0.3638274,0.3687124446034432,True,0.2907565315872466,1.3912727236604463,,,,
S6i,75p_E2_to_E1,75% epiboly,sox17,500.0,0.7225542664527893,0.45887053,0.4683272436261177,True,0.3649327788469145,1.5428405592172427,,,,
S6i,75p_E2_to_E1,75% epiboly,sox19a,500.0,1.2171165943145752,0.34348738,0.35214658975601193,True,0.7177859676389047,3.456278236736201,,,,
S6i,75p_E2_to_E1,75% epiboly,sox2,500.0,0.8052821159362793,0.48663592,0.4966039776802063,True,0.3956951064040185,1.621578062459358,,,,
S6i,75p_E2_to_E1,75% epiboly,sox3,500.0,0.8539752364158629,0.49952257,0.5080374985933304,True,0.4150620000506724,1.6809295352811071,,,,
S6i,75p_E2_to_E1,75% epiboly,sox5,500.0,0.5109214186668396,0.42863458,0.4354460030794143,True,0.16105575478027528,1.173328989251649,,,,
S6i,75p_E2_to_E1,75% epiboly,sp5a,500.0,0.21694105863571167,0.16563535,0.16901595667004585,True,0.23649608604303635,1.2835537123824678,,,,
S6i,75p_E2_to_E1,75% epiboly,sp5l,500.0,0.6026248931884766,0.17987089999999997,0.18474126011133196,True,0.7015209535399699,3.26199406037023,,,,
S6i,75p_E2_to_E1,75% epiboly,sp8b,500.0,0.6871355772018433,0.43447787,0.4413243964314461,True,0.3676970308170679,1.556985253382838,,,,
S6i,75p_E2_to_E1,75% epiboly,spon1b,500.0,0.12239152938127518,0.10850903,0.11128244400024416,True,0.11342699109697485,1.0998278343078685,,,,
S6i,75p_E2_to_E1,75% epiboly,srp19,500.0,0.3797520399093628,0.31503242,0.3187855422496796,True,0.17042599002822395,1.1912461187211965,,,,
S6i,75p_E2_to_E1,75% epiboly,srrm4,500.0,0.3798053562641144,0.25082284,0.25529944747686384,True,0.33960161966040425,1.4876857745590448,,,,
S6i,75p_E2_to_E1,75% epiboly,stmn1a,500.0,0.3899808824062347,0.33862802,0.34419424533843995,True,0.1316804511712008,1.1330255740411161,,,,
S6i,75p_E2_to_E1,75% epiboly,stox1,500.0,0.422793447971344,0.34010386,0.3475549265742302,True,0.19557915028794084,1.2164795134361144,,,,
S6i,75p_E2_to_E1,75% epiboly,supt16h,500.0,0.1637328863143921,0.08015485,0.08286647163331509,True,0.5104535632195624,1.9758640990400995,,,,
S6i,75p_E2_to_E1,75% epiboly,syne2b,500.0,0.5222137570381165,0.36558074,0.370733705163002,True,0.2999404311669522,1.4085953064572658,,,,
S6i,75p_E2_to_E1,75% epiboly,szl,500.0,0.5974936485290527,0.29736656,0.30392852425575256,True,0.5023100910988121,1.965901851404603,,,,
S6i,75p_E2_to_E1,75% epiboly,tagln2,500.0,1.4234265089035034,1.0735695,1.0889828622341156,True,0.2457850619656504,1.3071156197841867,,,,
S6i,75p_E2_to_E1,75% epiboly,tbr1b,500.0,0.10196994990110396,0.12152147,0.12457272857427595,False,0.0,0.8185575692861605,,,,
S6i,75p_E2_to_E1,75% epiboly,tbx1,500.0,0.4310310184955597,0.25425166,0.25996842682361604,True,0.4101314104866618,1.658012950888096,,,,
S6i,75p_E2_to_E1,75% epiboly,tbx16,500.0,1.3141953945159912,0.38855850000000003,0.3952827826142311,True,0.7043373393431039,3.3246967799216183,,,,
S6i,75p_E2_to_E1,75% epiboly,tbx16l,500.0,1.1197278499603271,0.38015938,0.3873077228665352,True,0.6604894858467375,2.8910547966175755,,,,
S6i,75p_E2_to_E1,75% epiboly,tbx3b,500.0,0.4171141684055328,0.34827477,0.35277253240346906,True,0.16503731165461288,1.1823884517416896,,,,
S6i,75p_E2_to_E1,75% epiboly,tbx6,500.0,0.4115340113639832,0.3348455,0.3407305344939232,True,0.18634789869351331,1.2077990367820197,,,,
S6i,75p_E2_to_E1,75% epiboly,tbxta,500.0,0.8643426299095154,0.304411,0.3093599885702133,True,0.6478121250542108,2.793970331794674,,,,
S6i,75p_E2_to_E1,75% epiboly,tbxtb,500.0,0.5629224181175232,0.29193985,0.29701209515333177,True,0.4813852757931237,1.8952844927978973,,,,
S6i,75p_E2_to_E1,75% epiboly,tcf3b,500.0,0.3246830105781555,0.17539564,0.1816102094948292,True,0.4597942237929152,1.787801530989368,,,,
S6i,75p_E2_to_E1,75% epiboly,tcf7,500.0,0.4616994857788086,0.3691422,0.375552237033844,True,0.20047083461571036,1.2293881922402214,,,,
S6i,75p_E2_to_E1,75% epiboly,tcf7l1a,500.0,0.36305126547813416,0.20487413,0.21088773235678676,True,0.43568815871378536,1.7215380971706413,,,,
S6i,75p_E2_to_E1,75% epiboly,tcf7l1b,500.0,0.5480250716209412,0.35602564,0.36295746862888334,True,0.35034790444333386,1.5098878490947536,,,,
S6i,75p_E2_to_E1,75% epiboly,tcf7l2,500.0,0.36213845014572144,0.35175425,0.3562602803111076,True,0.028674674007414813,1.0164996497209307,,,,
S6i,75p_E2_to_E1,75% epiboly,tdgf1,500.0,0.6739262938499451,0.45604804,0.46330396682024,True,0.3232968564309346,1.4546093755148564,,,,
S6i,75p_E2_to_E1,75% epiboly,tead1a,500.0,0.3857266306877136,0.3407743,0.34617588967084884,True,0.11653935558800935,1.114250420658904,,,,
S6i,75p_E2_to_E1,75% epiboly,tead1b,500.0,0.41953390836715704,0.32821350000000005,0.33258545994758604,True,0.21767107174980974,1.2614318991373636,,,,
S6i,75p_E2_to_E1,75% epiboly,tfap2c,500.0,0.8910892009735107,0.32833886,0.3368290662765503,True,0.6315308713126077,2.6455234722584495,,,,
S6i,75p_E2_to_E1,75% epiboly,tgif1,500.0,0.5076357126235962,0.19762035,0.2038668006658554,True,0.6107044043042892,2.490036195033189,,,,
S6i,75p_E2_to_E1,75% epiboly,tlcd5a,500.0,0.5158206224441528,0.33124653,0.338367672264576,True,0.35782613056523704,1.524438250829184,,,,
S6i,75p_E2_to_E1,75% epiboly,tmed10,500.0,0.4089052677154541,0.33223534,0.33653698712587354,True,0.1875004737407679,1.2150381187150552,,,,
S6i,75p_E2_to_E1,75% epiboly,tmed2,500.0,0.3524123430252075,0.29112256,0.29471355229616164,True,0.1739149848338215,1.1957792245368601,,,,
S6i,75p_E2_to_E1,75% epiboly,tp63,500.0,0.8087105751037598,0.35725194,0.36482919454574586,True,0.558244997461658,2.216682730423197,,,,
S6i,75p_E2_to_E1,75% epiboly,tph1b,500.0,0.2611703872680664,0.16321968,0.16695499494671825,True,0.3750452448723239,1.564316104177751,,,,
S6i,75p_E2_to_E1,75% epiboly,tpx2,500.0,0.2872051000595093,0.26671392,0.2705001175403595,True,0.07134686257264188,1.0617559159347032,,,,
S6i,75p_E2_to_E1,75% epiboly,tram1,500.0,0.5267602205276489,0.6107951,0.6224877417087555,False,0.0,0.8462178212243497,,,,
S6i,75p_E2_to_E1,75% epiboly,trps1,500.0,0.3789131343364716,0.32923406,0.33391506373882296,True,0.1311093921252708,1.1347590315148064,,,,
S6i,75p_E2_to_E1,75% epiboly,tshz3b,500.0,0.35125234723091125,0.37697159999999996,0.3833625927567482,False,0.0,0.9162405353768786,,,,
S6i,75p_E2_to_E1,75% epiboly,tuba1a,500.0,0.8800817728042603,0.5245838,0.5343367487192154,True,0.4039374149781495,1.6470545492403101,,,,
S6i,75p_E2_to_E1,75% epiboly,tuba8l,500.0,0.4338124096393585,0.19065109,0.1973640702664852,True,0.5605218183787959,2.1980313288716418,,,,
S6i,75p_E2_to_E1,75% epiboly,tuba8l2,500.0,1.1405436992645264,0.78168464,0.7944144636392594,True,0.3146385907232074,1.435703592353579,,,,
S6i,75p_E2_to_E1,75% epiboly,tuba8l4,500.0,0.32141613960266113,0.105744444,0.10803370550274848,True,0.6710045613622556,2.9751468590928227,,,,
S6i,75p_E2_to_E1,75% epiboly,tubb2b,500.0,0.28025633096694946,0.14348608,0.14999058321118355,True,0.4880184077954522,1.8684928411295962,,,,
S6i,75p_E2_to_E1,75% epiboly,twist1a,500.0,0.12707436084747314,0.13510865,0.13814014866948127,False,0.0,0.9198944844884706,,,,
S6i,75p_E2_to_E1,75% epiboly,twist2,500.0,0.4556694328784943,0.21925949,0.22337801158428192,True,0.5188189731812775,2.039902807114779,,,,
S6i,75p_E2_to_E1,75% epiboly,ube2c,500.0,0.33569642901420593,0.28517306,0.2889065489172936,True,0.1505031514715375,1.1619550691123552,,,,
S6i,75p_E2_to_E1,75% epiboly,uhrf1,500.0,0.3416733741760254,0.12286383,0.12659120634198187,True,0.6404056083322518,2.699029293180178,,,,
S6i,75p_E2_to_E1,75% epiboly,unc5b,500.0,0.7554907798767091,0.50942415,0.5176693648099899,True,0.3257043453618105,1.459407937253562,,,,
S6i,75p_E2_to_E1,75% epiboly,uncx4.1,500.0,0.33646759390830994,0.3188553,0.3238658815622329,True,0.052344738639460715,1.038910280654727,,,,
S6i,75p_E2_to_E1,75% epiboly,unga,500.0,0.3708349764347077,0.34067970000000003,0.346321776509285,True,0.0813172252025752,1.070781572480082,,,,
S6i,75p_E2_to_E1,75% epiboly,usf1,500.0,0.3708559274673462,0.30564009999999997,0.30965514183044435,True,0.17585218734379846,1.197641754873275,,,,
S6i,75p_E2_to_E1,75% epiboly,vent,500.0,0.5175352692604065,0.5196555,0.5278553307056427,False,0.0,0.9804490722269674,,,,
S6i,75p_E2_to_E1,75% epiboly,vgll4l,500.0,0.5680285096168518,0.56645286,0.5752698510885239,False,0.0027738903205760967,0.9874122701581353,,,,
S6i,75p_E2_to_E1,75% epiboly,vox,500.0,0.3603976368904114,0.28553176,0.2893571749329567,True,0.2077313221981292,1.2455113199591976,,,,
S6i,75p_E2_to_E1,75% epiboly,vrtn,500.0,0.4703804254531861,0.109160274,0.11282790526747705,True,0.7679319368742298,4.169007873877231,,,,
S6i,75p_E2_to_E1,75% epiboly,vsx2,500.0,0.2114560753107071,0.19408357,0.1977810375392437,True,0.0821565606528896,1.0691423098068742,,,,
S6i,75p_E2_to_E1,75% epiboly,wnt11f2,500.0,0.8186406493186951,0.5194949000000001,0.5281267404556275,True,0.3654176694022816,1.5500836950850745,,,,
S6i,75p_E2_to_E1,75% epiboly,wnt8a,500.0,0.5860041379928589,0.40288302,0.4092594817280769,True,0.3124911636229522,1.4318645362069238,,,,
S6i,75p_E2_to_E1,75% epiboly,xbp1,500.0,0.9649599194526672,0.49929073,0.5098587810993195,True,0.482578784398945,1.8926023346544951,,,,
S6i,75p_E2_to_E1,75% epiboly,ypel3,500.0,0.4532238841056824,0.3646008,0.3693550407886505,True,0.1955392903712403,1.2270683598576435,,,,
S6i,75p_E2_to_E1,75% epiboly,zbtb18,500.0,0.3727318346500397,0.30367540000000004,0.3074346959590912,True,0.1852710584357876,1.212393524703657,,,,
S6i,75p_E2_to_E1,75% epiboly,zc4h2,500.0,0.446193277835846,0.33936077,0.3447371110320091,True,0.2394310035118111,1.2943001016052973,,,,
S6i,75p_E2_to_E1,75% epiboly,zeb1a,500.0,0.6716690063476562,0.34568699999999997,0.3527170196175575,True,0.4853313184371344,1.9042716086565106,,,,
S6i,75p_E2_to_E1,75% epiboly,zeb1b,500.0,0.5093486905097961,0.43283302,0.4396704688668251,True,0.15022258035940286,1.1584782844809993,,,,
S6i,75p_E2_to_E1,75% epiboly,zeb2a,500.0,0.3148997724056244,0.27177444,0.27529583871364594,True,0.13694938891945255,1.1438595435260945,,,,
S6i,75p_E2_to_E1,75% epiboly,zeb2b,500.0,0.5433562397956848,0.34233588,0.3475584462285042,True,0.3699605254714099,1.563352137437202,,,,
S6i,75p_E2_to_E1,75% epiboly,zfand5a,500.0,0.35313186049461365,0.36352080000000003,0.3707374855875969,False,0.0,0.9525118829969962,,,,
S6i,75p_E2_to_E1,75% epiboly,zgc:113372,500.0,0.17023447155952454,0.16000342,0.16345582976937295,True,0.060099742284871076,1.0414707863262869,,,,
S6i,75p_E2_to_E1,75% epiboly,zgc:113424,500.0,0.1955828964710236,0.16823189,0.17147174403071402,True,0.1398435515528505,1.1406129772377587,,,,
S6i,75p_E2_to_E1,75% epiboly,zgc:174154,500.0,0.20198912918567655,0.18115498,0.18551779836416246,True,0.10314489702559028,1.0887857174176985,,,,
S6i,75p_E2_to_E1,75% epiboly,zgc:175088,500.0,0.60489422082901,0.6090194999999999,0.6178676247596739,False,0.0,0.979002939447248,,,,
S6i,75p_E2_to_E1,75% epiboly,zic2a,500.0,1.3180348873138428,0.5220236,0.5309654414653778,True,0.6039379357513306,2.482336484416541,,,,
S6i,75p_E2_to_E1,75% epiboly,zic2b,500.0,0.7825097441673279,0.20602015,0.2108879581093788,True,0.7367187461319352,3.7105473028548777,,,,
S6i,75p_E2_to_E1,75% epiboly,zmp:0000000624,500.0,0.3809833526611328,0.33388957,0.3396878123283386,True,0.1236111198027485,1.1215690961937674,,,,
S6i,75p_E2_to_E1,75% epiboly,znf1004,500.0,0.443694531917572,0.29625100000000004,0.301685194671154,True,0.3323086545748035,1.4707202731682358,,,,
S6i,75p_E2_to_E1,75% epiboly,znf576.2,500.0,0.34907954931259155,0.25871104,0.2651672139763832,True,0.25887654968776164,1.3164506428901195,,,,
S6i,75p_E2_to_E1,75% epiboly,znfl2a,500.0,0.5666933655738831,0.33842295,0.34541618525981904,True,0.4028111591887573,1.6406103412543371,,,,
S6i,75p_E2_to_E1,75% epiboly,zswim5,500.0,0.3501004278659821,0.34943485,0.3580698296427727,False,0.0019010981218771335,0.9777434424320496,,,,
S6i,6s_E1_to_E2,6-somite,ackr3b,500.0,0.6834670305252075,0.32138962,0.32557895630598066,True,0.5297657367777264,2.099235891286788,,,,
S6i,6s_E1_to_E2,6-somite,acvr1ba,500.0,0.3245808482170105,0.27974564,0.2829237341880798,True,0.13813264119798085,1.1472379620199633,,,,
S6i,6s_E1_to_E2,6-somite,add3b,500.0,0.3988923728466034,0.31233296,0.3161649525165558,True,0.2169994232927422,1.2616590475053229,,,,
S6i,6s_E1_to_E2,6-somite,adka,500.0,0.39852508902549744,0.36321312,0.369233538210392,True,0.08860663508243133,1.079330688531373,,,,
S6i,6s_E1_to_E2,6-somite,ahi1,500.0,0.3775644898414612,0.30974102,0.3137611269950867,True,0.1796341326148109,1.203350120065618,,,,
S6i,6s_E1_to_E2,6-somite,akap12b,500.0,0.7267380952835083,0.15263817,0.15614646449685096,True,0.7899681217573681,4.65420781460066,,,,
S6i,6s_E1_to_E2,6-somite,alcamb,500.0,0.6966455578804016,0.25953560000000003,0.2645658552646637,True,0.6274495577557846,2.6331650287354673,,,,
S6i,6s_E1_to_E2,6-somite,aldob,500.0,0.6259549260139465,0.30117917,0.30725067704916,True,0.5188484696072028,2.0372776132688357,,,,
S6i,6s_E1_to_E2,6-somite,anp32e,500.0,0.5496172308921814,0.12388621,0.12730432897806168,True,0.7745954716422115,4.317349105912155,,,,
S6i,6s_E1_to_E2,6-somite,apex1,500.0,0.16457884013652802,0.113375835,0.11534019522368907,True,0.3111153595041386,1.426899268007534,,,,
S6i,6s_E1_to_E2,6-somite,aplnra,500.0,1.060720682144165,0.48513848,0.4923358365893364,True,0.5426331511569493,2.1544657189537997,,,,
S6i,6s_E1_to_E2,6-somite,aplnrb,500.0,0.2570642232894897,0.18573883,0.1881102830171585,True,0.27746136984090697,1.3665612488927121,,,,
S6i,6s_E1_to_E2,6-somite,apoc1,500.0,0.7526388764381409,0.3054663,0.3110891386866569,True,0.5941396281118871,2.4193672579364236,,,,
S6i,6s_E1_to_E2,6-somite,arf5,500.0,0.4906046688556671,0.30359924,0.3075547188520432,True,0.3811733608164909,1.595178479741306,,,,
S6i,6s_E1_to_E2,6-somite,arhgap5,500.0,0.3058329224586487,0.27649640000000003,0.2807531923055649,True,0.09592332915937847,1.0893301691322805,,,,
S6i,6s_E1_to_E2,6-somite,arl4aa,500.0,0.2367126047611237,0.19545919,0.1985173918306828,True,0.17427638790913533,1.192402351140186,,,,
S6i,6s_E1_to_E2,6-somite,arl4ab,500.0,0.4288440644741057,0.22255027,0.2261984795331955,True,0.4810461625147962,1.895875097653657,,,,
S6i,6s_E1_to_E2,6-somite,arl4d,500.0,0.6842625737190247,0.28244996,0.2862161010503769,True,0.5872199188485805,2.390720058053574,,,,
S6i,6s_E1_to_E2,6-somite,arl6ip5a,500.0,0.2560308277606964,0.2207094,0.2239977851510048,True,0.1379577204853143,1.1430060685113337,,,,
S6i,6s_E1_to_E2,6-somite,aspm,500.0,0.4948308169841766,0.32685745,0.33066016584634783,True,0.33945616076159096,1.4964935849397598,,,,
S6i,6s_E1_to_E2,6-somite,atf6,500.0,0.5079706311225891,0.3280628,0.3330886512994766,True,0.35416974436460064,1.5250313366752262,,,,
S6i,6s_E1_to_E2,6-somite,atoh1c,500.0,0.0946350172162056,0.06540212,0.0670275840908289,True,0.3089014798573765,1.4118816678215036,,,,
S6i,6s_E1_to_E2,6-somite,atp2b1a,500.0,0.9934832453727722,0.7296127,0.7398884803056717,True,0.26560139641009,1.3427472812691075,,,,
S6i,6s_E1_to_E2,6-somite,atrxl,500.0,0.20715005695819852,0.16984019,0.17386731952428816,True,0.18011035416414148,1.1914260685962952,,,,
S6i,6s_E1_to_E2,6-somite,axin2,500.0,0.32951608300209045,0.22299227,0.22583093494176865,True,0.3232734828803285,1.4591273028518321,,,,
S6i,6s_E1_to_E2,6-somite,bach1b,500.0,0.4875969588756561,0.33219385,0.3363993868231773,True,0.3187122162596153,1.4494585245244611,,,,
S6i,6s_E1_to_E2,6-somite,bambia,500.0,0.6381291151046753,0.24529810000000002,0.24961955696344376,True,0.615598008785703,2.5564067289732746,,,,
S6i,6s_E1_to_E2,6-somite,baz1b,500.0,0.4297069907188416,0.28198132,0.2854862630367279,True,0.3437823324276035,1.5051757172062588,,,,
S6i,6s_E1_to_E2,6-somite,bcl2l1,500.0,0.4798367321491242,0.3665256,0.3711405321955681,True,0.2361452013518213,1.292870733655897,,,,
S6i,6s_E1_to_E2,6-somite,bhlha15,500.0,0.2557844817638397,0.12740546,0.12975777834653854,True,0.5019030717945151,1.9712458476340977,,,,
S6i,6s_E1_to_E2,6-somite,blf,500.0,0.07833267003297806,0.060457982,0.06212888583540916,True,0.2281894374665732,1.2608091868973106,,,,
S6i,6s_E1_to_E2,6-somite,bmp2b,500.0,0.7162196040153503,0.33390397,0.3391330257058144,True,0.5337966645115153,2.1119134667723127,,,,
S6i,6s_E1_to_E2,6-somite,bmp7a,500.0,0.7340343594551086,0.27064657,0.27519438564777376,True,0.6312889599419507,2.6673304316411905,,,,
S6i,6s_E1_to_E2,6-somite,brd2a,500.0,0.19287675619125366,0.14943506,0.15315993428230285,True,0.2252303430075079,1.259316002550283,,,,
S6i,6s_E1_to_E2,6-somite,btg2,500.0,0.4925663769245148,0.18804382,0.19212812855839728,True,0.6182365937117406,2.563739003863765,,,,
S6i,6s_E1_to_E2,6-somite,c1qbp,500.0,0.3604135811328888,0.2122784,0.21656427085399627,True,0.4110144372919177,1.6642338078743983,,,,
S6i,6s_E1_to_E2,6-somite,C7H16orf87,500.0,0.27869966626167303,0.20028383,0.2027183473110199,True,0.28136323920300776,1.3748122454554104,,,,
S6i,6s_E1_to_E2,6-somite,ca9,500.0,0.3258431851863861,0.20632188,0.20937912464141845,True,0.366806213536894,1.5562353016062294,,,,
S6i,6s_E1_to_E2,6-somite,casz1,500.0,0.4618436694145202,0.30084902,0.30478997379541395,True,0.3485912216519147,1.515284980222238,,,,
S6i,6s_E1_to_E2,6-somite,cbx3a,500.0,0.2303265780210495,0.16745149,0.1715424969792366,True,0.2729823564861255,1.3426794064267824,,,,
S6i,6s_E1_to_E2,6-somite,cbx5,500.0,0.2601512968540192,0.17466199999999998,0.17927890047430992,True,0.328613787082456,1.451098239479096,,,,
S6i,6s_E1_to_E2,6-somite,ccne2,500.0,0.22225676476955414,0.15169045,0.15398381352424625,True,0.3174990491370697,1.443377454309882,,,,
S6i,6s_E1_to_E2,6-somite,ccnf,500.0,0.6711956858634949,0.26774943,0.27274023145437243,True,0.6010858913602459,2.4609339160723755,,,,
S6i,6s_E1_to_E2,6-somite,ccng1,500.0,0.32468628883361816,0.23622385,0.2411259673535824,True,0.2724551211492158,1.3465421928510277,,,,
S6i,6s_E1_to_E2,6-somite,cd63,500.0,0.4043402671813965,0.24341324,0.24632945507764814,True,0.3979990135182785,1.6414612984628252,,,,
S6i,6s_E1_to_E2,6-somite,cdc14b,500.0,0.4636776149272919,0.2895071,0.2948871493339539,True,0.37562849332121295,1.5723900345422859,,,,
S6i,6s_E1_to_E2,6-somite,cdc42ep4a,500.0,0.26938000321388245,0.2004227,0.20314303115010265,True,0.25598521854390804,1.3260607646187834,,,,
S6i,6s_E1_to_E2,6-somite,cdca8,500.0,0.4065088033676148,0.3168856,0.3209257736802101,True,0.2204705336560272,1.2666754642545004,,,,
S6i,6s_E1_to_E2,6-somite,cdh2,500.0,0.574559211730957,0.25838947,0.2625617235898972,True,0.5502822551865739,2.1882824498378817,,,,
S6i,6s_E1_to_E2,6-somite,cdh6,500.0,0.7045489549636841,0.3513416,0.3562244400382042,True,0.5013240702279201,1.9778231804873436,,,,
S6i,6s_E1_to_E2,6-somite,cdkn1ca,500.0,0.6628615856170654,0.35779262,0.3623959988355637,True,0.4602302748356889,1.829108455244941,,,,
S6i,6s_E1_to_E2,6-somite,cdt1,500.0,0.4663094282150269,0.27195728,0.2765116885304451,True,0.4167879485245113,1.6864004219614908,,,,
S6i,6s_E1_to_E2,6-somite,cenpf,500.0,0.6787464618682861,0.34966344,0.3548703625798225,True,0.4848393972465891,1.9126603217410492,,,,
S6i,6s_E1_to_E2,6-somite,cfl1l,500.0,0.5931063294410706,0.4025065,0.4077548250555992,True,0.3213586156433841,1.4545660602794777,,,,
S6i,6s_E1_to_E2,6-somite,chaf1a,500.0,0.4482830762863159,0.29879606,0.3025256425142288,True,0.3334656749114672,1.4818019145773127,,,,
S6i,6s_E1_to_E2,6-somite,chrd,500.0,0.5417929291725159,0.20285325,0.206499133259058,True,0.625588972094695,2.62370558472429,,,,
S6i,6s_E1_to_E2,6-somite,chst11,500.0,0.2580223083496094,0.17911106,0.18206943050026891,True,0.3058310941172992,1.4171643621921928,,,,
S6i,6s_E1_to_E2,6-somite,cldnd,500.0,0.244431346654892,0.19464912,0.19720226898789409,True,0.20366549598226236,1.2394956098091205,,,,
S6i,6s_E1_to_E2,6-somite,clic4,500.0,0.522244930267334,0.268924,0.2731339767575264,True,0.4850615443191229,1.9120467415555367,,,,
S6i,6s_E1_to_E2,6-somite,clocka,500.0,0.2559933960437775,0.22431956,0.2269014038145542,True,0.12372910480245382,1.1282142452190385,,,,
S6i,6s_E1_to_E2,6-somite,cmtm6,500.0,0.2875446677207947,0.20993316,0.21255202442407609,True,0.2699111292879917,1.3528201789652023,,,,
S6i,6s_E1_to_E2,6-somite,cnmd,500.0,0.2504040002822876,0.17331383,0.17582545652985573,True,0.30786318857856143,1.4241623779874457,,,,
S6i,6s_E1_to_E2,6-somite,cnn3a,500.0,0.6101837158203125,0.33056003,0.3347293272614479,True,0.4582614711233089,1.8229168050868598,,,,
S6i,6s_E1_to_E2,6-somite,coq10b,500.0,0.19747963547706604,0.17666815,0.17928631454706193,True,0.1053854652592081,1.1014763506961847,,,,
S6i,6s_E1_to_E2,6-somite,crabp2b,500.0,0.6581583619117737,0.29950413,0.3038394287228584,True,0.5449360694761352,2.166138755191318,,,,
S6i,6s_E1_to_E2,6-somite,creb3l1,500.0,0.5442386269569397,0.27379405,0.27748116254806515,True,0.4969227808839283,1.9613534193070383,,,,
S6i,6s_E1_to_E2,6-somite,creb3l2,500.0,0.7047818899154663,0.38059384,0.38686711341142654,True,0.4599835186554308,1.8217673859652754,,,,
S6i,6s_E1_to_E2,6-somite,cst3,500.0,0.766588032245636,0.52655625,0.5338499873876572,True,0.31311704424769266,1.435961506708766,,,,
S6i,6s_E1_to_E2,6-somite,ctcf,500.0,0.25766274333000183,0.079800904,0.08210688680410386,True,0.6902893186426081,3.138138021780694,,,,
S6i,6s_E1_to_E2,6-somite,cth1,500.0,0.2964493930339813,0.23755775,0.2404138408601284,True,0.19865663582814488,1.2330795597016153,,,,
S6i,6s_E1_to_E2,6-somite,CU570769.1,500.0,0.1618243008852005,0.12834289999999998,0.13060324937105178,True,0.20689973015268634,1.2390526396892916,,,,
S6i,6s_E1_to_E2,6-somite,cux1a,500.0,0.3409358859062195,0.25104317,0.2539367124438286,True,0.26366457428423823,1.3426017948532563,,,,
S6i,6s_E1_to_E2,6-somite,cxcl12b,500.0,0.18924997746944427,0.15053941,0.15322540253400802,True,0.20454726015052652,1.2351083719779472,,,,
S6i,6s_E1_to_E2,6-somite,cxcr4a,500.0,0.3866655826568604,0.22926731,0.2320029191672802,True,0.4070656289057851,1.6666410235039515,,,,
S6i,6s_E1_to_E2,6-somite,dact2,500.0,1.1362091302871704,0.25545394,0.2601001635193825,True,0.7751699600040415,4.368352233667477,,,,
S6i,6s_E1_to_E2,6-somite,dand5,500.0,0.18713031709194186,0.12280218,0.1250390350818634,True,0.3437611556458806,1.4965751852565652,,,,
S6i,6s_E1_to_E2,6-somite,dbx1a,500.0,0.28809693455696106,0.110461265,0.11339057758450508,True,0.6165829913512347,2.54074845277382,,,,
S6i,6s_E1_to_E2,6-somite,dharma,500.0,0.20217840373516086,0.13709459,0.1392358660697937,True,0.3219128029756567,1.4520569264374483,,,,
S6i,6s_E1_to_E2,6-somite,dkc1,500.0,0.2707350552082062,0.079442576,0.08166314586997032,True,0.7065670882079653,3.3152660520731,,,,
S6i,6s_E1_to_E2,6-somite,dkk1b,500.0,0.23241175711154935,0.14564554,0.14803380146622658,True,0.373329706969127,1.5699911426281472,,,,
S6i,6s_E1_to_E2,6-somite,dld,500.0,1.4148812294006348,0.27072236,0.27526343166828154,True,0.8086607173850549,5.140098780377411,,,,
S6i,6s_E1_to_E2,6-somite,dlgap5,500.0,0.3993159830570221,0.16208509,0.16537562310695647,True,0.594093166854009,2.41460002118187,,,,
S6i,6s_E1_to_E2,6-somite,dlx3b,500.0,1.1853852272033691,0.33684734,0.342191681265831,True,0.7158330242609113,3.4640971481784932,,,,
S6i,6s_E1_to_E2,6-somite,dmd,500.0,0.2397573739290237,0.10333029,0.10580843053758143,True,0.5690214231398749,2.2659571899033675,,,,
S6i,6s_E1_to_E2,6-somite,dnmt3bb.2,500.0,0.4019814133644104,0.28928208,0.2932805433869362,True,0.2803595542137465,1.3706378497603264,,,,
S6i,6s_E1_to_E2,6-somite,drll.2,500.0,0.38084933161735535,0.2916857,0.2950261384248733,True,0.23411786183827246,1.2909003034466264,,,,
S6i,6s_E1_to_E2,6-somite,drll.3,500.0,0.1981264352798462,0.13443442,0.13667670637369156,True,0.32147158101209083,1.449599134604131,,,,
S6i,6s_E1_to_E2,6-somite,dscc1,500.0,0.2292057126760483,0.16970891,0.17206812649965286,True,0.2595781945274704,1.33206374323202,,,,
S6i,6s_E1_to_E2,6-somite,dync1li1,500.0,0.3131258487701416,0.24978685,0.2526189148426056,True,0.20227967518055046,1.2395186202317228,,,,
S6i,6s_E1_to_E2,6-somite,dynll1,500.0,0.8168229460716248,0.42093667,0.4268768578767777,True,0.4846659537369158,1.9134861283752442,,,,
S6i,6s_E1_to_E2,6-somite,dynll2b,500.0,0.2695281207561493,0.17894200000000002,0.1813339278101921,True,0.33609155733562085,1.4863634401515462,,,,
S6i,6s_E1_to_E2,6-somite,ednraa,500.0,0.24879242479801175,0.18030420000000003,0.1834717996418476,True,0.27528259912433845,1.3560254234366018,,,,
S6i,6s_E1_to_E2,6-somite,efemp2b,500.0,1.4692168235778809,0.25277644,0.2566423028707504,True,0.8279515726326128,5.724764807451889,,,,
S6i,6s_E1_to_E2,6-somite,efna1a,500.0,0.5533018112182617,0.30782938,0.3123146265745163,True,0.4436501493504591,1.771616710004606,,,,
S6i,6s_E1_to_E2,6-somite,efnb2b,500.0,0.6620109677314758,0.25709334,0.2613043010234833,True,0.6116479141736146,2.5334866863595225,,,,
S6i,6s_E1_to_E2,6-somite,egln1b,500.0,0.3840960562229157,0.33400664,0.3378226473927498,True,0.13040857378400658,1.1369754490626818,,,,
S6i,6s_E1_to_E2,6-somite,eif3ea,500.0,0.2901228666305542,0.17358807,0.17748502418398854,True,0.40167395521354704,1.6346329385503562,,,,
S6i,6s_E1_to_E2,6-somite,elavl3,500.0,1.1384339332580566,0.526104,0.5340020835399628,True,0.5378704393648671,2.1318904332942745,,,,
S6i,6s_E1_to_E2,6-somite,elf1,500.0,0.7353513240814209,0.35068309999999997,0.3566018730401993,True,0.5231080959716136,2.0621072957699402,,,,
S6i,6s_E1_to_E2,6-somite,elob,500.0,0.2647055387496948,0.18972957,0.19246772602200507,True,0.2832429112037725,1.375324290574466,,,,
S6i,6s_E1_to_E2,6-somite,emid1,500.0,0.486081063747406,0.2668727,0.2707823723554611,True,0.4509707867003749,1.7950986229979486,,,,
S6i,6s_E1_to_E2,6-somite,emx3,500.0,0.3731380701065064,0.20414123,0.2067863844335079,True,0.4529069914178708,1.8044615032499338,,,,
S6i,6s_E1_to_E2,6-somite,epcam,500.0,0.14792482554912567,0.14452708,0.14731718972325325,True,0.022969422891978064,1.0041246770116503,,,,
S6i,6s_E1_to_E2,6-somite,epha2a,500.0,1.2484903335571291,0.28395307,0.2884284943342209,True,0.7725628601131891,4.328595676509069,,,,
S6i,6s_E1_to_E2,6-somite,ephb3a,500.0,0.7776374816894531,0.2903542,0.29549570530653,True,0.6266201165791035,2.63163717009957,,,,
S6i,6s_E1_to_E2,6-somite,eppk1,500.0,0.8809210062026978,0.7507775999999999,0.7598707616329193,True,0.14773561203626506,1.1593037272675795,,,,
S6i,6s_E1_to_E2,6-somite,erf,500.0,0.4086120128631592,0.27972952,0.2846993818879128,True,0.3154153414285906,1.4352402529065948,,,,
S6i,6s_E1_to_E2,6-somite,ets2,500.0,0.3724411427974701,0.25093263,0.25519631803035736,True,0.32624888863780743,1.4594299230961696,,,,
S6i,6s_E1_to_E2,6-somite,etv2,500.0,1.0684095621109009,0.24605700000000003,0.25418062061071395,True,0.7696978645058633,4.20334783802108,,,,
S6i,6s_E1_to_E2,6-somite,etv5a,500.0,0.6478312611579895,0.27354994,0.278511281311512,True,0.5777450694901601,2.3260503420448413,,,,
S6i,6s_E1_to_E2,6-somite,etv5b,500.0,0.6576943397521973,0.18042135,0.1843317598104477,True,0.7256759842962115,3.567992517559201,,,,
S6i,6s_E1_to_E2,6-somite,eve1,500.0,0.4731354415416718,0.25260437,0.2559797912836075,True,0.4661055943606212,1.8483312263407201,,,,
S6i,6s_E1_to_E2,6-somite,f11r.1,500.0,0.4858790934085846,0.40468323,0.4093993246555328,True,0.16711124681561762,1.1868097091205552,,,,
S6i,6s_E1_to_E2,6-somite,fbln2,500.0,0.4937469065189362,0.29870975,0.30228922218084336,True,0.3950144370899061,1.633359280747211,,,,
S6i,6s_E1_to_E2,6-somite,fezf2,500.0,0.3560270369052887,0.11322605599999999,0.11584577634930612,True,0.6819734335820717,3.0732845695795725,,,,
S6i,6s_E1_to_E2,6-somite,fgf8a,500.0,0.7741795182228088,0.33338979999999996,0.33771123737096786,True,0.5693637185967331,2.2924304333183643,,,,
S6i,6s_E1_to_E2,6-somite,flrt3,500.0,1.166114091873169,0.25833774,0.26261919140815737,True,0.7784627268205087,4.4403232133207595,,,,
S6i,6s_E1_to_E2,6-somite,fnbp1l,500.0,0.33114320039749146,0.27836868,0.28165538012981417,True,0.15937068514439595,1.1757034438499576,,,,
S6i,6s_E1_to_E2,6-somite,fosab,500.0,0.21497537195682528,0.15609089999999998,0.1584642246365547,True,0.2739126399405327,1.3566176999880042,,,,
S6i,6s_E1_to_E2,6-somite,foxa,500.0,0.28932985663414,0.1287417,0.13117471858859062,True,0.5550348727413525,2.205683074812447,,,,
S6i,6s_E1_to_E2,6-somite,foxa2,500.0,0.6214931011199951,0.24737996,0.2512951135635376,True,0.6019586409184531,2.4731603106275935,,,,
S6i,6s_E1_to_E2,6-somite,foxa3,500.0,1.1788489818572998,0.3463495,0.3516090452671051,True,0.7061968811097531,3.352726551621473,,,,
S6i,6s_E1_to_E2,6-somite,foxb1a,500.0,0.6253981590270996,0.18422908,0.1875200368463993,True,0.7054211413169863,3.3351004487023075,,,,
S6i,6s_E1_to_E2,6-somite,foxb1b,500.0,0.4251495003700256,0.22010817,0.22329970002174376,True,0.4822805480297077,1.9039412069457626,,,,
S6i,6s_E1_to_E2,6-somite,foxc1a,500.0,1.7252866029739382,0.25174810000000003,0.25625054687261584,True,0.8540833074398492,6.732811398961001,,,,
S6i,6s_E1_to_E2,6-somite,foxc1b,500.0,0.827233612537384,0.35716729999999997,0.3620611116290092,True,0.5682388890526092,2.2847900146343805,,,,
S6i,6s_E1_to_E2,6-somite,foxd3,500.0,0.5163208246231079,0.28211909999999996,0.2858407095074654,True,0.4535972947994015,1.8063236181885527,,,,
S6i,6s_E1_to_E2,6-somite,foxd5,500.0,0.5678244829177856,0.17860557,0.18235061764717106,True,0.6854563747032755,3.113915873959173,,,,
S6i,6s_E1_to_E2,6-somite,foxh1,500.0,0.39578142762184143,0.16913426,0.172401624917984,True,0.5726574128548011,2.2956942999239427,,,,
S6i,6s_E1_to_E2,6-somite,foxi1,500.0,0.3031494915485382,0.16169828,0.164635518938303,True,0.4666054660392062,1.8413371154868663,,,,
S6i,6s_E1_to_E2,6-somite,foxn2b,500.0,0.3952097892761231,0.31723738,0.3209017395973205,True,0.19729372658554686,1.2315601335538011,,,,
S6i,6s_E1_to_E2,6-somite,foxo1a,500.0,0.18765534460544586,0.09367232,0.09593229554593563,True,0.5008278584143345,1.9561227377863604,,,,
S6i,6s_E1_to_E2,6-somite,foxp1b,500.0,0.4838324189186096,0.32507885,0.32948948442935944,True,0.3281168596542645,1.4684305320291349,,,,
S6i,6s_E1_to_E2,6-somite,foxp2,500.0,0.3825701475143433,0.27242577,0.2758101373910904,True,0.2879063551361681,1.3870779048700101,,,,
S6i,6s_E1_to_E2,6-somite,frmd4ba,500.0,0.3992401957511902,0.2921327,0.2952675133943557,True,0.26827832327755513,1.352130449982724,,,,
S6i,6s_E1_to_E2,6-somite,fscn1a,500.0,0.7523655295372009,0.24163163,0.2456941269338131,True,0.6788374565333177,3.0622039644434755,,,,
S6i,6s_E1_to_E2,6-somite,fzd7b,500.0,0.32728224992752075,0.2607463,0.2637771129608154,True,0.20329837539850132,1.2407530215714324,,,,
S6i,6s_E1_to_E2,6-somite,fzd8a,500.0,0.6315983533859253,0.26705262,0.2706595078110695,True,0.5771796756313571,2.3335531734832116,,,,
S6i,6s_E1_to_E2,6-somite,gadd45gip1,500.0,0.3563486635684967,0.30801404,0.3121990188956261,True,0.1356385845804957,1.1414150653933688,,,,
S6i,6s_E1_to_E2,6-somite,gapdh,500.0,0.4778958857059479,0.34734714,0.3522210314869881,True,0.2731740307847732,1.3568067860354402,,,,
S6i,6s_E1_to_E2,6-somite,gata2a,500.0,1.5292483568191528,0.29237044,0.29747235774993896,True,0.8088142862655239,5.140808270006279,,,,
S6i,6s_E1_to_E2,6-somite,gata3,500.0,0.4418063759803772,0.22172382,0.2254478752613068,True,0.4981425420865722,1.959683033021707,,,,
S6i,6s_E1_to_E2,6-somite,gata6,500.0,0.8387104868888855,0.35014838,0.35641860216856003,True,0.5825157962415076,2.3531613720100855,,,,
S6i,6s_E1_to_E2,6-somite,gbx1,500.0,0.451016366481781,0.20512925,0.20875604674220088,True,0.5451844630734872,2.160494862401541,,,,
S6i,6s_E1_to_E2,6-somite,gcm2,500.0,0.20674604177474976,0.15845555,0.1615900732576847,True,0.23357395715821525,1.2794476641213948,,,,
S6i,6s_E1_to_E2,6-somite,gfi1aa,500.0,0.4483087062835693,0.30057424,0.3052396938204765,True,0.3295373503663959,1.4687103786286633,,,,
S6i,6s_E1_to_E2,6-somite,gli1,500.0,0.5875626802444458,0.22819838,0.2322647877037525,True,0.6116186630790696,2.529710534486468,,,,
S6i,6s_E1_to_E2,6-somite,gli2a,500.0,0.6304562091827393,0.24586177,0.24999306052923204,True,0.6100256209051459,2.5218948391930227,,,,
S6i,6s_E1_to_E2,6-somite,gmnn,500.0,0.4191592931747437,0.32433635,0.32855510264635085,True,0.2262217365918474,1.2757655863464616,,,,
S6i,6s_E1_to_E2,6-somite,gpr137bb,500.0,0.3707457780838013,0.27027994,0.27340139597654345,True,0.2709830835027577,1.356049323594564,,,,
S6i,6s_E1_to_E2,6-somite,grhl1,500.0,0.9188565015792848,0.86600316,0.8763328999280929,True,0.05752078347394831,1.0485244838516061,,,,
S6i,6s_E1_to_E2,6-somite,grhl2b,500.0,0.9287305474281312,0.32643187,0.33116224110126496,True,0.6485182151438054,2.804457852259002,,,,
S6i,6s_E1_to_E2,6-somite,gsc,500.0,0.2457535564899445,0.19808576,0.2009274050593376,True,0.1939658658901561,1.223096254178811,,,,
S6i,6s_E1_to_E2,6-somite,h1-0,500.0,0.8829697370529175,0.6551753,0.6639090478420258,True,0.25798665485243666,1.329955872604731,,,,
S6i,6s_E1_to_E2,6-somite,hdlbpa,500.0,0.3259081542491913,0.12433913,0.12741535753011704,True,0.6184841284885974,2.5578404406404203,,,,
S6i,6s_E1_to_E2,6-somite,helb,500.0,0.3516207039356232,0.29512,0.29886097609996803,True,0.16068650811510307,1.1765360219462284,,,,
S6i,6s_E1_to_E2,6-somite,hells,500.0,0.2351706475019455,0.19659013,0.1990063264966011,True,0.16405330491283285,1.1817244790253543,,,,
S6i,6s_E1_to_E2,6-somite,her1,500.0,0.5638888478279114,0.18991345,0.19312674477696415,True,0.6632076473880567,2.9197864256404698,,,,
S6i,6s_E1_to_E2,6-somite,her11,500.0,0.14796684682369232,0.10918866,0.11100034117698668,True,0.2620734757606003,1.333030558777866,,,,
S6i,6s_E1_to_E2,6-somite,her12,500.0,0.4882440865039826,0.27275237,0.2758020058274269,True,0.4413606186945503,1.7702702525284881,,,,
S6i,6s_E1_to_E2,6-somite,her2,500.0,0.2938409745693207,0.25278178,0.2557682454586029,True,0.1397327110540346,1.1488563564349117,,,,
S6i,6s_E1_to_E2,6-somite,her3,500.0,0.2530508935451508,0.17964670000000002,0.18239719197154045,True,0.29007679797582825,1.3873617834239165,,,,
S6i,6s_E1_to_E2,6-somite,her7,500.0,0.2704739272594452,0.12920739999999997,0.1316431514918804,True,0.5222925781537946,2.054599302692383,,,,
S6i,6s_E1_to_E2,6-somite,her8a,500.0,0.5664963722229004,0.24624462,0.25048431158065804,True,0.5653200332230948,2.261604204463256,,,,
S6i,6s_E1_to_E2,6-somite,her9,500.0,1.2320395708084106,0.28634506,0.2911874935030937,True,0.7675845229125571,4.231086836822959,,,,
S6i,6s_E1_to_E2,6-somite,hes6,500.0,0.225070595741272,0.15510009,0.15742598846554756,True,0.3108824732035366,1.4296914882673795,,,,
S6i,6s_E1_to_E2,6-somite,hesx1,500.0,0.3826552331447601,0.3139973,0.31768513172864915,True,0.17942505085173194,1.2045109919453365,,,,
S6i,6s_E1_to_E2,6-somite,hic1l,500.0,0.3465423583984375,0.2980232,0.3012777701020241,True,0.14000933261965567,1.1502420450107722,,,,
S6i,6s_E1_to_E2,6-somite,higd1a,500.0,0.17095208168029785,0.10197083,0.10396811701357364,True,0.4035122119172972,1.644274096625017,,,,
S6i,6s_E1_to_E2,6-somite,hivep2a,500.0,0.2852429747581482,0.19760679,0.2004427932202816,True,0.3072334655986533,1.4230642577639263,,,,
S6i,6s_E1_to_E2,6-somite,hoxb7a,500.0,0.2920950651168823,0.20608751,0.20953437983989714,True,0.2944505424093906,1.3940197562808971,,,,
S6i,6s_E1_to_E2,6-somite,hoxb8a,500.0,0.28987056016922,0.20173591,0.2045058250427246,True,0.30404828404878165,1.4174195776998593,,,,
S6i,6s_E1_to_E2,6-somite,hoxc6a,500.0,0.3006797432899475,0.22070637,0.223865969479084,True,0.2659752498181708,1.3431239414798162,,,,
S6i,6s_E1_to_E2,6-somite,hoxc8a,500.0,0.24604296684265134,0.1515952,0.15411534756422046,True,0.38386694399789145,1.5964858187801463,,,,
S6i,6s_E1_to_E2,6-somite,hsp90aa1.2,500.0,0.3114272952079773,0.22036642,0.2232444927096367,True,0.2923985092106369,1.3950055001492723,,,,
S6i,6s_E1_to_E2,6-somite,id3,500.0,1.3126972913742063,0.31745076,0.32273524105548856,True,0.7581691042702478,4.067412307007748,,,,
S6i,6s_E1_to_E2,6-somite,igf2bp1,500.0,0.10292721539735794,0.037459865,0.038766982592642316,True,0.6360548075858851,2.6550226123838887,,,,
S6i,6s_E1_to_E2,6-somite,igfbp1a,500.0,0.2418089061975479,0.20467885,0.2076185405254364,True,0.15355124174542742,1.164678768984616,,,,
S6i,6s_E1_to_E2,6-somite,irf2a,500.0,0.21939408779144287,0.17129976,0.1738622419536114,True,0.21921434940347564,1.2618846123586738,,,,
S6i,6s_E1_to_E2,6-somite,irx1b,500.0,1.2485331296920776,0.202991,0.20704917684197424,True,0.8374164136858372,6.030128439703932,,,,
S6i,6s_E1_to_E2,6-somite,irx3a,500.0,0.2410442531108856,0.19455443,0.1973537191748619,True,0.19286840189844268,1.2213818625698785,,,,
S6i,6s_E1_to_E2,6-somite,irx5a,500.0,0.5990111827850342,0.26674205,0.27100989371538164,True,0.5546960418876509,2.2102926744590516,,,,
S6i,6s_E1_to_E2,6-somite,ism1,500.0,0.4458345174789429,0.29854709999999995,0.3024875551462173,True,0.33036344788179245,1.4738937516402424,,,,
S6i,6s_E1_to_E2,6-somite,itga6a,500.0,0.5282770395278931,0.19447368,0.19749659672379494,True,0.631871784532086,2.674866546012966,,,,
S6i,6s_E1_to_E2,6-somite,itgb5,500.0,0.41227757930755615,0.33235842,0.3361823901534081,True,0.1938479398918875,1.2263509076707557,,,,
S6i,6s_E1_to_E2,6-somite,itm2cb,500.0,0.40337496995925903,0.26041597,0.2636307522654533,True,0.35440721246177875,1.5300755564096538,,,,
S6i,6s_E1_to_E2,6-somite,jcada,500.0,0.4304192364215851,0.22341976,0.2269871510565281,True,0.480925254282975,1.896227316912731,,,,
S6i,6s_E1_to_E2,6-somite,kank1a,500.0,0.6222661137580872,0.31631556,0.3212148308753967,True,0.491671562151068,1.9372272197465006,,,,
S6i,6s_E1_to_E2,6-somite,kazald2,500.0,0.5153414011001587,0.22955737,0.2328210629522801,True,0.5545528368398127,2.213465545451036,,,,
S6i,6s_E1_to_E2,6-somite,kdrl,500.0,0.3083508610725403,0.20707977,0.21022014915943146,True,0.3284281176950203,1.4667997444844654,,,,
S6i,6s_E1_to_E2,6-somite,kif15,500.0,0.3366594910621643,0.2568928,0.2598036378622055,True,0.23693581452102785,1.2958228523371238,,,,
S6i,6s_E1_to_E2,6-somite,kirrel3l,500.0,1.1589823961257937,0.30742670000000005,0.3122712343931198,True,0.7347442963042811,3.711460642150423,,,,
S6i,6s_E1_to_E2,6-somite,klf17,500.0,0.294952005147934,0.20787019,0.2106897108256817,True,0.2952406434024553,1.3999354975239793,,,,
S6i,6s_E1_to_E2,6-somite,klf2a,500.0,0.5442976951599121,0.37238944,0.37755340337753296,True,0.3158349941961059,1.4416442555959266,,,,
S6i,6s_E1_to_E2,6-somite,klf2b,500.0,0.5353085398674011,0.44885948,0.4549603283405304,True,0.16149388703045667,1.176604874143513,,,,
S6i,6s_E1_to_E2,6-somite,klf3,500.0,0.37160080671310425,0.24594396,0.2494414657354355,True,0.33815008179580897,1.4897314911837245,,,,
S6i,6s_E1_to_E2,6-somite,klf7a,500.0,0.31305158138275146,0.22979107,0.2327549144625664,True,0.2659641776085683,1.3449837658877835,,,,
S6i,6s_E1_to_E2,6-somite,klf8,500.0,0.4322557151317597,0.30528882,0.30945979058742523,True,0.293730977355016,1.3968073665119458,,,,
S6i,6s_E1_to_E2,6-somite,kmt2bb,500.0,0.30025923252105713,0.24315096,0.24575859159231184,True,0.1901965433743708,1.2217649465502969,,,,
S6i,6s_E1_to_E2,6-somite,kmt5aa,500.0,0.2234310656785965,0.19108719,0.19561477303504946,True,0.14475999227701636,1.1421993452333123,,,,
S6i,6s_E1_to_E2,6-somite,krt18a.1,500.0,1.6255385875701904,1.4109709,1.433499950170517,True,0.13199788853128988,1.1339648720439999,,,,
S6i,6s_E1_to_E2,6-somite,krt4,500.0,1.4440008401870728,1.2953233999999998,1.3125846028327939,True,0.10296217575649354,1.1001202033534898,,,,
S6i,6s_E1_to_E2,6-somite,krt8,500.0,1.1603646278381348,1.039817,1.057223880290985,True,0.10388773438325086,1.0975580948084163,,,,
S6i,6s_E1_to_E2,6-somite,krt99,500.0,1.3196595907211304,1.1743605,1.1920939624309541,True,0.11010345247792094,1.10700970922631,,,,
S6i,6s_E1_to_E2,6-somite,lamb1a,500.0,0.6017457246780396,0.15845418,0.1619872383773327,True,0.7366758528304063,3.7147724148264967,,,,
S6i,6s_E1_to_E2,6-somite,lamc1,500.0,0.3450486958026886,0.09077604,0.09280863516032696,True,0.7369181734221012,3.717851202171186,,,,
S6i,6s_E1_to_E2,6-somite,lamp2,500.0,0.7411129474639893,0.8063348000000001,0.8174983203411103,False,0.0,0.9065620430323963,,,,
S6i,6s_E1_to_E2,6-somite,lbx2,500.0,0.5862526893615723,0.20966752,0.21356811448931692,True,0.642359817635533,2.7450384658937357,,,,
S6i,6s_E1_to_E2,6-somite,lef1,500.0,0.48466134071350103,0.24534939,0.24904150143265724,True,0.4937714818894175,1.946106724884797,,,,
S6i,6s_E1_to_E2,6-somite,lft2,500.0,0.15938135981559753,0.11842972,0.12085958383977413,True,0.25694120982035923,1.3187316615858322,,,,
S6i,6s_E1_to_E2,6-somite,lgals3b,500.0,0.4474906325340271,0.36335468,0.3684935167431832,True,0.1880172309646418,1.214378577102348,,,,
S6i,6s_E1_to_E2,6-somite,lhfpl6,500.0,0.3443903625011444,0.21323395,0.21642904803156854,True,0.3808364839094541,1.5912390949061113,,,,
S6i,6s_E1_to_E2,6-somite,lhx1a,500.0,0.8060337901115417,0.1800045,0.18384807780385015,True,0.7766787081242236,4.384238332758145,,,,
S6i,6s_E1_to_E2,6-somite,lima1a,500.0,0.9146112203598022,0.23945549,0.24393158257007602,True,0.7381887670149101,3.7494579862247037,,,,
S6i,6s_E1_to_E2,6-somite,lmnb1,500.0,0.17769207060337067,0.10909554,0.11231328584253787,True,0.3860415760110956,1.5821108720164523,,,,
S6i,6s_E1_to_E2,6-somite,lmo2,500.0,0.965897798538208,0.33331603,0.3393972858786583,True,0.6549158424187582,2.84592080940664,,,,
S6i,6s_E1_to_E2,6-somite,lmo4a,500.0,0.8227618932723999,0.35008340000000004,0.3552100971341133,True,0.5745021571824388,2.316268315316942,,,,
S6i,6s_E1_to_E2,6-somite,lratb.1,500.0,0.3177258372306824,0.25738764,0.2613818258047104,True,0.18990649191313103,1.2155620852846478,,,,
S6i,6s_E1_to_E2,6-somite,lratd1,500.0,0.2843546867370605,0.23351023,0.2364259734749794,True,0.1788064804178859,1.2027218607060248,,,,
S6i,6s_E1_to_E2,6-somite,mab21l2,500.0,0.3894101679325104,0.12829927,0.13094379007816315,True,0.6705292345572095,2.973872741120928,,,,
S6i,6s_E1_to_E2,6-somite,mad1l1,500.0,0.31766799092292786,0.26886246,0.2733925342559814,True,0.15363692985822816,1.1619483018709307,,,,
S6i,6s_E1_to_E2,6-somite,map1lc3b,500.0,0.3401641249656677,0.29636663,0.2994937777519226,True,0.12875400363097506,1.135796968868693,,,,
S6i,6s_E1_to_E2,6-somite,map2k6,500.0,0.31687161326408386,0.23227379,0.2368872031569481,True,0.2669782412270665,1.3376476611703783,,,,
S6i,6s_E1_to_E2,6-somite,mcama,500.0,0.6540438532829285,0.39615092,0.4020009234547615,True,0.3943052674123431,1.6269710220119187,,,,
S6i,6s_E1_to_E2,6-somite,mcm3,500.0,0.5764423608779907,0.16480073,0.16869490668177606,True,0.7141071779026539,3.4170703325701726,,,,
S6i,6s_E1_to_E2,6-somite,mcm4,500.0,0.5773294568061829,0.12745705,0.13052772805094714,True,0.779229950998252,4.4230407241964835,,,,
S6i,6s_E1_to_E2,6-somite,mcm5,500.0,0.5708519816398621,0.3079524,0.3123871222138405,True,0.4605389594381803,1.8273864095111219,,,,
S6i,6s_E1_to_E2,6-somite,mcm7,500.0,0.45349466800689703,0.11083376,0.11357247866690158,True,0.7556007502518933,3.9929978928870464,,,,
S6i,6s_E1_to_E2,6-somite,mdm2,500.0,0.43168750405311584,0.33926302,0.3428244531154633,True,0.21410043431739076,1.2592086128340545,,,,
S6i,6s_E1_to_E2,6-somite,mef2d,500.0,0.6051991581916809,0.3610493,0.3659638732671738,True,0.4034206928665491,1.6537128454475947,,,,
S6i,6s_E1_to_E2,6-somite,meis1b,500.0,0.7318150997161865,0.17205441,0.1754535213112831,True,0.7648936048907705,4.170991236008466,,,,
S6i,6s_E1_to_E2,6-somite,meox1,500.0,1.6216572523117063,0.20509970000000002,0.20820024609565732,True,0.8735246294560489,7.788930525887266,,,,
S6i,6s_E1_to_E2,6-somite,mespaa,500.0,0.1324569433927536,0.12587038,0.12834417894482614,True,0.04972609512731135,1.0320448070316885,,,,
S6i,6s_E1_to_E2,6-somite,mespab,500.0,0.11129720509052277,0.06226375,0.06406524181365966,True,0.4405632244833967,1.737247873257735,,,,
S6i,6s_E1_to_E2,6-somite,mgst3b,500.0,0.3461955189704895,0.21607113,0.2187621496617794,True,0.3758696545588932,1.5825201914761327,,,,
S6i,6s_E1_to_E2,6-somite,mibp2,500.0,0.3806467056274414,0.2759989,0.2790551453828812,True,0.2749211110470841,1.3640554991565206,,,,
S6i,6s_E1_to_E2,6-somite,mixl1,500.0,0.2557847797870636,0.2174445,0.22022944539785386,True,0.14989275535602786,1.1614467780408633,,,,
S6i,6s_E1_to_E2,6-somite,mki67,500.0,0.3987457454204559,0.14485174,0.14858490452170373,True,0.6367315618070886,2.6836221802209477,,,,
S6i,6s_E1_to_E2,6-somite,mns1,500.0,0.27815964818000793,0.21194263,0.21495382413268088,True,0.2380540117420185,1.2940437291700058,,,,
S6i,6s_E1_to_E2,6-somite,msgn1,500.0,1.4399397373199463,0.15282637,0.15583710446953775,True,0.8938661356112091,9.24003139189113,,,,
S6i,6s_E1_to_E2,6-somite,msx1b,500.0,1.228490114212036,0.27215812,0.27631763517856606,True,0.7784612892251208,4.445934525381063,,,,
S6i,6s_E1_to_E2,6-somite,msx3,500.0,0.6164867281913757,0.24765265,0.2513285085558891,True,0.598283890707576,2.45291205416231,,,,
S6i,6s_E1_to_E2,6-somite,mych,500.0,0.948898196220398,0.1739068,0.1775559477508068,True,0.816727649157939,5.344220839913183,,,,
S6i,6s_E1_to_E2,6-somite,mycla,500.0,0.4478588998317719,0.27894625,0.2831546738743782,True,0.377155950720442,1.581675815919835,,,,
S6i,6s_E1_to_E2,6-somite,myclb,500.0,0.6600897312164307,0.29588693,0.3001115188002586,True,0.5517474067377323,2.1994814922640744,,,,
S6i,6s_E1_to_E2,6-somite,mycn,500.0,0.980507791042328,0.17453957,0.17834522649645804,True,0.8219906382849901,5.497807876914503,,,,
S6i,6s_E1_to_E2,6-somite,myf5,500.0,0.4797543287277222,0.2020152,0.2054300107061863,True,0.5789194716522992,2.3353663229560206,,,,
S6i,6s_E1_to_E2,6-somite,myod1,500.0,0.9461086392402648,0.2536105,0.2586814969778061,True,0.7319435831848271,3.657426798181229,,,,
S6i,6s_E1_to_E2,6-somite,nanog,500.0,0.20658916234970093,0.18106578,0.18372843340039247,True,0.12354655566041575,1.1244267342087926,,,,
S6i,6s_E1_to_E2,6-somite,nap1l1,500.0,0.4769369661808014,0.26310754,0.2673815667629242,True,0.4483389695494362,1.7837316609176765,,,,
S6i,6s_E1_to_E2,6-somite,nasp,500.0,1.0016708374023438,0.25613916,0.260846708714962,True,0.7442880938145037,3.8400746642999084,,,,
S6i,6s_E1_to_E2,6-somite,ncapd2,500.0,0.433971107006073,0.2220299,0.22635854333639144,True,0.488376320437225,1.9171845719167246,,,,
S6i,6s_E1_to_E2,6-somite,nckap5l,500.0,0.2887459695339203,0.22470933,0.2293839186429977,True,0.2217750005238057,1.25878906961787,,,,
S6i,6s_E1_to_E2,6-somite,ndr1,500.0,0.07166291028261185,0.05517987,0.056847768090665336,True,0.2300079441214593,1.2606107977417538,,,,
S6i,6s_E1_to_E2,6-somite,ndr2,500.0,0.22474627196788788,0.14248225,0.14492347911000253,True,0.3660306367651923,1.550792689687616,,,,
S6i,6s_E1_to_E2,6-somite,ndufv3,500.0,0.3199482858181,0.25785598,0.2607350215315819,True,0.19406981372307655,1.227101307444983,,,,
S6i,6s_E1_to_E2,6-somite,nid2a,500.0,0.7999945878982544,0.20592403,0.2099060021340847,True,0.7425932159620531,3.8112039663698147,,,,
S6i,6s_E1_to_E2,6-somite,nip7,500.0,0.3026009500026703,0.18134908,0.18359116166830064,True,0.4006988947667148,1.6482326668284175,,,,
S6i,6s_E1_to_E2,6-somite,nkx1.2la,500.0,0.21915440261363986,0.16128394,0.1637404203414917,True,0.26406251412998105,1.338425797103602,,,,
S6i,6s_E1_to_E2,6-somite,nkx2.5,500.0,0.2153227925300598,0.16917259,0.17144849747419358,True,0.21433034086760008,1.2559036427978623,,,,
S6i,6s_E1_to_E2,6-somite,nog1,500.0,0.6997735500335693,0.35384998,0.3591035068035125,True,0.4943364503589872,1.9486681048104002,,,,
S6i,6s_E1_to_E2,6-somite,nop58,500.0,0.4313001334667206,0.0736735,0.07598458491265772,True,0.8291827525797865,5.676153050812724,,,,
S6i,6s_E1_to_E2,6-somite,notch1a,500.0,0.6236532330513,0.22818598,0.23293943256139754,True,0.6341140085241894,2.6773192764901204,,,,
S6i,6s_E1_to_E2,6-somite,noto,500.0,0.3621314167976379,0.19928804,0.20221389904618264,True,0.44968033383605815,1.7908334615264625,,,,
S6i,6s_E1_to_E2,6-somite,nr2f2,500.0,0.7264841794967651,0.2628618,0.2663707822561264,True,0.6381727287510353,2.7273418403607828,,,,
S6i,6s_E1_to_E2,6-somite,nr6a1a,500.0,0.3324407637119293,0.23993325,0.2427388183772564,True,0.27826765389546315,1.3695409985693399,,,,
S6i,6s_E1_to_E2,6-somite,nrarpa,500.0,0.8809173107147217,0.22481513,0.2291995167732239,True,0.7447942871603197,3.8434518672494615,,,,
S6i,6s_E1_to_E2,6-somite,oclna,500.0,0.34249842166900635,0.29127270000000005,0.29581348299980165,True,0.14956484058076944,1.1578188329882042,,,,
S6i,6s_E1_to_E2,6-somite,olig4,500.0,0.3219386339187622,0.13176188,0.1346323624253273,True,0.5907236198246549,2.3912425520819536,,,,
S6i,6s_E1_to_E2,6-somite,osr1,500.0,0.6068544387817383,0.2684871,0.2725245267152786,True,0.5575757897201622,2.2267883412040654,,,,
S6i,6s_E1_to_E2,6-somite,otx1,500.0,0.42176416516304016,0.15987456,0.16286593079566955,True,0.6209384967853083,2.5896402218839896,,,,
S6i,6s_E1_to_E2,6-somite,pax2a,500.0,0.4788262844085693,0.14171612,0.14442635625600814,True,0.7040343706229464,3.3153663695552114,,,,
S6i,6s_E1_to_E2,6-somite,pax6a,500.0,0.6926555037498474,0.24190286,0.24541717916727065,True,0.6507602167177201,2.822359486406408,,,,
S6i,6s_E1_to_E2,6-somite,pax6b,500.0,0.8678877353668213,0.20336309,0.2067863956093788,True,0.7656804187149829,4.1970253062791825,,,,
S6i,6s_E1_to_E2,6-somite,pbx1b,500.0,0.4084729254245758,0.24649724,0.2494927890598774,True,0.39653957875765616,1.6372133517916774,,,,
S6i,6s_E1_to_E2,6-somite,pbx4,500.0,0.1815769374370575,0.069395006,0.07165456935763359,True,0.6178203758556741,2.534059433541394,,,,
S6i,6s_E1_to_E2,6-somite,pcdh10b,500.0,1.41905677318573,0.3171095,0.3227315083146095,True,0.7765350186169907,4.397019617317271,,,,
S6i,6s_E1_to_E2,6-somite,pcdh7b,500.0,0.15063001215457916,0.09860711,0.10063041560351847,True,0.3453687841719865,1.4968636594730758,,,,
S6i,6s_E1_to_E2,6-somite,PCDH8,500.0,0.11837602406740187,0.089742586,0.09170636534690857,True,0.24188545168946865,1.2908157860101293,,,,
S6i,6s_E1_to_E2,6-somite,pcdh8,500.0,0.5587646961212158,0.22513583,0.2291052386164665,True,0.5970829320681729,2.4388996929774076,,,,
S6i,6s_E1_to_E2,6-somite,pdap1a,500.0,0.27147775888442993,0.18745446,0.1900155022740364,True,0.30950342738319003,1.4287137398553427,,,,
S6i,6s_E1_to_E2,6-somite,perp,500.0,0.7383214235305786,1.0087479,1.022024428844452,False,0.0,0.722410739599795,,,,
S6i,6s_E1_to_E2,6-somite,pfn2,500.0,0.3978073298931122,0.31859356,0.32268141210079193,True,0.1991259644840476,1.232817618167774,,,,
S6i,6s_E1_to_E2,6-somite,pknox1.1,500.0,0.3608865737915039,0.2986127,0.3018093317747116,True,0.172557984974248,1.1957435897339685,,,,
S6i,6s_E1_to_E2,6-somite,plagl2,500.0,0.36074817180633545,0.25814354,0.2612314626574516,True,0.2844217535337514,1.3809522334581052,,,,
S6i,6s_E1_to_E2,6-somite,plekhg5b,500.0,0.2860059440135956,0.22182901,0.2247607566416264,True,0.22439020349248867,1.2724905730301603,,,,
S6i,6s_E1_to_E2,6-somite,pmp22b,500.0,0.20941975712776184,0.117251925,0.11969441920518875,True,0.4401104901535671,1.7496200618072217,,,,
S6i,6s_E1_to_E2,6-somite,pold3,500.0,0.3774903416633606,0.26418424,0.2673380374908447,True,0.30015630237744145,1.4120337876583993,,,,
S6i,6s_E1_to_E2,6-somite,ppan,500.0,0.4406300783157349,0.27657740000000003,0.27985276132822035,True,0.3723138144828588,1.574506809310878,,,,
S6i,6s_E1_to_E2,6-somite,ppp1r7,500.0,0.14616639912128448,0.11519474,0.11710517294704915,True,0.21189316694024024,1.248163470860299,,,,
S6i,6s_E1_to_E2,6-somite,prdm1a,500.0,1.539706826210022,0.31536782,0.3202697798609734,True,0.7951767099357486,4.807530785072499,,,,
S6i,6s_E1_to_E2,6-somite,prickle1b,500.0,0.7633268237113953,0.28006040000000004,0.2844406232237816,True,0.633105503697771,2.6836069161290417,,,,
S6i,6s_E1_to_E2,6-somite,prox1a,500.0,0.4475042223930359,0.27514140000000004,0.2788021475076675,True,0.38516471038742656,1.6050960381527506,,,,
S6i,6s_E1_to_E2,6-somite,ptp4a2b,500.0,0.3290391862392425,0.24545823,0.25057311207056043,True,0.25401520353331936,1.3131464246913545,,,,
S6i,6s_E1_to_E2,6-somite,pttg1,500.0,0.3352105617523193,0.26218912,0.26508116275072097,True,0.21783753267305608,1.2645582140725222,,,,
S6i,6s_E1_to_E2,6-somite,rab11fip4a,500.0,0.6970343589782715,0.26650798,0.270004004240036,True,0.6176544530769531,2.5815704509278374,,,,
S6i,6s_E1_to_E2,6-somite,rac1a,500.0,0.338689923286438,0.23078471,0.2357272818684578,True,0.31859586496532905,1.4367871236704632,,,,
S6i,6s_E1_to_E2,6-somite,raraa,500.0,0.6508516669273376,0.2648514,0.2694412484765053,True,0.5930695045065795,2.415560611478129,,,,
S6i,6s_E1_to_E2,6-somite,rasgef1ba,500.0,0.5254971385002136,0.28584188,0.28976144790649416,True,0.4560543506580196,1.813550913335411,,,,
S6i,6s_E1_to_E2,6-somite,rasl11b,500.0,0.4863322675228119,0.28799003,0.291143973171711,True,0.40783276607685104,1.6704184607523465,,,,
S6i,6s_E1_to_E2,6-somite,rbbp4,500.0,0.3659319281578064,0.17398787,0.17797727584838868,True,0.5245348873384816,2.0560598335572253,,,,
S6i,6s_E1_to_E2,6-somite,rbm4.3,500.0,0.5779392719268799,0.13273764,0.1360308602452278,True,0.7703259788461719,4.248589407469802,,,,
S6i,6s_E1_to_E2,6-somite,rbm7,500.0,0.3641279637813568,0.29959136,0.3030201137065888,True,0.17723604810466956,1.2016626861078208,,,,
S6i,6s_E1_to_E2,6-somite,rbmx,500.0,0.2569453716278076,0.17747673,0.18165349513292312,True,0.3092822306990676,1.4144807477543464,,,,
S6i,6s_E1_to_E2,6-somite,rcc1,500.0,0.38362398743629456,0.26835275,0.272806191444397,True,0.3004797516524844,1.4062143729405947,,,,
S6i,6s_E1_to_E2,6-somite,rdh10b,500.0,0.3016091287136078,0.20662206,0.210185482352972,True,0.3149343158316192,1.4349665130872589,,,,
S6i,6s_E1_to_E2,6-somite,rfx2,500.0,0.4286907613277435,0.28576386,0.2902354285120964,True,0.33340326984474583,1.4770449063556572,,,,
S6i,6s_E1_to_E2,6-somite,rhov,500.0,0.284380316734314,0.19946635,0.2023483380675316,True,0.2985929898912412,1.4053998142520208,,,,
S6i,6s_E1_to_E2,6-somite,ripply1,500.0,0.4839071929454804,0.24237865,0.2453509770333767,True,0.4991216174728314,1.9723059545006474,,,,
S6i,6s_E1_to_E2,6-somite,rnd1b,500.0,0.277090460062027,0.18727028,0.18976189196109766,True,0.3241547050839823,1.4602007663310619,,,,
S6i,6s_E1_to_E2,6-somite,rpl10,500.0,0.3955967426300049,0.06986439,0.07202026322484016,True,0.8233949253067495,5.492853329277496,,,,
S6i,6s_E1_to_E2,6-somite,rpl19,500.0,0.1969537138938904,0.11087321,0.11402806118130684,True,0.4370595747707179,1.727238995853224,,,,
S6i,6s_E1_to_E2,6-somite,rpl31,500.0,0.15280573070049286,0.098320276,0.10114160366356373,True,0.35656683100561803,1.5108098464483921,,,,
S6i,6s_E1_to_E2,6-somite,rpl34,500.0,0.3105643689632416,0.25238508,0.255141107738018,True,0.18733407601385346,1.2172259175190727,,,,
S6i,6s_E1_to_E2,6-somite,rpl38,500.0,0.3146011233329773,0.23736371,0.2401573643088341,True,0.2455090163544633,1.3099790807514489,,,,
S6i,6s_E1_to_E2,6-somite,rpl4,500.0,0.6406207084655762,0.280384,0.2845964059233665,True,0.5623244762292525,2.2509796158075046,,,,
S6i,6s_E1_to_E2,6-somite,rpl5a,500.0,0.2513143122196197,0.11215636,0.11545144319534302,True,0.5537207556907277,2.176796627777079,,,,
S6i,6s_E1_to_E2,6-somite,rpl6,500.0,0.12360231578350067,0.035799995,0.03728428892791271,True,0.7103614536847193,3.3151313686705817,,,,
S6i,6s_E1_to_E2,6-somite,rplp0,500.0,0.07481066882610321,0.016570877,0.01690626358613372,True,0.7784958008819512,4.425026762711891,,,,
S6i,6s_E1_to_E2,6-somite,rplp2l,500.0,0.2908534109592438,0.055537935,0.057204860448837276,True,0.8090517997942706,5.0844178043118635,,,,
S6i,6s_E1_to_E2,6-somite,rps3,500.0,0.22283120453357694,0.042770304,0.04423380922526121,True,0.8080596302689009,5.037576650900815,,,,
S6i,6s_E1_to_E2,6-somite,rps6,500.0,0.0825493186712265,0.019206785,0.01961826449260116,True,0.7673295797621246,4.207778863536027,,,,
S6i,6s_E1_to_E2,6-somite,rreb1a,500.0,0.4779448211193085,0.29786524,0.3027094841003418,True,0.37677901589476503,1.578889483888387,,,,
S6i,6s_E1_to_E2,6-somite,rreb1b,500.0,0.636206865310669,0.31054747,0.3156917631626129,True,0.511876579805842,2.0152786342510898,,,,
S6i,6s_E1_to_E2,6-somite,rrm2,500.0,0.5728350877761841,0.28886855,0.29446490556001664,True,0.4957212771177759,1.9453424736192584,,,,
S6i,6s_E1_to_E2,6-somite,rrp8,500.0,0.2336232215166092,0.18186538,0.18425621092319489,True,0.22154408267434456,1.2679258970216878,,,,
S6i,6s_E1_to_E2,6-somite,rxraa,500.0,0.26905375719070435,0.18511671,0.1879375047981739,True,0.3119712944672022,1.4316129049368895,,,,
S6i,6s_E1_to_E2,6-somite,rxrgb,500.0,0.39702823758125305,0.29166090000000006,0.2949160650372505,True,0.26539002197633593,1.346241472234159,,,,
S6i,6s_E1_to_E2,6-somite,sall1a,500.0,0.15479665994644165,0.114680484,0.11653633192181588,True,0.2591540154875307,1.328312444657127,,,,
S6i,6s_E1_to_E2,6-somite,sall3a,500.0,0.29822838306427,0.2296051,0.232516048848629,True,0.2301031469936096,1.2826141874551662,,,,
S6i,6s_E1_to_E2,6-somite,sdc4,500.0,0.4242000579833984,0.31818253,0.3223811104893685,True,0.24992342167147025,1.3158340987766641,,,,
S6i,6s_E1_to_E2,6-somite,sebox,500.0,0.05637509748339652,0.045784757,0.04739107079803944,True,0.1878549468630797,1.189572139520611,,,,
S6i,6s_E1_to_E2,6-somite,sept9a,500.0,0.5875016450881958,0.33013046,0.3347268521785736,True,0.4380773898453449,1.7551673588910914,,,,
S6i,6s_E1_to_E2,6-somite,shha,500.0,0.6721810698509216,0.20171626,0.2051153764128685,True,0.6999078549376107,3.2770876645440534,,,,
S6i,6s_E1_to_E2,6-somite,si:ch211-106e7.2,500.0,0.2078702747821808,0.124381244,0.12638774514198306,True,0.4016400646368464,1.6447027720026246,,,,
S6i,6s_E1_to_E2,6-somite,si:ch211-113a14.12,500.0,0.4702326059341431,0.29220903,0.2959345132112503,True,0.3785862028491123,1.58897521222363,,,,
S6i,6s_E1_to_E2,6-somite,si:ch211-113a14.18,500.0,0.2845078706741333,0.22268236,0.22514632791280748,True,0.21730686639082386,1.2636576101934685,,,,
S6i,6s_E1_to_E2,6-somite,si:ch211-114n24.6,500.0,0.17351840436458588,0.12819272,0.13034843578934668,True,0.2612154124697725,1.3311890036410199,,,,
S6i,6s_E1_to_E2,6-somite,si:ch211-155e24.3,500.0,0.4030059576034546,0.29394373,0.2979158088564873,True,0.2706218669200295,1.3527511653387672,,,,
S6i,6s_E1_to_E2,6-somite,si:ch211-161h7.4,500.0,0.33957919478416443,0.26961088,0.27407524585723875,True,0.2060441689403739,1.2389998729073315,,,,
S6i,6s_E1_to_E2,6-somite,si:ch211-163l21.7,500.0,0.1273544430732727,0.09356478,0.0956888359040022,True,0.26531987178077115,1.3309226919746244,,,,
S6i,6s_E1_to_E2,6-somite,si:dkey-108k21.14,500.0,0.8468121886253357,0.370816,0.3767973080277443,True,0.5621036195082322,2.2473944759790676,,,,
S6i,6s_E1_to_E2,6-somite,si:dkey-108k21.21,500.0,0.117815762758255,0.07652356,0.07865400090813637,True,0.35048116216542324,1.497899171027008,,,,
S6i,6s_E1_to_E2,6-somite,si:dkey-261h17.1,500.0,0.8394726514816284,0.31780976,0.3225599080324173,True,0.6214173743366059,2.6025325236553,,,,
S6i,6s_E1_to_E2,6-somite,si:dkey-261m9.12,500.0,0.8971086740493774,0.3842198,0.3903194531798363,True,0.5717132086894506,2.2983960106032493,,,,
S6i,6s_E1_to_E2,6-somite,si:dkey-66i24.9,500.0,0.34603583812713623,0.29208377,0.2959875702857971,True,0.15591468323756813,1.1690890863863437,,,,
S6i,6s_E1_to_E2,6-somite,si:dkey-68o6.5,500.0,0.06987561285495758,0.07106882,0.07293002568185329,False,0.0,0.95811858286983,,,,
S6i,6s_E1_to_E2,6-somite,si:dkey-92i17.2,500.0,0.28959619998931885,0.22267625,0.2253614507615566,True,0.2310802166377353,1.2850298886996683,,,,
S6i,6s_E1_to_E2,6-somite,six3b,500.0,0.3573167622089386,0.18912005,0.19215476512908936,True,0.4707215718740661,1.859525898142019,,,,
S6i,6s_E1_to_E2,6-somite,six4a,500.0,0.5615657567977905,0.1953328,0.1986149936914444,True,0.6521639843294759,2.8274086782702987,,,,
S6i,6s_E1_to_E2,6-somite,six4b,500.0,0.5061837434768677,0.21114455,0.21514815017580985,True,0.5828697496595172,2.352721801527162,,,,
S6i,6s_E1_to_E2,6-somite,skila,500.0,0.4124931991100311,0.27829048,0.2816251382231713,True,0.32534528817514663,1.4646888474250994,,,,
S6i,6s_E1_to_E2,6-somite,skilb,500.0,0.2577171325683594,0.19385237,0.1965239278972149,True,0.247809553501384,1.311377883222187,,,,
S6i,6s_E1_to_E2,6-somite,smtnl,500.0,0.5739555954933167,0.3075009,0.3118940487504005,True,0.4642427023056632,1.840226185119153,,,,
S6i,6s_E1_to_E2,6-somite,snai1a,500.0,0.9587981104850768,0.52362,0.5315902233123779,True,0.4538787637395411,1.8036413546335277,,,,
S6i,6s_E1_to_E2,6-somite,snai2,500.0,0.8683865070343018,0.35683909999999996,0.3615128129720688,True,0.5890780341528116,2.4020905369719086,,,,
S6i,6s_E1_to_E2,6-somite,snrpc,500.0,0.3514047861099243,0.27973008,0.28287086337804795,True,0.20396621612682286,1.2422798937771224,,,,
S6i,6s_E1_to_E2,6-somite,snrpd3,500.0,0.07769959419965744,0.053951807000000004,0.05549058057367801,True,0.3056359190051496,1.4002303345248164,,,,
S6i,6s_E1_to_E2,6-somite,snrpg,500.0,0.3236634433269501,0.2575963,0.26044249087572097,True,0.20412292687256747,1.242744385674752,,,,
S6i,6s_E1_to_E2,6-somite,sox10,500.0,0.33730557560920715,0.20117874,0.2045565977692604,True,0.4035712452367213,1.648959648760327,,,,
S6i,6s_E1_to_E2,6-somite,sox11b,500.0,0.8473449945449829,0.29108733,0.29595905244350434,True,0.6564712941462807,2.86304807218807,,,,
S6i,6s_E1_to_E2,6-somite,sox13,500.0,0.6087945103645325,0.21203554,0.21544067934155464,True,0.6517124692220202,2.825810391172058,,,,
S6i,6s_E1_to_E2,6-somite,sox17,500.0,0.19602321088314054,0.13958177,0.1421578660607338,True,0.28793243883740616,1.3789121651516207,,,,
S6i,6s_E1_to_E2,6-somite,sox19a,500.0,1.4361575841903689,0.20726502,0.2105498433113098,True,0.8556808655968945,6.820986240616333,,,,
S6i,6s_E1_to_E2,6-somite,sox2,500.0,0.9820693135261536,0.24912757,0.2527213364839554,True,0.7463238455950512,3.8859770496208283,,,,
S6i,6s_E1_to_E2,6-somite,sox3,500.0,0.8931453824043274,0.23274176,0.2365999735891819,True,0.7394133555269438,3.7749175067750933,,,,
S6i,6s_E1_to_E2,6-somite,sox5,500.0,0.9423552155494691,0.24046668,0.2448643639683724,True,0.7448237351105436,3.848478399540356,,,,
S6i,6s_E1_to_E2,6-somite,sp5a,500.0,0.19441235065460205,0.14311582,0.14553371965885162,True,0.2638542869388889,1.33585777310116,,,,
S6i,6s_E1_to_E2,6-somite,sp8b,500.0,1.1746875047683716,0.24998467,0.25381207168102266,True,0.7871904947567956,4.628178230406061,,,,
S6i,6s_E1_to_E2,6-somite,spon1b,500.0,0.33469441533088684,0.18149477,0.18443679064512253,True,0.4577299048900933,1.814683578911743,,,,
S6i,6s_E1_to_E2,6-somite,srp19,500.0,0.3118743896484375,0.2532876,0.2558134615421295,True,0.18785375843974755,1.2191476858502828,,,,
S6i,6s_E1_to_E2,6-somite,srrm4,500.0,0.375103622674942,0.31142685,0.31567534655332563,True,0.16975782331215092,1.18825757782633,,,,
S6i,6s_E1_to_E2,6-somite,stmn1a,500.0,0.321970134973526,0.22659364,0.22924158051609994,True,0.29622775899532794,1.4045014619453542,,,,
S6i,6s_E1_to_E2,6-somite,stox1,500.0,0.5068137049674988,0.31744054,0.3213478043675423,True,0.37365438920239546,1.5771500476406848,,,,
S6i,6s_E1_to_E2,6-somite,supt16h,500.0,0.20637032389640808,0.052088782,0.05355589054524899,True,0.7475955786287198,3.853363687829022,,,,
S6i,6s_E1_to_E2,6-somite,syne2b,500.0,0.6457763314247131,0.31449258,0.3189101994037628,True,0.5130007589763981,2.0249472504550248,,,,
S6i,6s_E1_to_E2,6-somite,tagln2,500.0,1.0781768560409546,0.30864304,0.31429682224988936,True,0.7137361636804552,3.4304414798814724,,,,
S6i,6s_E1_to_E2,6-somite,tbr1b,500.0,0.05835757032036781,0.042422887,0.04394724275916815,True,0.2730525499097013,1.327900606647124,,,,
S6i,6s_E1_to_E2,6-somite,tbx1,500.0,0.36918771266937256,0.17691894,0.18136898055672648,True,0.5207886593061414,2.035561492026484,,,,
S6i,6s_E1_to_E2,6-somite,tbx16,500.0,1.4700344800949097,0.1266265,0.1292891874909401,True,0.9138615398738016,11.37012698914147,,,,
S6i,6s_E1_to_E2,6-somite,tbx3b,500.0,0.2988678514957428,0.23918459,0.2416248679161072,True,0.19969783636196656,1.2369084940359305,,,,
S6i,6s_E1_to_E2,6-somite,tbx6,500.0,0.699565589427948,0.19647416,0.19900237619876865,True,0.7191483290580205,3.5153629961141974,,,,
S6i,6s_E1_to_E2,6-somite,tbxtb,500.0,0.5889094471931458,0.20606664,0.2095950037240982,True,0.6500877355365411,2.8097494536098804,,,,
S6i,6s_E1_to_E2,6-somite,tcf3b,500.0,0.1586744636297226,0.08984534400000001,0.09250944443047046,True,0.4337756538197109,1.715224479042044,,,,
S6i,6s_E1_to_E2,6-somite,tcf7,500.0,0.3718774020671845,0.25255429999999995,0.2568446069955826,True,0.32086678017187664,1.4478692249651959,,,,
S6i,6s_E1_to_E2,6-somite,tcf7l1a,500.0,0.5333396792411804,0.23897633,0.2434077091515064,True,0.5519247135239281,2.191137171046662,,,,
S6i,6s_E1_to_E2,6-somite,tcf7l1b,500.0,0.4831796884536743,0.24659522,0.250987645983696,True,0.4896407595964181,1.9251134316191059,,,,
S6i,6s_E1_to_E2,6-somite,tcf7l2,500.0,0.5150131583213806,0.31039292,0.3147410869598389,True,0.3973107071395397,1.6363073639225774,,,,
S6i,6s_E1_to_E2,6-somite,tdgf1,500.0,0.3791250288486481,0.25325993,0.2562636435031891,True,0.3319883738525665,1.4794335383120005,,,,
S6i,6s_E1_to_E2,6-somite,tead1a,500.0,0.399238646030426,0.2970073,0.3005806252360344,True,0.25606577554006626,1.3282248172746307,,,,
S6i,6s_E1_to_E2,6-somite,tead1b,500.0,0.6077967286109924,0.35784876,0.3624744325876236,True,0.4112361146074629,1.6767988966064946,,,,
S6i,6s_E1_to_E2,6-somite,tfap2a,500.0,1.1609857082366943,0.33488828,0.3405229240655899,True,0.7115483187586803,3.40942011884366,,,,
S6i,6s_E1_to_E2,6-somite,tfap2c,500.0,1.2685725688934326,0.32741243,0.3325495973229408,True,0.7419048507746704,3.814686828989044,,,,
S6i,6s_E1_to_E2,6-somite,tgif1,500.0,0.4483097195625305,0.25650913,0.2611402079463005,True,0.4278305509793471,1.7167395365432143,,,,
S6i,6s_E1_to_E2,6-somite,tlcd5a,500.0,0.430826872587204,0.28771514,0.291403329372406,True,0.3321792225330242,1.4784555602541463,,,,
S6i,6s_E1_to_E2,6-somite,tmed10,500.0,0.4412572979927063,0.31845814,0.3226609230041504,True,0.2782937724881397,1.3675572916743637,,,,
S6i,6s_E1_to_E2,6-somite,tmed2,500.0,0.1872991174459457,0.14577231,0.1482187956571579,True,0.22171385482763695,1.2636664372795456,,,,
S6i,6s_E1_to_E2,6-somite,tp63,500.0,1.1730906963348389,0.33227757,0.3380496233701706,True,0.7167503184257704,3.4701730611019874,,,,
S6i,6s_E1_to_E2,6-somite,tph1b,500.0,0.18326276540756226,0.15220846,0.15454003289341928,True,0.16945233245268795,1.1858594952801131,,,,
S6i,6s_E1_to_E2,6-somite,tpx2,500.0,0.5058351159095764,0.30561686,0.3090915188193321,True,0.39581724160888376,1.636522146714881,,,,
S6i,6s_E1_to_E2,6-somite,tram1,500.0,0.6805976629257202,0.35747525,0.3627650126814842,True,0.4747627409963486,1.8761392061899316,,,,
S6i,6s_E1_to_E2,6-somite,trps1,500.0,0.4088842868804932,0.25816100000000003,0.26259900629520416,True,0.368620862573142,1.5570671521157262,,,,
S6i,6s_E1_to_E2,6-somite,tshz3b,500.0,0.42320287227630615,0.24287796,0.2462313137948513,True,0.4260956715659888,1.7187207660716113,,,,
S6i,6s_E1_to_E2,6-somite,tuba1a,500.0,1.0550305843353271,0.24152108,0.24597456008195875,True,0.7710767072026764,4.289185775894023,,,,
S6i,6s_E1_to_E2,6-somite,tuba8l,500.0,0.4324251711368561,0.18669432,0.19062725231051444,True,0.5682621260789532,2.268433111717284,,,,
S6i,6s_E1_to_E2,6-somite,tuba8l2,500.0,1.194213628768921,0.5338125,0.5417347013950348,True,0.5530008115562415,2.204425202398279,,,,
S6i,6s_E1_to_E2,6-somite,tuba8l4,500.0,0.1651763767004013,0.03153819,0.03204703703522682,True,0.8090635653384423,5.154185596591526,,,,
S6i,6s_E1_to_E2,6-somite,tubb2b,500.0,0.23430149257183075,0.076560244,0.07868336588144302,True,0.6732404769435095,2.9777766869412647,,,,
S6i,6s_E1_to_E2,6-somite,twist1a,500.0,0.07645637542009354,0.055323157000000005,0.056908623501658435,True,0.2764088389552672,1.3434936695993962,,,,
S6i,6s_E1_to_E2,6-somite,ube2c,500.0,0.3132896721363068,0.24123737,0.2440810725092888,True,0.2299861961137365,1.283547588985558,,,,
S6i,6s_E1_to_E2,6-somite,uhrf1,500.0,0.4743152558803558,0.13781634,0.14112959131598474,True,0.7094414779566355,3.3608490711092527,,,,
S6i,6s_E1_to_E2,6-somite,unc5b,500.0,0.7594196796417236,0.25656345,0.261025732755661,True,0.6621585379675045,2.9093671019500422,,,,
S6i,6s_E1_to_E2,6-somite,unga,500.0,0.4001020789146423,0.3033352,0.3068857535719872,True,0.241855501870438,1.3037492756104399,,,,
S6i,6s_E1_to_E2,6-somite,usf1,500.0,0.3019436597824097,0.24789788,0.250957652926445,True,0.17899293375503922,1.2031657782156122,,,,
S6i,6s_E1_to_E2,6-somite,ved,500.0,0.5645136833190918,0.2956705,0.29935641288757325,True,0.4762385428817836,1.8857577757357127,,,,
S6i,6s_E1_to_E2,6-somite,vent,500.0,0.2567431330680847,0.14517504,0.14816253632307053,True,0.43455142097327065,1.7328478537128484,,,,
S6i,6s_E1_to_E2,6-somite,vgll4l,500.0,0.4178762137889862,0.21691455,0.2203533113002777,True,0.480911948772747,1.8963918051566835,,,,
S6i,6s_E1_to_E2,6-somite,vox,500.0,0.13951857388019562,0.11488366,0.1169190414249897,True,0.1765708459090757,1.1932921462557904,,,,
S6i,6s_E1_to_E2,6-somite,vsx2,500.0,0.17259018123149872,0.12750065,0.12967231571674348,True,0.2612519880497285,1.3309716902758575,,,,
S6i,6s_E1_to_E2,6-somite,wnt11f2,500.0,0.7223308086395264,0.3076368,0.3122157946228981,True,0.5741053908422521,2.313562673893469,,,,
S6i,6s_E1_to_E2,6-somite,wnt8a,500.0,0.4235968291759491,0.23335879999999998,0.23656402081251146,True,0.4491016354744849,1.7906223766447995,,,,
S6i,6s_E1_to_E2,6-somite,xbp1,500.0,0.9618521332740784,0.28362483,0.2883950889110565,True,0.7051263722872386,3.3351890176282506,,,,
S6i,6s_E1_to_E2,6-somite,ypel3,500.0,0.3298133313655853,0.26433274,0.2672622635960579,True,0.19853833559582676,1.2340437700702391,,,,
S6i,6s_E1_to_E2,6-somite,zbtb18,500.0,0.40918007493019104,0.26550959999999996,0.26927987337112425,True,0.3511179510561148,1.5195345638262943,,,,
S6i,6s_E1_to_E2,6-somite,zc4h2,500.0,0.3461536169052124,0.2568707,0.2600285932421684,True,0.25792863496716484,1.3312136661172276,,,,
S6i,6s_E1_to_E2,6-somite,zeb1a,500.0,0.4103407859802246,0.28794640000000005,0.29157841205596924,True,0.29827496348252913,1.4073085283880984,,,,
S6i,6s_E1_to_E2,6-somite,zeb1b,500.0,0.6875410676002502,0.24786106,0.2518689051270485,True,0.6394963599992197,2.7297576382183366,,,,
S6i,6s_E1_to_E2,6-somite,zeb2a,500.0,0.3333000838756561,0.21838357,0.22111010327935215,True,0.34478394662944584,1.5073941847630647,,,,
S6i,6s_E1_to_E2,6-somite,zeb2b,500.0,0.3342828154563904,0.18879442,0.19147723987698556,True,0.43522547244413895,1.7458096621360857,,,,
S6i,6s_E1_to_E2,6-somite,zfand5a,500.0,0.44088080525398254,0.29751316,0.3019366770982742,True,0.3251845995928619,1.4601763836411463,,,,
S6i,6s_E1_to_E2,6-somite,zgc:113372,500.0,0.11494459211826324,0.092130214,0.09412689730525016,True,0.1984815268114902,1.2211662703116841,,,,
S6i,6s_E1_to_E2,6-somite,zgc:113424,500.0,0.12561100721359253,0.09537675,0.09726386293768882,True,0.2406974959227068,1.2914457992899586,,,,
S6i,6s_E1_to_E2,6-somite,zgc:175088,500.0,0.8255077004432678,0.7138460999999999,0.7228415489196778,True,0.13526416885943046,1.1420313368497281,,,,
S6i,6s_E1_to_E2,6-somite,zic2a,500.0,0.8475030064582825,0.22338611,0.2278366059064865,True,0.7364185056890761,3.719784198357188,,,,
S6i,6s_E1_to_E2,6-somite,zic2b,500.0,1.5520279407501218,0.24491316,0.2492484636604786,True,0.842197969269443,6.226830520665772,,,,
S6i,6s_E1_to_E2,6-somite,zic3,500.0,0.9193939566612244,0.25807583,0.2621334955096245,True,0.7192978793793479,3.5073501571166736,,,,
S6i,6s_E1_to_E2,6-somite,zmp:0000000624,500.0,0.3904933333396912,0.29594713,0.29973683655262,True,0.2421198795797717,1.3027872644246665,,,,
S6i,6s_E1_to_E2,6-somite,znf1004,500.0,0.1475566327571869,0.096956864,0.0990781120955944,True,0.3429176161879827,1.4892959669519998,,,,
S6i,6s_E1_to_E2,6-somite,znf576.2,500.0,0.3872179388999939,0.29954594,0.3031261205673218,True,0.2264151175744127,1.2774152823758256,,,,
S6i,6s_E1_to_E2,6-somite,znfl2a,500.0,0.5490738153457642,0.25495276,0.2591786652803421,True,0.5356676071138187,2.1185147116636904,,,,
S6i,6s_E1_to_E2,6-somite,zswim5,500.0,0.23779921233654025,0.14578284,0.14941279515624045,True,0.3869498481524034,1.591558554860542,,,,
S6i,6s_E2_to_E1,6-somite,acvr1ba,500.0,0.3592667281627655,0.28695616,0.29037044793367384,True,0.2012726513026845,1.2372702894504914,,,,
S6i,6s_E2_to_E1,6-somite,add3b,500.0,0.4129438102245331,0.33355197,0.3375759586691857,True,0.19225820839132526,1.2232619048242284,,,,
S6i,6s_E2_to_E1,6-somite,adka,500.0,0.4043358862400055,0.35301566,0.3584916040301323,True,0.12692473447661987,1.1278810485224637,,,,
S6i,6s_E2_to_E1,6-somite,ahi1,500.0,0.3920521438121796,0.34051279999999995,0.3451176926493645,True,0.13146040007185053,1.1359954941820383,,,,
S6i,6s_E2_to_E1,6-somite,akap12b,500.0,0.7491036057472229,0.18387419,0.18868787959218025,True,0.7545410428638163,3.9700674328753642,,,,
S6i,6s_E2_to_E1,6-somite,alcamb,500.0,0.7300806641578674,0.27207600000000004,0.2776917338371277,True,0.6273343151501287,2.6291047776959604,,,,
S6i,6s_E2_to_E1,6-somite,aldob,500.0,0.5849524140357971,0.17859066,0.18318736106157305,True,0.6946919936705926,3.193191990135076,,,,
S6i,6s_E2_to_E1,6-somite,anp32e,500.0,0.5087796449661255,0.14480454,0.1497155748307705,True,0.7153885012323238,3.3983080620785078,,,,
S6i,6s_E2_to_E1,6-somite,aplnra,500.0,1.0606743097305298,0.5304558000000001,0.5380512684583664,True,0.4998881156575029,1.9713257302962817,,,,
S6i,6s_E2_to_E1,6-somite,aplnrb,500.0,0.23237718641757965,0.21828225,0.22125809490680692,True,0.06065541150896829,1.0502539421911594,,,,
S6i,6s_E2_to_E1,6-somite,apoc1,500.0,0.7285661101341248,0.34083223,0.3465559318661689,True,0.5321876372122087,2.1023045434855763,,,,
S6i,6s_E2_to_E1,6-somite,arf5,500.0,0.5019266009330751,0.31930792,0.32394343465566633,True,0.3638354238979039,1.549426681440835,,,,
S6i,6s_E2_to_E1,6-somite,arl4aa,500.0,0.2450688481330872,0.18211727,0.185112114995718,True,0.25687303861563443,1.3238941607833508,,,,
S6i,6s_E2_to_E1,6-somite,arl4d,500.0,0.6557864546775818,0.3055756,0.3105122208595276,True,0.5340318376087991,2.1119505469456303,,,,
S6i,6s_E2_to_E1,6-somite,arl6ip5a,500.0,0.270626962184906,0.20869157,0.21223932951688768,True,0.22885892263775154,1.2751027945712223,,,,
S6i,6s_E2_to_E1,6-somite,aspm,500.0,0.5025922060012817,0.35952723,0.3638023987412453,True,0.2846541868939379,1.3814977793996097,,,,
S6i,6s_E2_to_E1,6-somite,atf6,500.0,0.5169845223426819,0.35625315,0.36209422051906587,True,0.31090171614634404,1.4277624249334306,,,,
S6i,6s_E2_to_E1,6-somite,atoh1c,500.0,0.09150423109531404,0.06559694,0.06753244027495384,True,0.28312672159485536,1.3549670458043668,,,,
S6i,6s_E2_to_E1,6-somite,atp2b1a,500.0,0.992156744003296,0.636181,0.6457875728607178,True,0.35878982757514466,1.5363515584671719,,,,
S6i,6s_E2_to_E1,6-somite,atrxl,500.0,0.2386835217475891,0.20177275,0.2070145599544048,True,0.15464315279645496,1.1529793933342634,,,,
S6i,6s_E2_to_E1,6-somite,bach1b,500.0,0.4524218738079071,0.31810227,0.32205709218978884,True,0.2968901620795113,1.404787799367244,,,,
S6i,6s_E2_to_E1,6-somite,baz1b,500.0,0.43112674355506897,0.2973842,0.3013118118047714,True,0.3102162950317405,1.4308325351493634,,,,
S6i,6s_E2_to_E1,6-somite,bcl2l1,500.0,0.4701556563377381,0.40524099999999996,0.4106008514761925,True,0.1380705366179072,1.1450430622523897,,,,
S6i,6s_E2_to_E1,6-somite,bhlha15,500.0,0.2931631207466125,0.12762251,0.13054379373788833,True,0.5646706357944079,2.245707071568937,,,,
S6i,6s_E2_to_E1,6-somite,blf,500.0,0.0783793106675148,0.054028735,0.05580180138349533,True,0.310676068663436,1.4046018000181852,,,,
S6i,6s_E2_to_E1,6-somite,bmp2b,500.0,0.758466899394989,0.36168063,0.3683427423238754,True,0.5231425034398921,2.0591335521091554,,,,
S6i,6s_E2_to_E1,6-somite,bmp7a,500.0,0.7689998149871826,0.29746377,0.30228978842496873,True,0.6131809541644047,2.5439159522851558,,,,
S6i,6s_E2_to_E1,6-somite,brd2a,500.0,0.2165933698415756,0.15989771,0.16556391566991807,True,0.2617608056505062,1.308216038290578,,,,
S6i,6s_E2_to_E1,6-somite,btg2,500.0,0.5003774762153625,0.20825823,0.21403834223747253,True,0.5837977598651378,2.337793644748943,,,,
S6i,6s_E2_to_E1,6-somite,c1qbp,500.0,0.3998456597328186,0.23593953,0.2415549576282501,True,0.4099234872874591,1.6552989168956564,,,,
S6i,6s_E2_to_E1,6-somite,C7H16orf87,500.0,0.24172939360141754,0.24110821,0.2444355472922325,False,0.0025697524716923148,0.9889289683076266,,,,
S6i,6s_E2_to_E1,6-somite,ca9,500.0,0.2839658260345459,0.25220895,0.25574946105480195,True,0.11183344961835842,1.110328150305262,,,,
S6i,6s_E2_to_E1,6-somite,casz1,500.0,0.4267545640468597,0.30592656,0.31015231311321256,True,0.28313230336770673,1.3759515760602588,,,,
S6i,6s_E2_to_E1,6-somite,cbx3a,500.0,0.2793309986591339,0.17509565,0.18040557131171225,True,0.3731607003376689,1.5483501791443801,,,,
S6i,6s_E2_to_E1,6-somite,cbx5,500.0,0.2826722860336304,0.21348265,0.21946005448699,True,0.24476979639654914,1.2880352494872263,,,,
S6i,6s_E2_to_E1,6-somite,ccne2,500.0,0.20696361362934115,0.17556243,0.17900279760360718,True,0.15172322627546667,1.1562032348100604,,,,
S6i,6s_E2_to_E1,6-somite,ccnf,500.0,0.6757535338401794,0.3295219,0.33552625924348833,True,0.5123637865682397,2.014010871649218,,,,
S6i,6s_E2_to_E1,6-somite,ccng1,500.0,0.3458888828754425,0.28675848,0.2931087285280228,True,0.1709520118937404,1.1800702238124363,,,,
S6i,6s_E2_to_E1,6-somite,cd63,500.0,0.3852832913398743,0.29878542,0.3024837404489517,True,0.2245046048247976,1.2737322368733939,,,,
S6i,6s_E2_to_E1,6-somite,cdc14b,500.0,0.4812681972980499,0.3456146,0.35196830332279205,True,0.281866921515138,1.367362324262126,,,,
S6i,6s_E2_to_E1,6-somite,cdc42ep4a,500.0,0.2454688549041748,0.2313744,0.2345671705901623,True,0.05741851460462659,1.0464757463143042,,,,
S6i,6s_E2_to_E1,6-somite,cdca8,500.0,0.4233883023262024,0.3477215,0.35317991822957995,True,0.1787173018875654,1.1987892869123562,,,,
S6i,6s_E2_to_E1,6-somite,cdh1,500.0,0.9431597590446472,0.61031455,0.6219293773174286,True,0.35290438108407096,1.5165062038278099,,,,
S6i,6s_E2_to_E1,6-somite,cdh2,500.0,0.5290248990058899,0.28754109999999994,0.29205252826213834,True,0.4564696444677043,1.8114032504832542,,,,
S6i,6s_E2_to_E1,6-somite,cdh6,500.0,0.7678748965263367,0.45629114,0.4626470267772674,True,0.40577411608327785,1.6597424215070455,,,,
S6i,6s_E2_to_E1,6-somite,cdkn1ca,500.0,0.6958041191101074,0.39923784,0.4051609769463539,True,0.4262209285591421,1.717352259228649,,,,
S6i,6s_E2_to_E1,6-somite,cdt1,500.0,0.49555504322052,0.3032164,0.3087128385901451,True,0.3881277127324714,1.6052297840402787,,,,
S6i,6s_E2_to_E1,6-somite,cenpf,500.0,0.6673852205276489,0.4040439,0.4098170951008797,True,0.3945866638039609,1.6284953178035846,,,,
S6i,6s_E2_to_E1,6-somite,cfl1l,500.0,0.5121583938598633,0.537411,0.5453641682863235,False,0.0,0.9391126583713751,,,,
S6i,6s_E2_to_E1,6-somite,chaf1a,500.0,0.4601831138134002,0.32594776,0.3302105188369751,True,0.291699865224057,1.393605253503728,,,,
S6i,6s_E2_to_E1,6-somite,chrd,500.0,0.6354918479919434,0.22083217,0.2247013621032238,True,0.6525019640240319,2.8281619748259903,,,,
S6i,6s_E2_to_E1,6-somite,chst11,500.0,0.2537563443183899,0.1861523,0.18923848420381545,True,0.26641324070866096,1.3409341413086293,,,,
S6i,6s_E2_to_E1,6-somite,cldnd,500.0,0.2463495433330536,0.20466435,0.20795691683888434,True,0.1692115731699483,1.1846181751382385,,,,
S6i,6s_E2_to_E1,6-somite,clic4,500.0,0.5461645126342773,0.29031757,0.2947563588619232,True,0.4684430084949232,1.8529354709871577,,,,
S6i,6s_E2_to_E1,6-somite,clocka,500.0,0.2646808624267578,0.22279626,0.2256746061146259,True,0.15824567266464412,1.1728429130051063,,,,
S6i,6s_E2_to_E1,6-somite,cmtm6,500.0,0.2918159365653992,0.20901966,0.212168575078249,True,0.2837277380741561,1.3753965989439096,,,,
S6i,6s_E2_to_E1,6-somite,cnmd,500.0,0.2228972464799881,0.19086096,0.19417669475078586,True,0.1437267174836635,1.1479093655706898,,,,
S6i,6s_E2_to_E1,6-somite,cnn3a,500.0,0.6104792356491089,0.38787004,0.3933387294411659,True,0.3646466237238265,1.5520445609727889,,,,
S6i,6s_E2_to_E1,6-somite,coq10b,500.0,0.20362837612628934,0.16935262,0.17244426384568215,True,0.1683250435831157,1.1808358920451736,,,,
S6i,6s_E2_to_E1,6-somite,crabp2b,500.0,0.7332357168197632,0.33811277,0.3433428078889847,True,0.5388757479278803,2.1355790771561614,,,,
S6i,6s_E2_to_E1,6-somite,creb3l1,500.0,0.5245670676231384,0.25351048,0.25699561685323713,True,0.5167243793870426,2.0411518065800465,,,,
S6i,6s_E2_to_E1,6-somite,creb3l2,500.0,0.7375670075416565,0.39854276,0.4046113356947899,True,0.4596521295996766,1.8229024806611567,,,,
S6i,6s_E2_to_E1,6-somite,csrp1a,500.0,0.34505611658096313,0.17740156,0.18038417175412175,True,0.4858762124765572,1.9128957559053608,,,,
S6i,6s_E2_to_E1,6-somite,cst3,500.0,0.7983008623123169,0.50632954,0.5144452780485154,True,0.3657409626598919,1.5517702200330667,,,,
S6i,6s_E2_to_E1,6-somite,ctcf,500.0,0.2293701320886612,0.10019453,0.10474391393363476,True,0.5631753455145075,2.189818228808874,,,,
S6i,6s_E2_to_E1,6-somite,cth1,500.0,0.2878374755382538,0.24571410000000002,0.2488268375396729,True,0.14634431199196787,1.1567782574593106,,,,
S6i,6s_E2_to_E1,6-somite,CU570769.1,500.0,0.1569238305091858,0.14119622,0.143852499127388,True,0.10022448053267598,1.0908662099100725,,,,
S6i,6s_E2_to_E1,6-somite,cux1a,500.0,0.3450712561607361,0.2537462,0.2570607826113701,True,0.26465561243217056,1.3423722306269565,,,,
S6i,6s_E2_to_E1,6-somite,cxcl12b,500.0,0.19092802703380585,0.1460526,0.14891698434948922,True,0.2350384528543476,1.282110485031862,,,,
S6i,6s_E2_to_E1,6-somite,cxcr4a,500.0,0.3954664170742035,0.26339263,0.26730113327503197,True,0.3339696726010353,1.4794790139078815,,,,
S6i,6s_E2_to_E1,6-somite,dact2,500.0,1.1249743700027466,0.3193475,0.32581558227539065,True,0.7161290876339639,3.452794866796393,,,,
S6i,6s_E2_to_E1,6-somite,dand5,500.0,0.15134727954864502,0.14372325,0.1466013990342617,True,0.05037441132709459,1.0323726822912118,,,,
S6i,6s_E2_to_E1,6-somite,dbx1a,500.0,0.22498778998851776,0.13080671,0.13419072926044465,True,0.4186052749661808,1.6766269266772464,,,,
S6i,6s_E2_to_E1,6-somite,ddx4,500.0,0.3480150103569031,0.17167275,0.17651594504714013,True,0.5067087871782923,1.9715783198167316,,,,
S6i,6s_E2_to_E1,6-somite,dharma,500.0,0.17948907613754272,0.16753328,0.17034144401550294,True,0.06661016887239413,1.0537017410819134,,,,
S6i,6s_E2_to_E1,6-somite,dkc1,500.0,0.2831960320472717,0.09677791599999999,0.1007828775793314,True,0.6582652826914063,2.8099617598669324,,,,
S6i,6s_E2_to_E1,6-somite,dkk1b,500.0,0.22488106787204745,0.13752136,0.14048411473631858,True,0.3884707252347727,1.600757981029653,,,,
S6i,6s_E2_to_E1,6-somite,dld,500.0,1.3219319581985474,0.26283506,0.2680265858769417,True,0.8011735369891108,4.932092664887662,,,,
S6i,6s_E2_to_E1,6-somite,dlgap5,500.0,0.4462727606296539,0.2002683,0.20601870790123936,True,0.5512423879401345,2.166175903032975,,,,
S6i,6s_E2_to_E1,6-somite,dlx3b,500.0,1.1960107088088991,0.33159238,0.3375044286251068,True,0.7227513277613125,3.54368893374553,,,,
S6i,6s_E2_to_E1,6-somite,dmd,500.0,0.23290589451789856,0.11808327,0.12092050835490227,True,0.4930000863720845,1.926107470821398,,,,
S6i,6s_E2_to_E1,6-somite,dnmt3bb.2,500.0,0.4147386848926544,0.31490582,0.3191920056939125,True,0.2407126854863437,1.2993391986463656,,,,
S6i,6s_E2_to_E1,6-somite,drll.2,500.0,0.3623604476451874,0.30760133,0.3115181356668472,True,0.15111780365807512,1.1632081929018523,,,,
S6i,6s_E2_to_E1,6-somite,drll.3,500.0,0.1935073435306549,0.13601562,0.13835045769810678,True,0.29710355521282894,1.3986751236696697,,,,
S6i,6s_E2_to_E1,6-somite,dscc1,500.0,0.21079333126544952,0.19361763,0.19679437056183816,True,0.08148125055801594,1.0711349652108697,,,,
S6i,6s_E2_to_E1,6-somite,dync1li1,500.0,0.3062363862991333,0.27078745,0.2742751136422157,True,0.11575678199631982,1.1165299768998007,,,,
S6i,6s_E2_to_E1,6-somite,dynll1,500.0,0.6040717363357544,0.38703190000000004,0.3928603708744049,True,0.3592947831803038,1.537624512727634,,,,
S6i,6s_E2_to_E1,6-somite,dynll2b,500.0,0.2301853895187378,0.22369222,0.2267787829041481,True,0.028208419755196317,1.0150217166304731,,,,
S6i,6s_E2_to_E1,6-somite,ednraa,500.0,0.2443331182003021,0.21325403,0.21742240116000172,True,0.1271996359315818,1.1237715934362105,,,,
S6i,6s_E2_to_E1,6-somite,efemp2b,500.0,1.20782208442688,0.2549854,0.25893210619688034,True,0.7888882846394957,4.6646285088667465,,,,
S6i,6s_E2_to_E1,6-somite,efna1a,500.0,0.5409414768218994,0.3321564,0.3373120591044426,True,0.3859661272358568,1.6036825907087022,,,,
S6i,6s_E2_to_E1,6-somite,efnb2a,500.0,0.7837532758712769,0.27193895,0.27630331367254257,True,0.6530299034207258,2.836568499500995,,,,
S6i,6s_E2_to_E1,6-somite,efnb2b,500.0,0.6999973654747009,0.28087783,0.2853538289666176,True,0.5987444489772529,2.4530855885469505,,,,
S6i,6s_E2_to_E1,6-somite,egln1b,500.0,0.3896175920963288,0.37345552,0.3780990839004517,True,0.04148187345645512,1.0304642584082795,,,,
S6i,6s_E2_to_E1,6-somite,elavl3,500.0,1.157612681388855,0.60357034,0.6126181572675705,True,0.4786076968854855,1.8896153626136314,,,,
S6i,6s_E2_to_E1,6-somite,elf1,500.0,0.7595889568328857,0.37662947,0.3826585814356804,True,0.5041667359814836,1.985030504171673,,,,
S6i,6s_E2_to_E1,6-somite,elob,500.0,0.2543651759624481,0.20014876,0.20324555411934853,True,0.2131440142498974,1.2515165562395596,,,,
S6i,6s_E2_to_E1,6-somite,emid1,500.0,0.5030519366264343,0.26351827,0.2677780345082283,True,0.4761608998116189,1.8786153896091,,,,
S6i,6s_E2_to_E1,6-somite,epcam,500.0,0.16554351150989532,0.0723318,0.07461267113685607,True,0.5630647169609045,2.2187050669483748,,,,
S6i,6s_E2_to_E1,6-somite,ephb3a,500.0,0.7283748388290405,0.3243277,0.3294385179877281,True,0.5547241749700617,2.2109583398993227,,,,
S6i,6s_E2_to_E1,6-somite,eppk1,500.0,0.7993029356002808,0.82422113,0.8378152847290039,False,0.0,0.9540324104481095,,,,
S6i,6s_E2_to_E1,6-somite,erf,500.0,0.44548943638801575,0.2779513,0.2832379952073097,True,0.3760765633461543,1.5728449004941931,,,,
S6i,6s_E2_to_E1,6-somite,esrra,500.0,0.4328948855400085,0.34274554,0.3472165524959564,True,0.20824765093102893,1.2467576284257067,,,,
S6i,6s_E2_to_E1,6-somite,ets2,500.0,0.34626981616020197,0.2577902,0.26174495071172715,True,0.25552215113203186,1.3229283515064492,,,,
S6i,6s_E2_to_E1,6-somite,etv5a,500.0,0.6571775078773499,0.3197865,0.3253386065363884,True,0.5133940447189811,2.0199800905087053,,,,
S6i,6s_E2_to_E1,6-somite,eve1,500.0,0.4555773437023163,0.29960322,0.3039451897144317,True,0.3423658398683975,1.4988799267734716,,,,
S6i,6s_E2_to_E1,6-somite,f11r.1,500.0,0.5103580355644226,0.39923787,0.404915015399456,True,0.2177298223030564,1.2604077797928663,,,,
S6i,6s_E2_to_E1,6-somite,fbln2,500.0,0.5116257071495056,0.32256675,0.3265612587332726,True,0.3695259187374143,1.5667066850920894,,,,
S6i,6s_E2_to_E1,6-somite,fgf8a,500.0,0.8100335597991943,0.38705364,0.3927175983786583,True,0.5221757987500909,2.0626362636750493,,,,
S6i,6s_E2_to_E1,6-somite,fosab,500.0,0.19752109050750727,0.17189053,0.17475546449422835,True,0.12976114819783852,1.1302713255872512,,,,
S6i,6s_E2_to_E1,6-somite,foxa,500.0,0.27380993962287903,0.1364422,0.13946830332279206,True,0.5016901156425275,1.9632413465958665,,,,
S6i,6s_E2_to_E1,6-somite,foxa2,500.0,0.617362916469574,0.24385889,0.2485504977405071,True,0.6049991305927002,2.483853068417977,,,,
S6i,6s_E2_to_E1,6-somite,foxa3,500.0,1.2598315477371216,0.37206006,0.3775139540433884,True,0.7046747549945199,3.3371787565561797,,,,
S6i,6s_E2_to_E1,6-somite,foxb1a,500.0,0.6510905623435974,0.17812154,0.1818034164607525,True,0.7264258656599307,3.581288927450679,,,,
S6i,6s_E2_to_E1,6-somite,foxb1b,500.0,0.4270735383033752,0.22943360000000002,0.2332247108221054,True,0.4627773075202666,1.8311676185510635,,,,
S6i,6s_E2_to_E1,6-somite,foxc1a,500.0,1.6065499782562256,0.2830386,0.28873415738344194,True,0.8238221093592668,5.564114730363234,,,,
S6i,6s_E2_to_E1,6-somite,foxc1b,500.0,0.7770337462425232,0.40328437,0.4089286893606186,True,0.4809950367672581,1.900169311811935,,,,
S6i,6s_E2_to_E1,6-somite,foxd3,500.0,0.5736610293388367,0.26115116,0.26469770818948746,True,0.544763978353015,2.1672308130759244,,,,
S6i,6s_E2_to_E1,6-somite,foxd5,500.0,0.5461349487304688,0.19464193,0.19914240166544914,True,0.6436010306654513,2.742434279003788,,,,
S6i,6s_E2_to_E1,6-somite,foxh1,500.0,0.3998940289020538,0.19517878,0.1997131571173668,True,0.5119237526118411,2.002341932169473,,,,
S6i,6s_E2_to_E1,6-somite,foxi1,500.0,0.3026139140129089,0.1813415,0.18507856801152228,True,0.40074963280618014,1.6350564912198224,,,,
S6i,6s_E2_to_E1,6-somite,foxn2b,500.0,0.4095458388328552,0.34540007,0.3490945935249329,True,0.15662660334193998,1.173165802132667,,,,
S6i,6s_E2_to_E1,6-somite,foxo1a,500.0,0.21306456625461576,0.10343264,0.10623362995684146,True,0.5145479032411814,2.005622573013607,,,,
S6i,6s_E2_to_E1,6-somite,foxp2,500.0,0.3840257525444031,0.27865016,0.282239755988121,True,0.2743971914436441,1.3606366374571486,,,,
S6i,6s_E2_to_E1,6-somite,frmd4ba,500.0,0.4034145176410675,0.31317282,0.3168240562081337,True,0.2236947270478109,1.2733077231233012,,,,
S6i,6s_E2_to_E1,6-somite,fscn1a,500.0,0.958375096321106,0.28558215,0.2911782696843147,True,0.7020142154303668,3.29136888326228,,,,
S6i,6s_E2_to_E1,6-somite,fzd7b,500.0,0.3178682029247284,0.28994882,0.2933072939515114,True,0.0878332013080581,1.083737804956454,,,,
S6i,6s_E2_to_E1,6-somite,gadd45gip1,500.0,0.3623212277889252,0.33075434,0.33502724170684817,True,0.08712403710537782,1.0814679604650166,,,,
S6i,6s_E2_to_E1,6-somite,gapdh,500.0,0.4846707284450531,0.32696378,0.33222502171993257,True,0.3253898716774814,1.4588628091162654,,,,
S6i,6s_E2_to_E1,6-somite,gata2a,500.0,1.6357998847961426,0.30300152,0.3082637906074524,True,0.8147685876285264,5.3064937713660765,,,,
S6i,6s_E2_to_E1,6-somite,gata3,500.0,0.4147161841392517,0.22100753,0.2246649377048016,True,0.4670872891551806,1.8459319392515439,,,,
S6i,6s_E2_to_E1,6-somite,gata6,500.0,0.8748254776000977,0.36796337,0.3756177589297295,True,0.5793865369919581,2.3290311940862196,,,,
S6i,6s_E2_to_E1,6-somite,gbx1,500.0,0.4070199429988861,0.24177374,0.24597648605704306,True,0.4059904345822384,1.654710779568159,,,,
S6i,6s_E2_to_E1,6-somite,gcm2,500.0,0.19218602776527405,0.1614204,0.16460661292076112,True,0.16008251594547918,1.1675474293234451,,,,
S6i,6s_E2_to_E1,6-somite,gli1,500.0,0.5841065049171448,0.24359833,0.2478052616119385,True,0.5829556339640035,2.3571190583993813,,,,
S6i,6s_E2_to_E1,6-somite,gli2a,500.0,0.6133655309677124,0.29735216,0.30276676416397097,True,0.5152121370194798,2.025868105640317,,,,
S6i,6s_E2_to_E1,6-somite,gmnn,500.0,0.4435211420059204,0.36756456,0.3728331387042999,True,0.17125808857620903,1.1895968892338304,,,,
S6i,6s_E2_to_E1,6-somite,gpr137bb,500.0,0.3626478314399719,0.28892422,0.29248492121696473,True,0.20329258256726704,1.2398855637790658,,,,
S6i,6s_E2_to_E1,6-somite,grhl1,500.0,0.8288753032684326,0.80196303,0.8124855339527131,True,0.032468420606030966,1.0201723829296798,,,,
S6i,6s_E2_to_E1,6-somite,grhl2b,500.0,0.9354468584060668,0.3333012,0.3393537104129791,True,0.6436984275841117,2.756554090030922,,,,
S6i,6s_E2_to_E1,6-somite,gsc,500.0,0.2514010071754456,0.20326027,0.2066627986729145,True,0.19148982327080244,1.2164792540787097,,,,
S6i,6s_E2_to_E1,6-somite,h1-0,500.0,0.8570414781570435,0.6214182,0.63069466650486,True,0.2749263671371056,1.3588849306535864,,,,
S6i,6s_E2_to_E1,6-somite,hdlbpa,500.0,0.3162718713283539,0.13997445,0.14463587030768393,True,0.5574236668069753,2.1866765875957923,,,,
S6i,6s_E2_to_E1,6-somite,helb,500.0,0.3542129695415497,0.32015085,0.3237496137619019,True,0.09616281804211296,1.094095419684583,,,,
S6i,6s_E2_to_E1,6-somite,hells,500.0,0.24153608083724976,0.18869404,0.1918014943599701,True,0.218774916387052,1.25930239304569,,,,
S6i,6s_E2_to_E1,6-somite,her11,500.0,0.14477644860744476,0.11327641,0.11590904742479324,True,0.21757711138669936,1.2490521820687202,,,,
S6i,6s_E2_to_E1,6-somite,her12,500.0,0.486466258764267,0.29501933,0.2993263453245163,True,0.393546164242464,1.6252036159291692,,,,
S6i,6s_E2_to_E1,6-somite,her2,500.0,0.3036553561687469,0.24340618,0.2465094357728958,True,0.19841303101595129,1.2318204178135335,,,,
S6i,6s_E2_to_E1,6-somite,her3,500.0,0.2313176989555359,0.20194994,0.205227080732584,True,0.1269585507568283,1.1271304845823373,,,,
S6i,6s_E2_to_E1,6-somite,her8a,500.0,0.6402308940887451,0.28223073,0.2869469925761223,True,0.5591735146945079,2.231181753608735,,,,
S6i,6s_E2_to_E1,6-somite,her9,500.0,1.238641381263733,0.31195822,0.3176812887191772,True,0.7481448397412361,3.8990064106629294,,,,
S6i,6s_E2_to_E1,6-somite,hes6,500.0,0.20400823652744293,0.17827153,0.18105152621865275,True,0.1261552224890932,1.126796557799053,,,,
S6i,6s_E2_to_E1,6-somite,hesx1,500.0,0.3732185959815979,0.34080005,0.3447127670049667,True,0.0868620947880635,1.0826944392698412,,,,
S6i,6s_E2_to_E1,6-somite,hic1l,500.0,0.35392823815345764,0.31371805,0.3171232581138611,True,0.11361113101610065,1.116058911158077,,,,
S6i,6s_E2_to_E1,6-somite,higd1a,500.0,0.1336495727300644,0.14248139,0.14510461762547494,False,0.0,0.9210566480732073,,,,
S6i,6s_E2_to_E1,6-somite,hivep2a,500.0,0.26058849692344666,0.21102063,0.2142087399959564,True,0.19021508597022907,1.2165166413301611,,,,
S6i,6s_E2_to_E1,6-somite,hoxb1b,500.0,0.5381403565406799,0.23327735,0.23798925727605816,True,0.5665120672909345,2.2611959997692597,,,,
S6i,6s_E2_to_E1,6-somite,hoxb7a,500.0,0.28442999720573425,0.23991367,0.2437256619334221,True,0.1565106544115621,1.1670088202834843,,,,
S6i,6s_E2_to_E1,6-somite,hoxb8a,500.0,0.2662777304649353,0.23610821,0.2392001710832119,True,0.11330093864461176,1.1132004181230446,,,,
S6i,6s_E2_to_E1,6-somite,hoxb9a,500.0,0.3921621739864349,0.22093377,0.22595273554325104,True,0.4366265289507484,1.7355938313540296,,,,
S6i,6s_E2_to_E1,6-somite,hoxc6a,500.0,0.2897329926490784,0.23326149999999998,0.2366090565919876,True,0.1949087547956526,1.2245219892351735,,,,
S6i,6s_E2_to_E1,6-somite,hsp90aa1.2,500.0,0.3230461776256561,0.21646329999999997,0.21969581693410872,True,0.3299307882343965,1.4704247997700577,,,,
S6i,6s_E2_to_E1,6-somite,id3,500.0,1.3004528284072876,0.34800422,0.3543267831206321,True,0.7323976584814597,3.6702075325887593,,,,
S6i,6s_E2_to_E1,6-somite,igf2bp1,500.0,0.0963056907057762,0.048006285,0.05068959575146437,True,0.5015218246175073,1.899910411161526,,,,
S6i,6s_E2_to_E1,6-somite,igfbp1a,500.0,0.24850791692733765,0.18494532,0.1884799122810364,True,0.25577696916319426,1.3184848927391022,,,,
S6i,6s_E2_to_E1,6-somite,irf2a,500.0,0.21270062029361725,0.17491919,0.1776101514697075,True,0.17762727827896924,1.1975701756545973,,,,
S6i,6s_E2_to_E1,6-somite,irx1b,500.0,1.1254264116287231,0.2250433,0.2300245687365532,True,0.8000373063146075,4.89263567718139,,,,
S6i,6s_E2_to_E1,6-somite,irx3a,500.0,0.2481129467487335,0.18088993,0.18381214737892151,True,0.2709371410409897,1.349818008693726,,,,
S6i,6s_E2_to_E1,6-somite,irx5a,500.0,0.5916305780410767,0.27660054,0.2808954954147339,True,0.5324776136484761,2.1062302090944947,,,,
S6i,6s_E2_to_E1,6-somite,ism1,500.0,0.4569253027439117,0.33398056,0.33880508691072464,True,0.2690696744147762,1.3486376692576396,,,,
S6i,6s_E2_to_E1,6-somite,itga6a,500.0,0.4937633872032166,0.21932513,0.2231369934976101,True,0.555809258236535,2.2128262080778867,,,,
S6i,6s_E2_to_E1,6-somite,itgb5,500.0,0.4202443659305573,0.35258025,0.35719103515148165,True,0.1610113593579944,1.1765255131678634,,,,
S6i,6s_E2_to_E1,6-somite,itm2cb,500.0,0.381971538066864,0.2818094,0.2855057314038277,True,0.2622241148713903,1.337876953253146,,,,
S6i,6s_E2_to_E1,6-somite,jcada,500.0,0.3887233138084412,0.24136329,0.245357633382082,True,0.3790871851566195,1.5843131043047831,,,,
S6i,6s_E2_to_E1,6-somite,kank1a,500.0,0.6380557417869568,0.33548665,0.3402299448847771,True,0.4742047935696878,1.875366208588847,,,,
S6i,6s_E2_to_E1,6-somite,kazald2,500.0,0.4915318191051483,0.23482844,0.2384082287549973,True,0.5222517989524207,2.061723379566215,,,,
S6i,6s_E2_to_E1,6-somite,kdrl,500.0,0.2919539511203766,0.24560341,0.24958567917346955,True,0.15875975835487285,1.1697544189522981,,,,
S6i,6s_E2_to_E1,6-somite,kif15,500.0,0.3285673856735229,0.27377725,0.2768395930528641,True,0.16675464938794865,1.1868511366102936,,,,
S6i,6s_E2_to_E1,6-somite,kirrel3l,500.0,1.1593409776687622,0.3433176,0.34892513006925585,True,0.7038683142255264,3.3226067077445878,,,,
S6i,6s_E2_to_E1,6-somite,klf17,500.0,0.30316781997680664,0.19126825,0.1938765086233616,True,0.3691010795248109,1.5637161104740245,,,,
S6i,6s_E2_to_E1,6-somite,klf2a,500.0,0.5414455533027649,0.4058656,0.4123992681503296,True,0.2504036515396553,1.3129158927250926,,,,
S6i,6s_E2_to_E1,6-somite,klf2b,500.0,0.4476610720157623,0.436567,0.443517330288887,True,0.024782283325365605,1.0093429082560905,,,,
S6i,6s_E2_to_E1,6-somite,klf3,500.0,0.3592907190322876,0.26099527,0.2652274787425995,True,0.2735819351953201,1.3546511874848968,,,,
S6i,6s_E2_to_E1,6-somite,klf7a,500.0,0.31155723333358765,0.2343399,0.23770613223314285,True,0.2478431960739712,1.310682355590269,,,,
S6i,6s_E2_to_E1,6-somite,klf8,500.0,0.4452104866504669,0.33127183,0.33614024966955186,True,0.2559208797770368,1.3244783601134893,,,,
S6i,6s_E2_to_E1,6-somite,kmt2bb,500.0,0.301198810338974,0.25836018,0.261553430557251,True,0.14222709914505982,1.151576600227559,,,,
S6i,6s_E2_to_E1,6-somite,kmt5aa,500.0,0.2582946121692657,0.21515878,0.2207719527184963,True,0.1670024641946415,1.1699611702878494,,,,
S6i,6s_E2_to_E1,6-somite,krt18a.1,500.0,1.5487176179885864,2.503633,2.5343249917030333,False,0.0,0.6110966916472178,,,,
S6i,6s_E2_to_E1,6-somite,krt4,500.0,1.116812229156494,2.2916803,2.318866515159607,False,0.0,0.4816198870678091,,,,
S6i,6s_E2_to_E1,6-somite,krt8,500.0,1.3169032335281372,1.3517569999999999,1.373320984840393,False,0.0,0.9589187437350543,,,,
S6i,6s_E2_to_E1,6-somite,krt99,500.0,1.2398428916931152,1.4131061000000003,1.4342443108558656,False,0.0,0.8644572492347946,,,,
S6i,6s_E2_to_E1,6-somite,lamb1a,500.0,0.5395792126655579,0.18489236,0.18964399695396425,True,0.6573397342674847,2.8452216855381915,,,,
S6i,6s_E2_to_E1,6-somite,lamc1,500.0,0.3435511589050293,0.12776619,0.13182202950119973,True,0.6281014089237854,2.606174098555375,,,,
S6i,6s_E2_to_E1,6-somite,lamp2,500.0,0.7641351222991943,0.7817811,0.7924927562475205,False,0.0,0.964217169526444,,,,
S6i,6s_E2_to_E1,6-somite,lft2,500.0,0.1597098410129547,0.123848975,0.1269741967320442,True,0.22453761196408345,1.2578133599064472,,,,
S6i,6s_E2_to_E1,6-somite,lgals3b,500.0,0.44474610686302185,0.38494998,0.3903973907232284,True,0.13445002389902488,1.13921383039756,,,,
S6i,6s_E2_to_E1,6-somite,lhfpl6,500.0,0.33975324034690857,0.23263995,0.23649327978491785,True,0.3152678889639653,1.4366295763494927,,,,
S6i,6s_E2_to_E1,6-somite,lhx1a,500.0,0.7322414517402649,0.19868493,0.203193848580122,True,0.7286620003153446,3.603659544110325,,,,
S6i,6s_E2_to_E1,6-somite,lima1a,500.0,0.8957892656326294,0.25847942,0.2638061597943306,True,0.7114506432627913,3.395634379163123,,,,
S6i,6s_E2_to_E1,6-somite,lmnb1,500.0,0.19502203166484836,0.13517861,0.14099853932857515,True,0.3068546690417198,1.383149304904357,,,,
S6i,6s_E2_to_E1,6-somite,lmo4a,500.0,0.8536448478698729,0.39860052,0.404382212460041,True,0.5330604762646888,2.110985156040279,,,,
S6i,6s_E2_to_E1,6-somite,lratb.1,500.0,0.3275938928127289,0.26756006,0.2723646208643913,True,0.18325685959724086,1.202776967775987,,,,
S6i,6s_E2_to_E1,6-somite,lratd1,500.0,0.28488555550575256,0.23765830000000002,0.2407068409025669,True,0.16577621306780407,1.183537428506522,,,,
S6i,6s_E2_to_E1,6-somite,mad1l1,500.0,0.3488516211509705,0.30552779999999996,0.31048644334077835,True,0.12418980518418747,1.1235647437530274,,,,
S6i,6s_E2_to_E1,6-somite,map1lc3b,500.0,0.35672131180763245,0.31190076,0.315671743452549,True,0.12564583505471075,1.1300387798607445,,,,
S6i,6s_E2_to_E1,6-somite,map2k6,500.0,0.3382385075092316,0.2600011,0.2654045507311821,True,0.23130841883197184,1.2744261791193634,,,,
S6i,6s_E2_to_E1,6-somite,mcama,500.0,0.6711525321006775,0.48093975,0.4882469609379768,True,0.2834121561045219,1.3746169168392133,,,,
S6i,6s_E2_to_E1,6-somite,mcm2,500.0,0.7762508392333984,0.20476921,0.21011348515748976,True,0.7362074233252821,3.694436074160412,,,,
S6i,6s_E2_to_E1,6-somite,mcm3,500.0,0.7038946747779846,0.18123356,0.185974694788456,True,0.7425274525117421,3.784894905076502,,,,
S6i,6s_E2_to_E1,6-somite,mcm4,500.0,0.6530279517173767,0.14808777,0.1527908958494663,True,0.7732290488372983,4.273997793433696,,,,
S6i,6s_E2_to_E1,6-somite,mcm5,500.0,0.601315975189209,0.32196093,0.3274566367268562,True,0.4645728047477858,1.836322455393656,,,,
S6i,6s_E2_to_E1,6-somite,mcm7,500.0,0.5319311618804932,0.11648213,0.120584362372756,True,0.7810202907245412,4.4112781409928,,,,
S6i,6s_E2_to_E1,6-somite,mdm2,500.0,0.4275753796100617,0.3695147,0.3739918425679207,True,0.1357905029807872,1.1432746144253394,,,,
S6i,6s_E2_to_E1,6-somite,mef2d,500.0,0.5898976922035217,0.35182157,0.35639816969633104,True,0.4035888320323627,1.6551647633492166,,,,
S6i,6s_E2_to_E1,6-somite,mespaa,500.0,0.14752264320850372,0.11083691,0.11348376385867595,True,0.24867867189315804,1.299944927736246,,,,
S6i,6s_E2_to_E1,6-somite,mgst3b,500.0,0.31650465726852417,0.23170199,0.2350679501891136,True,0.26793499027413403,1.3464390063124054,,,,
S6i,6s_E2_to_E1,6-somite,mibp2,500.0,0.3874843716621399,0.29708087,0.3007954686880112,True,0.23330875728301995,1.2881988327558334,,,,
S6i,6s_E2_to_E1,6-somite,mixl1,500.0,0.2589261531829834,0.22662738,0.2299691617488861,True,0.12474125587583965,1.1259168456060937,,,,
S6i,6s_E2_to_E1,6-somite,mki67,500.0,0.4587287902832031,0.17633688,0.1815972939133644,True,0.6155966483164661,2.526077236052049,,,,
S6i,6s_E2_to_E1,6-somite,mns1,500.0,0.29107561707496643,0.20275135,0.2056073255836964,True,0.30344095661284565,1.4156869958238842,,,,
S6i,6s_E2_to_E1,6-somite,msx3,500.0,0.6040470600128174,0.271225,0.2755870074033737,True,0.5509869622037318,2.191856088225089,,,,
S6i,6s_E2_to_E1,6-somite,mych,500.0,0.8802431225776672,0.22517407,0.2309509061276913,True,0.7441910494623216,3.811386312946468,,,,
S6i,6s_E2_to_E1,6-somite,mycla,500.0,0.4751909375190735,0.31254017,0.31683452874422074,True,0.34228507142345554,1.499807926246237,,,,
S6i,6s_E2_to_E1,6-somite,myclb,500.0,0.6708294153213501,0.32568714,0.33053058087825776,True,0.5145008063333822,2.0295532520436663,,,,
S6i,6s_E2_to_E1,6-somite,mycn,500.0,1.1488529443740845,0.21942529,0.22394903972744945,True,0.8090048931871523,5.12997486290748,,,,
S6i,6s_E2_to_E1,6-somite,myf5,500.0,0.4628057777881622,0.21331432,0.21734900623559952,True,0.5390845688295941,2.129320882592374,,,,
S6i,6s_E2_to_E1,6-somite,myod1,500.0,0.8825058341026306,0.28510496,0.2903198629617691,True,0.6769370250191291,3.039770772483603,,,,
S6i,6s_E2_to_E1,6-somite,nanog,500.0,0.21843093633651733,0.17952365,0.1824242062866688,True,0.17812169904845274,1.1973791240909448,,,,
S6i,6s_E2_to_E1,6-somite,nap1l1,500.0,0.5115190744400024,0.29045278,0.2953155413269997,True,0.4321760558834175,1.7321102443220313,,,,
S6i,6s_E2_to_E1,6-somite,nasp,500.0,0.8270787000656128,0.2681812,0.2735098212957382,True,0.6757488679438095,3.023945159070967,,,,
S6i,6s_E2_to_E1,6-somite,ncapd2,500.0,0.4322900772094727,0.28311664,0.28846917748451234,True,0.34507717482665584,1.4985659160507088,,,,
S6i,6s_E2_to_E1,6-somite,nckap5l,500.0,0.2937512993812561,0.2834888,0.28948882818222044,True,0.03493597931469267,1.0147241302049579,,,,
S6i,6s_E2_to_E1,6-somite,ndr1,500.0,0.0670119896531105,0.060983647,0.06315107829868792,True,0.08995917034060961,1.0611376948491915,,,,
S6i,6s_E2_to_E1,6-somite,ndr2,500.0,0.2104201018810272,0.16825283,0.17129714488983155,True,0.20039566451626065,1.2283923472067049,,,,
S6i,6s_E2_to_E1,6-somite,ndufv3,500.0,0.3118908107280731,0.28571713,0.2888971820473671,True,0.08391937216629516,1.0795910452215352,,,,
S6i,6s_E2_to_E1,6-somite,nid2a,500.0,0.8346431851387024,0.21932548,0.2246402084827423,True,0.7372224601476156,3.7154665710828114,,,,
S6i,6s_E2_to_E1,6-somite,nip7,500.0,0.2277078330516815,0.22730935,0.2306599140167236,False,0.0017499918527415427,0.9872015864671307,,,,
S6i,6s_E2_to_E1,6-somite,nkx1.2la,500.0,0.20368500053882602,0.1854336,0.18880932554602625,True,0.08960602949622977,1.078786759868879,,,,
S6i,6s_E2_to_E1,6-somite,nkx2.2a,500.0,0.13666386902332306,0.07222356,0.07437448985874652,True,0.4715241157878818,1.8375100021913124,,,,
S6i,6s_E2_to_E1,6-somite,nkx2.5,500.0,0.21043696999549866,0.17191634,0.17481913715600966,True,0.18305069767527493,1.2037410401339723,,,,
S6i,6s_E2_to_E1,6-somite,nog1,500.0,0.7073695659637451,0.38730532,0.3927281245589256,True,0.4524710449175796,1.801168599163084,,,,
S6i,6s_E2_to_E1,6-somite,nop58,500.0,0.4053380489349365,0.08774204599999999,0.09127048850059508,True,0.7835336560377528,4.4410636515032325,,,,
S6i,6s_E2_to_E1,6-somite,notch1a,500.0,0.5973674654960632,0.26094416,0.26674614697694776,True,0.5631764819630254,2.239460521795982,,,,
S6i,6s_E2_to_E1,6-somite,nr2f2,500.0,0.8292312026023865,0.2748062,0.2792423859238625,True,0.6686012289509251,2.969574980026429,,,,
S6i,6s_E2_to_E1,6-somite,nr6a1a,500.0,0.2974908351898193,0.27161740000000006,0.2748036935925484,True,0.08697216707927041,1.0825576297781103,,,,
S6i,6s_E2_to_E1,6-somite,nrarpa,500.0,0.8677520751953125,0.26753375,0.2733197256922722,True,0.6916933338571981,3.1748607715650405,,,,
S6i,6s_E2_to_E1,6-somite,ntd5,500.0,0.673552930355072,0.21868698,0.2223863534629345,True,0.6753232401883731,3.028751179497775,,,,
S6i,6s_E2_to_E1,6-somite,oclna,500.0,0.3126754462718964,0.3248508,0.3301291614770889,False,0.0,0.9471306469046851,,,,
S6i,6s_E2_to_E1,6-somite,olig4,500.0,0.3068635165691376,0.14158192,0.1446869432926178,True,0.5386159803143378,2.1208791172575303,,,,
S6i,6s_E2_to_E1,6-somite,osr1,500.0,0.6090030670166016,0.2835296,0.2887698650360108,True,0.5344364834963498,2.1089564416309723,,,,
S6i,6s_E2_to_E1,6-somite,pax3a,500.0,1.0863074064254759,0.28360373,0.2879514440894127,True,0.738928662236833,3.7725367548014908,,,,
S6i,6s_E2_to_E1,6-somite,pax6a,500.0,0.7033145427703857,0.2510187,0.2544014543294907,True,0.6430918348494787,2.764585385818906,,,,
S6i,6s_E2_to_E1,6-somite,pax6b,500.0,0.9868332147598268,0.2402154,0.2440805844962597,True,0.756579529114995,4.043063141611532,,,,
S6i,6s_E2_to_E1,6-somite,pbx1b,500.0,0.4071373045444489,0.24594726,0.2496632970869541,True,0.39591078012490943,1.6307455252529526,,,,
S6i,6s_E2_to_E1,6-somite,pbx4,500.0,0.1594245880842209,0.07730088,0.08084464594721794,True,0.5151257575263326,1.9719869660670717,,,,
S6i,6s_E2_to_E1,6-somite,pcdh10b,500.0,1.4460395574569702,0.3413973,0.3472394093871117,True,0.7639087508354109,4.1643877922994825,,,,
S6i,6s_E2_to_E1,6-somite,pcdh7b,500.0,0.11776769906282425,0.099163614,0.10167662650346757,True,0.15797272934264506,1.1582573410695123,,,,
S6i,6s_E2_to_E1,6-somite,PCDH8,500.0,0.11287207901477815,0.09454415,0.09720682315528392,True,0.1623778815763018,1.1611538712099418,,,,
S6i,6s_E2_to_E1,6-somite,pcdh8,500.0,0.5034540891647339,0.22961381,0.23315209299325945,True,0.5439230394203177,2.1593376353661515,,,,
S6i,6s_E2_to_E1,6-somite,pdap1a,500.0,0.2544434666633606,0.20845842,0.21101896911859516,True,0.18072793792618294,1.2057848056321436,,,,
S6i,6s_E2_to_E1,6-somite,perp,500.0,0.6754513382911682,1.0820363000000002,1.0947674334049224,False,0.0,0.6169815777131713,,,,
S6i,6s_E2_to_E1,6-somite,pfn2,500.0,0.3970593512058258,0.34434086,0.3483090698719025,True,0.13277231779598458,1.139962709991595,,,,
S6i,6s_E2_to_E1,6-somite,plagl2,500.0,0.3686427772045136,0.26081073,0.26399532705545425,True,0.29251093750088425,1.3963988731023158,,,,
S6i,6s_E2_to_E1,6-somite,plekhg5b,500.0,0.2839886844158173,0.26108098,0.2654802799224853,True,0.08066414393248288,1.069716682906678,,,,
S6i,6s_E2_to_E1,6-somite,pmp22b,500.0,0.20709656178951266,0.122047275,0.1248199250549078,True,0.4106745459693345,1.659162683348926,,,,
S6i,6s_E2_to_E1,6-somite,pold3,500.0,0.3663657009601593,0.28817677,0.2916370213031769,True,0.21341770197539406,1.2562386603835758,,,,
S6i,6s_E2_to_E1,6-somite,ppan,500.0,0.4227554798126221,0.31685537,0.3209876969456673,True,0.2504996714913728,1.3170457429842888,,,,
S6i,6s_E2_to_E1,6-somite,ppp1r7,500.0,0.14305391907691956,0.11784314,0.12075598649680615,True,0.1762326792418397,1.1846528128914184,,,,
S6i,6s_E2_to_E1,6-somite,prdm1a,500.0,1.5861601829528809,0.37602395,0.3820746421813965,True,0.7629344424138992,4.1514406030636914,,,,
S6i,6s_E2_to_E1,6-somite,prickle1b,500.0,0.7998476624488831,0.3143386,0.3194679081439972,True,0.6070019212000223,2.5036870435460425,,,,
S6i,6s_E2_to_E1,6-somite,prmt1,500.0,0.5586529970169067,0.1699892,0.17460819631814956,True,0.6957159464748573,3.1994660548408507,,,,
S6i,6s_E2_to_E1,6-somite,prox1a,500.0,0.4662394523620606,0.29376277,0.29808574318885805,True,0.369931540998696,1.5641118806096859,,,,
S6i,6s_E2_to_E1,6-somite,ptp4a2b,500.0,0.3494584262371063,0.26232973,0.2682789281010628,True,0.2493249333376201,1.3025936427830909,,,,
S6i,6s_E2_to_E1,6-somite,pttg1,500.0,0.3342303037643433,0.2731368,0.2763442531228065,True,0.1827886595235556,1.2094707958909947,,,,
S6i,6s_E2_to_E1,6-somite,rab11fip4a,500.0,0.7754241824150085,0.29647827,0.30090042799711225,True,0.6176566604345346,2.5770125605220153,,,,
S6i,6s_E2_to_E1,6-somite,rac1a,500.0,0.3556613922119141,0.28303483,0.2886263757944107,True,0.20420141886855184,1.2322553378325085,,,,
S6i,6s_E2_to_E1,6-somite,raraa,500.0,0.6420952677726746,0.30480665,0.3102894246578217,True,0.5252937297883672,2.069343060856034,,,,
S6i,6s_E2_to_E1,6-somite,rasgef1ba,500.0,0.5324121713638306,0.3218417,0.3263782635331154,True,0.3955027621934277,1.6312733746431318,,,,
S6i,6s_E2_to_E1,6-somite,rasl11b,500.0,0.4560950100421906,0.31820086,0.3221618264913559,True,0.30233646621613985,1.4157326304282931,,,,
S6i,6s_E2_to_E1,6-somite,rbbp4,500.0,0.3952736854553223,0.22448373,0.2298320196568966,True,0.43208026066742333,1.7198373231258393,,,,
S6i,6s_E2_to_E1,6-somite,rbm4.3,500.0,0.5574217438697815,0.13857362,0.14305761083960533,True,0.7514025631991497,3.896484364573632,,,,
S6i,6s_E2_to_E1,6-somite,rbm7,500.0,0.3566262722015381,0.33329597,0.33684523701667785,True,0.06541946812372518,1.0587244022211924,,,,
S6i,6s_E2_to_E1,6-somite,rbmx,500.0,0.30812108516693115,0.19958794,0.2049456514418125,True,0.35224185952218184,1.503428265002304,,,,
S6i,6s_E2_to_E1,6-somite,rcc1,500.0,0.4111776649951935,0.2991674,0.30455452054739,True,0.27241331398299884,1.350095425463279,,,,
S6i,6s_E2_to_E1,6-somite,rdh10b,500.0,0.2537549436092377,0.22596362,0.22980908378958706,True,0.109520314687602,1.104198926451382,,,,
S6i,6s_E2_to_E1,6-somite,rfx2,500.0,0.4507821202278137,0.33596677,0.3414449796080589,True,0.25470254740628195,1.3202189141725316,,,,
S6i,6s_E2_to_E1,6-somite,rhov,500.0,0.2591007649898529,0.19925007,0.2027731344103813,True,0.2309938866887072,1.277786456984352,,,,
S6i,6s_E2_to_E1,6-somite,ripply1,500.0,0.4635109901428223,0.27005225,0.2737186536192894,True,0.4173768045569532,1.6933847365313723,,,,
S6i,6s_E2_to_E1,6-somite,rnd1b,500.0,0.2947087287902832,0.17310652,0.1762589044868946,True,0.4126182754118201,1.6720217889031286,,,,
S6i,6s_E2_to_E1,6-somite,rpl19,500.0,0.20552398264408112,0.11215601,0.11657284796237945,True,0.4542923423276784,1.7630519133444187,,,,
S6i,6s_E2_to_E1,6-somite,rpl31,500.0,0.16731467843055725,0.09896109,0.1031182900071144,True,0.4085331098266185,1.6225509404685996,,,,
S6i,6s_E2_to_E1,6-somite,rpl34,500.0,0.31289806962013245,0.28025556,0.28355826139450074,True,0.1043231540328582,1.1034701231462718,,,,
S6i,6s_E2_to_E1,6-somite,rpl38,500.0,0.3124012351036072,0.25755137,0.26057917475700376,True,0.1755750518533556,1.198872609044559,,,,
S6i,6s_E2_to_E1,6-somite,rpl4,500.0,0.6395635604858398,0.3002559,0.30522756576538085,True,0.5305300157612756,2.0953663175279944,,,,
S6i,6s_E2_to_E1,6-somite,rpl5a,500.0,0.2557446956634521,0.12703317,0.1317605681717396,True,0.503281295010306,1.940980516493439,,,,
S6i,6s_E2_to_E1,6-somite,rpl6,500.0,0.09382160753011703,0.042307504,0.04452051278203726,True,0.5490643932117495,2.107379310509005,,,,
S6i,6s_E2_to_E1,6-somite,rplp0,500.0,0.06779372692108154,0.026009288,0.026736862491816282,True,0.6163466906689877,2.535590215262995,,,,
S6i,6s_E2_to_E1,6-somite,rplp2l,500.0,0.2890846133232117,0.066791065,0.0699333120137453,True,0.7689566930960292,4.133718323913968,,,,
S6i,6s_E2_to_E1,6-somite,rps3,500.0,0.1600729525089264,0.049589097,0.0525655034929514,True,0.6902093906396704,3.045209155665956,,,,
S6i,6s_E2_to_E1,6-somite,rps6,500.0,0.06758476048707962,0.03257063,0.033507605642080315,True,0.5180772991243704,2.0169976097069653,,,,
S6i,6s_E2_to_E1,6-somite,rreb1b,500.0,0.626717746257782,0.33940238,0.3452186226844788,True,0.4584446034406133,1.8154227642307303,,,,
S6i,6s_E2_to_E1,6-somite,rrm2,500.0,0.6210533976554871,0.3341086,0.3406986236572265,True,0.4620292033809147,1.82288202690341,,,,
S6i,6s_E2_to_E1,6-somite,rrp8,500.0,0.2324253916740417,0.18422753,0.18701235502958294,True,0.2073691912015307,1.2428344193477217,,,,
S6i,6s_E2_to_E1,6-somite,rxraa,500.0,0.2727600634098053,0.17093304,0.17417837753891946,True,0.3733208745465215,1.565981192750852,,,,
S6i,6s_E2_to_E1,6-somite,rxrgb,500.0,0.4171370565891266,0.30334008,0.3079887479543686,True,0.2728047709772457,1.354390572252105,,,,
S6i,6s_E2_to_E1,6-somite,sall1a,500.0,0.16308636963367462,0.10495794,0.10709945447742937,True,0.3564272818750462,1.5227563056172633,,,,
S6i,6s_E2_to_E1,6-somite,sall3a,500.0,0.2849429547786713,0.25762242,0.2614722996950149,True,0.0958807141312939,1.0897634476425722,,,,
S6i,6s_E2_to_E1,6-somite,sall3b,500.0,0.29753240942955017,0.13107358,0.13387453258037568,True,0.5594645321379781,2.2224720691436772,,,,
S6i,6s_E2_to_E1,6-somite,sdc4,500.0,0.4362946748733521,0.34672606,0.351344034075737,True,0.20529385325575392,1.2417876285307945,,,,
S6i,6s_E2_to_E1,6-somite,sebox,500.0,0.057744178920984275,0.043216445,0.0449920080602169,True,0.2515878594259507,1.283431911811982,,,,
S6i,6s_E2_to_E1,6-somite,sept9a,500.0,0.5906298756599426,0.38008547,0.3857052564620972,True,0.35647436075334604,1.531298487030039,,,,
S6i,6s_E2_to_E1,6-somite,shha,500.0,0.5742557644844055,0.23239218,0.2367479577660561,True,0.5953159004082553,2.425599654176784,,,,
S6i,6s_E2_to_E1,6-somite,si:ch211-106e7.2,500.0,0.1756744533777237,0.16870737,0.17148294821381568,True,0.03965905392451621,1.024442693618037,,,,
S6i,6s_E2_to_E1,6-somite,si:ch211-113a14.12,500.0,0.4767841994762421,0.30856448,0.3121579945087433,True,0.3528214977375925,1.5273810309634333,,,,
S6i,6s_E2_to_E1,6-somite,si:ch211-113a14.18,500.0,0.271989107131958,0.24143468,0.2445316128432751,True,0.11233695723633748,1.1122860720109875,,,,
S6i,6s_E2_to_E1,6-somite,si:ch211-114n24.6,500.0,0.15479734539985654,0.12193756,0.12467603273689748,True,0.2122761683028384,1.2415966565644878,,,,
S6i,6s_E2_to_E1,6-somite,si:ch211-155e24.3,500.0,0.4244978725910187,0.31637502,0.3206087931990623,True,0.25470764968721443,1.3240368997847567,,,,
S6i,6s_E2_to_E1,6-somite,si:ch211-161h7.4,500.0,0.35690927505493164,0.30451018,0.3101841405034065,True,0.14681349725381534,1.1506367620075406,,,,
S6i,6s_E2_to_E1,6-somite,si:ch211-163l21.7,500.0,0.11361506581306458,0.10039845,0.10292754471302032,True,0.11632801185849236,1.1038353837142711,,,,
S6i,6s_E2_to_E1,6-somite,si:dkey-108k21.14,500.0,0.8292288184165955,0.43792029999999993,0.4448043942451477,True,0.47189449711982,1.8642550054475802,,,,
S6i,6s_E2_to_E1,6-somite,si:dkey-108k21.21,500.0,0.08878893405199051,0.08268542599999999,0.08488635271787644,True,0.06874176652290345,1.0459741903045885,,,,
S6i,6s_E2_to_E1,6-somite,si:dkey-261h17.1,500.0,0.797073483467102,0.3446269,0.3500425487756729,True,0.5676347153905046,2.2770759904902644,,,,
S6i,6s_E2_to_E1,6-somite,si:dkey-261m9.12,500.0,0.8286673426628113,0.46065320000000004,0.4681212559342384,True,0.44410360813281935,1.770198067611829,,,,
S6i,6s_E2_to_E1,6-somite,si:dkey-66i24.9,500.0,0.3608531057834625,0.31878072,0.32241645008325576,True,0.11659144642305423,1.1192143133214247,,,,
S6i,6s_E2_to_E1,6-somite,si:dkey-68o6.5,500.0,0.07997196167707442,0.03361774,0.03530828952789306,True,0.5796309365262812,2.2649627820089577,,,,
S6i,6s_E2_to_E1,6-somite,si:dkey-92i17.2,500.0,0.2864536643028259,0.23241579999999998,0.235497161000967,True,0.1886443628085924,1.2163784186835684,,,,
S6i,6s_E2_to_E1,6-somite,six3b,500.0,0.4022288620471953,0.19523874,0.1983289435505867,True,0.5146078323211372,2.028089571024216,,,,
S6i,6s_E2_to_E1,6-somite,six4a,500.0,0.5499213337898254,0.18664378,0.1900673195719719,True,0.6605991297127328,2.893297674888235,,,,
S6i,6s_E2_to_E1,6-somite,six4b,500.0,0.5674614906311035,0.2077032,0.21188715770840644,True,0.6339783291164343,2.678130646369938,,,,
S6i,6s_E2_to_E1,6-somite,skia,500.0,0.4312054216861725,0.26939923,0.2750860810279846,True,0.3752415619952736,1.5675290442714396,,,,
S6i,6s_E2_to_E1,6-somite,skila,500.0,0.4082903861999512,0.31280985,0.3169218450784683,True,0.2338544689791614,1.2882999153903718,,,,
S6i,6s_E2_to_E1,6-somite,skilb,500.0,0.24370576441287994,0.21706660000000003,0.21992786526679992,True,0.10930871314549102,1.1081168096513576,,,,
S6i,6s_E2_to_E1,6-somite,smtnl,500.0,0.5650510787963867,0.32720762,0.3326212927699089,True,0.4209238116857581,1.6987820415551729,,,,
S6i,6s_E2_to_E1,6-somite,snai1a,500.0,1.0083904266357422,0.4664916,0.4744994938373566,True,0.5373898864072694,2.125166495923358,,,,
S6i,6s_E2_to_E1,6-somite,snai2,500.0,0.92043799161911,0.39663273,0.4026458233594895,True,0.5690826165669854,2.285974268749154,,,,
S6i,6s_E2_to_E1,6-somite,snrpc,500.0,0.3605471253395081,0.3073982,0.3114951655268669,True,0.14741186815555754,1.157472619935125,,,,
S6i,6s_E2_to_E1,6-somite,snrpd3,500.0,0.07200482487678528,0.059289157,0.06120997574180365,True,0.17659465887112227,1.176357677064218,,,,
S6i,6s_E2_to_E1,6-somite,snrpg,500.0,0.3129891157150269,0.28176588,0.28486589044332505,True,0.0997582214421931,1.0987244391665665,,,,
S6i,6s_E2_to_E1,6-somite,sox10,500.0,0.35808831453323364,0.21351862,0.21685588881373405,True,0.4037263689666221,1.6512731865022563,,,,
S6i,6s_E2_to_E1,6-somite,sox11a,500.0,1.0696483850479126,0.26581457,0.27117720395326617,True,0.7514935035770642,3.9444627699319907,,,,
S6i,6s_E2_to_E1,6-somite,sox11b,500.0,0.9121549725532532,0.34318376,0.3497330605983734,True,0.6237659540308014,2.6081462558689985,,,,
S6i,6s_E2_to_E1,6-somite,sox13,500.0,0.6756778955459595,0.22696477,0.23094898089766505,True,0.6640932414043268,2.9256587014140436,,,,
S6i,6s_E2_to_E1,6-somite,sox19a,500.0,1.5684764385223389,0.22136253,0.2250998184084892,True,0.8588677995101439,6.967915165866642,,,,
S6i,6s_E2_to_E1,6-somite,sox2,500.0,1.1327539682388306,0.27788937,0.28256903290748603,True,0.7546780865836847,4.008768960219705,,,,
S6i,6s_E2_to_E1,6-somite,sox3,500.0,0.9503167867660522,0.26486079999999995,0.2694469690322876,True,0.7212920864518646,3.526915853531745,,,,
S6i,6s_E2_to_E1,6-somite,sox32,500.0,0.37628719210624695,0.22835268,0.2340919561684132,True,0.3931425634655444,1.6074332423260798,,,,
S6i,6s_E2_to_E1,6-somite,sox5,500.0,0.9660117030143738,0.26154858,0.2661971345543861,True,0.7292490578291942,3.628933514372636,,,,
S6i,6s_E2_to_E1,6-somite,sp5a,500.0,0.1843533664941788,0.15381789999999998,0.15697385817766188,True,0.16563548634408484,1.1744208152514732,,,,
S6i,6s_E2_to_E1,6-somite,sp5l,500.0,0.6195547580718994,0.3388142,0.3449110954999924,True,0.4531327625903322,1.796273782302585,,,,
S6i,6s_E2_to_E1,6-somite,sp8b,500.0,1.29758620262146,0.28270942,0.28765141069889066,True,0.7821266755486617,4.510967630816713,,,,
S6i,6s_E2_to_E1,6-somite,spon1b,500.0,0.31518128514289856,0.18959512,0.1933084696531296,True,0.39845692906843583,1.6304577120105295,,,,
S6i,6s_E2_to_E1,6-somite,srp19,500.0,0.3055223524570465,0.27461344,0.27772584557533264,True,0.101167433975615,1.1000861364707741,,,,
S6i,6s_E2_to_E1,6-somite,srrm4,500.0,0.4096485674381256,0.27551365,0.2792298704385757,True,0.3274390028754813,1.4670657075287332,,,,
S6i,6s_E2_to_E1,6-somite,stmn1a,500.0,0.31244856119155884,0.24425791,0.24730270877480506,True,0.21824600149141066,1.263425551379932,,,,
S6i,6s_E2_to_E1,6-somite,stox1,500.0,0.4991914629936218,0.3495804,0.35367597639560705,True,0.29970675971454713,1.4114372937653172,,,,
S6i,6s_E2_to_E1,6-somite,supt16h,500.0,0.2295842170715332,0.07551439,0.07845673449337483,True,0.6710819583860362,2.92625252062868,,,,
S6i,6s_E2_to_E1,6-somite,syne2b,500.0,0.6458705067634583,0.35139644,0.3572835996747017,True,0.4559336000330014,1.8077250323034926,,,,
S6i,6s_E2_to_E1,6-somite,tbx3b,500.0,0.3215624988079071,0.22728392,0.2308512918651104,True,0.2931889581010741,1.3929421672710436,,,,
S6i,6s_E2_to_E1,6-somite,tbxta,500.0,1.127246379852295,0.22492322,0.22877315506339074,True,0.8004666705724645,4.927354258588366,,,,
S6i,6s_E2_to_E1,6-somite,tbxtb,500.0,0.5867672562599182,0.20045897,0.2045466795563698,True,0.6583671438588806,2.868622739477003,,,,
S6i,6s_E2_to_E1,6-somite,tcf3b,500.0,0.17176403105258942,0.09896155,0.10333698652684688,True,0.4238517435190015,1.662173794936097,,,,
S6i,6s_E2_to_E1,6-somite,tcf7l1a,500.0,0.5681822299957275,0.2674199,0.2724912896752357,True,0.5293413092618989,2.085139054069971,,,,
S6i,6s_E2_to_E1,6-somite,tcf7l1b,500.0,0.5046086311340332,0.284594,0.2902636885643005,True,0.4360104409109078,1.7384490413868976,,,,
S6i,6s_E2_to_E1,6-somite,tcf7l2,500.0,0.5223302245140076,0.35188913,0.35725530833005903,True,0.3263090724248672,1.4620642782204374,,,,
S6i,6s_E2_to_E1,6-somite,tdgf1,500.0,0.3806905150413513,0.27665270000000003,0.2804783910512924,True,0.27328713793033804,1.357289998756919,,,,
S6i,6s_E2_to_E1,6-somite,tead1a,500.0,0.4218405485153198,0.2942732,0.2978358715772629,True,0.3024065640758989,1.4163523899299295,,,,
S6i,6s_E2_to_E1,6-somite,tead1b,500.0,0.6090513467788696,0.3508476,0.355973045527935,True,0.4239441325495543,1.7109479339246045,,,,
S6i,6s_E2_to_E1,6-somite,tfap2a,500.0,1.1135942935943604,0.32924473,0.33585095852613445,True,0.7043404992728153,3.3157395127925633,,,,
S6i,6s_E2_to_E1,6-somite,tfap2c,500.0,1.186869740486145,0.34358954,0.3505878642201424,True,0.7105077898813652,3.3853702926262206,,,,
S6i,6s_E2_to_E1,6-somite,tgif1,500.0,0.4616280198097229,0.287957,0.2937127485871315,True,0.3762141804736138,1.5716989542685051,,,,
S6i,6s_E2_to_E1,6-somite,tlcd5a,500.0,0.4102855026721953,0.3067804,0.3106003239750862,True,0.2522758033273584,1.3209435760443864,,,,
S6i,6s_E2_to_E1,6-somite,tmed10,500.0,0.4537160098552704,0.3408113,0.3447594419121742,True,0.2488444207482267,1.316036501680068,,,,
S6i,6s_E2_to_E1,6-somite,tp63,500.0,1.2773220539093018,0.3399225,0.34762282371521,True,0.7338787922001345,3.674448185702984,,,,
S6i,6s_E2_to_E1,6-somite,tph1b,500.0,0.18635565042495728,0.14349507,0.14622541815042495,True,0.2299934687955877,1.2744408788986985,,,,
S6i,6s_E2_to_E1,6-somite,tpx2,500.0,0.4876348674297333,0.34142065,0.3451922804117203,True,0.2998436467807023,1.4126470813545362,,,,
S6i,6s_E2_to_E1,6-somite,tram1,500.0,0.6978045701980591,0.37950690000000004,0.38637067973613737,True,0.4561415871815149,1.8060494928719955,,,,
S6i,6s_E2_to_E1,6-somite,trps1,500.0,0.4183174073696137,0.29252595,0.2968425840139389,True,0.30070816576013104,1.4092230357015443,,,,
S6i,6s_E2_to_E1,6-somite,tshz3b,500.0,0.4038943350315094,0.26780987,0.271430578827858,True,0.3369308637666488,1.4880207557147063,,,,
S6i,6s_E2_to_E1,6-somite,tuba1a,500.0,1.103338360786438,0.26693177,0.2729113653302193,True,0.7580689825360627,4.04284504403623,,,,
S6i,6s_E2_to_E1,6-somite,tuba8l,500.0,0.41817158460617065,0.26391479999999995,0.270218688249588,True,0.3688839618829335,1.5475302145643075,,,,
S6i,6s_E2_to_E1,6-somite,tuba8l4,500.0,0.15234167873859406,0.046035476,0.04714503716677427,True,0.6978143052505522,3.2313407283928863,,,,
S6i,6s_E2_to_E1,6-somite,tubb2b,500.0,0.25482508540153503,0.08640826,0.09009045287966727,True,0.660911494061583,2.8285470574989984,,,,
S6i,6s_E2_to_E1,6-somite,twist1a,500.0,0.07220254093408585,0.06053480000000001,0.06270753927528858,True,0.1615973544559147,1.1514172261984932,,,,
S6i,6s_E2_to_E1,6-somite,twist2,500.0,0.4496211111545563,0.22758514,0.23118098378181454,True,0.4938290679767937,1.9448879566102313,,,,
S6i,6s_E2_to_E1,6-somite,ube2c,500.0,0.3151193559169769,0.25111923,0.25423809736967085,True,0.20309805950659804,1.239465521403673,,,,
S6i,6s_E2_to_E1,6-somite,uhrf1,500.0,0.5395160317420961,0.16569082,0.1707494206726551,True,0.6928898964235735,3.1596946544047486,,,,
S6i,6s_E2_to_E1,6-somite,unc5b,500.0,0.7342852354049683,0.2970693,0.3038119956851005,True,0.5954306353740996,2.4169066588340082,,,,
S6i,6s_E2_to_E1,6-somite,unga,500.0,0.4056550562381744,0.33183742,0.3359484747052193,True,0.1819714543374089,1.207491882777916,,,,
S6i,6s_E2_to_E1,6-somite,usf1,500.0,0.30480459332466125,0.26151854,0.26483569145202634,True,0.14201247709005435,1.1509196198348328,,,,
S6i,6s_E2_to_E1,6-somite,vgll4l,500.0,0.43196165561676025,0.23086953,0.2352249898016453,True,0.4655323484631261,1.8363765515773396,,,,
S6i,6s_E2_to_E1,6-somite,vox,500.0,0.13776664435863495,0.107405,0.11005080416798592,True,0.22038458630558908,1.251845867008318,,,,
S6i,6s_E2_to_E1,6-somite,vsx2,500.0,0.16621410846710205,0.13606927,0.13920371234416962,True,0.18136150268413292,1.194035027285418,,,,
S6i,6s_E2_to_E1,6-somite,wnt11f2,500.0,0.67098468542099,0.34728432,0.3526992559432983,True,0.4824258666966325,1.9024272779550768,,,,
S6i,6s_E2_to_E1,6-somite,wnt8a,500.0,0.4163563549518585,0.2682344,0.2721729770302773,True,0.3557576370551274,1.529749056995992,,,,
S6i,6s_E2_to_E1,6-somite,xbp1,500.0,1.0322185754775999,0.32161385,0.3278663903474808,True,0.6884246652308377,3.1482902971043463,,,,
S6i,6s_E2_to_E1,6-somite,ypel3,500.0,0.3418758809566498,0.29114285,0.2952403977513313,True,0.14839604859054012,1.1579576628419177,,,,
S6i,6s_E2_to_E1,6-somite,zbtb18,500.0,0.4061866998672485,0.28625393,0.28970709145069123,True,0.29526513489550943,1.402059914492574,,,,
S6i,6s_E2_to_E1,6-somite,zc4h2,500.0,0.3427836298942566,0.27508664,0.2785641744732857,True,0.1974918948244248,1.2305373817088943,,,,
S6i,6s_E2_to_E1,6-somite,zeb1a,500.0,0.42545148730278015,0.3051412,0.3091034069657326,True,0.2827825976340492,1.3764050402393204,,,,
S6i,6s_E2_to_E1,6-somite,zeb1b,500.0,0.7865723967552185,0.28278446,0.28793317675590513,True,0.640485143971941,2.731787998928772,,,,
S6i,6s_E2_to_E1,6-somite,zeb2a,500.0,0.3108998239040375,0.24617372,0.2494447492063045,True,0.2081895658837314,1.2463674817500618,,,,
S6i,6s_E2_to_E1,6-somite,zeb2b,500.0,0.3539541959762573,0.1842838,0.18742400482296945,True,0.4793569476856092,1.888521143866194,,,,
S6i,6s_E2_to_E1,6-somite,zfand5a,500.0,0.4677179455757141,0.32432437,0.32971236407756804,True,0.3065813007637946,1.4185635618616925,,,,
S6i,6s_E2_to_E1,6-somite,zgc:113372,500.0,0.12817247211933136,0.076848336,0.07901357002556324,True,0.4004302617133808,1.622157713894762,,,,
S6i,6s_E2_to_E1,6-somite,zgc:113424,500.0,0.11964280158281325,0.099490196,0.10198244266211988,True,0.1684397707461958,1.17317058171674,,,,
S6i,6s_E2_to_E1,6-somite,zgc:175088,500.0,0.7722650766372681,0.7944697,0.8058574289083481,False,0.0,0.9583147700002148,,,,
S6i,6s_E2_to_E1,6-somite,zic2a,500.0,0.9805839061737059,0.23997921,0.2441036254167557,True,0.7552690738601564,4.0170804694095175,,,,
S6i,6s_E2_to_E1,6-somite,zic2b,500.0,1.617674469947815,0.29091072,0.2960839033126831,True,0.8201673289468555,5.46356776524744,,,,
S6i,6s_E2_to_E1,6-somite,zic3,500.0,0.9192637801170348,0.27780133,0.28222712576389314,True,0.6978001952578043,3.2571772739027103,,,,
S6i,6s_E2_to_E1,6-somite,zmp:0000000624,500.0,0.4097420275211334,0.32033062,0.3249164491891861,True,0.21821390461223825,1.2610688949224504,,,,
S6i,6s_E2_to_E1,6-somite,znf1004,500.0,0.15072216093540192,0.0980832,0.1004291158169508,True,0.3492450117367701,1.5007815184803457,,,,
S6i,6s_E2_to_E1,6-somite,znf576.2,500.0,0.3845570683479309,0.33073658,0.33492867946624755,True,0.13995449639844526,1.1481759906639606,,,,
S6i,6s_E2_to_E1,6-somite,znfl2a,500.0,0.5491123795509338,0.28051370000000003,0.28528458923101424,True,0.4891506469905218,1.9247880897845497,,,,
S6i,6s_E2_to_E1,6-somite,zswim5,500.0,0.27322423458099365,0.17792228,0.1838408440351486,True,0.3488049150709149,1.4861998486514552,,,,
S6j,50p_E1_to_E2,50% epiboly,ackr3b,500.0,,0.013142515,0.020341690257191656,True,,4.817519795496842,0.09799649548788604,,,
S6j,50p_E1_to_E2,50% epiboly,acvr1ba,500.0,,0.0024751983999999998,0.008845432940870519,True,,19.951478982447757,0.17647946941042922,,,
S6j,50p_E1_to_E2,50% epiboly,add3b,500.0,,0.0014885704000000002,0.008485245518386359,True,,9.411213403495251,0.07985645635458571,,,
S6j,50p_E1_to_E2,50% epiboly,adka,500.0,,0.0011895995,0.007617393648251891,True,,18.25649475990935,0.13906690722347742,,,
S6j,50p_E1_to_E2,50% epiboly,admp,500.0,,0.0023743379999999997,0.008841544110327951,True,,74.06823977501037,0.6548776091451014,,,
S6j,50p_E1_to_E2,50% epiboly,ahi1,500.0,,0.00258527,0.009495417634025215,True,,13.656471026232543,0.1296738958010429,,,
S6j,50p_E1_to_E2,50% epiboly,akap12b,500.0,,9.449231e-05,0.006742930877953763,True,,38.676306074038315,0.2607916584718236,,,
S6j,50p_E1_to_E2,50% epiboly,alcamb,500.0,,0.0012831134,0.007925179647281764,True,,19.961570813542853,0.1581990347392635,,,
S6j,50p_E1_to_E2,50% epiboly,aldob,500.0,,-0.0001586413,0.00643418715335428,True,,15.961835776227614,0.10270143869535446,,,
S6j,50p_E1_to_E2,50% epiboly,anp32e,500.0,,0.0015219564000000002,0.008289605751633641,True,,30.11808144947933,0.2496670212117743,,,
S6j,50p_E1_to_E2,50% epiboly,apex1,500.0,,0.0032184161,0.009379785787314177,True,,9.59296784359101,0.08997998343747689,,,
S6j,50p_E1_to_E2,50% epiboly,aplnra,500.0,,0.0019881488,0.008860662486404177,True,,17.037766469516782,0.1509658982085623,,,
S6j,50p_E1_to_E2,50% epiboly,aplnrb,500.0,,0.0035722423,0.009961903374642122,True,,7.241915996611747,0.07214326740552132,,,
S6j,50p_E1_to_E2,50% epiboly,apoc1,500.0,,0.033185652999999996,0.04671627841889858,True,,6.397111445762104,0.2988492393769453,,,
S6j,50p_E1_to_E2,50% epiboly,arf5,500.0,,0.00089247606,0.007185701979324219,True,,27.326466236752104,0.19635984252536604,,,
S6j,50p_E1_to_E2,50% epiboly,arhgap5,500.0,,0.0028725778999999997,0.009263761248439549,True,,12.639549224848354,0.11708976630689433,,,
S6j,50p_E1_to_E2,50% epiboly,arl4aa,500.0,,0.004510954,0.011988399736583229,True,,7.565696141528204,0.09070058963016547,,,
S6j,50p_E1_to_E2,50% epiboly,arl4ab,500.0,,0.009018982,0.016149427928030487,True,,16.117323271489028,0.2602855505656806,,,
S6j,50p_E1_to_E2,50% epiboly,arl4d,500.0,,0.0013486773,0.008178450539708136,True,,21.71990306604123,0.1776351529528733,,,
S6j,50p_E1_to_E2,50% epiboly,arl6ip5a,500.0,,0.0027163128999999997,0.00889841159805655,True,,19.530735456175126,0.17379252290180305,,,
S6j,50p_E1_to_E2,50% epiboly,aspm,500.0,,0.0030640973999999997,0.009458058048039671,True,,10.836345520642107,0.10249078496284772,,,
S6j,50p_E1_to_E2,50% epiboly,atf6,500.0,,0.0020923485999999997,0.009113685553893443,True,,8.074365391120237,0.07358722722190968,,,
S6j,50p_E1_to_E2,50% epiboly,atoh1c,500.0,,0.005859743000000001,0.01345741930417715,True,,9.09167821134328,0.12235052586869785,,,
S6j,50p_E1_to_E2,50% epiboly,atp2b1a,500.0,,0.00038694410000000005,0.0072916680481284815,True,,13.709511158132553,0.09996520446721603,,,
S6j,50p_E1_to_E2,50% epiboly,atrxl,500.0,,0.00061109284,0.007453305856324731,True,,22.21344519676771,0.16556360117421726,,,
S6j,50p_E1_to_E2,50% epiboly,aurkb,500.0,,0.0022407193,0.009291259897872805,True,,7.1980365660535455,0.06687882848959538,,,
S6j,50p_E1_to_E2,50% epiboly,axin2,500.0,,0.0037037465,0.009660942107439036,True,,22.266136314243496,0.2151118538882524,,,
S6j,50p_E1_to_E2,50% epiboly,bach1b,500.0,,0.0033032314,0.010376839991658914,True,,14.023439741986444,0.1455189903352639,,,
S6j,50p_E1_to_E2,50% epiboly,bambia,500.0,,0.0011582281,0.007981006009504191,True,,104.06817165896464,0.8305687034083106,,,
S6j,50p_E1_to_E2,50% epiboly,baz1b,500.0,,0.0036494521999999997,0.010294043272733677,True,,13.74201132437902,0.14146085922755386,,,
S6j,50p_E1_to_E2,50% epiboly,bcl2l1,500.0,,0.0020627320000000003,0.00896810614503919,True,,11.970978987354595,0.10735701021862977,,,
S6j,50p_E1_to_E2,50% epiboly,bhlha15,500.0,,0.0033555944,0.010099942097440357,True,,11.314357542518975,0.11427435604917922,,,
S6j,50p_E1_to_E2,50% epiboly,blf,500.0,,0.0027121548,0.009282388584688302,True,,21.23451151171233,0.1971069872577509,,,
S6j,50p_E1_to_E2,50% epiboly,bmp2b,500.0,,0.0016458806,0.0073842065874487155,True,,73.01564640767404,0.5391626171903728,,,
S6j,50p_E1_to_E2,50% epiboly,bmp4,500.0,,0.0020539775,0.007997238822281344,True,,34.26891053144776,0.27405666169938003,,,
S6j,50p_E1_to_E2,50% epiboly,brd2a,500.0,,9.304901e-05,0.006314713973551984,True,,27.446740455284107,0.1733183154814371,,,
S6j,50p_E1_to_E2,50% epiboly,btg2,500.0,,6.470239999999999e-05,0.00652546011842787,True,,33.35891309829697,0.217682257017038,,,
S6j,50p_E1_to_E2,50% epiboly,c1qbp,500.0,,0.0014343306,0.007792159682139752,True,,18.240086797575596,0.14212966894279813,,,
S6j,50p_E1_to_E2,50% epiboly,C7H16orf87,500.0,,0.0029093522999999997,0.009054252319037913,True,,7.88879383861509,0.07142712990769268,,,
S6j,50p_E1_to_E2,50% epiboly,ca9,500.0,,0.0009036154400000001,0.008107470534741873,True,,14.869075321842347,0.12055059005069435,,,
S6j,50p_E1_to_E2,50% epiboly,casz1,500.0,,0.0023988052,0.009508151514455677,True,,17.460551246891786,0.1660175667813651,,,
S6j,50p_E1_to_E2,50% epiboly,cbx3a,500.0,,0.0013301997,0.007872532121837137,True,,29.65919357701443,0.2334929541428318,,,
S6j,50p_E1_to_E2,50% epiboly,cbx5,500.0,,0.0007206778,0.0075017964467406235,True,,23.14883872327338,0.173657876080424,,,
S6j,50p_E1_to_E2,50% epiboly,ccne2,500.0,,0.0027537206,0.009281106758862729,True,,9.849015705476736,0.0914097662322453,,,
S6j,50p_E1_to_E2,50% epiboly,ccnf,500.0,,0.0006508055400000001,0.007233328162692484,True,,19.097381207727548,0.13813762532352988,,,
S6j,50p_E1_to_E2,50% epiboly,ccng1,500.0,,2.8629194000000004e-05,0.005980245140381158,True,,48.371645407367815,0.28927429737965193,,,
S6j,50p_E1_to_E2,50% epiboly,cd63,500.0,,0.0027780812,0.010015736753121016,True,,7.211114576508883,0.07222462529490671,,,
S6j,50p_E1_to_E2,50% epiboly,cdc14b,500.0,,0.000674444,0.007124017924070357,True,,8.022415125401215,0.0571518291476914,,,
S6j,50p_E1_to_E2,50% epiboly,cdc42ep4a,500.0,,0.0039655,0.010933974664658294,True,,11.754201033578209,0.12852013630444448,,,
S6j,50p_E1_to_E2,50% epiboly,cdca8,500.0,,0.0017437110999999998,0.008991447975859046,True,,16.268565877995663,0.14627796373383364,,,
S6j,50p_E1_to_E2,50% epiboly,cdh1,500.0,,-0.00036374357000000003,0.0064700874965637895,True,,14.214607172303166,0.09196975213408468,,,
S6j,50p_E1_to_E2,50% epiboly,cdh2,500.0,,0.0031122533000000003,0.009102511312812566,True,,15.751434050303674,0.14337760663591026,,,
S6j,50p_E1_to_E2,50% epiboly,cdh6,500.0,,0.006653504,0.014188099373131991,True,,15.132229901566177,0.21469758158050026,,,
S6j,50p_E1_to_E2,50% epiboly,cdkn1ca,500.0,,0.0007440410000000001,0.006902666483074425,True,,39.83423777573559,0.2749624579733872,,,
S6j,50p_E1_to_E2,50% epiboly,cdt1,500.0,,-0.000302421,0.005865014530718326,True,,32.192271093633344,0.1888081377409831,,,
S6j,50p_E1_to_E2,50% epiboly,cdx1a,500.0,,0.005695824499999999,0.012701631430536507,True,,11.365625534454715,0.1443619865161383,,,
S6j,50p_E1_to_E2,50% epiboly,cenpf,500.0,,0.0023996818,0.008424481516703957,True,,4.9347295795397725,0.041572538132765104,,,
S6j,50p_E1_to_E2,50% epiboly,chaf1a,500.0,,0.0017151369,0.009560976363718507,True,,19.363155385663962,0.18513067096934185,,,
S6j,50p_E1_to_E2,50% epiboly,chst11,500.0,,0.0031513055,0.0105180446524173,True,,12.77379662271666,0.13435536325863112,,,
S6j,50p_E1_to_E2,50% epiboly,cldnd,500.0,,0.00043748120000000005,0.007305152970366179,True,,18.263960715355903,0.1334210268704334,,,
S6j,50p_E1_to_E2,50% epiboly,clic4,500.0,,0.0018622222,0.007991999294608828,True,,12.723434581327316,0.10168568019896948,,,
S6j,50p_E1_to_E2,50% epiboly,clocka,500.0,,0.0026688133,0.009272884903475642,True,,14.069968163384164,0.13046919537462792,,,
S6j,50p_E1_to_E2,50% epiboly,cmtm6,500.0,,0.003330193,0.009972294559702277,True,,18.61177795351484,0.1856021320322228,,,
S6j,50p_E1_to_E2,50% epiboly,cnmd,500.0,,0.0030504926,0.010357533860951664,True,,12.45309552029438,0.12898335852511453,,,
S6j,50p_E1_to_E2,50% epiboly,cnn3a,500.0,,0.0027981438,0.00927852024324238,True,,8.489467245593957,0.07876969369258666,,,
S6j,50p_E1_to_E2,50% epiboly,coq10b,500.0,,0.002905698,0.008813512930646533,True,,7.023994029102338,0.0619060622002775,,,
S6j,50p_E1_to_E2,50% epiboly,crabp2b,500.0,,0.0008357656,0.0076444357633590684,True,,41.889196271462744,0.32021927007593715,,,
S6j,50p_E1_to_E2,50% epiboly,creb3l1,500.0,,0.0042253053,0.011589861521497366,True,,7.720088120304369,0.08947475224808453,,,
S6j,50p_E1_to_E2,50% epiboly,creb3l2,500.0,,0.0028460668,0.009243093244731423,True,,8.946752118079544,0.0826956640649076,,,
S6j,50p_E1_to_E2,50% epiboly,csrp1a,500.0,,0.0025588116,0.009620309760794045,True,,7.8000924491520145,0.07503930552367305,,,
S6j,50p_E1_to_E2,50% epiboly,cst3,500.0,,0.0016847604000000001,0.00864613326266407,True,,16.756061968315343,0.14487514473551166,,,
S6j,50p_E1_to_E2,50% epiboly,ctcf,500.0,,-0.00035472242999999993,0.005475889402441678,True,,35.0835711701151,0.19211375557024166,,,
S6j,50p_E1_to_E2,50% epiboly,cth1,500.0,,0.00043874857000000003,0.006866628048010168,True,,30.74195474938509,0.21109356873278706,,,
S6j,50p_E1_to_E2,50% epiboly,CU570769.1,500.0,,0.0036285669,0.0110357167199254,True,,13.562520803533086,0.14967213759588616,,,
S6j,50p_E1_to_E2,50% epiboly,cux1a,500.0,,0.0022812453,0.008642178447917098,True,,12.75711970850474,0.11024930500233812,,,
S6j,50p_E1_to_E2,50% epiboly,cxcl12b,500.0,,0.0043665394,0.01092721307650208,True,,7.677494319303446,0.08389361632066306,,,
S6j,50p_E1_to_E2,50% epiboly,dand5,500.0,,0.0025033117,0.009471846558153628,True,,17.388648121904076,0.16470260686440166,,,
S6j,50p_E1_to_E2,50% epiboly,dbx1a,500.0,,0.008273953,0.01640685647726059,True,,9.924575505675373,0.16283108591935178,,,
S6j,50p_E1_to_E2,50% epiboly,ddx4,500.0,,0.0009971908,0.007400557398796078,True,,34.660327395121975,0.2565057423486643,,,
S6j,50p_E1_to_E2,50% epiboly,dharma,500.0,,0.0034901486,0.009925400372594569,True,,30.180131645756912,0.2995498898817488,,,
S6j,50p_E1_to_E2,50% epiboly,dkc1,500.0,,0.00019989786,0.006736747454851865,True,,23.199919803700702,0.15629200069034807,,,
S6j,50p_E1_to_E2,50% epiboly,dkk1b,500.0,,0.051111735,0.06464217044413087,True,,4.179556556648396,0.2701756073157503,,,
S6j,50p_E1_to_E2,50% epiboly,dld,500.0,,0.0060816393,0.013764826534315938,True,,23.319832575670425,0.3209934502133934,,,
S6j,50p_E1_to_E2,50% epiboly,dlgap5,500.0,,0.00022158775000000002,0.007571286964230239,True,,20.893161883292567,0.15818812420852513,,,
S6j,50p_E1_to_E2,50% epiboly,dlx3b,500.0,,0.0025559212,0.008912517456337808,True,,18.443911302061025,0.16438168144276508,,,
S6j,50p_E1_to_E2,50% epiboly,dmd,500.0,,0.009709905,0.01767215747386216,True,,6.918685163433534,0.12226809372027116,,,
S6j,50p_E1_to_E2,50% epiboly,dnmt3bb.2,500.0,,0.0029957048,0.010234885476529598,True,,16.75915443936536,0.17152802637037706,,,
S6j,50p_E1_to_E2,50% epiboly,drll.2,500.0,,0.0024981678,0.008691903902217739,True,,37.25088144405922,0.3237810817846687,,,
S6j,50p_E1_to_E2,50% epiboly,drll.3,500.0,,0.0029118794,0.009036965109407902,True,,37.517242438003684,0.3390420109134368,,,
S6j,50p_E1_to_E2,50% epiboly,dscc1,500.0,,0.004137939,0.01017300207167863,True,,14.78802607003605,0.15043861984651433,,,
S6j,50p_E1_to_E2,50% epiboly,dync1li1,500.0,,0.002783697,0.009380782674998044,True,,14.828034145813055,0.13909856581932253,,,
S6j,50p_E1_to_E2,50% epiboly,dynll1,500.0,,0.0024955835999999998,0.008555720513686537,True,,40.74141397076652,0.3485721512662824,,,
S6j,50p_E1_to_E2,50% epiboly,dynll2b,500.0,,0.0029674107,0.009395412728190418,True,,11.9816485945115,0.11257253370957818,,,
S6j,50p_E1_to_E2,50% epiboly,ednraa,500.0,,0.0048066108000000005,0.011520276311784974,True,,12.591464038053799,0.14505714488828356,,,
S6j,50p_E1_to_E2,50% epiboly,efemp2b,500.0,,0.0027674655,0.00927980290725827,True,,12.214024419858859,0.11334373932072975,,,
S6j,50p_E1_to_E2,50% epiboly,efna1a,500.0,,0.010548098999999998,0.018241441156715152,True,,14.809197104914027,0.2701410975674856,,,
S6j,50p_E1_to_E2,50% epiboly,efnb2b,500.0,,0.0035698884000000004,0.010799883259460326,True,,13.33281430979493,0.14399283806584734,,,
S6j,50p_E1_to_E2,50% epiboly,egln1b,500.0,,0.0023512384,0.008750316780060526,True,,9.838959282210398,0.08609401050545791,,,
S6j,50p_E1_to_E2,50% epiboly,eif3ea,500.0,,0.0011601523,0.008023265004157995,True,,18.854252844660483,0.15127266702811076,,,
S6j,50p_E1_to_E2,50% epiboly,elavl3,500.0,,0.0028104545,0.009219934325665228,True,,15.928932712782835,0.1468637134897982,,,
S6j,50p_E1_to_E2,50% epiboly,elf1,500.0,,0.00036084073,0.007131719402968883,True,,15.0201422924368,0.10711944022232504,,,
S6j,50p_E1_to_E2,50% epiboly,elob,500.0,,0.0029408378000000002,0.009148097550496457,True,,14.629113914724595,0.1338285611692257,,,
S6j,50p_E1_to_E2,50% epiboly,emid1,500.0,,0.0026676152,0.009837585873901841,True,,15.124343064152116,0.14878702367994814,,,
S6j,50p_E1_to_E2,50% epiboly,emx2,500.0,,0.0028955159000000003,0.009432094590738413,True,,13.162041885794544,0.12414562407407514,,,
S6j,50p_E1_to_E2,50% epiboly,emx3,500.0,,0.0027007256,0.009288311516866087,True,,13.878073574579375,0.1289038706146805,,,
S6j,50p_E1_to_E2,50% epiboly,epcam,500.0,,0.0037074136,0.010048947157338258,True,,15.714096028019236,0.15791012061090431,,,
S6j,50p_E1_to_E2,50% epiboly,epha2a,500.0,,0.00036897154999999997,0.006886062142439178,True,,21.680282189028876,0.14929177041927014,,,
S6j,50p_E1_to_E2,50% epiboly,ephb3a,500.0,,0.0025634202,0.009452859824523324,True,,12.3613308161332,0.11684992744946765,,,
S6j,50p_E1_to_E2,50% epiboly,eppk1,500.0,,0.011625986000000001,0.01885227719321847,True,,7.808230900038464,0.14720293331617887,,,
S6j,50p_E1_to_E2,50% epiboly,erf,500.0,,0.0005906855,0.00720288217999041,True,,15.233096230625685,0.10972219738565282,,,
S6j,50p_E1_to_E2,50% epiboly,esrra,500.0,,0.003180875,0.009527924051508305,True,,5.852939178475649,0.05576635997061339,,,
S6j,50p_E1_to_E2,50% epiboly,ets2,500.0,,0.0009444923,0.007607885706238447,True,,45.71484914346432,0.3477933473614091,,,
S6j,50p_E1_to_E2,50% epiboly,etv2,500.0,,0.004613481500000001,0.011853416217491029,True,,9.993144199537602,0.1184528975185254,,,
S6j,50p_E1_to_E2,50% epiboly,etv4,500.0,,0.0031427,0.01054429626092314,True,,17.9936363940638,0.18973023295033745,,,
S6j,50p_E1_to_E2,50% epiboly,etv5a,500.0,,0.0015261576000000002,0.00766242609824985,True,,12.052142960435617,0.09234865475988008,,,
S6j,50p_E1_to_E2,50% epiboly,etv5b,500.0,,0.00040994800000000004,0.00822457941249012,True,,29.593933825045195,0.2433976588720617,,,
S6j,50p_E1_to_E2,50% epiboly,eve1,500.0,,0.0024473378,0.008815185911953443,True,,72.59996762249261,0.639982211794073,,,
S6j,50p_E1_to_E2,50% epiboly,f11r.1,500.0,,0.0009245209,0.0070974885951727625,True,,17.41543092942448,0.12360582240160925,,,
S6j,50p_E1_to_E2,50% epiboly,fbln2,500.0,,0.0027875588,0.009794785594567654,True,,12.097575696018914,0.11849316015655782,,,
S6j,50p_E1_to_E2,50% epiboly,fezf2,500.0,,0.012514446,0.020049143210053442,True,,6.5992111119831725,0.13230852865752665,,,
S6j,50p_E1_to_E2,50% epiboly,fgf8a,500.0,,0.0042662923,0.011302675819024444,True,,18.279393269462084,0.20660605629318726,,,
S6j,50p_E1_to_E2,50% epiboly,flrt3,500.0,,0.0033863555,0.01053463420830667,True,,22.802554271807672,0.2402165682685545,,,
S6j,50p_E1_to_E2,50% epiboly,fn1a,500.0,,0.0020624232,0.009566409327089784,True,,7.986689804270029,0.07640394383614169,,,
S6j,50p_E1_to_E2,50% epiboly,fn1b,500.0,,0.003175349,0.009417145000770687,True,,12.625924202609331,0.1189001589847121,,,
S6j,50p_E1_to_E2,50% epiboly,fnbp1l,500.0,,0.0006545769,0.007683230424299834,True,,18.34160080356659,0.1409227453243251,,,
S6j,50p_E1_to_E2,50% epiboly,fosab,500.0,,0.01620565,0.02571065323427319,True,,9.674662620844968,0.24874189580312964,,,
S6j,50p_E1_to_E2,50% epiboly,foxa,500.0,,0.0015668172,0.007809872971847652,True,,56.751763164758756,0.44322406124514857,,,
S6j,50p_E1_to_E2,50% epiboly,foxa2,500.0,,0.0026420873999999997,0.009864767780527462,True,,20.726052255446376,0.20445769250705595,,,
S6j,50p_E1_to_E2,50% epiboly,foxa3,500.0,,0.0038430884000000003,0.010361548978835344,True,,56.091752796684816,0.5811974439115741,,,
S6j,50p_E1_to_E2,50% epiboly,foxb1a,500.0,,0.0017208434,0.009239046648144721,True,,45.90573422471983,0.4241252199195201,,,
S6j,50p_E1_to_E2,50% epiboly,foxb1b,500.0,,0.020181336,0.030612698942422863,True,,6.105884690740031,0.1869176098147733,,,
S6j,50p_E1_to_E2,50% epiboly,foxc1a,500.0,,0.0024948143,0.008662650967016813,True,,22.875321945795807,0.19816092977456898,,,
S6j,50p_E1_to_E2,50% epiboly,foxc1b,500.0,,0.0026967726000000003,0.010030777426436543,True,,11.996575458355846,0.12033497830221845,,,
S6j,50p_E1_to_E2,50% epiboly,foxd3,500.0,,0.0027404422999999997,0.009824750246480107,True,,67.90185326168192,0.6671187495691655,,,
S6j,50p_E1_to_E2,50% epiboly,foxh1,500.0,,0.006825912,0.016035130247473713,True,,9.554958429170316,0.15321500292094287,,,
S6j,50p_E1_to_E2,50% epiboly,foxi1,500.0,,0.01865803,0.02704617595300078,True,,7.163322119335456,0.1937404704475692,,,
S6j,50p_E1_to_E2,50% epiboly,foxn2b,500.0,,0.0015284409,0.008294076332822442,True,,9.153029180713808,0.0759159227013916,,,
S6j,50p_E1_to_E2,50% epiboly,foxo1a,500.0,,0.010466801999999999,0.018415411654859774,True,,6.482397335865433,0.11937601545032825,,,
S6j,50p_E1_to_E2,50% epiboly,foxp1b,500.0,,0.0031631957,0.009753547795116892,True,,18.58007133388994,0.1812216137917768,,,
S6j,50p_E1_to_E2,50% epiboly,foxp2,500.0,,0.0018870389999999999,0.007975274883210658,True,,18.23471153023851,0.14542683686970298,,,
S6j,50p_E1_to_E2,50% epiboly,frmd4ba,500.0,,0.004814574,0.013026772439479826,True,,10.011133264289828,0.13041275489521045,,,
S6j,50p_E1_to_E2,50% epiboly,fscn1a,500.0,,-9.408596999999999e-05,0.006546428729780017,True,,80.92101271504595,0.5297436424806709,,,
S6j,50p_E1_to_E2,50% epiboly,fzd7a,500.0,,0.0002418895,0.006086989748291664,True,,21.535568050709866,0.13108678194830845,,,
S6j,50p_E1_to_E2,50% epiboly,fzd7b,500.0,,0.002276414,0.008399425772950051,True,,15.581080830722145,0.1308721318999856,,,
S6j,50p_E1_to_E2,50% epiboly,fzd8a,500.0,,0.0020803370000000002,0.008514844207093121,True,,62.47251592632885,0.531943740337834,,,
S6j,50p_E1_to_E2,50% epiboly,gadd45gip1,500.0,,0.002737129,0.009253506222739816,True,,6.447579783095204,0.0596627196444829,,,
S6j,50p_E1_to_E2,50% epiboly,gapdh,500.0,,0.0016929195000000001,0.008975363709032534,True,,28.2185654672381,0.25327188841560755,,,
S6j,50p_E1_to_E2,50% epiboly,gata2a,500.0,,0.0038581920000000003,0.01139153833501041,True,,38.35961428980605,0.4369750166985388,,,
S6j,50p_E1_to_E2,50% epiboly,gata3,500.0,,0.011881743,0.018507035914808505,True,,10.452162614950458,0.1934385489023069,,,
S6j,50p_E1_to_E2,50% epiboly,gata6,500.0,,0.021367174,0.030501422286033624,True,,7.988096259723116,0.2436482972793005,,,
S6j,50p_E1_to_E2,50% epiboly,gbx1,500.0,,0.0020695826999999997,0.00851808488368988,True,,20.945560554980712,0.17841606274379224,,,
S6j,50p_E1_to_E2,50% epiboly,gcm2,500.0,,0.009072273,0.01687931679189205,True,,6.917771172553546,0.11676725111534983,,,
S6j,50p_E1_to_E2,50% epiboly,gfi1aa,500.0,,0.0033548897999999996,0.00983512345701456,True,,15.523667386657221,0.15267718525340435,,,
S6j,50p_E1_to_E2,50% epiboly,gli1,500.0,,0.0025775626,0.009202349372208115,True,,15.280622923254857,0.14061763076476327,,,
S6j,50p_E1_to_E2,50% epiboly,gli2a,500.0,,0.0027979359000000004,0.009512482490390531,True,,8.018217680231798,0.07627315528734477,,,
S6j,50p_E1_to_E2,50% epiboly,gmnn,500.0,,0.0006202822599999999,0.007619603956118224,True,,28.794842788774663,0.2194052980291497,,,
S6j,50p_E1_to_E2,50% epiboly,gpr137bb,500.0,,0.003026625,0.009469643561169493,True,,34.347886933616834,0.3252622463407024,,,
S6j,50p_E1_to_E2,50% epiboly,grhl1,500.0,,0.016406983,0.023219649773091083,True,,6.143757774798308,0.1426559038215221,,,
S6j,50p_E1_to_E2,50% epiboly,grhl2b,500.0,,0.002887432,0.009667049907147885,True,,18.48291582390451,0.17867526969929826,,,
S6j,50p_E1_to_E2,50% epiboly,gsc,500.0,,0.0023935677,0.00872481469996273,True,,39.58685189157082,0.34538794730882444,,,
S6j,50p_E1_to_E2,50% epiboly,h1-0,500.0,,0.0024105979,0.00928826043382287,True,,15.522433571975888,0.14417640558322745,,,
S6j,50p_E1_to_E2,50% epiboly,hdlbpa,500.0,,0.0004911616,0.0074576332233846155,True,,17.740248222269397,0.13230026453348612,,,
S6j,50p_E1_to_E2,50% epiboly,helb,500.0,,0.002315858,0.007879261998459697,True,,13.750395075170346,0.10834296537959708,,,
S6j,50p_E1_to_E2,50% epiboly,hells,500.0,,0.0024152324,0.009235039120540023,True,,9.40186461941475,0.08682658756631635,,,
S6j,50p_E1_to_E2,50% epiboly,her1,500.0,,0.031637274,0.0410044938325882,True,,7.497531227334114,0.3074324729708591,,,
S6j,50p_E1_to_E2,50% epiboly,her11,500.0,,0.0031109543,0.00966091342270374,True,,11.371153744106415,0.10985573183806556,,,
S6j,50p_E1_to_E2,50% epiboly,her12,500.0,,0.0026685596000000002,0.009498178726062177,True,,10.428292333717907,0.09904978439327672,,,
S6j,50p_E1_to_E2,50% epiboly,her2,500.0,,0.0029357873999999997,0.009314629109576335,True,,16.20273882100028,0.15092250267695176,,,
S6j,50p_E1_to_E2,50% epiboly,her3,500.0,,0.0055494590000000005,0.01283194334246218,True,,13.498572830258826,0.1732129217619806,,,
S6j,50p_E1_to_E2,50% epiboly,her5,500.0,,0.0022735698000000003,0.008483976963907475,True,,15.11187458260913,0.12820879584031475,,,
S6j,50p_E1_to_E2,50% epiboly,her6,500.0,,0.019996986,0.027858954574912786,True,,5.301514871427202,0.147694661981315,,,
S6j,50p_E1_to_E2,50% epiboly,her7,500.0,,0.022539139,0.032623587734997274,True,,6.677090541190401,0.21783064908504546,,,
S6j,50p_E1_to_E2,50% epiboly,her8a,500.0,,0.002351487,0.00933916391804814,True,,10.527016321525865,0.09831353099469822,,,
S6j,50p_E1_to_E2,50% epiboly,her9,500.0,,0.0028108572999999996,0.009633438615128392,True,,16.545446272660467,0.15938954102757946,,,
S6j,50p_E1_to_E2,50% epiboly,hes6,500.0,,0.0025987802,0.009078549733385441,True,,11.59646177891735,0.10527905499120456,,,
S6j,50p_E1_to_E2,50% epiboly,hesx1,500.0,,0.001089991,0.007672546384856098,True,,12.72743642267947,0.0976518463133152,,,
S6j,50p_E1_to_E2,50% epiboly,hic1l,500.0,,0.0031886406,0.008988998364657162,True,,10.663661207796151,0.09585563315813762,,,
S6j,50p_E1_to_E2,50% epiboly,higd1a,500.0,,0.0074313316,0.014207936637103557,True,,9.349578475903805,0.1328382185692685,,,
S6j,50p_E1_to_E2,50% epiboly,hivep2a,500.0,,0.0027430646999999997,0.008752428414300083,True,,21.46308953182217,0.18785415467698705,,,
S6j,50p_E1_to_E2,50% epiboly,hoxb7a,500.0,,0.0042638304,0.011380956787616012,True,,12.768775128617337,0.14532087796958,,,
S6j,50p_E1_to_E2,50% epiboly,hoxb8a,500.0,,0.003996093,0.011851320881396529,True,,11.195068520122552,0.13267634932119335,,,
S6j,50p_E1_to_E2,50% epiboly,hoxc3a,500.0,,0.002732793,0.00918328459374606,True,,16.40059054565314,0.15061129048623378,,,
S6j,50p_E1_to_E2,50% epiboly,hoxc6a,500.0,,0.0032429781,0.01023985766805708,True,,12.203075010953448,0.1249577512247874,,,
S6j,50p_E1_to_E2,50% epiboly,hoxc8a,500.0,,0.009293232,0.016225200053304432,True,,10.085225008871761,0.1636347933515333,,,
S6j,50p_E1_to_E2,50% epiboly,hsp90aa1.2,500.0,,0.0018465845,0.008402772340923547,True,,12.53279413726137,0.10531021593106862,,,
S6j,50p_E1_to_E2,50% epiboly,id3,500.0,,0.007571036999999999,0.015260714199393982,True,,19.282113009752205,0.2942588158022449,,,
S6j,50p_E1_to_E2,50% epiboly,igf2bp1,500.0,,0.0018651672,0.008497689804062238,True,,16.428690990247315,0.13960591992191376,,,
S6j,50p_E1_to_E2,50% epiboly,igfbp1a,500.0,,0.0033693359999999997,0.010675856610760091,True,,12.862509717680018,0.13731830940046014,,,
S6j,50p_E1_to_E2,50% epiboly,irf2a,500.0,,0.003098729,0.00941183841787278,True,,22.584267266265943,0.21255947429614847,,,
S6j,50p_E1_to_E2,50% epiboly,irx1b,500.0,,0.0029072047,0.00946394964121282,True,,18.413085046694086,0.17426050962128162,,,
S6j,50p_E1_to_E2,50% epiboly,irx3a,500.0,,0.0024879365,0.009124415786936877,True,,15.979815144934665,0.14580647758077486,,,
S6j,50p_E1_to_E2,50% epiboly,irx5a,500.0,,0.0031168512,0.009413081035017964,True,,19.694697548673854,0.18538778398583666,,,
S6j,50p_E1_to_E2,50% epiboly,irx7,500.0,,0.0017044911999999999,0.008559321239590644,True,,15.920682702775107,0.13627023760664636,,,
S6j,50p_E1_to_E2,50% epiboly,ism1,500.0,,0.0021248013,0.008570724353194234,True,,28.632878349903468,0.2454045077755656,,,
S6j,50p_E1_to_E2,50% epiboly,itga6a,500.0,,0.0033485277000000003,0.009247760009020565,True,,12.018305842857645,0.11114240814975712,,,
S6j,50p_E1_to_E2,50% epiboly,itgb5,500.0,,0.0020732204,0.008513801963999867,True,,13.445132493770354,0.11446919543170048,,,
S6j,50p_E1_to_E2,50% epiboly,itm2cb,500.0,,0.0025448531,0.009668924100697038,True,,8.638683071004138,0.0835267709435154,,,
S6j,50p_E1_to_E2,50% epiboly,jcada,500.0,,0.0027215865000000004,0.00916827283799648,True,,12.398110431354391,0.11366925911026728,,,
S6j,50p_E1_to_E2,50% epiboly,kank1a,500.0,,0.002665213,0.008894895203411579,True,,12.204020653632877,0.10855348477433492,,,
S6j,50p_E1_to_E2,50% epiboly,kazald2,500.0,,0.0033255815999999995,0.009482958586886523,True,,26.760672912501317,0.25377035298646594,,,
S6j,50p_E1_to_E2,50% epiboly,kdrl,500.0,,0.0023789722,0.00933714676648378,True,,17.924205731826675,0.16736093959071546,,,
S6j,50p_E1_to_E2,50% epiboly,kif15,500.0,,0.0029668058,0.009186431160196658,True,,13.403904868362295,0.12313404935103507,,,
S6j,50p_E1_to_E2,50% epiboly,kirrel3l,500.0,,0.03863219,0.05090449322015047,True,,6.178930583806297,0.31453533001114803,,,
S6j,50p_E1_to_E2,50% epiboly,klf17,500.0,,0.0039323679999999995,0.010514283040538423,True,,19.975054478737633,0.21002337653962214,,,
S6j,50p_E1_to_E2,50% epiboly,klf2b,500.0,,0.0055431807,0.012286709714680908,True,,25.77836540235798,0.316731292617746,,,
S6j,50p_E1_to_E2,50% epiboly,klf3,500.0,,0.0017160029999999998,0.00899837529286742,True,,15.083737028615941,0.13572912660240713,,,
S6j,50p_E1_to_E2,50% epiboly,klf7a,500.0,,0.0028010365000000004,0.00927094910293817,True,,17.07116897401675,0.15826593868576652,,,
S6j,50p_E1_to_E2,50% epiboly,klf8,500.0,,0.0011281222,0.008633486833423375,True,,12.327067262358508,0.1064255729042965,,,
S6j,50p_E1_to_E2,50% epiboly,kmt2bb,500.0,,0.0029033544,0.009970112098380916,True,,7.7016619421083705,0.07678643290665453,,,
S6j,50p_E1_to_E2,50% epiboly,kmt5aa,500.0,,0.00034531794,0.006080029904842373,True,,32.26005450409503,0.1961420961167427,,,
S6j,50p_E1_to_E2,50% epiboly,krt18a.1,500.0,,0.0039703855,0.010413099266588684,True,,15.111532592098618,0.1573578889518131,,,
S6j,50p_E1_to_E2,50% epiboly,krt4,500.0,,0.0077909734,0.0150712460745126,True,,12.155112801538356,0.1831926960954428,,,
S6j,50p_E1_to_E2,50% epiboly,krt8,500.0,,0.0018393002,0.008412648085504758,True,,14.667095396946545,0.123389112011038,,,
S6j,50p_E1_to_E2,50% epiboly,krt99,500.0,,0.006810229300000001,0.013349239155650136,True,,9.50311002523265,0.12685928844928704,,,
S6j,50p_E1_to_E2,50% epiboly,lamb1a,500.0,,0.0008081285,0.007372943148948251,True,,18.28193712427063,0.13479168306989384,,,
S6j,50p_E1_to_E2,50% epiboly,lamc1,500.0,,0.0008943014,0.007710023457184432,True,,16.955596131468766,0.13072804390416978,,,
S6j,50p_E1_to_E2,50% epiboly,lamp2,500.0,,0.00010020524,0.006189700448885559,True,,38.54201825898877,0.2385635477186182,,,
S6j,50p_E1_to_E2,50% epiboly,lbx2,500.0,,0.0048042386999999995,0.011436142586171623,True,,8.593178155435572,0.09827281065393646,,,
S6j,50p_E1_to_E2,50% epiboly,lef1,500.0,,0.0017904695000000002,0.00774711288977414,True,,19.338571284900826,0.14981809487107126,,,
S6j,50p_E1_to_E2,50% epiboly,lft1,500.0,,0.0050931266,0.011815534019842738,True,,21.861043207997945,0.2582998997333517,,,
S6j,50p_E1_to_E2,50% epiboly,lft2,500.0,,0.03331683,0.043632587604224685,True,,8.381132362517086,0.3656904920301293,,,
S6j,50p_E1_to_E2,50% epiboly,lgals3b,500.0,,0.0026451661,0.009384783403947949,True,,10.988573221946776,0.10312537960639294,,,
S6j,50p_E1_to_E2,50% epiboly,lhfpl6,500.0,,0.0034465794,0.010485682496801018,True,,9.670850331256744,0.10140546604764117,,,
S6j,50p_E1_to_E2,50% epiboly,lhx1a,500.0,,0.0067517315,0.014716143533587456,True,,22.676034412168242,0.3337037771820363,,,
S6j,50p_E1_to_E2,50% epiboly,lhx5,500.0,,0.0047231354,0.010922576999291776,True,,9.912665191542047,0.10827184882281736,,,
S6j,50p_E1_to_E2,50% epiboly,lima1a,500.0,,0.00047811120000000004,0.00703054096084088,True,,22.245742654631776,0.15639960493771385,,,
S6j,50p_E1_to_E2,50% epiboly,lmnb1,500.0,,9.954136999999999e-05,0.006735498877242207,True,,25.857063888878283,0.17416022479231968,,,
S6j,50p_E1_to_E2,50% epiboly,lmo2,500.0,,0.0028600853,0.00974262808449566,True,,15.345592665779268,0.1495064020788517,,,
S6j,50p_E1_to_E2,50% epiboly,lmo4a,500.0,,0.0028112242,0.009569841576740144,True,,14.95843219439861,0.14314982633680412,,,
S6j,50p_E1_to_E2,50% epiboly,lratb.1,500.0,,0.0029946322999999998,0.00985935148783028,True,,10.363798107922104,0.10218032829491444,,,
S6j,50p_E1_to_E2,50% epiboly,lratd1,500.0,,0.0016707382,0.009068003948777912,True,,9.923572789482357,0.08998699724101106,,,
S6j,50p_E1_to_E2,50% epiboly,mab21l2,500.0,,0.0036570979999999997,0.010284093348309393,True,,14.353866020535646,0.14761649806431484,,,
S6j,50p_E1_to_E2,50% epiboly,mad1l1,500.0,,0.00028073415,0.006351020582951597,True,,12.366851318846496,0.0785421272722962,,,
S6j,50p_E1_to_E2,50% epiboly,map1lc3b,500.0,,0.0019713608,0.00850346102379262,True,,15.971724347126383,0.1358149354685488,,,
S6j,50p_E1_to_E2,50% epiboly,map2k6,500.0,,0.00275903,0.009394162148237227,True,,10.604233140016177,0.09961788557502277,,,
S6j,50p_E1_to_E2,50% epiboly,mcama,500.0,,0.0023465407999999997,0.00840256274677813,True,,11.714707565945517,0.0984335653830137,,,
S6j,50p_E1_to_E2,50% epiboly,mcm2,500.0,,0.00084350456,0.00785918878391385,True,,13.024313559012699,0.10236053904116968,,,
S6j,50p_E1_to_E2,50% epiboly,mcm3,500.0,,0.0010105399,0.00864876084960997,True,,15.966925890124225,0.1380941235271302,,,
S6j,50p_E1_to_E2,50% epiboly,mcm4,500.0,,0.00013235879999999998,0.006309599219821389,True,,26.199923919085542,0.1653110195192419,,,
S6j,50p_E1_to_E2,50% epiboly,mcm5,500.0,,0.0023304282,0.009112355252727864,True,,15.780947864013333,0.14380160316166646,,,
S6j,50p_E1_to_E2,50% epiboly,mcm7,500.0,,0.0001537699,0.006243751873262225,True,,18.222488364337718,0.11377669586033272,,,
S6j,50p_E1_to_E2,50% epiboly,mef2d,500.0,,0.0028807481,0.00921891322359442,True,,14.67366446322323,0.13527523935859614,,,
S6j,50p_E1_to_E2,50% epiboly,meis1b,500.0,,0.0024912807,0.008511966373771421,True,,16.104657677198194,0.1370823046094108,,,
S6j,50p_E1_to_E2,50% epiboly,meis2a,500.0,,0.0029956708,0.009668876044452188,True,,18.446086506053803,0.1783529239322764,,,
S6j,50p_E1_to_E2,50% epiboly,meis3,500.0,,0.0060404437,0.013198743667453529,True,,11.283908695090709,0.1489334184334523,,,
S6j,50p_E1_to_E2,50% epiboly,meox1,500.0,,0.005941605,0.01312067629769444,True,,7.873331588635377,0.1033034351588971,,,
S6j,50p_E1_to_E2,50% epiboly,mespaa,500.0,,0.0035518575,0.01023526000790298,True,,11.19712223813145,0.11460545744754795,,,
S6j,50p_E1_to_E2,50% epiboly,mespab,500.0,,0.004210627,0.01055721710436046,True,,12.433369503036136,0.13126178118228682,,,
S6j,50p_E1_to_E2,50% epiboly,mgst3b,500.0,,0.0031947833,0.009829661389812823,True,,14.920448312684696,0.14666295469789464,,,
S6j,50p_E1_to_E2,50% epiboly,mibp2,500.0,,0.0024006697,0.009303222550079223,True,,14.065924779452073,0.13085842859591665,,,
S6j,50p_E1_to_E2,50% epiboly,mixl1,500.0,,0.0036783586,0.010705033037811515,True,,16.70974209099616,0.17887834113742354,,,
S6j,50p_E1_to_E2,50% epiboly,mki67,500.0,,0.0005587481400000001,0.006861480139195918,True,,29.329300531873972,0.20124241309596155,,,
S6j,50p_E1_to_E2,50% epiboly,mns1,500.0,,0.002064615,0.00838525355793535,True,,12.055278265905297,0.10108656497108308,,,
S6j,50p_E1_to_E2,50% epiboly,msgn1,500.0,,0.014090265,0.022485425509512418,True,,7.417005563461382,0.16677452610085008,,,
S6j,50p_E1_to_E2,50% epiboly,msx1b,500.0,,0.0056177904,0.01288819909095764,True,,15.014117420205052,0.193504934486618,,,
S6j,50p_E1_to_E2,50% epiboly,msx3,500.0,,0.005211427,0.012636796897277236,True,,13.457966504875687,0.17006558937247404,,,
S6j,50p_E1_to_E2,50% epiboly,mycb,500.0,,0.011109035,0.01882890108972788,True,,6.798778852879212,0.12801353455179626,,,
S6j,50p_E1_to_E2,50% epiboly,mych,500.0,,-0.00023450157999999998,0.0063828119542449595,True,,70.39710117908366,0.4493314589500471,,,
S6j,50p_E1_to_E2,50% epiboly,mycla,500.0,,0.0007475075,0.007854889286682,True,,10.50846704851749,0.08254284523885085,,,
S6j,50p_E1_to_E2,50% epiboly,myclb,500.0,,0.0025450122,0.009860920393839477,True,,8.046972917959996,0.0793505593553857,,,
S6j,50p_E1_to_E2,50% epiboly,mycn,500.0,,0.001732582,0.008423427259549487,True,,54.61394276432639,0.4600365742325023,,,
S6j,50p_E1_to_E2,50% epiboly,myf5,500.0,,0.00574425,0.012784211942926043,True,,8.658595267192478,0.11069331702380499,,,
S6j,50p_E1_to_E2,50% epiboly,myod1,500.0,,0.0033790884000000003,0.009038652013987292,True,,16.046113502905314,0.1450352361297038,,,
S6j,50p_E1_to_E2,50% epiboly,nanog,500.0,,0.00028541608,0.007070745248347519,True,,56.67960913305478,0.4007670769557417,,,
S6j,50p_E1_to_E2,50% epiboly,nanos3,500.0,,0.0073591783,0.015180484298616646,True,,9.67289702356688,0.14683926138839273,,,
S6j,50p_E1_to_E2,50% epiboly,nap1l1,500.0,,0.00039419362999999996,0.0072652562987059344,True,,26.33910465695635,0.19136034601122695,,,
S6j,50p_E1_to_E2,50% epiboly,nasp,500.0,,0.0040707625,0.013309618318453415,True,,9.291041671755748,0.12366021843191435,,,
S6j,50p_E1_to_E2,50% epiboly,ncapd2,500.0,,0.0011639711,0.00867362720891833,True,,8.03269978090117,0.0696726433806967,,,
S6j,50p_E1_to_E2,50% epiboly,nckap5l,500.0,,0.0007887578,0.006748448079451918,True,,33.02221348170172,0.2228486931498412,,,
S6j,50p_E1_to_E2,50% epiboly,ndr1,500.0,,0.0055832453,0.012226704042404888,True,,29.888485689298474,0.3654376687987063,,,
S6j,50p_E1_to_E2,50% epiboly,ndr2,500.0,,0.0024940229999999997,0.008707653917372219,True,,24.877176611769915,0.21662184437663884,,,
S6j,50p_E1_to_E2,50% epiboly,ndufv3,500.0,,0.002591059,0.00932846330106258,True,,10.813275346968993,0.10087124223848498,,,
S6j,50p_E1_to_E2,50% epiboly,nid2a,500.0,,0.0026126471,0.009111233334988356,True,,11.899182714213289,0.10841623020485736,,,
S6j,50p_E1_to_E2,50% epiboly,nip7,500.0,,0.0038689487,0.009973691310733557,True,,10.576733199013486,0.10548907200294794,,,
S6j,50p_E1_to_E2,50% epiboly,nkx1.2la,500.0,,0.0033783293,0.009470619913190604,True,,11.889013823551782,0.11259633106552787,,,
S6j,50p_E1_to_E2,50% epiboly,nkx2.2a,500.0,,0.006347777299999999,0.013954667141661036,True,,8.76402837466946,0.12229909878858487,,,
S6j,50p_E1_to_E2,50% epiboly,nkx2.5,500.0,,0.0025773249,0.00927013619802892,True,,23.623026565779647,0.2189886736744327,,,
S6j,50p_E1_to_E2,50% epiboly,nog1,500.0,,0.002187971,0.008795105665922164,True,,20.632225750407617,0.1814626055979952,,,
S6j,50p_E1_to_E2,50% epiboly,nop58,500.0,,4.8540445e-05,0.006599280750378958,True,,35.01095798373766,0.23104714107440644,,,
S6j,50p_E1_to_E2,50% epiboly,notch1a,500.0,,0.0006684017,0.007391917076893147,True,,11.899973980854101,0.08796362088365955,,,
S6j,50p_E1_to_E2,50% epiboly,noto,500.0,,0.0032411946000000004,0.010177387669682502,True,,42.86622050220724,0.4362661439850552,,,
S6j,50p_E1_to_E2,50% epiboly,nr2f2,500.0,,0.0031657487,0.009529912425205105,True,,15.079095224343455,0.14370245693932165,,,
S6j,50p_E1_to_E2,50% epiboly,nr6a1a,500.0,,0.002937812,0.010097688389942048,True,,15.019280354478289,0.1516600128607001,,,
S6j,50p_E1_to_E2,50% epiboly,nrarpa,500.0,,0.0009994319,0.007396549708209931,True,,13.079756439312549,0.0967450686746542,,,
S6j,50p_E1_to_E2,50% epiboly,nsd2,500.0,,0.0031156933,0.01086012441664934,True,,7.000995605361115,0.07603168331463697,,,
S6j,50p_E1_to_E2,50% epiboly,ntd5,500.0,,0.0051327925,0.01231486033648252,True,,15.812800568506088,0.19473243052980385,,,
S6j,50p_E1_to_E2,50% epiboly,oclna,500.0,,0.0009372812,0.0073376803891733264,True,,38.11357013711078,0.2796651961564599,,,
S6j,50p_E1_to_E2,50% epiboly,olig4,500.0,,0.0047013164,0.011337473522871726,True,,13.265407301599248,0.15039620405199075,,,
S6j,50p_E1_to_E2,50% epiboly,osr1,500.0,,0.002080401,0.009339839965105054,True,,20.85366504518389,0.1947698942079228,,,
S6j,50p_E1_to_E2,50% epiboly,otx1,500.0,,0.0028523852000000003,0.008807297423481941,True,,13.095852888958582,0.11533907140722345,,,
S6j,50p_E1_to_E2,50% epiboly,otx2a,500.0,,0.0029795503,0.010449144523590805,True,,25.104255787296992,0.26231799687865714,,,
S6j,50p_E1_to_E2,50% epiboly,otx2b,500.0,,0.003439433,0.00944640059024095,True,,14.26135945905722,0.13471851441167648,,,
S6j,50p_E1_to_E2,50% epiboly,pax2a,500.0,,0.004964398,0.011736581800505515,True,,10.917828383445759,0.12813798590619205,,,
S6j,50p_E1_to_E2,50% epiboly,pax3a,500.0,,0.0028514359999999997,0.009424511063843944,True,,13.894808254102573,0.13095177412077985,,,
S6j,50p_E1_to_E2,50% epiboly,pax6a,500.0,,0.0028285984999999996,0.008690521307289594,True,,22.649217707793348,0.1968335090830189,,,
S6j,50p_E1_to_E2,50% epiboly,pax6b,500.0,,0.0032678628,0.009767275676131242,True,,10.83164222449478,0.10579563563186396,,,
S6j,50p_E1_to_E2,50% epiboly,pbx1b,500.0,,0.0041821003,0.011670577526092523,True,,15.054141247359597,0.17569052251605738,,,
S6j,50p_E1_to_E2,50% epiboly,pbx4,500.0,,1.9171486e-05,0.006672649201937011,True,,23.74221665760976,0.15842348303261536,,,
S6j,50p_E1_to_E2,50% epiboly,pcdh10b,500.0,,0.008485251,0.016050055809319015,True,,8.757403576885,0.14055681615373422,,,
S6j,50p_E1_to_E2,50% epiboly,pcdh7b,500.0,,0.007619574699999999,0.015469959937036037,True,,11.842054189340429,0.1831961038813062,,,
S6j,50p_E1_to_E2,50% epiboly,PCDH8,500.0,,0.012745582,0.02173002082854509,True,,5.350974420671963,0.11627678561421376,,,
S6j,50p_E1_to_E2,50% epiboly,pcdh8,500.0,,0.002531308,0.009163736179471015,True,,15.548551250132325,0.14248282162919687,,,
S6j,50p_E1_to_E2,50% epiboly,pdap1a,500.0,,0.0034997812,0.009986753296107051,True,,16.76422777364514,0.16742020697513998,,,
S6j,50p_E1_to_E2,50% epiboly,pfn2,500.0,,0.000566394,0.006695009814575311,True,,40.47889664596188,0.2710066103278944,,,
S6j,50p_E1_to_E2,50% epiboly,pitx2,500.0,,0.002346985,0.009256618283689013,True,,17.876832769522128,0.16547901706880944,,,
S6j,50p_E1_to_E2,50% epiboly,pknox1.1,500.0,,0.0029272814,0.0092620313167572,True,,22.157906021531446,0.2052272194851872,,,
S6j,50p_E1_to_E2,50% epiboly,plagl2,500.0,,0.0030732914000000003,0.009392541786655774,True,,10.489808117454277,0.09852596107719024,,,
S6j,50p_E1_to_E2,50% epiboly,plekhg5b,500.0,,0.0026034554,0.009434253210201854,True,,13.495724556734334,0.1273220827233709,,,
S6j,50p_E1_to_E2,50% epiboly,pmp22b,500.0,,0.004096194,0.01156085873953998,True,,13.24818907477915,0.15316044244823862,,,
S6j,50p_E1_to_E2,50% epiboly,pold3,500.0,,0.0022713472,0.009216466732323162,True,,16.90095845127373,0.15576712131054032,,,
S6j,50p_E1_to_E2,50% epiboly,ppan,500.0,,0.0030292796000000004,0.00971942977048456,True,,12.009320027338891,0.11672374259699406,,,
S6j,50p_E1_to_E2,50% epiboly,prdm1a,500.0,,0.0031003132,0.009721553465351456,True,,10.158399230385006,0.09875542124057292,,,
S6j,50p_E1_to_E2,50% epiboly,prickle1b,500.0,,0.0010673262,0.0072357374941930015,True,,15.84670575789785,0.1146626030118656,,,
S6j,50p_E1_to_E2,50% epiboly,prmt1,500.0,,0.00027672556,0.0066581754246726604,True,,38.29856209333967,0.2549985449301741,,,
S6j,50p_E1_to_E2,50% epiboly,prox1a,500.0,,0.0032319778000000003,0.009634859720245005,True,,16.710432241376186,0.16100267051031888,,,
S6j,50p_E1_to_E2,50% epiboly,ptp4a2b,500.0,,8.203515600000001e-05,0.006332942307926711,True,,40.01311084936579,0.2534007225697099,,,
S6j,50p_E1_to_E2,50% epiboly,pttg1,500.0,,0.0020316888,0.008343429677188395,True,,17.781405925507407,0.14835790990101208,,,
S6j,50p_E1_to_E2,50% epiboly,rab11fip4a,500.0,,0.0024913326,0.009005067497491836,True,,14.142012700228102,0.12734977891594085,,,
S6j,50p_E1_to_E2,50% epiboly,rac1a,500.0,,0.00030173286,0.006216687755659222,True,,50.15273155522356,0.3117838721722222,,,
S6j,50p_E1_to_E2,50% epiboly,raraa,500.0,,0.0022957148,0.009446330042555929,True,,12.59168987532989,0.11894525835587605,,,
S6j,50p_E1_to_E2,50% epiboly,rasgef1ba,500.0,,0.0025417663,0.009598021209239959,True,,42.41689148844956,0.4071182241361687,,,
S6j,50p_E1_to_E2,50% epiboly,rasl11b,500.0,,0.0017744366,0.008012160938233136,True,,17.810771117126414,0.14270276462445122,,,
S6j,50p_E1_to_E2,50% epiboly,rbbp4,500.0,,0.0031794034999999997,0.010489903949201105,True,,7.442882383681222,0.07807512131001698,,,
S6j,50p_E1_to_E2,50% epiboly,rbm4.3,500.0,,0.0029080121000000002,0.010327034909278157,True,,64.47216042738206,0.6658062514101563,,,
S6j,50p_E1_to_E2,50% epiboly,rbm7,500.0,,0.0005449127599999999,0.007047134055756031,True,,13.7718896098372,0.09705235228159637,,,
S6j,50p_E1_to_E2,50% epiboly,rbmx,500.0,,0.0008211460700000001,0.00796046224422753,True,,27.014992425992535,0.21505182723520627,,,
S6j,50p_E1_to_E2,50% epiboly,rcc1,500.0,,-0.00025160005,0.006353118759579955,True,,24.04636602023537,0.15276941906288333,,,
S6j,50p_E1_to_E2,50% epiboly,rdh10b,500.0,,0.0028405173,0.00913120494224131,True,,11.479709923263128,0.10482358398679688,,,
S6j,50p_E1_to_E2,50% epiboly,rfx2,500.0,,5.542864e-05,0.006272225291468203,True,,25.677928030992835,0.16105774962849356,,,
S6j,50p_E1_to_E2,50% epiboly,rhov,500.0,,0.0005906298999999999,0.0074913267279043795,True,,20.06627199156504,0.15032299969981022,,,
S6j,50p_E1_to_E2,50% epiboly,ripply1,500.0,,0.0031806529,0.00973026803694665,True,,11.089686259618958,0.1079056197517368,,,
S6j,50p_E1_to_E2,50% epiboly,rnd1b,500.0,,0.0018832302,0.009149412438273429,True,,14.846442743731457,0.13583622790361088,,,
S6j,50p_E1_to_E2,50% epiboly,rpl10,500.0,,0.0009354580999999999,0.007564209634438153,True,,43.2413106687572,0.3270863387663465,,,
S6j,50p_E1_to_E2,50% epiboly,rpl19,500.0,,0.0015069592999999999,0.008184995967894789,True,,16.346406350617002,0.13379527006936995,,,
S6j,50p_E1_to_E2,50% epiboly,rpl31,500.0,,0.0016915492000000002,0.008668734040111299,True,,15.612691601633703,0.13534227114484187,,,
S6j,50p_E1_to_E2,50% epiboly,rpl34,500.0,,0.0030015926,0.009924356453120708,True,,9.40978422785427,0.093386052824179,,,
S6j,50p_E1_to_E2,50% epiboly,rpl38,500.0,,0.0024422463,0.0093173668719828,True,,7.718285862780305,0.0719141010063624,,,
S6j,50p_E1_to_E2,50% epiboly,rpl4,500.0,,0.0025383858,0.008935954421758648,True,,29.677742556721668,0.2651989548275518,,,
S6j,50p_E1_to_E2,50% epiboly,rpl5a,500.0,,0.0018465784,0.008204830484464763,True,,8.267775202087746,0.06783569401679136,,,
S6j,50p_E1_to_E2,50% epiboly,rpl6,500.0,,0.00023406207999999997,0.006542078708298498,True,,18.95601447198504,0.12401173867137152,,,
S6j,50p_E1_to_E2,50% epiboly,rplp0,500.0,,0.00043482764000000003,0.007089775381609794,True,,36.90678328880549,0.2616608035753809,,,
S6j,50p_E1_to_E2,50% epiboly,rplp2l,500.0,,0.0012490917,0.007871817005798216,True,,24.77366283453892,0.19501374039683472,,,
S6j,50p_E1_to_E2,50% epiboly,rps3,500.0,,0.0009571931,0.007251249975524836,True,,17.312304517690293,0.12553584771018025,,,
S6j,50p_E1_to_E2,50% epiboly,rps6,500.0,,0.00026152167,0.006694446015171704,True,,38.61781087608042,0.25852485013403104,,,
S6j,50p_E1_to_E2,50% epiboly,rrbp1b,500.0,,0.000806425,0.007728296308778223,True,,20.125440902466693,0.1555353706390676,,,
S6j,50p_E1_to_E2,50% epiboly,rreb1a,500.0,,0.0018550488,0.008612698502838608,True,,12.39045976962738,0.10671529430735174,,,
S6j,50p_E1_to_E2,50% epiboly,rreb1b,500.0,,0.0028111094,0.009334027254953971,True,,9.963432634788612,0.09299895176601476,,,
S6j,50p_E1_to_E2,50% epiboly,rrm2,500.0,,-0.00033461832000000004,0.006147340056486424,True,,61.059589655975465,0.3753540613248021,,,
S6j,50p_E1_to_E2,50% epiboly,rrp8,500.0,,0.0025211873,0.00869938302785158,True,,19.370065186017627,0.1685076163276205,,,
S6j,50p_E1_to_E2,50% epiboly,rx3,500.0,,0.0033699078000000004,0.010073023661971091,True,,13.171480277265848,0.13267663249608444,,,
S6j,50p_E1_to_E2,50% epiboly,rxraa,500.0,,0.0033564742,0.01061161146499216,True,,7.84721218329063,0.083271566772433,,,
S6j,50p_E1_to_E2,50% epiboly,rxrgb,500.0,,0.0027062213,0.009427802730351676,True,,18.882458556364096,0.1780200943334418,,,
S6j,50p_E1_to_E2,50% epiboly,sall1a,500.0,,0.005574095,0.012670325348153705,True,,7.895347421759415,0.10003662057039832,,,
S6j,50p_E1_to_E2,50% epiboly,sall3a,500.0,,0.0025125188,0.008619853015989064,True,,17.959327341021766,0.15480676194564133,,,
S6j,50p_E1_to_E2,50% epiboly,sall3b,500.0,,0.0068982895,0.013419109489768731,True,,33.35552189763667,0.4476014004327649,,,
S6j,50p_E1_to_E2,50% epiboly,sdc4,500.0,,0.0013797373000000001,0.008012615097686648,True,,22.20435599080116,0.17791495804630236,,,
S6j,50p_E1_to_E2,50% epiboly,sebox,500.0,,0.025724232000000003,0.035664025507867333,True,,5.625980843587303,0.20064512431247056,,,
S6j,50p_E1_to_E2,50% epiboly,sept9a,500.0,,0.0019981165,0.008694537030532955,True,,8.332219437598757,0.07244479044672887,,,
S6j,50p_E1_to_E2,50% epiboly,shha,500.0,,0.0025528064,0.009765131166204808,True,,14.182053031962566,0.13848960806318705,,,
S6j,50p_E1_to_E2,50% epiboly,si:ch211-106e7.2,500.0,,0.0021925982999999997,0.008461232110857963,True,,15.900634231842583,0.1345389569454738,,,
S6j,50p_E1_to_E2,50% epiboly,si:ch211-113a14.12,500.0,,0.0026519748,0.00950658312067389,True,,32.08194502839442,0.30498967708532204,,,
S6j,50p_E1_to_E2,50% epiboly,si:ch211-113a14.18,500.0,,0.0027066811,0.010370208043605084,True,,9.099173229475177,0.09436031941445952,,,
S6j,50p_E1_to_E2,50% epiboly,si:ch211-114n24.6,500.0,,0.0025891955,0.009288895362988108,True,,13.020245075300473,0.12094369410492732,,,
S6j,50p_E1_to_E2,50% epiboly,si:ch211-155e24.3,500.0,,0.0027521243,0.009579454828053712,True,,10.861833666354219,0.10405044495667327,,,
S6j,50p_E1_to_E2,50% epiboly,si:ch211-161h7.4,500.0,,0.0012362887,0.007800647476688019,True,,6.976123893097909,0.0544182832437572,,,
S6j,50p_E1_to_E2,50% epiboly,si:ch211-163l21.7,500.0,,0.010714961,0.018833964783698316,True,,5.789184939760863,0.10903330528177274,,,
S6j,50p_E1_to_E2,50% epiboly,si:dkey-108k21.14,500.0,,0.0002588824,0.007039733487181364,True,,44.19922067584791,0.3111507338990855,,,
S6j,50p_E1_to_E2,50% epiboly,si:dkey-108k21.21,500.0,,0.0064005787,0.01298238965682685,True,,13.25803652284808,0.17212099622405552,,,
S6j,50p_E1_to_E2,50% epiboly,si:dkey-261h17.1,500.0,,0.0028269936,0.009106379980221384,True,,11.657076539239263,0.1061537684248368,,,
S6j,50p_E1_to_E2,50% epiboly,si:dkey-261m9.12,500.0,,0.00054896914,0.0077864496037363985,True,,37.44328020027521,0.29155021427802386,,,
S6j,50p_E1_to_E2,50% epiboly,si:dkey-66i24.9,500.0,,0.002143109,0.009142507333308451,True,,6.969242911572556,0.06371635442666003,,,
S6j,50p_E1_to_E2,50% epiboly,si:dkey-68o6.5,500.0,,0.0028614267,0.00887392167933285,True,,18.20549052728433,0.16155409707295726,,,
S6j,50p_E1_to_E2,50% epiboly,si:dkey-92i17.2,500.0,,0.0030706893,0.01027589826844632,True,,11.273673900717142,0.11584712611540775,,,
S6j,50p_E1_to_E2,50% epiboly,six3b,500.0,,0.0035640537,0.01090673441067338,True,,11.52777939414632,0.1257304281967872,,,
S6j,50p_E1_to_E2,50% epiboly,six4a,500.0,,0.0032928651,0.010677011590450999,True,,9.612583044286872,0.10263366057802367,,,
S6j,50p_E1_to_E2,50% epiboly,six4b,500.0,,0.007872988000000001,0.015078703965991732,True,,8.77214307539505,0.13227254858120624,,,
S6j,50p_E1_to_E2,50% epiboly,six7,500.0,,0.002604099,0.0092095335945487,True,,18.424523071666826,0.16968126419205326,,,
S6j,50p_E1_to_E2,50% epiboly,skia,500.0,,0.0014100969,0.007776121003553268,True,,11.906467012930856,0.09258612821736577,,,
S6j,50p_E1_to_E2,50% epiboly,skila,500.0,,0.001764423,0.008899450348690137,True,,11.215118381237723,0.09980838918850722,,,
S6j,50p_E1_to_E2,50% epiboly,skilb,500.0,,0.0022875960000000002,0.00892892773263156,True,,12.290687614829341,0.10974266149716094,,,
S6j,50p_E1_to_E2,50% epiboly,smtnl,500.0,,0.01737742,0.026071744505316016,True,,9.196302244070802,0.23976364250107826,,,
S6j,50p_E1_to_E2,50% epiboly,snai1a,500.0,,0.00092566933,0.007036887365393341,True,,24.00253402447142,0.16890312841422672,,,
S6j,50p_E1_to_E2,50% epiboly,snai2,500.0,,0.0026177173,0.009646373428404327,True,,26.08925078631511,0.2516666555520868,,,
S6j,50p_E1_to_E2,50% epiboly,snrpc,500.0,,0.0028335769,0.009168993448838592,True,,14.726235804521378,0.13502475961770882,,,
S6j,50p_E1_to_E2,50% epiboly,snrpd3,500.0,,0.009288588,0.016559608466923236,True,,10.08307174048971,0.16697172016640782,,,
S6j,50p_E1_to_E2,50% epiboly,snrpg,500.0,,0.0030676647999999997,0.009891641745343805,True,,11.2002096035052,0.11078846087063264,,,
S6j,50p_E1_to_E2,50% epiboly,sox11a,500.0,,0.0016305884,0.00815545618534087,True,,12.893432080277135,0.10515182040936856,,,
S6j,50p_E1_to_E2,50% epiboly,sox11b,500.0,,0.00078059227,0.007448622211813919,True,,9.33269511309884,0.06951572011551524,,,
S6j,50p_E1_to_E2,50% epiboly,sox13,500.0,,0.0022810076,0.008991689281538127,True,,16.904938732192072,0.1520039564033102,,,
S6j,50p_E1_to_E2,50% epiboly,sox17,500.0,,0.019964438,0.02943645333871245,True,,8.811351512470447,0.25937493764782965,,,
S6j,50p_E1_to_E2,50% epiboly,sox19a,500.0,,0.0017816045000000002,0.009452637843787666,True,,35.60880417971038,0.3365971299611548,,,
S6j,50p_E1_to_E2,50% epiboly,sox2,500.0,,0.0017097043,0.007983486307784915,True,,34.636766956742676,0.2765221547450921,,,
S6j,50p_E1_to_E2,50% epiboly,sox3,500.0,,0.0037673059999999998,0.011029080441221594,True,,25.057878201337296,0.2763653543688821,,,
S6j,50p_E1_to_E2,50% epiboly,sox32,500.0,,0.005782958,0.013471750402823082,True,,30.651189642728546,0.41292517641643495,,,
S6j,50p_E1_to_E2,50% epiboly,sox5,500.0,,0.004712457299999999,0.012610182072967291,True,,9.320193702860992,0.11752933954840032,,,
S6j,50p_E1_to_E2,50% epiboly,sp5a,500.0,,0.0041119372,0.011256271228194229,True,,12.001277489285824,0.1350896345042231,,,
S6j,50p_E1_to_E2,50% epiboly,sp5l,500.0,,0.0010792257,0.008157855458557605,True,,26.142136827208546,0.21326377361420304,,,
S6j,50p_E1_to_E2,50% epiboly,sp8b,500.0,,0.0024622031,0.009529926162213086,True,,25.203545566208504,0.24018792827194005,,,
S6j,50p_E1_to_E2,50% epiboly,spon1b,500.0,,0.013683431000000001,0.022593915276229386,True,,6.807247270969958,0.15380236810463893,,,
S6j,50p_E1_to_E2,50% epiboly,srp19,500.0,,0.0033104904,0.010658684745430944,True,,14.12411856768998,0.15054452712009514,,,
S6j,50p_E1_to_E2,50% epiboly,srrm4,500.0,,0.0032025128999999997,0.00972969494760036,True,,7.935945710079807,0.07721433087979425,,,
S6j,50p_E1_to_E2,50% epiboly,stmn1a,500.0,,0.0034148768,0.009961495595052838,True,,9.367279977690881,0.09331211823539436,,,
S6j,50p_E1_to_E2,50% epiboly,stox1,500.0,,0.0021566749,0.008599577238783239,True,,8.239351742977385,0.07085494171123732,,,
S6j,50p_E1_to_E2,50% epiboly,supt16h,500.0,,0.0004946971,0.0071639053756371125,True,,32.630048056883915,0.233758576682008,,,
S6j,50p_E1_to_E2,50% epiboly,syne2b,500.0,,0.0035142940000000003,0.010151908826082945,True,,18.275453696292228,0.18553073968005926,,,
S6j,50p_E1_to_E2,50% epiboly,szl,500.0,,0.0053764116,0.0121419807896018,True,,42.43049244560704,0.5151902241679049,,,
S6j,50p_E1_to_E2,50% epiboly,tagln2,500.0,,0.0018424038000000001,0.009009198239073151,True,,27.565329068866127,0.24834151410670066,,,
S6j,50p_E1_to_E2,50% epiboly,tbr1b,500.0,,0.005732879000000001,0.012666972586885093,True,,10.116969891913927,0.12815138028321554,,,
S6j,50p_E1_to_E2,50% epiboly,tbx1,500.0,,0.009787997,0.017477761488407847,True,,9.122651746650256,0.15944353136976042,,,
S6j,50p_E1_to_E2,50% epiboly,tbx16,500.0,,0.00030138184,0.006149456836283204,True,,15.1336720350357,0.09306386295391823,,,
S6j,50p_E1_to_E2,50% epiboly,tbx16l,500.0,,0.0021117753,0.008533464418724171,True,,20.349111938718405,0.17364842268168873,,,
S6j,50p_E1_to_E2,50% epiboly,tbx3b,500.0,,0.0032954446999999996,0.008944611065089701,True,,16.729771943176786,0.1496413032393663,,,
S6j,50p_E1_to_E2,50% epiboly,tbx6,500.0,,0.0026933611,0.009112987900152794,True,,22.724671979278963,0.20708966078211044,,,
S6j,50p_E1_to_E2,50% epiboly,tbxta,500.0,,0.0049716840000000005,0.011856328789144752,True,,25.83965933616715,0.30636349688909154,,,
S6j,50p_E1_to_E2,50% epiboly,tbxtb,500.0,,0.0029334808000000003,0.009712542127817868,True,,11.447370236489204,0.1111830656746298,,,
S6j,50p_E1_to_E2,50% epiboly,tcf3b,500.0,,0.0015377874,0.008295917930081486,True,,16.757073535647432,0.1390153068000715,,,
S6j,50p_E1_to_E2,50% epiboly,tcf7,500.0,,0.0036523277,0.010902560036629438,True,,13.070050109077616,0.14249700599597384,,,
S6j,50p_E1_to_E2,50% epiboly,tcf7l1a,500.0,,0.0033443118,0.01017677788622677,True,,5.737795073459885,0.058392266019287466,,,
S6j,50p_E1_to_E2,50% epiboly,tcf7l1b,500.0,,0.0026045798,0.00932145789265632,True,,5.667478724201813,0.052829164285172765,,,
S6j,50p_E1_to_E2,50% epiboly,tcf7l2,500.0,,0.0031954270000000002,0.010026948060840368,True,,15.519089638892519,0.1556091057607012,,,
S6j,50p_E1_to_E2,50% epiboly,tdgf1,500.0,,0.0001517798,0.006265196157619352,True,,46.91106703312366,0.2939070369257502,,,
S6j,50p_E1_to_E2,50% epiboly,tead1a,500.0,,0.0027475496999999995,0.009631095733493557,True,,15.374504467855537,0.14807332438494109,,,
S6j,50p_E1_to_E2,50% epiboly,tead1b,500.0,,0.0033006575,0.00976332570426166,True,,16.610492120895753,0.16217364468437728,,,
S6j,50p_E1_to_E2,50% epiboly,tfap2a,500.0,,0.0049580773,0.0121488019824028,True,,8.483081860472257,0.1030592817233906,,,
S6j,50p_E1_to_E2,50% epiboly,tgif1,500.0,,0.0017555078,0.009286765428259968,True,,11.56757844744819,0.10742538761444696,,,
S6j,50p_E1_to_E2,50% epiboly,tlcd5a,500.0,,0.0029023911,0.010610078833997236,True,,8.222926411031308,0.08724589746720013,,,
S6j,50p_E1_to_E2,50% epiboly,tmed10,500.0,,0.0035628495,0.009423294803127643,True,,18.333514240785743,0.17276210946826293,,,
S6j,50p_E1_to_E2,50% epiboly,tmed2,500.0,,0.0028451496999999997,0.008899681828916067,True,,25.625095564000823,0.22805519735517585,,,
S6j,50p_E1_to_E2,50% epiboly,tp63,500.0,,0.0021943825,0.009332724008709192,True,,21.214196663111835,0.19798624252330224,,,
S6j,50p_E1_to_E2,50% epiboly,tph1b,500.0,,0.006225900699999999,0.013306283717975013,True,,48.67734735882478,0.6477145945949442,,,
S6j,50p_E1_to_E2,50% epiboly,tpx2,500.0,,0.0037981853999999996,0.010449555050581693,True,,14.241168286093943,0.1488138719901368,,,
S6j,50p_E1_to_E2,50% epiboly,tram1,500.0,,0.0007405275,0.00691319250036031,True,,18.862875763856646,0.13040269126592202,,,
S6j,50p_E1_to_E2,50% epiboly,trps1,500.0,,0.0028846291999999997,0.009159175353124738,True,,15.453289603602999,0.14153938926201934,,,
S6j,50p_E1_to_E2,50% epiboly,tshz3b,500.0,,0.0025147828,0.009425690304487934,True,,14.989500451747366,0.14128638907715266,,,
S6j,50p_E1_to_E2,50% epiboly,tuba1a,500.0,,0.0036382522,0.010322774853557348,True,,10.172043330841651,0.10500371310490793,,,
S6j,50p_E1_to_E2,50% epiboly,tuba8l,500.0,,0.0010292556,0.007853158889338362,True,,12.03268389217267,0.09449457847041433,,,
S6j,50p_E1_to_E2,50% epiboly,tuba8l2,500.0,,0.0025768175,0.009000005060806867,True,,23.54552568010833,0.21190985028033302,,,
S6j,50p_E1_to_E2,50% epiboly,tuba8l4,500.0,,7.951617599999999e-05,0.006741166743449863,True,,11.678305597196488,0.07872540531166536,,,
S6j,50p_E1_to_E2,50% epiboly,tubb2b,500.0,,0.0005739226,0.008261252893134945,True,,23.063786564088616,0.19053577347922396,,,
S6j,50p_E1_to_E2,50% epiboly,twist1a,500.0,,0.008092884,0.015622982196509832,True,,6.016328148016867,0.09399298754482847,,,
S6j,50p_E1_to_E2,50% epiboly,twist2,500.0,,0.0043772105,0.011449486995115877,True,,17.048352291626326,0.1951948878511296,,,
S6j,50p_E1_to_E2,50% epiboly,ube2c,500.0,,0.002997906,0.009761042147874831,True,,6.93170305433976,0.0676606456699631,,,
S6j,50p_E1_to_E2,50% epiboly,uhrf1,500.0,,0.00023664917999999998,0.006756163295358419,True,,24.897479943554345,0.16821144014156428,,,
S6j,50p_E1_to_E2,50% epiboly,unc5b,500.0,,0.003172189,0.01010673493146896,True,,11.284502422222676,0.11404947481492402,,,
S6j,50p_E1_to_E2,50% epiboly,uncx4.1,500.0,,0.022362772000000003,0.03111563613638282,True,,8.937400035816376,0.27809288751975714,,,
S6j,50p_E1_to_E2,50% epiboly,unga,500.0,,0.0024194308,0.009341688407585022,True,,19.039702444545977,0.17786296761008336,,,
S6j,50p_E1_to_E2,50% epiboly,usf1,500.0,,0.0030431463,0.009575687209144227,True,,10.158248193635263,0.09727220729510563,,,
S6j,50p_E1_to_E2,50% epiboly,ved,500.0,,0.00036906339999999996,0.007513721077702929,True,,92.87944109054516,0.6978702142072967,,,
S6j,50p_E1_to_E2,50% epiboly,vent,500.0,,0.0020255977,0.008839510148391124,True,,72.64822229190962,0.6421746982119094,,,
S6j,50p_E1_to_E2,50% epiboly,vgll4l,500.0,,0.0016892741,0.00900601940229535,True,,15.970668076827074,0.1438321465675236,,,
S6j,50p_E1_to_E2,50% epiboly,vox,500.0,,0.0028334549,0.00965567729435861,True,,22.16836377372513,0.21405056674303968,,,
S6j,50p_E1_to_E2,50% epiboly,vrtn,500.0,,7.571560999999999e-05,0.006186976050958033,True,,10.809737357439948,0.06687958614762733,,,
S6j,50p_E1_to_E2,50% epiboly,vsx2,500.0,,0.0063847936999999995,0.013683016737923022,True,,11.248787326423116,0.15391734526878387,,,
S6j,50p_E1_to_E2,50% epiboly,wnt11f2,500.0,,0.0065934863,0.013907714141532768,True,,16.719035800010307,0.23252357062859594,,,
S6j,50p_E1_to_E2,50% epiboly,wnt8a,500.0,,0.002163842,0.008857117313891648,True,,28.403718129292653,0.25157506362185605,,,
S6j,50p_E1_to_E2,50% epiboly,xbp1,500.0,,0.00040484732000000003,0.006599327432923018,True,,69.66822703619624,0.45976344188307894,,,
S6j,50p_E1_to_E2,50% epiboly,ypel3,500.0,,0.0029823193,0.00972316106781363,True,,24.80340279812601,0.2411674804360385,,,
S6j,50p_E1_to_E2,50% epiboly,zbtb18,500.0,,0.0029401258000000003,0.00927412449382245,True,,15.055862882934898,0.13962994673825882,,,
S6j,50p_E1_to_E2,50% epiboly,zc4h2,500.0,,0.0029172290000000003,0.00982521879486739,True,,12.79084945028702,0.12567289442127927,,,
S6j,50p_E1_to_E2,50% epiboly,zeb1a,500.0,,0.0024143066,0.00887795682065188,True,,25.310085460728242,0.22470184584735425,,,
S6j,50p_E1_to_E2,50% epiboly,zeb1b,500.0,,0.00251282,0.009546774160116909,True,,13.921401159291765,0.1329044728601482,,,
S6j,50p_E1_to_E2,50% epiboly,zeb2a,500.0,,0.0029642857,0.010150699457153677,True,,11.606275002686665,0.11781180936934782,,,
S6j,50p_E1_to_E2,50% epiboly,zeb2b,500.0,,0.0037216882,0.010841077798977493,True,,24.558445314007198,0.2662400162710863,,,
S6j,50p_E1_to_E2,50% epiboly,zfand5a,500.0,,0.0011754936,0.008286642981693145,True,,6.298152363810217,0.05219054008320202,,,
S6j,50p_E1_to_E2,50% epiboly,zgc:113372,500.0,,0.004530822,0.011645701900124535,True,,9.763018656613461,0.11369720492027467,,,
S6j,50p_E1_to_E2,50% epiboly,zgc:113424,500.0,,0.0031926758,0.009395009744912385,True,,18.486895047028412,0.17368455912000444,,,
S6j,50p_E1_to_E2,50% epiboly,zgc:174154,500.0,,0.010681685,0.0190171044319868,True,,9.739880074850982,0.18522431653846852,,,
S6j,50p_E1_to_E2,50% epiboly,zgc:175088,500.0,,0.0021921373,0.008901915745809674,True,,13.84344607023729,0.1232331905489124,,,
S6j,50p_E1_to_E2,50% epiboly,zic2a,500.0,,0.0014873364,0.00748856621794402,True,,49.738861937088735,0.3724727612210644,,,
S6j,50p_E1_to_E2,50% epiboly,zic2b,500.0,,0.0035957640000000004,0.010920270672068,True,,7.166654053324458,0.07826180207537634,,,
S6j,50p_E1_to_E2,50% epiboly,zic3,500.0,,0.0016221238000000001,0.007710164459422228,True,,47.88902616204596,0.369232267510948,,,
S6j,50p_E1_to_E2,50% epiboly,zmp:0000000624,500.0,,0.0028396244,0.009724027756601571,True,,4.617422202392578,0.04489994166001378,,,
S6j,50p_E1_to_E2,50% epiboly,znf1004,500.0,,0.014426379,0.02334746355190872,True,,10.12176735726904,0.23631759445473835,,,
S6j,50p_E1_to_E2,50% epiboly,znf185,500.0,,0.009961965500000001,0.017060578428208822,True,,7.426547480505102,0.12670119574197392,,,
S6j,50p_E1_to_E2,50% epiboly,znf576.2,500.0,,0.001403726,0.00799138001166284,True,,22.881861666855652,0.1828576519541444,,,
S6j,50p_E1_to_E2,50% epiboly,znfl2a,500.0,,0.0005179383,0.006841076887212694,True,,23.551480059811304,0.16111748589682573,,,
S6j,50p_E1_to_E2,50% epiboly,zswim5,500.0,,0.0017367499,0.009374078921973695,True,,17.617172509376537,0.16514476548492102,,,
S6j,50p_E2_to_E1,50% epiboly,ackr3b,500.0,,0.01637968,0.024231457896530625,True,,3.4286100577065426,0.08308022025693752,,,
S6j,50p_E2_to_E1,50% epiboly,acvr1ba,500.0,,0.00048315714000000005,0.0076785491080954655,True,,18.94556154744385,0.14547442472249272,,,
S6j,50p_E2_to_E1,50% epiboly,add3b,500.0,,0.0014776611,0.008890456240624185,True,,8.761963099497043,0.07789784951804232,,,
S6j,50p_E2_to_E1,50% epiboly,adka,500.0,,0.00061088894,0.008613300696015347,True,,19.98849143266206,0.17216688716924491,,,
S6j,50p_E2_to_E1,50% epiboly,admp,500.0,,0.0011364061,0.008159375982359048,True,,77.2881108368445,0.6306227552840531,,,
S6j,50p_E2_to_E1,50% epiboly,ahi1,500.0,,0.0010875228,0.008102465514093634,True,,11.121827822315018,0.09011422638399452,,,
S6j,50p_E2_to_E1,50% epiboly,akap12b,500.0,,0.00054897746,0.007331201690249139,True,,29.618599384772118,0.21713992587245345,,,
S6j,50p_E2_to_E1,50% epiboly,alcamb,500.0,,0.0009381257699999999,0.009113311767578123,True,,11.413652635415819,0.10401617487338403,,,
S6j,50p_E2_to_E1,50% epiboly,aldob,500.0,,-0.00014891631,0.008004182949662207,True,,12.354878849908255,0.09889071063557787,,,
S6j,50p_E2_to_E1,50% epiboly,anp32e,500.0,,0.0009199561300000001,0.009762364812195298,True,,31.630616242189223,0.30878961499080115,,,
S6j,50p_E2_to_E1,50% epiboly,apex1,500.0,,0.0008314374,0.007339166151359667,True,,10.216864850054344,0.0749832686805352,,,
S6j,50p_E2_to_E1,50% epiboly,aplnra,500.0,,0.0033152215000000003,0.010465583857148878,True,,15.071249830406204,0.15772942893215694,,,
S6j,50p_E2_to_E1,50% epiboly,aplnrb,500.0,,0.00045862839999999996,0.007717097667045887,True,,10.027986700560778,0.07738695277206477,,,
S6j,50p_E2_to_E1,50% epiboly,apoc1,500.0,,0.013904623999999999,0.02330315820872784,True,,22.809450861942807,0.5315322420900569,,,
S6j,50p_E2_to_E1,50% epiboly,arf5,500.0,,0.00068452733,0.0076064103515818705,True,,23.248844445088093,0.17684025104943474,,,
S6j,50p_E2_to_E1,50% epiboly,arhgap5,500.0,,0.00052320026,0.007558327447623009,True,,10.252576935209776,0.07749233365826264,,,
S6j,50p_E2_to_E1,50% epiboly,arl4aa,500.0,,0.0049995743,0.013211492588743564,True,,4.773211957256515,0.06306125439779661,,,
S6j,50p_E2_to_E1,50% epiboly,arl4ab,500.0,,0.004425928,0.011821227986365555,True,,21.31672497312827,0.25198986583000144,,,
S6j,50p_E2_to_E1,50% epiboly,arl4d,500.0,,0.00020614211,0.007286703353747723,True,,23.025450658945754,0.16777962853809275,,,
S6j,50p_E2_to_E1,50% epiboly,arl6ip5a,500.0,,0.0030942033000000003,0.01131948614493012,True,,12.078138837512405,0.13671832522776406,,,
S6j,50p_E2_to_E1,50% epiboly,aspm,500.0,,0.0006203492,0.008457394642755389,True,,7.712833332922355,0.06523047531032272,,,
S6j,50p_E2_to_E1,50% epiboly,atf6,500.0,,0.00015676607,0.007493606396019455,True,,10.397191776862538,0.077912462799738,,,
S6j,50p_E2_to_E1,50% epiboly,atoh1c,500.0,,0.0055378946,0.013830469269305465,True,,8.635191958432253,0.11942875701565095,,,
S6j,50p_E2_to_E1,50% epiboly,atp2b1a,500.0,,-0.00031278006,0.0068146098172292115,True,,28.965882098931623,0.1973911845160833,,,
S6j,50p_E2_to_E1,50% epiboly,atrxl,500.0,,-3.7859672e-06,0.007807731791399406,True,,30.550836332254118,0.2385327360851805,,,
S6j,50p_E2_to_E1,50% epiboly,aurkb,500.0,,0.0009702411,0.008370646648108958,True,,9.749956156519184,0.08161343782077661,,,
S6j,50p_E2_to_E1,50% epiboly,axin2,500.0,,0.0010389492,0.008357644360512487,True,,20.62751419518799,0.1723974276848042,,,
S6j,50p_E2_to_E1,50% epiboly,bach1b,500.0,,0.00028990858,0.007241329620592279,True,,17.997065075712733,0.13032268041648545,,,
S6j,50p_E2_to_E1,50% epiboly,bambia,500.0,,0.0018042764000000002,0.010393576696515082,True,,78.36377145772327,0.8144798688740263,,,
S6j,50p_E2_to_E1,50% epiboly,baz1b,500.0,,0.0023169727,0.009944152692332855,True,,9.040104653261277,0.0898961810266989,,,
S6j,50p_E2_to_E1,50% epiboly,bcl2l1,500.0,,-0.00010118654,0.007360972464084622,True,,16.08796856932464,0.11842309364185755,,,
S6j,50p_E2_to_E1,50% epiboly,bhlha15,500.0,,0.0013596523000000001,0.008338993880897757,True,,11.55054453095712,0.09631992016468847,,,
S6j,50p_E2_to_E1,50% epiboly,blf,500.0,,0.00030121626000000003,0.007101843575946986,True,,22.432664859422733,0.15931327682326304,,,
S6j,50p_E2_to_E1,50% epiboly,bmp2b,500.0,,0.0021809724,0.008867237484082578,True,,66.09876195540187,0.5861134196623908,,,
S6j,50p_E2_to_E1,50% epiboly,bmp4,500.0,,6.500762499999999e-05,0.0068364730570465325,True,,40.63375327394859,0.2777915594640259,,,
S6j,50p_E2_to_E1,50% epiboly,bmp7a,500.0,,0.0005772209999999999,0.0074622529093176125,True,,44.26002185483645,0.3302794768527144,,,
S6j,50p_E2_to_E1,50% epiboly,brd2a,500.0,,0.00047147498,0.006600752635858953,True,,21.18956208152712,0.13986705776233707,,,
S6j,50p_E2_to_E1,50% epiboly,btg2,500.0,,7.560062e-05,0.0071931095561012575,True,,25.52234637062516,0.1835850335726701,,,
S6j,50p_E2_to_E1,50% epiboly,c1qbp,500.0,,0.00052933174,0.008011177880689498,True,,10.908171707975699,0.0873873039056979,,,
S6j,50p_E2_to_E1,50% epiboly,C7H16orf87,500.0,,0.0002925857,0.006897554383613168,True,,10.86163538868289,0.07491872078841759,,,
S6j,50p_E2_to_E1,50% epiboly,ca9,500.0,,0.0009113506,0.007801568834111091,True,,14.07733788878684,0.10982532054041064,,,
S6j,50p_E2_to_E1,50% epiboly,casz1,500.0,,0.001190708,0.009033268177881823,True,,14.37165461321672,0.1298230102810791,,,
S6j,50p_E2_to_E1,50% epiboly,cbx3a,500.0,,0.0015966392999999998,0.009191135410219431,True,,22.8282288100292,0.20981734216845074,,,
S6j,50p_E2_to_E1,50% epiboly,cbx5,500.0,,0.00032967317,0.007040424458682537,True,,20.07046564580034,0.14130459722984032,,,
S6j,50p_E2_to_E1,50% epiboly,ccne2,500.0,,0.0006865956,0.007976130209863186,True,,8.436039560921593,0.06728694999346768,,,
S6j,50p_E2_to_E1,50% epiboly,ccnf,500.0,,-0.00018080673,0.007708807196468114,True,,26.45722395077679,0.20395363839031666,,,
S6j,50p_E2_to_E1,50% epiboly,ccng1,500.0,,0.00010761943999999999,0.007223489508032797,True,,30.497015322871434,0.22029487021107724,,,
S6j,50p_E2_to_E1,50% epiboly,cd63,500.0,,0.0008693481,0.00806215372867882,True,,6.821482199350497,0.0549958381486098,,,
S6j,50p_E2_to_E1,50% epiboly,cdc14b,500.0,,0.0002481324,0.008033008500933643,True,,6.955407944155104,0.05587285114285935,,,
S6j,50p_E2_to_E1,50% epiboly,cdc42ep4a,500.0,,0.0014591606,0.009300742112100123,True,,13.7017953150907,0.12743686469844026,,,
S6j,50p_E2_to_E1,50% epiboly,cdca8,500.0,,0.0013547982999999998,0.008664427977055307,True,,11.600772063745133,0.10051405402455496,,,
S6j,50p_E2_to_E1,50% epiboly,cdh1,500.0,,-0.0007925711,0.006545526417903594,True,,12.491818865889774,0.08176553039434803,,,
S6j,50p_E2_to_E1,50% epiboly,cdh2,500.0,,0.00023850666,0.00746063909027725,True,,20.379677063613002,0.15204541534801785,,,
S6j,50p_E2_to_E1,50% epiboly,cdh6,500.0,,0.005274767,0.013009576825425029,True,,10.795452274531316,0.14044426573072452,,,
S6j,50p_E2_to_E1,50% epiboly,cdkn1ca,500.0,,-2.159226e-06,0.006956299091689286,True,,30.406637956630274,0.21151766799903216,,,
S6j,50p_E2_to_E1,50% epiboly,cdt1,500.0,,0.000275822,0.007875590818002813,True,,32.84491209336875,0.2586730881006445,,,
S6j,50p_E2_to_E1,50% epiboly,cdx1a,500.0,,0.0036956563,0.01162100015208125,True,,9.690099639442167,0.11260864938363987,,,
S6j,50p_E2_to_E1,50% epiboly,cenpf,500.0,,0.0014265401,0.008556041400879613,True,,4.71734230612714,0.04036177607334472,,,
S6j,50p_E2_to_E1,50% epiboly,cfl1l,500.0,,0.00034634389999999997,0.007711190846748646,True,,10.696197076238635,0.08248041698931098,,,
S6j,50p_E2_to_E1,50% epiboly,chaf1a,500.0,,0.0008810040300000001,0.0085019594989717,True,,23.55444791205883,0.20025896216896272,,,
S6j,50p_E2_to_E1,50% epiboly,chst11,500.0,,0.0008588452000000001,0.0078022384084761075,True,,16.740424559953173,0.1306127834758634,,,
S6j,50p_E2_to_E1,50% epiboly,cldnd,500.0,,0.0008345554,0.008111326117068524,True,,24.006118512546642,0.19472145606026176,,,
S6j,50p_E2_to_E1,50% epiboly,clic4,500.0,,0.00014325333000000002,0.00737398834899067,True,,11.574301743164865,0.08534876620180012,,,
S6j,50p_E2_to_E1,50% epiboly,clocka,500.0,,0.0010597173,0.00772728894371539,True,,18.633841947512078,0.14398908085995013,,,
S6j,50p_E2_to_E1,50% epiboly,cmtm6,500.0,,0.0015373306,0.009221905469894407,True,,18.911778157872913,0.1744026304395178,,,
S6j,50p_E2_to_E1,50% epiboly,cnmd,500.0,,0.0023485166,0.01042758789844811,True,,8.703336125525395,0.09075480245865486,,,
S6j,50p_E2_to_E1,50% epiboly,cnn3a,500.0,,0.00066265697,0.0074639417463913515,True,,9.242303308320674,0.06898401349578558,,,
S6j,50p_E2_to_E1,50% epiboly,coq10b,500.0,,0.00024395272000000002,0.00778217152692377,True,,6.88001336957054,0.053541444149526725,,,
S6j,50p_E2_to_E1,50% epiboly,crabp2b,500.0,,0.00040432758,0.007504829089157282,True,,41.92111906682641,0.3146108338227448,,,
S6j,50p_E2_to_E1,50% epiboly,creb3l1,500.0,,0.0011325227,0.008058504294604061,True,,13.968623510739281,0.11256621255099976,,,
S6j,50p_E2_to_E1,50% epiboly,creb3l2,500.0,,6.981296599999999e-05,0.00768564941827207,True,,10.628976166621875,0.0816905844918251,,,
S6j,50p_E2_to_E1,50% epiboly,csrp1a,500.0,,0.00051140744,0.007781655667349683,True,,6.39908548179883,0.04979547980529494,,,
S6j,50p_E2_to_E1,50% epiboly,cst3,500.0,,-1.9354170000000003e-05,0.007213677605614066,True,,12.250102654139365,0.08836829118263857,,,
S6j,50p_E2_to_E1,50% epiboly,ctcf,500.0,,0.00016067215,0.00726440825965255,True,,23.10900652340998,0.16787325786102414,,,
S6j,50p_E2_to_E1,50% epiboly,cth1,500.0,,-1.7901984e-05,0.006561936880461868,True,,34.41016504271644,0.22579733105658076,,,
S6j,50p_E2_to_E1,50% epiboly,CU570769.1,500.0,,0.001989948,0.008582858368754387,True,,11.590398425110468,0.09947874812015704,,,
S6j,50p_E2_to_E1,50% epiboly,cux1a,500.0,,0.00071389705,0.007264101202599705,True,,12.199391584892114,0.08861761508279951,,,
S6j,50p_E2_to_E1,50% epiboly,cxcl12b,500.0,,0.0021084747,0.010145774018019431,True,,8.540291038523353,0.08664786292497442,,,
S6j,50p_E2_to_E1,50% epiboly,cxcr4a,500.0,,0.002454516,0.009816335933282969,True,,13.147887676215689,0.12906408224280438,,,
S6j,50p_E2_to_E1,50% epiboly,dact2,500.0,,0.0002504791,0.0073063566815108035,True,,79.54218320919642,0.5811635617524687,,,
S6j,50p_E2_to_E1,50% epiboly,dand5,500.0,,0.00032967597,0.007403211528435344,True,,21.363315359527828,0.15815714255525626,,,
S6j,50p_E2_to_E1,50% epiboly,dbx1a,500.0,,0.0074165836,0.0156022070441395,True,,9.69547908090748,0.15127087201244185,,,
S6j,50p_E2_to_E1,50% epiboly,ddx4,500.0,,-6.123523e-05,0.0070035471348091965,True,,32.371845847855106,0.2267177482362306,,,
S6j,50p_E2_to_E1,50% epiboly,dharma,500.0,,0.0014620892,0.009374521765857931,True,,31.341470526918304,0.2938112976285905,,,
S6j,50p_E2_to_E1,50% epiboly,dkc1,500.0,,0.0002819537,0.006676996010355648,True,,31.866582841407656,0.21277304649574666,,,
S6j,50p_E2_to_E1,50% epiboly,dkk1b,500.0,,0.03441142,0.045654636807739735,True,,5.764995658276303,0.26319878297680105,,,
S6j,50p_E2_to_E1,50% epiboly,dld,500.0,,0.0044582402000000005,0.012117794761434195,True,,33.396194379894254,0.4046882293085207,,,
S6j,50p_E2_to_E1,50% epiboly,dlgap5,500.0,,-5.016997e-05,0.006713552284054456,True,,20.66411137113576,0.13872959209364416,,,
S6j,50p_E2_to_E1,50% epiboly,dlx3b,500.0,,0.00035118437000000003,0.0073230237932875655,True,,19.11383419093671,0.1399710625611829,,,
S6j,50p_E2_to_E1,50% epiboly,dmd,500.0,,0.004258522,0.012010752549394965,True,,8.077607291674424,0.09701814237148994,,,
S6j,50p_E2_to_E1,50% epiboly,dnmt3bb.2,500.0,,0.00040202133999999996,0.007848628703504787,True,,10.061784347257623,0.07897120943636136,,,
S6j,50p_E2_to_E1,50% epiboly,drll.2,500.0,,0.00081395166,0.007780918222852049,True,,44.597730038115316,0.34701129035140765,,,
S6j,50p_E2_to_E1,50% epiboly,drll.3,500.0,,0.0006883715,0.008200262207537888,True,,41.53162397855545,0.3405702065290226,,,
S6j,50p_E2_to_E1,50% epiboly,dscc1,500.0,,0.002934527,0.01022565555758774,True,,12.59985657808631,0.12884179344251673,,,
S6j,50p_E2_to_E1,50% epiboly,dync1li1,500.0,,0.0010078319,0.00798697071149945,True,,12.600467215992964,0.10063956260534483,,,
S6j,50p_E2_to_E1,50% epiboly,dynll2b,500.0,,0.0007314776299999999,0.008334167348220935,True,,10.784575077016669,0.08988045347130959,,,
S6j,50p_E2_to_E1,50% epiboly,ednraa,500.0,,0.0050407676,0.012427739007398485,True,,9.600353283501414,0.11931068498617665,,,
S6j,50p_E2_to_E1,50% epiboly,efemp2b,500.0,,0.00044606922999999995,0.008196834148839116,True,,12.351689909267908,0.10124475364415872,,,
S6j,50p_E2_to_E1,50% epiboly,efna1a,500.0,,0.008938038,0.017937160842120634,True,,9.564595395811391,0.17156168600447538,,,
S6j,50p_E2_to_E1,50% epiboly,efnb2a,500.0,,0.005425909499999999,0.013494255952537051,True,,15.426823409308485,0.20817350361979894,,,
S6j,50p_E2_to_E1,50% epiboly,efnb2b,500.0,,0.0058818343,0.014777005650103087,True,,10.197773463701328,0.15069255609158586,,,
S6j,50p_E2_to_E1,50% epiboly,egln1b,500.0,,0.0005716403,0.007667808025144034,True,,10.308726225087558,0.07904533367773914,,,
S6j,50p_E2_to_E1,50% epiboly,eif3ea,500.0,,0.0002683108,0.007071331376209853,True,,17.217738692789858,0.12175233584570735,,,
S6j,50p_E2_to_E1,50% epiboly,elavl3,500.0,,0.0040113153,0.010653598839417095,True,,9.674110270778032,0.10306408995315383,,,
S6j,50p_E2_to_E1,50% epiboly,elf1,500.0,,0.0007297297000000001,0.007784551568329335,True,,14.382308038920542,0.1119598186005745,,,
S6j,50p_E2_to_E1,50% epiboly,elob,500.0,,0.0010501165,0.007875328836962575,True,,12.325236233160455,0.0970652883293845,,,
S6j,50p_E2_to_E1,50% epiboly,emid1,500.0,,0.004215707,0.011733676958829162,True,,7.166546974873309,0.08408994711343777,,,
S6j,50p_E2_to_E1,50% epiboly,emx2,500.0,,0.002594861,0.00987416263669728,True,,8.590565894661143,0.084824644785149,,,
S6j,50p_E2_to_E1,50% epiboly,emx3,500.0,,0.001193249,0.008431623550131915,True,,10.955938394847891,0.09237634818379394,,,
S6j,50p_E2_to_E1,50% epiboly,epcam,500.0,,0.0023907062,0.009705579886212942,True,,17.90134021127536,0.17374288749080907,,,
S6j,50p_E2_to_E1,50% epiboly,epha2a,500.0,,0.0009609260599999999,0.00779569847509265,True,,31.07547074915125,0.24225499993194466,,,
S6j,50p_E2_to_E1,50% epiboly,ephb3a,500.0,,0.0007888937,0.007710406347177915,True,,12.143470595303478,0.09363109275479632,,,
S6j,50p_E2_to_E1,50% epiboly,eppk1,500.0,,0.009884924,0.01804491616785526,True,,7.102327720529657,0.1281609083135922,,,
S6j,50p_E2_to_E1,50% epiboly,erf,500.0,,7.0542774e-05,0.006608714885078371,True,,15.721557833223958,0.10389929326904764,,,
S6j,50p_E2_to_E1,50% epiboly,esrra,500.0,,0.00032953458,0.00772724235430359,True,,6.752466144564973,0.052177942388283535,,,
S6j,50p_E2_to_E1,50% epiboly,ets2,500.0,,0.00027548056,0.006695392332039771,True,,53.153939481471156,0.355886478821948,,,
S6j,50p_E2_to_E1,50% epiboly,etv2,500.0,,0.0034630890000000004,0.011618606885895132,True,,8.61196932834858,0.1000590861394685,,,
S6j,50p_E2_to_E1,50% epiboly,etv4,500.0,,0.0028034195000000003,0.01024305592291057,True,,29.162988455348408,0.2987181216273291,,,
S6j,50p_E2_to_E1,50% epiboly,etv5a,500.0,,0.0002876877,0.008176617976278059,True,,10.963583212449944,0.08964503157933856,,,
S6j,50p_E2_to_E1,50% epiboly,etv5b,500.0,,0.0002149107,0.008262513019144536,True,,34.49275860733383,0.28499686705930555,,,
S6j,50p_E2_to_E1,50% epiboly,eve1,500.0,,0.0007708260000000001,0.007796864979900406,True,,90.26476805885225,0.7037822089968979,,,
S6j,50p_E2_to_E1,50% epiboly,f11r.1,500.0,,-8.9463734e-05,0.00674750078469514,True,,11.410543855241826,0.07699265361704252,,,
S6j,50p_E2_to_E1,50% epiboly,fbln2,500.0,,0.0008346387,0.00755462620873004,True,,12.6265045038806,0.09538852184966427,,,
S6j,50p_E2_to_E1,50% epiboly,fezf2,500.0,,0.007615504,0.015866162441670884,True,,10.177724292028453,0.16148142690386322,,,
S6j,50p_E2_to_E1,50% epiboly,fgf8a,500.0,,0.0008605107000000001,0.0073864268371835315,True,,26.00096208241035,0.1920542041181072,,,
S6j,50p_E2_to_E1,50% epiboly,flrt3,500.0,,0.001093537,0.008236039290204639,True,,22.238996291765286,0.18316124723369415,,,
S6j,50p_E2_to_E1,50% epiboly,fn1a,500.0,,0.000402397,0.007567110960371791,True,,6.18698661819681,0.046817614250230684,,,
S6j,50p_E2_to_E1,50% epiboly,fn1b,500.0,,0.00065069704,0.007497063209302716,True,,14.593916978610407,0.10941151805995833,,,
S6j,50p_E2_to_E1,50% epiboly,fnbp1l,500.0,,0.0003625032,0.007593874144367873,True,,20.651835957130185,0.15682744310857766,,,
S6j,50p_E2_to_E1,50% epiboly,fosab,500.0,,0.011992768999999999,0.0217128268443048,True,,9.123890715074099,0.19810545924276424,,,
S6j,50p_E2_to_E1,50% epiboly,foxa,500.0,,0.0027024406,0.010925850505009294,True,,38.860087998804744,0.4245795120864464,,,
S6j,50p_E2_to_E1,50% epiboly,foxa2,500.0,,0.0016862452,0.009120335103943944,True,,18.812156946433277,0.17157317537945832,,,
S6j,50p_E2_to_E1,50% epiboly,foxa3,500.0,,0.0014413821,0.008098027948290102,True,,68.37265807519532,0.5536836959918146,,,
S6j,50p_E2_to_E1,50% epiboly,foxb1a,500.0,,0.00064585847,0.007747673592530191,True,,55.79232704772401,0.4322607389334592,,,
S6j,50p_E2_to_E1,50% epiboly,foxb1b,500.0,,0.011698968999999998,0.02051761969923973,True,,8.636507544642036,0.17720057733057998,,,
S6j,50p_E2_to_E1,50% epiboly,foxc1a,500.0,,0.001386584,0.008314408175647258,True,,22.70968605571033,0.18881759940798049,,,
S6j,50p_E2_to_E1,50% epiboly,foxc1b,500.0,,0.0008257267999999999,0.008046841202303765,True,,11.579759534314269,0.0931804861334899,,,
S6j,50p_E2_to_E1,50% epiboly,foxd3,500.0,,0.0015046298999999998,0.00818240256048738,True,,76.76146079783086,0.6280931733789229,,,
S6j,50p_E2_to_E1,50% epiboly,foxd5,500.0,,0.0038172877,0.012138976436108343,True,,21.280059448084124,0.2583181401992779,,,
S6j,50p_E2_to_E1,50% epiboly,foxg1a,500.0,,0.0014348717000000001,0.0092912052758038,True,,22.6811721335243,0.2107354261884151,,,
S6j,50p_E2_to_E1,50% epiboly,foxh1,500.0,,0.0049214857,0.015859329141676416,True,,14.028749084481262,0.22248654917678,,,
S6j,50p_E2_to_E1,50% epiboly,foxi1,500.0,,0.008881463000000001,0.016726028826087713,True,,9.792520959673121,0.16378998785156074,,,
S6j,50p_E2_to_E1,50% epiboly,foxn2b,500.0,,0.00012633736999999998,0.007194478367455303,True,,8.421085259750127,0.06058531573176901,,,
S6j,50p_E2_to_E1,50% epiboly,foxo1a,500.0,,0.0072820443,0.015677365940064185,True,,8.748345103693111,0.13715100756056567,,,
S6j,50p_E2_to_E1,50% epiboly,foxp1b,500.0,,0.00027333580000000004,0.007572253723628816,True,,20.507991226309553,0.1552917129275696,,,
S6j,50p_E2_to_E1,50% epiboly,foxp2,500.0,,0.00015395398,0.00765207684598863,True,,20.986831717450627,0.16059284905576374,,,
S6j,50p_E2_to_E1,50% epiboly,fscn1a,500.0,,-0.00017966243000000002,0.0068868906935676925,True,,85.5630116321682,0.5892631085232034,,,
S6j,50p_E2_to_E1,50% epiboly,fzd7a,500.0,,-3.7902188e-05,0.0072742954129353145,True,,25.72396428322991,0.1871237153880112,,,
S6j,50p_E2_to_E1,50% epiboly,fzd7b,500.0,,0.0015453456,0.008801802853122353,True,,11.203296499301608,0.09860920709192857,,,
S6j,50p_E2_to_E1,50% epiboly,fzd8a,500.0,,0.0005044654,0.007590157375670966,True,,78.57145502319736,0.596369708861521,,,
S6j,50p_E2_to_E1,50% epiboly,gadd45gip1,500.0,,0.001254082,0.007880142610520122,True,,6.66884932243994,0.05255148370889722,,,
S6j,50p_E2_to_E1,50% epiboly,gapdh,500.0,,0.00018958127,0.007346665486693381,True,,31.548014711688428,0.2317727108560564,,,
S6j,50p_E2_to_E1,50% epiboly,gata3,500.0,,0.008165245,0.01582199307158589,True,,3.7651954286308214,0.059572895984963715,,,
S6j,50p_E2_to_E1,50% epiboly,gata6,500.0,,0.030107815,0.04212008919566866,True,,5.843906010672199,0.2461458424206172,,,
S6j,50p_E2_to_E1,50% epiboly,gbx1,500.0,,0.0012633975999999999,0.008529547229409217,True,,24.310172962794546,0.20735476844126308,,,
S6j,50p_E2_to_E1,50% epiboly,gcm2,500.0,,0.00607108,0.012964345421642064,True,,11.44080781834615,0.14832258445966262,,,
S6j,50p_E2_to_E1,50% epiboly,gfi1aa,500.0,,0.0022690943,0.009491494018584474,True,,12.208218711398889,0.1158742348768136,,,
S6j,50p_E2_to_E1,50% epiboly,gli1,500.0,,0.00089941337,0.007696180208586147,True,,15.143008961355369,0.11654332586682585,,,
S6j,50p_E2_to_E1,50% epiboly,gli2a,500.0,,0.00023800632000000002,0.008108530985191464,True,,7.270233751708114,0.05895091564531003,,,
S6j,50p_E2_to_E1,50% epiboly,gmnn,500.0,,0.00048502441,0.008104507438838482,True,,22.909995849609686,0.18567423178692044,,,
S6j,50p_E2_to_E1,50% epiboly,gpr137bb,500.0,,0.0020476417,0.009790063276886935,True,,14.746455415607816,0.14436873162859254,,,
S6j,50p_E2_to_E1,50% epiboly,grhl1,500.0,,0.009003477,0.017273674346506594,True,,4.6538534897843125,0.08038914963888746,,,
S6j,50p_E2_to_E1,50% epiboly,grhl2b,500.0,,0.0045664953,0.012571752164512872,True,,9.436626952984904,0.11863493532188847,,,
S6j,50p_E2_to_E1,50% epiboly,gsc,500.0,,0.0006892896499999999,0.008471397729590529,True,,35.295537412551845,0.2990025355013693,,,
S6j,50p_E2_to_E1,50% epiboly,h1-0,500.0,,0.0005194298,0.007615650352090597,True,,18.51549433196378,0.14100753092835142,,,
S6j,50p_E2_to_E1,50% epiboly,hdlbpa,500.0,,-7.39838e-05,0.007157251588068898,True,,14.949431197409243,0.10699684017838404,,,
S6j,50p_E2_to_E1,50% epiboly,helb,500.0,,0.0012147828999999998,0.00848289816640317,True,,9.223846008817533,0.07824494639538344,,,
S6j,50p_E2_to_E1,50% epiboly,hells,500.0,,0.00014724658,0.007298288797028363,True,,11.152411719028953,0.08139352150883683,,,
S6j,50p_E2_to_E1,50% epiboly,her1,500.0,,0.013190882,0.022070949245244262,True,,23.423430670902167,0.5169773494869795,,,
S6j,50p_E2_to_E1,50% epiboly,her11,500.0,,0.000557296,0.007810110715217886,True,,13.52949758419214,0.10566687405381353,,,
S6j,50p_E2_to_E1,50% epiboly,her12,500.0,,0.00066485576,0.00914407465606927,True,,8.910956523522414,0.08148245170807644,,,
S6j,50p_E2_to_E1,50% epiboly,her2,500.0,,0.00047264414,0.007935439096763726,True,,16.893513994351938,0.13405745143250553,,,
S6j,50p_E2_to_E1,50% epiboly,her3,500.0,,0.006048232299999999,0.014974578889086841,True,,8.692189171021464,0.13016187246032726,,,
S6j,50p_E2_to_E1,50% epiboly,her5,500.0,,0.00044795515999999995,0.0072362816194072345,True,,10.497231385979427,0.07596092253302766,,,
S6j,50p_E2_to_E1,50% epiboly,her6,500.0,,0.02009428,0.029380241129547357,True,,2.6352290458759082,0.0774236647994212,,,
S6j,50p_E2_to_E1,50% epiboly,her7,500.0,,0.0020941705,0.009093100158497687,True,,39.86114540920711,0.36246138763836055,,,
S6j,50p_E2_to_E1,50% epiboly,her8a,500.0,,0.00096511946,0.007714156364090737,True,,14.729947960025353,0.11362912179855494,,,
S6j,50p_E2_to_E1,50% epiboly,her9,500.0,,0.0010484145,0.00814329590648412,True,,16.756568199972882,0.13645369322956116,,,
S6j,50p_E2_to_E1,50% epiboly,hes6,500.0,,0.0004223842,0.007481435453519224,True,,12.913412126397215,0.0966108593083332,,,
S6j,50p_E2_to_E1,50% epiboly,hesx1,500.0,,0.00052379526,0.006704363576136524,True,,15.947924790932872,0.10692068608329504,,,
S6j,50p_E2_to_E1,50% epiboly,hic1l,500.0,,0.0007591047299999999,0.007551880506798617,True,,9.555694990430087,0.07216346672714218,,,
S6j,50p_E2_to_E1,50% epiboly,higd1a,500.0,,0.0027048379999999998,0.010761622386053205,True,,9.425807500282044,0.10143698100166344,,,
S6j,50p_E2_to_E1,50% epiboly,hivep2a,500.0,,0.0006243351,0.008358339825645083,True,,21.036910410087366,0.17583364608916086,,,
S6j,50p_E2_to_E1,50% epiboly,hoxb1b,500.0,,0.006003923,0.015195697173476212,True,,9.14071231891347,0.1388994963480726,,,
S6j,50p_E2_to_E1,50% epiboly,hoxb7a,500.0,,0.0013547747,0.008610040647909045,True,,14.288386199168263,0.12302358596786138,,,
S6j,50p_E2_to_E1,50% epiboly,hoxb8a,500.0,,0.004852675999999999,0.012460164120420813,True,,6.441281637603528,0.0802594263503929,,,
S6j,50p_E2_to_E1,50% epiboly,hoxb9a,500.0,,0.0009601417699999999,0.009092436265200376,True,,9.939369643085566,0.09037308499602292,,,
S6j,50p_E2_to_E1,50% epiboly,hoxc3a,500.0,,0.00043467699999999996,0.008494554692879316,True,,16.269971878697,0.1382061659752001,,,
S6j,50p_E2_to_E1,50% epiboly,hoxc6a,500.0,,0.0004895368,0.008381187496706842,True,,12.785488695700993,0.10715757799569584,,,
S6j,50p_E2_to_E1,50% epiboly,hoxc8a,500.0,,0.0062303757,0.014293846487998953,True,,11.954699598534091,0.17087864087158902,,,
S6j,50p_E2_to_E1,50% epiboly,hsp90aa1.2,500.0,,0.00040625106,0.008371223369613287,True,,8.872701007208084,0.07427536202313166,,,
S6j,50p_E2_to_E1,50% epiboly,id3,500.0,,0.0050845379999999996,0.013712942088022827,True,,24.66669818437412,0.3382530037050601,,,
S6j,50p_E2_to_E1,50% epiboly,igf2bp1,500.0,,0.0012901836,0.009409775584936136,True,,12.00486072960245,0.11296304539397176,,,
S6j,50p_E2_to_E1,50% epiboly,igfbp1a,500.0,,0.0009276903999999999,0.008412417815998195,True,,14.590795910389534,0.12274387146615452,,,
S6j,50p_E2_to_E1,50% epiboly,irf2a,500.0,,0.0007559196000000001,0.007657930697314439,True,,23.83988353030719,0.18256417590714036,,,
S6j,50p_E2_to_E1,50% epiboly,irx1b,500.0,,0.0016672645,0.009147317195311186,True,,12.360506593823215,0.1130654745084364,,,
S6j,50p_E2_to_E1,50% epiboly,irx3a,500.0,,0.0014234004000000001,0.008836726937443012,True,,13.132551495277207,0.1160487715556736,,,
S6j,50p_E2_to_E1,50% epiboly,irx5a,500.0,,0.0004102918,0.00856513129547238,True,,18.930812838374287,0.16214489749068992,,,
S6j,50p_E2_to_E1,50% epiboly,irx7,500.0,,0.00017765825,0.007525787944905458,True,,24.144776353191055,0.1817084668112836,,,
S6j,50p_E2_to_E1,50% epiboly,ism1,500.0,,0.0007119348,0.0080102261621505,True,,24.906500125815192,0.19950669891540956,,,
S6j,50p_E2_to_E1,50% epiboly,itga6a,500.0,,0.0005764666000000001,0.007766358391381799,True,,11.133263420977185,0.0864649137929702,,,
S6j,50p_E2_to_E1,50% epiboly,itgb5,500.0,,0.0008577868600000001,0.008504698798060416,True,,10.662819861223708,0.090684071257684,,,
S6j,50p_E2_to_E1,50% epiboly,itm2cb,500.0,,0.0009106464999999999,0.008282058779150244,True,,8.137529538123172,0.06739549795180745,,,
S6j,50p_E2_to_E1,50% epiboly,jcada,500.0,,0.0012568241,0.008407676499336953,True,,11.604348185648254,0.09756560553059823,,,
S6j,50p_E2_to_E1,50% epiboly,kank1a,500.0,,0.0008508972,0.008244753489270803,True,,12.155281476318846,0.10021729936494857,,,
S6j,50p_E2_to_E1,50% epiboly,kazald2,500.0,,0.000661719,0.007290735794231271,True,,30.278012012926464,0.2207489859608074,,,
S6j,50p_E2_to_E1,50% epiboly,kdrl,500.0,,0.002561775,0.009640522021800277,True,,13.37701049001059,0.12896136421480042,,,
S6j,50p_E2_to_E1,50% epiboly,kif15,500.0,,0.0009238218,0.008219578815624113,True,,10.988538326218944,0.09032115684086288,,,
S6j,50p_E2_to_E1,50% epiboly,kirrel3l,500.0,,0.03166259,0.042134914547204964,True,,10.069634615347415,0.4242831940392405,,,
S6j,50p_E2_to_E1,50% epiboly,klf17,500.0,,0.0012916825,0.008156863134354353,True,,24.217317470806012,0.19753734409057316,,,
S6j,50p_E2_to_E1,50% epiboly,klf2a,500.0,,0.025301288999999998,0.03276883475482463,True,,3.813126613570784,0.12495171589932505,,,
S6j,50p_E2_to_E1,50% epiboly,klf2b,500.0,,0.004686663,0.012810924230143423,True,,22.99594300755114,0.2945992834704341,,,
S6j,50p_E2_to_E1,50% epiboly,klf3,500.0,,0.003411726,0.01071221213787794,True,,12.050524222974765,0.1290877718491424,,,
S6j,50p_E2_to_E1,50% epiboly,klf7a,500.0,,0.0032980471999999998,0.010666620405390856,True,,7.288268777398577,0.07774119646097273,,,
S6j,50p_E2_to_E1,50% epiboly,klf8,500.0,,0.00067294296,0.008207860402762888,True,,13.375535621969428,0.10978452919730734,,,
S6j,50p_E2_to_E1,50% epiboly,kmt2bb,500.0,,0.0007076517,0.008010463695973148,True,,7.013620405375732,0.05618235163459877,,,
S6j,50p_E2_to_E1,50% epiboly,kmt5aa,500.0,,0.00025540078,0.008077540667727581,True,,18.305468924872496,0.14786316968248106,,,
S6j,50p_E2_to_E1,50% epiboly,krt18a.1,500.0,,0.008269947,0.016037146560847756,True,,8.982732853556698,0.14405740328943095,,,
S6j,50p_E2_to_E1,50% epiboly,krt99,500.0,,0.028563172,0.04000361356884241,True,,5.849617088490345,0.2340058215336648,,,
S6j,50p_E2_to_E1,50% epiboly,lamb1a,500.0,,-5.4781947e-05,0.006543910573236634,True,,17.207517213796095,0.11260445383451165,,,
S6j,50p_E2_to_E1,50% epiboly,lamc1,500.0,,-1.3083533e-05,0.0070311835967004285,True,,21.02006299580041,0.1477959221376815,,,
S6j,50p_E2_to_E1,50% epiboly,lamp2,500.0,,0.00020987217,0.007893100008368483,True,,29.409016393570997,0.2321283075422041,,,
S6j,50p_E2_to_E1,50% epiboly,lbx2,500.0,,0.002480201,0.009961029421538106,True,,8.86765053055572,0.08833092783478352,,,
S6j,50p_E2_to_E1,50% epiboly,lef1,500.0,,0.0009949105,0.008308691345155234,True,,14.028250126278573,0.1165564004118836,,,
S6j,50p_E2_to_E1,50% epiboly,lft1,500.0,,0.002546194,0.009534047031775114,True,,16.56276712447574,0.15791020074109038,,,
S6j,50p_E2_to_E1,50% epiboly,lft2,500.0,,0.030754369,0.04323615767061709,True,,6.326854834807086,0.2735488931968252,,,
S6j,50p_E2_to_E1,50% epiboly,lgals3b,500.0,,0.00041206364,0.008264031447470184,True,,13.07766174788646,0.1080742079439116,,,
S6j,50p_E2_to_E1,50% epiboly,lhfpl6,500.0,,0.0026140737,0.009505880624055859,True,,9.739446188475284,0.0925820128120619,,,
S6j,50p_E2_to_E1,50% epiboly,lhx1a,500.0,,0.0034310096000000003,0.011202069278806449,True,,31.274351371229052,0.3503374507102433,,,
S6j,50p_E2_to_E1,50% epiboly,lhx5,500.0,,0.009056946,0.01680683502927421,True,,7.708786364847804,0.12956030070991548,,,
S6j,50p_E2_to_E1,50% epiboly,lima1a,500.0,,0.0006454119999999999,0.008648816635832187,True,,14.277763052486637,0.12348575461081658,,,
S6j,50p_E2_to_E1,50% epiboly,lmnb1,500.0,,2.6461927000000002e-05,0.0072394944494590125,True,,19.309234310868764,0.13978909461683794,,,
S6j,50p_E2_to_E1,50% epiboly,lmo2,500.0,,0.0014042507000000001,0.008542958414182065,True,,11.93198729279302,0.1019344712408796,,,
S6j,50p_E2_to_E1,50% epiboly,lmo4a,500.0,,0.00012638318,0.007415196183137595,True,,16.888133723752834,0.12522882472868932,,,
S6j,50p_E2_to_E1,50% epiboly,lratb.1,500.0,,0.0004892663,0.0073582396842539295,True,,10.519902304195211,0.07740796260920356,,,
S6j,50p_E2_to_E1,50% epiboly,lratd1,500.0,,0.0010690885000000001,0.008416686579585074,True,,11.82889141347735,0.09956007161118394,,,
S6j,50p_E2_to_E1,50% epiboly,mab21l2,500.0,,0.003205785,0.010216866433620443,True,,9.794425282566806,0.10006833490606022,,,
S6j,50p_E2_to_E1,50% epiboly,mad1l1,500.0,,0.00027545343999999997,0.007964499434456223,True,,10.81733906999298,0.0861546909052803,,,
S6j,50p_E2_to_E1,50% epiboly,map1lc3b,500.0,,0.0007411446000000001,0.00743367567192763,True,,17.32859547503653,0.12881515861145426,,,
S6j,50p_E2_to_E1,50% epiboly,map2k6,500.0,,0.0011803402,0.0083468462806195,True,,9.448930286787029,0.07886876862010125,,,
S6j,50p_E2_to_E1,50% epiboly,mcama,500.0,,0.0008740088699999999,0.007913327310234308,True,,7.1991860519464295,0.056969515596325584,,,
S6j,50p_E2_to_E1,50% epiboly,mcm2,500.0,,0.00045802572,0.007898279465734953,True,,17.454302534650672,0.13785895929815695,,,
S6j,50p_E2_to_E1,50% epiboly,mcm3,500.0,,0.0011614012,0.008987273834645747,True,,28.994448479030957,0.2605810481655791,,,
S6j,50p_E2_to_E1,50% epiboly,mcm4,500.0,,-0.00010142565599999999,0.007095819036476312,True,,24.79367511133347,0.17593143183920898,,,
S6j,50p_E2_to_E1,50% epiboly,mcm5,500.0,,0.0012783555,0.008458318933844565,True,,10.22305928338525,0.08646989589847291,,,
S6j,50p_E2_to_E1,50% epiboly,mcm7,500.0,,-0.00011318611999999999,0.007094917749054724,True,,12.591387122924601,0.08933485598365684,,,
S6j,50p_E2_to_E1,50% epiboly,mef2d,500.0,,0.00076118496,0.008632517885416746,True,,13.00022058025426,0.11222463667340776,,,
S6j,50p_E2_to_E1,50% epiboly,meis1b,500.0,,0.0021225337,0.010469080880284308,True,,9.405850591723613,0.09847061059262452,,,
S6j,50p_E2_to_E1,50% epiboly,meis2a,500.0,,0.0028565497999999997,0.010947084845975041,True,,10.07136416957905,0.11025207807909483,,,
S6j,50p_E2_to_E1,50% epiboly,meis3,500.0,,0.003503902,0.010823250049725171,True,,11.227823814257793,0.12152154465597112,,,
S6j,50p_E2_to_E1,50% epiboly,meox1,500.0,,0.0013664106,0.009195558074861764,True,,12.610635507838618,0.11596183117324388,,,
S6j,50p_E2_to_E1,50% epiboly,mespaa,500.0,,0.0006340582599999999,0.007068168022669848,True,,13.959720894591896,0.09866965283255057,,,
S6j,50p_E2_to_E1,50% epiboly,mespab,500.0,,0.0016626581,0.009041070612147444,True,,12.404396539937776,0.11214902501865487,,,
S6j,50p_E2_to_E1,50% epiboly,mgst3b,500.0,,0.0011782817999999998,0.008333954773843277,True,,15.516996465830298,0.12931794677211567,,,
S6j,50p_E2_to_E1,50% epiboly,mibp2,500.0,,0.00051908323,0.008560088789090512,True,,10.725004813809297,0.09180699346963074,,,
S6j,50p_E2_to_E1,50% epiboly,mixl1,500.0,,0.0021137367,0.00962947425432503,True,,22.1829281034545,0.2136099350577583,,,
S6j,50p_E2_to_E1,50% epiboly,mki67,500.0,,-3.7056103e-05,0.007471438450738788,True,,23.03861172926623,0.17213156952568134,,,
S6j,50p_E2_to_E1,50% epiboly,mns1,500.0,,0.00029443647,0.006868037348613137,True,,10.43982253906096,0.0717010911111639,,,
S6j,50p_E2_to_E1,50% epiboly,msgn1,500.0,,0.007836038,0.015411678981035943,True,,15.215563592117517,0.2344973815972533,,,
S6j,50p_E2_to_E1,50% epiboly,msx1b,500.0,,0.0044823796,0.011700080800801512,True,,17.576506565474165,0.205646547011866,,,
S6j,50p_E2_to_E1,50% epiboly,msx3,500.0,,0.0026984583,0.010080661904066776,True,,18.627354893335298,0.18777606684677697,,,
S6j,50p_E2_to_E1,50% epiboly,mycb,500.0,,0.0064882785,0.014678656356409187,True,,7.748714069639531,0.1137407110323116,,,
S6j,50p_E2_to_E1,50% epiboly,mych,500.0,,0.00037909525999999997,0.0076707344502210595,True,,78.69124691537476,0.6036196586446169,,,
S6j,50p_E2_to_E1,50% epiboly,mycla,500.0,,0.0015436842,0.008747972361743446,True,,14.203529544309621,0.12425208389282705,,,
S6j,50p_E2_to_E1,50% epiboly,myclb,500.0,,0.00023244457999999999,0.0075499243801459654,True,,8.315711381046214,0.06278299209401808,,,
S6j,50p_E2_to_E1,50% epiboly,mycn,500.0,,0.0012247809,0.00788181540556251,True,,61.14317965210733,0.4819192553270557,,,
S6j,50p_E2_to_E1,50% epiboly,myf5,500.0,,0.003045056,0.011606795806437729,True,,10.317814710923956,0.11975676851835368,,,
S6j,50p_E2_to_E1,50% epiboly,myod1,500.0,,0.0026730409999999997,0.009987875726073974,True,,9.53298016812562,0.09521422121836648,,,
S6j,50p_E2_to_E1,50% epiboly,nanog,500.0,,-0.0001389288,0.006863595172762866,True,,60.186819698231034,0.41309796514472746,,,
S6j,50p_E2_to_E1,50% epiboly,nanos3,500.0,,0.043799575,0.056483142450451836,True,,4.24707071031057,0.2398878999276136,,,
S6j,50p_E2_to_E1,50% epiboly,nap1l1,500.0,,-7.044779e-05,0.00831924015656113,True,,17.27898491238059,0.14374802514769053,,,
S6j,50p_E2_to_E1,50% epiboly,nasp,500.0,,0.0036577105,0.012262324057519432,True,,16.071463636394828,0.19707349518811304,,,
S6j,50p_E2_to_E1,50% epiboly,ncapd2,500.0,,5.3890602e-05,0.007434577657841139,True,,11.21091319063173,0.08334840473106718,,,
S6j,50p_E2_to_E1,50% epiboly,nckap5l,500.0,,1.3832766e-05,0.006847674376331268,True,,42.089684552727114,0.28821645441957544,,,
S6j,50p_E2_to_E1,50% epiboly,ndr1,500.0,,0.0038355405,0.011134468577802177,True,,22.405982587162356,0.249478709071542,,,
S6j,50p_E2_to_E1,50% epiboly,ndr2,500.0,,0.0005468732,0.007244233274832365,True,,29.56592411003491,0.2141824512390834,,,
S6j,50p_E2_to_E1,50% epiboly,ndufv3,500.0,,0.000600372,0.008512755017727611,True,,8.20245338988215,0.06982547625239613,,,
S6j,50p_E2_to_E1,50% epiboly,nid2a,500.0,,0.001060546,0.007651510066352785,True,,15.037014112632539,0.11505586485069676,,,
S6j,50p_E2_to_E1,50% epiboly,nip7,500.0,,0.0011556712,0.007977154059335587,True,,10.804041018320651,0.08618549966652478,,,
S6j,50p_E2_to_E1,50% epiboly,nkx1.2la,500.0,,0.0005964046599999999,0.007272746087983244,True,,15.167432285321418,0.1103088838178221,,,
S6j,50p_E2_to_E1,50% epiboly,nkx2.2a,500.0,,0.0035133390000000003,0.011659660842269656,True,,10.230692972620446,0.11928641024214595,,,
S6j,50p_E2_to_E1,50% epiboly,nog1,500.0,,0.0002496123,0.0070030909730121466,True,,27.308993577645698,0.19124736640565726,,,
S6j,50p_E2_to_E1,50% epiboly,nop58,500.0,,-1.8370272e-05,0.007169162179343402,True,,44.578914983145566,0.3195934712933321,,,
S6j,50p_E2_to_E1,50% epiboly,notch1a,500.0,,0.00010962386999999998,0.0076052616816014,True,,12.793341636480156,0.09729671092755827,,,
S6j,50p_E2_to_E1,50% epiboly,noto,500.0,,0.0011475392,0.008192888135090464,True,,60.826041155033835,0.498340950883601,,,
S6j,50p_E2_to_E1,50% epiboly,nr2f2,500.0,,0.00014955549999999998,0.0075126364128664126,True,,15.560678083226506,0.11690171677693978,,,
S6j,50p_E2_to_E1,50% epiboly,nr6a1a,500.0,,0.0020376407,0.00902102272957562,True,,11.984704439357206,0.1081142911546872,,,
S6j,50p_E2_to_E1,50% epiboly,nrarpa,500.0,,-6.301363e-05,0.007389853056520217,True,,10.802393463277802,0.07982810035233748,,,
S6j,50p_E2_to_E1,50% epiboly,nsd2,500.0,,0.001969173,0.010205707652494306,True,,5.253271520475546,0.05361335335714768,,,
S6j,50p_E2_to_E1,50% epiboly,ntd5,500.0,,0.0024908364000000003,0.009558999724686141,True,,19.84146681638096,0.1896645758351548,,,
S6j,50p_E2_to_E1,50% epiboly,olig4,500.0,,0.0041562915,0.011417109798640012,True,,8.722393350319406,0.09958452258752416,,,
S6j,50p_E2_to_E1,50% epiboly,osr1,500.0,,0.004899757,0.013100324245169758,True,,11.141878965530767,0.14596222714888965,,,
S6j,50p_E2_to_E1,50% epiboly,otx1,500.0,,0.00042872882000000005,0.007366070710122585,True,,15.424449261274072,0.11361758392324288,,,
S6j,50p_E2_to_E1,50% epiboly,otx2a,500.0,,0.0022785931,0.009530773339793078,True,,23.659208103511986,0.2254905498335684,,,
S6j,50p_E2_to_E1,50% epiboly,otx2b,500.0,,0.0026702965,0.009985462250187992,True,,9.627710112923886,0.09613713588835464,,,
S6j,50p_E2_to_E1,50% epiboly,pax2a,500.0,,0.0018581185000000001,0.009076032647863028,True,,12.402093719348262,0.11256180749866183,,,
S6j,50p_E2_to_E1,50% epiboly,pax3a,500.0,,0.00039183922,0.008127229427918787,True,,11.064238548695773,0.08992160513047373,,,
S6j,50p_E2_to_E1,50% epiboly,pax6a,500.0,,0.0019085356,0.008552970318123692,True,,16.479655616101606,0.14095000533741744,,,
S6j,50p_E2_to_E1,50% epiboly,pax6b,500.0,,0.0021930947,0.009524818463250992,True,,12.01688939753095,0.11445869000444787,,,
S6j,50p_E2_to_E1,50% epiboly,pbx1b,500.0,,0.0070590973,0.01574262185022235,True,,8.253999776846932,0.1299395972387209,,,
S6j,50p_E2_to_E1,50% epiboly,pbx4,500.0,,-4.6441523e-06,0.007476603216491636,True,,27.580168997940213,0.2062059802413827,,,
S6j,50p_E2_to_E1,50% epiboly,pcdh10b,500.0,,0.0066376533,0.01493023694492876,True,,8.646639091818011,0.12909637041812652,,,
S6j,50p_E2_to_E1,50% epiboly,pcdh7b,500.0,,0.003185801,0.01065134266391396,True,,25.92568821489174,0.2761433889746077,,,
S6j,50p_E2_to_E1,50% epiboly,PCDH8,500.0,,0.0078102434,0.016456023044884204,True,,11.508603658841722,0.18938584702433803,,,
S6j,50p_E2_to_E1,50% epiboly,pcdh8,500.0,,0.0010232467999999998,0.007726390403695403,True,,15.696640984398902,0.12127837627211165,,,
S6j,50p_E2_to_E1,50% epiboly,pdap1a,500.0,,0.0005218433,0.0074175019050016985,True,,15.420688893273011,0.1143829892422911,,,
S6j,50p_E2_to_E1,50% epiboly,perp,500.0,,0.0024899101999999998,0.010654318751767278,True,,6.6588756039649475,0.0709457832130094,,,
S6j,50p_E2_to_E1,50% epiboly,pfn2,500.0,,0.00068621413,0.00756915095262229,True,,43.05183544944639,0.32586584130431523,,,
S6j,50p_E2_to_E1,50% epiboly,pitx2,500.0,,0.00015782111,0.007774302270263433,True,,14.17612116937409,0.1102094509905945,,,
S6j,50p_E2_to_E1,50% epiboly,pknox1.1,500.0,,0.00012718141000000002,0.007298487587831901,True,,28.574481346222107,0.20855049743413626,,,
S6j,50p_E2_to_E1,50% epiboly,plagl2,500.0,,0.00020661467000000002,0.007287142286077139,True,,10.816999496782493,0.07882501444147884,,,
S6j,50p_E2_to_E1,50% epiboly,plekhg5b,500.0,,-7.707284e-05,0.00700253571849316,True,,17.90089869913321,0.12535168253380805,,,
S6j,50p_E2_to_E1,50% epiboly,pmp22b,500.0,,0.004058047,0.011593191977590315,True,,10.278849372129237,0.11916467407982792,,,
S6j,50p_E2_to_E1,50% epiboly,pold3,500.0,,0.00060347083,0.007855575578287236,True,,12.824285906758558,0.1007421471781057,,,
S6j,50p_E2_to_E1,50% epiboly,ppan,500.0,,0.0008632024,0.008944818889722227,True,,9.432101226399674,0.08436843721967198,,,
S6j,50p_E2_to_E1,50% epiboly,ppp1r7,500.0,,0.0012177667,0.007982067298144102,True,,17.491340551050552,0.13961705741324246,,,
S6j,50p_E2_to_E1,50% epiboly,prdm1a,500.0,,0.0004316772,0.00758518192451447,True,,12.440868145348553,0.0943662481813657,,,
S6j,50p_E2_to_E1,50% epiboly,prickle1b,500.0,,0.00064887246,0.008127256575971839,True,,15.361888971789371,0.12485001316532444,,,
S6j,50p_E2_to_E1,50% epiboly,prmt1,500.0,,0.00014019178,0.007546351826749739,True,,28.62874350721429,0.21604257086321627,,,
S6j,50p_E2_to_E1,50% epiboly,prox1a,500.0,,0.0032716765999999996,0.010778999282047152,True,,12.323464006790736,0.13283460968153127,,,
S6j,50p_E2_to_E1,50% epiboly,ptp4a2b,500.0,,-0.00023739129,0.006895038229413327,True,,35.49837603832021,0.24476265986630785,,,
S6j,50p_E2_to_E1,50% epiboly,pttg1,500.0,,0.00032591330000000004,0.0070081013720482595,True,,16.319483797799347,0.11436859679447693,,,
S6j,50p_E2_to_E1,50% epiboly,rab11fip4a,500.0,,0.0004963854,0.008144666720181699,True,,11.178413813467438,0.09104445497096764,,,
S6j,50p_E2_to_E1,50% epiboly,rac1a,500.0,,6.300079e-05,0.006653896532952782,True,,38.94923422079115,0.2591641745428881,,,
S6j,50p_E2_to_E1,50% epiboly,raraa,500.0,,0.0004430393,0.006971695134416223,True,,12.235260554847525,0.08530050647854523,,,
S6j,50p_E2_to_E1,50% epiboly,rasgef1ba,500.0,,0.0010001701,0.007944303285330533,True,,64.00008472502194,0.5084360833424242,,,
S6j,50p_E2_to_E1,50% epiboly,rasl11b,500.0,,0.00017755711,0.007513543334789569,True,,15.826844229018374,0.11891567996769375,,,
S6j,50p_E2_to_E1,50% epiboly,rbbp4,500.0,,0.0023512864000000003,0.009466001344844693,True,,8.066754049198241,0.07635990467824193,,,
S6j,50p_E2_to_E1,50% epiboly,rbm4.3,500.0,,0.0009866463,0.008973579248413441,True,,61.84696688947803,0.5549886586567333,,,
S6j,50p_E2_to_E1,50% epiboly,rbm7,500.0,,-1.6772114e-05,0.007412169245071707,True,,13.184807283900408,0.09772802305192403,,,
S6j,50p_E2_to_E1,50% epiboly,rbmx,500.0,,9.763677400000001e-05,0.007132912590168416,True,,30.240617431179928,0.21570368080932975,,,
S6j,50p_E2_to_E1,50% epiboly,rcc1,500.0,,0.00021260575,0.006627462571486829,True,,28.458137109086195,0.18860523854470915,,,
S6j,50p_E2_to_E1,50% epiboly,rdh10b,500.0,,-7.142716999999999e-05,0.007903190003708002,True,,10.111534674759152,0.07991337976370337,,,
S6j,50p_E2_to_E1,50% epiboly,rfx2,500.0,,-0.000142036,0.006864575226791192,True,,14.656010980623394,0.10060728990116703,,,
S6j,50p_E2_to_E1,50% epiboly,rhov,500.0,,0.00022510675,0.007065667421557007,True,,18.517318099091156,0.1308372112273563,,,
S6j,50p_E2_to_E1,50% epiboly,ripply1,500.0,,0.0007666428599999999,0.0075589188840240185,True,,11.577791862045533,0.08751558954131558,,,
S6j,50p_E2_to_E1,50% epiboly,rnd1b,500.0,,0.00032544348999999996,0.006769768521189689,True,,20.143156285150297,0.13636450533661473,,,
S6j,50p_E2_to_E1,50% epiboly,rpl10,500.0,,0.0011801897,0.007422236097045244,True,,50.75462006475429,0.37671277313643614,,,
S6j,50p_E2_to_E1,50% epiboly,rpl19,500.0,,0.00057358295,0.00753863293211907,True,,16.05431767850588,0.1210276079538858,,,
S6j,50p_E2_to_E1,50% epiboly,rpl31,500.0,,0.00031639414,0.007828977564349767,True,,15.52604904017928,0.12155308959855783,,,
S6j,50p_E2_to_E1,50% epiboly,rpl34,500.0,,0.0010087914,0.007972621591761703,True,,11.76358912950527,0.09378664469050697,,,
S6j,50p_E2_to_E1,50% epiboly,rpl38,500.0,,0.0006152562000000001,0.007099204510450354,True,,8.019010008901796,0.056928592024542174,,,
S6j,50p_E2_to_E1,50% epiboly,rpl4,500.0,,0.00042239005999999995,0.007597957388497873,True,,29.36330456704097,0.22310113688586228,,,
S6j,50p_E2_to_E1,50% epiboly,rpl5a,500.0,,0.00058339466,0.007971400488168,True,,7.1276268026636656,0.05681716777423247,,,
S6j,50p_E2_to_E1,50% epiboly,rpl6,500.0,,0.00028536626,0.006617022003047165,True,,13.361074784517491,0.0884105258335109,,,
S6j,50p_E2_to_E1,50% epiboly,rplp0,500.0,,0.0005059567,0.007512044045142825,True,,58.023936822214935,0.4358783690810632,,,
S6j,50p_E2_to_E1,50% epiboly,rplp2l,500.0,,0.0020734752,0.009741817135363815,True,,30.926812192398973,0.3012833489580909,,,
S6j,50p_E2_to_E1,50% epiboly,rps3,500.0,,0.00013679717,0.007030171342194076,True,,13.896776375550056,0.09769671902427167,,,
S6j,50p_E2_to_E1,50% epiboly,rps6,500.0,,0.00021328105,0.006738231144845483,True,,52.61365479541103,0.3545229673865875,,,
S6j,50p_E2_to_E1,50% epiboly,rrbp1b,500.0,,0.00013785814,0.007243282999843356,True,,26.391036767327126,0.19115774796502152,,,
S6j,50p_E2_to_E1,50% epiboly,rreb1a,500.0,,0.00075494056,0.008284239983186123,True,,16.344522969715218,0.13540195069181882,,,
S6j,50p_E2_to_E1,50% epiboly,rreb1b,500.0,,0.00013186707,0.0069391030119731936,True,,12.02089270954606,0.08341421280741766,,,
S6j,50p_E2_to_E1,50% epiboly,rrm2,500.0,,-3.673054e-05,0.0076156884431838965,True,,50.818688884339394,0.3870193016342215,,,
S6j,50p_E2_to_E1,50% epiboly,rrp8,500.0,,0.0020449124,0.009541005641221996,True,,10.676898010501832,0.10186834414894988,,,
S6j,50p_E2_to_E1,50% epiboly,rx3,500.0,,0.0025833913,0.01033329721540212,True,,11.513803344635638,0.11897555203981106,,,
S6j,50p_E2_to_E1,50% epiboly,rxraa,500.0,,0.0008518981599999999,0.008697661710903049,True,,9.343350493010089,0.08126530183460097,,,
S6j,50p_E2_to_E1,50% epiboly,rxrgb,500.0,,0.0007102532000000001,0.007696923450566823,True,,15.517155020687674,0.11943435436481167,,,
S6j,50p_E2_to_E1,50% epiboly,sall1a,500.0,,0.0031830077,0.010974544612690805,True,,7.541126497545484,0.08276042917725768,,,
S6j,50p_E2_to_E1,50% epiboly,sall3a,500.0,,0.00054683443,0.007499445625580845,True,,15.803143042833412,0.1185148119630054,,,
S6j,50p_E2_to_E1,50% epiboly,sall3b,500.0,,0.008231919,0.01782528236508369,True,,20.386806896655234,0.3634005894553151,,,
S6j,50p_E2_to_E1,50% epiboly,sdc4,500.0,,5.462589e-05,0.006946846283972252,True,,19.627436972622615,0.136348787597163,,,
S6j,50p_E2_to_E1,50% epiboly,sebox,500.0,,0.0103236465,0.019924038741737597,True,,8.602824000963356,0.17140299868354392,,,
S6j,50p_E2_to_E1,50% epiboly,sept9a,500.0,,0.0011461824,0.008738860627636309,True,,8.562376000400233,0.07482541050891564,,,
S6j,50p_E2_to_E1,50% epiboly,shha,500.0,,0.00026541042999999996,0.00808946061879396,True,,13.024581590191309,0.1053618398501214,,,
S6j,50p_E2_to_E1,50% epiboly,si:ch211-106e7.2,500.0,,0.00064774393,0.007801479892805213,True,,11.035016642908332,0.08608946045642023,,,
S6j,50p_E2_to_E1,50% epiboly,si:ch211-113a14.18,500.0,,0.00081945356,0.0075117653235793015,True,,9.291514988144714,0.06979568009146281,,,
S6j,50p_E2_to_E1,50% epiboly,si:ch211-114n24.6,500.0,,0.00060784956,0.007332390709780153,True,,9.961746366877238,0.07304341651367685,,,
S6j,50p_E2_to_E1,50% epiboly,si:ch211-155e24.3,500.0,,0.0017941742000000002,0.0091957059688866,True,,8.857602287780203,0.08145190622776402,,,
S6j,50p_E2_to_E1,50% epiboly,si:ch211-161h7.4,500.0,,0.0005282237999999999,0.007686658855527628,True,,8.000443543447377,0.06149668021138861,,,
S6j,50p_E2_to_E1,50% epiboly,si:ch211-163l21.7,500.0,,0.007736545,0.016303386818617576,True,,10.356819213996621,0.16885122985627776,,,
S6j,50p_E2_to_E1,50% epiboly,si:dkey-108k21.14,500.0,,0.00037505207,0.006431683921255169,True,,42.130538819734234,0.2709703091207014,,,
S6j,50p_E2_to_E1,50% epiboly,si:dkey-108k21.21,500.0,,0.0016304974,0.00962057649157941,True,,20.38591052590082,0.19612421156492266,,,
S6j,50p_E2_to_E1,50% epiboly,si:dkey-261h17.1,500.0,,0.0011087956,0.008444023178890345,True,,10.66117547651941,0.09002321283794723,,,
S6j,50p_E2_to_E1,50% epiboly,si:dkey-261m9.12,500.0,,0.0006906317,0.008213031245395536,True,,27.955560027363024,0.22959988798726302,,,
S6j,50p_E2_to_E1,50% epiboly,si:dkey-66i24.9,500.0,,0.0010822016,0.008468317985534666,True,,7.637733959710576,0.06467875985974597,,,
S6j,50p_E2_to_E1,50% epiboly,si:dkey-68o6.5,500.0,,0.0012010941,0.00880466373637318,True,,15.669507458561183,0.13796474408722273,,,
S6j,50p_E2_to_E1,50% epiboly,si:dkey-92i17.2,500.0,,0.0006444594,0.007700157444924116,True,,10.339768738511337,0.0796178472306417,,,
S6j,50p_E2_to_E1,50% epiboly,six3b,500.0,,0.0026899108,0.010422332165762773,True,,9.644911324782656,0.10052246953621193,,,
S6j,50p_E2_to_E1,50% epiboly,six4a,500.0,,0.0012033632000000001,0.009767464129254218,True,,11.182493348027414,0.10922460265248167,,,
S6j,50p_E2_to_E1,50% epiboly,six4b,500.0,,0.0060569216,0.014269949682056903,True,,11.144812244468678,0.1590359099445397,,,
S6j,50p_E2_to_E1,50% epiboly,six7,500.0,,0.0013279975,0.009107337612658736,True,,17.49222436419953,0.15930759288113994,,,
S6j,50p_E2_to_E1,50% epiboly,skia,500.0,,0.0004986094,0.00837140576913952,True,,10.848091506132041,0.0908137758185872,,,
S6j,50p_E2_to_E1,50% epiboly,skila,500.0,,0.0004170353,0.007741100015118714,True,,12.61611028033853,0.09766257148186797,,,
S6j,50p_E2_to_E1,50% epiboly,skilb,500.0,,4.7067333e-05,0.007542759808711703,True,,12.855588076126217,0.09696661305795824,,,
S6j,50p_E2_to_E1,50% epiboly,smtnl,500.0,,0.007993776,0.017090433277189728,True,,15.115055827374858,0.2583228530987478,,,
S6j,50p_E2_to_E1,50% epiboly,snai1a,500.0,,0.0006636955,0.007661836850456889,True,,24.370853440938596,0.1867255029708674,,,
S6j,50p_E2_to_E1,50% epiboly,snrpc,500.0,,0.0013020295,0.009098630677908656,True,,9.197795372247846,0.08368734314306052,,,
S6j,50p_E2_to_E1,50% epiboly,snrpd3,500.0,,0.00057261647,0.008061507577076554,True,,20.676663800470454,0.16668508189615705,,,
S6j,50p_E2_to_E1,50% epiboly,snrpg,500.0,,0.00045946800000000004,0.007285159779712554,True,,14.651434454099176,0.10673804100009808,,,
S6j,50p_E2_to_E1,50% epiboly,sox10,500.0,,0.0038619714,0.011795028112828728,True,,9.667917287015396,0.11403335619284945,,,
S6j,50p_E2_to_E1,50% epiboly,sox11a,500.0,,0.0006138009500000001,0.008086246205493804,True,,16.426164391237307,0.13282600947946013,,,
S6j,50p_E2_to_E1,50% epiboly,sox11b,500.0,,0.0010697842,0.009032119344919915,True,,7.9880860443585275,0.07214934649013546,,,
S6j,50p_E2_to_E1,50% epiboly,sox13,500.0,,0.00038036186,0.007611370808444915,True,,13.445791968629969,0.10234090848645323,,,
S6j,50p_E2_to_E1,50% epiboly,sox17,500.0,,0.020460533,0.030662421043962218,True,,7.862424928301699,0.24108098357813115,,,
S6j,50p_E2_to_E1,50% epiboly,sox19a,500.0,,0.003293838,0.01222821031697094,True,,17.609638993497654,0.2153343692184218,,,
S6j,50p_E2_to_E1,50% epiboly,sox2,500.0,,0.00029381172000000005,0.007165869534946973,True,,41.37729880385256,0.2965043249369249,,,
S6j,50p_E2_to_E1,50% epiboly,sox3,500.0,,0.009490832,0.01864418853074312,True,,13.566587473283303,0.2529380145707118,,,
S6j,50p_E2_to_E1,50% epiboly,sox32,500.0,,0.01614724,0.02601635633036494,True,,12.993543061115309,0.3380446462719167,,,
S6j,50p_E2_to_E1,50% epiboly,sox5,500.0,,0.0015296876999999999,0.008949304698035116,True,,12.190533167973106,0.10909679575169462,,,
S6j,50p_E2_to_E1,50% epiboly,sp5a,500.0,,0.0034817366,0.010955264186486595,True,,9.978685066685474,0.10931913113928796,,,
S6j,50p_E2_to_E1,50% epiboly,sp5l,500.0,,0.0017272388000000001,0.008952322090044618,True,,36.418491827333725,0.3260300688719491,,,
S6j,50p_E2_to_E1,50% epiboly,sp8b,500.0,,0.00047879203,0.008169046603143208,True,,28.39189249602356,0.2319346929514484,,,
S6j,50p_E2_to_E1,50% epiboly,spon1b,500.0,,0.009707004,0.017286711465567352,True,,9.266013130593976,0.1601788954247365,,,
S6j,50p_E2_to_E1,50% epiboly,srp19,500.0,,0.00064716407,0.007677593175321817,True,,14.330179432659095,0.11002128781332053,,,
S6j,50p_E2_to_E1,50% epiboly,srrm4,500.0,,0.00033889894,0.007461057975888249,True,,8.156748380906814,0.06085797256467835,,,
S6j,50p_E2_to_E1,50% epiboly,stmn1a,500.0,,0.0019225872,0.008908620756119489,True,,7.739505560856762,0.06894831988155076,,,
S6j,50p_E2_to_E1,50% epiboly,stox1,500.0,,0.0006735351,0.007740253233350803,True,,8.669009876973554,0.0671003317301946,,,
S6j,50p_E2_to_E1,50% epiboly,supt16h,500.0,,-0.00018600603999999998,0.006875108508393161,True,,39.465656865630905,0.271330673306224,,,
S6j,50p_E2_to_E1,50% epiboly,syne2b,500.0,,0.0059048412,0.013263324368745088,True,,12.196582016595164,0.16176722347610475,,,
S6j,50p_E2_to_E1,50% epiboly,szl,500.0,,0.011503683,0.019682863540947438,True,,32.352051109806574,0.6367810072640799,,,
S6j,50p_E2_to_E1,50% epiboly,tagln2,500.0,,0.00060880365,0.00829417924396693,True,,16.302146397629816,0.13521292428333148,,,
S6j,50p_E2_to_E1,50% epiboly,tbr1b,500.0,,0.005022864,0.012508822744712229,True,,11.03562752468769,0.1380427085829857,,,
S6j,50p_E2_to_E1,50% epiboly,tbx1,500.0,,0.0095404405,0.017582898959517458,True,,10.397560057398199,0.18281924791474707,,,
S6j,50p_E2_to_E1,50% epiboly,tbx16,500.0,,0.00019145643,0.0069113211706280705,True,,21.340812097933703,0.14749320645084485,,,
S6j,50p_E2_to_E1,50% epiboly,tbx16l,500.0,,0.00043923047,0.008436044305562973,True,,21.009999839096043,0.17724128950248513,,,
S6j,50p_E2_to_E1,50% epiboly,tbx3b,500.0,,0.0010462233,0.008475336898118252,True,,17.709637009092727,0.15009513999544416,,,
S6j,50p_E2_to_E1,50% epiboly,tbx6,500.0,,0.0020038541,0.009534344170242544,True,,16.058536828213388,0.15310761699070152,,,
S6j,50p_E2_to_E1,50% epiboly,tbxta,500.0,,0.0029129729999999997,0.010864186240360141,True,,26.98515191965446,0.293171716179538,,,
S6j,50p_E2_to_E1,50% epiboly,tbxtb,500.0,,0.0003935517,0.007296714698895784,True,,15.659709669233669,0.11426443372393776,,,
S6j,50p_E2_to_E1,50% epiboly,tcf3b,500.0,,0.00033784576000000003,0.008302548015490172,True,,21.6128190707756,0.1794414680852161,,,
S6j,50p_E2_to_E1,50% epiboly,tcf7,500.0,,0.00088094844,0.008305128058418631,True,,16.25230003339474,0.1349774330211847,,,
S6j,50p_E2_to_E1,50% epiboly,tcf7l1a,500.0,,0.0018949341,0.009734891261905429,True,,10.658527956132438,0.1037596106649284,,,
S6j,50p_E2_to_E1,50% epiboly,tcf7l1b,500.0,,0.0014343723999999999,0.009255057014524929,True,,7.922236042651004,0.07332074625725939,,,
S6j,50p_E2_to_E1,50% epiboly,tcf7l2,500.0,,0.0013485239000000002,0.008821436157450072,True,,14.218751167144799,0.12542980565963655,,,
S6j,50p_E2_to_E1,50% epiboly,tdgf1,500.0,,0.00065318926,0.007619686867110423,True,,46.715785536190445,0.3559596575368574,,,
S6j,50p_E2_to_E1,50% epiboly,tead1a,500.0,,0.00079940667,0.007928667310625286,True,,13.677195136885056,0.10844192998286367,,,
S6j,50p_E2_to_E1,50% epiboly,tead1b,500.0,,0.003462593,0.010837502358481285,True,,12.825391389957312,0.13899520943710794,,,
S6j,50p_E2_to_E1,50% epiboly,tfap2a,500.0,,0.0060490547,0.013356773229315876,True,,6.774020590428811,0.09047905687707407,,,
S6j,50p_E2_to_E1,50% epiboly,tgif1,500.0,,0.0015938557000000002,0.008673966396599998,True,,16.268520895254007,0.14111260356781816,,,
S6j,50p_E2_to_E1,50% epiboly,tlcd5a,500.0,,0.0008308607,0.008121031662449235,True,,8.735061179166738,0.07093770840944423,,,
S6j,50p_E2_to_E1,50% epiboly,tmed10,500.0,,0.00048866234,0.007318650837987658,True,,16.95161102722814,0.12406292224966405,,,
S6j,50p_E2_to_E1,50% epiboly,tmed2,500.0,,0.0009704575599999999,0.007583111198619007,True,,24.863697490882565,0.18854418288218688,,,
S6j,50p_E2_to_E1,50% epiboly,tp63,500.0,,0.00036685079,0.007660407945513725,True,,23.09708289416218,0.1769330773206291,,,
S6j,50p_E2_to_E1,50% epiboly,tph1b,500.0,,0.010068659,0.0196256011724472,True,,28.52223153345341,0.5597659406237537,,,
S6j,50p_E2_to_E1,50% epiboly,tpx2,500.0,,0.0005396277999999999,0.008343289745971559,True,,13.710118770021486,0.11438749334997247,,,
S6j,50p_E2_to_E1,50% epiboly,tram1,500.0,,-0.00017832793,0.0070150796789675935,True,,12.696973398207277,0.08907028007015598,,,
S6j,50p_E2_to_E1,50% epiboly,trps1,500.0,,0.0004161914,0.007631434453651306,True,,13.888949126542283,0.105992604889305,,,
S6j,50p_E2_to_E1,50% epiboly,tshz3b,500.0,,0.0013013514,0.008797810738906259,True,,24.205543507407512,0.21295579061053246,,,
S6j,50p_E2_to_E1,50% epiboly,tuba1a,500.0,,0.00024925533,0.006984154903329909,True,,11.452270509965857,0.07998443123643856,,,
S6j,50p_E2_to_E1,50% epiboly,tuba8l,500.0,,-0.00014147183000000002,0.006685568252578374,True,,11.841134082411536,0.07916471009589432,,,
S6j,50p_E2_to_E1,50% epiboly,tuba8l2,500.0,,0.00095603894,0.008677277248352764,True,,19.346186134827043,0.16787222079013242,,,
S6j,50p_E2_to_E1,50% epiboly,tuba8l4,500.0,,-0.00023375664,0.007525493763387198,True,,22.363089514108232,0.16829329066849116,,,
S6j,50p_E2_to_E1,50% epiboly,tubb2b,500.0,,0.00024260740000000002,0.007138970703817901,True,,34.01864119991633,0.24285808290989536,,,
S6j,50p_E2_to_E1,50% epiboly,twist1a,500.0,,0.0042180894,0.011616380093619224,True,,8.880714922402655,0.1031617600417054,,,
S6j,50p_E2_to_E1,50% epiboly,twist2,500.0,,0.008593733000000001,0.0175409285351634,True,,7.694645871839787,0.1349712333413318,,,
S6j,50p_E2_to_E1,50% epiboly,ube2c,500.0,,0.00065811595,0.007771897432394317,True,,9.431975033887998,0.07330434254828143,,,
S6j,50p_E2_to_E1,50% epiboly,uhrf1,500.0,,0.000114578805,0.007154348446056245,True,,31.654192553355326,0.22646512330526286,,,
S6j,50p_E2_to_E1,50% epiboly,unc5b,500.0,,0.0019749827,0.009072828525677323,True,,10.359285191801373,0.09398801819380218,,,
S6j,50p_E2_to_E1,50% epiboly,uncx4.1,500.0,,0.010393644,0.01998468209058046,True,,6.255243740883937,0.12500905756065875,,,
S6j,50p_E2_to_E1,50% epiboly,unga,500.0,,0.0007520607000000001,0.008361273165792221,True,,18.70374737972954,0.15638714106588916,,,
S6j,50p_E2_to_E1,50% epiboly,usf1,500.0,,0.0003905051,0.007387604843825098,True,,10.002480817968136,0.07389437574108904,,,
S6j,50p_E2_to_E1,50% epiboly,ved,500.0,,0.001749062,0.008293217048048961,True,,80.78876415664233,0.669998756194673,,,
S6j,50p_E2_to_E1,50% epiboly,vox,500.0,,0.0005572579,0.007118930760771036,True,,28.60260474338223,0.20361996274583932,,,
S6j,50p_E2_to_E1,50% epiboly,vrtn,500.0,,-0.0001256614,0.006675435975193977,True,,9.594756458453464,0.06404918243598501,,,
S6j,50p_E2_to_E1,50% epiboly,vsx2,500.0,,0.0031849677,0.010798489442095159,True,,13.653446362975151,0.14743659639879972,,,
S6j,50p_E2_to_E1,50% epiboly,wnt11f2,500.0,,0.0012839633999999999,0.00793044129386544,True,,40.217617896175256,0.31894345770473,,,
S6j,50p_E2_to_E1,50% epiboly,wnt8a,500.0,,0.0010474833,0.008862942969426506,True,,30.159944438203823,0.26730586751687263,,,
S6j,50p_E2_to_E1,50% epiboly,xbp1,500.0,,0.00044106037000000005,0.007497486355714498,True,,69.66817360326652,0.5223361810180397,,,
S6j,50p_E2_to_E1,50% epiboly,ypel3,500.0,,0.0008306899000000001,0.007867093244567512,True,,19.64158645222044,0.15452219209085222,,,
S6j,50p_E2_to_E1,50% epiboly,zbtb18,500.0,,0.00039566790000000003,0.008108872221782802,True,,13.639942794893432,0.11060455323621783,,,
S6j,50p_E2_to_E1,50% epiboly,zc4h2,500.0,,0.00029306812,0.007840587571263309,True,,12.531844885582723,0.09825702725489956,,,
S6j,50p_E2_to_E1,50% epiboly,zeb1a,500.0,,0.001975078,0.00945147746242582,True,,28.97062897842473,0.2738152468618817,,,
S6j,50p_E2_to_E1,50% epiboly,zeb1b,500.0,,0.0003179662,0.007802212680689991,True,,19.29560703130499,0.15054842986125874,,,
S6j,50p_E2_to_E1,50% epiboly,zeb2a,500.0,,0.0009489142699999999,0.007579501369036734,True,,11.353406844298435,0.08605316271959101,,,
S6j,50p_E2_to_E1,50% epiboly,zeb2b,500.0,,0.0007668991000000001,0.007519420632161161,True,,32.4713637779577,0.2441658427463857,,,
S6j,50p_E2_to_E1,50% epiboly,zfand5a,500.0,,0.0013087911,0.008248469652608035,True,,7.768509743594651,0.0640783168660303,,,
S6j,50p_E2_to_E1,50% epiboly,zgc:113372,500.0,,0.0049272254,0.012163935694843529,True,,8.17716846593309,0.0994665513855124,,,
S6j,50p_E2_to_E1,50% epiboly,zgc:113424,500.0,,0.00016520994999999998,0.007888611312955617,True,,17.504603072362897,0.1380870098254396,,,
S6j,50p_E2_to_E1,50% epiboly,zgc:174154,500.0,,0.009490597,0.017836862988770002,True,,8.85449546313989,0.15793642241071182,,,
S6j,50p_E2_to_E1,50% epiboly,zic2a,500.0,,0.003614698,0.010742952954024072,True,,31.377924399171867,0.3370915656152274,,,
S6j,50p_E2_to_E1,50% epiboly,zic2b,500.0,,0.0016704742000000002,0.01056185364723205,True,,8.848939793185872,0.09346120702879702,,,
S6j,50p_E2_to_E1,50% epiboly,zic3,500.0,,0.00062711514,0.007849133713170885,True,,38.56633141826914,0.3027122921284578,,,
S6j,50p_E2_to_E1,50% epiboly,zmp:0000000624,500.0,,0.0006918280999999999,0.007154610846191642,True,,5.878706116376118,0.04205985454179772,,,
S6j,50p_E2_to_E1,50% epiboly,znf1004,500.0,,0.01410827,0.023396089300513262,True,,9.100473189961289,0.2129154834292611,,,
S6j,50p_E2_to_E1,50% epiboly,znf185,500.0,,0.01104619,0.01873937314376235,True,,5.669935484229649,0.10625103674003826,,,
S6j,50p_E2_to_E1,50% epiboly,znf576.2,500.0,,0.0006935792599999999,0.007557430188171563,True,,19.524155096064813,0.1475524391215439,,,
S6j,50p_E2_to_E1,50% epiboly,znfl2a,500.0,,0.0006037574500000001,0.00739685676526278,True,,29.55929693952494,0.21864588554353645,,,
S6j,50p_E2_to_E1,50% epiboly,zswim5,500.0,,0.00038144086,0.00789972236379981,True,,27.34255006592991,0.21599855423914247,,,
S6j,75p_E1_to_E2,75% epiboly,ackr3b,500.0,,0.015119463999999999,0.020555996242910626,True,,8.2656057848428,0.16990776145860892,,,
S6j,75p_E1_to_E2,75% epiboly,acvr1ba,500.0,,0.0039473237,0.008622441953048105,True,,18.60271683448694,0.16040084607435445,,,
S6j,75p_E1_to_E2,75% epiboly,add3b,500.0,,0.0019382673000000001,0.007965636160224674,True,,11.178265072314003,0.08904199246860091,,,
S6j,75p_E1_to_E2,75% epiboly,adka,500.0,,0.004443585999999999,0.010008683241903779,True,,12.591417099838937,0.12602350531897866,,,
S6j,75p_E1_to_E2,75% epiboly,admp,500.0,,0.010234496,0.015547848073765637,True,,25.42546276589671,0.3953112322893471,,,
S6j,75p_E1_to_E2,75% epiboly,ahi1,500.0,,0.0026459186,0.007733992626890535,True,,19.237106991544245,0.14877964363530755,,,
S6j,75p_E1_to_E2,75% epiboly,akap12b,500.0,,0.0006251476,0.0056657841429114345,True,,33.32804473385641,0.1888295073673266,,,
S6j,75p_E1_to_E2,75% epiboly,alcamb,500.0,,0.0020187409,0.007167644472792742,True,,38.728529884085845,0.2775923331630564,,,
S6j,75p_E1_to_E2,75% epiboly,aldob,500.0,,0.0002053156,0.004546145047061144,True,,27.472602437145106,0.12489443549950713,,,
S6j,75p_E1_to_E2,75% epiboly,anp32e,500.0,,0.0018841341,0.0076840746914967895,True,,23.27539512131209,0.1788498745862621,,,
S6j,75p_E1_to_E2,75% epiboly,apex1,500.0,,0.004927278,0.010165284341201184,True,,7.116852931671635,0.07234483366495341,,,
S6j,75p_E1_to_E2,75% epiboly,aplnra,500.0,,0.0026672902,0.00786313023418188,True,,18.270684831974382,0.14366477430150604,,,
S6j,75p_E1_to_E2,75% epiboly,aplnrb,500.0,,0.0043582623,0.009343370795249922,True,,7.886218754499237,0.07368386599574038,,,
S6j,75p_E1_to_E2,75% epiboly,apoc1,500.0,,0.027015002000000003,0.03542718160897492,True,,9.352041611285411,0.3313164765776987,,,
S6j,75p_E1_to_E2,75% epiboly,arf5,500.0,,0.004053630999999999,0.009450558153912415,True,,14.513850772508528,0.13716399076279848,,,
S6j,75p_E1_to_E2,75% epiboly,arhgap5,500.0,,0.005819566,0.011372539727017279,True,,4.705582457812488,0.05351442344022813,,,
S6j,75p_E1_to_E2,75% epiboly,arl4aa,500.0,,0.0109235905,0.01674298336729407,True,,9.217601500782358,0.15433014861394387,,,
S6j,75p_E1_to_E2,75% epiboly,arl4ab,500.0,,0.010617618999999998,0.015536085981875657,True,,15.317936659387197,0.23798078100516465,,,
S6j,75p_E1_to_E2,75% epiboly,arl4d,500.0,,0.0037004096,0.008832761039957403,True,,16.52250940789238,0.14593937738036147,,,
S6j,75p_E1_to_E2,75% epiboly,arl6ip5a,500.0,,0.008857729,0.01486896486021578,True,,10.401896642351618,0.1546654356547227,,,
S6j,75p_E1_to_E2,75% epiboly,aspm,500.0,,0.00418137,0.009464324638247488,True,,10.092239787012295,0.09551623367132203,,,
S6j,75p_E1_to_E2,75% epiboly,atf6,500.0,,0.0022856547,0.007182174688205117,True,,15.455480515074658,0.1110039609494166,,,
S6j,75p_E1_to_E2,75% epiboly,atoh1c,500.0,,0.013234992,0.02040308993309736,True,,5.271613072451158,0.10755719560971266,,,
S6j,75p_E1_to_E2,75% epiboly,atp2b1a,500.0,,0.0013057378,0.005892095761373639,True,,26.85311131456893,0.1582211033562661,,,
S6j,75p_E1_to_E2,75% epiboly,atrxl,500.0,,0.0040223775,0.00903008417226374,True,,8.052546693495819,0.07271517444335131,,,
S6j,75p_E1_to_E2,75% epiboly,aurkb,500.0,,0.0038789534000000002,0.00951761505566537,True,,11.611685891265184,0.11051555646036268,,,
S6j,75p_E1_to_E2,75% epiboly,axin2,500.0,,0.004737804,0.010518756788223982,True,,18.540442674037042,0.19502240723420472,,,
S6j,75p_E1_to_E2,75% epiboly,bach1b,500.0,,0.020005662,0.026406526565551758,True,,6.591958791637619,0.17407073495040126,,,
S6j,75p_E1_to_E2,75% epiboly,bambia,500.0,,0.010529397,0.016044482402503488,True,,26.01102301305528,0.4173334010040787,,,
S6j,75p_E1_to_E2,75% epiboly,baz1b,500.0,,0.003944321,0.008819586923345923,True,,14.74940621596325,0.13008367018942654,,,
S6j,75p_E1_to_E2,75% epiboly,bcl2l1,500.0,,0.0019255901999999999,0.0066740974783897344,True,,14.140452118155734,0.09437475582507396,,,
S6j,75p_E1_to_E2,75% epiboly,bhlha15,500.0,,0.008259886999999999,0.013574267830699678,True,,10.221735922886165,0.13875258111194094,,,
S6j,75p_E1_to_E2,75% epiboly,blf,500.0,,0.011393856,0.017656857054680584,True,,6.739231695529394,0.11899365070633518,,,
S6j,75p_E1_to_E2,75% epiboly,bmp2b,500.0,,0.002338647,0.0075764378067106,True,,37.76065883291901,0.2860912831880282,,,
S6j,75p_E1_to_E2,75% epiboly,bmp4,500.0,,0.0037614428,0.00891156778670847,True,,27.31574345440649,0.2434260994382816,,,
S6j,75p_E1_to_E2,75% epiboly,bmp7a,500.0,,0.008201964,0.013144326442852615,True,,16.887472711481625,0.22197445411447986,,,
S6j,75p_E1_to_E2,75% epiboly,brd2a,500.0,,0.0011556448,0.006436592596583067,True,,18.701407673525825,0.1203733421770981,,,
S6j,75p_E1_to_E2,75% epiboly,btg2,500.0,,0.0013128709,0.006708418298512696,True,,27.09393518864032,0.18175745059819176,,,
S6j,75p_E1_to_E2,75% epiboly,c1qbp,500.0,,0.002771234,0.007893605763092634,True,,23.782686486326263,0.1877311511102903,,,
S6j,75p_E1_to_E2,75% epiboly,C7H16orf87,500.0,,0.00482145,0.009993793349713084,True,,6.171265992757217,0.061674357037727584,,,
S6j,75p_E1_to_E2,75% epiboly,ca9,500.0,,0.0034336825,0.00843827370554208,True,,30.264863306499098,0.25538320024105665,,,
S6j,75p_E1_to_E2,75% epiboly,casz1,500.0,,0.0077167936,0.012920146714895959,True,,12.782660956831355,0.16515385496903348,,,
S6j,75p_E1_to_E2,75% epiboly,cbx3a,500.0,,0.0031914376000000003,0.007960754306986928,True,,32.265903865992684,0.2568609331700274,,,
S6j,75p_E1_to_E2,75% epiboly,cbx5,500.0,,0.0037783170000000002,0.009424873907119036,True,,12.470139622464886,0.11752949354590053,,,
S6j,75p_E1_to_E2,75% epiboly,ccne2,500.0,,0.005260599300000001,0.010685850726440543,True,,15.687161051971852,0.16763066132300322,,,
S6j,75p_E1_to_E2,75% epiboly,ccnf,500.0,,0.0025728827,0.007753050117753445,True,,17.094113155763786,0.13253151601518515,,,
S6j,75p_E1_to_E2,75% epiboly,ccng1,500.0,,0.001465636,0.00596078340895474,True,,27.880183095927954,0.16618773283682775,,,
S6j,75p_E1_to_E2,75% epiboly,cd63,500.0,,0.00627336,0.01140078525058924,True,,8.206087506148261,0.09355584140513974,,,
S6j,75p_E1_to_E2,75% epiboly,cdc14b,500.0,,0.0031855442,0.008576987683773041,True,,11.790670030599328,0.10112843163588234,,,
S6j,75p_E1_to_E2,75% epiboly,cdc42ep4a,500.0,,0.006148832,0.010990227526053786,True,,8.795072307318533,0.09665984576552553,,,
S6j,75p_E1_to_E2,75% epiboly,cdca8,500.0,,0.0052916827000000005,0.010877382848411792,True,,9.130362750354172,0.09931445118048038,,,
S6j,75p_E1_to_E2,75% epiboly,cdh1,500.0,,0.00040653237,0.005299627152271567,True,,38.1798609371082,0.2023390276922512,,,
S6j,75p_E1_to_E2,75% epiboly,cdh2,500.0,,0.0028649895000000002,0.007708577252924438,True,,23.044240326701768,0.17763830679333725,,,
S6j,75p_E1_to_E2,75% epiboly,cdkn1ca,500.0,,0.0026011554999999997,0.007650996604934335,True,,24.101289946302817,0.18439888755370087,,,
S6j,75p_E1_to_E2,75% epiboly,cdt1,500.0,,0.0010170172000000001,0.006471336213871836,True,,16.33034609468114,0.10567916006757057,,,
S6j,75p_E1_to_E2,75% epiboly,cdx1a,500.0,,0.0115563795,0.017386888153851032,True,,19.717387355693237,0.3428240086395949,,,
S6j,75p_E1_to_E2,75% epiboly,cenpf,500.0,,0.0039984834999999995,0.008882521232590077,True,,9.987291167515817,0.08871232585151859,,,
S6j,75p_E1_to_E2,75% epiboly,cfl1l,500.0,,0.0028551444,0.008220264315605161,True,,12.042394055730304,0.09899166213077554,,,
S6j,75p_E1_to_E2,75% epiboly,chaf1a,500.0,,0.0041858220000000005,0.009026639675721523,True,,12.628500080887633,0.11399291987499277,,,
S6j,75p_E1_to_E2,75% epiboly,chrd,500.0,,0.009235393,0.014626461779698731,True,,38.49067758093436,0.5629824245122432,,,
S6j,75p_E1_to_E2,75% epiboly,chst11,500.0,,0.008097034,0.013359949877485629,True,,12.363044942650232,0.16516966076690928,,,
S6j,75p_E1_to_E2,75% epiboly,cldnd,500.0,,0.005197172,0.010004593338817357,True,,8.282538876417863,0.08286343327150596,,,
S6j,75p_E1_to_E2,75% epiboly,clic4,500.0,,0.0029596365,0.0073569083586335175,True,,17.079893967331913,0.12565521469283833,,,
S6j,75p_E1_to_E2,75% epiboly,clocka,500.0,,0.004257184000000001,0.009238443756476044,True,,9.90881681077632,0.09154204679958136,,,
S6j,75p_E1_to_E2,75% epiboly,cmtm6,500.0,,0.0035951063,0.00888627115637064,True,,11.824041519474337,0.10507163910623367,,,
S6j,75p_E1_to_E2,75% epiboly,cnmd,500.0,,0.0076432363,0.01365031930617988,True,,9.36380513461851,0.12781893000838931,,,
S6j,75p_E1_to_E2,75% epiboly,cnn3a,500.0,,0.0037322590000000004,0.0092585033737123,True,,11.63837388442151,0.10775392387344168,,,
S6j,75p_E1_to_E2,75% epiboly,coq10b,500.0,,0.0063331015000000004,0.01126649873331189,True,,10.520211001203341,0.11852594391923126,,,
S6j,75p_E1_to_E2,75% epiboly,creb3l1,500.0,,0.025575876,0.033239766210317614,True,,7.026917617030147,0.23357309876924426,,,
S6j,75p_E1_to_E2,75% epiboly,creb3l2,500.0,,0.0049386397,0.009792199777439229,True,,18.700147957501787,0.18311558466752967,,,
S6j,75p_E1_to_E2,75% epiboly,csrp1a,500.0,,0.004049862,0.008927935129031539,True,,12.74800704611696,0.11381337993216918,,,
S6j,75p_E1_to_E2,75% epiboly,cst3,500.0,,0.012780861999999999,0.019682618044316768,True,,9.382524656046353,0.18467264909634493,,,
S6j,75p_E1_to_E2,75% epiboly,ctcf,500.0,,0.0006466433400000001,0.005517960432916879,True,,17.067326574441164,0.09417683273343712,,,
S6j,75p_E1_to_E2,75% epiboly,cth1,500.0,,0.004605297,0.009482254553586242,True,,10.011543548633824,0.09493200440246004,,,
S6j,75p_E1_to_E2,75% epiboly,CU570769.1,500.0,,0.0073228925,0.012783372309058905,True,,9.673774424124774,0.1236634600974389,,,
S6j,75p_E1_to_E2,75% epiboly,cux1a,500.0,,0.0093034515,0.015553224924951788,True,,7.1615214981293835,0.111384754665284,,,
S6j,75p_E1_to_E2,75% epiboly,cxcl12b,500.0,,0.007795951,0.013454745663329956,True,,7.664936576426429,0.10312977216137266,,,
S6j,75p_E1_to_E2,75% epiboly,cxcr4a,500.0,,0.007675605,0.013130850112065672,True,,10.722912433449354,0.14080095592842884,,,
S6j,75p_E1_to_E2,75% epiboly,dact2,500.0,,0.0038130195,0.008779955422505736,True,,35.33127949512373,0.3102070589872773,,,
S6j,75p_E1_to_E2,75% epiboly,dand5,500.0,,0.0087914,0.01457710824906825,True,,7.14499365723761,0.10415334598045868,,,
S6j,75p_E1_to_E2,75% epiboly,dbx1a,500.0,,0.030816957000000002,0.0395457036793232,True,,5.254247918418565,0.20778293123948133,,,
S6j,75p_E1_to_E2,75% epiboly,ddx4,500.0,,0.0072163492000000004,0.013300362601876252,True,,16.45590107646477,0.2188694512575872,,,
S6j,75p_E1_to_E2,75% epiboly,dharma,500.0,,0.006960089300000001,0.012862011604011056,True,,7.951940757599624,0.10227795429865484,,,
S6j,75p_E1_to_E2,75% epiboly,dkc1,500.0,,0.0009956995,0.006148118595592678,True,,14.66006421661021,0.09013181342272404,,,
S6j,75p_E1_to_E2,75% epiboly,dkk1b,500.0,,0.090727545,0.10637218989431856,True,,2.428229040187745,0.2582960405697497,,,
S6j,75p_E1_to_E2,75% epiboly,dld,500.0,,0.010398768000000001,0.01674671676009893,True,,18.014731486680322,0.30168760571667125,,,
S6j,75p_E1_to_E2,75% epiboly,dlgap5,500.0,,0.0012999023,0.006408049049787222,True,,11.982087635946886,0.07678180528999666,,,
S6j,75p_E1_to_E2,75% epiboly,dmd,500.0,,0.015046634,0.0215787355788052,True,,5.846844595844613,0.12616751350409705,,,
S6j,75p_E1_to_E2,75% epiboly,dnmt3bb.2,500.0,,0.0049082376,0.010784131754189729,True,,10.413234563022193,0.11229769351491364,,,
S6j,75p_E1_to_E2,75% epiboly,drll.2,500.0,,0.0074491836,0.012311030644923449,True,,17.684448593896033,0.21771378857802745,,,
S6j,75p_E1_to_E2,75% epiboly,drll.3,500.0,,0.012941286000000001,0.018706376478075982,True,,9.544904524419273,0.1785505774810777,,,
S6j,75p_E1_to_E2,75% epiboly,dscc1,500.0,,0.008016576999999999,0.013324530888348812,True,,8.151242923185588,0.10861148810842104,,,
S6j,75p_E1_to_E2,75% epiboly,dync1li1,500.0,,0.0066969725,0.012433172529563295,True,,7.753856536126223,0.09640503608313937,,,
S6j,75p_E1_to_E2,75% epiboly,dynll1,500.0,,0.0041686725,0.009723982540890573,True,,45.557026980079776,0.4429957349691765,,,
S6j,75p_E1_to_E2,75% epiboly,dynll2b,500.0,,0.0040842479999999995,0.009426600579172372,True,,10.978923631656096,0.1034939278648586,,,
S6j,75p_E1_to_E2,75% epiboly,ednraa,500.0,,0.03148053,0.03930858410894871,True,,6.0458823307343,0.2376550741104761,,,
S6j,75p_E1_to_E2,75% epiboly,efemp2b,500.0,,0.0020474651999999997,0.006644118065014476,True,,39.487200788841555,0.262357624097996,,,
S6j,75p_E1_to_E2,75% epiboly,efna1a,500.0,,0.005529334300000001,0.010985405929386604,True,,14.580636457976441,0.1601742101996849,,,
S6j,75p_E1_to_E2,75% epiboly,efnb2a,500.0,,0.010192076,0.016139610204845663,True,,9.5393677518018,0.15396167711475597,,,
S6j,75p_E1_to_E2,75% epiboly,efnb2b,500.0,,0.0029682690000000004,0.007569553703069685,True,,25.01562004849475,0.18935707937266769,,,
S6j,75p_E1_to_E2,75% epiboly,egln1b,500.0,,0.0035521034,0.009076744318008421,True,,7.678318164835067,0.06969413077452755,,,
S6j,75p_E1_to_E2,75% epiboly,eif3ea,500.0,,0.004240725999999999,0.009530969755724072,True,,12.019717155703411,0.11455956068336698,,,
S6j,75p_E1_to_E2,75% epiboly,elavl3,500.0,,0.007523158,0.012992367148399351,True,,10.290983342040454,0.13370423389785135,,,
S6j,75p_E1_to_E2,75% epiboly,elf1,500.0,,0.025673024,0.03151684291660785,True,,8.251305403346358,0.26005509625422474,,,
S6j,75p_E1_to_E2,75% epiboly,elob,500.0,,0.005372944300000001,0.010316369216889141,True,,11.994880734284218,0.12374361836742633,,,
S6j,75p_E1_to_E2,75% epiboly,emid1,500.0,,0.0064747385,0.012706072581931946,True,,9.927243855607554,0.1261362809678875,,,
S6j,75p_E1_to_E2,75% epiboly,emx2,500.0,,0.008314813,0.013890007091686129,True,,8.328294457783484,0.11568006908026288,,,
S6j,75p_E1_to_E2,75% epiboly,emx3,500.0,,0.006145223000000001,0.011372790904715655,True,,13.169499054190926,0.14977395906316399,,,
S6j,75p_E1_to_E2,75% epiboly,epcam,500.0,,0.04953961,0.05750094745308159,True,,3.8212819694847235,0.2197273337307492,,,
S6j,75p_E1_to_E2,75% epiboly,epha2a,500.0,,0.0032555233000000003,0.00825583590194582,True,,23.477806484076527,0.19382891767017535,,,
S6j,75p_E1_to_E2,75% epiboly,ephb3a,500.0,,0.0022296626,0.007389925164170561,True,,30.981659608478875,0.2289521459684647,,,
S6j,75p_E1_to_E2,75% epiboly,eppk1,500.0,,0.057623863,0.06580476351082325,True,,3.4476270160978593,0.22687028046784485,,,
S6j,75p_E1_to_E2,75% epiboly,erf,500.0,,0.0036213095000000002,0.009108021110296243,True,,11.462667356833366,0.10440221626634194,,,
S6j,75p_E1_to_E2,75% epiboly,esrra,500.0,,0.0036877990000000003,0.008890245715156196,True,,11.594311839921168,0.10307628115504393,,,
S6j,75p_E1_to_E2,75% epiboly,ets2,500.0,,0.010516588,0.01656777430325746,True,,14.457643196041793,0.2395309694290463,,,
S6j,75p_E1_to_E2,75% epiboly,etv2,500.0,,0.009691074499999999,0.016522371768951414,True,,5.977429630066024,0.09876131457069658,,,
S6j,75p_E1_to_E2,75% epiboly,etv4,500.0,,0.0031023265,0.008664244879037136,True,,15.371694006420501,0.13318412107725466,,,
S6j,75p_E1_to_E2,75% epiboly,etv5a,500.0,,0.004343601,0.00961555722169578,True,,12.91144799804953,0.12415076704019468,,,
S6j,75p_E1_to_E2,75% epiboly,etv5b,500.0,,0.002640692,0.00801472426392138,True,,21.929956768709115,0.17576255662091986,,,
S6j,75p_E1_to_E2,75% epiboly,f11r.1,500.0,,0.005507545500000001,0.010929925134405494,True,,16.004932616920623,0.174932715284147,,,
S6j,75p_E1_to_E2,75% epiboly,fbln2,500.0,,0.004175485,0.009741003485396504,True,,27.347835513954973,0.2663953610594857,,,
S6j,75p_E1_to_E2,75% epiboly,flrt3,500.0,,0.0028294004,0.0076233724365010825,True,,44.16395495680341,0.3366782769045705,,,
S6j,75p_E1_to_E2,75% epiboly,fn1a,500.0,,0.0048269057,0.009798698965460059,True,,32.15894439729269,0.3151158151960395,,,
S6j,75p_E1_to_E2,75% epiboly,fn1b,500.0,,0.006503131999999999,0.012166221207007765,True,,16.779364349316506,0.2041414583867645,,,
S6j,75p_E1_to_E2,75% epiboly,fnbp1l,500.0,,0.0031320746,0.007749000960029661,True,,17.70985795358212,0.13723370628429676,,,
S6j,75p_E1_to_E2,75% epiboly,fosab,500.0,,0.018329786,0.025357199180871245,True,,6.001052594900045,0.15216988594376468,,,
S6j,75p_E1_to_E2,75% epiboly,foxa,500.0,,0.035185345,0.04297018777579069,True,,7.297691469279133,0.3135831727647102,,,
S6j,75p_E1_to_E2,75% epiboly,foxa2,500.0,,0.039542645,0.04749816078692674,True,,8.153597771850059,0.3872808979592617,,,
S6j,75p_E1_to_E2,75% epiboly,foxa3,500.0,,0.002444436,0.007171341567300257,True,,49.045106177872256,0.3517192086060299,,,
S6j,75p_E1_to_E2,75% epiboly,foxb1a,500.0,,0.0058392705,0.010913134086877102,True,,31.83337350432325,0.3474018734903205,,,
S6j,75p_E1_to_E2,75% epiboly,foxc1a,500.0,,0.031241328,0.037744765542447566,True,,11.165088130817303,0.4214236337584632,,,
S6j,75p_E1_to_E2,75% epiboly,foxc1b,500.0,,0.0082509145,0.01334384218789637,True,,14.32739097993836,0.1911824442005874,,,
S6j,75p_E1_to_E2,75% epiboly,foxd3,500.0,,0.0073815365,0.013043172610923644,True,,18.74884943086734,0.24454447938302026,,,
S6j,75p_E1_to_E2,75% epiboly,foxd5,500.0,,0.0064448556,0.011069458490237594,True,,24.136688422779763,0.2671800705877589,,,
S6j,75p_E1_to_E2,75% epiboly,foxg1a,500.0,,0.013492778,0.02009604033082724,True,,5.31706030660037,0.10685185836288168,,,
S6j,75p_E1_to_E2,75% epiboly,foxh1,500.0,,0.006589525,0.012226119916886087,True,,17.910745347434336,0.21897892041854175,,,
S6j,75p_E1_to_E2,75% epiboly,foxi1,500.0,,0.022120657999999998,0.029046009667217727,True,,14.277749099594196,0.4147116383729222,,,
S6j,75p_E1_to_E2,75% epiboly,foxn2b,500.0,,0.0029362935999999997,0.007903512986376881,True,,21.394013275574004,0.16908786175421853,,,
S6j,75p_E1_to_E2,75% epiboly,foxo1a,500.0,,0.02483337,0.035224134102463715,True,,4.634352070854182,0.16324103882179813,,,
S6j,75p_E1_to_E2,75% epiboly,foxp1b,500.0,,0.004437791,0.009851569542661308,True,,20.28723236316754,0.19986108045387413,,,
S6j,75p_E1_to_E2,75% epiboly,foxp2,500.0,,0.0033828409999999997,0.008443474629893895,True,,12.744942659258237,0.10761160000289936,,,
S6j,75p_E1_to_E2,75% epiboly,frmd4ba,500.0,,0.010326921,0.01601430829614401,True,,7.486599689102223,0.1198927155110989,,,
S6j,75p_E1_to_E2,75% epiboly,fscn1a,500.0,,-3.207409e-05,0.0049687796505168075,True,,56.28629210130798,0.279674182796024,,,
S6j,75p_E1_to_E2,75% epiboly,fzd7a,500.0,,0.0041258037,0.009820880461484192,True,,26.426746895053693,0.2595339222422208,,,
S6j,75p_E1_to_E2,75% epiboly,fzd7b,500.0,,0.0044888179999999995,0.009485103422775865,True,,17.274062595806623,0.16384627025272994,,,
S6j,75p_E1_to_E2,75% epiboly,gadd45gip1,500.0,,0.0048384685,0.010126592870801686,True,,8.251004064666965,0.08355455893821223,,,
S6j,75p_E1_to_E2,75% epiboly,gapdh,500.0,,0.0036936533,0.008713704394176602,True,,14.055929742514449,0.12247921676158575,,,
S6j,75p_E1_to_E2,75% epiboly,gata2a,500.0,,0.0055308844999999995,0.011310014640912408,True,,35.78271054457322,0.4047029801506539,,,
S6j,75p_E1_to_E2,75% epiboly,gata3,500.0,,0.020990797999999998,0.02768724588677287,True,,7.50732044743693,0.207857027178984,,,
S6j,75p_E1_to_E2,75% epiboly,gata5,500.0,,0.04494646,0.05237064901739359,True,,5.08370499843342,0.2662369301809261,,,
S6j,75p_E1_to_E2,75% epiboly,gata6,500.0,,0.034801177999999995,0.041466142237186435,True,,6.210715909701619,0.2575344293064441,,,
S6j,75p_E1_to_E2,75% epiboly,gbx1,500.0,,0.0044092955,0.009485099464654912,True,,32.110498103014955,0.3045712683667097,,,
S6j,75p_E1_to_E2,75% epiboly,gcm2,500.0,,0.01151216,0.018136531393975017,True,,5.134971890575237,0.09313057890059703,,,
S6j,75p_E1_to_E2,75% epiboly,gfi1aa,500.0,,0.0053953575,0.010869160806760191,True,,12.164182276835847,0.13221445324967113,,,
S6j,75p_E1_to_E2,75% epiboly,gli1,500.0,,0.015116081000000002,0.021066926699131718,True,,20.35714410635327,0.4288624626922056,,,
S6j,75p_E1_to_E2,75% epiboly,gli2a,500.0,,0.0033212418,0.008270499296486378,True,,13.206021709204562,0.10922039325536016,,,
S6j,75p_E1_to_E2,75% epiboly,gmnn,500.0,,0.0026018866,0.007881131209433078,True,,16.651763402386205,0.13123473224264146,,,
S6j,75p_E1_to_E2,75% epiboly,gpr137bb,500.0,,0.011030896,0.01655271109193563,True,,13.098017035325642,0.2168076918629966,,,
S6j,75p_E1_to_E2,75% epiboly,grhl1,500.0,,0.036916397999999996,0.04369901586323977,True,,4.998047491673519,0.21840975662386689,,,
S6j,75p_E1_to_E2,75% epiboly,grhl2b,500.0,,0.024239057999999997,0.031992080062627784,True,,7.521289844164505,0.2406217068687401,,,
S6j,75p_E1_to_E2,75% epiboly,gsc,500.0,,0.006851121999999999,0.011817773245275021,True,,16.927186364337825,0.20004165013425568,,,
S6j,75p_E1_to_E2,75% epiboly,h1-0,500.0,,0.007253094599999999,0.01259634015150368,True,,10.53910222444864,0.13275411651062416,,,
S6j,75p_E1_to_E2,75% epiboly,hdlbpa,500.0,,0.00044838580000000004,0.005563819105736908,True,,35.15212841084977,0.19558008365960314,,,
S6j,75p_E1_to_E2,75% epiboly,helb,500.0,,0.004248536,0.009659495670348404,True,,15.364932888065859,0.14841750270746595,,,
S6j,75p_E1_to_E2,75% epiboly,hells,500.0,,0.005377506999999999,0.010747844120487569,True,,7.6493692780806875,0.08221422862085775,,,
S6j,75p_E1_to_E2,75% epiboly,her1,500.0,,0.006063309499999999,0.012145100021734826,True,,24.616025337178762,0.2989640898575948,,,
S6j,75p_E1_to_E2,75% epiboly,her11,500.0,,0.008896815,0.014488923316821457,True,,12.011992128693215,0.17404083283489893,,,
S6j,75p_E1_to_E2,75% epiboly,her12,500.0,,0.006376588000000001,0.0119737755972892,True,,10.754831502931173,0.1287759390027544,,,
S6j,75p_E1_to_E2,75% epiboly,her2,500.0,,0.0038182046,0.008730926224961872,True,,10.337367080711678,0.09025478934204313,,,
S6j,75p_E1_to_E2,75% epiboly,her3,500.0,,0.007107623,0.012133570667356252,True,,10.08467131791119,0.12236307209293615,,,
S6j,75p_E1_to_E2,75% epiboly,her5,500.0,,0.012063919,0.018117308616638177,True,,21.229396486869593,0.3846195278975907,,,
S6j,75p_E1_to_E2,75% epiboly,her6,500.0,,0.0042497516,0.009330032300204035,True,,24.113086879251515,0.22497587944104275,,,
S6j,75p_E1_to_E2,75% epiboly,her7,500.0,,0.025981452000000002,0.032657679729163634,True,,9.416542786652276,0.3075224384824561,,,
S6j,75p_E1_to_E2,75% epiboly,her8a,500.0,,0.002168124,0.007142053451389072,True,,29.3845652021425,0.20986613531952905,,,
S6j,75p_E1_to_E2,75% epiboly,her9,500.0,,0.0063038063,0.011666275840252635,True,,27.590271012622562,0.3218757121405812,,,
S6j,75p_E1_to_E2,75% epiboly,hes6,500.0,,0.0038244217,0.008712135395035145,True,,11.81766551757719,0.10295710204237056,,,
S6j,75p_E1_to_E2,75% epiboly,hesx1,500.0,,0.0048081771999999995,0.009997594030573964,True,,7.882525292624579,0.07880628781139178,,,
S6j,75p_E1_to_E2,75% epiboly,hic1l,500.0,,0.0039844518,0.00908063338138163,True,,9.322160640588077,0.08465112309952606,,,
S6j,75p_E1_to_E2,75% epiboly,higd1a,500.0,,0.008050257,0.013497120561078182,True,,7.945961478715624,0.10724760005190784,,,
S6j,75p_E1_to_E2,75% epiboly,hivep2a,500.0,,0.007973663,0.013161599216982716,True,,11.352713532256745,0.14941986553677947,,,
S6j,75p_E1_to_E2,75% epiboly,hoxb7a,500.0,,0.0069722114,0.012218020530417558,True,,7.942400409021427,0.0970404112582206,,,
S6j,75p_E1_to_E2,75% epiboly,hoxb8a,500.0,,0.006094398000000001,0.01109369462355971,True,,14.587683257421823,0.16183130332305248,,,
S6j,75p_E1_to_E2,75% epiboly,hoxb9a,500.0,,0.008259958000000001,0.013717754092067477,True,,7.584345007747344,0.10404017976567767,,,
S6j,75p_E1_to_E2,75% epiboly,hoxc3a,500.0,,0.0074385274,0.012700797384604806,True,,8.377276337597696,0.10639808939867254,,,
S6j,75p_E1_to_E2,75% epiboly,hoxc6a,500.0,,0.0059230467,0.011263662949204443,True,,8.314458296847304,0.09365125586090446,,,
S6j,75p_E1_to_E2,75% epiboly,hoxc8a,500.0,,0.015494192,0.02184354430064558,True,,6.669144230306399,0.1456777474420927,,,
S6j,75p_E1_to_E2,75% epiboly,hsp90aa1.2,500.0,,0.018582856000000002,0.025758375506848098,True,,8.02097639585359,0.20660732193596185,,,
S6j,75p_E1_to_E2,75% epiboly,id3,500.0,,0.019509226,0.025819002650678147,True,,15.432357841490678,0.3984480880156615,,,
S6j,75p_E1_to_E2,75% epiboly,igf2bp1,500.0,,0.0008373877499999999,0.006020222650840877,True,,28.856452861703733,0.17372227114095087,,,
S6j,75p_E1_to_E2,75% epiboly,igfbp1a,500.0,,0.009194063,0.015092046465724703,True,,11.327108087031212,0.1709492415717611,,,
S6j,75p_E1_to_E2,75% epiboly,irf2a,500.0,,0.0043599876,0.009233977040275928,True,,14.07334828455547,0.1299529749393918,,,
S6j,75p_E1_to_E2,75% epiboly,irx3a,500.0,,0.0050477977,0.010175134381279349,True,,10.296190673579977,0.1047651237189514,,,
S6j,75p_E1_to_E2,75% epiboly,irx5a,500.0,,0.006640105,0.012029074784368276,True,,8.588617384608444,0.10331312081378044,,,
S6j,75p_E1_to_E2,75% epiboly,ism1,500.0,,0.009541077,0.015144788054749366,True,,14.291307902043467,0.21643882920161311,,,
S6j,75p_E1_to_E2,75% epiboly,itga6a,500.0,,0.010008366999999999,0.015575509052723646,True,,7.138831054437193,0.1111909277142512,,,
S6j,75p_E1_to_E2,75% epiboly,itgb5,500.0,,0.0044621276,0.009738171892240638,True,,13.655392318911595,0.1329785576575436,,,
S6j,75p_E1_to_E2,75% epiboly,itm2cb,500.0,,0.0054656086,0.01045804051682353,True,,15.828500505878726,0.16553509961104146,,,
S6j,75p_E1_to_E2,75% epiboly,jcada,500.0,,0.00749702,0.013161910930648446,True,,15.712269019302951,0.20680348535045245,,,
S6j,75p_E1_to_E2,75% epiboly,kank1a,500.0,,0.0053066523,0.01072907750494778,True,,12.566992021795466,0.13483223140590395,,,
S6j,75p_E1_to_E2,75% epiboly,kazald2,500.0,,0.0049826074,0.00980602805502712,True,,19.673513501977823,0.19291902534134936,,,
S6j,75p_E1_to_E2,75% epiboly,kdrl,500.0,,0.007970775,0.013888074085116385,True,,11.900241602829125,0.16527143701087504,,,
S6j,75p_E1_to_E2,75% epiboly,kif15,500.0,,0.006098111999999999,0.01136539950966835,True,,9.212570156187812,0.10470454033592223,,,
S6j,75p_E1_to_E2,75% epiboly,klf17,500.0,,0.006344835300000001,0.011118091875687242,True,,11.454738776070952,0.12735483812435408,,,
S6j,75p_E1_to_E2,75% epiboly,klf2a,500.0,,0.043605804000000005,0.05175117831677199,True,,5.028979977161279,0.2602556395495493,,,
S6j,75p_E1_to_E2,75% epiboly,klf2b,500.0,,0.0035584986,0.00892973677255213,True,,36.59497981451645,0.3267835369404905,,,
S6j,75p_E1_to_E2,75% epiboly,klf3,500.0,,0.006823025999999999,0.012023501889780163,True,,17.091563080256613,0.20550044099476225,,,
S6j,75p_E1_to_E2,75% epiboly,klf7a,500.0,,0.005151378,0.011123978253453959,True,,15.13279257579701,0.16833685552719546,,,
S6j,75p_E1_to_E2,75% epiboly,kmt2bb,500.0,,0.005127968,0.009828709298744794,True,,7.255156112366849,0.07130882034546518,,,
S6j,75p_E1_to_E2,75% epiboly,kmt5aa,500.0,,0.0030698897,0.008303916035220025,True,,10.9503858933918,0.09093108501198333,,,
S6j,75p_E1_to_E2,75% epiboly,krt18a.1,500.0,,0.0028927596,0.007927362062036983,True,,21.67359978843426,0.17181447271060654,,,
S6j,75p_E1_to_E2,75% epiboly,krt4,500.0,,0.020402346000000002,0.026561973709613083,True,,8.932349746582354,0.23726083913378954,,,
S6j,75p_E1_to_E2,75% epiboly,krt8,500.0,,0.0014612802,0.006302674417383967,True,,29.5151871806178,0.18602461516757904,,,
S6j,75p_E1_to_E2,75% epiboly,krt99,500.0,,0.03412265,0.04090047907084226,True,,5.42579095688827,0.22191744947497388,,,
S6j,75p_E1_to_E2,75% epiboly,lamc1,500.0,,0.00084835,0.005559001443907618,True,,33.056309279203596,0.1837600710133496,,,
S6j,75p_E1_to_E2,75% epiboly,lamp2,500.0,,0.0014229531,0.00640769633464515,True,,33.31368871140646,0.2134640010495887,,,
S6j,75p_E1_to_E2,75% epiboly,lbx2,500.0,,0.027685352000000003,0.03511126451194285,True,,5.285471613536415,0.18557959189324244,,,
S6j,75p_E1_to_E2,75% epiboly,lef1,500.0,,0.0048078884999999995,0.010251208394765845,True,,16.240289959344256,0.1664825967646613,,,
S6j,75p_E1_to_E2,75% epiboly,lft1,500.0,,0.023029908999999998,0.030304211471229792,True,,10.845779825615791,0.3286728054058587,,,
S6j,75p_E1_to_E2,75% epiboly,lgals3b,500.0,,0.007392443,0.01304455320350825,True,,8.714596148061327,0.11367801310047405,,,
S6j,75p_E1_to_E2,75% epiboly,lhfpl6,500.0,,0.021931727999999998,0.028724960517138243,True,,5.732856359061694,0.16467607256447206,,,
S6j,75p_E1_to_E2,75% epiboly,lhx1a,500.0,,0.03763098,0.046253063343465316,True,,9.518731231141757,0.4402704785834213,,,
S6j,75p_E1_to_E2,75% epiboly,lhx5,500.0,,0.005357441,0.010824017599225045,True,,23.88779700539457,0.25856193519310616,,,
S6j,75p_E1_to_E2,75% epiboly,lima1a,500.0,,0.0039882753,0.009158782754093408,True,,32.78930198816253,0.3003100935679437,,,
S6j,75p_E1_to_E2,75% epiboly,lmnb1,500.0,,0.0037259021999999998,0.00953130284324288,True,,6.997500340457728,0.06669529489059776,,,
S6j,75p_E1_to_E2,75% epiboly,lmo2,500.0,,0.0045573003999999995,0.009679671702906487,True,,10.583647781751406,0.1024462359465481,,,
S6j,75p_E1_to_E2,75% epiboly,lratb.1,500.0,,0.008057199000000001,0.01376020377501845,True,,8.626801848389011,0.1187065513605386,,,
S6j,75p_E1_to_E2,75% epiboly,lratd1,500.0,,0.0040629236,0.009115379024296998,True,,11.349717459107845,0.10345697645844908,,,
S6j,75p_E1_to_E2,75% epiboly,mab21l2,500.0,,0.007944919,0.013386608287692071,True,,9.401033185636715,0.12584794875571265,,,
S6j,75p_E1_to_E2,75% epiboly,mad1l1,500.0,,0.0045548645,0.009809723449870942,True,,6.256154573599056,0.061371146226652004,,,
S6j,75p_E1_to_E2,75% epiboly,map1lc3b,500.0,,0.0036002009000000003,0.008530240226536989,True,,17.577936968907864,0.1499440250317095,,,
S6j,75p_E1_to_E2,75% epiboly,map2k6,500.0,,0.0041339807000000004,0.009381776256486772,True,,11.958312433152338,0.11219021165299917,,,
S6j,75p_E1_to_E2,75% epiboly,mcama,500.0,,0.0036539119,0.008496016217395663,True,,13.47937787347978,0.11452101301348848,,,
S6j,75p_E1_to_E2,75% epiboly,mcm2,500.0,,0.0028257328000000003,0.00762217021547258,True,,16.613498763873125,0.12663091545278427,,,
S6j,75p_E1_to_E2,75% epiboly,mcm3,500.0,,0.0016427031,0.007245070650242269,True,,16.861213402462933,0.1221606823496558,,,
S6j,75p_E1_to_E2,75% epiboly,mcm4,500.0,,0.0018445560999999998,0.007450131350196884,True,,12.64599187990635,0.09421430055882553,,,
S6j,75p_E1_to_E2,75% epiboly,mcm5,500.0,,0.0033154292,0.00859603602439165,True,,17.900828633769567,0.15387616780234475,,,
S6j,75p_E1_to_E2,75% epiboly,mcm7,500.0,,0.0009454331599999999,0.005937614105641838,True,,17.126183368899834,0.1016886679469883,,,
S6j,75p_E1_to_E2,75% epiboly,mdm2,500.0,,0.0038191495,0.009276122180745005,True,,15.594449730877642,0.14465602104510708,,,
S6j,75p_E1_to_E2,75% epiboly,mef2d,500.0,,0.008702755,0.015104040224105112,True,,7.368143580158862,0.1112887370117013,,,
S6j,75p_E1_to_E2,75% epiboly,meis1b,500.0,,0.023342619,0.030106288101524117,True,,9.143737426885954,0.2752839932985173,,,
S6j,75p_E1_to_E2,75% epiboly,meis2a,500.0,,0.006784658000000001,0.012389687728136771,True,,10.350728001876291,0.12824228770212834,,,
S6j,75p_E1_to_E2,75% epiboly,meis3,500.0,,0.012806221000000001,0.01876694830134511,True,,17.29886831924809,0.3246469674191057,,,
S6j,75p_E1_to_E2,75% epiboly,meox1,500.0,,0.015696883000000002,0.02190938601270316,True,,7.285010751794904,0.15961011266776742,,,
S6j,75p_E1_to_E2,75% epiboly,mespaa,500.0,,0.00842737,0.01411088369786739,True,,8.770799374142694,0.12376372990585564,,,
S6j,75p_E1_to_E2,75% epiboly,mespab,500.0,,0.026669312,0.03454562593251466,True,,6.105854593586724,0.21093056878837327,,,
S6j,75p_E1_to_E2,75% epiboly,mgst3b,500.0,,0.004396312,0.009323874441906806,True,,14.857991027619162,0.13853404280049894,,,
S6j,75p_E1_to_E2,75% epiboly,mibp2,500.0,,0.0040536216,0.00943833012133835,True,,11.168064092909157,0.10540787572514176,,,
S6j,75p_E1_to_E2,75% epiboly,mixl1,500.0,,0.0047871103,0.0104169896338135,True,,12.919591401988479,0.13458324970762,,,
S6j,75p_E1_to_E2,75% epiboly,mki67,500.0,,0.0009518881599999999,0.0055774527834728345,True,,15.529769551672507,0.0866165564126675,,,
S6j,75p_E1_to_E2,75% epiboly,mns1,500.0,,0.0030875828000000004,0.008134083449840544,True,,13.935019002331945,0.11334860744008175,,,
S6j,75p_E1_to_E2,75% epiboly,msgn1,500.0,,0.035239186,0.04164202138781547,True,,12.125564218075441,0.5049330045084275,,,
S6j,75p_E1_to_E2,75% epiboly,msx1b,500.0,,0.008205667,0.013682947261258956,True,,21.544366531461364,0.2947904310272184,,,
S6j,75p_E1_to_E2,75% epiboly,msx3,500.0,,0.01769001,0.024102099891752004,True,,8.410796973702126,0.2027178688294141,,,
S6j,75p_E1_to_E2,75% epiboly,mycb,500.0,,0.010895391,0.017387406621128313,True,,5.58689719495007,0.09714165327903804,,,
S6j,75p_E1_to_E2,75% epiboly,mych,500.0,,0.0028726071999999997,0.007776869367808099,True,,34.68265505701935,0.26972247770718843,,,
S6j,75p_E1_to_E2,75% epiboly,mycla,500.0,,0.0039743437,0.009225258091464638,True,,9.762153122356127,0.09005838208213264,,,
S6j,75p_E1_to_E2,75% epiboly,myclb,500.0,,0.003675392,0.00859049973078072,True,,29.913370661959174,0.2569708026183042,,,
S6j,75p_E1_to_E2,75% epiboly,mycn,500.0,,0.0018732220000000001,0.0066088221501559,True,,41.20597559309758,0.27232296421844665,,,
S6j,75p_E1_to_E2,75% epiboly,myod1,500.0,,0.015580395,0.0225861970335245,True,,11.82033056307706,0.2669763150990501,,,
S6j,75p_E1_to_E2,75% epiboly,nanog,500.0,,0.0052244985,0.010474582063034176,True,,11.040227716674702,0.1156417712128936,,,
S6j,75p_E1_to_E2,75% epiboly,nanos3,500.0,,0.221394,0.25615981370210644,False,,0.9103934807361074,0.2332062244209735,,,
S6j,75p_E1_to_E2,75% epiboly,nap1l1,500.0,,0.0043736435,0.009768390841782087,True,,7.977926101207951,0.07793150026345402,,,
S6j,75p_E1_to_E2,75% epiboly,nasp,500.0,,0.0036023120000000003,0.008667241549119352,True,,21.140892188896178,0.1832332191650537,,,
S6j,75p_E1_to_E2,75% epiboly,ncapd2,500.0,,0.0031903125,0.008551476523280144,True,,9.717334857417121,0.08309756090205432,,,
S6j,75p_E1_to_E2,75% epiboly,nckap5l,500.0,,0.0022537742999999997,0.007010798412375153,True,,22.230886217152534,0.15585626179690565,,,
S6j,75p_E1_to_E2,75% epiboly,ndr1,500.0,,0.019304682,0.02655363213270901,True,,5.284109050491619,0.14031228787587274,,,
S6j,75p_E1_to_E2,75% epiboly,ndr2,500.0,,0.011431648,0.01715532224625349,True,,27.60146526118884,0.4735120310244658,,,
S6j,75p_E1_to_E2,75% epiboly,ndufv3,500.0,,0.003952632,0.008660683594644059,True,,11.235457415237413,0.0973067417144686,,,
S6j,75p_E1_to_E2,75% epiboly,nid2a,500.0,,0.010800006000000001,0.015711979847401383,True,,13.981132532722201,0.21967127259797908,,,
S6j,75p_E1_to_E2,75% epiboly,nip7,500.0,,0.0047104927,0.01023139441385865,True,,8.901214750510656,0.09107183887493094,,,
S6j,75p_E1_to_E2,75% epiboly,nkx1.2la,500.0,,0.0043754023,0.009444369282573459,True,,8.86991383983958,0.08377074180805412,,,
S6j,75p_E1_to_E2,75% epiboly,nkx2.2a,500.0,,0.014331158,0.02061360292136669,True,,5.832246269623067,0.12022360874163203,,,
S6j,75p_E1_to_E2,75% epiboly,nkx2.5,500.0,,0.004377424699999999,0.009759699972346424,True,,16.704981708119636,0.16303560951478271,,,
S6j,75p_E1_to_E2,75% epiboly,nog1,500.0,,0.013454143,0.019961903430521486,True,,17.906275837002386,0.35744334905852193,,,
S6j,75p_E1_to_E2,75% epiboly,nop58,500.0,,0.0026446946,0.008691442478448145,True,,12.481647017746264,0.10848351709103547,,,
S6j,75p_E1_to_E2,75% epiboly,notch1a,500.0,,0.0034608806,0.008847954357042906,True,,15.031110026711966,0.13299457545203744,,,
S6j,75p_E1_to_E2,75% epiboly,noto,500.0,,0.00643541,0.011748453043401238,True,,28.210670004120068,0.33143173186629243,,,
S6j,75p_E1_to_E2,75% epiboly,nr2f2,500.0,,0.005537814,0.01055550365708768,True,,13.573007615598613,0.1432699315241301,,,
S6j,75p_E1_to_E2,75% epiboly,nr6a1a,500.0,,0.005093119,0.010436086216941464,True,,11.642502222390355,0.12150215697379835,,,
S6j,75p_E1_to_E2,75% epiboly,nrarpa,500.0,,0.0018901709,0.007262932881712905,True,,33.78523417335235,0.2453798881940113,,,
S6j,75p_E1_to_E2,75% epiboly,ntd5,500.0,,0.014802694,0.020346948783844708,True,,15.24637994755836,0.3102173119320069,,,
S6j,75p_E1_to_E2,75% epiboly,oclna,500.0,,0.02710483,0.033888227120041844,True,,6.274981757500195,0.21264800697228595,,,
S6j,75p_E1_to_E2,75% epiboly,olig4,500.0,,0.03847812,0.04758879207074642,True,,7.329582706067907,0.3488059873644045,,,
S6j,75p_E1_to_E2,75% epiboly,osr1,500.0,,0.008928574,0.014914658013731241,True,,13.93374191854274,0.2078169955666564,,,
S6j,75p_E1_to_E2,75% epiboly,otx2b,500.0,,0.005425493000000001,0.011107979295775292,True,,22.478089003188643,0.2496861472560137,,,
S6j,75p_E1_to_E2,75% epiboly,pax2a,500.0,,0.008265076,0.014257734827697275,True,,8.102441769640203,0.11552246620838827,,,
S6j,75p_E1_to_E2,75% epiboly,pax3a,500.0,,0.007456964,0.013569454615935679,True,,15.30540439563445,0.20768599032510413,,,
S6j,75p_E1_to_E2,75% epiboly,pax6a,500.0,,0.0055980305,0.010497703030705451,True,,16.158089141076662,0.1696228213466893,,,
S6j,75p_E1_to_E2,75% epiboly,pax6b,500.0,,0.009031609,0.01496771341189742,True,,13.6620770725452,0.20449005423311103,,,
S6j,75p_E1_to_E2,75% epiboly,pbx1b,500.0,,0.00636732,0.01162312142550945,True,,10.963682417392135,0.12743221200807178,,,
S6j,75p_E1_to_E2,75% epiboly,pbx4,500.0,,0.00068297074,0.005684654158540067,True,,27.887805867659125,0.15853253159814654,,,
S6j,75p_E1_to_E2,75% epiboly,pcdh10b,500.0,,0.04935146,0.055840605497360224,True,,6.29173444947342,0.3513342612871962,,,
S6j,75p_E1_to_E2,75% epiboly,pcdh7b,500.0,,0.009138026,0.014794802386313675,True,,7.04508761781367,0.1042306790998186,,,
S6j,75p_E1_to_E2,75% epiboly,PCDH8,500.0,,0.014574472,0.02174752289429306,True,,3.7823779895575274,0.08225735192277249,,,
S6j,75p_E1_to_E2,75% epiboly,pcdh8,500.0,,0.0065302616,0.011981846811249851,True,,16.094749252589825,0.19284482001000933,,,
S6j,75p_E1_to_E2,75% epiboly,pdap1a,500.0,,0.004219112,0.008875590842217194,True,,13.1441652603942,0.11666223281374415,,,
S6j,75p_E1_to_E2,75% epiboly,perp,500.0,,0.014669483999999998,0.02087791264057159,True,,9.382045450853042,0.1958775253127819,,,
S6j,75p_E1_to_E2,75% epiboly,pfn2,500.0,,0.004901395,0.010680979629978537,True,,16.10970653509591,0.1720674473462915,,,
S6j,75p_E1_to_E2,75% epiboly,pitx2,500.0,,0.0062490287,0.011725424928590656,True,,11.071815480794287,0.12982174124326126,,,
S6j,75p_E1_to_E2,75% epiboly,pknox1.1,500.0,,0.0032168778,0.008844724157825105,True,,16.61756664476457,0.14697779314721787,,,
S6j,75p_E1_to_E2,75% epiboly,plagl2,500.0,,0.0046364143,0.009286344237625598,True,,12.568218433700219,0.11671280282901185,,,
S6j,75p_E1_to_E2,75% epiboly,plekhg5b,500.0,,0.01807366,0.02397694448009133,True,,7.179535576042219,0.17214332589960482,,,
S6j,75p_E1_to_E2,75% epiboly,pmp22b,500.0,,0.014119167,0.0204265003092587,True,,7.108195328934373,0.1451955540847492,,,
S6j,75p_E1_to_E2,75% epiboly,pold3,500.0,,0.0036812383,0.008295852132141584,True,,9.734778574545803,0.08075828359357201,,,
S6j,75p_E1_to_E2,75% epiboly,ppan,500.0,,0.005265272,0.010404345067217944,True,,10.517403124484169,0.10942669131816946,,,
S6j,75p_E1_to_E2,75% epiboly,ppp1r7,500.0,,0.0047736770000000005,0.010139053547754885,True,,15.230613206777399,0.1544240028686588,,,
S6j,75p_E1_to_E2,75% epiboly,prdm1a,500.0,,0.0151569825,0.021290681231766938,True,,17.300424975386864,0.3683378333250611,,,
S6j,75p_E1_to_E2,75% epiboly,prickle1b,500.0,,0.0027447853,0.0075787581037729986,True,,31.366565457785,0.2377196121507143,,,
S6j,75p_E1_to_E2,75% epiboly,prmt1,500.0,,0.0022439477,0.007690201280638569,True,,15.798151140150807,0.1214909621297094,,,
S6j,75p_E1_to_E2,75% epiboly,prox1a,500.0,,0.014736778,0.020921350736171008,True,,6.07261892014599,0.1270473903154823,,,
S6j,75p_E1_to_E2,75% epiboly,ptp4a2b,500.0,,0.00290443,0.007843834860250353,True,,17.069244548505864,0.1338883354277086,,,
S6j,75p_E1_to_E2,75% epiboly,pttg1,500.0,,0.004430622,0.009497357020154593,True,,7.488512771952239,0.07112107934521793,,,
S6j,75p_E1_to_E2,75% epiboly,rab11fip4a,500.0,,0.0040448806,0.009604720165953037,True,,16.04001278844136,0.15405983429128733,,,
S6j,75p_E1_to_E2,75% epiboly,rac1a,500.0,,0.003571238,0.009146678028628223,True,,18.38531472329731,0.16816455422899848,,,
S6j,75p_E1_to_E2,75% epiboly,raraa,500.0,,0.0028654797999999996,0.007918577129021283,True,,22.687793338006802,0.17965504143430208,,,
S6j,75p_E1_to_E2,75% epiboly,rasgef1ba,500.0,,0.00845346,0.01387660182081163,True,,12.65035908277209,0.1755439958819161,,,
S6j,75p_E1_to_E2,75% epiboly,rasl11b,500.0,,0.0024834275,0.00710343446116894,True,,33.77386353663907,0.23991042613297905,,,
S6j,75p_E1_to_E2,75% epiboly,rbbp4,500.0,,0.0039700675,0.008702431386336676,True,,12.286264123886468,0.1069203705325319,,,
S6j,75p_E1_to_E2,75% epiboly,rbm4.3,500.0,,0.0064781223999999995,0.013119780970737335,True,,44.480071174012146,0.5835687913658468,,,
S6j,75p_E1_to_E2,75% epiboly,rbm7,500.0,,0.0058035385,0.010831774352118372,True,,6.791181771930466,0.07356054853777022,,,
S6j,75p_E1_to_E2,75% epiboly,rbmx,500.0,,0.0029671034,0.009183783084154127,True,,17.094794343600544,0.15699488311985232,,,
S6j,75p_E1_to_E2,75% epiboly,rcc1,500.0,,0.0013683616,0.006580578233115374,True,,11.001406109546659,0.07239561357814524,,,
S6j,75p_E1_to_E2,75% epiboly,rdh10b,500.0,,0.0049578976,0.01095093474723398,True,,16.271100251395485,0.17818375711873438,,,
S6j,75p_E1_to_E2,75% epiboly,rfx2,500.0,,0.004367277,0.009531229501590131,True,,11.08151180814243,0.10562043226798652,,,
S6j,75p_E1_to_E2,75% epiboly,rhov,500.0,,0.0033452213,0.008200674923136825,True,,15.062694165786276,0.12352425832024287,,,
S6j,75p_E1_to_E2,75% epiboly,ripply1,500.0,,0.007826103000000001,0.013871898688375949,True,,11.992917066672682,0.1663645305269783,,,
S6j,75p_E1_to_E2,75% epiboly,rnd1b,500.0,,0.0049441075,0.010263000288978214,True,,20.19845841780014,0.20729678457879727,,,
S6j,75p_E1_to_E2,75% epiboly,rpl10,500.0,,0.0004632609,0.005617602728307243,True,,63.50154529949041,0.3567264541261433,,,
S6j,75p_E1_to_E2,75% epiboly,rpl19,500.0,,0.0035964971999999998,0.008773924550041556,True,,19.75416770396407,0.1733215769834484,,,
S6j,75p_E1_to_E2,75% epiboly,rpl31,500.0,,0.0038392083000000003,0.009573503304272887,True,,19.492464274611333,0.1866111711414128,,,
S6j,75p_E1_to_E2,75% epiboly,rpl34,500.0,,0.0042789564000000006,0.008834464056417345,True,,11.521827709242515,0.1017891727615364,,,
S6j,75p_E1_to_E2,75% epiboly,rpl38,500.0,,0.0035874316999999997,0.008350420510396361,True,,9.588447578925601,0.08006756932592067,,,
S6j,75p_E1_to_E2,75% epiboly,rpl4,500.0,,0.004335231,0.010000905860215424,True,,36.545405222907284,0.3654871572577208,,,
S6j,75p_E1_to_E2,75% epiboly,rpl5a,500.0,,0.0037108379999999997,0.009852289408445358,True,,7.679961732978732,0.07566520563909201,,,
S6j,75p_E1_to_E2,75% epiboly,rpl6,500.0,,0.0024241167000000003,0.007763085537590085,True,,30.451259466863142,0.2363957319686084,,,
S6j,75p_E1_to_E2,75% epiboly,rplp0,500.0,,0.00038503745,0.0051709549268707635,True,,49.56143836155679,0.2562799638784937,,,
S6j,75p_E1_to_E2,75% epiboly,rplp2l,500.0,,0.003125192,0.00887072398327291,True,,26.242719471344294,0.2327919210007568,,,
S6j,75p_E1_to_E2,75% epiboly,rps3,500.0,,0.0022084261,0.007790215802378937,True,,27.617499052074795,0.2151462775376584,,,
S6j,75p_E1_to_E2,75% epiboly,rps6,500.0,,0.00026097560000000003,0.005240945937111972,True,,53.24936318838323,0.2790770336559569,,,
S6j,75p_E1_to_E2,75% epiboly,rrbp1b,500.0,,0.015402803999999999,0.02042160267010331,True,,16.910826534246844,0.3453461803054293,,,
S6j,75p_E1_to_E2,75% epiboly,rreb1a,500.0,,0.005552955,0.01106316233053803,True,,20.755197116864363,0.22961811490618536,,,
S6j,75p_E1_to_E2,75% epiboly,rreb1b,500.0,,0.004337388,0.00959061193279922,True,,16.974972987104255,0.1628003784890665,,,
S6j,75p_E1_to_E2,75% epiboly,rrm2,500.0,,0.0008744813000000001,0.005791028821840882,True,,58.66811014995927,0.3397487168013497,,,
S6j,75p_E1_to_E2,75% epiboly,rrp8,500.0,,0.004388457,0.009526766464114187,True,,17.696613647652832,0.16859150542684442,,,
S6j,75p_E1_to_E2,75% epiboly,rx3,500.0,,0.013015607,0.01900619687512517,True,,8.496698876016392,0.1614899316262223,,,
S6j,75p_E1_to_E2,75% epiboly,rxraa,500.0,,0.012212632,0.01767427287995815,True,,4.878752931003225,0.08622841061644664,,,
S6j,75p_E1_to_E2,75% epiboly,rxrgb,500.0,,0.0038876177,0.009061430348083377,True,,13.289283445391144,0.12041991631634932,,,
S6j,75p_E1_to_E2,75% epiboly,sall1a,500.0,,0.010120561,0.015637112222611903,True,,7.489445936436651,0.1171133065932446,,,
S6j,75p_E1_to_E2,75% epiboly,sall3a,500.0,,0.0043355003000000005,0.009441970661282538,True,,14.125488963818832,0.1333724523726477,,,
S6j,75p_E1_to_E2,75% epiboly,sall3b,500.0,,0.012535075,0.01901398990303277,True,,12.726626852658702,0.24198395447611826,,,
S6j,75p_E1_to_E2,75% epiboly,sdc4,500.0,,0.0026411103999999996,0.00791022665798664,True,,16.14666400288255,0.1277237720331548,,,
S6j,75p_E1_to_E2,75% epiboly,sebox,500.0,,0.015633047,0.023390587512403724,True,,4.5290828303365505,0.10593790829391224,,,
S6j,75p_E1_to_E2,75% epiboly,sept9a,500.0,,0.0067391237,0.01155479815788567,True,,29.23798269450682,0.3378389885787805,,,
S6j,75p_E1_to_E2,75% epiboly,shha,500.0,,0.010469258,0.017149785254150625,True,,15.575362553688718,0.2671141230513006,,,
S6j,75p_E1_to_E2,75% epiboly,si:ch211-106e7.2,500.0,,0.0043855463,0.009246761491522187,True,,16.12804099357087,0.14913214839304234,,,
S6j,75p_E1_to_E2,75% epiboly,si:ch211-113a14.12,500.0,,0.0036137272,0.009156108181923623,True,,19.680362612132672,0.18019552913617173,,,
S6j,75p_E1_to_E2,75% epiboly,si:ch211-113a14.18,500.0,,0.003176632,0.008127516182139513,True,,14.462292402515278,0.11754251553227625,,,
S6j,75p_E1_to_E2,75% epiboly,si:ch211-114n24.6,500.0,,0.005537614000000001,0.010558588290587066,True,,8.20574450966959,0.08664107789534642,,,
S6j,75p_E1_to_E2,75% epiboly,si:ch211-155e24.3,500.0,,0.004385231,0.009896482201293107,True,,9.65613197103673,0.09556173818470233,,,
S6j,75p_E1_to_E2,75% epiboly,si:ch211-161h7.4,500.0,,0.0047671017,0.010419048834592104,True,,7.062038241851505,0.0735797213136078,,,
S6j,75p_E1_to_E2,75% epiboly,si:ch211-163l21.7,500.0,,0.014232183,0.021376260090619315,True,,5.270085995244519,0.11265472893427718,,,
S6j,75p_E1_to_E2,75% epiboly,si:dkey-108k21.14,500.0,,0.00076090416,0.005804614466615021,True,,37.759053842684516,0.21917675018094204,,,
S6j,75p_E1_to_E2,75% epiboly,si:dkey-108k21.21,500.0,,0.012439843,0.018907091021537783,True,,5.185351633228012,0.09803991530812163,,,
S6j,75p_E1_to_E2,75% epiboly,si:dkey-261h17.1,500.0,,0.0045663872999999995,0.010150410700589418,True,,15.821667177181224,0.16059641981642467,,,
S6j,75p_E1_to_E2,75% epiboly,si:dkey-261m9.12,500.0,,0.0008919111,0.006083086063154041,True,,33.4824107848362,0.2036763864060356,,,
S6j,75p_E1_to_E2,75% epiboly,si:dkey-66i24.9,500.0,,0.0044964029999999995,0.010775892296805976,True,,9.444674205773067,0.1017747920198321,,,
S6j,75p_E1_to_E2,75% epiboly,si:dkey-68o6.5,500.0,,0.0055809906,0.01092087752185762,True,,8.299353037352637,0.09063621803158517,,,
S6j,75p_E1_to_E2,75% epiboly,si:dkey-92i17.2,500.0,,0.005019126,0.01003541816025972,True,,9.706627193954276,0.09741006281707958,,,
S6j,75p_E1_to_E2,75% epiboly,six3b,500.0,,0.021170333,0.02772576948627829,True,,6.281363247919754,0.1741556294714034,,,
S6j,75p_E1_to_E2,75% epiboly,skia,500.0,,0.0038141636,0.009076643921434877,True,,13.943911697238617,0.12656392134776556,,,
S6j,75p_E1_to_E2,75% epiboly,skila,500.0,,0.0041170754,0.009482823219150295,True,,10.432344291139147,0.09892807667418432,,,
S6j,75p_E1_to_E2,75% epiboly,skilb,500.0,,0.0038297279999999997,0.008808159083127973,True,,13.999856181694641,0.12331296038927896,,,
S6j,75p_E1_to_E2,75% epiboly,smtnl,500.0,,0.02936061,0.036539224348962285,True,,6.813772941909101,0.2489699781873054,,,
S6j,75p_E1_to_E2,75% epiboly,snai1a,500.0,,0.0029575041999999998,0.007889712927863002,True,,37.04843121602621,0.2923014867221252,,,
S6j,75p_E1_to_E2,75% epiboly,snai2,500.0,,0.0043818224,0.0093518593814224,True,,20.500810262923764,0.1917206947840842,,,
S6j,75p_E1_to_E2,75% epiboly,snrpc,500.0,,0.0046026106,0.009617305081337688,True,,7.428795475432648,0.07144499247409683,,,
S6j,75p_E1_to_E2,75% epiboly,snrpd3,500.0,,0.011634108999999998,0.017523648217320442,True,,9.140959737364096,0.16018296280625827,,,
S6j,75p_E1_to_E2,75% epiboly,snrpg,500.0,,0.0038451566,0.009176989877596495,True,,7.320819123500579,0.06718308299207966,,,
S6j,75p_E1_to_E2,75% epiboly,sox10,500.0,,0.011253758999999999,0.017197345197200772,True,,6.361039101958672,0.10939298524927528,,,
S6j,75p_E1_to_E2,75% epiboly,sox11a,500.0,,0.0011531669,0.00571149867027998,True,,38.74283053278557,0.22127962507088736,,,
S6j,75p_E1_to_E2,75% epiboly,sox11b,500.0,,0.0017924951,0.006270958110690116,True,,23.29936415663237,0.14610933663195635,,,
S6j,75p_E1_to_E2,75% epiboly,sox13,500.0,,0.006302001999999999,0.012148872809484595,True,,15.984265953601557,0.1941908140232803,,,
S6j,75p_E1_to_E2,75% epiboly,sox17,500.0,,0.10413172,0.11480396017432212,True,,3.1157741547595506,0.3577032119751976,,,
S6j,75p_E1_to_E2,75% epiboly,sox19a,500.0,,0.0017868151999999998,0.0069563491968438005,True,,38.32725324566249,0.2666177573326932,,,
S6j,75p_E1_to_E2,75% epiboly,sox2,500.0,,0.0018800781,0.0066076555754989285,True,,24.357852127767938,0.16094829741922426,,,
S6j,75p_E1_to_E2,75% epiboly,sox3,500.0,,0.0033728866999999997,0.008411844121292233,True,,35.236626118040114,0.2964050062652081,,,
S6j,75p_E1_to_E2,75% epiboly,sox32,500.0,,0.056267637999999995,0.0643052227795124,True,,5.473283241933872,0.3519606982079295,,,
S6j,75p_E1_to_E2,75% epiboly,sox5,500.0,,0.02344548,0.02981258714571595,True,,6.502082463669365,0.1938439000767744,,,
S6j,75p_E1_to_E2,75% epiboly,sp5a,500.0,,0.010981528999999999,0.017140495125204318,True,,8.425774093913315,0.144421939782794,,,
S6j,75p_E1_to_E2,75% epiboly,sp5l,500.0,,0.010083365,0.0168872750364244,True,,15.84459175646593,0.2675719788313029,,,
S6j,75p_E1_to_E2,75% epiboly,sp8b,500.0,,0.008374769,0.014225992467254396,True,,18.502266354514056,0.2632131017864514,,,
S6j,75p_E1_to_E2,75% epiboly,spon1b,500.0,,0.016492777,0.023266583681106567,True,,4.628081846384144,0.10767965356190687,,,
S6j,75p_E1_to_E2,75% epiboly,srp19,500.0,,0.0034173947999999997,0.008179209614172572,True,,15.440113288678717,0.12628792305467465,,,
S6j,75p_E1_to_E2,75% epiboly,srrm4,500.0,,0.0047546346,0.009817999880760908,True,,11.145638889633977,0.10942788128943053,,,
S6j,75p_E1_to_E2,75% epiboly,stmn1a,500.0,,0.003988226,0.009113561129197477,True,,8.839913181432555,0.08056308915578414,,,
S6j,75p_E1_to_E2,75% epiboly,stox1,500.0,,0.004285592,0.009773939242586491,True,,9.378944685384015,0.09166923551452284,,,
S6j,75p_E1_to_E2,75% epiboly,supt16h,500.0,,0.0006079737000000001,0.005498074693605303,True,,17.746203510801685,0.09756995243030832,,,
S6j,75p_E1_to_E2,75% epiboly,syne2b,500.0,,0.00488595,0.010571282915771007,True,,13.494917287918556,0.14265858857551625,,,
S6j,75p_E1_to_E2,75% epiboly,tagln2,500.0,,0.008439999,0.01352035836316645,True,,16.44524018284627,0.22234554064042653,,,
S6j,75p_E1_to_E2,75% epiboly,tbr1b,500.0,,0.016957893999999998,0.023922294843941923,True,,4.081394069383286,0.09763631230210293,,,
S6j,75p_E1_to_E2,75% epiboly,tbx1,500.0,,0.09891365,0.110652706772089,True,,4.43931712208179,0.4912224557780303,,,
S6j,75p_E1_to_E2,75% epiboly,tbx16,500.0,,0.0023155032999999997,0.0072342555737122845,True,,53.79740147674743,0.3891841514843976,,,
S6j,75p_E1_to_E2,75% epiboly,tbx16l,500.0,,0.0040939096,0.00881246612407267,True,,35.10842376265647,0.3093917950779981,,,
S6j,75p_E1_to_E2,75% epiboly,tbx3b,500.0,,0.0040095320000000005,0.00927339624613523,True,,15.181888550680217,0.14078766829512135,,,
S6j,75p_E1_to_E2,75% epiboly,tbx6,500.0,,0.033224154,0.04096837043762207,True,,6.441127210250052,0.2638824855853713,,,
S6j,75p_E1_to_E2,75% epiboly,tbxta,500.0,,0.005726941,0.011272246623411772,True,,35.468551642338944,0.3998102614876612,,,
S6j,75p_E1_to_E2,75% epiboly,tbxtb,500.0,,0.0072827186,0.012758626881986855,True,,19.815659101935985,0.25282060090224795,,,
S6j,75p_E1_to_E2,75% epiboly,tcf3b,500.0,,0.0032869827,0.008219499466940759,True,,22.776651499512838,0.1872126748589412,,,
S6j,75p_E1_to_E2,75% epiboly,tcf7,500.0,,0.006399503000000001,0.011994758993387216,True,,15.133739928053945,0.18152556310560825,,,
S6j,75p_E1_to_E2,75% epiboly,tcf7l1a,500.0,,0.0066666780000000005,0.012198516540229321,True,,17.422585029509275,0.21252969165602065,,,
S6j,75p_E1_to_E2,75% epiboly,tcf7l1b,500.0,,0.0037311781,0.009146380703896272,True,,13.196800256734827,0.12070295922137278,,,
S6j,75p_E1_to_E2,75% epiboly,tcf7l2,500.0,,0.0032484303,0.008522110804915427,True,,12.63167395367575,0.10764852508478888,,,
S6j,75p_E1_to_E2,75% epiboly,tdgf1,500.0,,0.002220748,0.007590862107463175,True,,25.340964337856366,0.19235976595880955,,,
S6j,75p_E1_to_E2,75% epiboly,tead1a,500.0,,0.004843778,0.010377961210906506,True,,14.584657184978724,0.15135900654007806,,,
S6j,75p_E1_to_E2,75% epiboly,tead1b,500.0,,0.005939329,0.01177354105748236,True,,10.930175117931066,0.1286868655164335,,,
S6j,75p_E1_to_E2,75% epiboly,tfap2a,500.0,,0.0030622517,0.007950876327231527,True,,42.54319991187969,0.3382557210640426,,,
S6j,75p_E1_to_E2,75% epiboly,tlcd5a,500.0,,0.0034805627000000002,0.008802509028464555,True,,12.879004401692747,0.11336755252353516,,,
S6j,75p_E1_to_E2,75% epiboly,tmed10,500.0,,0.004371178,0.010033144569024441,True,,14.09170566664988,0.14138412017763918,,,
S6j,75p_E1_to_E2,75% epiboly,tmed2,500.0,,0.00601926,0.011206876160576936,True,,13.690662894490924,0.15342956361476556,,,
S6j,75p_E1_to_E2,75% epiboly,tp63,500.0,,0.007782916500000001,0.014115276467055075,True,,26.9188104132921,0.37996645114785904,,,
S6j,75p_E1_to_E2,75% epiboly,tph1b,500.0,,0.019762319,0.02653385326266288,True,,12.0655031338419,0.3201442896935601,,,
S6j,75p_E1_to_E2,75% epiboly,tpx2,500.0,,0.0060419776,0.01135546592995524,True,,11.396197642847977,0.1294091340643964,,,
S6j,75p_E1_to_E2,75% epiboly,tram1,500.0,,0.0010919760000000001,0.005999740236438804,True,,26.834235919538862,0.16099844496054874,,,
S6j,75p_E1_to_E2,75% epiboly,trps1,500.0,,0.00410832,0.009200668334960936,True,,8.071119474468533,0.07425969337642918,,,
S6j,75p_E1_to_E2,75% epiboly,tshz3b,500.0,,0.022102546,0.029662408959120506,True,,4.538986132845937,0.13463726293225306,,,
S6j,75p_E1_to_E2,75% epiboly,tuba1a,500.0,,0.0016474322,0.007066012010909615,True,,21.928574712373166,0.15494757229975764,,,
S6j,75p_E1_to_E2,75% epiboly,tuba8l,500.0,,0.0024351804,0.007549583050422369,True,,19.746097524680785,0.14907480318431715,,,
S6j,75p_E1_to_E2,75% epiboly,tuba8l2,500.0,,0.0031997552000000004,0.008015240030363201,True,,27.00024455519644,0.21641344098840656,,,
S6j,75p_E1_to_E2,75% epiboly,tuba8l4,500.0,,0.0005537354,0.005204388941638168,True,,19.758629394896456,0.10283159232472597,,,
S6j,75p_E1_to_E2,75% epiboly,tubb2b,500.0,,0.0023916822,0.008089189510792493,True,,34.262879800761105,0.2771589278938607,,,
S6j,75p_E1_to_E2,75% epiboly,twist1a,500.0,,0.033513657999999995,0.04260946195572615,True,,2.412129214338689,0.10277952799066,,,
S6j,75p_E1_to_E2,75% epiboly,twist2,500.0,,0.047622234000000006,0.058589919656515124,True,,9.431024369696418,0.5525629600991493,,,
S6j,75p_E1_to_E2,75% epiboly,ube2c,500.0,,0.0033400584999999997,0.008629511715844269,True,,7.272643847411215,0.06275936528639782,,,
S6j,75p_E1_to_E2,75% epiboly,uhrf1,500.0,,0.0009843223,0.005655051791109144,True,,15.677059334908233,0.08865458247119712,,,
S6j,75p_E1_to_E2,75% epiboly,unc5b,500.0,,0.0029922002,0.00787138263694942,True,,26.206484469183685,0.20628126682621709,,,
S6j,75p_E1_to_E2,75% epiboly,uncx4.1,500.0,,0.04517343,0.05286971423774955,True,,4.39867958512927,0.2325569326892072,,,
S6j,75p_E1_to_E2,75% epiboly,unga,500.0,,0.0049860077000000004,0.0105199231300503,True,,9.745790976669616,0.1025249719161022,,,
S6j,75p_E1_to_E2,75% epiboly,usf1,500.0,,0.004319925,0.008872661041095848,True,,9.998755827286356,0.08871557128819373,,,
S6j,75p_E1_to_E2,75% epiboly,vent,500.0,,0.038264632,0.045733686350286,True,,3.9123968686455175,0.17892833126847518,,,
S6j,75p_E1_to_E2,75% epiboly,vgll4l,500.0,,0.019814335,0.026134901214390983,True,,8.581603148064884,0.2242793505357824,,,
S6j,75p_E1_to_E2,75% epiboly,vox,500.0,,0.0072826548,0.012593040382489559,True,,10.972505009923651,0.13817719868703754,,,
S6j,75p_E1_to_E2,75% epiboly,vrtn,500.0,,0.0010886206,0.006025099568068979,True,,26.47114804221498,0.15949130263543948,,,
S6j,75p_E1_to_E2,75% epiboly,vsx2,500.0,,0.011776932,0.0169564657844603,True,,7.6690228545817805,0.13003952363396,,,
S6j,75p_E1_to_E2,75% epiboly,wnt11f2,500.0,,0.0025224076,0.007361207902431488,True,,31.538050073610766,0.23215814342914354,,,
S6j,75p_E1_to_E2,75% epiboly,wnt8a,500.0,,0.0032848073,0.00785231264308095,True,,22.15908569941327,0.1740000687966171,,,
S6j,75p_E1_to_E2,75% epiboly,xbp1,500.0,,0.0011939850999999999,0.005893976660445332,True,,63.156780031462844,0.37224458745432176,,,
S6j,75p_E1_to_E2,75% epiboly,ypel3,500.0,,0.004089972,0.009399973461404443,True,,17.181268655971643,0.16150346939939342,,,
S6j,75p_E1_to_E2,75% epiboly,zbtb18,500.0,,0.0045786207,0.009632567735388876,True,,11.358106554946321,0.10940773073628483,,,
S6j,75p_E1_to_E2,75% epiboly,zc4h2,500.0,,0.003390497,0.007967829192057251,True,,19.096563133443276,0.15215815320261364,,,
S6j,75p_E1_to_E2,75% epiboly,zeb1a,500.0,,0.0028424307,0.008150293072685598,True,,21.36880157566759,0.17416199545375666,,,
S6j,75p_E1_to_E2,75% epiboly,zeb1b,500.0,,0.005766945999999999,0.010662317648530008,True,,13.768895097939602,0.14680833320351974,,,
S6j,75p_E1_to_E2,75% epiboly,zeb2a,500.0,,0.0048126886,0.01007700841873884,True,,9.505409178337613,0.09578608831366557,,,
S6j,75p_E1_to_E2,75% epiboly,zeb2b,500.0,,0.007882617,0.014028431847691534,True,,21.0636240059756,0.2954896138332281,,,
S6j,75p_E1_to_E2,75% epiboly,zfand5a,500.0,,0.0033021671999999996,0.008201931649819015,True,,9.798108685456619,0.08036341773561323,,,
S6j,75p_E1_to_E2,75% epiboly,zgc:113372,500.0,,0.007235318399999999,0.013674326660111544,True,,7.691752943730946,0.10517954234145152,,,
S6j,75p_E1_to_E2,75% epiboly,zgc:113424,500.0,,0.008141801,0.01440554386936128,True,,6.684835004175879,0.09629868391209752,,,
S6j,75p_E1_to_E2,75% epiboly,zgc:174154,500.0,,0.013921778000000001,0.019094625208526846,True,,8.488105550829744,0.16207719422351027,,,
S6j,75p_E1_to_E2,75% epiboly,zgc:175088,500.0,,0.0034347912,0.008738731453195214,True,,16.03584376180299,0.14013293225979204,,,
S6j,75p_E1_to_E2,75% epiboly,zic2a,500.0,,0.006363321999999999,0.012125370185822243,True,,34.77791481940704,0.4216950914763037,,,
S6j,75p_E1_to_E2,75% epiboly,zic2b,500.0,,0.0066899117000000004,0.012178369797766209,True,,16.18958362210618,0.1971627362218684,,,
S6j,75p_E1_to_E2,75% epiboly,zmp:0000000624,500.0,,0.0050924798,0.010257295146584508,True,,8.516277790635273,0.08735397484884863,,,
S6j,75p_E1_to_E2,75% epiboly,znf1004,500.0,,0.021212757000000002,0.02712779724970459,True,,8.296249758372857,0.22505898137804956,,,
S6j,75p_E1_to_E2,75% epiboly,znf576.2,500.0,,0.005144567,0.01009753793478011,True,,12.112615244770296,0.12230759192346392,,,
S6j,75p_E1_to_E2,75% epiboly,znfl2a,500.0,,0.0051237185999999995,0.010452479589730496,True,,19.882031996636574,0.20781653364721245,,,
S6j,75p_E1_to_E2,75% epiboly,zswim5,500.0,,0.0018491157000000002,0.007550273532979191,True,,14.758335306226295,0.11142946845343274,,,
S6j,75p_E2_to_E1,75% epiboly,ackr3b,500.0,,0.006305839000000001,0.011351723689585922,True,,13.715527939645295,0.1556948834276491,,,
S6j,75p_E2_to_E1,75% epiboly,acvr1ba,500.0,,0.0030487878,0.00865677800029516,True,,18.70534130304577,0.16192798708021902,,,
S6j,75p_E2_to_E1,75% epiboly,adka,500.0,,0.002554484,0.00790365999564528,True,,18.485606893085453,0.14610395169610413,,,
S6j,75p_E2_to_E1,75% epiboly,admp,500.0,,0.007208568,0.012208158336579795,True,,27.990439546556132,0.341711717894822,,,
S6j,75p_E2_to_E1,75% epiboly,ahi1,500.0,,0.0018308767000000002,0.006670776405371723,True,,24.507463035069463,0.16348380616986105,,,
S6j,75p_E2_to_E1,75% epiboly,akap12b,500.0,,0.0008572647,0.00646502340678125,True,,30.699449565349223,0.1984726600152832,,,
S6j,75p_E2_to_E1,75% epiboly,alcamb,500.0,,0.00033666699999999997,0.005058131436817347,True,,51.39370122464022,0.25995609581875084,,,
S6j,75p_E2_to_E1,75% epiboly,aldob,500.0,,-0.00015051202,0.004416236607357858,True,,35.52755929025133,0.1568981079076847,,,
S6j,75p_E2_to_E1,75% epiboly,anp32e,500.0,,0.0017100889,0.006754502910189321,True,,34.780481088112296,0.23492486072743915,,,
S6j,75p_E2_to_E1,75% epiboly,apex1,500.0,,0.0031724505,0.008681017719209193,True,,12.19076230107994,0.1058282235463424,,,
S6j,75p_E2_to_E1,75% epiboly,aplnra,500.0,,0.0014525428,0.006529750232584774,True,,19.294374188271256,0.1259874443434419,,,
S6j,75p_E2_to_E1,75% epiboly,aplnrb,500.0,,0.0023356445999999998,0.007770720985718067,True,,10.85392824987906,0.08434284802881338,,,
S6j,75p_E2_to_E1,75% epiboly,apoc1,500.0,,0.010830978,0.01640674294903874,True,,25.501995461547306,0.4184046842251592,,,
S6j,75p_E2_to_E1,75% epiboly,arf5,500.0,,0.002660212,0.0072116802679374785,True,,20.383751495451147,0.14700109844628612,,,
S6j,75p_E2_to_E1,75% epiboly,arhgap5,500.0,,0.004135606,0.009070825111120938,True,,8.936890810047709,0.0810649735751267,,,
S6j,75p_E2_to_E1,75% epiboly,arl4aa,500.0,,0.008534515,0.013797667250037194,True,,10.328041813246404,0.14250288428364466,,,
S6j,75p_E2_to_E1,75% epiboly,arl4ab,500.0,,0.0054194243000000005,0.010495979199185969,True,,19.32840390036892,0.2028705252917371,,,
S6j,75p_E2_to_E1,75% epiboly,arl4d,500.0,,0.0026199070000000003,0.007742604799568652,True,,22.80023321800811,0.1765331951450342,,,
S6j,75p_E2_to_E1,75% epiboly,arl6ip5a,500.0,,0.009558786,0.015234480146318669,True,,11.294510023539488,0.17206598871600953,,,
S6j,75p_E2_to_E1,75% epiboly,aspm,500.0,,0.003957092,0.008624309953302144,True,,13.05357729769068,0.11257809661467263,,,
S6j,75p_E2_to_E1,75% epiboly,atf6,500.0,,0.0021585794,0.0069808701518922975,True,,19.047649134416545,0.13296916530616562,,,
S6j,75p_E2_to_E1,75% epiboly,atoh1c,500.0,,0.010673106000000002,0.017264766991138453,True,,9.5456945769447,0.1648041926395242,,,
S6j,75p_E2_to_E1,75% epiboly,atp2b1a,500.0,,0.00065438985,0.00524435616098344,True,,35.640552822396245,0.18691175277498945,,,
S6j,75p_E2_to_E1,75% epiboly,atrxl,500.0,,0.0026300728999999997,0.008362319087609649,True,,13.63166222177351,0.11399230919298398,,,
S6j,75p_E2_to_E1,75% epiboly,aurkb,500.0,,0.003113431,0.008166892919689412,True,,14.991244294094303,0.12243188688277305,,,
S6j,75p_E2_to_E1,75% epiboly,axin2,500.0,,0.003122065,0.008043001359328627,True,,23.622482526095574,0.18999565906810345,,,
S6j,75p_E2_to_E1,75% epiboly,bach1b,500.0,,0.009962697,0.015830340422689913,True,,8.685464989570207,0.13749386751425127,,,
S6j,75p_E2_to_E1,75% epiboly,baz1b,500.0,,0.0032476624,0.008245508931577205,True,,15.93223368171468,0.13136937512255356,,,
S6j,75p_E2_to_E1,75% epiboly,bcl2l1,500.0,,0.0016982595,0.0068392971297726035,True,,17.991619449004332,0.12305003125753627,,,
S6j,75p_E2_to_E1,75% epiboly,bhlha15,500.0,,0.006248961999999999,0.011323916306719185,True,,13.093060988946013,0.14826472683759456,,,
S6j,75p_E2_to_E1,75% epiboly,blf,500.0,,0.008566888,0.014169391943141816,True,,13.72027417174698,0.1944079423068484,,,
S6j,75p_E2_to_E1,75% epiboly,bmp7a,500.0,,0.0039164424,0.009380789194256068,True,,30.167467445243478,0.2829946526284117,,,
S6j,75p_E2_to_E1,75% epiboly,brd2a,500.0,,0.0010278053,0.006287271808832877,True,,24.92549058656605,0.15671333428624598,,,
S6j,75p_E2_to_E1,75% epiboly,btg2,500.0,,0.000970342,0.005764571763575071,True,,20.560024092498754,0.11851973434204148,,,
S6j,75p_E2_to_E1,75% epiboly,c1qbp,500.0,,0.0013800623000000001,0.00645895944908261,True,,40.991783881672454,0.2647642698372805,,,
S6j,75p_E2_to_E1,75% epiboly,C7H16orf87,500.0,,0.0037111471999999998,0.0084161533974111,True,,9.238812501862789,0.07775526322559666,,,
S6j,75p_E2_to_E1,75% epiboly,ca9,500.0,,0.0022957367000000003,0.0071588794002309395,True,,37.2025133411384,0.2663283063946924,,,
S6j,75p_E2_to_E1,75% epiboly,casz1,500.0,,0.0070084940000000005,0.012564756302163005,True,,12.71602618130489,0.1597737701000204,,,
S6j,75p_E2_to_E1,75% epiboly,cbx3a,500.0,,0.0029392209999999997,0.00860300902277231,True,,36.171973441498835,0.3111878138886948,,,
S6j,75p_E2_to_E1,75% epiboly,cbx5,500.0,,0.002945302,0.007894610473886125,True,,18.820054376975822,0.14857699840357974,,,
S6j,75p_E2_to_E1,75% epiboly,ccne2,500.0,,0.0030869659999999996,0.007802738761529323,True,,18.99717106798935,0.1482299630516039,,,
S6j,75p_E2_to_E1,75% epiboly,ccnf,500.0,,0.0011099386,0.00602055159397423,True,,20.553263707719434,0.12374198457688293,,,
S6j,75p_E2_to_E1,75% epiboly,ccng1,500.0,,0.00039331676,0.0054039067821577145,True,,30.516275631575297,0.16490710885166393,,,
S6j,75p_E2_to_E1,75% epiboly,cd63,500.0,,0.00407633,0.00870082913897931,True,,11.503815279147041,0.10009273119023797,,,
S6j,75p_E2_to_E1,75% epiboly,cdc14b,500.0,,0.0028276396999999997,0.00801930576562881,True,,13.805452246305661,0.11071014279591218,,,
S6j,75p_E2_to_E1,75% epiboly,cdc42ep4a,500.0,,0.005074788,0.010243954928591844,True,,13.449211316680307,0.13777311455318042,,,
S6j,75p_E2_to_E1,75% epiboly,cdca8,500.0,,0.0033617509000000005,0.00975811923854053,True,,10.56753019448678,0.1031192196946794,,,
S6j,75p_E2_to_E1,75% epiboly,cdh1,500.0,,-0.00023265596,0.004723889799788594,True,,42.17029626672982,0.19920783238846804,,,
S6j,75p_E2_to_E1,75% epiboly,cdh2,500.0,,0.002051448,0.00696038478054106,True,,28.574577379419654,0.1988900535021054,,,
S6j,75p_E2_to_E1,75% epiboly,cdh6,500.0,,0.019236203,0.02506749564781785,True,,6.953890048588239,0.17431660852838954,,,
S6j,75p_E2_to_E1,75% epiboly,cdkn1ca,500.0,,0.0027764756,0.008252186188474297,True,,20.970690311731357,0.17305404095324126,,,
S6j,75p_E2_to_E1,75% epiboly,cdt1,500.0,,0.0001455365,0.005647644447162747,True,,28.96410964099222,0.1635789929809627,,,
S6j,75p_E2_to_E1,75% epiboly,cdx1a,500.0,,0.00799787,0.01367311798967421,True,,27.28126987568565,0.3730200219183945,,,
S6j,75p_E2_to_E1,75% epiboly,cenpf,500.0,,0.0026125247,0.007327024149708445,True,,15.074067065540703,0.11044805342354144,,,
S6j,75p_E2_to_E1,75% epiboly,cfl1l,500.0,,0.0033946221000000004,0.008400281984359022,True,,14.054042184724404,0.11805791737176212,,,
S6j,75p_E2_to_E1,75% epiboly,chaf1a,500.0,,0.0034885859999999997,0.008977724518626927,True,,16.30033712553105,0.1463399362737649,,,
S6j,75p_E2_to_E1,75% epiboly,chrd,500.0,,0.006798939,0.012442232808098195,True,,38.155262821316526,0.4747366628769938,,,
S6j,75p_E2_to_E1,75% epiboly,chst11,500.0,,0.0077962833,0.013571919267997144,True,,12.336595304746586,0.1674312755179733,,,
S6j,75p_E2_to_E1,75% epiboly,cldnd,500.0,,0.0044951495,0.00934438961558044,True,,10.74566084448665,0.1004116416077704,,,
S6j,75p_E2_to_E1,75% epiboly,clic4,500.0,,0.0018032878,0.0068753126310184594,True,,19.769128499113055,0.135918938874179,,,
S6j,75p_E2_to_E1,75% epiboly,clocka,500.0,,0.0033398727,0.008378897095099092,True,,12.562803519501308,0.10526243791585016,,,
S6j,75p_E2_to_E1,75% epiboly,cmtm6,500.0,,0.0032602795,0.008483756333589549,True,,15.966330811505108,0.13545446014629242,,,
S6j,75p_E2_to_E1,75% epiboly,cnmd,500.0,,0.006135295,0.011054951930418607,True,,10.511763159611512,0.11620703643345047,,,
S6j,75p_E2_to_E1,75% epiboly,cnn3a,500.0,,0.0028134490999999996,0.008165531978011129,True,,15.072114245053932,0.12307183084422495,,,
S6j,75p_E2_to_E1,75% epiboly,coq10b,500.0,,0.0031866669,0.008113289950415492,True,,14.380743425791529,0.11667514111597807,,,
S6j,75p_E2_to_E1,75% epiboly,creb3l1,500.0,,0.0036471884,0.008921937271952628,True,,24.493886823676803,0.21853292178715145,,,
S6j,75p_E2_to_E1,75% epiboly,creb3l2,500.0,,0.002666294,0.007004762347787618,True,,19.793087626592435,0.13864587495321568,,,
S6j,75p_E2_to_E1,75% epiboly,csrp1a,500.0,,0.003253792,0.008885275572538374,True,,12.67430464751077,0.11261468948343703,,,
S6j,75p_E2_to_E1,75% epiboly,cst3,500.0,,0.004455183,0.009650320373475551,True,,13.443089765202984,0.12973012304359902,,,
S6j,75p_E2_to_E1,75% epiboly,ctcf,500.0,,0.0003061185,0.005542549048550425,True,,35.5578464906443,0.19708110823522265,,,
S6j,75p_E2_to_E1,75% epiboly,cth1,500.0,,0.0036087796999999997,0.008645345270633695,True,,14.526634033648957,0.12558776684103348,,,
S6j,75p_E2_to_E1,75% epiboly,CU570769.1,500.0,,0.007550105,0.013267353968694806,True,,12.807460126178823,0.1699211069339591,,,
S6j,75p_E2_to_E1,75% epiboly,cux1a,500.0,,0.008169223,0.01444666185416281,True,,9.868500775026048,0.14256689370434492,,,
S6j,75p_E2_to_E1,75% epiboly,cxcl12b,500.0,,0.004831248,0.010140363732352851,True,,14.04682586683078,0.14243992357468674,,,
S6j,75p_E2_to_E1,75% epiboly,cxcr4a,500.0,,0.0035018567,0.008952813548967237,True,,13.99894356767434,0.12532993164390258,,,
S6j,75p_E2_to_E1,75% epiboly,dact2,500.0,,0.0041046417,0.009549379395321009,True,,31.288498615260472,0.2987857439870983,,,
S6j,75p_E2_to_E1,75% epiboly,dand5,500.0,,0.006668464,0.011975109856575726,True,,13.38553724940761,0.16029327905094262,,,
S6j,75p_E2_to_E1,75% epiboly,dbx1a,500.0,,0.019443726,0.02517151767387986,True,,6.968063114249969,0.17539672383305344,,,
S6j,75p_E2_to_E1,75% epiboly,ddx4,500.0,,0.0059685525,0.011114987125620241,True,,17.930522523444978,0.1992975270037347,,,
S6j,75p_E2_to_E1,75% epiboly,dharma,500.0,,0.007175010600000001,0.012294027255848048,True,,8.500926490486586,0.10451062197400278,,,
S6j,75p_E2_to_E1,75% epiboly,dkc1,500.0,,0.0003054901,0.0053059576544910655,True,,26.952941734742392,0.1430111675085081,,,
S6j,75p_E2_to_E1,75% epiboly,dkk1b,500.0,,0.03600287,0.044767040945589545,True,,5.171855535925223,0.23152866854143844,,,
S6j,75p_E2_to_E1,75% epiboly,dld,500.0,,0.004660354,0.00982503080740571,True,,46.01407506392201,0.4520897050773126,,,
S6j,75p_E2_to_E1,75% epiboly,dlgap5,500.0,,0.00071934436,0.005777936871163546,True,,18.342253333082144,0.10598038183343776,,,
S6j,75p_E2_to_E1,75% epiboly,dlx3b,500.0,,0.0031911368,0.008295595040544865,True,,51.65609620793111,0.42851805551642175,,,
S6j,75p_E2_to_E1,75% epiboly,dmd,500.0,,0.00977989,0.015015481319278478,True,,11.05287892740873,0.1659642970587525,,,
S6j,75p_E2_to_E1,75% epiboly,dnmt3bb.2,500.0,,0.0032309643,0.008392466884106397,True,,16.118902181431796,0.1352773527658167,,,
S6j,75p_E2_to_E1,75% epiboly,drll.2,500.0,,0.0074899336,0.01291494737379252,True,,15.577328414769559,0.20118037670103173,,,
S6j,75p_E2_to_E1,75% epiboly,drll.3,500.0,,0.0128863,0.01949207056313753,True,,12.42368830494834,0.24216340909447956,,,
S6j,75p_E2_to_E1,75% epiboly,dscc1,500.0,,0.008838611,0.014630767144262787,True,,9.645781196884935,0.14112517861613189,,,
S6j,75p_E2_to_E1,75% epiboly,dync1li1,500.0,,0.0060478345999999995,0.010758238378912205,True,,11.523199332810687,0.12396932531009945,,,
S6j,75p_E2_to_E1,75% epiboly,dynll1,500.0,,0.004422199,0.009396174224093551,True,,44.93608570451641,0.4222272902284358,,,
S6j,75p_E2_to_E1,75% epiboly,dynll2b,500.0,,0.0030707696000000003,0.008152215695008631,True,,15.377950330073508,0.12536436803788842,,,
S6j,75p_E2_to_E1,75% epiboly,ednraa,500.0,,0.02711073,0.03527244869619607,True,,7.385710441667048,0.2605120926386606,,,
S6j,75p_E2_to_E1,75% epiboly,efemp2b,500.0,,0.002461744,0.007525316486135114,True,,36.996311547749066,0.2784089532164669,,,
S6j,75p_E2_to_E1,75% epiboly,efna1a,500.0,,0.006285805,0.011236243695020671,True,,15.043115770947015,0.16902811473476942,,,
S6j,75p_E2_to_E1,75% epiboly,efnb2a,500.0,,0.0055809636,0.010787666821852324,True,,13.17769875752603,0.14215662367492815,,,
S6j,75p_E2_to_E1,75% epiboly,efnb2b,500.0,,0.0033590755999999998,0.008372487733140588,True,,22.84438399066444,0.19126432473299126,,,
S6j,75p_E2_to_E1,75% epiboly,egln1b,500.0,,0.00264544,0.0077343266224488595,True,,12.445099559210021,0.09625446483982464,,,
S6j,75p_E2_to_E1,75% epiboly,eif3ea,500.0,,0.0029872833,0.008043979527428744,True,,15.14621208741813,0.12183581994928523,,,
S6j,75p_E2_to_E1,75% epiboly,elavl3,500.0,,0.0065427725,0.01191717404872178,True,,11.714994352743854,0.13960962668144125,,,
S6j,75p_E2_to_E1,75% epiboly,elf1,500.0,,0.0066563683,0.011889668833464376,True,,16.272733627532766,0.19347741384654404,,,
S6j,75p_E2_to_E1,75% epiboly,elob,500.0,,0.0048625693,0.010390512179583313,True,,11.788293753458332,0.12248640982181468,,,
S6j,75p_E2_to_E1,75% epiboly,emid1,500.0,,0.008638546,0.014333819318562747,True,,10.55428885031699,0.15128326941636508,,,
S6j,75p_E2_to_E1,75% epiboly,emx2,500.0,,0.006565313299999999,0.012318170722573992,True,,12.561224111139065,0.15473130308552374,,,
S6j,75p_E2_to_E1,75% epiboly,emx3,500.0,,0.0065918453,0.012263663904741404,True,,11.381374564275625,0.1395773524302489,,,
S6j,75p_E2_to_E1,75% epiboly,epcam,500.0,,0.026518084,0.0323523074388504,True,,8.07591978593818,0.2612746397661669,,,
S6j,75p_E2_to_E1,75% epiboly,epha2a,500.0,,0.004458882,0.010004957346245643,True,,23.675108014073064,0.2368684458485594,,,
S6j,75p_E2_to_E1,75% epiboly,ephb3a,500.0,,0.0016887933,0.0066002533072605715,True,,32.100501448554844,0.21187144085054688,,,
S6j,75p_E2_to_E1,75% epiboly,eppk1,500.0,,0.02444454,0.029672858398407692,True,,9.02659397123488,0.2678448447283731,,,
S6j,75p_E2_to_E1,75% epiboly,erf,500.0,,0.0021933232999999997,0.007122711371630428,True,,17.366932023289877,0.12369964421261945,,,
S6j,75p_E2_to_E1,75% epiboly,esrra,500.0,,0.0031778654,0.008473039465025064,True,,15.566584676995447,0.13189628630383685,,,
S6j,75p_E2_to_E1,75% epiboly,ets2,500.0,,0.0039429897,0.009351142449304456,True,,18.184886161071972,0.17004946091656928,,,
S6j,75p_E2_to_E1,75% epiboly,etv2,500.0,,0.009887706999999999,0.015770026110112658,True,,10.513616741832788,0.16580001053042065,,,
S6j,75p_E2_to_E1,75% epiboly,etv4,500.0,,0.0050759492,0.010253645433112977,True,,19.50048001458487,0.19995100784505904,,,
S6j,75p_E2_to_E1,75% epiboly,etv5a,500.0,,0.0038956213000000003,0.008630534587427973,True,,16.370615527847637,0.14128716353057447,,,
S6j,75p_E2_to_E1,75% epiboly,etv5b,500.0,,0.0027778053000000005,0.008382740337401624,True,,29.128886408324835,0.2441798910786545,,,
S6j,75p_E2_to_E1,75% epiboly,eve1,500.0,,0.0028168308,0.007965080440044401,True,,42.88768795481459,0.3416038844476216,,,
S6j,75p_E2_to_E1,75% epiboly,f11r.1,500.0,,0.00209982,0.007136631943285464,True,,20.99647464879781,0.1498441116749939,,,
S6j,75p_E2_to_E1,75% epiboly,fbln2,500.0,,0.0031071045,0.007992678694427014,True,,23.687127172070458,0.18932359668039075,,,
S6j,75p_E2_to_E1,75% epiboly,fezf2,500.0,,0.038801055,0.048014580830931665,True,,7.8735299133419785,0.3780442384489168,,,
S6j,75p_E2_to_E1,75% epiboly,fgf8a,500.0,,0.001953364,0.0067311915103346045,True,,29.463201719531305,0.19832245328178505,,,
S6j,75p_E2_to_E1,75% epiboly,fn1a,500.0,,0.0029459620000000003,0.007662909524515263,True,,32.51296223933746,0.2491438880140241,,,
S6j,75p_E2_to_E1,75% epiboly,fn1b,500.0,,0.005074711500000001,0.010232616588473315,True,,19.367921244138383,0.19818451220701516,,,
S6j,75p_E2_to_E1,75% epiboly,fnbp1l,500.0,,0.0024178664,0.007171941478736698,True,,20.228429437044785,0.14507711212923993,,,
S6j,75p_E2_to_E1,75% epiboly,fosab,500.0,,0.011420719,0.017040583211928605,True,,9.398601780541156,0.16015765571709192,,,
S6j,75p_E2_to_E1,75% epiboly,foxa,500.0,,0.008945753,0.01392549779266119,True,,15.48683336773497,0.215661863877705,,,
S6j,75p_E2_to_E1,75% epiboly,foxa2,500.0,,0.010432208,0.01660445472225547,True,,17.499758807203797,0.2905739527646068,,,
S6j,75p_E2_to_E1,75% epiboly,foxa3,500.0,,0.0015825988,0.006494936603121456,True,,48.95354543550463,0.3179501741016283,,,
S6j,75p_E2_to_E1,75% epiboly,foxb1a,500.0,,0.0027979487,0.007643224392086266,True,,34.88422909110231,0.2666279906882385,,,
S6j,75p_E2_to_E1,75% epiboly,foxc1a,500.0,,0.020599476999999998,0.026485831756144745,True,,14.399355152755941,0.3813788979728698,,,
S6j,75p_E2_to_E1,75% epiboly,foxc1b,500.0,,0.0047150943,0.01004256918095052,True,,18.41272212389676,0.1849110357388514,,,
S6j,75p_E2_to_E1,75% epiboly,foxg1a,500.0,,0.011167353,0.017048641666769983,True,,16.032775880699887,0.2733370509136849,,,
S6j,75p_E2_to_E1,75% epiboly,foxh1,500.0,,0.0041338783,0.009544686926528809,True,,26.851186948699695,0.25628617303103496,,,
S6j,75p_E2_to_E1,75% epiboly,foxi1,500.0,,0.011898885,0.01815857086330652,True,,28.548022629462874,0.5183912919243797,,,
S6j,75p_E2_to_E1,75% epiboly,foxn2b,500.0,,0.0025523007,0.007280635135248302,True,,23.733729161906176,0.17279662242664134,,,
S6j,75p_E2_to_E1,75% epiboly,foxo1a,500.0,,0.014776969,0.02220157980918884,True,,7.652854666982186,0.1699054636571283,,,
S6j,75p_E2_to_E1,75% epiboly,foxp1b,500.0,,0.0057011815,0.011075108312070368,True,,16.175975132212006,0.17915067664260476,,,
S6j,75p_E2_to_E1,75% epiboly,foxp2,500.0,,0.0027177946,0.007379830861464141,True,,16.51791593725832,0.12189942580084932,,,
S6j,75p_E2_to_E1,75% epiboly,frmd4ba,500.0,,0.006052273299999999,0.010878329025581465,True,,18.011300901320034,0.19593285738331134,,,
S6j,75p_E2_to_E1,75% epiboly,fscn1a,500.0,,0.00037844526,0.005756701226346187,True,,58.738066585136714,0.3381374999438605,,,
S6j,75p_E2_to_E1,75% epiboly,fzd7a,500.0,,0.0014653882999999999,0.006955963978543878,True,,45.79324137337095,0.3185361374539335,,,
S6j,75p_E2_to_E1,75% epiboly,fzd7b,500.0,,0.003507805,0.008535054558888077,True,,18.760747507503016,0.16012400354206174,,,
S6j,75p_E2_to_E1,75% epiboly,gadd45gip1,500.0,,0.0031812297999999997,0.0077538473997265074,True,,11.763141381586319,0.09120960321422836,,,
S6j,75p_E2_to_E1,75% epiboly,gapdh,500.0,,0.0031252075,0.008459958760067816,True,,14.853253087127277,0.12565790856994674,,,
S6j,75p_E2_to_E1,75% epiboly,gata2a,500.0,,0.00603107,0.011687697609886529,True,,27.308774494264263,0.31917669838554263,,,
S6j,75p_E2_to_E1,75% epiboly,gata3,500.0,,0.012032956000000001,0.018340389430522918,True,,8.159973830495236,0.14965709779415842,,,
S6j,75p_E2_to_E1,75% epiboly,gata5,500.0,,0.039859626,0.047441207431256766,True,,6.011912078276605,0.2852123679639984,,,
S6j,75p_E2_to_E1,75% epiboly,gata6,500.0,,0.046070658,0.05300319790840146,True,,4.923866325161647,0.2609806613070562,,,
S6j,75p_E2_to_E1,75% epiboly,gbx1,500.0,,0.0047685467,0.010084581607952713,True,,30.454390737045678,0.3071197887082163,,,
S6j,75p_E2_to_E1,75% epiboly,gcm2,500.0,,0.010272182,0.015971840452402828,True,,9.649557224057535,0.15412118841897807,,,
S6j,75p_E2_to_E1,75% epiboly,gfi1aa,500.0,,0.0036492976,0.008624952146783469,True,,14.911976976552173,0.12861508783669934,,,
S6j,75p_E2_to_E1,75% epiboly,gli1,500.0,,0.00828396,0.013894264353439212,True,,29.085659868079343,0.4041238471013123,,,
S6j,75p_E2_to_E1,75% epiboly,gli2a,500.0,,0.0022806446,0.007646906236186622,True,,16.022757761829453,0.12252452624984125,,,
S6j,75p_E2_to_E1,75% epiboly,gmnn,500.0,,0.0028973296000000003,0.0075643760384991685,True,,15.054153038205222,0.11387527452209903,,,
S6j,75p_E2_to_E1,75% epiboly,gpr137bb,500.0,,0.0093551,0.015198268881067631,True,,6.7107290667873185,0.10199146474502972,,,
S6j,75p_E2_to_E1,75% epiboly,grhl1,500.0,,0.01565003,0.02127329502254724,True,,9.544235163364363,0.20303733039481944,,,
S6j,75p_E2_to_E1,75% epiboly,grhl2b,500.0,,0.031075912999999997,0.03810693211853504,True,,6.336905901630813,0.2414800430349895,,,
S6j,75p_E2_to_E1,75% epiboly,gsc,500.0,,0.007841401,0.013371425541117784,True,,14.294210646053527,0.19113397332275786,,,
S6j,75p_E2_to_E1,75% epiboly,h1-0,500.0,,0.00400855,0.009273150376975537,True,,14.40474992173036,0.13357741216693222,,,
S6j,75p_E2_to_E1,75% epiboly,hdlbpa,500.0,,0.00032622072999999996,0.005438919062726198,True,,27.8818792033844,0.15164728430391655,,,
S6j,75p_E2_to_E1,75% epiboly,helb,500.0,,0.0032285214,0.008199387835338709,True,,18.88970307337845,0.15488400159301946,,,
S6j,75p_E2_to_E1,75% epiboly,hells,500.0,,0.0030299057,0.008132025087252259,True,,14.743737197882806,0.1198964407730373,,,
S6j,75p_E2_to_E1,75% epiboly,her1,500.0,,0.005431785,0.01029251082800328,True,,37.61660484020964,0.3871693126305783,,,
S6j,75p_E2_to_E1,75% epiboly,her11,500.0,,0.007120680999999999,0.012570828478783368,True,,13.910056123779903,0.1748609296622874,,,
S6j,75p_E2_to_E1,75% epiboly,her12,500.0,,0.0049703754,0.010229925112798806,True,,12.737793618201326,0.1303066748164861,,,
S6j,75p_E2_to_E1,75% epiboly,her2,500.0,,0.002562556,0.007722738967277103,True,,14.399646462057143,0.11120471084754258,,,
S6j,75p_E2_to_E1,75% epiboly,her3,500.0,,0.0075520809999999996,0.012479540333151816,True,,10.491658537179102,0.1309310758763832,,,
S6j,75p_E2_to_E1,75% epiboly,her5,500.0,,0.006838035300000001,0.012395850941538809,True,,23.140048086282018,0.2868405868575923,,,
S6j,75p_E2_to_E1,75% epiboly,her6,500.0,,0.0036899976,0.008854144066572183,True,,26.31748080399038,0.23301876650777875,,,
S6j,75p_E2_to_E1,75% epiboly,her7,500.0,,0.016169108,0.022376425191760054,True,,15.818859872603408,0.35396953455824515,,,
S6j,75p_E2_to_E1,75% epiboly,her8a,500.0,,0.0023127939,0.006980059691704809,True,,28.975039416746856,0.20224750469839275,,,
S6j,75p_E2_to_E1,75% epiboly,her9,500.0,,0.0022274456,0.007540828152559695,True,,44.235064741020274,0.33356902152938644,,,
S6j,75p_E2_to_E1,75% epiboly,hes6,500.0,,0.00325445,0.008190715825185173,True,,13.565840400535846,0.11111394365060533,,,
S6j,75p_E2_to_E1,75% epiboly,hesx1,500.0,,0.0031920327000000003,0.007996995514258741,True,,10.213770168807995,0.08167947422362729,,,
S6j,75p_E2_to_E1,75% epiboly,hic1l,500.0,,0.0032808548,0.008571956632658839,True,,11.184855597299912,0.09587609712260632,,,
S6j,75p_E2_to_E1,75% epiboly,higd1a,500.0,,0.005160792,0.01019754167646168,True,,11.941815914900024,0.12177716548482635,,,
S6j,75p_E2_to_E1,75% epiboly,hivep2a,500.0,,0.0048621576,0.010225455369800329,True,,17.97676377243835,0.18382059564851175,,,
S6j,75p_E2_to_E1,75% epiboly,hoxb7a,500.0,,0.0054971604,0.010693755373358729,True,,10.555095048156897,0.11287360438753992,,,
S6j,75p_E2_to_E1,75% epiboly,hoxb8a,500.0,,0.006168859499999999,0.011515457043424243,True,,12.474587378562479,0.14365057509227847,,,
S6j,75p_E2_to_E1,75% epiboly,hoxb9a,500.0,,0.0047905953000000005,0.010201408155262468,True,,15.729221207707404,0.16046020550423368,,,
S6j,75p_E2_to_E1,75% epiboly,hoxc3a,500.0,,0.005468336,0.010347307054325931,True,,12.17583952051952,0.1259871501630121,,,
S6j,75p_E2_to_E1,75% epiboly,hoxc6a,500.0,,0.0042587137,0.009427005378529429,True,,12.259268333372495,0.11556818851553802,,,
S6j,75p_E2_to_E1,75% epiboly,hoxc8a,500.0,,0.013150077,0.019713117741048333,True,,8.88133275580671,0.17507875831264694,,,
S6j,75p_E2_to_E1,75% epiboly,hsp90aa1.2,500.0,,0.00627606,0.01191053325310348,True,,11.869652047274837,0.14137388541183474,,,
S6j,75p_E2_to_E1,75% epiboly,id3,500.0,,0.02300857,0.029269779380410907,True,,8.09368470389658,0.2369003656576593,,,
S6j,75p_E2_to_E1,75% epiboly,igf2bp1,500.0,,0.0012457838000000001,0.00595791104715317,True,,40.25946890322586,0.23986233453104885,,,
S6j,75p_E2_to_E1,75% epiboly,igfbp1a,500.0,,0.0045407983,0.009864753577858204,True,,17.316260400980987,0.17082064174570152,,,
S6j,75p_E2_to_E1,75% epiboly,irf2a,500.0,,0.0029225329999999997,0.008335440512746572,True,,16.84930558516985,0.14044638438627186,,,
S6j,75p_E2_to_E1,75% epiboly,irx3a,500.0,,0.0050042276,0.00971606457605958,True,,12.357962174998258,0.12007075852078478,,,
S6j,75p_E2_to_E1,75% epiboly,irx5a,500.0,,0.004294404,0.009287452651187777,True,,12.425527184228265,0.1154014953895666,,,
S6j,75p_E2_to_E1,75% epiboly,ism1,500.0,,0.007343987,0.012630601180717344,True,,10.881663535076608,0.13744195229430747,,,
S6j,75p_E2_to_E1,75% epiboly,itgb5,500.0,,0.0041628657,0.008961644675582645,True,,18.46305466149428,0.16545933550217154,,,
S6j,75p_E2_to_E1,75% epiboly,itm2cb,500.0,,0.005296507,0.010750220157206052,True,,17.31714164548146,0.18616308518244715,,,
S6j,75p_E2_to_E1,75% epiboly,jcada,500.0,,0.0050364137,0.011168690957128998,True,,18.45580776487341,0.2061272132900528,,,
S6j,75p_E2_to_E1,75% epiboly,kank1a,500.0,,0.004580961,0.010311588738113641,True,,13.220310357180635,0.13632240339347096,,,
S6j,75p_E2_to_E1,75% epiboly,kazald2,500.0,,0.0051880220000000005,0.010246699862182136,True,,18.00105097684632,0.1844513665635848,,,
S6j,75p_E2_to_E1,75% epiboly,kdrl,500.0,,0.007282895,0.012724809395149349,True,,13.286959451679571,0.16907402646370065,,,
S6j,75p_E2_to_E1,75% epiboly,kif15,500.0,,0.004373059,0.01004290194250643,True,,12.614916429650858,0.1266903687158969,,,
S6j,75p_E2_to_E1,75% epiboly,kirrel3l,500.0,,0.011507253,0.017168479505926367,True,,18.15165716403628,0.3116363540193584,,,
S6j,75p_E2_to_E1,75% epiboly,klf17,500.0,,0.0061324230000000006,0.011610084865242235,True,,14.538367828097892,0.16879168428632396,,,
S6j,75p_E2_to_E1,75% epiboly,klf2a,500.0,,0.02166104,0.027512395009398456,True,,12.355192836612183,0.33992094573816456,,,
S6j,75p_E2_to_E1,75% epiboly,klf2b,500.0,,0.0012318309,0.005532306944951414,True,,59.52049671050271,0.3292856573184719,,,
S6j,75p_E2_to_E1,75% epiboly,klf3,500.0,,0.0043086135,0.009537999751046298,True,,18.293794726636474,0.17448620954835078,,,
S6j,75p_E2_to_E1,75% epiboly,klf7a,500.0,,0.006053161,0.011070837313309313,True,,11.223024650715839,0.12424828007133512,,,
S6j,75p_E2_to_E1,75% epiboly,klf8,500.0,,0.0027258433,0.008232329692691564,True,,17.221896227974163,0.14177632768200454,,,
S6j,75p_E2_to_E1,75% epiboly,kmt2bb,500.0,,0.003996751,0.00860309852287173,True,,9.610958714556949,0.08268402472058607,,,
S6j,75p_E2_to_E1,75% epiboly,kmt5aa,500.0,,0.0025148336,0.007501243287697431,True,,12.839709872795437,0.0963137874992892,,,
S6j,75p_E2_to_E1,75% epiboly,krt18a.1,500.0,,0.0023391760999999997,0.007722309441305697,True,,20.39179932912061,0.15747178448447927,,,
S6j,75p_E2_to_E1,75% epiboly,krt4,500.0,,0.010135346,0.015100442431867112,True,,16.406516127276866,0.2477456522874437,,,
S6j,75p_E2_to_E1,75% epiboly,krt8,500.0,,0.0025289846,0.007522252365015443,True,,24.593563719762518,0.1849989928551416,,,
S6j,75p_E2_to_E1,75% epiboly,krt99,500.0,,0.017213846,0.022764314804226155,True,,15.407269734638975,0.3507359385129476,,,
S6j,75p_E2_to_E1,75% epiboly,lamc1,500.0,,0.0010645577999999999,0.00581276500597596,True,,30.15956280771636,0.17531045128422773,,,
S6j,75p_E2_to_E1,75% epiboly,lamp2,500.0,,0.0005022344,0.0056543974671512814,True,,38.50411265855066,0.21771755709141646,,,
S6j,75p_E2_to_E1,75% epiboly,lbx2,500.0,,0.01261724,0.01863459534943103,True,,7.7201919679898765,0.14386265334341894,,,
S6j,75p_E2_to_E1,75% epiboly,lef1,500.0,,0.0037121908,0.00889907949604094,True,,23.3960097744098,0.20820295087262367,,,
S6j,75p_E2_to_E1,75% epiboly,lft1,500.0,,0.011174198,0.016802114527672527,True,,17.717783395572255,0.29769622578889965,,,
S6j,75p_E2_to_E1,75% epiboly,lft2,500.0,,0.02211161,0.029688088782131663,True,,18.231301347801125,0.5412524930273165,,,
S6j,75p_E2_to_E1,75% epiboly,lgals3b,500.0,,0.0031030818,0.008000932121649384,True,,14.610309228514707,0.11689609241365374,,,
S6j,75p_E2_to_E1,75% epiboly,lhfpl6,500.0,,0.010433795,0.016072392649948596,True,,10.408052341426146,0.16728230395261787,,,
S6j,75p_E2_to_E1,75% epiboly,lhx1a,500.0,,0.0153387515,0.022089806571602817,True,,13.300353335116709,0.2938022325067005,,,
S6j,75p_E2_to_E1,75% epiboly,lhx5,500.0,,0.0028825258,0.007919912179931989,True,,37.522088796175396,0.29717164807331914,,,
S6j,75p_E2_to_E1,75% epiboly,lima1a,500.0,,0.0031705361,0.008343779575079677,True,,28.98177069509613,0.24181750637538585,,,
S6j,75p_E2_to_E1,75% epiboly,lmnb1,500.0,,0.0019007409,0.007069921004585922,True,,13.380754288883903,0.09460087580418347,,,
S6j,75p_E2_to_E1,75% epiboly,lmo2,500.0,,0.0042403014,0.009392502484843131,True,,11.652448448814043,0.1094456510099924,,,
S6j,75p_E2_to_E1,75% epiboly,lratb.1,500.0,,0.0073217023,0.012401839112862944,True,,12.657109475019213,0.15697143534308144,,,
S6j,75p_E2_to_E1,75% epiboly,lratd1,500.0,,0.004444904,0.009778787894174456,True,,13.299435226121508,0.13005235618855432,,,
S6j,75p_E2_to_E1,75% epiboly,mab21l2,500.0,,0.0075520724,0.013071678485721348,True,,9.776237637684632,0.1277918351998215,,,
S6j,75p_E2_to_E1,75% epiboly,mad1l1,500.0,,0.0032202359999999996,0.008124888921156523,True,,9.738825593570159,0.07912687617027378,,,
S6j,75p_E2_to_E1,75% epiboly,map1lc3b,500.0,,0.003135347,0.008597191795706748,True,,18.484500411390783,0.15891479528454686,,,
S6j,75p_E2_to_E1,75% epiboly,map2k6,500.0,,0.0029948195000000003,0.007996136415749786,True,,15.2250830940389,0.12174184136106088,,,
S6j,75p_E2_to_E1,75% epiboly,mcama,500.0,,0.00292639,0.008543250896036624,True,,13.14458175531711,0.11229745985913957,,,
S6j,75p_E2_to_E1,75% epiboly,mcm2,500.0,,0.0022230077999999998,0.007293743337504565,True,,19.853359992809665,0.1448053121746352,,,
S6j,75p_E2_to_E1,75% epiboly,mcm3,500.0,,0.00214986,0.007047089375555512,True,,30.870493614901758,0.21754712757172845,,,
S6j,75p_E2_to_E1,75% epiboly,mcm4,500.0,,0.0014993728,0.006681597046554085,True,,20.887485100546606,0.13956175875775467,,,
S6j,75p_E2_to_E1,75% epiboly,mcm5,500.0,,0.0026347659999999998,0.00750983776524663,True,,23.193449028348073,0.17417903941941112,,,
S6j,75p_E2_to_E1,75% epiboly,mcm7,500.0,,0.0007294666,0.005758355068974181,True,,29.258030893571156,0.16847813050419866,,,
S6j,75p_E2_to_E1,75% epiboly,mdm2,500.0,,0.010654611000000001,0.01641124309971928,True,,10.974923109126516,0.1801121311446022,,,
S6j,75p_E2_to_E1,75% epiboly,mef2d,500.0,,0.0068097669999999996,0.01221297327429056,True,,11.371799960757766,0.13888348900131303,,,
S6j,75p_E2_to_E1,75% epiboly,meis1b,500.0,,0.014090344,0.02050710022449493,True,,9.96111689371517,0.2042736224873266,,,
S6j,75p_E2_to_E1,75% epiboly,meis2a,500.0,,0.0063141203,0.01239693323150277,True,,11.117540475746138,0.13782340697635442,,,
S6j,75p_E2_to_E1,75% epiboly,meis3,500.0,,0.0073844264000000005,0.012574103334918613,True,,24.047205216734618,0.30237204331121503,,,
S6j,75p_E2_to_E1,75% epiboly,meox1,500.0,,0.0071960483,0.012477738223969937,True,,13.56196293022127,0.16922262324648527,,,
S6j,75p_E2_to_E1,75% epiboly,mespaa,500.0,,0.00707813,0.011943337228149171,True,,15.759233493184842,0.18821784006624984,,,
S6j,75p_E2_to_E1,75% epiboly,mespab,500.0,,0.018155664,0.024756747577339405,True,,9.29883168912939,0.2302088288919409,,,
S6j,75p_E2_to_E1,75% epiboly,mgst3b,500.0,,0.0036882410999999997,0.0088423553854227,True,,16.705926594281237,0.147719739989419,,,
S6j,75p_E2_to_E1,75% epiboly,mibp2,500.0,,0.0028426507,0.008347929688170533,True,,13.73588346206504,0.1146661893462234,,,
S6j,75p_E2_to_E1,75% epiboly,mixl1,500.0,,0.004512915399999999,0.009643727168440816,True,,16.647280878213962,0.1605418348858973,,,
S6j,75p_E2_to_E1,75% epiboly,mki67,500.0,,0.0009022888000000001,0.005985704809427257,True,,20.688328326032075,0.12383422636014033,,,
S6j,75p_E2_to_E1,75% epiboly,mns1,500.0,,0.0027450295,0.0077884930418804284,True,,17.16946221150578,0.13372423696714172,,,
S6j,75p_E2_to_E1,75% epiboly,msgn1,500.0,,0.03571243,0.04391808677464724,True,,7.887623198278237,0.3464093200677042,,,
S6j,75p_E2_to_E1,75% epiboly,msx1b,500.0,,0.005070336,0.009988239360973235,True,,38.436792682548614,0.3839158855814001,,,
S6j,75p_E2_to_E1,75% epiboly,msx3,500.0,,0.011380019,0.016750919353216882,True,,13.795878459272803,0.2310936474780607,,,
S6j,75p_E2_to_E1,75% epiboly,mycb,500.0,,0.007341561999999999,0.012702756002545357,True,,9.638504606698344,0.12243557224829847,,,
S6j,75p_E2_to_E1,75% epiboly,mych,500.0,,0.0012633515,0.006609196355566381,True,,36.7179026074528,0.24267582809721835,,,
S6j,75p_E2_to_E1,75% epiboly,mycla,500.0,,0.0029440164,0.008657311275601386,True,,13.762633672767056,0.11914740367721754,,,
S6j,75p_E2_to_E1,75% epiboly,myclb,500.0,,0.0021909147,0.007014399673789739,True,,38.71015051823289,0.2715284671674445,,,
S6j,75p_E2_to_E1,75% epiboly,mycn,500.0,,0.0016216022,0.006443332694470881,True,,39.42570821096322,0.2540329547183684,,,
S6j,75p_E2_to_E1,75% epiboly,myf5,500.0,,0.013524631,0.020494012534618376,True,,13.591541378662855,0.2785452193791009,,,
S6j,75p_E2_to_E1,75% epiboly,myod1,500.0,,0.016433105,0.02342400765046477,True,,11.351390593322478,0.2658950601013995,,,
S6j,75p_E2_to_E1,75% epiboly,nanog,500.0,,0.0034028268,0.007973759761080144,True,,17.450384077151455,0.13914517036978394,,,
S6j,75p_E2_to_E1,75% epiboly,nanos3,500.0,,0.07350804,0.08367611616849899,True,,6.751584823683594,0.5649463960280231,,,
S6j,75p_E2_to_E1,75% epiboly,nap1l1,500.0,,0.0033839915000000004,0.008355555916205045,True,,12.635270846891729,0.1055747120775993,,,
S6j,75p_E2_to_E1,75% epiboly,nasp,500.0,,0.0031631309999999996,0.008587111067026853,True,,24.08185264636468,0.20679354337410805,,,
S6j,75p_E2_to_E1,75% epiboly,ncapd2,500.0,,0.0028707936999999998,0.008867445029318329,True,,14.64001211979796,0.1298195027008625,,,
S6j,75p_E2_to_E1,75% epiboly,nckap5l,500.0,,0.002045949,0.007019157148897646,True,,29.208583892028646,0.2050196404349095,,,
S6j,75p_E2_to_E1,75% epiboly,ndr1,500.0,,0.014193105,0.021038950327783818,True,,8.935111785469648,0.1879853730276917,,,
S6j,75p_E2_to_E1,75% epiboly,ndr2,500.0,,0.004966143,0.00962025402113794,True,,33.06880231823654,0.3181302784762307,,,
S6j,75p_E2_to_E1,75% epiboly,ndufv3,500.0,,0.0040683844,0.009046674612909554,True,,13.55816963266039,0.12265634901331,,,
S6j,75p_E2_to_E1,75% epiboly,nid2a,500.0,,0.0043042274,0.00905908164568244,True,,25.62321195265131,0.2321227691036944,,,
S6j,75p_E2_to_E1,75% epiboly,nip7,500.0,,0.0033598765999999997,0.007772245863452555,True,,13.033151849293688,0.10129686054842188,,,
S6j,75p_E2_to_E1,75% epiboly,nkx1.2la,500.0,,0.0031753154,0.008446154044941067,True,,13.4133186818625,0.11329095584089653,,,
S6j,75p_E2_to_E1,75% epiboly,nkx2.2a,500.0,,0.008003306,0.013439230574294922,True,,13.062977502580607,0.175556366644008,,,
S6j,75p_E2_to_E1,75% epiboly,nkx2.5,500.0,,0.004151059,0.008717665588483213,True,,22.31535500877296,0.19453780245476654,,,
S6j,75p_E2_to_E1,75% epiboly,nog1,500.0,,0.004183322,0.009519115742295978,True,,20.526222591358895,0.1953914885992758,,,
S6j,75p_E2_to_E1,75% epiboly,nop58,500.0,,0.0023252983,0.007979093352332708,True,,21.24563266744463,0.16952088638291007,,,
S6j,75p_E2_to_E1,75% epiboly,notch1a,500.0,,0.0027090884000000003,0.0080261817201972,True,,18.825520842114756,0.15109705125617287,,,
S6j,75p_E2_to_E1,75% epiboly,noto,500.0,,0.0029050803,0.007974185654893516,True,,41.38457814503096,0.3300083093779256,,,
S6j,75p_E2_to_E1,75% epiboly,nr2f2,500.0,,0.0038346471,0.009725005039945242,True,,16.243029040314926,0.1579635392810396,,,
S6j,75p_E2_to_E1,75% epiboly,nr6a1a,500.0,,0.0040649629999999996,0.009225163143128157,True,,13.998476413965484,0.1291382286740632,,,
S6j,75p_E2_to_E1,75% epiboly,nrarpa,500.0,,0.0025461717,0.007432147325016556,True,,25.082629635828074,0.1864177987523006,,,
S6j,75p_E2_to_E1,75% epiboly,nsd2,500.0,,0.0027624094,0.007594724139198661,True,,23.101690264353593,0.17545096470697694,,,
S6j,75p_E2_to_E1,75% epiboly,ntd5,500.0,,0.0075443666000000005,0.012574223149567841,True,,19.050984949216353,0.2395513359705048,,,
S6j,75p_E2_to_E1,75% epiboly,oclna,500.0,,0.016440272,0.02213956713676452,True,,8.425601724799016,0.18653917505382672,,,
S6j,75p_E2_to_E1,75% epiboly,olig4,500.0,,0.01666287,0.0227993699721992,True,,9.527026501096788,0.2172102019334521,,,
S6j,75p_E2_to_E1,75% epiboly,osr1,500.0,,0.011395242,0.016969428490847347,True,,10.341391882826498,0.17548751005145347,,,
S6j,75p_E2_to_E1,75% epiboly,otx2a,500.0,,0.005487791999999999,0.010982192028313874,True,,26.720079723532113,0.29344504653568554,,,
S6j,75p_E2_to_E1,75% epiboly,pax2a,500.0,,0.005862179,0.011181957507506009,True,,13.661884666833952,0.15276661381698514,,,
S6j,75p_E2_to_E1,75% epiboly,pax3a,500.0,,0.0056227176,0.010636665346100926,True,,19.76854519509915,0.21027139961954108,,,
S6j,75p_E2_to_E1,75% epiboly,pax6a,500.0,,0.005111143,0.009823147905990476,True,,17.138113147748196,0.16835022027993055,,,
S6j,75p_E2_to_E1,75% epiboly,pax6b,500.0,,0.010579278000000001,0.01614647069945931,True,,17.439782083924147,0.2815909304230367,,,
S6j,75p_E2_to_E1,75% epiboly,pbx1b,500.0,,0.006974056,0.012653274461627,True,,11.199261395795808,0.14170732820850826,,,
S6j,75p_E2_to_E1,75% epiboly,pbx4,500.0,,0.0012720274000000001,0.006478261458687485,True,,29.358161455363078,0.1901898458542031,,,
S6j,75p_E2_to_E1,75% epiboly,pcdh7b,500.0,,0.008760685,0.014331242907792328,True,,18.249366708504127,0.2615361072129512,,,
S6j,75p_E2_to_E1,75% epiboly,PCDH8,500.0,,0.013106534,0.02002304140478372,True,,9.437588368893211,0.188969222671654,,,
S6j,75p_E2_to_E1,75% epiboly,pcdh8,500.0,,0.0034870070000000003,0.008526068925857541,True,,24.593349343985956,0.2096845916245176,,,
S6j,75p_E2_to_E1,75% epiboly,pdap1a,500.0,,0.0032640946999999997,0.008616790408268564,True,,15.191398963172801,0.1309011008740484,,,
S6j,75p_E2_to_E1,75% epiboly,perp,500.0,,0.0069830026000000005,0.011983792576938868,True,,16.62184794269838,0.19919277799071544,,,
S6j,75p_E2_to_E1,75% epiboly,pfn2,500.0,,0.0028707272999999997,0.007738952664658419,True,,22.934677431636516,0.17749038302264472,,,
S6j,75p_E2_to_E1,75% epiboly,pitx2,500.0,,0.0049374653,0.010011265613138674,True,,12.651857595598107,0.12666110688913867,,,
S6j,75p_E2_to_E1,75% epiboly,pknox1.1,500.0,,0.0033103615999999997,0.00846565128304064,True,,18.395561020483964,0.15573040475531247,,,
S6j,75p_E2_to_E1,75% epiboly,plagl2,500.0,,0.0037987437,0.008909481065347785,True,,13.234626683279817,0.11791365584162808,,,
S6j,75p_E2_to_E1,75% epiboly,plekhg5b,500.0,,0.0041717133,0.010030496865510935,True,,18.77999711723959,0.18837270221877608,,,
S6j,75p_E2_to_E1,75% epiboly,pmp22b,500.0,,0.00998304,0.015845951810479163,True,,14.5315476241667,0.2302662033842285,,,
S6j,75p_E2_to_E1,75% epiboly,pold3,500.0,,0.0028243687,0.007782770134508604,True,,11.41877868055796,0.08886972968761006,,,
S6j,75p_E2_to_E1,75% epiboly,ppan,500.0,,0.0034237335999999998,0.00825681039132178,True,,16.404906483138248,0.13545220231863794,,,
S6j,75p_E2_to_E1,75% epiboly,ppp1r7,500.0,,0.0031459946000000003,0.008316827518865465,True,,20.063983371418885,0.16686868904147567,,,
S6j,75p_E2_to_E1,75% epiboly,prdm1a,500.0,,0.014712923000000001,0.019947431143373245,True,,13.698044981492636,0.2732408090671538,,,
S6j,75p_E2_to_E1,75% epiboly,prickle1b,500.0,,0.0033046608000000003,0.008512325352057811,True,,30.639728328965326,0.26081533623481545,,,
S6j,75p_E2_to_E1,75% epiboly,prmt1,500.0,,0.0014385832,0.007075557135976852,True,,23.48351576732261,0.1661589575653044,,,
S6j,75p_E2_to_E1,75% epiboly,prox1a,500.0,,0.014507978000000001,0.02016497701406478,True,,10.555972829389798,0.21286094946573766,,,
S6j,75p_E2_to_E1,75% epiboly,ptp4a2b,500.0,,0.0017160176999999998,0.00675235972739756,True,,23.349439497612302,0.15766381492098322,,,
S6j,75p_E2_to_E1,75% epiboly,pttg1,500.0,,0.0031309173999999997,0.008109116181731222,True,,9.71044631535079,0.0787431373476434,,,
S6j,75p_E2_to_E1,75% epiboly,rab11fip4a,500.0,,0.003478835,0.008440036512911316,True,,18.681207405165004,0.15767007260486188,,,
S6j,75p_E2_to_E1,75% epiboly,rac1a,500.0,,0.0020114485999999997,0.0069724067347124215,True,,32.27900583481878,0.225062357672512,,,
S6j,75p_E2_to_E1,75% epiboly,raraa,500.0,,0.0026980235999999997,0.008170490153133867,True,,26.145081921457326,0.2136181343921454,,,
S6j,75p_E2_to_E1,75% epiboly,rasgef1ba,500.0,,0.005731155999999999,0.011056939605623482,True,,20.682146535127785,0.22868124515356286,,,
S6j,75p_E2_to_E1,75% epiboly,rasl11b,500.0,,0.0016377412,0.006031928537413477,True,,49.42917143809767,0.2981532297781645,,,
S6j,75p_E2_to_E1,75% epiboly,rbbp4,500.0,,0.0025564316,0.008039549225941299,True,,17.603103951634274,0.14152102074852554,,,
S6j,75p_E2_to_E1,75% epiboly,rbm4.3,500.0,,0.005011445,0.011668905336409805,True,,47.98791528123616,0.5599664407083983,,,
S6j,75p_E2_to_E1,75% epiboly,rbm7,500.0,,0.0037298948,0.00892219040542841,True,,9.880617754275695,0.08815675292690421,,,
S6j,75p_E2_to_E1,75% epiboly,rbmx,500.0,,0.0018995904999999998,0.00736349958460778,True,,28.112580167197773,0.2070069723834137,,,
S6j,75p_E2_to_E1,75% epiboly,rcc1,500.0,,0.00089181145,0.006526819756254554,True,,19.66460654919082,0.12834734252423136,,,
S6j,75p_E2_to_E1,75% epiboly,rdh10b,500.0,,0.0026236088,0.007184196054004131,True,,23.563107174027433,0.16928198157972432,,,
S6j,75p_E2_to_E1,75% epiboly,rfx2,500.0,,0.0025242963,0.0076463217381387925,True,,15.963749453000744,0.12206396446468085,,,
S6j,75p_E2_to_E1,75% epiboly,rhov,500.0,,0.0036669284999999996,0.008767049107700584,True,,11.270641734331598,0.0988102695601848,,,
S6j,75p_E2_to_E1,75% epiboly,ripply1,500.0,,0.0037518973,0.008380528585985283,True,,14.41620218206116,0.12081539448810695,,,
S6j,75p_E2_to_E1,75% epiboly,rnd1b,500.0,,0.0038186195000000003,0.008987516351044177,True,,21.331139121420062,0.19171396164016094,,,
S6j,75p_E2_to_E1,75% epiboly,rpl10,500.0,,0.0023253276,0.007619642606005072,True,,60.09717327280451,0.4579189819699305,,,
S6j,75p_E2_to_E1,75% epiboly,rpl19,500.0,,0.0037977211,0.009297448396682735,True,,22.28465576977193,0.2071904370572927,,,
S6j,75p_E2_to_E1,75% epiboly,rpl31,500.0,,0.0036575287,0.009311959194019436,True,,19.790682317094106,0.18429002615858234,,,
S6j,75p_E2_to_E1,75% epiboly,rpl34,500.0,,0.0028774621999999995,0.008053903793916104,True,,15.421355184971885,0.12420211103157285,,,
S6j,75p_E2_to_E1,75% epiboly,rpl38,500.0,,0.0029738157,0.008357290457934137,True,,11.85862943469565,0.09910601061875884,,,
S6j,75p_E2_to_E1,75% epiboly,rpl4,500.0,,0.0025945147,0.007403484033420681,True,,45.95453359169884,0.34022365570943675,,,
S6j,75p_E2_to_E1,75% epiboly,rpl5a,500.0,,0.002712192,0.008068773150444027,True,,12.758093099103121,0.10294215904890848,,,
S6j,75p_E2_to_E1,75% epiboly,rpl6,500.0,,0.0022348273,0.007593378238379946,True,,31.523468874181674,0.2393696225474587,,,
S6j,75p_E2_to_E1,75% epiboly,rplp0,500.0,,0.0015580072,0.006821500207297496,True,,47.273376161828466,0.3224753452875654,,,
S6j,75p_E2_to_E1,75% epiboly,rplp2l,500.0,,0.0054557686999999995,0.01039244476705789,True,,29.878533343244786,0.310511007490369,,,
S6j,75p_E2_to_E1,75% epiboly,rps3,500.0,,0.0020082996,0.0075490925693884325,True,,30.889872403642215,0.23319050623169224,,,
S6j,75p_E2_to_E1,75% epiboly,rps6,500.0,,0.0005541163,0.005678415205329656,True,,63.206832261284305,0.35891463739319784,,,
S6j,75p_E2_to_E1,75% epiboly,rreb1a,500.0,,0.0012803082,0.006260020798072213,True,,23.802936212912883,0.14900687574802088,,,
S6j,75p_E2_to_E1,75% epiboly,rreb1b,500.0,,0.0017817129999999999,0.0068415671586990355,True,,24.168622956046004,0.16535125708706394,,,
S6j,75p_E2_to_E1,75% epiboly,rrm2,500.0,,0.00068363297,0.00594854140654206,True,,66.21170026695023,0.3938630406355054,,,
S6j,75p_E2_to_E1,75% epiboly,rrp8,500.0,,0.0064349556,0.012099350383505222,True,,14.987075979493552,0.1813338835001072,,,
S6j,75p_E2_to_E1,75% epiboly,rx3,500.0,,0.018578911,0.024803944863378998,True,,7.560463277110221,0.1875293142670436,,,
S6j,75p_E2_to_E1,75% epiboly,rxraa,500.0,,0.00653549,0.0127607294358313,True,,12.708578525115778,0.16217073207301844,,,
S6j,75p_E2_to_E1,75% epiboly,rxrgb,500.0,,0.0031164202,0.008055712329223747,True,,16.07770487609968,0.12951736539601694,,,
S6j,75p_E2_to_E1,75% epiboly,sall1a,500.0,,0.0061232103,0.011526097077876328,True,,13.981885803982546,0.16115657310848375,,,
S6j,75p_E2_to_E1,75% epiboly,sall3a,500.0,,0.0032666646999999997,0.008387821353971956,True,,16.48878443287237,0.13830497816708726,,,
S6j,75p_E2_to_E1,75% epiboly,sall3b,500.0,,0.010395575,0.01641270974650979,True,,14.938323494134185,0.2451783676086923,,,
S6j,75p_E2_to_E1,75% epiboly,sdc4,500.0,,0.0022432068,0.007489888439886272,True,,13.24726312289031,0.09922052292426783,,,
S6j,75p_E2_to_E1,75% epiboly,sebox,500.0,,0.01188846,0.018244210444390768,True,,10.627123444432522,0.1938834765387458,,,
S6j,75p_E2_to_E1,75% epiboly,sept9a,500.0,,0.0017527723999999998,0.00738676637411117,True,,54.173019992926264,0.4001634424677999,,,
S6j,75p_E2_to_E1,75% epiboly,shha,500.0,,0.0044348827,0.009324744530022142,True,,24.073639654567266,0.22448053968665024,,,
S6j,75p_E2_to_E1,75% epiboly,si:ch211-106e7.2,500.0,,0.0031267559999999996,0.008786394726485012,True,,18.955870333099128,0.16655375913067588,,,
S6j,75p_E2_to_E1,75% epiboly,si:ch211-113a14.12,500.0,,0.0026338832,0.007738255918957286,True,,26.531146242660256,0.20530479944898708,,,
S6j,75p_E2_to_E1,75% epiboly,si:ch211-113a14.18,500.0,,0.0028554224,0.008263861807063221,True,,16.657187311075006,0.13765269403309086,,,
S6j,75p_E2_to_E1,75% epiboly,si:ch211-114n24.6,500.0,,0.0041722096999999994,0.009854089049622414,True,,11.9018347196161,0.11728173918098485,,,
S6j,75p_E2_to_E1,75% epiboly,si:ch211-155e24.3,500.0,,0.0029704859999999996,0.008241163007915012,True,,14.251757266795934,0.1174510547849026,,,
S6j,75p_E2_to_E1,75% epiboly,si:ch211-161h7.4,500.0,,0.0037701607,0.009696704521775243,True,,10.049686957831662,0.09744884496643197,,,
S6j,75p_E2_to_E1,75% epiboly,si:ch211-163l21.7,500.0,,0.013580833999999998,0.020537844859063625,True,,8.40199943877759,0.17255896097955378,,,
S6j,75p_E2_to_E1,75% epiboly,si:dkey-108k21.21,500.0,,0.0099065285,0.015821323543786996,True,,11.094513700517435,0.1755298908168639,,,
S6j,75p_E2_to_E1,75% epiboly,si:dkey-261h17.1,500.0,,0.0063691866,0.01095864092931151,True,,17.801338619613492,0.1950784779934301,,,
S6j,75p_E2_to_E1,75% epiboly,si:dkey-261m9.12,500.0,,0.0005557892,0.00555210281163454,True,,39.71109231952929,0.22048006732033734,,,
S6j,75p_E2_to_E1,75% epiboly,si:dkey-66i24.9,500.0,,0.004154139,0.009326780820265413,True,,13.31394389162152,0.12417623653046544,,,
S6j,75p_E2_to_E1,75% epiboly,si:dkey-68o6.5,500.0,,0.0040025194,0.009504809090867641,True,,14.143485656296985,0.13443113104252766,,,
S6j,75p_E2_to_E1,75% epiboly,si:dkey-92i17.2,500.0,,0.00355455,0.009180767927318808,True,,15.205367944599805,0.1395969543488634,,,
S6j,75p_E2_to_E1,75% epiboly,six3b,500.0,,0.009865645,0.016326042264699938,True,,9.745834908429241,0.15911091261980384,,,
S6j,75p_E2_to_E1,75% epiboly,six4b,500.0,,0.029613346000000002,0.0379416435956955,True,,8.048321153843382,0.30536653276282233,,,
S6j,75p_E2_to_E1,75% epiboly,six7,500.0,,0.011554116000000001,0.018137865886092185,True,,14.102929979191204,0.2557970525635189,,,
S6j,75p_E2_to_E1,75% epiboly,skia,500.0,,0.0032572744,0.007988546742126344,True,,17.55114832371479,0.14020816876198805,,,
S6j,75p_E2_to_E1,75% epiboly,skila,500.0,,0.003343408,0.008761474303901194,True,,12.253666106572368,0.1073601807213188,,,
S6j,75p_E2_to_E1,75% epiboly,skilb,500.0,,0.0035450984999999997,0.008655345905572175,True,,15.455045411580953,0.13376876402355922,,,
S6j,75p_E2_to_E1,75% epiboly,smtnl,500.0,,0.0064050723,0.012041590828448532,True,,20.40766920672382,0.24574080234969706,,,
S6j,75p_E2_to_E1,75% epiboly,snai1a,500.0,,0.0014472327,0.006253180536441501,True,,39.19047167144068,0.2450650946698149,,,
S6j,75p_E2_to_E1,75% epiboly,snai2,500.0,,0.0033410662,0.008383587561547752,True,,30.769411449110397,0.2579580551009069,,,
S6j,75p_E2_to_E1,75% epiboly,snrpc,500.0,,0.0033049807,0.008334718598052855,True,,10.280193823983648,0.08568252265634461,,,
S6j,75p_E2_to_E1,75% epiboly,snrpd3,500.0,,0.005168555,0.01094655212946236,True,,15.913039688761922,0.17419291849123586,,,
S6j,75p_E2_to_E1,75% epiboly,snrpg,500.0,,0.0031023965999999997,0.008270638436079022,True,,9.870173189281113,0.08163263375002504,,,
S6j,75p_E2_to_E1,75% epiboly,sox10,500.0,,0.0097377,0.015618882328271862,True,,9.976018612122745,0.15581426080739513,,,
S6j,75p_E2_to_E1,75% epiboly,sox11a,500.0,,0.0004933065000000001,0.005952076078392562,True,,34.91617007240292,0.20782370063703573,,,
S6j,75p_E2_to_E1,75% epiboly,sox11b,500.0,,0.0013581423999999998,0.0066675077890977225,True,,30.448191350453452,0.2030135529930863,,,
S6j,75p_E2_to_E1,75% epiboly,sox13,500.0,,0.004625053,0.009803030220791695,True,,17.50238675867407,0.17157642633126632,,,
S6j,75p_E2_to_E1,75% epiboly,sox17,500.0,,0.07077393,0.08220725022256374,True,,4.428672809417348,0.3640690137976363,,,
S6j,75p_E2_to_E1,75% epiboly,sox19a,500.0,,0.0011661041,0.0061999873025342786,True,,44.674356624420426,0.2769804438202948,,,
S6j,75p_E2_to_E1,75% epiboly,sox2,500.0,,0.0012714389,0.005984425568021826,True,,31.315465160623553,0.1874050703817323,,,
S6j,75p_E2_to_E1,75% epiboly,sox3,500.0,,0.0024712372,0.00757724370341748,True,,41.02337735805307,0.3108441277792268,,,
S6j,75p_E2_to_E1,75% epiboly,sox5,500.0,,0.018708548000000002,0.024705385323613882,True,,8.002867203269915,0.19771391795049545,,,
S6j,75p_E2_to_E1,75% epiboly,sp5a,500.0,,0.0073938603,0.012920997384935616,True,,11.188317186960324,0.14456421711454456,,,
S6j,75p_E2_to_E1,75% epiboly,sp5l,500.0,,0.011566244,0.01833377946168184,True,,19.02896978192162,0.348872935364759,,,
S6j,75p_E2_to_E1,75% epiboly,sp8b,500.0,,0.009288929,0.014663224387913941,True,,18.39938390106704,0.26979429474071737,,,
S6j,75p_E2_to_E1,75% epiboly,spon1b,500.0,,0.013615671999999999,0.02032752614468336,True,,10.195866051998642,0.20725673373969192,,,
S6j,75p_E2_to_E1,75% epiboly,srp19,500.0,,0.0028779234000000002,0.007883098348975177,True,,18.392034926720488,0.14498622016512405,,,
S6j,75p_E2_to_E1,75% epiboly,srrm4,500.0,,0.0044393986,0.0095702335704118,True,,11.015701983667213,0.10542284092574383,,,
S6j,75p_E2_to_E1,75% epiboly,stmn1a,500.0,,0.0033174609000000002,0.008373550232499838,True,,12.410104088234005,0.10391662997337904,,,
S6j,75p_E2_to_E1,75% epiboly,stox1,500.0,,0.0035030371999999997,0.008681252924725413,True,,13.0183533080451,0.11301561773057528,,,
S6j,75p_E2_to_E1,75% epiboly,supt16h,500.0,,0.0006400705,0.00566659199539572,True,,32.422728225570864,0.18372637223191074,,,
S6j,75p_E2_to_E1,75% epiboly,syne2b,500.0,,0.0038813946,0.008621002081781622,True,,20.100994295797726,0.17329071366995272,,,
S6j,75p_E2_to_E1,75% epiboly,szl,500.0,,0.012844419,0.019085415918380026,True,,22.50867320112682,0.4295873898143997,,,
S6j,75p_E2_to_E1,75% epiboly,tagln2,500.0,,0.009042757,0.014541456382721652,True,,16.600112127885943,0.24138980645594216,,,
S6j,75p_E2_to_E1,75% epiboly,tbr1b,500.0,,0.01050565,0.016327003203332417,True,,9.610149382938237,0.15690493975973566,,,
S6j,75p_E2_to_E1,75% epiboly,tbx1,500.0,,0.041886516,0.05037611331790685,True,,4.526422452022015,0.2280235703677788,,,
S6j,75p_E2_to_E1,75% epiboly,tbx16,500.0,,0.0032398105,0.008412185590714216,True,,44.81295678503302,0.3769749093443537,,,
S6j,75p_E2_to_E1,75% epiboly,tbx16l,500.0,,0.0028370877,0.0076443551108241045,True,,55.660110242648074,0.4254856482024199,,,
S6j,75p_E2_to_E1,75% epiboly,tbx3b,500.0,,0.0037784101000000003,0.00891928253695368,True,,18.984803293255716,0.16933082448103642,,,
S6j,75p_E2_to_E1,75% epiboly,tbx6,500.0,,0.020779796,0.02815712234005332,True,,8.009533897408794,0.22552542583614346,,,
S6j,75p_E2_to_E1,75% epiboly,tbxta,500.0,,0.0042873193,0.00984788257628678,True,,48.40983056460214,0.4767343269381406,,,
S6j,75p_E2_to_E1,75% epiboly,tbxtb,500.0,,0.0057144356000000006,0.01157477688975632,True,,31.67317405360955,0.36660992306094936,,,
S6j,75p_E2_to_E1,75% epiboly,tcf3b,500.0,,0.0037240293,0.008982819737866521,True,,26.596742906134228,0.2389137471401839,,,
S6j,75p_E2_to_E1,75% epiboly,tcf7,500.0,,0.002093593,0.007653370895422994,True,,29.675134474316856,0.22711481050350016,,,
S6j,75p_E2_to_E1,75% epiboly,tcf7l1a,500.0,,0.004311627,0.01019667712971568,True,,25.394493567933417,0.2589394517848586,,,
S6j,75p_E2_to_E1,75% epiboly,tcf7l1b,500.0,,0.0024421015,0.007608673092909155,True,,19.404516345491196,0.14764262139885476,,,
S6j,75p_E2_to_E1,75% epiboly,tcf7l2,500.0,,0.0029663234000000004,0.00813853358849883,True,,13.074121154603825,0.10640417415684633,,,
S6j,75p_E2_to_E1,75% epiboly,tdgf1,500.0,,0.0018293957999999998,0.007132798107340931,True,,26.45284388545801,0.18868279479998,,,
S6j,75p_E2_to_E1,75% epiboly,tead1a,500.0,,0.0030668229999999998,0.008081946335732936,True,,20.55101519493501,0.1660922019502969,,,
S6j,75p_E2_to_E1,75% epiboly,tead1b,500.0,,0.008094576,0.013373459549620749,True,,12.443986303032053,0.16641914745963382,,,
S6j,75p_E2_to_E1,75% epiboly,tfap2c,500.0,,0.0030137490999999996,0.008114175312221047,True,,43.12996186036059,0.3499640717443732,,,
S6j,75p_E2_to_E1,75% epiboly,tgif1,500.0,,0.0021034207,0.0076545208226889375,True,,22.718966444023632,0.17390280171575015,,,
S6j,75p_E2_to_E1,75% epiboly,tlcd5a,500.0,,0.0030465554,0.007797410036437198,True,,18.739187523719032,0.1461171288721255,,,
S6j,75p_E2_to_E1,75% epiboly,tmed10,500.0,,0.0035809653000000003,0.008673572028055777,True,,17.77744774065947,0.15419397345360736,,,
S6j,75p_E2_to_E1,75% epiboly,tmed2,500.0,,0.0037497613,0.008965837396681308,True,,16.9952061062665,0.15237625447187073,,,
S6j,75p_E2_to_E1,75% epiboly,tp63,500.0,,0.008633917,0.014643658231943843,True,,33.5321861134146,0.4910338732147768,,,
S6j,75p_E2_to_E1,75% epiboly,tph1b,500.0,,0.012023998000000001,0.0178656050004065,True,,17.87596305904327,0.3193648950147253,,,
S6j,75p_E2_to_E1,75% epiboly,tpx2,500.0,,0.0036672605,0.00883053611032664,True,,18.42417748814107,0.16269536461209688,,,
S6j,75p_E2_to_E1,75% epiboly,tram1,500.0,,0.0009860519,0.005820902343839405,True,,27.711200456912415,0.16130419169024507,,,
S6j,75p_E2_to_E1,75% epiboly,trps1,500.0,,0.003177088,0.008281060727313161,True,,11.488769289876998,0.09513919617156193,,,
S6j,75p_E2_to_E1,75% epiboly,tshz3b,500.0,,0.01626607,0.022124618757516142,True,,10.669914014140971,0.2360677797383477,,,
S6j,75p_E2_to_E1,75% epiboly,tuba1a,500.0,,0.0013284441,0.0071363803930580595,True,,25.225645924744278,0.18001980497957001,,,
S6j,75p_E2_to_E1,75% epiboly,tuba8l,500.0,,0.0014009967,0.006490700831636781,True,,20.185333794245395,0.1310169628451746,,,
S6j,75p_E2_to_E1,75% epiboly,tuba8l2,500.0,,0.0034155421999999998,0.008283167611807583,True,,20.994848677947513,0.1739038505839761,,,
S6j,75p_E2_to_E1,75% epiboly,tuba8l4,500.0,,0.0010300602,0.005875793914310633,True,,33.185777296109826,0.1949927882781501,,,
S6j,75p_E2_to_E1,75% epiboly,tubb2b,500.0,,0.001889257,0.006895825709216296,True,,46.576327482614026,0.3211822364954873,,,
S6j,75p_E2_to_E1,75% epiboly,twist1a,500.0,,0.009106157,0.015058806911110872,True,,9.149752841522131,0.13778436132486982,,,
S6j,75p_E2_to_E1,75% epiboly,twist2,500.0,,0.014889982,0.02062734346836803,True,,17.260476886152432,0.3560377851584937,,,
S6j,75p_E2_to_E1,75% epiboly,ube2c,500.0,,0.0027166184,0.007623343309387555,True,,10.237542120011245,0.07804429822516101,,,
S6j,75p_E2_to_E1,75% epiboly,uhrf1,500.0,,0.0005974319,0.005329343071207397,True,,25.32390611379018,0.13495978358343433,,,
S6j,75p_E2_to_E1,75% epiboly,unc5b,500.0,,0.0017073869,0.007158791157416998,True,,21.094299988241563,0.15100968822772518,,,
S6j,75p_E2_to_E1,75% epiboly,uncx4.1,500.0,,0.012776878,0.018646149989217518,True,,7.502606815301434,0.1398947319882361,,,
S6j,75p_E2_to_E1,75% epiboly,unga,500.0,,0.0032678158,0.00857641850598156,True,,14.451879743578738,0.12394536887904872,,,
S6j,75p_E2_to_E1,75% epiboly,usf1,500.0,,0.003493785,0.008633191511034964,True,,12.282326242780474,0.10603567465493437,,,
S6j,75p_E2_to_E1,75% epiboly,vent,500.0,,0.019924596,0.025899410247802724,True,,9.583829389993195,0.2482155291163827,,,
S6j,75p_E2_to_E1,75% epiboly,vgll4l,500.0,,0.03951264,0.048023029603064066,True,,5.930228038906973,0.2847875166653501,,,
S6j,75p_E2_to_E1,75% epiboly,vox,500.0,,0.0037503326,0.008842111518606541,True,,15.62462105190973,0.13815464177695327,,,
S6j,75p_E2_to_E1,75% epiboly,vrtn,500.0,,0.00064821646,0.0061593879247084215,True,,39.556641083825085,0.2436446974337373,,,
S6j,75p_E2_to_E1,75% epiboly,vsx2,500.0,,0.009304325,0.014948572823777791,True,,14.679030369983101,0.21943055446813825,,,
S6j,75p_E2_to_E1,75% epiboly,wnt11f2,500.0,,0.004070891,0.009342532558366654,True,,18.86384350525644,0.17623607212379164,,,
S6j,75p_E2_to_E1,75% epiboly,wnt8a,500.0,,0.0025668056,0.007772820140235124,True,,28.949215546937083,0.22501704564724032,,,
S6j,75p_E2_to_E1,75% epiboly,xbp1,500.0,,0.0007793146700000001,0.00541845052503049,True,,54.82285457077413,0.2970549251326813,,,
S6j,75p_E2_to_E1,75% epiboly,ypel3,500.0,,0.003919758,0.008846267266198991,True,,18.931692917736758,0.16747481535190595,,,
S6j,75p_E2_to_E1,75% epiboly,zbtb18,500.0,,0.0030020208,0.008348662126809358,True,,14.266924223387994,0.11910972992985835,,,
S6j,75p_E2_to_E1,75% epiboly,zc4h2,500.0,,0.0033968635999999997,0.008007210353389383,True,,21.920830134727986,0.1755246980096839,,,
S6j,75p_E2_to_E1,75% epiboly,zeb1a,500.0,,0.004282962,0.009513086453080176,True,,25.268477161299195,0.2403812077731212,,,
S6j,75p_E2_to_E1,75% epiboly,zeb1b,500.0,,0.0020937417000000003,0.006648423499427736,True,,23.90156599664805,0.1589077330452378,,,
S6j,75p_E2_to_E1,75% epiboly,zeb2a,500.0,,0.0033852358,0.008408124884590506,True,,11.955384469391765,0.10052236566193977,,,
S6j,75p_E2_to_E1,75% epiboly,zeb2b,500.0,,0.0060036564,0.011479423381388186,True,,24.10491858486559,0.2767105660095647,,,
S6j,75p_E2_to_E1,75% epiboly,zfand5a,500.0,,0.002963842,0.007584316586144268,True,,13.39419188281145,0.1015857916548058,,,
S6j,75p_E2_to_E1,75% epiboly,zgc:113372,500.0,,0.006632534,0.01267090318724513,True,,11.095682487029974,0.14059231858956805,,,
S6j,75p_E2_to_E1,75% epiboly,zgc:113424,500.0,,0.0069880243,0.012201440380886195,True,,10.286353272951704,0.1255083261966538,,,
S6j,75p_E2_to_E1,75% epiboly,zgc:174154,500.0,,0.0143310595,0.020646167360246177,True,,8.360333245101023,0.17260883936578575,,,
S6j,75p_E2_to_E1,75% epiboly,zgc:175088,500.0,,0.0021731645999999998,0.007769407192245122,True,,17.942135329305998,0.1393997552717453,,,
S6j,75p_E2_to_E1,75% epiboly,zic2a,500.0,,0.0036703562,0.008507529972121113,True,,42.79479261631259,0.3640779808339867,,,
S6j,75p_E2_to_E1,75% epiboly,zic2b,500.0,,0.0048514707,0.010145691130310296,True,,30.20090754850782,0.30640907984221705,,,
S6j,75p_E2_to_E1,75% epiboly,zmp:0000000624,500.0,,0.0035040677000000003,0.008376935170963405,True,,12.640580548779683,0.10588932378046843,,,
S6j,75p_E2_to_E1,75% epiboly,znf1004,500.0,,0.022715082,0.029593590926378963,True,,7.53628640387468,0.22302577694029888,,,
S6j,75p_E2_to_E1,75% epiboly,znf576.2,500.0,,0.0035737103000000004,0.008421585382893679,True,,15.57570895830413,0.1311721628914602,,,
S6j,75p_E2_to_E1,75% epiboly,znfl2a,500.0,,0.0049245637,0.010137057956308123,True,,27.28199011977465,0.27655911500758124,,,
S6j,75p_E2_to_E1,75% epiboly,zswim5,500.0,,0.0018045476,0.00645790137350559,True,,20.40278099676282,0.13175914742232836,,,
S6j,6s_E1_to_E2,6-somite,ackr3b,500.0,,0.0020072213,0.006732750567607582,True,,55.58538003252641,0.3742424989646753,,,
S6j,6s_E1_to_E2,6-somite,acvr1ba,500.0,,0.0017014026999999999,0.006172217335551976,True,,22.715989246559673,0.14020802262182788,,,
S6j,6s_E1_to_E2,6-somite,add3b,500.0,,0.001149497,0.005159444292075931,True,,30.66436600586023,0.1582110881590628,,,
S6j,6s_E1_to_E2,6-somite,adka,500.0,,0.0010794972,0.004872621200047429,True,,50.5303892983091,0.24621544614159066,,,
S6j,6s_E1_to_E2,6-somite,ahi1,500.0,,0.0011743298,0.005974328937008971,True,,26.231388182699963,0.15671494147781956,,,
S6j,6s_E1_to_E2,6-somite,akap12b,500.0,,0.003193493,0.007747438247315581,True,,79.99805164803317,0.6197799650486994,,,
S6j,6s_E1_to_E2,6-somite,alcamb,500.0,,0.001413113,0.005507212970405811,True,,97.39752828748847,0.5363889310703234,,,
S6j,6s_E1_to_E2,6-somite,aldob,500.0,,0.00052256626,0.004567286511883136,True,,139.937132095859,0.6391329759330255,,,
S6j,6s_E1_to_E2,6-somite,anp32e,500.0,,0.0032509365000000004,0.007635007286444303,True,,88.18479434883538,0.6732915474069505,,,
S6j,6s_E1_to_E2,6-somite,apex1,500.0,,0.008052316,0.012852030247449877,True,,13.31671297323443,0.1711467979286171,,,
S6j,6s_E1_to_E2,6-somite,aplnra,500.0,,0.0029111295000000003,0.007021737843751906,True,,69.94367419087585,0.4911261439971265,,,
S6j,6s_E1_to_E2,6-somite,aplnrb,500.0,,0.0037710362,0.008611640846356749,True,,13.051293823225347,0.11239305498589093,,,
S6j,6s_E1_to_E2,6-somite,apoc1,500.0,,0.01647084,0.021421278640627855,True,,26.594850993638527,0.5696957135407095,,,
S6j,6s_E1_to_E2,6-somite,arf5,500.0,,0.0016566708,0.005578662757761771,True,,62.58971621092895,0.3491669188447875,,,
S6j,6s_E1_to_E2,6-somite,arhgap5,500.0,,0.0021947036,0.006178913568146525,True,,26.6472927740709,0.16465131887607953,,,
S6j,6s_E1_to_E2,6-somite,arl4aa,500.0,,0.010350986,0.014793529408052562,True,,14.740424825849844,0.21806290814839774,,,
S6j,6s_E1_to_E2,6-somite,arl4ab,500.0,,0.012696323,0.018059786502271892,True,,19.963348601359677,0.3605338136109839,,,
S6j,6s_E1_to_E2,6-somite,arl4d,500.0,,0.0021940547,0.006336419237777585,True,,70.36721321405496,0.4458761635183349,,,
S6j,6s_E1_to_E2,6-somite,arl6ip5a,500.0,,0.010482166999999999,0.01524095544591546,True,,15.26932157074376,0.2327190497490615,,,
S6j,6s_E1_to_E2,6-somite,aspm,500.0,,0.002619863,0.007069936534389853,True,,26.106123653431265,0.1845686373886928,,,
S6j,6s_E1_to_E2,6-somite,atf6,500.0,,0.0015797426,0.005932282144203781,True,,53.47262053104188,0.3172146719800843,,,
S6j,6s_E1_to_E2,6-somite,atoh1c,500.0,,0.02672913,0.03501534182578325,True,,8.209213762854002,0.2874484260272573,,,
S6j,6s_E1_to_E2,6-somite,atp2b1a,500.0,,0.015636675,0.02076482800766825,True,,20.692553632005826,0.42967731720805197,,,
S6j,6s_E1_to_E2,6-somite,atrxl,500.0,,0.0029703729999999997,0.007582621090114115,True,,32.00000611180743,0.2426439212271716,,,
S6j,6s_E1_to_E2,6-somite,axin2,500.0,,0.00775184,0.012209796486422416,True,,23.171764671457957,0.2829225308697744,,,
S6j,6s_E1_to_E2,6-somite,bach1b,500.0,,0.014258372,0.01957219736650586,True,,18.75392933010564,0.36705560624633055,,,
S6j,6s_E1_to_E2,6-somite,bambia,500.0,,0.0053056665,0.01001693704165518,True,,48.98641898004523,0.4906938748192554,,,
S6j,6s_E1_to_E2,6-somite,baz1b,500.0,,0.0020296364,0.006291477405466138,True,,42.82047124862583,0.2694040273521418,,,
S6j,6s_E1_to_E2,6-somite,bcl2l1,500.0,,0.0017568618,0.0052747506648302064,True,,48.28552618693103,0.2546941113561908,,,
S6j,6s_E1_to_E2,6-somite,bhlha15,500.0,,0.008544876,0.013693760754540556,True,,31.636179351857646,0.4332182712320745,,,
S6j,6s_E1_to_E2,6-somite,blf,500.0,,0.010937588,0.01615550061687827,True,,7.029722718651726,0.11356868971766115,,,
S6j,6s_E1_to_E2,6-somite,bmp2b,500.0,,0.0042021163,0.008177103614434595,True,,56.14544833325169,0.4591071484998832,,,
S6j,6s_E1_to_E2,6-somite,bmp7a,500.0,,0.0032839656,0.00819085398688912,True,,63.22898325170455,0.5178993695541696,,,
S6j,6s_E1_to_E2,6-somite,brd2a,500.0,,0.0017725536999999999,0.006039324845187366,True,,40.514436813583835,0.2446798448370505,,,
S6j,6s_E1_to_E2,6-somite,btg2,500.0,,0.0026571625,0.006943887285888193,True,,74.72660663069985,0.518893133700485,,,
S6j,6s_E1_to_E2,6-somite,c1qbp,500.0,,0.0020642588,0.005988609883934257,True,,62.81897626355298,0.3761983421505449,,,
S6j,6s_E1_to_E2,6-somite,C7H16orf87,500.0,,0.0035735098999999998,0.008352027647197245,True,,13.18722304955398,0.1101400514996316,,,
S6j,6s_E1_to_E2,6-somite,ca9,500.0,,0.0075814677,0.01231316807679832,True,,17.82488492342503,0.2194808040117208,,,
S6j,6s_E1_to_E2,6-somite,casz1,500.0,,0.0043905116999999995,0.008749068062752484,True,,35.828944982894626,0.3134698782719592,,,
S6j,6s_E1_to_E2,6-somite,cbx3a,500.0,,0.002083227,0.006330036907456812,True,,46.73477303331359,0.29583283816249234,,,
S6j,6s_E1_to_E2,6-somite,cbx5,500.0,,0.002300337,0.006683520576916634,True,,34.05831446848438,0.2276294455652129,,,
S6j,6s_E1_to_E2,6-somite,ccne2,500.0,,0.0061967615,0.011245909705758093,True,,11.696917064283468,0.1315424731406729,,,
S6j,6s_E1_to_E2,6-somite,ccnf,500.0,,0.0017074185999999998,0.006102354312315578,True,,47.47773492470217,0.2897259604567322,,,
S6j,6s_E1_to_E2,6-somite,ccng1,500.0,,0.0013521614,0.005669468105770647,True,,52.10608652243725,0.29541379565548376,,,
S6j,6s_E1_to_E2,6-somite,cd63,500.0,,0.0027187932000000002,0.006820426112972199,True,,36.63777935883959,0.2498852670603434,,,
S6j,6s_E1_to_E2,6-somite,cdc14b,500.0,,0.0011276391,0.0053127268329262655,True,,43.81226038162769,0.23276257134062575,,,
S6j,6s_E1_to_E2,6-somite,cdc42ep4a,500.0,,0.0048690625,0.009343974338844416,True,,13.859888037077992,0.12950643815771345,,,
S6j,6s_E1_to_E2,6-somite,cdca8,500.0,,0.0014070077999999999,0.005329066794365646,True,,29.57057222081043,0.15758355451231204,,,
S6j,6s_E1_to_E2,6-somite,cdh2,500.0,,0.0025462052,0.0064738553483039115,True,,74.70952211883328,0.4836586393382382,,,
S6j,6s_E1_to_E2,6-somite,cdh6,500.0,,0.011062361000000001,0.01560400784946978,True,,25.068205648373905,0.3911644777093491,,,
S6j,6s_E1_to_E2,6-somite,cdkn1ca,500.0,,0.0017519204,0.00619938785675913,True,,60.19305172085858,0.3731600738995649,,,
S6j,6s_E1_to_E2,6-somite,cdt1,500.0,,0.0020706672,0.0066201531328260845,True,,43.54241896531397,0.2882574813240492,,,
S6j,6s_E1_to_E2,6-somite,cenpf,500.0,,0.0012418318,0.005020016594789921,True,,48.92593528865,0.2456090070646408,,,
S6j,6s_E1_to_E2,6-somite,cfl1l,500.0,,0.008430861,0.012505252473056309,True,,30.59333782937468,0.3825774135498348,,,
S6j,6s_E1_to_E2,6-somite,chaf1a,500.0,,0.001776106,0.005901954928413033,True,,45.48880567298116,0.2684728808292739,,,
S6j,6s_E1_to_E2,6-somite,chrd,500.0,,0.013040525,0.01870801663026213,True,,23.836855454526656,0.4459402882564393,,,
S6j,6s_E1_to_E2,6-somite,chst11,500.0,,0.006583086,0.011239119200035924,True,,19.725172820952178,0.2216935685759904,,,
S6j,6s_E1_to_E2,6-somite,cldnd,500.0,,0.005315032,0.009764592349529266,True,,15.559745705504575,0.15193457387659082,,,
S6j,6s_E1_to_E2,6-somite,clic4,500.0,,0.0021314751,0.0066934295231476405,True,,60.38600244415069,0.40418945154454383,,,
S6j,6s_E1_to_E2,6-somite,clocka,500.0,,0.0032373420000000003,0.007860971707850694,True,,14.976459700342494,0.11772952598815843,,,
S6j,6s_E1_to_E2,6-somite,cmtm6,500.0,,0.004095438,0.008845141716301437,True,,24.149906248109513,0.2136093431999222,,,
S6j,6s_E1_to_E2,6-somite,cnmd,500.0,,0.006505028,0.011291841464117169,True,,17.919195991486408,0.2023407203003084,,,
S6j,6s_E1_to_E2,6-somite,cnn3a,500.0,,0.0015081004,0.005501608597114682,True,,68.04648614412822,0.37436513317398096,,,
S6j,6s_E1_to_E2,6-somite,coq10b,500.0,,0.006204337,0.010498878313228484,True,,12.138587909574117,0.12744155735704518,,,
S6j,6s_E1_to_E2,6-somite,crabp2b,500.0,,0.0017718395,0.0067687623668462,True,,67.81815033072945,0.4590449437477597,,,
S6j,6s_E1_to_E2,6-somite,creb3l1,500.0,,0.008318488,0.012803704012185332,True,,33.602852495117006,0.4302409773126015,,,
S6j,6s_E1_to_E2,6-somite,creb3l2,500.0,,0.0010395981,0.005448140273801983,True,,76.43257493522098,0.4164153897349654,,,
S6j,6s_E1_to_E2,6-somite,cst3,500.0,,0.040289894,0.04787127692252397,True,,9.029203244813518,0.4322394889222199,,,
S6j,6s_E1_to_E2,6-somite,ctcf,500.0,,0.0014888819,0.006273981230333446,True,,84.79454751362394,0.5319993995350942,,,
S6j,6s_E1_to_E2,6-somite,cth1,500.0,,0.0025083635,0.006636546365916729,True,,21.550134586345894,0.14301846737403026,,,
S6j,6s_E1_to_E2,6-somite,CU570769.1,500.0,,0.00689508,0.011293231742456555,True,,9.688339764728491,0.10941266616273587,,,
S6j,6s_E1_to_E2,6-somite,cux1a,500.0,,0.0038706898,0.008013049280270933,True,,21.525258686897168,0.17248295862868698,,,
S6j,6s_E1_to_E2,6-somite,cxcl12b,500.0,,0.0057349186,0.010399693716317413,True,,12.959850804843999,0.1347784789795473,,,
S6j,6s_E1_to_E2,6-somite,cxcr4a,500.0,,0.005294771,0.009588735643774271,True,,29.33120691016517,0.281249189174419,,,
S6j,6s_E1_to_E2,6-somite,dact2,500.0,,0.0024493549,0.006768620992079377,True,,87.48344021267194,0.5921422498828124,,,
S6j,6s_E1_to_E2,6-somite,dand5,500.0,,0.008195541,0.01388105531223118,True,,12.89343526585594,0.17897448809001842,,,
S6j,6s_E1_to_E2,6-somite,dbx1a,500.0,,0.02224886,0.02957156831398605,True,,13.351815892514587,0.3948341357812597,,,
S6j,6s_E1_to_E2,6-somite,dharma,500.0,,0.0060098623,0.011433338467031713,True,,11.624108764260878,0.13290236987938436,,,
S6j,6s_E1_to_E2,6-somite,dkc1,500.0,,0.0032574902,0.008468447998166083,True,,67.01415722433325,0.5675059055951921,,,
S6j,6s_E1_to_E2,6-somite,dkk1b,500.0,,0.024610214,0.03207921050488949,True,,9.457594129750232,0.3033921529580648,,,
S6j,6s_E1_to_E2,6-somite,dld,500.0,,0.005372106999999999,0.010176250152289866,True,,64.29792213819495,0.6543117399507283,,,
S6j,6s_E1_to_E2,6-somite,dlgap5,500.0,,0.0015905299,0.005992609704844653,True,,53.849519065390275,0.32269915055247494,,,
S6j,6s_E1_to_E2,6-somite,dlx3b,500.0,,0.0022148262,0.006284096487797796,True,,85.84932478112727,0.5394854403368942,,,
S6j,6s_E1_to_E2,6-somite,dmd,500.0,,0.02888928,0.03822387550026178,True,,11.527594135139685,0.4406293230391272,,,
S6j,6s_E1_to_E2,6-somite,dnmt3bb.2,500.0,,0.0016599542000000002,0.005860376521013675,True,,39.3758428568153,0.2307572649732044,,,
S6j,6s_E1_to_E2,6-somite,drll.2,500.0,,0.0019098225,0.006222482258453955,True,,31.64799957562122,0.19692911587486134,,,
S6j,6s_E1_to_E2,6-somite,drll.3,500.0,,0.011480313,0.016612238343805076,True,,12.375635363459493,0.20558700431381186,,,
S6j,6s_E1_to_E2,6-somite,dscc1,500.0,,0.0053924145,0.009967094101011752,True,,11.774068375916487,0.11735324745450625,,,
S6j,6s_E1_to_E2,6-somite,dync1li1,500.0,,0.0022136094,0.006363474950194355,True,,18.886390268318912,0.12018307137204183,,,
S6j,6s_E1_to_E2,6-somite,dynll1,500.0,,0.0139084635,0.018927218113094568,True,,32.47948610684833,0.614746317745543,,,
S6j,6s_E1_to_E2,6-somite,dynll2b,500.0,,0.0042525837,0.008840694371610874,True,,15.968740676697314,0.14117475582219155,,,
S6j,6s_E1_to_E2,6-somite,ednraa,500.0,,0.012714511999999999,0.01793492091819644,True,,12.840659612112715,0.2302962146807205,,,
S6j,6s_E1_to_E2,6-somite,efemp2b,500.0,,0.0046279263,0.008747155172750348,True,,74.66849398754009,0.6531369034245895,,,
S6j,6s_E1_to_E2,6-somite,efna1a,500.0,,0.0031592476,0.007126488885842263,True,,48.45873927377024,0.3453406668564516,,,
S6j,6s_E1_to_E2,6-somite,efnb2b,500.0,,0.0025745523,0.006744170165620728,True,,76.22417544743988,0.514068809951664,,,
S6j,6s_E1_to_E2,6-somite,egln1b,500.0,,0.0012727048,0.005123500875197351,True,,27.3690681313725,0.14022544452442293,,,
S6j,6s_E1_to_E2,6-somite,eif3ea,500.0,,0.002426311,0.006628496712073683,True,,53.44936771322472,0.3542889581495273,,,
S6j,6s_E1_to_E2,6-somite,elavl3,500.0,,0.021162142999999998,0.026136609632521863,True,,19.027512592687597,0.4973146689129697,,,
S6j,6s_E1_to_E2,6-somite,elf1,500.0,,0.0026670153999999997,0.006815149844624091,True,,69.99710176162928,0.4770407371949044,,,
S6j,6s_E1_to_E2,6-somite,elob,500.0,,0.006490808000000001,0.011821189755573868,True,,15.145121422164694,0.17903335420261562,,,
S6j,6s_E1_to_E2,6-somite,emid1,500.0,,0.009416617,0.014113478036597371,True,,27.262616662270087,0.3847703414831224,,,
S6j,6s_E1_to_E2,6-somite,emx3,500.0,,0.0029095084999999996,0.00683846625033766,True,,46.89063605255347,0.3206600321022532,,,
S6j,6s_E1_to_E2,6-somite,epcam,500.0,,0.026894967999999998,0.03418427109718322,True,,12.554729971178615,0.42917429288670106,,,
S6j,6s_E1_to_E2,6-somite,epha2a,500.0,,0.003557636,0.007876922748982907,True,,77.53696977095599,0.6107527210760432,,,
S6j,6s_E1_to_E2,6-somite,ephb3a,500.0,,0.0024439634,0.0068005941342562425,True,,71.84639633410205,0.4885981814771436,,,
S6j,6s_E1_to_E2,6-somite,eppk1,500.0,,0.08970328400000001,0.0979092475026846,True,,4.42137694228587,0.4328936893449301,,,
S6j,6s_E1_to_E2,6-somite,erf,500.0,,0.0021798653,0.0059176882961764895,True,,58.98073222933211,0.3490295888134381,,,
S6j,6s_E1_to_E2,6-somite,ets2,500.0,,0.028169128999999998,0.03523225784301757,True,,11.73118359433492,0.4133160851993855,,,
S6j,6s_E1_to_E2,6-somite,etv2,500.0,,0.09640902,0.1109701782464981,True,,6.138960944250886,0.6812415902318112,,,
S6j,6s_E1_to_E2,6-somite,etv5a,500.0,,0.0021632356,0.006316065322607753,True,,82.45417089691516,0.5207859295063793,,,
S6j,6s_E1_to_E2,6-somite,etv5b,500.0,,0.005031479,0.009728218941017984,True,,65.23582339807011,0.6346283728140099,,,
S6j,6s_E1_to_E2,6-somite,eve1,500.0,,0.0029723609999999998,0.0071608210448175676,True,,50.67579433571577,0.3628802945420404,,,
S6j,6s_E1_to_E2,6-somite,f11r.1,500.0,,0.0039976416,0.008380417386069889,True,,36.21221576746222,0.3034734826057546,,,
S6j,6s_E1_to_E2,6-somite,fbln2,500.0,,0.0016269179000000002,0.0052491689566522845,True,,62.64013129182207,0.3288086326176558,,,
S6j,6s_E1_to_E2,6-somite,fezf2,500.0,,0.010642533999999999,0.01625550203025341,True,,34.44538971208783,0.5599271023977136,,,
S6j,6s_E1_to_E2,6-somite,fgf8a,500.0,,0.0013278957999999998,0.005406944826245306,True,,86.72121668443667,0.46889683387761294,,,
S6j,6s_E1_to_E2,6-somite,flrt3,500.0,,0.0038637429999999998,0.008460344886407255,True,,70.17932068387913,0.5937412568793916,,,
S6j,6s_E1_to_E2,6-somite,fnbp1l,500.0,,0.0023290710000000003,0.006639168271794915,True,,26.72503539888211,0.17743200708285406,,,
S6j,6s_E1_to_E2,6-somite,fosab,500.0,,0.0080414405,0.0125432547647506,True,,10.377682096704419,0.1301699104065547,,,
S6j,6s_E1_to_E2,6-somite,foxa,500.0,,0.012569157,0.017956870887428516,True,,24.235478945942933,0.4351933663272894,,,
S6j,6s_E1_to_E2,6-somite,foxa2,500.0,,0.00996276,0.014943634718656541,True,,32.722129350917605,0.4889875482367425,,,
S6j,6s_E1_to_E2,6-somite,foxa3,500.0,,0.0035649623999999998,0.007916019717231392,True,,69.20976645197089,0.5478658758587813,,,
S6j,6s_E1_to_E2,6-somite,foxb1a,500.0,,0.013412216000000001,0.019292584992945196,True,,29.67997318904786,0.5726034053380405,,,
S6j,6s_E1_to_E2,6-somite,foxb1b,500.0,,0.021152782999999998,0.02707976652309298,True,,15.379092212573378,0.4164622264536045,,,
S6j,6s_E1_to_E2,6-somite,foxc1a,500.0,,0.0077227103,0.01257974696345627,True,,54.015526950274044,0.6795016611322002,,,
S6j,6s_E1_to_E2,6-somite,foxc1b,500.0,,0.002419054,0.00671105934306979,True,,69.09220553823559,0.4636818915106742,,,
S6j,6s_E1_to_E2,6-somite,foxd3,500.0,,0.0047509633,0.008929430413991211,True,,44.80906445807256,0.4001194229944058,,,
S6j,6s_E1_to_E2,6-somite,foxd5,500.0,,0.022930972,0.029346756078302862,True,,18.268124042039485,0.5361101802699129,,,
S6j,6s_E1_to_E2,6-somite,foxh1,500.0,,0.033293843,0.04077991060912608,True,,13.09895465021343,0.5341741997087001,,,
S6j,6s_E1_to_E2,6-somite,foxi1,500.0,,0.019025022,0.024675125628709785,True,,15.190096030040491,0.3748175278534149,,,
S6j,6s_E1_to_E2,6-somite,foxn2b,500.0,,0.00140422,0.005859885062091052,True,,26.261620769937135,0.15389007925605475,,,
S6j,6s_E1_to_E2,6-somite,foxo1a,500.0,,0.018077713999999998,0.025085760187357663,True,,17.537582809522867,0.4399435966256169,,,
S6j,6s_E1_to_E2,6-somite,foxp1b,500.0,,0.0014932157999999998,0.005597049463540314,True,,47.983549171095596,0.2685662981468409,,,
S6j,6s_E1_to_E2,6-somite,foxp2,500.0,,0.0029741256,0.007207228452898561,True,,26.053678503392458,0.1877748130123217,,,
S6j,6s_E1_to_E2,6-somite,frmd4ba,500.0,,0.0020318585000000003,0.005969200097024439,True,,33.63743861667842,0.20078860185433045,,,
S6j,6s_E1_to_E2,6-somite,fscn1a,500.0,,0.0050031673,0.009316861303523178,True,,50.20123555240442,0.4677179489072487,,,
S6j,6s_E1_to_E2,6-somite,fzd7b,500.0,,0.0018345462,0.0059174001682549705,True,,17.34313928250395,0.10262629530835826,,,
S6j,6s_E1_to_E2,6-somite,fzd8a,500.0,,0.0037239315000000004,0.007784746750257909,True,,51.73391659889119,0.4027354391213319,,,
S6j,6s_E1_to_E2,6-somite,gadd45gip1,500.0,,0.0012368888,0.005196112440899014,True,,20.46715940677221,0.10634966162339236,,,
S6j,6s_E1_to_E2,6-somite,gapdh,500.0,,0.033520475,0.040757365897297865,True,,9.551353455255121,0.3892880075902532,,,
S6j,6s_E1_to_E2,6-somite,gata2a,500.0,,0.0036152757,0.007861834904178976,True,,84.45080959218956,0.6639383225380485,,,
S6j,6s_E1_to_E2,6-somite,gata3,500.0,,0.017571623999999997,0.023100552149116986,True,,22.736129949510673,0.5252171555677718,,,
S6j,6s_E1_to_E2,6-somite,gata6,500.0,,0.05835232,0.06658078953623771,True,,8.495962684495089,0.5656679034040967,,,
S6j,6s_E1_to_E2,6-somite,gbx1,500.0,,0.013953181,0.019470233749598262,True,,19.235577718983247,0.374521194497168,,,
S6j,6s_E1_to_E2,6-somite,gcm2,500.0,,0.018807373999999998,0.025237471051514148,True,,7.534579849796201,0.19015374084455344,,,
S6j,6s_E1_to_E2,6-somite,gfi1aa,500.0,,0.01419889,0.020063800178468226,True,,17.964384154542664,0.3604338140059849,,,
S6j,6s_E1_to_E2,6-somite,gli1,500.0,,0.006113914,0.010495838290080424,True,,47.527672466686575,0.49884276451425,,,
S6j,6s_E1_to_E2,6-somite,gli2a,500.0,,0.0028652837,0.006707919156178832,True,,69.86794744760492,0.468668543086685,,,
S6j,6s_E1_to_E2,6-somite,gmnn,500.0,,0.0010514556,0.005156210111454126,True,,32.29681799840519,0.16652917953117044,,,
S6j,6s_E1_to_E2,6-somite,gpr137bb,500.0,,0.0036429903,0.007990125333890317,True,,26.748794453261674,0.2137262202120309,,,
S6j,6s_E1_to_E2,6-somite,grhl1,500.0,,0.11111441,0.1194128442555666,True,,3.9583280567936834,0.4726752117583437,,,
S6j,6s_E1_to_E2,6-somite,grhl2b,500.0,,0.0027340235999999997,0.007220861013047393,True,,76.68997695758141,0.5537676647045026,,,
S6j,6s_E1_to_E2,6-somite,gsc,500.0,,0.005317636800000001,0.009519331948831677,True,,19.295214291799958,0.1836775498674849,,,
S6j,6s_E1_to_E2,6-somite,h1-0,500.0,,0.0029977062,0.007154241926036774,True,,47.56492508349686,0.3402909812411514,,,
S6j,6s_E1_to_E2,6-somite,hdlbpa,500.0,,0.0017330393,0.0061391751980409,True,,98.64660889203972,0.6056088146808511,,,
S6j,6s_E1_to_E2,6-somite,helb,500.0,,0.0014965896,0.0060649852734059075,True,,18.62363747642656,0.11295208703177745,,,
S6j,6s_E1_to_E2,6-somite,hells,500.0,,0.0042426744,0.008894933946430683,True,,15.380348260997946,0.13680718185467675,,,
S6j,6s_E1_to_E2,6-somite,her1,500.0,,0.0071320236,0.011780187999829644,True,,44.96797150580505,0.529731158309366,,,
S6j,6s_E1_to_E2,6-somite,her11,500.0,,0.011026666999999999,0.016364366933703422,True,,10.118065933796125,0.16557574360004434,,,
S6j,6s_E1_to_E2,6-somite,her12,500.0,,0.0048151794,0.009310716344043613,True,,36.39068242929443,0.3388233216653324,,,
S6j,6s_E1_to_E2,6-somite,her2,500.0,,0.002807762,0.007098638406023382,True,,20.536571661282316,0.14578169632283006,,,
S6j,6s_E1_to_E2,6-somite,her3,500.0,,0.006781656,0.01143340985290706,True,,15.369439053957061,0.1757250959131672,,,
S6j,6s_E1_to_E2,6-somite,her7,500.0,,0.01769675,0.02369453441351652,True,,18.22610838067196,0.4318591522503136,,,
S6j,6s_E1_to_E2,6-somite,her8a,500.0,,0.003299335,0.007333612395450472,True,,54.359306963596765,0.3986500873563304,,,
S6j,6s_E1_to_E2,6-somite,her9,500.0,,0.0024452433,0.0066250463249161815,True,,74.02584753346423,0.4904246691503828,,,
S6j,6s_E1_to_E2,6-somite,hes6,500.0,,0.005440299399999999,0.010270754573866718,True,,12.318929170266097,0.12652469812065065,,,
S6j,6s_E1_to_E2,6-somite,hesx1,500.0,,0.0011810279,0.005375706870108838,True,,27.491345680077597,0.14778541584093008,,,
S6j,6s_E1_to_E2,6-somite,hic1l,500.0,,0.0017886494,0.00639680651947856,True,,19.59175151513033,0.12532464381998965,,,
S6j,6s_E1_to_E2,6-somite,higd1a,500.0,,0.0066520716,0.011419567419216035,True,,8.77024553975314,0.1001524102242897,,,
S6j,6s_E1_to_E2,6-somite,hivep2a,500.0,,0.006620229,0.011510731419548387,True,,20.837410440777546,0.2398538350626837,,,
S6j,6s_E1_to_E2,6-somite,hoxb7a,500.0,,0.010141563000000001,0.015066747693344948,True,,13.662415210648557,0.20584816286056007,,,
S6j,6s_E1_to_E2,6-somite,hoxb8a,500.0,,0.005576263000000001,0.01022102739661932,True,,15.875091343657244,0.1622597435473549,,,
S6j,6s_E1_to_E2,6-somite,hoxc6a,500.0,,0.0074862135,0.01188866682350635,True,,21.22371953281561,0.25232173028118865,,,
S6j,6s_E1_to_E2,6-somite,hoxc8a,500.0,,0.019073159,0.025435916893184186,True,,12.15499681331002,0.3091734887802723,,,
S6j,6s_E1_to_E2,6-somite,hsp90aa1.2,500.0,,0.009863984000000001,0.015002664271742103,True,,18.576085445344777,0.2786907734197026,,,
S6j,6s_E1_to_E2,6-somite,id3,500.0,,0.0028853158,0.006870834040455518,True,,91.68710841846845,0.6299669055925488,,,
S6j,6s_E1_to_E2,6-somite,igf2bp1,500.0,,0.0006695273299999999,0.004745942866429681,True,,98.68170506940551,0.4683377342212628,,,
S6j,6s_E1_to_E2,6-somite,igfbp1a,500.0,,0.0068704304,0.011529740504920477,True,,15.589306381925136,0.17974065723529753,,,
S6j,6s_E1_to_E2,6-somite,irf2a,500.0,,0.0063723326,0.010967691056430336,True,,13.49932394569271,0.1480564145070298,,,
S6j,6s_E1_to_E2,6-somite,irx1b,500.0,,0.0070205466,0.01149859568104148,True,,59.038674019559096,0.6788618420957181,,,
S6j,6s_E1_to_E2,6-somite,irx3a,500.0,,0.0060246717,0.011234792461618778,True,,18.486026296637508,0.20768666888274956,,,
S6j,6s_E1_to_E2,6-somite,irx5a,500.0,,0.005688495,0.009737920202314846,True,,47.537424292284236,0.4629156443818472,,,
S6j,6s_E1_to_E2,6-somite,ism1,500.0,,0.002047998,0.006261498667299747,True,,39.58155215099505,0.2478398360431109,,,
S6j,6s_E1_to_E2,6-somite,itga6a,500.0,,0.008257843,0.012894345261156558,True,,38.73134719716411,0.4994153631899624,,,
S6j,6s_E1_to_E2,6-somite,itgb5,500.0,,0.0025152257,0.0064903768477961405,True,,32.632583370366675,0.2117977635908052,,,
S6j,6s_E1_to_E2,6-somite,itm2cb,500.0,,0.0032947408000000003,0.00801630774512887,True,,39.390140178640756,0.3157634857957498,,,
S6j,6s_E1_to_E2,6-somite,jcada,500.0,,0.0078581795,0.012483493098989128,True,,31.689499260729782,0.3955956453317413,,,
S6j,6s_E1_to_E2,6-somite,kank1a,500.0,,0.0014019457999999998,0.005717844376340508,True,,73.11493498494234,0.4180598198301544,,,
S6j,6s_E1_to_E2,6-somite,kazald2,500.0,,0.0054045515,0.0097937012091279,True,,52.207891790498486,0.5113084929546236,,,
S6j,6s_E1_to_E2,6-somite,kdrl,500.0,,0.010657245,0.015756968688219783,True,,14.17547752758952,0.22336255554279125,,,
S6j,6s_E1_to_E2,6-somite,kif15,500.0,,0.0027243583,0.0070556831778958405,True,,21.475657512077568,0.15152543544221814,,,
S6j,6s_E1_to_E2,6-somite,kirrel3l,500.0,,0.003033595,0.0074218663387000516,True,,72.32286192998824,0.5367706144766311,,,
S6j,6s_E1_to_E2,6-somite,klf17,500.0,,0.006497861,0.011043681437149636,True,,24.453172736958596,0.2700530498345632,,,
S6j,6s_E1_to_E2,6-somite,klf2a,500.0,,0.050308917,0.05733956731855869,True,,7.5041754616591705,0.4302861740540822,,,
S6j,6s_E1_to_E2,6-somite,klf2b,500.0,,0.068345785,0.07639759816229343,True,,4.877371328594206,0.3726194548502314,,,
S6j,6s_E1_to_E2,6-somite,klf3,500.0,,0.028230991,0.0341170473024249,True,,11.802156672040631,0.4026547374506399,,,
S6j,6s_E1_to_E2,6-somite,klf7a,500.0,,0.0054025240000000006,0.00994206266477704,True,,20.21371303448109,0.20096600167663145,,,
S6j,6s_E1_to_E2,6-somite,klf8,500.0,,0.0014527411999999999,0.0060833242489024995,True,,35.573662575948944,0.21640612417054556,,,
S6j,6s_E1_to_E2,6-somite,kmt2bb,500.0,,0.0021903770000000003,0.0062993459403514855,True,,21.688449655957406,0.13662304729277286,,,
S6j,6s_E1_to_E2,6-somite,kmt5aa,500.0,,0.00171141,0.005967948888428509,True,,27.41005089817687,0.16358178278954352,,,
S6j,6s_E1_to_E2,6-somite,krt18a.1,500.0,,0.00771348,0.01220702715218067,True,,39.59166163056056,0.4832964885242024,,,
S6j,6s_E1_to_E2,6-somite,krt4,500.0,,0.0029729907000000002,0.0072745853802189215,True,,79.2668894249622,0.5766337549462599,,,
S6j,6s_E1_to_E2,6-somite,krt8,500.0,,0.0013376217000000002,0.005372644704766572,True,,111.51654188435828,0.5991387582488771,,,
S6j,6s_E1_to_E2,6-somite,krt99,500.0,,0.098391145,0.10642199851572512,True,,3.9583832590800205,0.4212590573224851,,,
S6j,6s_E1_to_E2,6-somite,lamb1a,500.0,,0.0015805376000000001,0.006004629237577318,True,,98.62424653925103,0.5922020343036204,,,
S6j,6s_E1_to_E2,6-somite,lamc1,500.0,,0.00070580037,0.0049841494532301975,True,,113.64871861397178,0.56644219874014,,,
S6j,6s_E1_to_E2,6-somite,lamp2,500.0,,0.0056198277,0.01066906382329762,True,,36.730327697913225,0.3918782104596726,,,
S6j,6s_E1_to_E2,6-somite,lbx2,500.0,,0.022060227,0.028280715271830563,True,,18.698253611206866,0.5287999864590189,,,
S6j,6s_E1_to_E2,6-somite,lef1,500.0,,0.005053978,0.00957341049797833,True,,40.32708250535841,0.3860677150096365,,,
S6j,6s_E1_to_E2,6-somite,lft2,500.0,,0.012156768,0.017392210010439155,True,,12.017992604181645,0.20901945127583174,,,
S6j,6s_E1_to_E2,6-somite,lgals3b,500.0,,0.02583914,0.03219985514879226,True,,11.129972954380875,0.35838351694103965,,,
S6j,6s_E1_to_E2,6-somite,lhfpl6,500.0,,0.0067271153,0.011179996700957416,True,,26.228760816924723,0.29323745940341955,,,
S6j,6s_E1_to_E2,6-somite,lhx1a,500.0,,0.016743347,0.022306452039629217,True,,29.504368865138616,0.6581377890497441,,,
S6j,6s_E1_to_E2,6-somite,lima1a,500.0,,0.003920865999999999,0.00813213177025318,True,,74.99604109973224,0.6098776884703457,,,
S6j,6s_E1_to_E2,6-somite,lmnb1,500.0,,0.003021931,0.0075903303222730764,True,,41.59114695013264,0.31569054383370715,,,
S6j,6s_E1_to_E2,6-somite,lmo2,500.0,,0.01441667,0.019609763380140068,True,,29.410181995341663,0.5767267098955057,,,
S6j,6s_E1_to_E2,6-somite,lmo4a,500.0,,0.0017995945999999998,0.00600833464413881,True,,79.99567285461505,0.4806407725935782,,,
S6j,6s_E1_to_E2,6-somite,lratb.1,500.0,,0.023022197,0.02874610219150782,True,,9.23580253603983,0.26549332352158805,,,
S6j,6s_E1_to_E2,6-somite,lratd1,500.0,,0.0038708009999999997,0.008126111282035706,True,,18.596229929523435,0.15111503383363045,,,
S6j,6s_E1_to_E2,6-somite,mab21l2,500.0,,0.008715206999999999,0.013555806316435336,True,,39.8968814526081,0.5408343976013367,,,
S6j,6s_E1_to_E2,6-somite,mad1l1,500.0,,0.0020374383,0.006223642150871453,True,,21.69300862804016,0.13500952287668885,,,
S6j,6s_E1_to_E2,6-somite,map1lc3b,500.0,,0.0015695156,0.005378607590682792,True,,21.3146218025876,0.1146429866199306,,,
S6j,6s_E1_to_E2,6-somite,map2k6,500.0,,0.0015333535999999999,0.0057893273420631846,True,,38.81259304157171,0.2246988061119424,,,
S6j,6s_E1_to_E2,6-somite,mcama,500.0,,0.0109654255,0.015473119076341387,True,,22.311431852970397,0.3452274418246871,,,
S6j,6s_E1_to_E2,6-somite,mcm3,500.0,,0.0023095468,0.006725069158710537,True,,68.8278530277523,0.4628720716571986,,,
S6j,6s_E1_to_E2,6-somite,mcm4,500.0,,0.003020295,0.007747580436989663,True,,65.57500123293273,0.5080475967078427,,,
S6j,6s_E1_to_E2,6-somite,mcm5,500.0,,0.002051611,0.005885023390874263,True,,60.813796265371955,0.35789061350957585,,,
S6j,6s_E1_to_E2,6-somite,mcm7,500.0,,0.003091018,0.008078678138554092,True,,70.28201545956699,0.5677857818267246,,,
S6j,6s_E1_to_E2,6-somite,mdm2,500.0,,0.003786576,0.00802996195852756,True,,23.693583916090752,0.1902585775073892,,,
S6j,6s_E1_to_E2,6-somite,mef2d,500.0,,0.0068972753,0.011464847112074494,True,,35.7971600748342,0.4104089673044313,,,
S6j,6s_E1_to_E2,6-somite,meis1b,500.0,,0.0062372475,0.010571805061772466,True,,53.145024947780485,0.5618388437509697,,,
S6j,6s_E1_to_E2,6-somite,meox1,500.0,,0.0060571869999999995,0.010583242727443574,True,,68.02162824519172,0.7198894024347957,,,
S6j,6s_E1_to_E2,6-somite,mespaa,500.0,,0.009621536,0.015239706356078388,True,,9.667299506326977,0.1473268057326847,,,
S6j,6s_E1_to_E2,6-somite,mespab,500.0,,0.018344328,0.025446610897779463,True,,12.029555864975018,0.30611142736912017,,,
S6j,6s_E1_to_E2,6-somite,mgst3b,500.0,,0.005100957,0.009866438573226322,True,,29.691907564762836,0.2929533821096465,,,
S6j,6s_E1_to_E2,6-somite,mibp2,500.0,,0.0020868438,0.005852652643807232,True,,34.036604539114464,0.19920442354206952,,,
S6j,6s_E1_to_E2,6-somite,mixl1,500.0,,0.004747714,0.00906963916495442,True,,15.281698110795222,0.13859948769267832,,,
S6j,6s_E1_to_E2,6-somite,mki67,500.0,,0.0014015643,0.005495839007198809,True,,61.89537484429602,0.340167015434474,,,
S6j,6s_E1_to_E2,6-somite,mns1,500.0,,0.0054101027,0.009867885569110509,True,,18.290753724603253,0.18049106472716672,,,
S6j,6s_E1_to_E2,6-somite,msgn1,500.0,,0.0097678965,0.014405224518850443,True,,52.05769426127537,0.749902773767344,,,
S6j,6s_E1_to_E2,6-somite,msx1b,500.0,,0.0026234626000000002,0.006932777375914153,True,,87.51638038169726,0.6067315819321281,,,
S6j,6s_E1_to_E2,6-somite,msx3,500.0,,0.00887244,0.013724553259089587,True,,35.70294420749576,0.4900069592820796,,,
S6j,6s_E1_to_E2,6-somite,mych,500.0,,0.0030789522,0.007807919220067556,True,,77.3474400906194,0.6039225641065711,,,
S6j,6s_E1_to_E2,6-somite,mycla,500.0,,0.0021621804000000002,0.0063568497309461226,True,,41.180463251168156,0.261778016738425,,,
S6j,6s_E1_to_E2,6-somite,myclb,500.0,,0.004358117,0.008545056963339447,True,,49.27039050595854,0.4210182934793948,,,
S6j,6s_E1_to_E2,6-somite,mycn,500.0,,0.006923794699999999,0.01152770728804171,True,,51.666463116930274,0.5955958634203753,,,
S6j,6s_E1_to_E2,6-somite,myf5,500.0,,0.010804536000000002,0.015513824950903653,True,,27.852200957701776,0.4320941701551764,,,
S6j,6s_E1_to_E2,6-somite,myod1,500.0,,0.018635388,0.02391151012852788,True,,23.678671089643128,0.566192783590082,,,
S6j,6s_E1_to_E2,6-somite,nanog,500.0,,0.006363185,0.010705724079161882,True,,12.343992874108652,0.13215138174534768,,,
S6j,6s_E1_to_E2,6-somite,nap1l1,500.0,,0.0024217987,0.006774167576804756,True,,55.05112034322556,0.3729255144958553,,,
S6j,6s_E1_to_E2,6-somite,nasp,500.0,,0.0030075186,0.007173407217487693,True,,86.18515088924391,0.6182411834291682,,,
S6j,6s_E1_to_E2,6-somite,ncapd2,500.0,,0.0022928407000000002,0.0064487891970202256,True,,44.89195135346456,0.2894987309213798,,,
S6j,6s_E1_to_E2,6-somite,nckap5l,500.0,,0.0017276469,0.006379904714412984,True,,24.878357725242342,0.1587215517381263,,,
S6j,6s_E1_to_E2,6-somite,ndr1,500.0,,0.0116219,0.01776942554861306,True,,5.958479168598702,0.10587875196937648,,,
S6j,6s_E1_to_E2,6-somite,ndr2,500.0,,0.00805695,0.0131134039722383,True,,18.489120707462703,0.2424553089284348,,,
S6j,6s_E1_to_E2,6-somite,ndufv3,500.0,,0.0022311048,0.006473444681614636,True,,17.86870486242028,0.11567207245897615,,,
S6j,6s_E1_to_E2,6-somite,nid2a,500.0,,0.0031786122999999996,0.007632441841997205,True,,75.91473422602576,0.5794147939308163,,,
S6j,6s_E1_to_E2,6-somite,nip7,500.0,,0.0042222855,0.008848705887794494,True,,22.641041919012018,0.2003439209345636,,,
S6j,6s_E1_to_E2,6-somite,nkx1.2la,500.0,,0.0069562485,0.011470153694972394,True,,13.322527088637369,0.15281143331210373,,,
S6j,6s_E1_to_E2,6-somite,nkx2.5,500.0,,0.0057391709999999995,0.01092780064791441,True,,15.212452253109715,0.16623864558789936,,,
S6j,6s_E1_to_E2,6-somite,nog1,500.0,,0.009591081999999999,0.014254534197971225,True,,29.104314759757923,0.414868450051488,,,
S6j,6s_E1_to_E2,6-somite,nop58,500.0,,0.0024744372,0.0064600306330248715,True,,102.97892974923545,0.6652470407361772,,,
S6j,6s_E1_to_E2,6-somite,notch1a,500.0,,0.0025448351999999997,0.006733410130254921,True,,68.23116215305696,0.4594283984404599,,,
S6j,6s_E1_to_E2,6-somite,noto,500.0,,0.006230289599999999,0.010852061258628963,True,,32.21131253324605,0.34955913683162904,,,
S6j,6s_E1_to_E2,6-somite,nr2f2,500.0,,0.0027500034999999997,0.007655562623403966,True,,61.2870126635437,0.4691865634471107,,,
S6j,6s_E1_to_E2,6-somite,nr6a1a,500.0,,0.0028168177000000003,0.0070053556235507115,True,,24.5240116816886,0.17179942314634056,,,
S6j,6s_E1_to_E2,6-somite,nrarpa,500.0,,0.0030098772,0.00755990853067487,True,,75.11244534701652,0.5678432163387601,,,
S6j,6s_E1_to_E2,6-somite,oclna,500.0,,0.02787197,0.034854528866708284,True,,7.799877104981832,0.2718610417123663,,,
S6j,6s_E1_to_E2,6-somite,olig4,500.0,,0.028260000000000004,0.036837492510676376,True,,11.065464930571807,0.407623981507091,,,
S6j,6s_E1_to_E2,6-somite,osr1,500.0,,0.014074132,0.019799350295215845,True,,25.666817029298173,0.5081863013262858,,,
S6j,6s_E1_to_E2,6-somite,otx1,500.0,,0.0070026275,0.011627256078645587,True,,41.6443528968979,0.4842095553617181,,,
S6j,6s_E1_to_E2,6-somite,pax2a,500.0,,0.019523412,0.02604999141767621,True,,22.09104482740064,0.5754715281612871,,,
S6j,6s_E1_to_E2,6-somite,pax6a,500.0,,0.0025814383,0.0068694920046254975,True,,78.53105890063104,0.5394684812326589,,,
S6j,6s_E1_to_E2,6-somite,pax6b,500.0,,0.0048352806,0.00903377537615597,True,,66.06539691878592,0.5968199559008988,,,
S6j,6s_E1_to_E2,6-somite,pbx1b,500.0,,0.004214984000000001,0.008537889318540687,True,,39.10536460211665,0.3338772747340508,,,
S6j,6s_E1_to_E2,6-somite,pbx4,500.0,,0.002985523,0.007726088562048971,True,,66.92707851394908,0.5170845357979754,,,
S6j,6s_E1_to_E2,6-somite,pcdh10b,500.0,,0.004712043,0.00943708373233676,True,,67.2776410556989,0.6349047319567277,,,
S6j,6s_E1_to_E2,6-somite,pcdh7b,500.0,,0.013550071,0.02019013650715351,True,,13.953472497421952,0.28172251447176144,,,
S6j,6s_E1_to_E2,6-somite,PCDH8,500.0,,0.017053276000000003,0.024227804504334927,True,,8.007984634849562,0.1940158862068531,,,
S6j,6s_E1_to_E2,6-somite,pcdh8,500.0,,0.006743225699999999,0.011520777968689798,True,,44.59988779773546,0.5138254047461877,,,
S6j,6s_E1_to_E2,6-somite,pdap1a,500.0,,0.0049496824,0.009653181536123157,True,,17.31624798869549,0.16715688535940507,,,
S6j,6s_E1_to_E2,6-somite,perp,500.0,,0.009896734,0.014459779392927884,True,,28.924985123770185,0.4182489038334377,,,
S6j,6s_E1_to_E2,6-somite,pfn2,500.0,,0.0012420391,0.005636771651916205,True,,33.06852112626503,0.18639970245532286,,,
S6j,6s_E1_to_E2,6-somite,pknox1.1,500.0,,0.001295226,0.005050331563688811,True,,24.55218796359109,0.1239966898301446,,,
S6j,6s_E1_to_E2,6-somite,plagl2,500.0,,0.0032533553999999996,0.007326644333079455,True,,28.813629685099922,0.2111072166477873,,,
S6j,6s_E1_to_E2,6-somite,plekhg5b,500.0,,0.006593339,0.011082387343049048,True,,12.835961098637124,0.14225309281540602,,,
S6j,6s_E1_to_E2,6-somite,pmp22b,500.0,,0.01630091,0.022180989664047957,True,,15.25386233172693,0.3383457627168455,,,
S6j,6s_E1_to_E2,6-somite,pold3,500.0,,0.0027837264,0.0070513179525732985,True,,26.062863471549903,0.18377753709240668,,,
S6j,6s_E1_to_E2,6-somite,ppan,500.0,,0.0026157524,0.00724614451173693,True,,36.78086403359984,0.2665194560540117,,,
S6j,6s_E1_to_E2,6-somite,ppp1r7,500.0,,0.009010773,0.01399772949516773,True,,11.906326496179101,0.16666153757466326,,,
S6j,6s_E1_to_E2,6-somite,prdm1a,500.0,,0.0028671483,0.006860719830729065,True,,86.54583408206213,0.5937667201537911,,,
S6j,6s_E1_to_E2,6-somite,prickle1b,500.0,,0.0025265287,0.006804136349819599,True,,72.34033180072288,0.4922134811633092,,,
S6j,6s_E1_to_E2,6-somite,prox1a,500.0,,0.00850117,0.013460143981501459,True,,24.494105111542645,0.32969418149939483,,,
S6j,6s_E1_to_E2,6-somite,ptp4a2b,500.0,,0.0017241035,0.0059282350121065966,True,,45.805553980780246,0.2715460888578001,,,
S6j,6s_E1_to_E2,6-somite,pttg1,500.0,,0.001975283,0.005932926805689929,True,,25.92537809254306,0.15381337063289516,,,
S6j,6s_E1_to_E2,6-somite,rab11fip4a,500.0,,0.002315058,0.0064719765679910725,True,,70.64059490075863,0.4571842749466595,,,
S6j,6s_E1_to_E2,6-somite,rac1a,500.0,,0.0018093162,0.006088929064571853,True,,37.71908069767674,0.22966880674901505,,,
S6j,6s_E1_to_E2,6-somite,raraa,500.0,,0.0037779624,0.008516337256878614,True,,56.68603672789827,0.4827574065305895,,,
S6j,6s_E1_to_E2,6-somite,rasgef1ba,500.0,,0.0028666373999999997,0.00731142959557473,True,,44.95641647066876,0.32869567389463084,,,
S6j,6s_E1_to_E2,6-somite,rasl11b,500.0,,0.0023534798999999998,0.006743524479679759,True,,46.3393857267628,0.3124907820217478,,,
S6j,6s_E1_to_E2,6-somite,rbbp4,500.0,,0.0029244907,0.0069654041668400155,True,,53.909433124530345,0.3755009901175868,,,
S6j,6s_E1_to_E2,6-somite,rbm4.3,500.0,,0.0047966745000000005,0.00965044191107154,True,,75.52107079331279,0.7288117067527866,,,
S6j,6s_E1_to_E2,6-somite,rbm7,500.0,,0.0013357020999999998,0.00533713714685291,True,,22.684740951580114,0.12107157359941365,,,
S6j,6s_E1_to_E2,6-somite,rbmx,500.0,,0.0025554919,0.007521428284235299,True,,41.9236405845855,0.31532565607101626,,,
S6j,6s_E1_to_E2,6-somite,rcc1,500.0,,0.0022132895,0.006022288999520242,True,,40.60379373757017,0.24452778036455775,,,
S6j,6s_E1_to_E2,6-somite,rdh10b,500.0,,0.020730508,0.02779963258653879,True,,11.117711435701645,0.3090682931156664,,,
S6j,6s_E1_to_E2,6-somite,rfx2,500.0,,0.00159499,0.005580906593240793,True,,45.677072018689074,0.2549194723890364,,,
S6j,6s_E1_to_E2,6-somite,rhov,500.0,,0.011144612,0.01609667446464299,True,,14.355652715099252,0.2310782684824209,,,
S6j,6s_E1_to_E2,6-somite,ripply1,500.0,,0.0038156738,0.008556592883542175,True,,47.726721610902736,0.4083781264906489,,,
S6j,6s_E1_to_E2,6-somite,rnd1b,500.0,,0.006989751999999999,0.011807491257786748,True,,21.893720724380263,0.2585099160535445,,,
S6j,6s_E1_to_E2,6-somite,rpl10,500.0,,0.0032040689000000003,0.008141708839684724,True,,93.39507712831058,0.7603955250386027,,,
S6j,6s_E1_to_E2,6-somite,rpl19,500.0,,0.0022917732,0.0068198487162590025,True,,62.7592224069058,0.42800840236514975,,,
S6j,6s_E1_to_E2,6-somite,rpl31,500.0,,0.0019459332999999998,0.006530218641273676,True,,60.48465515459219,0.3949780226015278,,,
S6j,6s_E1_to_E2,6-somite,rpl34,500.0,,0.0018854817999999999,0.005685939081013202,True,,20.92182794908237,0.11896023918192175,,,
S6j,6s_E1_to_E2,6-somite,rpl38,500.0,,0.0033308485999999997,0.007568020327016708,True,,18.05186054473461,0.13661684754302242,,,
S6j,6s_E1_to_E2,6-somite,rpl4,500.0,,0.0020965906,0.006381458067335186,True,,82.74412358927981,0.5280281550033893,,,
S6j,6s_E1_to_E2,6-somite,rpl5a,500.0,,0.00203877,0.00673013136256486,True,,67.87120348027518,0.4567821151576213,,,
S6j,6s_E1_to_E2,6-somite,rpl6,500.0,,0.0033042813,0.00990682737901806,True,,58.096334951261206,0.5755503617157584,,,
S6j,6s_E1_to_E2,6-somite,rplp0,500.0,,0.00022763156000000002,0.004162489040754732,True,,143.45524682231473,0.5971308927366502,,,
S6j,6s_E1_to_E2,6-somite,rplp2l,500.0,,0.001520498,0.006114709423854947,True,,109.25184994566496,0.6680433164363441,,,
S6j,6s_E1_to_E2,6-somite,rps3,500.0,,0.0011264847,0.005787458457052708,True,,122.00575561258708,0.706103242129173,,,
S6j,6s_E1_to_E2,6-somite,rps6,500.0,,0.000115876544,0.0040646377019584136,True,,126.74813817207469,0.5151852610672492,,,
S6j,6s_E1_to_E2,6-somite,rreb1a,500.0,,0.0016033007,0.005578179820440709,True,,50.013043218612914,0.2789817484408956,,,
S6j,6s_E1_to_E2,6-somite,rreb1b,500.0,,0.0017977024,0.005984688200987871,True,,70.43568520141349,0.4215356141533953,,,
S6j,6s_E1_to_E2,6-somite,rrm2,500.0,,0.0013851420999999998,0.005650414992123835,True,,62.56658727829098,0.35352718276327977,,,
S6j,6s_E1_to_E2,6-somite,rrp8,500.0,,0.0049319659999999994,0.009135127812623977,True,,15.931247535852576,0.14553398245456406,,,
S6j,6s_E1_to_E2,6-somite,rxraa,500.0,,0.014400301499999999,0.019287910778075457,True,,14.611584261336079,0.28182693355898186,,,
S6j,6s_E1_to_E2,6-somite,rxrgb,500.0,,0.0022171596,0.00638808561488986,True,,41.507042225500165,0.2651505393573436,,,
S6j,6s_E1_to_E2,6-somite,sall1a,500.0,,0.012405375,0.017960672359913585,True,,12.571991512807573,0.22580142047315116,,,
S6j,6s_E1_to_E2,6-somite,sall3a,500.0,,0.004139629000000001,0.008578736940398813,True,,16.458511931805525,0.14119324429337468,,,
S6j,6s_E1_to_E2,6-somite,sdc4,500.0,,0.0013021422,0.00559955181088298,True,,46.63992907283147,0.2611626992992272,,,
S6j,6s_E1_to_E2,6-somite,sebox,500.0,,0.010811838,0.017024849727749824,True,,6.783137426223664,0.1154818953641336,,,
S6j,6s_E1_to_E2,6-somite,sept9a,500.0,,0.0017434091,0.005516152479685837,True,,54.12143885887836,0.2985421091655673,,,
S6j,6s_E1_to_E2,6-somite,shha,500.0,,0.0059780865,0.010746195167303085,True,,52.088873513973056,0.5597572008261189,,,
S6j,6s_E1_to_E2,6-somite,si:ch211-106e7.2,500.0,,0.010281305,0.014658821746706956,True,,10.57058380715832,0.1549523037877608,,,
S6j,6s_E1_to_E2,6-somite,si:ch211-113a14.12,500.0,,0.0014615925,0.006004390586167575,True,,53.531448815042715,0.32142372732895386,,,
S6j,6s_E1_to_E2,6-somite,si:ch211-113a14.18,500.0,,0.0033633653,0.00696129088755697,True,,15.577850872449948,0.10844195132610722,,,
S6j,6s_E1_to_E2,6-somite,si:ch211-114n24.6,500.0,,0.010292344,0.015582786779850715,True,,12.615466932172,0.1965841313322937,,,
S6j,6s_E1_to_E2,6-somite,si:ch211-155e24.3,500.0,,0.0017056332,0.00571005695965139,True,,41.36462244279439,0.2361943502628302,,,
S6j,6s_E1_to_E2,6-somite,si:ch211-161h7.4,500.0,,0.0019047437,0.005854262458160519,True,,25.540265604349766,0.14951941809899322,,,
S6j,6s_E1_to_E2,6-somite,si:ch211-163l21.7,500.0,,0.008609476,0.013629843434318898,True,,9.017058483920039,0.12290109537392704,,,
S6j,6s_E1_to_E2,6-somite,si:dkey-108k21.14,500.0,,0.0011024792,0.005501470947638154,True,,65.02783300790085,0.3577487340808319,,,
S6j,6s_E1_to_E2,6-somite,si:dkey-108k21.21,500.0,,0.021467771,0.033058822713792325,True,,7.59409226575729,0.2510517498858517,,,
S6j,6s_E1_to_E2,6-somite,si:dkey-261h17.1,500.0,,0.0019420870000000001,0.006148068350739777,True,,83.99302534947407,0.5163948608339853,,,
S6j,6s_E1_to_E2,6-somite,si:dkey-261m9.12,500.0,,0.0009540244000000001,0.005110265919938682,True,,65.5179594931781,0.33481419554191105,,,
S6j,6s_E1_to_E2,6-somite,si:dkey-66i24.9,500.0,,0.0016016736999999999,0.0056108331307768745,True,,21.92292706192123,0.12300588548263255,,,
S6j,6s_E1_to_E2,6-somite,si:dkey-68o6.5,500.0,,0.018245708,0.02701363014057277,True,,14.34175242554186,0.3874227955912502,,,
S6j,6s_E1_to_E2,6-somite,si:dkey-92i17.2,500.0,,0.0031973459,0.007773323194123805,True,,18.48521910100511,0.14369158238630342,,,
S6j,6s_E1_to_E2,6-somite,six3b,500.0,,0.014255881000000001,0.01955880895256996,True,,20.30904386406164,0.3972207089465448,,,
S6j,6s_E1_to_E2,6-somite,six4a,500.0,,0.011420176,0.016258269175887106,True,,34.39398020482461,0.5591865882001712,,,
S6j,6s_E1_to_E2,6-somite,six4b,500.0,,0.01769698,0.023171337042003862,True,,22.775557146410538,0.5277401109588983,,,
S6j,6s_E1_to_E2,6-somite,skila,500.0,,0.0020837002,0.006219883752055465,True,,41.14588254715298,0.2559226063190193,,,
S6j,6s_E1_to_E2,6-somite,skilb,500.0,,0.0037950587,0.007988301338627931,True,,17.981755348994604,0.14364368032525354,,,
S6j,6s_E1_to_E2,6-somite,smtnl,500.0,,0.0029064456,0.007005465961992734,True,,57.08794951154968,0.39992768714312105,,,
S6j,6s_E1_to_E2,6-somite,snai1a,500.0,,0.012296996000000001,0.017147582769393915,True,,30.467887433169253,0.5224506215688465,,,
S6j,6s_E1_to_E2,6-somite,snai2,500.0,,0.00481955,0.0089857536368072,True,,58.194764465161136,0.5229238164359601,,,
S6j,6s_E1_to_E2,6-somite,snrpc,500.0,,0.0012325156,0.005169263225980103,True,,29.94008216537003,0.15476816572027002,,,
S6j,6s_E1_to_E2,6-somite,snrpd3,500.0,,0.008538958000000001,0.014376256801187988,True,,7.1614553950607585,0.10295492182964663,,,
S6j,6s_E1_to_E2,6-somite,snrpg,500.0,,0.0015184515,0.006146672158502042,True,,17.07503240545286,0.10495462629211724,,,
S6j,6s_E1_to_E2,6-somite,sox10,500.0,,0.009815495,0.014388607582077384,True,,21.846411894353984,0.3143394478242873,,,
S6j,6s_E1_to_E2,6-somite,sox11b,500.0,,0.002034135,0.0060312725370749816,True,,80.72964719745872,0.486902504069785,,,
S6j,6s_E1_to_E2,6-somite,sox13,500.0,,0.0058866367000000005,0.010151674645021556,True,,49.73827880533716,0.5049268238351543,,,
S6j,6s_E1_to_E2,6-somite,sox17,500.0,,0.015689101,0.021514759119600053,True,,11.48745877707501,0.24714990848510426,,,
S6j,6s_E1_to_E2,6-somite,sox19a,500.0,,0.0071766963,0.011759877996519208,True,,60.226579714969844,0.7082572295956839,,,
S6j,6s_E1_to_E2,6-somite,sox2,500.0,,0.004434347,0.009148330800235265,True,,62.18783279004705,0.568914866113068,,,
S6j,6s_E1_to_E2,6-somite,sox3,500.0,,0.0032318003999999997,0.007993190642446276,True,,70.38232452674872,0.5625793378008248,,,
S6j,6s_E1_to_E2,6-somite,sox5,500.0,,0.003787233,0.007819926645606755,True,,75.85243699606772,0.5931604931997576,,,
S6j,6s_E1_to_E2,6-somite,sp5a,500.0,,0.0061228997,0.010389316268265246,True,,14.070587201756785,0.14618378051925654,,,
S6j,6s_E1_to_E2,6-somite,sp8b,500.0,,0.0029642205,0.007420143322087819,True,,81.03689709729338,0.6013053908391992,,,
S6j,6s_E1_to_E2,6-somite,spon1b,500.0,,0.019347991999999998,0.02503304379060864,True,,13.285476111720547,0.33257590528378544,,,
S6j,6s_E1_to_E2,6-somite,srp19,500.0,,0.0015894529999999998,0.006041861395351588,True,,18.302493863988158,0.11058113111548938,,,
S6j,6s_E1_to_E2,6-somite,srrm4,500.0,,0.007861146999999999,0.012648929888382551,True,,18.46790012357918,0.2335991738488045,,,
S6j,6s_E1_to_E2,6-somite,stmn1a,500.0,,0.004398642,0.008870895532891153,True,,22.021780948776527,0.1953529182448092,,,
S6j,6s_E1_to_E2,6-somite,stox1,500.0,,0.0016305302,0.005763945495709775,True,,53.599370720322,0.3089438514362784,,,
S6j,6s_E1_to_E2,6-somite,supt16h,500.0,,0.0010112873,0.0052731302799656965,True,,102.02832034393349,0.5380086254196358,,,
S6j,6s_E1_to_E2,6-somite,syne2b,500.0,,0.0015519035999999999,0.0063384183682501285,True,,66.58651295536515,0.4220531767940116,,,
S6j,6s_E1_to_E2,6-somite,tagln2,500.0,,0.006599824000000001,0.011297022271901368,True,,55.07215831006445,0.6221513989904761,,,
S6j,6s_E1_to_E2,6-somite,tbr1b,500.0,,0.009373909,0.014773828862234948,True,,6.06416259052536,0.08959090030518901,,,
S6j,6s_E1_to_E2,6-somite,tbx1,500.0,,0.04834455,0.05772143118083475,True,,9.146088907436242,0.5279253414443771,,,
S6j,6s_E1_to_E2,6-somite,tbx16,500.0,,0.013264086000000001,0.019249422568827862,True,,39.44390285501779,0.7592723538200332,,,
S6j,6s_E1_to_E2,6-somite,tbx3b,500.0,,0.0023393487,0.006438087113201618,True,,36.06711172964409,0.2322032072370245,,,
S6j,6s_E1_to_E2,6-somite,tbx6,500.0,,0.0041381754,0.008871841523796319,True,,60.0564551777293,0.5328113528177912,,,
S6j,6s_E1_to_E2,6-somite,tbxtb,500.0,,0.011842255500000001,0.01732080690562725,True,,33.772704369212114,0.5849704910599568,,,
S6j,6s_E1_to_E2,6-somite,tcf3b,500.0,,0.002225766,0.006685612117871641,True,,61.3132084265204,0.4099163292419344,,,
S6j,6s_E1_to_E2,6-somite,tcf7,500.0,,0.0027148558000000002,0.006980671780183911,True,,39.36428442007331,0.274789149398339,,,
S6j,6s_E1_to_E2,6-somite,tcf7l1a,500.0,,0.0034410390000000003,0.007897394476458427,True,,53.74442981308317,0.4244409631462506,,,
S6j,6s_E1_to_E2,6-somite,tcf7l1b,500.0,,0.0042674537,0.008700482733547687,True,,36.71183245771793,0.31941066441527044,,,
S6j,6s_E1_to_E2,6-somite,tcf7l2,500.0,,0.0017795141,0.006001352029852568,True,,50.725027996302295,0.3044187497299371,,,
S6j,6s_E1_to_E2,6-somite,tdgf1,500.0,,0.004302671,0.008820224832743405,True,,30.02340092072659,0.2648131463644039,,,
S6j,6s_E1_to_E2,6-somite,tead1a,500.0,,0.0021952211,0.006227408582344651,True,,39.19332523688369,0.2440728499507947,,,
S6j,6s_E1_to_E2,6-somite,tead1b,500.0,,0.0025721006,0.006713971588760613,True,,59.19508887685873,0.3974341449133889,,,
S6j,6s_E1_to_E2,6-somite,tfap2a,500.0,,0.005623726999999999,0.010573388123884796,True,,53.86217825612016,0.5695057158998268,,,
S6j,6s_E1_to_E2,6-somite,tfap2c,500.0,,0.0014831072,0.0057289459742605655,True,,96.41184445270535,0.5523382481483622,,,
S6j,6s_E1_to_E2,6-somite,tgif1,500.0,,0.002265721,0.00640283965039998,True,,55.645927008486204,0.3562919478331986,,,
S6j,6s_E1_to_E2,6-somite,tlcd5a,500.0,,0.0028896676,0.00696804984472691,True,,36.07146417343681,0.25134776033278866,,,
S6j,6s_E1_to_E2,6-somite,tmed10,500.0,,0.0017960315,0.006089541595429178,True,,43.3072528876502,0.26372131784311625,,,
S6j,6s_E1_to_E2,6-somite,tmed2,500.0,,0.005266888000000001,0.010073740687221288,True,,10.178963622882769,0.10254024000157956,,,
S6j,6s_E1_to_E2,6-somite,tp63,500.0,,0.008556504,0.01337290201336145,True,,42.96314641335247,0.574541947171464,,,
S6j,6s_E1_to_E2,6-somite,tph1b,500.0,,0.006427073,0.011337148817256093,True,,13.184253368134788,0.14947184247895398,,,
S6j,6s_E1_to_E2,6-somite,tpx2,500.0,,0.0026158895000000003,0.0067809832515195005,True,,40.12581161960557,0.2720924565461719,,,
S6j,6s_E1_to_E2,6-somite,tram1,500.0,,0.0013046996,0.0058843737933784715,True,,81.15187378711279,0.4775279593964438,,,
S6j,6s_E1_to_E2,6-somite,trps1,500.0,,0.0022591304,0.006685530464164912,True,,51.41907297517323,0.3437637788146393,,,
S6j,6s_E1_to_E2,6-somite,tshz3b,500.0,,0.009173083,0.013591915741562844,True,,21.887615205803534,0.2974946216610313,,,
S6j,6s_E1_to_E2,6-somite,tuba1a,500.0,,0.0035094079,0.007886950299143788,True,,74.14446143614644,0.5847736823036702,,,
S6j,6s_E1_to_E2,6-somite,tuba8l,500.0,,0.0012798638,0.005444948608055711,True,,64.9789132550406,0.3538068432810061,,,
S6j,6s_E1_to_E2,6-somite,tuba8l2,500.0,,0.003427458,0.007914425665512672,True,,61.8723615269275,0.4896842060545938,,,
S6j,6s_E1_to_E2,6-somite,tuba8l4,500.0,,1.24361795e-05,0.004006165591999883,True,,119.57097938772935,0.4790211434248486,,,
S6j,6s_E1_to_E2,6-somite,tubb2b,500.0,,0.0024064210999999998,0.007322364673018445,True,,61.764985054495824,0.4522657445925525,,,
S6j,6s_E1_to_E2,6-somite,twist1a,500.0,,0.010406245,0.016653873678296804,True,,7.423607474974814,0.12363182112549045,,,
S6j,6s_E1_to_E2,6-somite,ube2c,500.0,,0.0025249282,0.0071128856856375895,True,,22.742028588766686,0.1617614496113994,,,
S6j,6s_E1_to_E2,6-somite,uhrf1,500.0,,0.0027501471,0.007426789938472211,True,,60.48105904881421,0.449180120811877,,,
S6j,6s_E1_to_E2,6-somite,unc5b,500.0,,0.0023336343,0.006650657393038272,True,,69.97983696670127,0.4654119200862048,,,
S6j,6s_E1_to_E2,6-somite,unga,500.0,,0.0013482873000000002,0.005528519558720283,True,,31.972518505556238,0.17676069389951385,,,
S6j,6s_E1_to_E2,6-somite,usf1,500.0,,0.0023392676,0.006445946590974925,True,,19.701545315361304,0.1269951088624912,,,
S6j,6s_E1_to_E2,6-somite,ved,500.0,,0.0024012371,0.006267441832460462,True,,67.06194737361187,0.4203068543356371,,,
S6j,6s_E1_to_E2,6-somite,vent,500.0,,0.020602085,0.027086102124303568,True,,13.463679450105456,0.3646785965544437,,,
S6j,6s_E1_to_E2,6-somite,vgll4l,500.0,,0.023960806,0.03002870213240385,True,,14.868441839091636,0.4464800111590536,,,
S6j,6s_E1_to_E2,6-somite,vox,500.0,,0.012225436000000001,0.017572663258761168,True,,9.37201572578304,0.1646912764049995,,,
S6j,6s_E1_to_E2,6-somite,vsx2,500.0,,0.0077417386,0.012464811373502013,True,,10.180770859278732,0.12690138839775542,,,
S6j,6s_E1_to_E2,6-somite,wnt11f2,500.0,,0.0038620323999999998,0.008321776147931814,True,,52.963831231392106,0.4407531474444849,,,
S6j,6s_E1_to_E2,6-somite,wnt8a,500.0,,0.0076759104,0.012010340206325049,True,,26.383296430384487,0.3168723658932389,,,
S6j,6s_E1_to_E2,6-somite,xbp1,500.0,,0.0022148353,0.006462855194695294,True,,88.81410625797051,0.5739927079915444,,,
S6j,6s_E1_to_E2,6-somite,ypel3,500.0,,0.0026585262,0.006611959636211394,True,,23.460218868996566,0.15511802021849022,,,
S6j,6s_E1_to_E2,6-somite,zbtb18,500.0,,0.00244938,0.006961483811028299,True,,36.63550353924628,0.2550374647973329,,,
S6j,6s_E1_to_E2,6-somite,zc4h2,500.0,,0.0029483736,0.007205116795375942,True,,22.16337230769526,0.15968968605634518,,,
S6j,6s_E1_to_E2,6-somite,zeb1a,500.0,,0.0017488148,0.0059621991822496065,True,,37.8617252374801,0.22573914724946315,,,
S6j,6s_E1_to_E2,6-somite,zeb1b,500.0,,0.0032663383000000002,0.007506010588258505,True,,57.952280480168554,0.4349904308978718,,,
S6j,6s_E1_to_E2,6-somite,zeb2a,500.0,,0.004514316,0.00899030128493905,True,,23.858450872627458,0.21449466153683786,,,
S6j,6s_E1_to_E2,6-somite,zeb2b,500.0,,0.011101693999999999,0.01599310608580708,True,,20.590765443246216,0.3293102961218072,,,
S6j,6s_E1_to_E2,6-somite,zfand5a,500.0,,0.0021994465,0.006316967564634975,True,,40.754876270727735,0.2574472315028987,,,
S6j,6s_E1_to_E2,6-somite,zgc:113372,500.0,,0.013115978,0.019791054818779224,True,,10.41995705730888,0.2062219413305255,,,
S6j,6s_E1_to_E2,6-somite,zgc:113424,500.0,,0.0073260237,0.012084435950964688,True,,7.906884392395156,0.0955502380115816,,,
S6j,6s_E1_to_E2,6-somite,zgc:175088,500.0,,0.021817667000000002,0.027071756683290003,True,,16.15102226846952,0.4372365450384054,,,
S6j,6s_E1_to_E2,6-somite,zic2a,500.0,,0.004336151,0.009040611796081066,True,,60.62789039608754,0.5481132210863789,,,
S6j,6s_E1_to_E2,6-somite,zic2b,500.0,,0.0043545766,0.008913917001336811,True,,75.80499593665999,0.6757194420660614,,,
S6j,6s_E1_to_E2,6-somite,zic3,500.0,,0.0029627536,0.0072475296910852185,True,,81.44302019759637,0.5902607070137328,,,
S6j,6s_E1_to_E2,6-somite,zmp:0000000624,500.0,,0.001259207,0.005149316973984241,True,,42.346642487165134,0.21805628495040166,,,
S6j,6s_E1_to_E2,6-somite,znf1004,500.0,,0.027915192999999998,0.03604785986244678,True,,11.045011864209119,0.3981490398600724,,,
S6j,6s_E1_to_E2,6-somite,znf576.2,500.0,,0.001844793,0.00584996526595205,True,,31.48689020063043,0.184197214006534,,,
S6j,6s_E1_to_E2,6-somite,znfl2a,500.0,,0.0030579334000000002,0.0072547849267721185,True,,54.81810085325678,0.3976935317844811,,,
S6j,6s_E1_to_E2,6-somite,zswim5,500.0,,0.0021574344,0.006373538519255815,True,,56.44114180866916,0.3597297913883327,,,
S6j,6s_E2_to_E1,6-somite,acvr1ba,500.0,,0.004131521,0.009169057523831724,True,,16.58128900868548,0.15203479273991588,,,
S6j,6s_E2_to_E1,6-somite,add3b,500.0,,0.0030879303999999997,0.007526720804162323,True,,19.604474912843543,0.14755740918117785,,,
S6j,6s_E2_to_E1,6-somite,adka,500.0,,0.0024993217000000003,0.007617355836555359,True,,25.102316095226918,0.1912132740190343,,,
S6j,6s_E2_to_E1,6-somite,ahi1,500.0,,0.002921864,0.006987768970429896,True,,18.99671335427772,0.13274464411717307,,,
S6j,6s_E2_to_E1,6-somite,akap12b,500.0,,0.0038593821,0.008875993825495239,True,,69.08057400983662,0.6131587483729768,,,
S6j,6s_E2_to_E1,6-somite,alcamb,500.0,,0.002153374,0.006918084830977022,True,,70.45669233192945,0.4874253744623362,,,
S6j,6s_E2_to_E1,6-somite,aldob,500.0,,0.0010501987,0.00544310715049505,True,,95.85902273305037,0.5217709320777341,,,
S6j,6s_E2_to_E1,6-somite,anp32e,500.0,,0.005838969,0.011567736184224485,True,,50.2545377013351,0.5813312341892076,,,
S6j,6s_E2_to_E1,6-somite,aplnra,500.0,,0.0037645185,0.007662450685165822,True,,60.799429522757904,0.4658726304043474,,,
S6j,6s_E2_to_E1,6-somite,aplnrb,500.0,,0.0031214475,0.008406338561326264,True,,11.808087838855068,0.09926278413529507,,,
S6j,6s_E2_to_E1,6-somite,apoc1,500.0,,0.01438681,0.01989133562892675,True,,27.955786664967018,0.5560779353235338,,,
S6j,6s_E2_to_E1,6-somite,arf5,500.0,,0.0033108222,0.008145570196211337,True,,38.852956602101116,0.3164794853327673,,,
S6j,6s_E2_to_E1,6-somite,arl4aa,500.0,,0.010667245,0.015547186043113469,True,,10.82639372427415,0.1683199574072863,,,
S6j,6s_E2_to_E1,6-somite,arl4d,500.0,,0.0039177025,0.008762164367362857,True,,45.686247210105876,0.4003104073829204,,,
S6j,6s_E2_to_E1,6-somite,arl6ip5a,500.0,,0.013879588,0.01966850366443395,True,,9.355846848940626,0.1840155080322715,,,
S6j,6s_E2_to_E1,6-somite,aspm,500.0,,0.0038260254,0.008583380561321973,True,,23.059986983587198,0.19793264401926008,,,
S6j,6s_E2_to_E1,6-somite,atf6,500.0,,0.0027976371000000004,0.006627009343355893,True,,43.82367498726521,0.29041990360079845,,,
S6j,6s_E2_to_E1,6-somite,atoh1c,500.0,,0.025287645,0.03348009455949067,True,,8.353850907154863,0.2796877183074317,,,
S6j,6s_E2_to_E1,6-somite,atp2b1a,500.0,,0.009343248,0.014091090997681018,True,,28.126557753716714,0.3963338847591528,,,
S6j,6s_E2_to_E1,6-somite,atrxl,500.0,,0.0044425526,0.00976113532669842,True,,20.94093677095247,0.2044073176891021,,,
S6j,6s_E2_to_E1,6-somite,bach1b,500.0,,0.00912796,0.014312132215127346,True,,20.437453501102738,0.29250353664829964,,,
S6j,6s_E2_to_E1,6-somite,baz1b,500.0,,0.0034876736,0.0077465416863560675,True,,30.730044309105637,0.23805156926405585,,,
S6j,6s_E2_to_E1,6-somite,bcl2l1,500.0,,0.0020817174,0.006961703812703487,True,,30.270228339931478,0.2107323640455061,,,
S6j,6s_E2_to_E1,6-somite,bhlha15,500.0,,0.010213411,0.01669027358293533,True,,28.774306957793335,0.4802510552849304,,,
S6j,6s_E2_to_E1,6-somite,blf,500.0,,0.010919736999999999,0.016602286789566278,True,,3.901389520210285,0.06477198769233954,,,
S6j,6s_E2_to_E1,6-somite,bmp2b,500.0,,0.0044664396,0.009118281584233045,True,,50.4796499016996,0.4602876620771989,,,
S6j,6s_E2_to_E1,6-somite,bmp7a,500.0,,0.0037603159999999997,0.00892794020473957,True,,59.81999503577595,0.5340693387272256,,,
S6j,6s_E2_to_E1,6-somite,brd2a,500.0,,0.0023467932,0.0068009348353371,True,,20.070700481212356,0.1364995260722942,,,
S6j,6s_E2_to_E1,6-somite,btg2,500.0,,0.0032524993,0.008615304809063671,True,,56.86888561254069,0.4899427837038136,,,
S6j,6s_E2_to_E1,6-somite,c1qbp,500.0,,0.00451856,0.009025709005072713,True,,37.13818861038951,0.3351984833728815,,,
S6j,6s_E2_to_E1,6-somite,C7H16orf87,500.0,,0.0030709803,0.007693774648942052,True,,13.249112328904122,0.10193568455710812,,,
S6j,6s_E2_to_E1,6-somite,ca9,500.0,,0.0068540173,0.011519508995115757,True,,15.201398571255538,0.17511264757991798,,,
S6j,6s_E2_to_E1,6-somite,casz1,500.0,,0.004992292299999999,0.009713110560551285,True,,23.551644672993255,0.2287597285916022,,,
S6j,6s_E2_to_E1,6-somite,cbx3a,500.0,,0.0036703947,0.00878469790332019,True,,26.707993325941334,0.2346216529722865,,,
S6j,6s_E2_to_E1,6-somite,cbx5,500.0,,0.00354743,0.00817277580499649,True,,26.22389143926985,0.2143219854677192,,,
S6j,6s_E2_to_E1,6-somite,ccne2,500.0,,0.0060565183,0.011336560919880865,True,,9.998913674607094,0.11335329400481314,,,
S6j,6s_E2_to_E1,6-somite,ccnf,500.0,,0.0028750652,0.0075246934080496425,True,,42.20280115048676,0.31756313961829763,,,
S6j,6s_E2_to_E1,6-somite,ccng1,500.0,,0.00167284,0.0060265846317633966,True,,35.54365464076888,0.21420684281476346,,,
S6j,6s_E2_to_E1,6-somite,cd63,500.0,,0.0038344115000000004,0.008265277510508894,True,,31.747881504930994,0.2624050510090074,,,
S6j,6s_E2_to_E1,6-somite,cdc14b,500.0,,0.002317435,0.006509037711657583,True,,31.153785201801913,0.2027811627394086,,,
S6j,6s_E2_to_E1,6-somite,cdc42ep4a,500.0,,0.004527405,0.008986742608249184,True,,13.372093545976508,0.120171562831121,,,
S6j,6s_E2_to_E1,6-somite,cdca8,500.0,,0.0025560688,0.007099042227491733,True,,18.036090141486273,0.1280389655332584,,,
S6j,6s_E2_to_E1,6-somite,cdh1,500.0,,0.0016797306,0.0060607437044382095,True,,72.93210277853925,0.4420227827664722,,,
S6j,6s_E2_to_E1,6-somite,cdh2,500.0,,0.0032845828999999997,0.008272536238655445,True,,50.42430114993176,0.41713685857168586,,,
S6j,6s_E2_to_E1,6-somite,cdh6,500.0,,0.027991125,0.0346030218526721,True,,12.605423776916144,0.43618575441482177,,,
S6j,6s_E2_to_E1,6-somite,cdkn1ca,500.0,,0.0023668017,0.0069253157591447215,True,,54.51394987394601,0.3775263161552637,,,
S6j,6s_E2_to_E1,6-somite,cdt1,500.0,,0.0033048477000000003,0.008342985203489663,True,,29.672354929331544,0.24755601812810665,,,
S6j,6s_E2_to_E1,6-somite,cenpf,500.0,,0.0021064184,0.007157428539358077,True,,35.93612455410259,0.2572102434774604,,,
S6j,6s_E2_to_E1,6-somite,cfl1l,500.0,,0.010884099,0.015660673286765812,True,,18.568665353196373,0.2907978014676963,,,
S6j,6s_E2_to_E1,6-somite,chaf1a,500.0,,0.0026065048,0.006863482668995856,True,,34.62904432461832,0.23767584556590715,,,
S6j,6s_E2_to_E1,6-somite,chrd,500.0,,0.010972025,0.015618247166275976,True,,31.480954097312953,0.4916773221220221,,,
S6j,6s_E2_to_E1,6-somite,chst11,500.0,,0.0102613475,0.01559003517031669,True,,11.773252238368718,0.183545416465178,,,
S6j,6s_E2_to_E1,6-somite,cldnd,500.0,,0.0057587847,0.010479144332930441,True,,11.929536677414744,0.12501133666761655,,,
S6j,6s_E2_to_E1,6-somite,clic4,500.0,,0.0041500204,0.008891299553215503,True,,44.28877768832809,0.3937847892726923,,,
S6j,6s_E2_to_E1,6-somite,clocka,500.0,,0.0035449522999999998,0.007740909280255434,True,,9.934187428578317,0.07689964365767876,,,
S6j,6s_E2_to_E1,6-somite,cmtm6,500.0,,0.005267189,0.010522350249812008,True,,17.986846341873665,0.18926389709874455,,,
S6j,6s_E2_to_E1,6-somite,cnmd,500.0,,0.0047425003999999995,0.009592175157740709,True,,17.079420638646646,0.16382879435863032,,,
S6j,6s_E2_to_E1,6-somite,cnn3a,500.0,,0.0023799478,0.006944442563690245,True,,54.024448209584605,0.3751696776265186,,,
S6j,6s_E2_to_E1,6-somite,coq10b,500.0,,0.004951782,0.0094227700959891,True,,8.432456950167818,0.07945710318575677,,,
S6j,6s_E2_to_E1,6-somite,crabp2b,500.0,,0.0030279774,0.007613255898468195,True,,64.06154266096841,0.4877169175285897,,,
S6j,6s_E2_to_E1,6-somite,creb3l1,500.0,,0.008751964000000001,0.013134581176564094,True,,27.493941958928023,0.3611214125232817,,,
S6j,6s_E2_to_E1,6-somite,creb3l2,500.0,,0.0020769820000000002,0.00649768649600446,True,,63.9953840014402,0.4158219424327778,,,
S6j,6s_E2_to_E1,6-somite,csrp1a,500.0,,0.01123661,0.01707097003236413,True,,28.92887481812612,0.4938439550902443,,,
S6j,6s_E2_to_E1,6-somite,cst3,500.0,,0.036892336,0.043879587948322286,True,,10.489903266509831,0.4602926329522114,,,
S6j,6s_E2_to_E1,6-somite,ctcf,500.0,,0.0021078915,0.007956085726618763,True,,51.700972583975584,0.4113373700276762,,,
S6j,6s_E2_to_E1,6-somite,cth1,500.0,,0.0035922092,0.008239120943471779,True,,11.911431130806095,0.09813972169654624,,,
S6j,6s_E2_to_E1,6-somite,CU570769.1,500.0,,0.006197295,0.01089620613493025,True,,7.292166099145279,0.07945694498643717,,,
S6j,6s_E2_to_E1,6-somite,cux1a,500.0,,0.0058355434,0.010306633496657013,True,,14.4585147884789,0.1490186128308474,,,
S6j,6s_E2_to_E1,6-somite,cxcl12b,500.0,,0.0065049557,0.0111860129982233,True,,8.815098017877498,0.09860580100859014,,,
S6j,6s_E2_to_E1,6-somite,cxcr4a,500.0,,0.006637311,0.011325286095961928,True,,26.841959308941608,0.30399286854993224,,,
S6j,6s_E2_to_E1,6-somite,dact2,500.0,,0.0033633409999999997,0.007612939248792825,True,,73.65243835292164,0.5607115387062511,,,
S6j,6s_E2_to_E1,6-somite,dand5,500.0,,0.0051943376000000005,0.01022780803032219,True,,9.083896980871536,0.0929083544875774,,,
S6j,6s_E2_to_E1,6-somite,dbx1a,500.0,,0.024563622,0.03285678457468747,True,,10.340538568308332,0.3397568481251541,,,
S6j,6s_E2_to_E1,6-somite,ddx4,500.0,,0.12541483,0.14687455072998998,True,,3.6833325464346633,0.5409878129467411,,,
S6j,6s_E2_to_E1,6-somite,dharma,500.0,,0.0049478392999999996,0.009770197141915559,True,,12.825344936431852,0.12530614844200766,,,
S6j,6s_E2_to_E1,6-somite,dkc1,500.0,,0.0031543565000000003,0.007888966426253316,True,,66.73305650699709,0.5264548423049654,,,
S6j,6s_E2_to_E1,6-somite,dkk1b,500.0,,0.023031559,0.030434429273009295,True,,7.882296908692746,0.2398932077764692,,,
S6j,6s_E2_to_E1,6-somite,dld,500.0,,0.007325516,0.012122421665117141,True,,49.342993548564884,0.5981565740148583,,,
S6j,6s_E2_to_E1,6-somite,dlgap5,500.0,,0.0030940398999999997,0.008356672525405884,True,,37.25694082112947,0.3113440537406056,,,
S6j,6s_E2_to_E1,6-somite,dlx3b,500.0,,0.002553799,0.00779400444589555,True,,63.17481447296832,0.4923847848709416,,,
S6j,6s_E2_to_E1,6-somite,dmd,500.0,,0.03287245,0.043156423978507504,True,,9.372465747312255,0.4044821055150468,,,
S6j,6s_E2_to_E1,6-somite,dnmt3bb.2,500.0,,0.0028224927,0.007683826424181459,True,,26.758261515607128,0.20560583689877987,,,
S6j,6s_E2_to_E1,6-somite,drll.2,500.0,,0.002548019,0.0069017483852803685,True,,20.944210452039773,0.1445516706683377,,,
S6j,6s_E2_to_E1,6-somite,drll.3,500.0,,0.0111895185,0.01703977975994348,True,,10.407623053971536,0.17734360466418533,,,
S6j,6s_E2_to_E1,6-somite,dscc1,500.0,,0.004993776,0.009574165847152469,True,,10.299675487036856,0.09861080128474173,,,
S6j,6s_E2_to_E1,6-somite,dync1li1,500.0,,0.0027028252000000003,0.006997368880547582,True,,15.34090629875622,0.10734598033431317,,,
S6j,6s_E2_to_E1,6-somite,dynll1,500.0,,0.016702013,0.02305966708809137,True,,18.72208568049257,0.4317250629868812,,,
S6j,6s_E2_to_E1,6-somite,dynll2b,500.0,,0.0032193334999999997,0.00789541588164866,True,,18.128028499951814,0.1431283241214991,,,
S6j,6s_E2_to_E1,6-somite,ednraa,500.0,,0.021688732999999998,0.02807307727634907,True,,8.380607902679571,0.2352694532747053,,,
S6j,6s_E2_to_E1,6-somite,efemp2b,500.0,,0.008548496,0.01387636549770832,True,,43.66840365955348,0.6059587298814277,,,
S6j,6s_E2_to_E1,6-somite,efna1a,500.0,,0.004378058,0.009283193899318571,True,,32.468399559805846,0.3014104487142274,,,
S6j,6s_E2_to_E1,6-somite,efnb2a,500.0,,0.006356069000000001,0.010783653380349277,True,,47.532440573605925,0.5125733634678167,,,
S6j,6s_E2_to_E1,6-somite,efnb2b,500.0,,0.0036629247,0.008765565836802125,True,,59.28244903982973,0.5196442100254944,,,
S6j,6s_E2_to_E1,6-somite,egln1b,500.0,,0.0021331317,0.006733565381728108,True,,15.989527932186135,0.10766653175434318,,,
S6j,6s_E2_to_E1,6-somite,elavl3,500.0,,0.024373702999999997,0.0305148814804852,True,,16.13534537282428,0.4923681516984281,,,
S6j,6s_E2_to_E1,6-somite,elf1,500.0,,0.003063105,0.007715991628356277,True,,57.9719032510413,0.4473107201649147,,,
S6j,6s_E2_to_E1,6-somite,elob,500.0,,0.005931389499999999,0.010666380822658531,True,,13.659265655940144,0.14569492924411825,,,
S6j,6s_E2_to_E1,6-somite,emid1,500.0,,0.012559123,0.018391988798975942,True,,18.555549971036086,0.34127346722613405,,,
S6j,6s_E2_to_E1,6-somite,epcam,500.0,,0.008595397,0.014390779798850416,True,,13.598315931177407,0.1956903702007736,,,
S6j,6s_E2_to_E1,6-somite,ephb3a,500.0,,0.0031681885,0.007947995094582437,True,,58.74019345322389,0.4668667694210468,,,
S6j,6s_E2_to_E1,6-somite,eppk1,500.0,,0.15618056,0.16749180927872656,True,,2.002331829454895,0.3353741808917829,,,
S6j,6s_E2_to_E1,6-somite,erf,500.0,,0.0031606213,0.00783022856339812,True,,34.4407170361681,0.2696786862805157,,,
S6j,6s_E2_to_E1,6-somite,esrra,500.0,,0.0023460956,0.007097281748428939,True,,28.47166757744432,0.20207144664473156,,,
S6j,6s_E2_to_E1,6-somite,ets2,500.0,,0.026285657999999996,0.03289235737174749,True,,9.651318385833335,0.3174546134553472,,,
S6j,6s_E2_to_E1,6-somite,etv5a,500.0,,0.0030301134,0.007784140645526349,True,,60.92020624396699,0.4742114535575115,,,
S6j,6s_E2_to_E1,6-somite,eve1,500.0,,0.003563831,0.008167010312899946,True,,43.89239148570031,0.3584696139215562,,,
S6j,6s_E2_to_E1,6-somite,f11r.1,500.0,,0.0066794655000000005,0.01075436328537762,True,,24.941734784410258,0.2682324768390876,,,
S6j,6s_E2_to_E1,6-somite,fbln2,500.0,,0.0032039233,0.007763064885511994,True,,39.56281893426715,0.30712873044047834,,,
S6j,6s_E2_to_E1,6-somite,fgf8a,500.0,,0.0017819832999999999,0.0065607508411630894,True,,69.44703266387853,0.4556246779658216,,,
S6j,6s_E2_to_E1,6-somite,fosab,500.0,,0.0069374926,0.01151236300356686,True,,10.370866413920142,0.11939317881854836,,,
S6j,6s_E2_to_E1,6-somite,foxa,500.0,,0.013288796,0.018907663691788902,True,,20.776156717263216,0.3928285840179138,,,
S6j,6s_E2_to_E1,6-somite,foxa2,500.0,,0.012760008,0.018934298027306798,True,,23.952859646982038,0.4535305831622086,,,
S6j,6s_E2_to_E1,6-somite,foxa3,500.0,,0.0051276693,0.010004110168665644,True,,54.83007176630504,0.5485260785059592,,,
S6j,6s_E2_to_E1,6-somite,foxb1a,500.0,,0.015035379,0.021167225949466226,True,,26.66462135403313,0.5644160650577813,,,
S6j,6s_E2_to_E1,6-somite,foxb1b,500.0,,0.021929681,0.028040930908173323,True,,14.194913642123836,0.39803859268628144,,,
S6j,6s_E2_to_E1,6-somite,foxc1a,500.0,,0.011029648999999999,0.015799416974186898,True,,40.829507027717455,0.6450824063814024,,,
S6j,6s_E2_to_E1,6-somite,foxc1b,500.0,,0.0027122070000000003,0.0072002418106421814,True,,55.87734519078477,0.4023303971103743,,,
S6j,6s_E2_to_E1,6-somite,foxd3,500.0,,0.0052450756,0.010122879827395079,True,,39.37607296672171,0.3985992547168639,,,
S6j,6s_E2_to_E1,6-somite,foxd5,500.0,,0.025098587999999998,0.0323833454400301,True,,15.943475863483908,0.5163030864019815,,,
S6j,6s_E2_to_E1,6-somite,foxh1,500.0,,0.0372591,0.04556653294712305,True,,11.824790787473253,0.5388147190102371,,,
S6j,6s_E2_to_E1,6-somite,foxi1,500.0,,0.020033076,0.02638305984437465,True,,14.809340471463894,0.39071571591435145,,,
S6j,6s_E2_to_E1,6-somite,foxn2b,500.0,,0.0027930106,0.00746573603246361,True,,17.760605216999465,0.13259599032691408,,,
S6j,6s_E2_to_E1,6-somite,foxo1a,500.0,,0.023669162999999997,0.031411589868366716,True,,15.688858011101036,0.4928119733477453,,,
S6j,6s_E2_to_E1,6-somite,foxp2,500.0,,0.0042847875,0.009072971204295751,True,,16.787133226095836,0.15230917636304395,,,
S6j,6s_E2_to_E1,6-somite,frmd4ba,500.0,,0.003035225,0.007470879075117406,True,,22.876229697978765,0.17090554576820893,,,
S6j,6s_E2_to_E1,6-somite,fscn1a,500.0,,0.0047345087,0.009539982676506045,True,,56.73273295152255,0.5412292895483688,,,
S6j,6s_E2_to_E1,6-somite,fzd7b,500.0,,0.0021802282000000003,0.007469904329627748,True,,12.999082580156886,0.09710190324670256,,,
S6j,6s_E2_to_E1,6-somite,gadd45gip1,500.0,,0.0027300959999999996,0.007431974192149934,True,,9.449818041978553,0.07023080380849743,,,
S6j,6s_E2_to_E1,6-somite,gapdh,500.0,,0.022195164,0.028311098553240294,True,,13.534931489332722,0.3831887793058541,,,
S6j,6s_E2_to_E1,6-somite,gata2a,500.0,,0.0027239202000000004,0.007480912026949222,True,,87.33956341719822,0.6533795903962124,,,
S6j,6s_E2_to_E1,6-somite,gata3,500.0,,0.017398719,0.023128220625221727,True,,18.407026439996745,0.4257217685585344,,,
S6j,6s_E2_to_E1,6-somite,gata6,500.0,,0.056036785,0.06329660713672637,True,,9.176020055332728,0.5808109365211178,,,
S6j,6s_E2_to_E1,6-somite,gbx1,500.0,,0.0099109,0.015082420222461226,True,,22.838357759771547,0.34445770892378264,,,
S6j,6s_E2_to_E1,6-somite,gcm2,500.0,,0.017087378,0.023724504280835387,True,,5.920204820719146,0.14045392461257367,,,
S6j,6s_E2_to_E1,6-somite,gli1,500.0,,0.005943097,0.010776606108993293,True,,42.41328566608434,0.4570712734116022,,,
S6j,6s_E2_to_E1,6-somite,gli2a,500.0,,0.0041155275,0.009009223338216542,True,,48.52020213348915,0.4371293374360145,,,
S6j,6s_E2_to_E1,6-somite,gmnn,500.0,,0.0025701756,0.007404016400687395,True,,21.576657181762997,0.1597539236457827,,,
S6j,6s_E2_to_E1,6-somite,gpr137bb,500.0,,0.0037826646999999996,0.008355977339670058,True,,21.75366305076876,0.1817731155070416,,,
S6j,6s_E2_to_E1,6-somite,grhl1,500.0,,0.10788118,0.11706514954566954,True,,2.8384753345758487,0.3322865395238161,,,
S6j,6s_E2_to_E1,6-somite,grhl2b,500.0,,0.006508044,0.011075047682970759,True,,45.31366771193587,0.5018510305999823,,,
S6j,6s_E2_to_E1,6-somite,gsc,500.0,,0.0071676373,0.011702469922602177,True,,13.06259363760196,0.1528646091552115,,,
S6j,6s_E2_to_E1,6-somite,h1-0,500.0,,0.001834924,0.0064086769009009,True,,43.612051120225544,0.2794955446150987,,,
S6j,6s_E2_to_E1,6-somite,hdlbpa,500.0,,0.0010042978,0.005276112444698809,True,,102.12627319025664,0.5388297009098234,,,
S6j,6s_E2_to_E1,6-somite,helb,500.0,,0.0023329975,0.006724557117559011,True,,12.697489829432103,0.0853849956076408,,,
S6j,6s_E2_to_E1,6-somite,hells,500.0,,0.003998169,0.008730846969410778,True,,11.137857937201803,0.09724293321674614,,,
S6j,6s_E2_to_E1,6-somite,her11,500.0,,0.01257994,0.01798800742253661,True,,7.336917846966219,0.13197653268976967,,,
S6j,6s_E2_to_E1,6-somite,her12,500.0,,0.0055067227,0.010685450443997976,True,,29.489772739321065,0.3151115052107777,,,
S6j,6s_E2_to_E1,6-somite,her2,500.0,,0.0051095663,0.009617007058113813,True,,10.544816430948513,0.10140957404294636,,,
S6j,6s_E2_to_E1,6-somite,her3,500.0,,0.005536076,0.01048904773779213,True,,13.866870839350678,0.1454502702077469,,,
S6j,6s_E2_to_E1,6-somite,her8a,500.0,,0.0044206670000000005,0.008919203840196132,True,,46.505881271964164,0.4147954348326081,,,
S6j,6s_E2_to_E1,6-somite,her9,500.0,,0.0036674417,0.008178557036444545,True,,54.49780889599511,0.4457134384171509,,,
S6j,6s_E2_to_E1,6-somite,hes6,500.0,,0.004612704699999999,0.00953934038989245,True,,11.908097954415723,0.11359539978335358,,,
S6j,6s_E2_to_E1,6-somite,hesx1,500.0,,0.0024331436,0.006762498733587561,True,,12.685643482600828,0.0857866479858314,,,
S6j,6s_E2_to_E1,6-somite,hic1l,500.0,,0.0028131804,0.007345398166216906,True,,13.698178407590671,0.10061857455562853,,,
S6j,6s_E2_to_E1,6-somite,higd1a,500.0,,0.0054084286,0.010889485897496342,True,,10.846072411668993,0.11810815257009365,,,
S6j,6s_E2_to_E1,6-somite,hivep2a,500.0,,0.005502118,0.010539918206632136,True,,15.198366261200881,0.16018953726749474,,,
S6j,6s_E2_to_E1,6-somite,hoxb1b,500.0,,0.011778331999999999,0.016692046914249654,True,,26.483350493553,0.4420613288849034,,,
S6j,6s_E2_to_E1,6-somite,hoxb7a,500.0,,0.009318123000000001,0.013872328540310263,True,,13.93498788312751,0.19331073011998745,,,
S6j,6s_E2_to_E1,6-somite,hoxb8a,500.0,,0.004340779,0.009750704560428857,True,,13.391176838242652,0.1305734090661619,,,
S6j,6s_E2_to_E1,6-somite,hoxb9a,500.0,,0.015505221000000001,0.021553804259747254,True,,17.67735961285826,0.3810143489247085,,,
S6j,6s_E2_to_E1,6-somite,hoxc6a,500.0,,0.00867996,0.01373433070257306,True,,13.414422387295614,0.18423811325111755,,,
S6j,6s_E2_to_E1,6-somite,hsp90aa1.2,500.0,,0.012681207,0.01834266074001788,True,,12.243268593112262,0.22457412215237424,,,
S6j,6s_E2_to_E1,6-somite,id3,500.0,,0.004209791,0.008854873152449722,True,,70.59673633367451,0.6251251452116263,,,
S6j,6s_E2_to_E1,6-somite,igf2bp1,500.0,,0.000638505,0.0049807458184659426,True,,75.6955711005099,0.3770203992352561,,,
S6j,6s_E2_to_E1,6-somite,igfbp1a,500.0,,0.0055580465,0.010258397227153179,True,,10.357232659588105,0.10624860679609896,,,
S6j,6s_E2_to_E1,6-somite,irf2a,500.0,,0.005666718,0.010167125938460229,True,,11.941428789822144,0.12141001039127645,,,
S6j,6s_E2_to_E1,6-somite,irx1b,500.0,,0.008325425,0.013752005202695728,True,,47.42444188409763,0.6521811715250518,,,
S6j,6s_E2_to_E1,6-somite,irx3a,500.0,,0.0069404617,0.011899241060018537,True,,12.790113390501803,0.15219264241855196,,,
S6j,6s_E2_to_E1,6-somite,irx5a,500.0,,0.0065437974,0.011997541738674044,True,,35.401580702830024,0.4247319420972408,,,
S6j,6s_E2_to_E1,6-somite,ism1,500.0,,0.0029262619,0.007657986413687466,True,,31.349662063264343,0.2400752861541717,,,
S6j,6s_E2_to_E1,6-somite,itga6a,500.0,,0.008540415,0.014019264746457335,True,,34.6041314591588,0.4851244802471602,,,
S6j,6s_E2_to_E1,6-somite,itgb5,500.0,,0.0042677457,0.00910614295862615,True,,19.40821743417455,0.17673400252769386,,,
S6j,6s_E2_to_E1,6-somite,itm2cb,500.0,,0.0042196247,0.00861586146056652,True,,30.62570270661826,0.26386681165272,,,
S6j,6s_E2_to_E1,6-somite,jcada,500.0,,0.007303306,0.011882532574236392,True,,27.38233111198158,0.3253714413966477,,,
S6j,6s_E2_to_E1,6-somite,kank1a,500.0,,0.0025974927,0.007667969004251056,True,,51.62501876498806,0.3958590437338076,,,
S6j,6s_E2_to_E1,6-somite,kazald2,500.0,,0.0070151547,0.011702490877360104,True,,39.22780306256135,0.4590630074785029,,,
S6j,6s_E2_to_E1,6-somite,kdrl,500.0,,0.0091809705,0.014252249943092463,True,,15.413587357559802,0.2196782995396324,,,
S6j,6s_E2_to_E1,6-somite,kif15,500.0,,0.0029721234000000003,0.007622951315715905,True,,15.248653417775138,0.11623974263392482,,,
S6j,6s_E2_to_E1,6-somite,kirrel3l,500.0,,0.004524801,0.00940076084807515,True,,55.763042743155346,0.5242150289893959,,,
S6j,6s_E2_to_E1,6-somite,klf17,500.0,,0.008326933,0.01322074052877724,True,,15.965505295999789,0.2110758029292321,,,
S6j,6s_E2_to_E1,6-somite,klf2a,500.0,,0.05387284,0.0629276767373085,True,,6.935601827865872,0.4364413098026295,,,
S6j,6s_E2_to_E1,6-somite,klf2b,500.0,,0.06225757,0.07037361748516559,True,,3.6155418336720286,0.25443875800444954,,,
S6j,6s_E2_to_E1,6-somite,klf3,500.0,,0.02226543,0.028232303913682692,True,,13.159035027335273,0.3715098761025253,,,
S6j,6s_E2_to_E1,6-somite,klf7a,500.0,,0.0046937396,0.009624187741428612,True,,17.88378641784899,0.17211691801298978,,,
S6j,6s_E2_to_E1,6-somite,klf8,500.0,,0.0026366932,0.007354691741056738,True,,25.041458111544266,0.18417220515699287,,,
S6j,6s_E2_to_E1,6-somite,kmt2bb,500.0,,0.0028160921999999997,0.006933064991608253,True,,17.500481532382928,0.12133197584845082,,,
S6j,6s_E2_to_E1,6-somite,kmt5aa,500.0,,0.0033407598,0.0077888332540169344,True,,15.74536940319574,0.12263805680439176,,,
S6j,6s_E2_to_E1,6-somite,krt18a.1,500.0,,0.037631698,0.044024244509637364,True,,11.317805267812773,0.4982578264226513,,,
S6j,6s_E2_to_E1,6-somite,krt4,500.0,,0.012327848,0.017385258525609966,True,,28.197512120538555,0.4902210379945833,,,
S6j,6s_E2_to_E1,6-somite,krt8,500.0,,0.0018545223999999999,0.007042531366460023,True,,78.9041041442109,0.5556846283780336,,,
S6j,6s_E2_to_E1,6-somite,krt99,500.0,,0.14695826,0.15651946365833286,True,,2.464647487142378,0.3857653027943828,,,
S6j,6s_E2_to_E1,6-somite,lamb1a,500.0,,0.0018532010999999999,0.006649129954166706,True,,80.91137588667625,0.5379902530409408,,,
S6j,6s_E2_to_E1,6-somite,lamc1,500.0,,0.0011670719,0.0058156733866780936,True,,99.56057098176282,0.5790117630211133,,,
S6j,6s_E2_to_E1,6-somite,lamp2,500.0,,0.0047367,0.009585693757981064,True,,37.66630519652521,0.3610576666085414,,,
S6j,6s_E2_to_E1,6-somite,lft2,500.0,,0.01512935,0.021737875789403914,True,,7.774067691840929,0.1689917178636561,,,
S6j,6s_E2_to_E1,6-somite,lgals3b,500.0,,0.0324756,0.03922940474003552,True,,7.6818292568813,0.3013535890620428,,,
S6j,6s_E2_to_E1,6-somite,lhfpl6,500.0,,0.0070764357,0.01232046619988978,True,,21.185392253849137,0.2610139091949551,,,
S6j,6s_E2_to_E1,6-somite,lhx1a,500.0,,0.017435503999999998,0.02378459274768829,True,,25.864737943180042,0.6151822585042181,,,
S6j,6s_E2_to_E1,6-somite,lima1a,500.0,,0.0044159936,0.00904943118803203,True,,60.75258304272033,0.5497763197402992,,,
S6j,6s_E2_to_E1,6-somite,lmnb1,500.0,,0.0033458309999999996,0.008617285033687944,True,,28.633973936326196,0.2467471150565144,,,
S6j,6s_E2_to_E1,6-somite,lmo4a,500.0,,0.0040062787,0.00872200704179704,True,,53.17203459256691,0.4637668601430444,,,
S6j,6s_E2_to_E1,6-somite,lratb.1,500.0,,0.016445426000000003,0.02249311227351427,True,,13.140456686443155,0.2955697675734172,,,
S6j,6s_E2_to_E1,6-somite,lratd1,500.0,,0.004172502,0.009133412642404434,True,,12.256281479017137,0.11194167620932242,,,
S6j,6s_E2_to_E1,6-somite,mad1l1,500.0,,0.0034797340000000004,0.008391549531370395,True,,16.64603122171053,0.13968599549772198,,,
S6j,6s_E2_to_E1,6-somite,map1lc3b,500.0,,0.0027843209999999998,0.007422027084976434,True,,13.085267833672129,0.09711921227568544,,,
S6j,6s_E2_to_E1,6-somite,map2k6,500.0,,0.0032956845000000003,0.007974271709099411,True,,21.710538168834844,0.17312573030906264,,,
S6j,6s_E2_to_E1,6-somite,mcama,500.0,,0.012852261,0.01839023353531956,True,,20.535761423710564,0.37765744840764376,,,
S6j,6s_E2_to_E1,6-somite,mcm2,500.0,,0.0056048925,0.010280208149924874,True,,49.284511497721226,0.5066550367639399,,,
S6j,6s_E2_to_E1,6-somite,mcm3,500.0,,0.003982705,0.009226269228383896,True,,50.715344086623205,0.4679134185533128,,,
S6j,6s_E2_to_E1,6-somite,mcm4,500.0,,0.004697374,0.009743114560842508,True,,53.46790195540383,0.5209438940793947,,,
S6j,6s_E2_to_E1,6-somite,mcm5,500.0,,0.003162424,0.008113544853404164,True,,41.397885453912764,0.33588360046640897,,,
S6j,6s_E2_to_E1,6-somite,mcm7,500.0,,0.0058458103,0.012057746062055223,True,,45.391373340124986,0.5473176531431705,,,
S6j,6s_E2_to_E1,6-somite,mdm2,500.0,,0.004166144,0.008542507840320464,True,,21.154650011346476,0.18071376358116265,,,
S6j,6s_E2_to_E1,6-somite,mef2d,500.0,,0.006459340500000001,0.011125751724466677,True,,31.095950354049094,0.3459658232754919,,,
S6j,6s_E2_to_E1,6-somite,mespaa,500.0,,0.0086223185,0.014405927946791052,True,,7.265657356249944,0.10466853636020906,,,
S6j,6s_E2_to_E1,6-somite,mgst3b,500.0,,0.005788709,0.01079326206818223,True,,22.598987935771696,0.2439167992664725,,,
S6j,6s_E2_to_E1,6-somite,mibp2,500.0,,0.0031047640000000003,0.0076162780169397514,True,,26.61067720493133,0.20267431581179826,,,
S6j,6s_E2_to_E1,6-somite,mixl1,500.0,,0.0065160864,0.011349322088062762,True,,10.441831190111008,0.11850770536574955,,,
S6j,6s_E2_to_E1,6-somite,mki67,500.0,,0.0024438063,0.007385799265466625,True,,49.32507942103483,0.364305135356962,,,
S6j,6s_E2_to_E1,6-somite,mns1,500.0,,0.006493186,0.01174326334148645,True,,12.103632506202459,0.1421361439089111,,,
S6j,6s_E2_to_E1,6-somite,msx3,500.0,,0.0079281535,0.012966197216883291,True,,36.643521403365405,0.4751271252371198,,,
S6j,6s_E2_to_E1,6-somite,mych,500.0,,0.0044413945,0.009012451674789191,True,,68.24288272292952,0.6150356826887086,,,
S6j,6s_E2_to_E1,6-somite,mycla,500.0,,0.0034105112,0.0074553410988300985,True,,35.57849039779208,0.2652497816969913,,,
S6j,6s_E2_to_E1,6-somite,myclb,500.0,,0.005451369,0.010233717691153284,True,,38.27002263680627,0.39164460769912096,,,
S6j,6s_E2_to_E1,6-somite,mycn,500.0,,0.008949425,0.014102076366543762,True,,45.22649046762348,0.6377874223651898,,,
S6j,6s_E2_to_E1,6-somite,myf5,500.0,,0.015012596000000001,0.02063719220459461,True,,19.716221337619206,0.40688744929277704,,,
S6j,6s_E2_to_E1,6-somite,myod1,500.0,,0.01322071,0.01888448558747768,True,,27.940667772839767,0.5276451378606947,,,
S6j,6s_E2_to_E1,6-somite,nanog,500.0,,0.007150391,0.012455089064314959,True,,10.26417634461838,0.12784123054405666,,,
S6j,6s_E2_to_E1,6-somite,nap1l1,500.0,,0.004042421500000001,0.008828837051987644,True,,40.66261760147761,0.3590036249107305,,,
S6j,6s_E2_to_E1,6-somite,nasp,500.0,,0.005500435400000001,0.010181771544739605,True,,49.43964169019531,0.5033831369433525,,,
S6j,6s_E2_to_E1,6-somite,ncapd2,500.0,,0.0036056153000000005,0.008470523916184901,True,,34.111532329109565,0.288942550411437,,,
S6j,6s_E2_to_E1,6-somite,nckap5l,500.0,,0.0033886515999999997,0.007938942918553947,True,,14.54853248253964,0.11549996892761015,,,
S6j,6s_E2_to_E1,6-somite,ndr1,500.0,,0.009121815,0.014895075699314475,True,,6.632322196197319,0.0987889411746027,,,
S6j,6s_E2_to_E1,6-somite,ndr2,500.0,,0.009544313,0.015139968227595087,True,,15.182427304170433,0.2298614670029125,,,
S6j,6s_E2_to_E1,6-somite,ndufv3,500.0,,0.0026622533000000004,0.0072366666747257094,True,,13.616116968521105,0.09853529990526393,,,
S6j,6s_E2_to_E1,6-somite,nid2a,500.0,,0.003836209,0.00860196007415652,True,,67.20736483263764,0.57811506897962,,,
S6j,6s_E2_to_E1,6-somite,nip7,500.0,,0.00302211,0.0073655388318002125,True,,16.1272883331575,0.1187861684695101,,,
S6j,6s_E2_to_E1,6-somite,nkx1.2la,500.0,,0.0052570743,0.010191123699769378,True,,11.996606327698778,0.1222588990630143,,,
S6j,6s_E2_to_E1,6-somite,nkx2.2a,500.0,,0.02297299,0.031980548985302434,True,,8.025072779305631,0.2566462331292009,,,
S6j,6s_E2_to_E1,6-somite,nkx2.5,500.0,,0.00521266,0.009815261559560893,True,,10.175550583833317,0.09987569049286656,,,
S6j,6s_E2_to_E1,6-somite,nog1,500.0,,0.010262026,0.015148839307948947,True,,26.662910722440884,0.4039121500164459,,,
S6j,6s_E2_to_E1,6-somite,nop58,500.0,,0.0057608923,0.013429670548066494,True,,45.81505927149336,0.6152811521562952,,,
S6j,6s_E2_to_E1,6-somite,notch1a,500.0,,0.004302288400000001,0.009390621306374669,True,,42.84496840642077,0.4023408731882844,,,
S6j,6s_E2_to_E1,6-somite,nr2f2,500.0,,0.004592061,0.0095235557295382,True,,51.53462166743009,0.4907928414504373,,,
S6j,6s_E2_to_E1,6-somite,nr6a1a,500.0,,0.0024888213,0.006832676799967883,True,,18.248760812308646,0.12468788463042435,,,
S6j,6s_E2_to_E1,6-somite,nrarpa,500.0,,0.005223446,0.010404505673795935,True,,50.989523752882384,0.5305207891910174,,,
S6j,6s_E2_to_E1,6-somite,ntd5,500.0,,0.0071114213,0.011877082102000707,True,,45.38432552884952,0.5390333604500724,,,
S6j,6s_E2_to_E1,6-somite,oclna,500.0,,0.037645347,0.04410533607006073,True,,5.077164356979759,0.22393004024752608,,,
S6j,6s_E2_to_E1,6-somite,olig4,500.0,,0.026198588,0.033737585693597784,True,,11.218171831545625,0.3784740334922753,,,
S6j,6s_E2_to_E1,6-somite,osr1,500.0,,0.024059605,0.03087720572948455,True,,15.222306749270665,0.4700222971745515,,,
S6j,6s_E2_to_E1,6-somite,pax3a,500.0,,0.003665387,0.008624696033075445,True,,73.2273019639095,0.631563220760948,,,
S6j,6s_E2_to_E1,6-somite,pax6a,500.0,,0.0039929757,0.009005194436758755,True,,57.0019171116405,0.5133133468583287,,,
S6j,6s_E2_to_E1,6-somite,pax6b,500.0,,0.004516065,0.009293848508968949,True,,69.70662156538027,0.6478427809006723,,,
S6j,6s_E2_to_E1,6-somite,pbx1b,500.0,,0.004914295999999999,0.009574532881379123,True,,30.3543458645576,0.29062868257296115,,,
S6j,6s_E2_to_E1,6-somite,pbx4,500.0,,0.0019975062,0.006727091153152284,True,,56.29576787435003,0.3787067620274546,,,
S6j,6s_E2_to_E1,6-somite,pcdh10b,500.0,,0.008099339,0.012664441019296646,True,,48.30586694118165,0.6117668027625867,,,
S6j,6s_E2_to_E1,6-somite,pcdh7b,500.0,,0.007575136600000001,0.01209941548295319,True,,10.38865534400469,0.12569665731631474,,,
S6j,6s_E2_to_E1,6-somite,PCDH8,500.0,,0.011001941000000001,0.016758387722074986,True,,10.106498406024143,0.1693686188006854,,,
S6j,6s_E2_to_E1,6-somite,pcdh8,500.0,,0.006787476999999999,0.011724582780152556,True,,36.76013907720111,0.4309972936205652,,,
S6j,6s_E2_to_E1,6-somite,pdap1a,500.0,,0.0047955129999999995,0.009215275431051849,True,,16.820849908179028,0.15500876488825294,,,
S6j,6s_E2_to_E1,6-somite,perp,500.0,,0.009526942,0.014624605095013975,True,,17.83451362023464,0.2608227187575797,,,
S6j,6s_E2_to_E1,6-somite,pfn2,500.0,,0.0023948797,0.007528052828274665,True,,19.996860645079295,0.15053742333580353,,,
S6j,6s_E2_to_E1,6-somite,plagl2,500.0,,0.005633416,0.010371511569246648,True,,18.363272027606513,0.1904548882835443,,,
S6j,6s_E2_to_E1,6-somite,plekhg5b,500.0,,0.00938254,0.014557472709566354,True,,8.84427711680872,0.12875032276378515,,,
S6j,6s_E2_to_E1,6-somite,pmp22b,500.0,,0.014960611,0.02049059402197599,True,,14.479705670909494,0.29669777046030993,,,
S6j,6s_E2_to_E1,6-somite,pold3,500.0,,0.0037085786,0.008278574747964739,True,,20.196454616228642,0.16719785918432634,,,
S6j,6s_E2_to_E1,6-somite,ppan,500.0,,0.0027144086,0.007216808316297828,True,,33.83300761694274,0.2441663307353201,,,
S6j,6s_E2_to_E1,6-somite,ppp1r7,500.0,,0.010101483,0.01596243344247341,True,,8.644348999053193,0.13798484555089824,,,
S6j,6s_E2_to_E1,6-somite,prdm1a,500.0,,0.0030511618,0.007831501867622135,True,,76.41798048442728,0.5984675568837041,,,
S6j,6s_E2_to_E1,6-somite,prickle1b,500.0,,0.0042014059999999995,0.009011205844581129,True,,55.119507168158236,0.4966932251441389,,,
S6j,6s_E2_to_E1,6-somite,prmt1,500.0,,0.005130941,0.009857773687690495,True,,56.472438298182475,0.5566925163355482,,,
S6j,6s_E2_to_E1,6-somite,prox1a,500.0,,0.014308241999999999,0.01973748914897441,True,,17.12502920655435,0.3380050781402363,,,
S6j,6s_E2_to_E1,6-somite,ptp4a2b,500.0,,0.0033066056,0.008006194559857247,True,,22.894316412723505,0.1832963515151974,,,
S6j,6s_E2_to_E1,6-somite,pttg1,500.0,,0.0025750026,0.0075635928427800515,True,,17.243836213594964,0.13042535616721834,,,
S6j,6s_E2_to_E1,6-somite,rab11fip4a,500.0,,0.003241343,0.007486741454340516,True,,67.32277524022079,0.5040282122122103,,,
S6j,6s_E2_to_E1,6-somite,rac1a,500.0,,0.0029963741999999996,0.0077482236083596875,True,,25.410678781680172,0.1968876212406589,,,
S6j,6s_E2_to_E1,6-somite,raraa,500.0,,0.005293158,0.010030775377526878,True,,44.75441751296104,0.4489215092245673,,,
S6j,6s_E2_to_E1,6-somite,rasgef1ba,500.0,,0.0037771477,0.008821226516738532,True,,33.4292507976626,0.29488699357104403,,,
S6j,6s_E2_to_E1,6-somite,rasl11b,500.0,,0.0034205457,0.008141655148938295,True,,32.30904741149505,0.2630491222150902,,,
S6j,6s_E2_to_E1,6-somite,rbbp4,500.0,,0.004691628,0.009516587015241385,True,,38.66069833586511,0.3679178997832581,,,
S6j,6s_E2_to_E1,6-somite,rbm4.3,500.0,,0.0065677995,0.012385070743039248,True,,47.88657794321705,0.593078655468806,,,
S6j,6s_E2_to_E1,6-somite,rbm7,500.0,,0.0024330656,0.006852084654383361,True,,12.879173974785108,0.0882491903537586,,,
S6j,6s_E2_to_E1,6-somite,rbmx,500.0,,0.0038236536,0.008594921976327894,True,,31.8289353891615,0.2735672162594248,,,
S6j,6s_E2_to_E1,6-somite,rcc1,500.0,,0.0041908594,0.008764824643731116,True,,26.859159416063555,0.2354158223598165,,,
S6j,6s_E2_to_E1,6-somite,rdh10b,500.0,,0.014846953000000001,0.02079248549416661,True,,10.878503036799444,0.22619111659089985,,,
S6j,6s_E2_to_E1,6-somite,rfx2,500.0,,0.0028616920000000003,0.007796105393208562,True,,29.402943561330552,0.2292284468746961,,,
S6j,6s_E2_to_E1,6-somite,rhov,500.0,,0.010015847,0.015509513299912212,True,,11.064312624717488,0.17160210380744248,,,
S6j,6s_E2_to_E1,6-somite,ripply1,500.0,,0.004463865,0.009228655276820059,True,,41.89249044985142,0.3866113530491552,,,
S6j,6s_E2_to_E1,6-somite,rnd1b,500.0,,0.00792638,0.012903593061491846,True,,18.59180862356389,0.23990113275560326,,,
S6j,6s_E2_to_E1,6-somite,rpl19,500.0,,0.0027687384000000003,0.007983449660241601,True,,34.21941001329381,0.2731889372442985,,,
S6j,6s_E2_to_E1,6-somite,rpl31,500.0,,0.0020642262,0.0070398048963397734,True,,34.8796337521816,0.24554581647114604,,,
S6j,6s_E2_to_E1,6-somite,rpl34,500.0,,0.0031275009000000004,0.007866918761283157,True,,14.594208229349926,0.11481145052554598,,,
S6j,6s_E2_to_E1,6-somite,rpl38,500.0,,0.0031924676000000003,0.008095130696892737,True,,16.841776692762757,0.13633638349579644,,,
S6j,6s_E2_to_E1,6-somite,rpl4,500.0,,0.0035720746999999995,0.00812621721997857,True,,58.62337468330785,0.476386276844752,,,
S6j,6s_E2_to_E1,6-somite,rpl5a,500.0,,0.00294516,0.007942884694784878,True,,41.14954991634832,0.3268461302278494,,,
S6j,6s_E2_to_E1,6-somite,rpl6,500.0,,0.00028206274,0.005292510939761993,True,,77.32962832691513,0.4092679038879272,,,
S6j,6s_E2_to_E1,6-somite,rplp0,500.0,,0.00014733037,0.004619934805668888,True,,130.1113893905425,0.6011061364593051,,,
S6j,6s_E2_to_E1,6-somite,rplp2l,500.0,,0.0017331152,0.006729469168931238,True,,88.11224044615744,0.5929486054878725,,,
S6j,6s_E2_to_E1,6-somite,rps3,500.0,,0.0012407743,0.006439133384265004,True,,78.92114107410391,0.5081837542145505,,,
S6j,6s_E2_to_E1,6-somite,rps6,500.0,,0.00023671231,0.004574866290204226,True,,123.42477085900545,0.5646518235790449,,,
S6j,6s_E2_to_E1,6-somite,rreb1b,500.0,,0.002507127,0.006645905436016618,True,,56.892128146352704,0.3780997037143995,,,
S6j,6s_E2_to_E1,6-somite,rrm2,500.0,,0.0020573859,0.006455883989110587,True,,51.16505468549397,0.3303156573460481,,,
S6j,6s_E2_to_E1,6-somite,rrp8,500.0,,0.0050354716,0.010106089944019913,True,,11.021769468243866,0.11138699358832503,,,
S6j,6s_E2_to_E1,6-somite,rxraa,500.0,,0.01676803,0.02295447131618857,True,,9.50929892184052,0.2182809293384511,,,
S6j,6s_E2_to_E1,6-somite,rxrgb,500.0,,0.00639008,0.011850629048421978,True,,19.24254436576303,0.22803625522646004,,,
S6j,6s_E2_to_E1,6-somite,sall1a,500.0,,0.011649929,0.01731665376573801,True,,9.53731377502581,0.16515436049732568,,,
S6j,6s_E2_to_E1,6-somite,sall3a,500.0,,0.0047391756,0.009282710496336218,True,,13.08764282320715,0.12148879940728438,,,
S6j,6s_E2_to_E1,6-somite,sall3b,500.0,,0.022061825,0.02913844222202896,True,,14.356534422918408,0.4183270487907779,,,
S6j,6s_E2_to_E1,6-somite,sdc4,500.0,,0.0027442868,0.007105388725176453,True,,28.357120287957525,0.20148836277252585,,,
S6j,6s_E2_to_E1,6-somite,sebox,500.0,,0.008884283,0.014954481273889538,True,,5.732126192769014,0.08572097380933595,,,
S6j,6s_E2_to_E1,6-somite,sept9a,500.0,,0.002533051,0.007115142350085073,True,,41.08539475054379,0.2923284321595571,,,
S6j,6s_E2_to_E1,6-somite,shha,500.0,,0.006099499,0.011869290284812446,True,,41.69315488826412,0.4948681582584538,,,
S6j,6s_E2_to_E1,6-somite,si:ch211-106e7.2,500.0,,0.008277917,0.013404911523684856,True,,13.929576350825135,0.1867247385452239,,,
S6j,6s_E2_to_E1,6-somite,si:ch211-113a14.12,500.0,,0.0036495568,0.00806009736843407,True,,36.16581876845878,0.2915000206829181,,,
S6j,6s_E2_to_E1,6-somite,si:ch211-113a14.18,500.0,,0.0029423344,0.007520906371064485,True,,13.98343046776729,0.10516807129436824,,,
S6j,6s_E2_to_E1,6-somite,si:ch211-114n24.6,500.0,,0.007530438,0.012324559688568116,True,,6.636370878091452,0.08179034900251331,,,
S6j,6s_E2_to_E1,6-somite,si:ch211-155e24.3,500.0,,0.0030578095,0.008225778955966233,True,,25.758062432557175,0.2118801279041932,,,
S6j,6s_E2_to_E1,6-somite,si:ch211-161h7.4,500.0,,0.0033744005,0.007833200972527262,True,,18.04666818993331,0.14136317881626242,,,
S6j,6s_E2_to_E1,6-somite,si:ch211-163l21.7,500.0,,0.006610415,0.011839611688628793,True,,6.9290035936933245,0.08203671193844239,,,
S6j,6s_E2_to_E1,6-somite,si:dkey-108k21.14,500.0,,0.0021170666,0.006800135457888242,True,,52.3671378873297,0.35610363117575344,,,
S6j,6s_E2_to_E1,6-somite,si:dkey-108k21.21,500.0,,0.007931404,0.01343475147150456,True,,8.763298601970014,0.1177327387880505,,,
S6j,6s_E2_to_E1,6-somite,si:dkey-261h17.1,500.0,,0.0032330946999999995,0.007896173885092133,True,,62.956120839102006,0.4971124772764219,,,
S6j,6s_E2_to_E1,6-somite,si:dkey-261m9.12,500.0,,0.0027027952,0.006961370492354035,True,,46.73967910884281,0.32537222297039464,,,
S6j,6s_E2_to_E1,6-somite,si:dkey-66i24.9,500.0,,0.0026827285,0.007278915122151368,True,,15.005887275278592,0.10922657980932414,,,
S6j,6s_E2_to_E1,6-somite,si:dkey-68o6.5,500.0,,0.009907028,0.016293482668697828,True,,5.083194675957861,0.08282294435433649,,,
S6j,6s_E2_to_E1,6-somite,si:dkey-92i17.2,500.0,,0.0034591071000000004,0.008072969038039434,True,,16.531380102902162,0.1334573197267903,,,
S6j,6s_E2_to_E1,6-somite,six3b,500.0,,0.016436448,0.022387252561748026,True,,19.033300521867066,0.4261033058666885,,,
S6j,6s_E2_to_E1,6-somite,six4a,500.0,,0.015382868999999999,0.021134752687066792,True,,24.237343644166067,0.5122502637109,,,
S6j,6s_E2_to_E1,6-somite,six4b,500.0,,0.023083426,0.02927815644070505,True,,18.47739493881207,0.5409840596352314,,,
S6j,6s_E2_to_E1,6-somite,skia,500.0,,0.004217819,0.009257524041458964,True,,34.41685284204812,0.31861484261661577,,,
S6j,6s_E2_to_E1,6-somite,skila,500.0,,0.0032873636,0.007928996020928024,True,,30.48230832927124,0.24169410145149284,,,
S6j,6s_E2_to_E1,6-somite,skilb,500.0,,0.0032759567,0.008161133481189608,True,,14.958879823751483,0.12208141497070993,,,
S6j,6s_E2_to_E1,6-somite,smtnl,500.0,,0.003487792,0.008046416332945226,True,,40.84142693355729,0.3286271247389644,,,
S6j,6s_E2_to_E1,6-somite,snai1a,500.0,,0.0096682515,0.014632635703310368,True,,34.042056646082045,0.4981250134935742,,,
S6j,6s_E2_to_E1,6-somite,snai2,500.0,,0.005411816,0.010499851638451215,True,,50.58388079347371,0.5311232436285759,,,
S6j,6s_E2_to_E1,6-somite,snrpc,500.0,,0.0028094942999999997,0.0070899357087910175,True,,20.047050805961295,0.14213230136513272,,,
S6j,6s_E2_to_E1,6-somite,snrpd3,500.0,,0.00741587,0.012624296685680741,True,,7.322146413890709,0.0924369487049496,,,
S6j,6s_E2_to_E1,6-somite,snrpg,500.0,,0.0020038902,0.00661316099576652,True,,14.50250509871565,0.09590740105973143,,,
S6j,6s_E2_to_E1,6-somite,sox10,500.0,,0.007365468399999999,0.012670185603201385,True,,27.340753799822675,0.34641242517518683,,,
S6j,6s_E2_to_E1,6-somite,sox11a,500.0,,0.004956358,0.0104117046110332,True,,53.851640824586994,0.5606873770850561,,,
S6j,6s_E2_to_E1,6-somite,sox11b,500.0,,0.0031016646000000003,0.007957153348252177,True,,61.136047122773434,0.4864689020618795,,,
S6j,6s_E2_to_E1,6-somite,sox13,500.0,,0.0053948425,0.010950086638331413,True,,49.29272313899673,0.5397595890112977,,,
S6j,6s_E2_to_E1,6-somite,sox19a,500.0,,0.008607822,0.014114578766748303,True,,49.59125702443911,0.6999597034135059,,,
S6j,6s_E2_to_E1,6-somite,sox2,500.0,,0.004930676,0.009821081813424823,True,,59.656615414932844,0.5858925007020759,,,
S6j,6s_E2_to_E1,6-somite,sox3,500.0,,0.0037664566,0.008564306702464818,True,,65.39075562160777,0.5600264866493744,,,
S6j,6s_E2_to_E1,6-somite,sox32,500.0,,0.12513584,0.14861856922507286,True,,3.646712361382611,0.5419691735240705,,,
S6j,6s_E2_to_E1,6-somite,sox5,500.0,,0.0057383880000000005,0.010755341267213218,True,,53.691445750811646,0.5774698221800443,,,
S6j,6s_E2_to_E1,6-somite,sp5a,500.0,,0.0051201093,0.010172947123646735,True,,10.542527105594885,0.10724857079482923,,,
S6j,6s_E2_to_E1,6-somite,sp5l,500.0,,0.0037544593,0.008342751814052463,True,,52.33180953976353,0.43659129897051024,,,
S6j,6s_E2_to_E1,6-somite,sp8b,500.0,,0.0031053876,0.007897399412468075,True,,74.80232744564218,0.590743856820459,,,
S6j,6s_E2_to_E1,6-somite,spon1b,500.0,,0.025022246,0.031564267538487914,True,,8.84701110987607,0.2792494255881032,,,
S6j,6s_E2_to_E1,6-somite,srp19,500.0,,0.0020398223000000003,0.006588050234131504,True,,13.014979906189298,0.08574334141818722,,,
S6j,6s_E2_to_E1,6-somite,srrm4,500.0,,0.0059979223,0.011329871974885464,True,,18.198246952092088,0.20618380813455295,,,
S6j,6s_E2_to_E1,6-somite,stmn1a,500.0,,0.004079871,0.00916138840839266,True,,19.532084206479315,0.17894100984098893,,,
S6j,6s_E2_to_E1,6-somite,stox1,500.0,,0.00261892,0.006801345897838471,True,,40.127391585081305,0.27292027014815073,,,
S6j,6s_E2_to_E1,6-somite,supt16h,500.0,,0.0019322464000000002,0.007366276043467222,True,,80.03242720235976,0.589540951201277,,,
S6j,6s_E2_to_E1,6-somite,syne2b,500.0,,0.002373727,0.006206922745332118,True,,62.45868144910844,0.3876762105299244,,,
S6j,6s_E2_to_E1,6-somite,tbx3b,500.0,,0.0056927614,0.010479439701884984,True,,16.735087582945123,0.17537434123123755,,,
S6j,6s_E2_to_E1,6-somite,tbxta,500.0,,0.0067915525,0.011000083526596423,True,,61.17305546901782,0.6729087197363122,,,
S6j,6s_E2_to_E1,6-somite,tbxtb,500.0,,0.0075874953,0.012500741891562936,True,,42.297001144325336,0.5287438940923531,,,
S6j,6s_E2_to_E1,6-somite,tcf3b,500.0,,0.0025442564,0.007989388750866055,True,,37.67491063936567,0.30099950725203195,,,
S6j,6s_E2_to_E1,6-somite,tcf7l1a,500.0,,0.00417707,0.008671903004869816,True,,49.37690140673167,0.42819169968019705,,,
S6j,6s_E2_to_E1,6-somite,tcf7l1b,500.0,,0.0037018840000000003,0.00864063915796578,True,,40.53732859826427,0.35026842884548826,,,
S6j,6s_E2_to_E1,6-somite,tcf7l2,500.0,,0.0029569461,0.00734086572192609,True,,41.0196917205289,0.30112004887520605,,,
S6j,6s_E2_to_E1,6-somite,tdgf1,500.0,,0.004888374,0.009832746302708984,True,,25.35056957679429,0.2492657192777909,,,
S6j,6s_E2_to_E1,6-somite,tead1a,500.0,,0.0035833805,0.007870447402819988,True,,26.089946922050498,0.2053395549923637,,,
S6j,6s_E2_to_E1,6-somite,tead1b,500.0,,0.0056647565000000006,0.010207713395357131,True,,32.287386031336496,0.32958038289314023,,,
S6j,6s_E2_to_E1,6-somite,tfap2a,500.0,,0.0035116374,0.008288557641208165,True,,59.98365335589735,0.4971779683706048,,,
S6j,6s_E2_to_E1,6-somite,tfap2c,500.0,,0.002466085,0.006673365784808993,True,,77.30354840629408,0.5158748549788886,,,
S6j,6s_E2_to_E1,6-somite,tgif1,500.0,,0.0032930113,0.007571508316323156,True,,42.12102945579844,0.3189197248166705,,,
S6j,6s_E2_to_E1,6-somite,tlcd5a,500.0,,0.0036577918,0.008011362096294758,True,,25.666091862757973,0.20562035550931854,,,
S6j,6s_E2_to_E1,6-somite,tmed10,500.0,,0.003289489,0.007845936017110942,True,,29.356161579076367,0.2303265654574037,,,
S6j,6s_E2_to_E1,6-somite,tp63,500.0,,0.010959409,0.01612450061365962,True,,35.720532502285614,0.5759757482533527,,,
S6j,6s_E2_to_E1,6-somite,tph1b,500.0,,0.0055787573,0.010801907628774643,True,,9.906214990034782,0.10700601927313842,,,
S6j,6s_E2_to_E1,6-somite,tpx2,500.0,,0.0038596727,0.008324014581739899,True,,32.55511122935448,0.27098922058331104,,,
S6j,6s_E2_to_E1,6-somite,tram1,500.0,,0.0023442556,0.0067609276389703115,True,,64.36724226801799,0.43518226729414095,,,
S6j,6s_E2_to_E1,6-somite,trps1,500.0,,0.0035953056,0.008289060741662977,True,,37.79176265290355,0.3132582161644279,,,
S6j,6s_E2_to_E1,6-somite,tshz3b,500.0,,0.010274191,0.015352630428969857,True,,16.455939009074317,0.25264194996798645,,,
S6j,6s_E2_to_E1,6-somite,tuba1a,500.0,,0.005197116,0.009984993282705542,True,,58.109026509986194,0.5802182393667704,,,
S6j,6s_E2_to_E1,6-somite,tuba8l,500.0,,0.0017701127,0.006521412148140368,True,,47.2516248983459,0.30814732063144484,,,
S6j,6s_E2_to_E1,6-somite,tuba8l4,500.0,,-5.958853e-05,0.00439953019376844,True,,106.9507681963847,0.4705331339267239,,,
S6j,6s_E2_to_E1,6-somite,tubb2b,500.0,,0.0011176728,0.006274298927746712,True,,63.76410667167803,0.4000750661188364,,,
S6j,6s_E2_to_E1,6-somite,twist1a,500.0,,0.01096469,0.01703913714736699,True,,6.789256749735882,0.11568307688743674,,,
S6j,6s_E2_to_E1,6-somite,twist2,500.0,,0.0053317985,0.010259287245571607,True,,38.64161273088456,0.3964354046382814,,,
S6j,6s_E2_to_E1,6-somite,ube2c,500.0,,0.0032547153999999997,0.008056290680542588,True,,17.14731911778669,0.13814378720491466,,,
S6j,6s_E2_to_E1,6-somite,uhrf1,500.0,,0.0044652120000000005,0.00915940124541521,True,,50.486616388854785,0.4624271770288765,,,
S6j,6s_E2_to_E1,6-somite,unc5b,500.0,,0.0031367466,0.0080146356485784,True,,50.27300183758001,0.4029197926885162,,,
S6j,6s_E2_to_E1,6-somite,unga,500.0,,0.0027074208,0.007298086979426444,True,,21.16913963261219,0.15449422231842733,,,
S6j,6s_E2_to_E1,6-somite,usf1,500.0,,0.0036821463,0.008065041620284314,True,,12.698813638674467,0.10241646052414367,,,
S6j,6s_E2_to_E1,6-somite,vgll4l,500.0,,0.025146522,0.031703449971973885,True,,13.868772317898491,0.4396879293531911,,,
S6j,6s_E2_to_E1,6-somite,vox,500.0,,0.008835383,0.014587349258363247,True,,6.905498015783492,0.1007329113591682,,,
S6j,6s_E2_to_E1,6-somite,vsx2,500.0,,0.00734819,0.012698831222951413,True,,8.706411979858697,0.11056125628970784,,,
S6j,6s_E2_to_E1,6-somite,wnt11f2,500.0,,0.006022925,0.01092752055265009,True,,36.00464621708027,0.39344151152804,,,
S6j,6s_E2_to_E1,6-somite,wnt8a,500.0,,0.0039516846,0.008299199305474753,True,,40.775113444841,0.33840079318207866,,,
S6j,6s_E2_to_E1,6-somite,xbp1,500.0,,0.0027445394,0.007127818162553011,True,,82.5909445196903,0.5886932344098565,,,
S6j,6s_E2_to_E1,6-somite,ypel3,500.0,,0.004517055,0.009066309267655014,True,,18.103464243031766,0.16413160564326007,,,
S6j,6s_E2_to_E1,6-somite,zbtb18,500.0,,0.0029292675,0.007816200377419587,True,,28.577859359927764,0.22337027511491128,,,
S6j,6s_E2_to_E1,6-somite,zc4h2,500.0,,0.0031324686,0.007528778701089324,True,,19.102463918243394,0.14381822348599818,,,
S6j,6s_E2_to_E1,6-somite,zeb1a,500.0,,0.003189654,0.007920515211299061,True,,27.454900154154675,0.21745695429567904,,,
S6j,6s_E2_to_E1,6-somite,zeb1b,500.0,,0.0041686855,0.008749913191422817,True,,53.96158384501401,0.4721591743155565,,,
S6j,6s_E2_to_E1,6-somite,zeb2a,500.0,,0.0033072901,0.0083503576926887,True,,21.69931407757229,0.181197034233724,,,
S6j,6s_E2_to_E1,6-somite,zeb2b,500.0,,0.012530221000000001,0.018649238254874943,True,,17.243856248105022,0.3215847836037245,,,
S6j,6s_E2_to_E1,6-somite,zfand5a,500.0,,0.003513589,0.008276746934279799,True,,30.714200524726966,0.2542136650318889,,,
S6j,6s_E2_to_E1,6-somite,zgc:113372,500.0,,0.012162866000000001,0.018677814025431876,True,,7.416688909174953,0.13852753613005298,,,
S6j,6s_E2_to_E1,6-somite,zgc:113424,500.0,,0.005486549,0.010672163544222707,True,,6.145502546255549,0.06558580823507629,,,
S6j,6s_E2_to_E1,6-somite,zgc:175088,500.0,,0.036320306000000004,0.04296951964497566,True,,8.251505284466132,0.35456321842148797,,,
S6j,6s_E2_to_E1,6-somite,zic2a,500.0,,0.006248395,0.011079059075564144,True,,52.76615332280513,0.5845993298536333,,,
S6j,6s_E2_to_E1,6-somite,zic2b,500.0,,0.0052758195,0.010143011063337324,True,,64.78970065390428,0.6571626505228645,,,
S6j,6s_E2_to_E1,6-somite,zic3,500.0,,0.0033599985999999997,0.008372480235993858,True,,67.34301978748549,0.5638281022028655,,,
S6j,6s_E2_to_E1,6-somite,zmp:0000000624,500.0,,0.0029145665,0.007759909424930809,True,,24.82832076635904,0.19266552032007486,,,
S6j,6s_E2_to_E1,6-somite,znf1004,500.0,,0.033501443,0.043337595090270034,True,,8.475149729349681,0.36729260729996815,,,
S6j,6s_E2_to_E1,6-somite,znf576.2,500.0,,0.0030071497999999996,0.006852212059311567,True,,19.22381917342853,0.1317256855661919,,,
S6j,6s_E2_to_E1,6-somite,znfl2a,500.0,,0.0054545775,0.01024305960163474,True,,33.24167564924736,0.3404964649334509,,,
S6j,6s_E2_to_E1,6-somite,zswim5,500.0,,0.0028306765,0.007435789890587328,True,,45.6547124802749,0.3394788495184992,,,
S6k,50p_E1_to_E2,,,,,,,,,7.849107244989463,,type,477.0,0.8846960167714885
S6k,50p_E1_to_E2,,,,,,,,,9.80968449479192,,clusters,477.0,0.9811320754716981
S6k,50p_E2_to_E1,,,,,,,,,8.51195930579463,,type,478.0,0.895397489539749
S6k,50p_E2_to_E1,,,,,,,,,12.172034281219393,,clusters,478.0,0.9874476987447699
S6k,75p_E1_to_E2,,,,,,,,,8.960900258470213,,germlayer,465.0,0.9075268817204301
S6k,75p_E1_to_E2,,,,,,,,,69.37617559628987,,type,465.0,0.875268817204301
S6k,75p_E1_to_E2,,,,,,,,,13.650389904295235,,clusters,465.0,0.9956989247311828
S6k,75p_E2_to_E1,,,,,,,,,14.405440732172627,,germlayer,467.0,0.9036402569593148
S6k,75p_E2_to_E1,,,,,,,,,27.900084075587397,,type,467.0,0.815845824411135
S6k,75p_E2_to_E1,,,,,,,,,23.04964261366843,,clusters,467.0,0.9978586723768736
S6k,6s_E1_to_E2,,,,,,,,,24.27436494491961,,germlayer,441.0,0.9682539682539683
S6k,6s_E1_to_E2,,,,,,,,,30.773823166603965,,type,441.0,0.9954648526077098
S6k,6s_E1_to_E2,,,,,,,,,25.96947794691385,,tissue,441.0,1.0
S6k,6s_E1_to_E2,,,,,,,,,25.06599913252993,,clusters,441.0,1.0
S6k,6s_E2_to_E1,,,,,,,,,12.483881296878206,,germlayer,414.0,0.9154589371980676
S6k,6s_E2_to_E1,,,,,,,,,21.961078976174647,,type,414.0,0.9975845410628019
S6k,6s_E2_to_E1,,,,,,,,,20.28703073942353,,tissue,414.0,1.0
S6k,6s_E2_to_E1,,,,,,,,,20.72076085690407,,clusters,414.0,1.0
