fold	cohort	method	cells	ancestors	genes	rho_future_pooled	rho_future_macro	rho_future_median	final_pearson_macro	final_spearman_macro	rmse	normalized_rmse	moran_error	original_rho_future_pooled	residual_pearson_status	table	estimate	ci95_low	ci95_high	bootstrap_unit	replicates	original_estimate	status	observed	null_mean	null_ci_low	null_ci_high	empirical_p	permutations	ancestor_count	descendant_count	division_fraction	median_path_length	eligible	guard_stability_fraction	prediction_sha256	remaining_ancestors	remaining_descendants	removed_fraction	rho_future_disjoint	rho_future_full	rho_future_shared	gene	future_residual_pearson	final_pearson	final_spearman
A	full	B1_lineage_registered_idw	7028.0	0.0	479.0	0.0482005851250801	0.0306622888892889	0.034887034446001	0.0659557953476905	0.0648437560699251	1.1072237491607666	0.7513893842697144	0.1554794954658902	0.0482005851250801		primary_corrected																														
A	full	B2_lineage_early_map	7028.0	0.0	479.0				0.0863768979907035	0.0866809201325358	1.0845916271209717	0.736030638217926	0.2271139204309069	0.0	undefined: predicted residual is identically zero	primary_corrected																														
A	full	B3_mean_developmental_correction	7028.0	0.0	479.0	0.5604469545831109	0.0069180806167423	0.0	0.0864159911870956	0.0866801181663905	0.8974450826644897	0.6090283989906311	0.2271198775545763	0.5604469545831109		primary_corrected																														
A	full	B4_anchor_only_temporal	7028.0	0.0	479.0	0.5710638147916682	0.227670669555664	0.2160394191741943	0.1882497072219848	0.1848810818601493	0.8868418335914612	0.6018327474594116	0.1704976520910157	0.5710638147916682		primary_corrected																														
A	full	B5_trajectory_free_map_t	7028.0	0.0	479.0	0.4855720763844376	0.1057890579104423	0.1055714264512062	0.1079300642013549	0.0988220729761052	0.9752835035324096	0.6618514657020569	0.113636095354663	0.4855720763844376		primary_corrected																														
A	full	B6_trajectory_aware_map_t	7028.0	0.0	479.0	0.6205218131387544	0.2513715922832489	0.2029212117195129	0.2380766719579696	0.2299480936348209	0.8542231917381287	0.5796969532966614	0.2099513111953585	0.6205218131387544		primary_corrected																														
A	shared	B1_lineage_registered_idw	5381.0	0.0	479.0	0.0484013344075456	0.0286954045295715	0.0334264710545539	0.0638608783483505	0.0613340182373312	1.1061248779296875	0.74992436170578	0.1570192937333541	0.0484013344075456		primary_corrected																														
A	shared	B2_lineage_early_map	5381.0	0.0	479.0				0.080282874405384	0.0797019514990539	1.0841264724731443	0.735010027885437	0.2194399415072112	0.0	undefined: predicted residual is identically zero	primary_corrected																														
A	shared	B3_mean_developmental_correction	5381.0	0.0	479.0	0.5644967526943803	0.0071114595048129	0.0	0.0803207382559776	0.0796991231728124	0.8933390974998474	0.6056610345840454	0.2194399518889976	0.5644967526943803		primary_corrected																														
A	shared	B4_anchor_only_temporal	5381.0	0.0	479.0	0.5736533638150664	0.2268074005842209	0.213989108800888	0.1836102902889251	0.1785495728230277	0.8839930891990662	0.5993247032165527	0.1674221707731321	0.5736533638150664		primary_corrected																														
A	shared	B5_trajectory_free_map_t	5381.0	0.0	479.0	0.4840993050782776	0.0993853881955146	0.0987100377678871	0.099223680794239	0.088972565364096	0.9754153490066528	0.6613066792488098	0.1269115290449838	0.4840993050782776		primary_corrected																														
A	shared	B6_trajectory_aware_map_t	5381.0	0.0	479.0	0.6201365857312646	0.2446251213550567	0.1947111934423446	0.2295334339141845	0.2202953771243107	0.8536978960037231	0.5787853598594666	0.2184913529528938	0.6201365857312646		primary_corrected																														
A	disjoint	B1_lineage_registered_idw	1647.0	0.0	479.0	0.0467962881608668	0.0344837717711925	0.0365744940936565	0.0719645395874977	0.0748892373403432	1.110805630683899	0.7562301754951477	0.1491567690908561	0.0467962881608668		primary_corrected																														
A	disjoint	B2_lineage_early_map	1647.0	0.0	479.0				0.1042711287736892	0.1079550962173922	1.0861107110977173	0.7394179701805115	0.1792647079245177	0.0	undefined: predicted residual is identically zero	primary_corrected																														
A	disjoint	B3_mean_developmental_correction	1647.0	0.0	479.0	0.547371234335401	0.0081913936883211	0.0	0.1043140590190887	0.1079601544766787	0.9107308983802797	0.6200203895568848	0.1792647965132415	0.547371234335401		primary_corrected																														
A	disjoint	B4_anchor_only_temporal	1647.0	0.0	479.0	0.5625382168393298	0.2276747673749923	0.2145911157131195	0.2016731202602386	0.2037488927080166	0.8960862755775452	0.6100504398345947	0.1502702861938027	0.5625382168393298		primary_corrected																														
A	disjoint	B5_trajectory_free_map_t	1647.0	0.0	479.0	0.4901844000824791	0.1216253414750099	0.1113113313913345	0.1315994262695312	0.1266206270131839	0.9748522043228148	0.6636738181114197	0.1521853368812256	0.4901844000824791		primary_corrected																														
A	disjoint	B6_trajectory_aware_map_t	1647.0	0.0	479.0	0.6216892017638889	0.2658774256706238	0.222539484500885	0.259383887052536	0.2557701701886866	0.8559370636940002	0.5827170610427856	0.235132862327682	0.6216892017638889		primary_corrected																														
B	full	B1_lineage_registered_idw	6807.0	0.0	479.0	0.0788199230351386	0.0402483753859996	0.0382518172264099	0.0544981211423873	0.0526935121305522	1.1287907361984253	0.7594802379608154	0.1086169214839372	0.0788199230351386		primary_corrected																														
B	full	B2_lineage_early_map	6807.0	0.0	479.0				0.0685619637370109	0.0656477349963821	1.1109405755996704	0.7474701404571533	0.1762890152803465	0.0	undefined: predicted residual is identically zero	primary_corrected																														
B	full	B3_mean_developmental_correction	6807.0	0.0	479.0	0.5703981714955076	0.0126074058935046	3.1574192149719245e-08	0.0685684457421302	0.0656476654886656	0.9088463187217712	0.6114957928657532	0.1762890367821272	0.5703981714955076		primary_corrected																														
B	full	B4_anchor_only_temporal	6807.0	0.0	479.0	0.563769882606721	0.2138604074716568	0.2209943830966949	0.1477116048336029	0.1403343912490211	0.9153354167938232	0.6158618330955505	0.1625008459929792	0.563769882606721		primary_corrected																														
B	full	B5_trajectory_free_map_t	6807.0	0.0	479.0	0.4962461194770954	0.1259233206510543	0.1399082243442535	0.1079934388399124	0.1004442617335194	0.9753140807151794	0.656217098236084	0.1170755839377047	0.4962461194770954		primary_corrected																														
B	full	B6_trajectory_aware_map_t	6807.0	0.0	479.0	0.6196155894705728	0.2718543410301208	0.2369272261857986	0.2322239577770233	0.2258201334268128	0.8689002990722656	0.5846190452575684	0.1565153978464782	0.6196155894705728		primary_corrected																														
B	shared	B1_lineage_registered_idw	5373.0	0.0	479.0	0.0781426821878009	0.0352674759924411	0.03035094961524	0.0519827120006084	0.0498451348019798	1.1278706789016724	0.7591942548751831	0.1078708199555809	0.0781426821878009		primary_corrected																														
B	shared	B2_lineage_early_map	5373.0	0.0	479.0				0.0680747553706169	0.0643267747185388	1.1102477312088013	0.7473318576812744	0.1802258115862082	0.0	undefined: predicted residual is identically zero	primary_corrected																														
B	shared	B3_mean_developmental_correction	5373.0	0.0	479.0	0.5713732852466066	0.0125797279179096	2.8673225571651528e-08	0.0680508315563201	0.06432677026936	0.9073227047920228	0.6107386350631714	0.1802257833303877	0.5713732852466066		primary_corrected																														
B	shared	B4_anchor_only_temporal	5373.0	0.0	479.0	0.5642517705573936	0.208099365234375	0.2138387709856033	0.146322414278984	0.137758040232311	0.9138692021369934	0.615145206451416	0.1542748469146591	0.5642517705573936		primary_corrected																														
B	shared	B5_trajectory_free_map_t	5373.0	0.0	479.0	0.4921008209052998	0.1191966161131858	0.1283397674560547	0.1058995500206947	0.0969418557852911	0.9776606559753418	0.6580846309661865	0.1067377930952185	0.4921008209052998		primary_corrected																														
B	shared	B6_trajectory_aware_map_t	5373.0	0.0	479.0	0.6180852453736199	0.2665964961051941	0.2303591817617416	0.2300216108560562	0.2221556546515611	0.8692090511322021	0.5850834846496582	0.1540713864288055	0.6180852453736199		primary_corrected																														
B	disjoint	B1_lineage_registered_idw	1434.0	0.0	479.0	0.0794439140309472	0.0500300638377666	0.0505065098404884	0.0622463151812553	0.0616305711580235	1.1322319507598877	0.7605496048927307	0.0985027071195225	0.0794439140309472		primary_corrected																														
B	disjoint	B2_lineage_early_map	1434.0	0.0	479.0				0.0696446299552917	0.0685706013981848	1.1135337352752686	0.7479895353317261	0.1474424390089067	0.0	undefined: predicted residual is identically zero	primary_corrected																														
B	disjoint	B3_mean_developmental_correction	1434.0	0.0	479.0	0.5669939840760185	0.0137914149090647	1.2602707322173501e-08	0.0697401612997055	0.0685679417472606	0.9145325422286988	0.6143152713775635	0.147442502667068	0.5669939840760185		primary_corrected																														
B	disjoint	B4_anchor_only_temporal	1434.0	0.0	479.0	0.5616281529041204	0.2267193347215652	0.2381422221660614	0.1509546339511871	0.1469234817165252	0.9208070635795592	0.6185300350189209	0.1301114442023469	0.5616281529041204		primary_corrected																														
B	disjoint	B5_trajectory_free_map_t	1434.0	0.0	479.0	0.5112878091266094	0.1440119445323944	0.1523040533065796	0.1148808002471923	0.1121499592124579	0.9664708971977234	0.6492035984992981	0.1316500320537656	0.5112878091266094		primary_corrected																														
B	disjoint	B6_trajectory_aware_map_t	1434.0	0.0	479.0	0.624934739009537	0.2848201692104339	0.2539496123790741	0.2383245229721069	0.2366417789901373	0.8677417635917664	0.582884669303894	0.156821937888636	0.624934739009537		primary_corrected																														
A	full	B1_lineage_registered_idw														bootstrap_corrected	0.0482205791955543	0.0441235562230699	0.0526067415338076	TM0_ancestor_family	2000.0	0.0482205791955543																								
A	full	B2_lineage_early_map														bootstrap_corrected				TM0_ancestor_family	2000.0	0.0	undefined constant predicted residual																							
A	full	B3_mean_developmental_correction														bootstrap_corrected	0.5604431424095526	0.5583022816305947	0.5626565179337558	TM0_ancestor_family	2000.0	0.5604431424095526																								
A	full	B4_anchor_only_temporal														bootstrap_corrected	0.5710709499365277	0.5684349845265539	0.573727727155251	TM0_ancestor_family	2000.0	0.5710709499365277																								
A	full	B5_trajectory_free_map_t														bootstrap_corrected	0.4856365812437332	0.4797370559421436	0.4915817624920879	TM0_ancestor_family	2000.0	0.4856365812437332																								
A	full	B6_trajectory_aware_map_t														bootstrap_corrected	0.620538628827308	0.6167302911868999	0.6244225436158766	TM0_ancestor_family	2000.0	0.620538628827308																								
A	shared	B1_lineage_registered_idw														bootstrap_corrected	0.0483473670876652	0.0435658709432847	0.0532855997288182	TM0_ancestor_family	2000.0	0.0483473670876652																								
A	shared	B2_lineage_early_map														bootstrap_corrected				TM0_ancestor_family	2000.0	0.0	undefined constant predicted residual																							
A	shared	B3_mean_developmental_correction														bootstrap_corrected	0.5644828823020704	0.562181941902353	0.5668231749409534	TM0_ancestor_family	2000.0	0.5644828823020704																								
A	shared	B4_anchor_only_temporal														bootstrap_corrected	0.5736523995441455	0.5707289336942921	0.5765316549503636	TM0_ancestor_family	2000.0	0.5736523995441455																								
A	shared	B5_trajectory_free_map_t														bootstrap_corrected	0.4839716728183106	0.4770077312405005	0.4908488382088396	TM0_ancestor_family	2000.0	0.4839716728183106																								
A	shared	B6_trajectory_aware_map_t														bootstrap_corrected	0.6201219843074943	0.6157108343308473	0.624405974380767	TM0_ancestor_family	2000.0	0.6201219843074943																								
A	disjoint	B1_lineage_registered_idw														bootstrap_corrected	0.0468651131346687	0.0381437127153852	0.0556198981351783	TM0_ancestor_family	2000.0	0.0468651131346687																								
A	disjoint	B2_lineage_early_map														bootstrap_corrected				TM0_ancestor_family	2000.0	0.0	undefined constant predicted residual																							
A	disjoint	B3_mean_developmental_correction														bootstrap_corrected	0.5474300926149972	0.5425278019581585	0.552138238998939	TM0_ancestor_family	2000.0	0.5474300926149972																								
A	disjoint	B4_anchor_only_temporal														bootstrap_corrected	0.5626025498063109	0.5563020018302175	0.5682314570891681	TM0_ancestor_family	2000.0	0.5626025498063109																								
A	disjoint	B5_trajectory_free_map_t														bootstrap_corrected	0.4901634258911615	0.4796919295725196	0.5005984359421943	TM0_ancestor_family	2000.0	0.4901634258911615																								
A	disjoint	B6_trajectory_aware_map_t														bootstrap_corrected	0.6216494637048893	0.6146295086883046	0.6284697861973718	TM0_ancestor_family	2000.0	0.6216494637048893																								
B	full	B1_lineage_registered_idw														bootstrap_corrected	0.0788095424328474	0.0740832619961855	0.0836720433332485	TM0_ancestor_family	2000.0	0.0788095424328474																								
B	full	B2_lineage_early_map														bootstrap_corrected				TM0_ancestor_family	2000.0	0.0	undefined constant predicted residual																							
B	full	B3_mean_developmental_correction														bootstrap_corrected	0.5704154141690494	0.5685459472865582	0.572173340680991	TM0_ancestor_family	2000.0	0.5704154141690494																								
B	full	B4_anchor_only_temporal														bootstrap_corrected	0.5638087587735888	0.5613869206967605	0.5661758296619797	TM0_ancestor_family	2000.0	0.5638087587735888																								
B	full	B5_trajectory_free_map_t														bootstrap_corrected	0.4962148801662823	0.4904909287560775	0.5021756726549089	TM0_ancestor_family	2000.0	0.4962148801662823																								
B	full	B6_trajectory_aware_map_t														bootstrap_corrected	0.619578668884169	0.6163666966339972	0.6229045143741817	TM0_ancestor_family	2000.0	0.619578668884169																								
B	shared	B1_lineage_registered_idw														bootstrap_corrected	0.0781306256710542	0.072632091138098	0.0840821281159985	TM0_ancestor_family	2000.0	0.0781306256710542																								
B	shared	B2_lineage_early_map														bootstrap_corrected				TM0_ancestor_family	2000.0	0.0	undefined constant predicted residual																							
B	shared	B3_mean_developmental_correction														bootstrap_corrected	0.5713565960419438	0.5692663213674757	0.5734394745730396	TM0_ancestor_family	2000.0	0.5713565960419438																								
B	shared	B4_anchor_only_temporal														bootstrap_corrected	0.5642445732914902	0.5615672174471491	0.5668618326683734	TM0_ancestor_family	2000.0	0.5642445732914902																								
B	shared	B5_trajectory_free_map_t														bootstrap_corrected	0.4921951338623921	0.4852891384658367	0.49878401688342	TM0_ancestor_family	2000.0	0.4921951338623921																								
B	shared	B6_trajectory_aware_map_t														bootstrap_corrected	0.6181019014066317	0.6145260227508539	0.621634462899831	TM0_ancestor_family	2000.0	0.6181019014066317																								
B	disjoint	B1_lineage_registered_idw														bootstrap_corrected	0.0793724025985075	0.0701684577610469	0.0890742452448833	TM0_ancestor_family	2000.0	0.0793724025985075																								
B	disjoint	B2_lineage_early_map														bootstrap_corrected				TM0_ancestor_family	2000.0	0.0	undefined constant predicted residual																							
B	disjoint	B3_mean_developmental_correction														bootstrap_corrected	0.5670159889710672	0.5632831070700668	0.5705182603643784	TM0_ancestor_family	2000.0	0.5670159889710672																								
B	disjoint	B4_anchor_only_temporal														bootstrap_corrected	0.5617344748672035	0.5571339628155201	0.5664712443010133	TM0_ancestor_family	2000.0	0.5617344748672035																								
B	disjoint	B5_trajectory_free_map_t														bootstrap_corrected	0.5114536167824146	0.4997492264358442	0.5218556649950415	TM0_ancestor_family	2000.0	0.5114536167824146																								
B	disjoint	B6_trajectory_aware_map_t														bootstrap_corrected	0.6250341140054176	0.6187590831364073	0.6313502754542633	TM0_ancestor_family	2000.0	0.6250341140054176																								
A	full															permutation								0.6205218131387544	0.4563864125536415	0.4539158797115976	0.4587653770048309	0.0099009900990099	100.0																	
A	shared															permutation								0.6201365857312646	0.4595023010816995	0.4566487902636009	0.4622924819781682	0.0099009900990099	100.0																	
A	disjoint															permutation								0.6216892017638889	0.4462431629166392	0.4403406089228444	0.4514711145922757	0.0099009900990099	100.0																	
B	full															permutation								0.6196155894705728	0.4731339413499578	0.4704753592047296	0.4755926576567899	0.0099009900990099	100.0																	
B	shared															permutation								0.6180852453736199	0.4731658932571505	0.4703329591220544	0.4760158306285439	0.0099009900990099	100.0																	
B	disjoint															permutation								0.624934739009537	0.4725662303452129	0.467170891529674	0.4784839417172217	0.0099009900990099	100.0																	
A	full															cohort_counts														3998.0	7028.0	0.7287991046905518	522.4967041015625													
A	shared															cohort_counts														2953.0	5381.0	0.7617543339729309	522.2852172851562													
A	disjoint															cohort_counts														1045.0	1647.0	0.6211293339729309	524.0067138671875													
B	full															cohort_counts														3907.0	6807.0	0.7252827882766724	516.491455078125													
B	shared															cohort_counts														2953.0	5373.0	0.7613995671272278	521.3748779296875													
B	disjoint															cohort_counts														954.0	1434.0	0.589958131313324	490.6812133789063													
A																overlap_excluded																		True	0.896969696969697	57ba68ca9d0145345693a3979eeadae4f341bbc3b5ff50d8d5197bde2252c7e7	954.0	1434.0	0.7893345085940944	0.5922006119548369	0.5906478321348732	0.5901486318453761				
B																overlap_excluded																		True	0.9454545454545454	8b3044ad353df895086e9eefd942d0e7d507134e7a4b20a84346ea56467a2b08	1045.0	1647.0	0.7656516789982926	0.6194586115737098	0.6131627693001436	0.611375373242817				
A		B1_lineage_registered_idw									1.327728509902954					per_gene																											ackr3b	0.10344743	0.0073565403	0.0157124149850609
A		B1_lineage_registered_idw									1.2438185214996338					per_gene																											acvr1ba	0.16753463	0.3832827	0.4354128199756978
A		B1_lineage_registered_idw									1.171260118484497					per_gene																											add3b	0.20620929	0.332808	0.3048705557483637
A		B1_lineage_registered_idw									0.6402146220207214					per_gene																											adka	0.19269241	0.4109383	0.4725642207895332
A		B1_lineage_registered_idw									1.6741507053375244					per_gene																											admp	0.0	-0.2787273	-0.2862304512659477
A		B1_lineage_registered_idw									0.7801066040992737					per_gene																											ahi1	0.059983507	0.042288747	0.0444980991411991
A		B1_lineage_registered_idw									0.2861769795417785					per_gene																											akap12b	0.0	0.10268951	0.1148781574251771
A		B1_lineage_registered_idw									1.4912257194519043					per_gene																											alcamb	0.18971036	0.41506428	0.3934828394864641
A		B1_lineage_registered_idw									0.4290224909782409					per_gene																											aldob	0.22173639	0.42129105	0.5577868081643632
A		B1_lineage_registered_idw									0.6540810465812683					per_gene																											anp32e	0.26450345	0.08105841	0.0914872673847208
A		B1_lineage_registered_idw									0.807485818862915					per_gene																											apex1	0.04890061	-0.0047283825	-0.0020826571309925
A		B1_lineage_registered_idw									1.0682172775268557					per_gene																											aplnra	0.19105989	0.16682431	0.1652522471357872
A		B1_lineage_registered_idw									0.92498117685318					per_gene																											aplnrb	0.053557772	-0.022805126	-0.0302758003559247
A		B1_lineage_registered_idw									1.42819344997406					per_gene																											apoc1	-0.28857675	-0.110767074	-0.1281723788038965
A		B1_lineage_registered_idw									0.5008321404457092					per_gene																											arf5	-0.08069491	-0.026672661	-0.0144229338768891
A		B1_lineage_registered_idw									0.7592585682868958					per_gene																											arhgap5	0.096302174	0.0034524752	0.0133295098149047
A		B1_lineage_registered_idw									0.731430172920227					per_gene																											arl4aa	0.08389992	0.064841725	0.0582207504234404
A		B1_lineage_registered_idw									1.0656496286392212					per_gene																											arl4ab	-0.08129887	0.15295242	0.1326380619860832
A		B1_lineage_registered_idw									1.0151907205581665					per_gene																											arl4d	-0.0523347	0.06616034	0.0852816487894004
A		B1_lineage_registered_idw									0.795807421207428					per_gene																											arl6ip5a	-0.021144332	0.042190455	0.0515458221921915
A		B1_lineage_registered_idw									0.8391981720924377					per_gene																											aspm	0.08405807	0.029650941	0.0269013285409011
A		B1_lineage_registered_idw									0.8102383613586426					per_gene																											atf6	0.0	-0.06288446	-0.0577074144600078
A		B1_lineage_registered_idw									0.584289014339447					per_gene																											atoh1c	0.034887034	-0.0019765447	-0.0022232603072002
A		B1_lineage_registered_idw									0.9815344214439392					per_gene																											atp2b1a	-0.013350867	-0.052172806	-0.0715916609314393
A		B1_lineage_registered_idw									0.3728076815605163					per_gene																											atrxl	0.004722424	0.023582548	0.0217361093837643
A		B1_lineage_registered_idw									0.5335559844970703					per_gene																											aurkb	0.08435455	0.11413852	0.126055055820728
A		B1_lineage_registered_idw									0.9156163334846495					per_gene																											axin2	0.04706745	0.013428832	0.0126731794369763
A		B1_lineage_registered_idw									0.7741581797599792					per_gene																											bach1b	0.020858573	0.06115567	0.0582623415892889
A		B1_lineage_registered_idw									1.737760305404663					per_gene																											bambia	0.0	-0.44612247	-0.4719021230466032
A		B1_lineage_registered_idw									0.7151781916618347					per_gene																											baz1b	0.1317243	0.10919576	0.1198022453338208
A		B1_lineage_registered_idw									0.7816815972328186					per_gene																											bcl2l1	0.021878822	0.013237365	0.0215574165552698
A		B1_lineage_registered_idw									0.7332468628883362					per_gene																											bhlha15	0.08354464	0.039924417	0.0381459000085892
A		B1_lineage_registered_idw									0.8439162969589233					per_gene																											blf	0.100637846	-0.05351884	-0.0564158740560934
A		B1_lineage_registered_idw									1.6636241674423218					per_gene																											bmp2b	0.0	-0.35935277	-0.4062543273953975
A		B1_lineage_registered_idw									1.380948185920715					per_gene																											bmp4	0.0	-0.29392424	-0.313917059851884
A		B1_lineage_registered_idw									1.4013442993164062					per_gene																											bmp7a	0.0	-0.3198256	-0.3441393946400758
A		B1_lineage_registered_idw									0.7484788298606873					per_gene																											brd2a	0.04216025	0.04246794	0.0474611849123853
A		B1_lineage_registered_idw									1.1880427598953247					per_gene																											btg2	-0.27885795	-0.24657151	-0.2567947358548005
A		B1_lineage_registered_idw									0.601635217666626					per_gene																											c1qbp	-0.02932052	0.10265228	0.106351770731866
A		B1_lineage_registered_idw									0.7715548872947693					per_gene																											C7H16orf87	0.037599307	0.00067742314	-9.655165119628142e-05
A		B1_lineage_registered_idw									0.9771410822868348					per_gene																											ca9	0.12329715	0.1265594	0.1478396739476065
A		B1_lineage_registered_idw									0.8506191968917847					per_gene																											casz1	0.13032086	0.044263262	0.0461794730312558
A		B1_lineage_registered_idw									0.4248624145984649					per_gene																											cbx3a	-0.009863355	0.20931375	0.2185517843406708
A		B1_lineage_registered_idw									0.4639138579368591					per_gene																											cbx5	0.0833097	0.20996848	0.2076311622950493
A		B1_lineage_registered_idw									1.0302430391311646					per_gene																											ccne2	0.02584087	-0.00064585364	0.0020025601128844
A		B1_lineage_registered_idw									1.344254970550537					per_gene																											ccnf	0.017116373	-0.07177001	-0.0580550921028478
A		B1_lineage_registered_idw									0.8031571507453918					per_gene																											ccng1	-0.030024827	0.019994058	0.0216961364256576
A		B1_lineage_registered_idw									0.8285495638847351					per_gene																											cd63	0.06154723	-0.0040879846	-0.0026501072419572
A		B1_lineage_registered_idw									0.8624301552772522					per_gene																											cdc14b	-0.08830034	-0.13108097	-0.130133986987473
A		B1_lineage_registered_idw									0.5510923266410828					per_gene																											cdca8	-0.021197865	0.11033679	0.1288944191976283
A		B1_lineage_registered_idw									0.9446274042129515					per_gene																											cdh1	0.11234988	0.3516853	0.3577912581391511
A		B1_lineage_registered_idw									1.0872169733047483					per_gene																											cdh2	0.020914532	-0.023713766	-0.0297986920411967
A		B1_lineage_registered_idw									0.9557363390922546					per_gene																											cdh6	0.16880602	0.12572698	0.1227110462699975
A		B1_lineage_registered_idw									0.9950586557388306					per_gene																											cdkn1ca	0.10334669	-0.023908721	0.0008987477254062
A		B1_lineage_registered_idw									0.8597976565361023					per_gene																											cdt1	-0.05544769	-0.060943943	-0.0663904838681988
A		B1_lineage_registered_idw									1.3075802326202393					per_gene																											cdx1a	-0.04198701	-0.05036396	-0.0461702611021771
A		B1_lineage_registered_idw									2.662362813949585					per_gene																											cdx4	0.0017485433	0.10533182	0.0268599900529361
A		B1_lineage_registered_idw									0.5812427401542664					per_gene																											cenpf	0.06086314	0.14732106	0.1526661304240602
A		B1_lineage_registered_idw									0.676236629486084					per_gene																											cfl1l	0.017857477	0.024234006	0.0216545101378925
A		B1_lineage_registered_idw									0.963573694229126					per_gene																											chaf1a	0.1548672	0.047794476	0.0365837077553607
A		B1_lineage_registered_idw									1.095590114593506					per_gene																											chst11	0.12050526	0.052675463	0.0562804997131718
A		B1_lineage_registered_idw									2.701149702072144					per_gene																											cldnd	-0.08440504	-0.074079834	-0.0504067113735707
A		B1_lineage_registered_idw									0.8188742399215698					per_gene																											clic4	0.02316769	0.20335081	0.2249970799475415
A		B1_lineage_registered_idw									0.7720339298248291					per_gene																											clocka	0.018623894	0.019292878	0.0281848831250299
A		B1_lineage_registered_idw									0.8785361647605896					per_gene																											cmtm6	-0.056634456	-0.07468311	-0.0644529224807636
A		B1_lineage_registered_idw									0.748354434967041					per_gene																											cnmd	0.13273706	-0.00045140524	-0.0007150175913555
A		B1_lineage_registered_idw									0.7829006910324097					per_gene																											cnn3a	0.033148546	0.014419768	0.0101621910637436
A		B1_lineage_registered_idw									0.7943188548088074					per_gene																											coq10b	0.09943221	0.016478011	0.0138028470533231
A		B1_lineage_registered_idw									1.7493665218353271					per_gene																											crabp2b	0.1156029	0.43696523	0.4797570711224626
A		B1_lineage_registered_idw									0.9492486119270324					per_gene																											creb3l1	0.011549522	0.02282651	0.0209119738721454
A		B1_lineage_registered_idw									0.8958140015602112					per_gene																											creb3l2	-0.111074574	-0.077243246	-0.0583259633827601
A		B1_lineage_registered_idw									1.3222160339355469					per_gene																											csrp1a	0.027457856	-0.011938095	-0.010234158160839
A		B1_lineage_registered_idw									0.8618192672729492					per_gene																											cst3	0.07067917	0.07859378	0.0777128759708606
A		B1_lineage_registered_idw									0.6592545509338379					per_gene																											ctcf	0.15494741	0.22184972	0.2178017555073437
A		B1_lineage_registered_idw									2.564075469970703					per_gene																											cth1	0.0044698548	0.11534416	0.0756286692492929
A		B1_lineage_registered_idw									0.8096423745155334					per_gene																											CU570769.1	0.07831377	-0.01731974	-0.0170069474700838
A		B1_lineage_registered_idw									0.8952435255050659					per_gene																											cux1a	-0.005785859	0.0016778334	-0.0017601292720554
A		B1_lineage_registered_idw									0.7462244629859924					per_gene																											cxcl12b	0.0	0.041784562	0.0414525146720672
A		B1_lineage_registered_idw									1.6853806972503662					per_gene																											cxcr4a	0.0903333	0.19379969	0.206399411279484
A		B1_lineage_registered_idw									1.308620810508728					per_gene																											dact2	-0.09590907	0.3076604	0.3304754954319768
A		B1_lineage_registered_idw									0.848570704460144					per_gene																											dand5	0.057767343	-0.0146998	-0.020055025776842
A		B1_lineage_registered_idw									0.9033031463623048					per_gene																											dbx1a	-0.037593022	-0.053655323	-0.0530348304457352
A		B1_lineage_registered_idw									1.391934156417847					per_gene																											ddx4	0.113831736	0.39676368	0.4327287698062001
A		B1_lineage_registered_idw									0.7866808176040649					per_gene																											dharma	-0.053199705	-0.020094035	-0.0174238322280096
A		B1_lineage_registered_idw									0.2721958756446838					per_gene																											dkc1	0.14077443	0.3664975	0.384081936027853
A		B1_lineage_registered_idw									0.7464823126792908					per_gene																											dkk1b	0.009868535	0.19897416	0.1434065337792041
A		B1_lineage_registered_idw									1.741752862930298					per_gene																											dld	0.47763982	0.54789925	0.5342853944664472
A		B1_lineage_registered_idw									0.3267510235309601					per_gene																											dlgap5	0.15058681	0.2095527	0.2315821713073585
A		B1_lineage_registered_idw									1.7596638202667236					per_gene																											dlx3b	0.14955944	0.22272725	0.2231611284954179
A		B1_lineage_registered_idw									0.5851834416389465					per_gene																											dmd	0.028261574	0.13862376	0.1238072128360389
A		B1_lineage_registered_idw									1.5583003759384155					per_gene																											drll.2	-0.30121353	0.05966656	0.0092522463146936
A		B1_lineage_registered_idw									1.352297306060791					per_gene																											drll.3	-0.19587271	-0.11483082	-0.1286253408944634
A		B1_lineage_registered_idw									0.6824371218681335					per_gene																											dscc1	0.02273418	0.017753826	0.0165411130592423
A		B1_lineage_registered_idw									0.8463925123214722					per_gene																											dync1li1	0.10094674	0.04675855	0.052149622933786
A		B1_lineage_registered_idw									0.8653408288955688					per_gene																											dynll2b	0.07754844	0.06535601	0.0748076866204833
A		B1_lineage_registered_idw									0.747713029384613					per_gene																											ednraa	0.029032463	0.0082092555	0.0032711388842731
A		B1_lineage_registered_idw									0.9807175993919371					per_gene																											efna1a	-0.12767611	0.12336829	0.1132480925888302
A		B1_lineage_registered_idw									0.8910538554191589					per_gene																											efnb2a	0.13834931	0.25045696	0.1772821460257697
A		B1_lineage_registered_idw									1.519016981124878					per_gene																											efnb2b	0.13219056	0.27355775	0.2410046773670111
A		B1_lineage_registered_idw									1.0429794788360596					per_gene																											egln1b	-0.06864668	-0.054816402	-0.0533629877982001
A		B1_lineage_registered_idw									0.5083451867103577					per_gene																											eif3ea	0.06662404	0.04773109	0.0654657150460671
A		B1_lineage_registered_idw									0.8792141675949097					per_gene																											elavl3	-0.024525475	0.02741984	0.0205030022226442
A		B1_lineage_registered_idw									1.3569676876068115					per_gene																											elf1	-0.012195621	-0.0038366518	-0.0074993802255716
A		B1_lineage_registered_idw									0.8222464323043823					per_gene																											elob	0.11544877	-0.005466575	-0.0048204753802067
A		B1_lineage_registered_idw									0.8277985453605652					per_gene																											emid1	0.040562812	-0.02280444	-0.0220490864940498
A		B1_lineage_registered_idw									0.780967652797699					per_gene																											emx2	0.10936724	0.0048681814	0.0085769607764395
A		B1_lineage_registered_idw									0.9868046045303344					per_gene																											emx3	0.14956595	0.016489174	0.0169497220224912
A		B1_lineage_registered_idw									0.96505469083786					per_gene																											epcam	0.14777802	0.009403713	0.0097627096025191
A		B1_lineage_registered_idw									1.1214606761932373					per_gene																											epha2a	-0.08400978	0.20799555	0.2309138928390193
A		B1_lineage_registered_idw									1.494682788848877					per_gene																											ephb3a	-0.039429035	-0.0837249	-0.0936940000564744
A		B1_lineage_registered_idw									1.105366826057434					per_gene																											eppk1	0.018818442	0.041840717	0.0336422092356691
A		B1_lineage_registered_idw									0.4774283170700073					per_gene																											erf	0.04095882	-0.03559509	-0.0354165736081667
A		B1_lineage_registered_idw									0.8417544364929199					per_gene																											esrra	-0.018734714	-0.0056494744	-0.0063624534950082
A		B1_lineage_registered_idw									1.3022037744522097					per_gene																											ets2	-0.1327635	0.15328686	0.1328819412486516
A		B1_lineage_registered_idw									0.6019187569618225					per_gene																											etv2	0.08984912	0.038720243	0.0389581407999906
A		B1_lineage_registered_idw									0.8573680520057678					per_gene																											etv4	-0.059591096	0.1443161	0.1862019599002591
A		B1_lineage_registered_idw									1.0385202169418335					per_gene																											etv5a	0.009025861	0.03315861	0.0330476117106955
A		B1_lineage_registered_idw									0.5643279552459717					per_gene																											etv5b	-0.15461317	-0.01022443	0.0008722493338501
A		B1_lineage_registered_idw									1.7835118770599363					per_gene																											eve1	-0.4796872	-0.08460135	-0.1169445253034721
A		B1_lineage_registered_idw									0.7854803204536438					per_gene																											f11r.1	-0.0072216885	-0.002775267	0.0017015584392686
A		B1_lineage_registered_idw									0.9545711874961852					per_gene																											fbln2	-0.009947027	-0.03148324	-0.0249579955657367
A		B1_lineage_registered_idw									1.061820387840271					per_gene																											fezf2	0.031165069	-0.005445833	0.0248030454722733
A		B1_lineage_registered_idw									1.0670149326324463					per_gene																											fgf8a	0.16279347	0.16167407	0.168065698932534
A		B1_lineage_registered_idw									1.3873783349990845					per_gene																											flrt3	0.09699685	0.41661504	0.3838914157810945
A		B1_lineage_registered_idw									1.5885919332504272					per_gene																											fn1a	-0.071580745	-0.13676538	-0.1524772476621834
A		B1_lineage_registered_idw									1.164590835571289					per_gene																											fn1b	0.005051817	-0.097760275	-0.109650483506872
A		B1_lineage_registered_idw									1.6838785409927368					per_gene																											fnbp1l	-0.064437635	-0.005073113	0.0005163587571983
A		B1_lineage_registered_idw									0.6786541938781738					per_gene																											fosab	-0.008068765	0.039582964	0.0433188761190556
A		B1_lineage_registered_idw									1.1175637245178225					per_gene																											foxa	0.06498308	0.28973088	0.2512414078177757
A		B1_lineage_registered_idw									1.0247344970703125					per_gene																											foxa2	-0.03280259	0.13685352	0.1173166907070252
A		B1_lineage_registered_idw									1.5967626571655271					per_gene																											foxa3	0.05084011	0.32264984	0.2796533955645093
A		B1_lineage_registered_idw									1.4957287311553955					per_gene																											foxb1a	-0.47602034	-0.27301544	-0.2582396502493934
A		B1_lineage_registered_idw									0.8506606817245483					per_gene																											foxb1b	0.11737318	-0.03641334	-0.025530555042282
A		B1_lineage_registered_idw									1.716421365737915					per_gene																											foxc1a	0.06873303	0.33564305	0.2818656571921399
A		B1_lineage_registered_idw									0.9178879857063292					per_gene																											foxc1b	0.08649472	0.06259806	0.0623294655231166
A		B1_lineage_registered_idw									1.879620909690857					per_gene																											foxd3	-0.47400084	-0.047845557	-0.050560284381262
A		B1_lineage_registered_idw									1.8581249713897705					per_gene																											foxd5	-0.103128046	0.15627095	0.1861857481675615
A		B1_lineage_registered_idw									0.6428332924842834					per_gene																											foxg1a	0.11998722	0.011928538	0.0158748287229027
A		B1_lineage_registered_idw									0.9986394643783568					per_gene																											foxh1	0.31616718	0.47044972	0.6111462263385402
A		B1_lineage_registered_idw									1.5512316226959229					per_gene																											foxi1	0.074029416	0.063012615	0.0542410811270937
A		B1_lineage_registered_idw									0.9449256658554076					per_gene																											foxn2b	-0.055482756	-0.06857643	-0.0831527244759367
A		B1_lineage_registered_idw									0.4468512237071991					per_gene																											foxo1a	-0.055200007	0.024198448	0.0205587398191414
A		B1_lineage_registered_idw									0.9162500500679016					per_gene																											foxp1b	0.10704023	0.011341646	0.0146645218534348
A		B1_lineage_registered_idw									1.1682292222976685					per_gene																											foxp2	-0.13395971	-0.014193518	-0.0157259059829977
A		B1_lineage_registered_idw									0.8955045938491821					per_gene																											frmd4ba	0.031538203	0.09461884	0.0551161224481316
A		B1_lineage_registered_idw									0.8226677179336548					per_gene																											fscn1a	0.19826557	0.60442746	0.6157433582516475
A		B1_lineage_registered_idw									1.949883222579956					per_gene																											fzd7a	0.2906889	0.2732802	0.2638436185760218
A		B1_lineage_registered_idw									0.7987391948699951					per_gene																											fzd7b	-0.182762	-0.10561356	-0.1161849625895684
A		B1_lineage_registered_idw									1.4134624004364014					per_gene																											fzd8a	-0.26474738	-0.07946195	-0.0833204965619645
A		B1_lineage_registered_idw									0.9291144013404846					per_gene																											gadd45gip1	-0.009526507	0.013462053	0.0220914099811912
A		B1_lineage_registered_idw									1.792130470275879					per_gene																											gapdh	0.101863615	0.020378634	0.0243525540878388
A		B1_lineage_registered_idw									1.9649215936660769					per_gene																											gata2a	-0.21069969	-0.17775944	-0.1793312594003439
A		B1_lineage_registered_idw									0.6685494780540466					per_gene																											gata3	-0.044494126	0.02742248	0.0383369515319652
A		B1_lineage_registered_idw									1.494862079620361					per_gene																											gata6	0.26690096	0.2929068	0.2395623781982325
A		B1_lineage_registered_idw									1.1825019121170044					per_gene																											gbx1	0.07712036	-0.05966088	-0.0573044524667661
A		B1_lineage_registered_idw									0.6109946370124817					per_gene																											gcm2	0.0	0.029221132	0.031145061973755
A		B1_lineage_registered_idw									0.7516241669654846					per_gene																											gfi1aa	0.03652903	0.046493627	0.0315309228994019
A		B1_lineage_registered_idw									1.2043352127075195					per_gene																											gli1	-0.30508563	-0.09793672	-0.0858626946909812
A		B1_lineage_registered_idw									1.3431510925292969					per_gene																											gmnn	0.003820403	0.11846613	0.1335949797535178
A		B1_lineage_registered_idw									0.954950749874115					per_gene																											gpr137bb	-0.08679393	-0.024989637	-0.0323430413716851
A		B1_lineage_registered_idw									1.1989067792892456					per_gene																											grhl1	0.17228194	-0.0039318195	0.0061321248257833
A		B1_lineage_registered_idw									0.8670850992202759					per_gene																											grhl2b	0.029053668	0.013631451	0.0089953716635275
A		B1_lineage_registered_idw									0.854195773601532					per_gene																											gsc	0.02300581	0.032990824	0.0403055545950995
A		B1_lineage_registered_idw									0.8912804126739502					per_gene																											h1-0	-0.023584923	-0.00903738	-0.0152204986951148
A		B1_lineage_registered_idw									0.2519911527633667					per_gene																											hdlbpa	-0.025428126	-0.01794701	0.0119166710616749
A		B1_lineage_registered_idw									1.0902924537658691					per_gene																											helb	-0.017082218	-0.045758672	-0.0360080445366168
A		B1_lineage_registered_idw									0.798821747303009					per_gene																											hells	0.009451136	-0.0026957765	-0.0014601573036669
A		B1_lineage_registered_idw									1.823285460472107					per_gene																											her1	0.03267622	0.29646856	0.2765549542988492
A		B1_lineage_registered_idw									0.8947386741638184					per_gene																											her11	0.0	-0.012114649	-0.0093365514023505
A		B1_lineage_registered_idw									0.7764237523078918					per_gene																											her12	0.060870424	0.025630714	0.0181456600351286
A		B1_lineage_registered_idw									0.8048909306526184					per_gene																											her2	0.105238885	-0.011477694	-0.0085442739043771
A		B1_lineage_registered_idw									0.6739827394485474					per_gene																											her3	-0.026481317	-0.022176228	-0.0234690782069838
A		B1_lineage_registered_idw									1.9763801097869875					per_gene																											her5	-0.013819674	-0.016297704	-0.007648714445408
A		B1_lineage_registered_idw									1.056509256362915					per_gene																											her6	0.121997155	0.035811312	0.0332954100720937
A		B1_lineage_registered_idw									1.0925099849700928					per_gene																											her7	0.056821883	0.21647757	0.2129289757991242
A		B1_lineage_registered_idw									0.9759973883628844					per_gene																											her8a	0.032252856	0.28473666	0.2690428326988308
A		B1_lineage_registered_idw									1.8773401975631716					per_gene																											her9	0.12185535	0.10338868	0.1027225200545531
A		B1_lineage_registered_idw									0.8255202174186707					per_gene																											hes6	-0.02056322	0.008606961	0.0176656837166846
A		B1_lineage_registered_idw									1.181393027305603					per_gene																											hesx1	-0.023969952	0.0113652665	0.0197909046836061
A		B1_lineage_registered_idw									0.7576042413711548					per_gene																											hic1l	0.09434083	0.046417877	0.0491476695308127
A		B1_lineage_registered_idw									0.7194486856460571					per_gene																											higd1a	0.034808256	-0.034731124	-0.0354631160673841
A		B1_lineage_registered_idw									0.8381011486053467					per_gene																											hivep2a	0.1207728	-0.024979725	-0.0295799726991143
A		B1_lineage_registered_idw									1.25006365776062					per_gene																											hoxb1b	-0.037792906	-0.06636224	-0.0505407105140955
A		B1_lineage_registered_idw									0.7225138545036316					per_gene																											hoxb7a	0.08209198	0.101787455	0.0904780459227526
A		B1_lineage_registered_idw									0.7299219369888306					per_gene																											hoxb8a	-0.0065662004	0.031874873	0.0255778195383625
A		B1_lineage_registered_idw									0.7522644400596619					per_gene																											hoxb9a	-0.037989642	0.023985967	0.0162678830149139
A		B1_lineage_registered_idw									0.7766847610473633					per_gene																											hoxc3a	0.027614225	-0.010287701	-0.0168683533148108
A		B1_lineage_registered_idw									0.9491379261016846					per_gene																											hoxc6a	0.059786294	-0.056273066	-0.0648333557667381
A		B1_lineage_registered_idw									0.5530245304107666					per_gene																											hoxc8a	0.0747815	0.028362434	0.0287580144924371
A		B1_lineage_registered_idw									0.9235691428184508					per_gene																											hsp90aa1.2	0.077430025	0.021635596	0.0134723880981398
A		B1_lineage_registered_idw									1.1062047481536863					per_gene																											id3	-0.18571272	-0.035036422	-0.0790296484772042
A		B1_lineage_registered_idw									1.1466106176376345					per_gene																											igf2bp1	0.002256659	0.09048033	0.0917939855393453
A		B1_lineage_registered_idw									0.7844610810279846					per_gene																											igfbp1a	0.12867284	0.06891851	0.0657513057277131
A		B1_lineage_registered_idw									0.8119000792503357					per_gene																											irf2a	0.03508837	-0.09481342	-0.110151224336461
A		B1_lineage_registered_idw									1.155713438987732					per_gene																											irx1b	-0.106987394	0.010403234	0.0190238628599052
A		B1_lineage_registered_idw									0.8386792540550232					per_gene																											irx3a	0.026819551	0.035193622	0.0304716799667697
A		B1_lineage_registered_idw									1.0643428564071655					per_gene																											irx5a	0.03414707	-0.04090704	-0.0400471632695481
A		B1_lineage_registered_idw									1.3830335140228271					per_gene																											irx7	0.07759474	0.11037542	0.1301521642568796
A		B1_lineage_registered_idw									1.0110808610916138					per_gene																											ism1	0.1817312	0.2729348	0.2411814673738616
A		B1_lineage_registered_idw									0.7379692196846008					per_gene																											itga6a	0.047710523	0.052732866	0.0429881519194074
A		B1_lineage_registered_idw									0.9583284854888916					per_gene																											itgb5	0.107504204	0.103204176	0.115993157282408
A		B1_lineage_registered_idw									1.192507028579712					per_gene																											itm2cb	0.12125781	0.04801078	0.0444977203577575
A		B1_lineage_registered_idw									0.8838300108909607					per_gene																											jcada	0.13614725	0.11163297	0.1145803990152916
A		B1_lineage_registered_idw									1.3262126445770264					per_gene																											kank1a	0.019982142	0.014972945	0.0264409294034958
A		B1_lineage_registered_idw									1.0078397989273071					per_gene																											kazald2	0.016662974	0.22852965	0.2182353395165202
A		B1_lineage_registered_idw									0.8491165041923523					per_gene																											kdrl	0.23834477	0.06335516	0.0594905381886706
A		B1_lineage_registered_idw									0.7631891965866089					per_gene																											kif15	0.105651006	-0.018564366	-0.0155492856620602
A		B1_lineage_registered_idw									1.7062095403671265					per_gene																											kirrel3l	0.25866258	0.48258486	0.3953524477636189
A		B1_lineage_registered_idw									0.8032383322715759					per_gene																											klf17	0.037128408	-0.054986075	-0.0472337683949647
A		B1_lineage_registered_idw									1.460743427276611					per_gene																											klf2a	0.133334	-0.113463655	-0.1125790267093356
A		B1_lineage_registered_idw									1.7459126710891724					per_gene																											klf2b	-0.24303141	0.012791221	0.0050747819231383
A		B1_lineage_registered_idw									1.1103360652923584					per_gene																											klf3	-0.13024041	0.035218548	0.0127818086601737
A		B1_lineage_registered_idw									0.7773862481117249					per_gene																											klf7a	0.12715267	0.037548665	0.033692811139276
A		B1_lineage_registered_idw									0.8159659504890442					per_gene																											klf8	0.08341981	0.12570207	0.146021460510092
A		B1_lineage_registered_idw									0.7133455872535706					per_gene																											kmt2bb	0.113881156	-0.009663205	-0.0138125285902015
A		B1_lineage_registered_idw									0.5823280215263367					per_gene																											kmt5aa	-0.07442874	0.05134375	0.0142957749509771
A		B1_lineage_registered_idw									1.9189338684082031					per_gene																											krt4	0.31646922	0.05175689	0.0607963644893579
A		B1_lineage_registered_idw									1.7326347827911377					per_gene																											krt8	0.3366408	0.050010122	0.0625699822165121
A		B1_lineage_registered_idw									1.380015254020691					per_gene																											krt99	-0.0569908	-0.06326416	-0.0474952242269018
A		B1_lineage_registered_idw									1.205962896347046					per_gene																											lamb1a	-0.047473587	0.13441099	0.1449081751860725
A		B1_lineage_registered_idw									0.6718197464942932					per_gene																											lamc1	0.055502333	-0.13190512	-0.126659978943444
A		B1_lineage_registered_idw									1.695353865623474					per_gene																											lamp2	-0.053839967	0.09698282	0.0839425114070887
A		B1_lineage_registered_idw									0.7279708385467529					per_gene																											lbx2	0.06323834	0.065865844	0.0657066181137445
A		B1_lineage_registered_idw									1.3655359745025637					per_gene																											lef1	0.08411733	0.24219534	0.2669760775027275
A		B1_lineage_registered_idw									1.0550395250320437					per_gene																											lft1	0.016568786	0.18505631	0.1931085452129884
A		B1_lineage_registered_idw									1.0473235845565796					per_gene																											lft2	0.17688069	0.2588018	0.1796662858787381
A		B1_lineage_registered_idw									0.8029834032058716					per_gene																											lgals3b	-0.0010644853	0.007631519	0.0097459017449346
A		B1_lineage_registered_idw									0.7694553136825562					per_gene																											lhfpl6	-0.070837036	-0.024758123	-0.0242514566220488
A		B1_lineage_registered_idw									1.0079004764556885					per_gene																											lhx1a	0.24849777	0.40224236	0.2868077261464284
A		B1_lineage_registered_idw									1.8493034839630127					per_gene																											lhx5	0.038262095	0.062349256	0.0530547512064117
A		B1_lineage_registered_idw									0.8881149888038635					per_gene																											lima1a	0.06923978	-0.031021819	-0.0435301068398085
A		B1_lineage_registered_idw									1.0572896003723145					per_gene																											lmnb1	0.09225316	0.17462192	0.178226768302304
A		B1_lineage_registered_idw									0.9090221524238586					per_gene																											lmo2	0.008293681	-0.009644316	-0.0018022023575032
A		B1_lineage_registered_idw									1.8096061944961548					per_gene																											lmo4a	-0.009217983	-0.048003	-0.0440529273473845
A		B1_lineage_registered_idw									0.85794997215271					per_gene																											lratb.1	0.006647217	0.024601677	0.0261501528138894
A		B1_lineage_registered_idw									0.909454882144928					per_gene																											lratd1	-0.06965585	-0.008730997	-0.0069050565815999
A		B1_lineage_registered_idw									0.7233231067657471					per_gene																											mab21l2	-0.010633906	-0.015276005	-0.0109828635434547
A		B1_lineage_registered_idw									2.0123538970947266					per_gene																											mad1l1	0.032165047	0.12964313	0.1618023638247072
A		B1_lineage_registered_idw									0.9271805286407472					per_gene																											map1lc3b	-0.07899169	-0.03375759	-0.0433217189262101
A		B1_lineage_registered_idw									0.5639848709106445					per_gene																											map2k6	0.024352118	0.035310645	0.0400388257987151
A		B1_lineage_registered_idw									0.7752823829650879					per_gene																											mcama	0.005674578	0.050769635	0.0490697993123366
A		B1_lineage_registered_idw									0.5119935274124146					per_gene																											mcm2	0.075959004	0.18792197	0.1698749278514033
A		B1_lineage_registered_idw									0.6043150424957275					per_gene																											mcm3	0.16178086	0.28972912	0.2910867240691405
A		B1_lineage_registered_idw									0.5518567562103271					per_gene																											mcm4	0.084404044	0.25408113	0.2625176569302197
A		B1_lineage_registered_idw									0.5728875398635864					per_gene																											mcm5	0.18584499	0.096512176	0.0690976945083483
A		B1_lineage_registered_idw									0.2843453288078308					per_gene																											mcm7	0.28502893	0.4004853	0.3562846564746166
A		B1_lineage_registered_idw									0.8236360549926758					per_gene																											mef2d	0.12356485	0.051966093	0.048264663499989
A		B1_lineage_registered_idw									1.2357345819473269					per_gene																											meis1b	0.07742709	0.23339973	0.2124398721190861
A		B1_lineage_registered_idw									0.739910364151001					per_gene																											meis2a	0.12247553	0.016984781	0.020157197131511
A		B1_lineage_registered_idw									1.2003356218338013					per_gene																											meis3	-0.06941794	-0.029363463	-0.0201429847633994
A		B1_lineage_registered_idw									0.8927785158157349					per_gene																											meox1	0.0	0.033558685	0.0295547830523119
A		B1_lineage_registered_idw									0.7784992456436157					per_gene																											mespaa	-0.04593178	0.027743287	0.0176834050568345
A		B1_lineage_registered_idw									0.933449387550354					per_gene																											mespab	-0.006564396	0.14977472	0.1186218583292328
A		B1_lineage_registered_idw									0.8507909774780273					per_gene																											mgst3b	0.17385304	-0.026258104	-0.0304355991991553
A		B1_lineage_registered_idw									1.0275954008102417					per_gene																											mibp2	0.02389048	-0.02162075	-0.0145677398997679
A		B1_lineage_registered_idw									1.3784562349319458					per_gene																											mixl1	0.1534936	0.41052243	0.3804267196099837
A		B1_lineage_registered_idw									0.4113638997077942					per_gene																											mki67	0.045522973	0.0014333802	0.0009771732567065
A		B1_lineage_registered_idw									0.8495286107063293					per_gene																											mns1	0.07386697	0.008422824	0.010843829409105
A		B1_lineage_registered_idw									1.758663773536682					per_gene																											msgn1	0.088342965	0.08011206	0.0706311702186866
A		B1_lineage_registered_idw									1.9329417943954468					per_gene																											msx1b	-0.18103111	-0.21642582	-0.1983735631894876
A		B1_lineage_registered_idw									1.1212334632873535					per_gene																											msx3	-0.1609272	-0.13891694	-0.1403121113660521
A		B1_lineage_registered_idw									0.5543584227561951					per_gene																											mycb	-0.073000684	0.019274289	0.0137059825760889
A		B1_lineage_registered_idw									1.204821228981018					per_gene																											mych	-0.4988908	-0.19872409	-0.1342024968845603
A		B1_lineage_registered_idw									1.2492239475250244					per_gene																											mycla	0.123268485	0.27051058	0.2905396394819107
A		B1_lineage_registered_idw									1.1551728248596191					per_gene																											myclb	0.08217213	0.19918957	0.2160169910457167
A		B1_lineage_registered_idw									1.2603096961975098					per_gene																											mycn	0.1942353	0.29364684	0.3849873513090919
A		B1_lineage_registered_idw									0.7616464495658875					per_gene																											myf5	0.098069414	0.10450306	0.0876705317710012
A		B1_lineage_registered_idw									0.7845154404640198					per_gene																											myod1	0.10820817	0.04869365	0.039656605891503
A		B1_lineage_registered_idw									3.121571779251098					per_gene																											nanog	-0.08209639	0.03970388	0.0756232985619955
A		B1_lineage_registered_idw									1.8295170068740845					per_gene																											nanos3	-0.14761618	-0.02791412	-0.0352969923092996
A		B1_lineage_registered_idw									0.7416046261787415					per_gene																											nap1l1	0.17237286	0.088645354	0.0821355579738937
A		B1_lineage_registered_idw									1.1384062767028809					per_gene																											nasp	0.039604984	0.26247606	0.2894517593765824
A		B1_lineage_registered_idw									0.4605811834335327					per_gene																											ncapd2	0.12293876	0.303389	0.3204384054650075
A		B1_lineage_registered_idw									0.6393253803253174					per_gene																											nckap5l	-0.09164169	-0.07404716	-0.0669194055269997
A		B1_lineage_registered_idw									0.8377135992050171					per_gene																											ndr1	0.04043873	0.166896	0.1646996406361575
A		B1_lineage_registered_idw									0.973305881023407					per_gene																											ndr2	0.2926787	0.34884506	0.2772859021188524
A		B1_lineage_registered_idw									1.1468260288238523					per_gene																											ndufv3	0.054199256	0.09704958	0.0991894619385526
A		B1_lineage_registered_idw									1.4774200916290283					per_gene																											nid2a	0.08607561	0.070173204	0.0680126851660972
A		B1_lineage_registered_idw									0.7989519238471985					per_gene																											nip7	0.13993229	0.2090881	0.2475422723296469
A		B1_lineage_registered_idw									0.8603823781013489					per_gene																											nkx1.2la	0.003853615	0.031963967	0.0303643050237749
A		B1_lineage_registered_idw									0.6821749806404114					per_gene																											nkx2.2a	0.0033504546	0.037925582	0.036946406128946
A		B1_lineage_registered_idw									0.911142647266388					per_gene																											nkx2.5	0.094561584	0.023071414	0.0240749505185955
A		B1_lineage_registered_idw									0.9280595779418944					per_gene																											nog1	-0.006051416	0.05590253	0.0378922618135081
A		B1_lineage_registered_idw									0.4409194588661194					per_gene																											nop58	0.08517178	0.31011578	0.3142159499627579
A		B1_lineage_registered_idw									0.6352888345718384					per_gene																											notch1a	-0.028760483	-0.0038123957	0.0032803023790325
A		B1_lineage_registered_idw									2.120718479156494					per_gene																											noto	-0.4085911	0.22523308	0.2208503692662471
A		B1_lineage_registered_idw									0.9489019513130188					per_gene																											nr2f2	0.021337561	-0.026296515	-0.02980166556433
A		B1_lineage_registered_idw									0.7488856315612793					per_gene																											nr6a1a	0.068640254	0.014336699	0.0079633566682547
A		B1_lineage_registered_idw									1.7168219089508057					per_gene																											nrarpa	0.07646818	0.09425878	0.1119730084174569
A		B1_lineage_registered_idw									1.1100460290908811					per_gene																											nsd2	-0.062452186	0.18094727	0.1314827624067032
A		B1_lineage_registered_idw									0.8566164970397949					per_gene																											ntd5	0.101445824	0.007385079	0.0170596945350155
A		B1_lineage_registered_idw									2.082338333129883					per_gene																											oclna	0.044861075	0.07105053	0.075723677282106
A		B1_lineage_registered_idw									0.7480382919311523					per_gene																											olig4	0.030323328	-0.019419339	-0.0142523557390389
A		B1_lineage_registered_idw									0.9331044554710388					per_gene																											osr1	-0.04102368	0.27510834	0.2179832901819931
A		B1_lineage_registered_idw									1.5450087785720823					per_gene																											otx1	-0.07171515	0.032144167	0.0050195152640748
A		B1_lineage_registered_idw									0.9888991117477416					per_gene																											otx2a	-0.090536505	-0.07598652	-0.0823238402411856
A		B1_lineage_registered_idw									1.527549386024475					per_gene																											otx2b	0.05349968	0.012372075	0.0237309804069625
A		B1_lineage_registered_idw									0.6822511553764343					per_gene																											pax2a	0.07171034	0.060612373	0.0569824938656271
A		B1_lineage_registered_idw									0.9172817468643188					per_gene																											pax3a	0.077009305	0.030004945	0.0250329254977323
A		B1_lineage_registered_idw									0.8302611708641052					per_gene																											pax6a	0.13751239	0.08964716	0.0875772400205868
A		B1_lineage_registered_idw									0.8049347400665283					per_gene																											pax6b	0.09985398	0.060679168	0.0668866545425353
A		B1_lineage_registered_idw									0.6817712783813477					per_gene																											pbx1b	0.007658131	0.032153398	0.0285934998555458
A		B1_lineage_registered_idw									0.428872138261795					per_gene																											pbx4	0.11601095	0.08454452	0.090222274049325
A		B1_lineage_registered_idw									1.55518901348114					per_gene																											pcdh10b	0.03505139	0.19113481	0.1594140581823876
A		B1_lineage_registered_idw									0.6701135635375977					per_gene																											pcdh7b	0.030644216	0.013413614	0.0071429341449323
A		B1_lineage_registered_idw									0.5425930023193359					per_gene																											PCDH8	-0.01870103	-0.028545465	-0.0266711435413754
A		B1_lineage_registered_idw									0.9406785368919371					per_gene																											pcdh8	0.24681892	0.47104806	0.4579001185006685
A		B1_lineage_registered_idw									0.9092592000961304					per_gene																											pdap1a	0.13750379	-0.0049294787	0.0105311804411385
A		B1_lineage_registered_idw									1.1778794527053833					per_gene																											perp	0.08191483	0.019205777	0.0182597583961564
A		B1_lineage_registered_idw									1.3866924047470093					per_gene																											pfn2	0.08456041	0.06619176	0.0708206656209104
A		B1_lineage_registered_idw									0.7949215173721313					per_gene																											pitx2	0.08253178	0.05885287	0.0524615959665006
A		B1_lineage_registered_idw									0.8767587542533875					per_gene																											pknox1.1	0.25303975	0.4268448	0.4772872083797251
A		B1_lineage_registered_idw									0.8236759901046753					per_gene																											plagl2	-0.00579317	-0.02226614	-0.032558752532327
A		B1_lineage_registered_idw									0.915850043296814					per_gene																											plekhg5b	0.0309382	0.17569442	0.1831707275185819
A		B1_lineage_registered_idw									0.6809766888618469					per_gene																											pmp22b	-0.020184841	0.023723979	0.0242621811437972
A		B1_lineage_registered_idw									1.1831293106079102					per_gene																											pold3	0.08681293	0.043515973	0.0442761041861521
A		B1_lineage_registered_idw									0.7763554453849792					per_gene																											ppan	0.08155689	0.12172436	0.1472320404277783
A		B1_lineage_registered_idw									1.574912667274475					per_gene																											prickle1b	0.1588023	0.28827444	0.3323395315696715
A		B1_lineage_registered_idw									0.4359178841114044					per_gene																											prmt1	0.14497991	0.08431763	0.0818707961729668
A		B1_lineage_registered_idw									0.7954066395759583					per_gene																											prox1a	0.08423774	-0.0036560334	-0.0077249211306905
A		B1_lineage_registered_idw									1.079522967338562					per_gene																											ptp4a2b	-0.03091126	-0.037359636	-0.0365556877367892
A		B1_lineage_registered_idw									0.9186103940010072					per_gene																											pttg1	0.022015627	-0.02253754	-0.0378893632537769
A		B1_lineage_registered_idw									0.893923819065094					per_gene																											rab11fip4a	0.06582542	0.1168839	0.1296500697884115
A		B1_lineage_registered_idw									0.9411867260932922					per_gene																											rac1a	0.14366284	0.111467965	0.1273662014134719
A		B1_lineage_registered_idw									0.9142178893089294					per_gene																											raraa	0.0379432	0.07278357	0.0792808690629854
A		B1_lineage_registered_idw									1.728581428527832					per_gene																											rasgef1ba	-0.24074914	0.08846116	0.1530889938836957
A		B1_lineage_registered_idw									1.4206929206848145					per_gene																											rasl11b	-0.055864554	-0.042321943	-0.0455703655746232
A		B1_lineage_registered_idw									0.6851086616516113					per_gene																											rbbp4	0.14732723	0.31782803	0.3169425898143276
A		B1_lineage_registered_idw									0.6270544528961182					per_gene																											rbm4.3	0.30305493	0.14173922	0.1489393424930999
A		B1_lineage_registered_idw									1.6750941276550293					per_gene																											rbm7	0.02934824	0.042853806	0.0372667721661203
A		B1_lineage_registered_idw									0.443985253572464					per_gene																											rbmx	0.15389669	0.120683014	0.1277365457111291
A		B1_lineage_registered_idw									1.3047621250152588					per_gene																											rcc1	0.14309067	0.21760044	0.1965144364912863
A		B1_lineage_registered_idw									0.7856961488723755					per_gene																											rdh10b	0.017939197	0.010131292	0.0040015806451449
A		B1_lineage_registered_idw									0.7295591831207275					per_gene																											rfx2	0.12714031	0.059066318	0.0641740366055066
A		B1_lineage_registered_idw									0.8014147877693176					per_gene																											rhov	0.053491104	0.2364739	0.2723388235791246
A		B1_lineage_registered_idw									0.7761130332946777					per_gene																											ripply1	0.06125277	0.04462379	0.0432461327340406
A		B1_lineage_registered_idw									0.982775866985321					per_gene																											rnd1b	-0.12427699	-0.038736764	-0.0448260756141151
A		B1_lineage_registered_idw									1.2162655591964722					per_gene																											rpl10	-0.057259798	0.042193845	0.0464701501844366
A		B1_lineage_registered_idw									0.5508015751838684					per_gene																											rpl19	0.07180992	0.13662069	0.1628103041174818
A		B1_lineage_registered_idw									0.5225828886032104					per_gene																											rpl31	0.0042941365	0.070228085	0.066046145617243
A		B1_lineage_registered_idw									0.8028732538223267					per_gene																											rpl34	-0.05893176	-0.013880601	-0.0225696681841234
A		B1_lineage_registered_idw									0.7780578136444092					per_gene																											rpl38	0.044387627	0.02358773	0.0269561411312901
A		B1_lineage_registered_idw									0.9759358763694764					per_gene																											rpl4	0.2582353	0.058434084	0.0754444097833314
A		B1_lineage_registered_idw									1.0876857042312622					per_gene																											rpl5a	-0.10409443	-0.038811877	-0.0181596134494642
A		B1_lineage_registered_idw									0.4126087129116058					per_gene																											rpl6	0.0	0.08516453	0.0905891401063446
A		B1_lineage_registered_idw									0.3138926327228546					per_gene																											rplp0	0.015010659	0.12623683	0.1320055068431354
A		B1_lineage_registered_idw									0.8573322892189026					per_gene																											rplp2l	0.029139768	0.044709597	0.0656344758452393
A		B1_lineage_registered_idw									0.7750289440155029					per_gene																											rps3	0.064415045	0.07977187	0.085845708192147
A		B1_lineage_registered_idw									0.6152689456939697					per_gene																											rps6	0.04875735	0.24428564	0.2531629058706041
A		B1_lineage_registered_idw									1.483953833580017					per_gene																											rrbp1b	-0.09968582	-0.17142119	-0.1514357185726556
A		B1_lineage_registered_idw									1.1073222160339355					per_gene																											rreb1a	-0.05400281	-0.13363716	-0.1564752099094821
A		B1_lineage_registered_idw									0.8881593346595764					per_gene																											rreb1b	-0.0045559667	-0.045306474	-0.0470985349690507
A		B1_lineage_registered_idw									0.6308342814445496					per_gene																											rrm2	-0.08260489	0.30411276	0.278743748100195
A		B1_lineage_registered_idw									0.7563825845718384					per_gene																											rrp8	0.14346178	0.04909869	0.0491578986753492
A		B1_lineage_registered_idw									0.774550199508667					per_gene																											rx3	0.021085676	0.041047674	0.0390975846709072
A		B1_lineage_registered_idw									0.7420316338539124					per_gene																											rxraa	0.053677455	0.026866468	0.0213476171762497
A		B1_lineage_registered_idw									0.9516152143478394					per_gene																											rxrgb	0.13503166	0.041172244	0.0488883115648024
A		B1_lineage_registered_idw									0.7387617826461792					per_gene																											sall1a	0.14814705	0.16048452	0.1461041290062124
A		B1_lineage_registered_idw									0.807225227355957					per_gene																											sall3a	0.06444784	0.06022426	0.0693391431132769
A		B1_lineage_registered_idw									1.0730541944503784					per_gene																											sall3b	0.17848107	0.2771919	0.2611113864003587
A		B1_lineage_registered_idw									0.8767179846763611					per_gene																											sdc4	0.080311015	0.0776639	0.083661484870713
A		B1_lineage_registered_idw									0.7029212117195129					per_gene																											sebox	-0.043845724	0.22855449	0.1854738770294139
A		B1_lineage_registered_idw									1.8210532665252688					per_gene																											sept9a	0.0038374788	-0.08576797	-0.0508521574189496
A		B1_lineage_registered_idw									0.9104986190795898					per_gene																											shha	0.16554278	0.044557143	0.0372218343556136
A		B1_lineage_registered_idw									0.9294254183769226					per_gene																											si:ch211-106e7.2	0.1395515	0.10871676	0.1119845377650668
A		B1_lineage_registered_idw									0.7311301231384277					per_gene																											si:ch211-113a14.12	0.12048512	-0.01380003	-0.0161886700808668
A		B1_lineage_registered_idw									0.804940402507782					per_gene																											si:ch211-113a14.18	-0.044251952	0.026560372	0.018767421259145
A		B1_lineage_registered_idw									0.8038263916969299					per_gene																											si:ch211-114n24.6	0.029892202	0.0039611636	0.0051790759185656
A		B1_lineage_registered_idw									0.5132128596305847					per_gene																											si:ch211-155e24.3	0.112684235	0.21897681	0.237191682152573
A		B1_lineage_registered_idw									0.6056520342826843					per_gene																											si:ch211-161h7.4	0.018392514	0.11526172	0.1366439444360347
A		B1_lineage_registered_idw									0.4715073704719543					per_gene																											si:ch211-163l21.7	0.036896974	0.016516708	0.0185693979950637
A		B1_lineage_registered_idw									0.9796165227890016					per_gene																											si:dkey-108k21.14	0.10734187	0.18710373	0.1391224696560324
A		B1_lineage_registered_idw									0.5876108407974243					per_gene																											si:dkey-108k21.21	0.024028944	0.012143738	0.0200557846640944
A		B1_lineage_registered_idw									1.1981202363967896					per_gene																											si:dkey-261h17.1	-0.025678644	-0.19046055	-0.1948177043096055
A		B1_lineage_registered_idw									0.7220750451087952					per_gene																											si:dkey-261m9.12	0.07303415	0.22250587	0.1733932406961244
A		B1_lineage_registered_idw									0.5280343890190125					per_gene																											si:dkey-66i24.9	0.0065839887	0.03591208	0.0445946432730128
A		B1_lineage_registered_idw									1.6329989433288574					per_gene																											si:dkey-68o6.5	0.08119031	-0.042273596	-0.0535963623701035
A		B1_lineage_registered_idw									0.6837040185928345					per_gene																											si:dkey-92i17.2	0.1158627	-0.00012490142	-0.005350623376752
A		B1_lineage_registered_idw									0.7064896821975708					per_gene																											six3b	0.05556046	-0.013256772	-0.0154495823691139
A		B1_lineage_registered_idw									1.5451774597167969					per_gene																											six4a	-0.075654745	-0.0830717	-0.0820158711941193
A		B1_lineage_registered_idw									1.0403356552124023					per_gene																											six4b	-0.0058157383	0.0077355793	0.0129065665150724
A		B1_lineage_registered_idw									0.9344611167907716					per_gene																											six7	0.110436715	0.06648747	0.0747266340913039
A		B1_lineage_registered_idw									0.8929897546768188					per_gene																											skia	0.14860155	0.09644602	0.0723693134364081
A		B1_lineage_registered_idw									0.7710326313972473					per_gene																											skila	0.013394353	0.025488332	0.0292922926871033
A		B1_lineage_registered_idw									0.9109396934509276					per_gene																											skilb	0.139759	0.09466548	0.1068355538568384
A		B1_lineage_registered_idw									1.3127952814102173					per_gene																											smtnl	0.08001706	0.11506929	0.0939853045109581
A		B1_lineage_registered_idw									1.5848921537399292					per_gene																											snai1a	-0.18824165	-0.005318476	-0.0621108897690203
A		B1_lineage_registered_idw									2.4848854541778564					per_gene																											snai2	0.10717426	0.30909213	0.3852934309410861
A		B1_lineage_registered_idw									0.743000328540802					per_gene																											snrpc	0.04388555	0.043580376	0.0585065728761903
A		B1_lineage_registered_idw									0.718297004699707					per_gene																											snrpd3	0.062128983	0.013434823	0.0129628854148591
A		B1_lineage_registered_idw									0.7748863101005554					per_gene																											snrpg	0.0	-0.0074543334	-0.0011507796857486
A		B1_lineage_registered_idw									0.633169949054718					per_gene																											sox10	0.11980284	0.00891622	0.0102467273910301
A		B1_lineage_registered_idw									1.2799232006072998					per_gene																											sox11a	0.09595381	0.5036765	0.4882605098607797
A		B1_lineage_registered_idw									0.6598698496818542					per_gene																											sox11b	-0.049518146	-0.1259448	-0.1787033844270488
A		B1_lineage_registered_idw									1.0597552061080933					per_gene																											sox13	0.018795958	0.0060654893	0.0100314279000317
A		B1_lineage_registered_idw									0.8280273079872131					per_gene																											sox17	0.0	-0.03602745	-0.0503858542722564
A		B1_lineage_registered_idw									1.4952003955841064					per_gene																											sox19a	0.23192495	0.70474374	0.6584323413134253
A		B1_lineage_registered_idw									1.6526095867156982					per_gene																											sox2	0.03411931	-0.047599886	-0.0620992183477824
A		B1_lineage_registered_idw									1.4306577444076538					per_gene																											sox3	0.0004434501	0.39255494	0.3130489683239252
A		B1_lineage_registered_idw									1.5188210010528564					per_gene																											sox32	0.07366609	0.3136205	0.2431430946346377
A		B1_lineage_registered_idw									1.192217469215393					per_gene																											sox5	-0.20446838	-0.16554165	-0.1682438274727224
A		B1_lineage_registered_idw									0.6786599159240723					per_gene																											sp5a	-0.042102303	0.03272141	0.0213143778822113
A		B1_lineage_registered_idw									2.053306818008423					per_gene																											sp5l	-0.23112674	-0.21588114	-0.2780897142363103
A		B1_lineage_registered_idw									0.4747504591941833					per_gene																											spon1b	0.041667894	-0.0005550194	-0.0015164104890195
A		B1_lineage_registered_idw									0.8148120045661926					per_gene																											srp19	0.07008896	-0.028714778	-0.0241602278798669
A		B1_lineage_registered_idw									1.0235084295272827					per_gene																											srrm4	-0.028084205	-0.03181897	-0.026582333414769
A		B1_lineage_registered_idw									0.6761739253997803					per_gene																											stmn1a	0.041735664	0.05975856	0.064338480140746
A		B1_lineage_registered_idw									0.7523942589759827					per_gene																											stox1	-0.046968665	0.008255671	0.0076450515945362
A		B1_lineage_registered_idw									0.2637816369533539					per_gene																											supt16h	0.18536113	0.3129999	0.311617565510615
A		B1_lineage_registered_idw									1.0398491621017456					per_gene																											syne2b	0.1651727	0.20497507	0.1970736539979866
A		B1_lineage_registered_idw									1.3354885578155518					per_gene																											szl	-0.45899713	-0.35187826	-0.3363445117470774
A		B1_lineage_registered_idw									1.1631498336791992					per_gene																											tagln2	0.011403159	-0.017863289	-0.0223970348431226
A		B1_lineage_registered_idw									0.605504035949707					per_gene																											tbr1b	0.021317158	-0.0025853477	-0.0007529811236742
A		B1_lineage_registered_idw									0.79124516248703					per_gene																											tbx1	0.042856842	0.14403972	0.1385928797317006
A		B1_lineage_registered_idw									2.434368133544922					per_gene																											tbx16	-0.0683599	0.23629774	0.2350106290331132
A		B1_lineage_registered_idw									1.8884660005569456					per_gene																											tbx16l	0.23697822	0.3768516	0.3235994206888742
A		B1_lineage_registered_idw									1.0131288766860962					per_gene																											tbx3b	-0.0063544163	-0.038227934	-0.0422006022747793
A		B1_lineage_registered_idw									0.9878042340278624					per_gene																											tbx6	0.013797054	-0.017321933	-0.0249009736709567
A		B1_lineage_registered_idw									1.634731650352478					per_gene																											tbxta	0.083019525	0.5344575	0.5688233591076237
A		B1_lineage_registered_idw									1.2569448947906494					per_gene																											tbxtb	0.09239874	0.07361142	0.098744917211522
A		B1_lineage_registered_idw									0.6137988567352295					per_gene																											tcf3b	0.3145088	0.5375746	0.5721001980023478
A		B1_lineage_registered_idw									1.3880642652511597					per_gene																											tcf7	0.0016166515	0.03266923	0.0271379294974323
A		B1_lineage_registered_idw									1.1130435466766355					per_gene																											tcf7l1a	0.15140416	0.337558	0.3886011549109677
A		B1_lineage_registered_idw									1.0756646394729614					per_gene																											tcf7l1b	0.06855408	0.28347215	0.2805634493149874
A		B1_lineage_registered_idw									0.9619354605674744					per_gene																											tcf7l2	0.036537763	0.005255725	0.0065045899542658
A		B1_lineage_registered_idw									1.653677225112915					per_gene																											tdgf1	-0.3180461	-0.22273636	-0.2326805861267817
A		B1_lineage_registered_idw									0.9004533886909485					per_gene																											tead1a	0.06608269	0.012787659	0.0116687856889017
A		B1_lineage_registered_idw									0.8065203428268433					per_gene																											tead1b	0.03834964	0.038648956	0.0377740063701871
A		B1_lineage_registered_idw									1.7816789150238037					per_gene																											tfap2a	-0.0006063384	0.052310266	0.0552030453802667
A		B1_lineage_registered_idw									2.137727975845337					per_gene																											tfap2c	0.0	-0.15594837	-0.1491623819610731
A		B1_lineage_registered_idw									0.4943402409553528					per_gene																											tgif1	0.048810326	0.025515713	0.0320362106696726
A		B1_lineage_registered_idw									0.6975477933883667					per_gene																											tlcd5a	-0.11114517	-0.08832822	-0.1047978906282801
A		B1_lineage_registered_idw									0.7861719131469727					per_gene																											tmed10	0.048550837	-0.029723646	-0.0254732985793807
A		B1_lineage_registered_idw									0.8686925768852234					per_gene																											tmed2	0.12142449	0.014044723	0.0087047947104154
A		B1_lineage_registered_idw									1.3354884386062622					per_gene																											tp63	-0.10184271	-0.10795557	-0.0617307991413704
A		B1_lineage_registered_idw									1.2327468395233154					per_gene																											tph1b	-0.30404744	0.13291797	0.1773044608079692
A		B1_lineage_registered_idw									0.7578938007354736					per_gene																											tpx2	0.027893743	0.021607887	0.0189986237685213
A		B1_lineage_registered_idw									0.9792919754981996					per_gene																											tram1	-0.06774667	-0.093827315	-0.0722863280079735
A		B1_lineage_registered_idw									0.8265159726142883					per_gene																											trps1	-0.047062945	-0.023385402	-0.0221230467577332
A		B1_lineage_registered_idw									0.9159120321273804					per_gene																											tshz3b	0.020121822	-0.038649853	-0.0411894518068899
A		B1_lineage_registered_idw									2.050424098968506					per_gene																											tuba1a	-0.07972533	-0.0523453	-0.0546820840818934
A		B1_lineage_registered_idw									0.9315812587738036					per_gene																											tuba8l	0.110746026	0.02377261	0.0239706155708846
A		B1_lineage_registered_idw									1.3900742530822754					per_gene																											tuba8l2	-0.19200191	-0.28782675	-0.2983098787901203
A		B1_lineage_registered_idw									0.2919926941394806					per_gene																											tuba8l4	0.20965524	0.38769263	0.3881657485796003
A		B1_lineage_registered_idw									0.3919061720371246					per_gene																											tubb2b	-0.09363539	0.02792444	0.0077484967448678
A		B1_lineage_registered_idw									0.6121814846992493					per_gene																											twist1a	0.0	0.0049950886	0.0039952024076001
A		B1_lineage_registered_idw									0.811785876750946					per_gene																											twist2	0.013504307	0.02832038	-0.010296091379953
A		B1_lineage_registered_idw									0.8206191062927246					per_gene																											ube2c	0.05756856	0.0034055298	0.0081034073319163
A		B1_lineage_registered_idw									0.918201744556427					per_gene																											uhrf1	0.23457834	0.41527817	0.4375959215956721
A		B1_lineage_registered_idw									0.8782054781913757					per_gene																											uncx4.1	-0.04342746	0.0064065964	0.0095400096157717
A		B1_lineage_registered_idw									1.1049567461013794					per_gene																											unga	0.018015333	0.064429514	0.0631999890224969
A		B1_lineage_registered_idw									0.8697033524513245					per_gene																											usf1	0.046221804	0.0137082925	0.0191225441237503
A		B1_lineage_registered_idw									1.427904725074768					per_gene																											ved	0.0	-0.35240698	-0.340723403514774
A		B1_lineage_registered_idw									3.163534879684448					per_gene																											vgll4l	-0.12238262	-0.04728137	-0.0513688992324111
A		B1_lineage_registered_idw									0.8513507843017578					per_gene																											vox	-0.009796185	-0.043126777	-0.0393705861873885
A		B1_lineage_registered_idw									0.5117835998535156					per_gene																											vrtn	0.08328796	0.46161664	0.5106832279188446
A		B1_lineage_registered_idw									0.6616343855857849					per_gene																											vsx2	0.040728144	0.072617084	0.0721823372936135
A		B1_lineage_registered_idw									1.20210063457489					per_gene																											wnt11f2	0.08057891	0.41364405	0.4293376626192978
A		B1_lineage_registered_idw									1.1539175510406494					per_gene																											wnt8a	-0.084117696	-0.14180622	-0.1710632543096872
A		B1_lineage_registered_idw									1.3733417987823486					per_gene																											xbp1	-0.08648633	0.12716383	0.1241730063963133
A		B1_lineage_registered_idw									1.349379301071167					per_gene																											ypel3	-0.11767285	-0.048247717	-0.0466020029570178
A		B1_lineage_registered_idw									0.849002480506897					per_gene																											zbtb18	0.07122697	0.013990293	0.0135179493487902
A		B1_lineage_registered_idw									0.7682056427001953					per_gene																											zc4h2	-0.03465445	-0.07717567	-0.0964011091993454
A		B1_lineage_registered_idw									1.1340219974517822					per_gene																											zeb1a	-0.33771613	-0.16243434	-0.2004102326486669
A		B1_lineage_registered_idw									1.3796766996383667					per_gene																											zeb1b	0.08751434	-0.0031348215	-0.0097960292320627
A		B1_lineage_registered_idw									0.8100882768630981					per_gene																											zeb2a	0.011539033	0.004993629	0.0006793935441657
A		B1_lineage_registered_idw									1.1673357486724854					per_gene																											zeb2b	-0.21902032	-0.06995288	-0.0728409839458223
A		B1_lineage_registered_idw									0.705445408821106					per_gene																											zfand5a	-0.106137425	-0.12329526	-0.1326984650219133
A		B1_lineage_registered_idw									0.6504929065704346					per_gene																											zgc:113372	0.042767473	0.012126093	0.0120777406774021
A		B1_lineage_registered_idw									0.6171586513519287					per_gene																											zgc:174154	0.026965234	0.072666496	0.0678718451485413
A		B1_lineage_registered_idw									0.7696325778961182					per_gene																											zgc:175088	-0.0034086371	0.030351922	0.0233006838221912
A		B1_lineage_registered_idw									1.5315392017364502					per_gene																											zic2a	-0.092169404	0.10664845	0.0694840445972406
A		B1_lineage_registered_idw									1.330414891242981					per_gene																											zic2b	0.027472576	0.15346399	0.1282326470682195
A		B1_lineage_registered_idw									0.6766838431358337					per_gene																											zmp:0000000624	0.054319255	-0.00026387325	0.0156413224968251
A		B1_lineage_registered_idw									0.7485117316246033					per_gene																											znf1004	0.1020895	0.25897285	0.2020988564614302
A		B1_lineage_registered_idw									1.4534012079238892					per_gene																											znf185	0.122392505	0.047258697	0.0556375358412557
A		B1_lineage_registered_idw									0.662665605545044					per_gene																											znf576.2	0.035146113	0.08521429	0.0971193915721712
A		B1_lineage_registered_idw									1.3500981330871582					per_gene																											znfl2a	0.18694295	0.36649057	0.3972652184813484
A		B1_lineage_registered_idw									0.5875959396362305					per_gene																											zswim5	0.1880867	0.501089	0.4892233156862493
A		B2_lineage_early_map									1.4419431686401367					per_gene																											ackr3b	0.0	-0.026091339	-0.0358690646944312
A		B2_lineage_early_map									1.2132000923156738					per_gene																											acvr1ba	0.0	0.3694826	0.4202793530945567
A		B2_lineage_early_map									1.114675760269165					per_gene																											add3b	0.0	0.27634868	0.2581764269131141
A		B2_lineage_early_map									0.6037036776542664					per_gene																											adka	0.0	0.3717432	0.4327753485134435
A		B2_lineage_early_map									1.6741507053375244					per_gene																											admp	0.0	-0.2787273	-0.2862304512659477
A		B2_lineage_early_map									0.7657561302185059					per_gene																											ahi1	0.0	0.042739548	0.0381014706842449
A		B2_lineage_early_map									0.2861769795417785					per_gene																											akap12b	0.0	0.10268951	0.1148781574251771
A		B2_lineage_early_map									1.544805884361267					per_gene																											alcamb	0.0	0.4917095	0.4879318098890687
A		B2_lineage_early_map									0.4594923555850982					per_gene																											aldob	0.0	0.3645815	0.4286323834769301
A		B2_lineage_early_map									0.4708236157894134					per_gene																											anp32e	0.0	0.085264646	0.0910800342387662
A		B2_lineage_early_map									0.7902056574821472					per_gene																											apex1	0.0	-0.005598891	-0.0044245191727864
A		B2_lineage_early_map									1.0842453241348269					per_gene																											aplnra	0.0	0.12608139	0.1480441557134036
A		B2_lineage_early_map									0.9046106338500975					per_gene																											aplnrb	0.0	0.034986775	0.0388535252627635
A		B2_lineage_early_map									1.3380457162857056					per_gene																											apoc1	0.0	0.26607314	0.2697692223736782
A		B2_lineage_early_map									0.4614936113357544					per_gene																											arf5	0.0	-0.0077337003	-0.0008137828801482
A		B2_lineage_early_map									0.7403680682182312					per_gene																											arhgap5	0.0	0.02378096	0.0234271572825304
A		B2_lineage_early_map									0.7289020419120789					per_gene																											arl4aa	0.0	0.061102424	0.0540173436725456
A		B2_lineage_early_map									0.9637309312820436					per_gene																											arl4ab	0.0	0.096039355	0.0974165212140901
A		B2_lineage_early_map									0.9788973331451416					per_gene																											arl4d	0.0	0.2456995	0.2564916831528841
A		B2_lineage_early_map									0.762120246887207					per_gene																											arl6ip5a	0.0	0.120357014	0.1211833167469815
A		B2_lineage_early_map									0.8067569136619568					per_gene																											aspm	0.0	-0.002666733	0.0052589130100919
A		B2_lineage_early_map									0.8102383613586426					per_gene																											atf6	0.0	-0.06288446	-0.0577074144600078
A		B2_lineage_early_map									0.5432872176170349					per_gene																											atoh1c	0.0	0.05560569	0.0591313891857886
A		B2_lineage_early_map									0.9473216533660888					per_gene																											atp2b1a	0.0	-0.1633645	-0.1618927155807668
A		B2_lineage_early_map									0.3520350754261017					per_gene																											atrxl	0.0	-0.052764647	-0.0671605939851341
A		B2_lineage_early_map									0.5264564752578735					per_gene																											aurkb	0.0	0.099020496	0.1074494164643269
A		B2_lineage_early_map									0.9198517203330994					per_gene																											axin2	0.0	0.053345595	0.046239488603598
A		B2_lineage_early_map									0.7459547519683838					per_gene																											bach1b	0.0	0.057556782	0.0519392452961436
A		B2_lineage_early_map									1.737760305404663					per_gene																											bambia	0.0	-0.44612247	-0.4719021230466032
A		B2_lineage_early_map									0.7360749840736389					per_gene																											baz1b	0.0	0.09354373	0.1063501778695863
A		B2_lineage_early_map									0.7862230539321899					per_gene																											bcl2l1	0.0	0.027649375	0.0296213828468909
A		B2_lineage_early_map									0.7060777544975281					per_gene																											bhlha15	0.0	0.031988505	0.0344779691295391
A		B2_lineage_early_map									0.82062166929245					per_gene																											blf	0.0	-0.020037368	-0.0243244863042037
A		B2_lineage_early_map									1.6636241674423218					per_gene																											bmp2b	0.0	-0.35935277	-0.4062543273953975
A		B2_lineage_early_map									1.380948185920715					per_gene																											bmp4	0.0	-0.29392424	-0.313917059851884
A		B2_lineage_early_map									1.4013442993164062					per_gene																											bmp7a	0.0	-0.3198256	-0.3441393946400758
A		B2_lineage_early_map									0.7324244976043701					per_gene																											brd2a	0.0	-0.0012822296	0.0145472371143569
A		B2_lineage_early_map									1.0671395063400269					per_gene																											btg2	0.0	-0.008346265	-0.0073073327164633
A		B2_lineage_early_map									0.6181368231773376					per_gene																											c1qbp	0.0	0.113350436	0.1121030087164672
A		B2_lineage_early_map									0.7358300685882568					per_gene																											C7H16orf87	0.0	0.0021324302	0.0012769958349992
A		B2_lineage_early_map									0.9812864065170288					per_gene																											ca9	0.0	0.095533006	0.0871066270848363
A		B2_lineage_early_map									0.8324286937713623					per_gene																											casz1	0.0	0.044998035	0.0421283569535707
A		B2_lineage_early_map									0.4116102755069732					per_gene																											cbx3a	0.0	0.22206467	0.2442346039814922
A		B2_lineage_early_map									0.4276837110519409					per_gene																											cbx5	0.0	0.1934899	0.1983147063478006
A		B2_lineage_early_map									1.0139729976654053					per_gene																											ccne2	0.0	-0.016963601	-0.0146182017761872
A		B2_lineage_early_map									1.3815306425094604					per_gene																											ccnf	0.0	-0.11235272	-0.0881562702450032
A		B2_lineage_early_map									0.7074189186096191					per_gene																											ccng1	0.0	0.011165922	0.0154879447628521
A		B2_lineage_early_map									0.8212872743606567					per_gene																											cd63	0.0	0.008371807	0.0093511167012326
A		B2_lineage_early_map									0.7984116673469543					per_gene																											cdc14b	0.0	-0.11612308	-0.1090084789854361
A		B2_lineage_early_map									0.5261592864990234					per_gene																											cdca8	0.0	0.11408874	0.1193543228154189
A		B2_lineage_early_map									0.9059985876083374					per_gene																											cdh1	0.0	0.36679453	0.3690687378713068
A		B2_lineage_early_map									1.0633105039596558					per_gene																											cdh2	0.0	0.018627716	0.0079329499963908
A		B2_lineage_early_map									0.9760125279426576					per_gene																											cdh6	0.0	0.06678326	0.0674541915186973
A		B2_lineage_early_map									0.9494851231575012					per_gene																											cdkn1ca	0.0	0.023069074	0.0082644517602282
A		B2_lineage_early_map									0.8275339603424072					per_gene																											cdt1	0.0	0.011196456	-0.0011406773409274
A		B2_lineage_early_map									1.2839765548706057					per_gene																											cdx1a	0.0	0.051654544	0.0558039935795119
A		B2_lineage_early_map									2.478822469711304					per_gene																											cdx4	0.0	0.15034561	0.1210911891314962
A		B2_lineage_early_map									0.5497828722000122					per_gene																											cenpf	0.0	0.1585256	0.1688928848324669
A		B2_lineage_early_map									0.6403063535690308					per_gene																											cfl1l	0.0	0.03149644	0.0314476476583475
A		B2_lineage_early_map									0.9644997715950012					per_gene																											chaf1a	0.0	0.028824098	0.0316588938027441
A		B2_lineage_early_map									1.0897514820098877					per_gene																											chst11	0.0	0.034211006	0.0414359033238328
A		B2_lineage_early_map									2.539412260055542					per_gene																											cldnd	0.0	-0.08555069	-0.0752354150336344
A		B2_lineage_early_map									0.7889407277107239					per_gene																											clic4	0.0	0.23921911	0.2643821087271752
A		B2_lineage_early_map									0.7470978498458862					per_gene																											clocka	0.0	0.030678649	0.0300754130181718
A		B2_lineage_early_map									0.853143572807312					per_gene																											cmtm6	0.0	-0.05131066	-0.0646820228976255
A		B2_lineage_early_map									0.7399192452430725					per_gene																											cnmd	0.0	-0.008972436	-0.0029816065083754
A		B2_lineage_early_map									0.7803937196731567					per_gene																											cnn3a	0.0	-0.006507427	-0.0122079175863733
A		B2_lineage_early_map									0.772796630859375					per_gene																											coq10b	0.0	0.05699358	0.055559408442084
A		B2_lineage_early_map									1.7878477573394775					per_gene																											crabp2b	0.0	0.48227236	0.5386791363607293
A		B2_lineage_early_map									0.9309259057044984					per_gene																											creb3l1	0.0	-0.0013878492	-0.0055288434158368
A		B2_lineage_early_map									0.8362951278686523					per_gene																											creb3l2	0.0	-0.0397563	-0.0347665279795986
A		B2_lineage_early_map									1.278532862663269					per_gene																											csrp1a	0.0	0.025637453	0.0259815738196295
A		B2_lineage_early_map									0.8681045174598694					per_gene																											cst3	0.0	0.13161287	0.1260165076984605
A		B2_lineage_early_map									0.6599507927894592					per_gene																											ctcf	0.0	0.17400567	0.1680121047129245
A		B2_lineage_early_map									2.4065101146698					per_gene																											cth1	0.0	0.12782285	0.1028158137611525
A		B2_lineage_early_map									0.7509039640426636					per_gene																											CU570769.1	0.0	-0.0037002182	-0.0076848050020703
A		B2_lineage_early_map									0.8293747305870056					per_gene																											cux1a	0.0	0.019935189	0.0246065316418707
A		B2_lineage_early_map									0.7462244629859924					per_gene																											cxcl12b	0.0	0.041784562	0.0414525146720672
A		B2_lineage_early_map									1.6875686645507812					per_gene																											cxcr4a	0.0	0.16852075	0.1788004366181601
A		B2_lineage_early_map									1.2557817697525024					per_gene																											dact2	0.0	0.36869368	0.4023927492255898
A		B2_lineage_early_map									0.8141198754310608					per_gene																											dand5	0.0	0.013615509	0.0135416557933048
A		B2_lineage_early_map									0.8998661637306213					per_gene																											dbx1a	0.0	0.033029906	0.0229954864825275
A		B2_lineage_early_map									1.4845179319381714					per_gene																											ddx4	0.0	0.39079952	0.4175382059773841
A		B2_lineage_early_map									0.7040749788284302					per_gene																											dharma	0.0	0.0093938	0.0139960059478714
A		B2_lineage_early_map									0.2735157012939453					per_gene																											dkc1	0.0	0.3676746	0.3735625948847925
A		B2_lineage_early_map									0.6919034719467163					per_gene																											dkk1b	0.0	0.19840336	0.1694691786576509
A		B2_lineage_early_map									1.8828465938568115					per_gene																											dld	0.0	0.39086145	0.3911147378296926
A		B2_lineage_early_map									0.3066750168800354					per_gene																											dlgap5	0.0	0.1531833	0.1746610044064907
A		B2_lineage_early_map									1.7420302629470823					per_gene																											dlx3b	0.0	0.16383307	0.1592129633296257
A		B2_lineage_early_map									0.5420944690704346					per_gene																											dmd	0.0	0.14239126	0.1330988722819881
A		B2_lineage_early_map									1.452050805091858					per_gene																											drll.2	0.0	0.41122332	0.3687315815612605
A		B2_lineage_early_map									1.2868245840072632					per_gene																											drll.3	0.0	0.09445943	0.080028015938979
A		B2_lineage_early_map									0.6496895551681519					per_gene																											dscc1	0.0	0.01141567	0.0128847438677055
A		B2_lineage_early_map									0.8137452006340027					per_gene																											dync1li1	0.0	0.05184044	0.0517215285148631
A		B2_lineage_early_map									0.8452126383781433					per_gene																											dynll2b	0.0	0.03537753	0.0427495257939907
A		B2_lineage_early_map									0.7264544367790222					per_gene																											ednraa	0.0	0.042412646	0.0511145029178622
A		B2_lineage_early_map									0.9115181565284728					per_gene																											efna1a	0.0	0.26309618	0.2282174863165452
A		B2_lineage_early_map									0.8952945470809937					per_gene																											efnb2a	0.0	0.21086569	0.1719125898677067
A		B2_lineage_early_map									1.5844762325286863					per_gene																											efnb2b	0.0	0.27474076	0.2530723195837338
A		B2_lineage_early_map									0.9372724294662476					per_gene																											egln1b	0.0	-0.04241296	-0.030397788079796
A		B2_lineage_early_map									0.5112252235412598					per_gene																											eif3ea	0.0	0.06272311	0.0718407801579205
A		B2_lineage_early_map									0.8231928944587708					per_gene																											elavl3	0.0	0.014720319	0.0191822428727513
A		B2_lineage_early_map									1.2875168323516846					per_gene																											elf1	0.0	0.094381444	0.1036251792409198
A		B2_lineage_early_map									0.8104169964790344					per_gene																											elob	0.0	-0.026887875	-0.0290936989692176
A		B2_lineage_early_map									0.7748626470565796					per_gene																											emid1	0.0	0.023320386	0.0293877445330855
A		B2_lineage_early_map									0.7427600026130676					per_gene																											emx2	0.0	0.022213332	0.0266192767344983
A		B2_lineage_early_map									0.9530885219573976					per_gene																											emx3	0.0	0.004140921	0.0030736970948705
A		B2_lineage_early_map									0.9688987135887146					per_gene																											epcam	0.0	-0.060320184	-0.0639513632969705
A		B2_lineage_early_map									1.0832715034484863					per_gene																											epha2a	0.0	0.3414106	0.3068224885909748
A		B2_lineage_early_map									1.5010751485824585					per_gene																											ephb3a	0.0	0.05346415	0.0620509935748557
A		B2_lineage_early_map									1.1226260662078855					per_gene																											eppk1	0.0	0.04379909	0.0398566734348321
A		B2_lineage_early_map									0.4686603248119354					per_gene																											erf	0.0	-0.1581788	-0.1688994496012501
A		B2_lineage_early_map									0.8322917222976685					per_gene																											esrra	0.0	-0.03996846	-0.0549435470856093
A		B2_lineage_early_map									1.155980348587036					per_gene																											ets2	0.0	0.24098316	0.1534313416724303
A		B2_lineage_early_map									0.57086181640625					per_gene																											etv2	0.0	0.025774417	0.0278442058126882
A		B2_lineage_early_map									0.8331974148750305					per_gene																											etv4	0.0	0.26285282	0.3198562053183197
A		B2_lineage_early_map									0.9508684277534484					per_gene																											etv5a	0.0	0.029766195	0.0409614276696984
A		B2_lineage_early_map									0.533363401889801					per_gene																											etv5b	0.0	0.19642116	0.2446765447655403
A		B2_lineage_early_map									1.551680564880371					per_gene																											eve1	0.0	0.23998861	0.2718817802599905
A		B2_lineage_early_map									0.7537804245948792					per_gene																											f11r.1	0.0	-0.030805971	-0.0365714835304789
A		B2_lineage_early_map									0.9270024299621582					per_gene																											fbln2	0.0	-0.057247873	-0.0364393050297328
A		B2_lineage_early_map									1.0579252243041992					per_gene																											fezf2	0.0	-0.05957271	-0.0104463789350307
A		B2_lineage_early_map									1.0690126419067385					per_gene																											fgf8a	0.0	0.05726312	0.1013895700646622
A		B2_lineage_early_map									1.3536971807479858					per_gene																											flrt3	0.0	0.4642632	0.4701061902042208
A		B2_lineage_early_map									1.5932374000549316					per_gene																											fn1a	0.0	-0.10405229	-0.122088296084393
A		B2_lineage_early_map									1.1339610815048218					per_gene																											fn1b	0.0	-0.09310061	-0.1045933684260266
A		B2_lineage_early_map									1.6211812496185305					per_gene																											fnbp1l	0.0	-0.010894516	-0.0066479211626435
A		B2_lineage_early_map									0.6031184792518616					per_gene																											fosab	0.0	0.10414804	0.101993092882219
A		B2_lineage_early_map									1.0481113195419312					per_gene																											foxa	0.0	0.33371013	0.298904358162718
A		B2_lineage_early_map									0.9736212491989136					per_gene																											foxa2	0.0	0.16448909	0.1413416319095829
A		B2_lineage_early_map									1.4732601642608645					per_gene																											foxa3	0.0	0.35925558	0.341860790800911
A		B2_lineage_early_map									1.338382601737976					per_gene																											foxb1a	0.0	0.19268948	0.176962924152128
A		B2_lineage_early_map									0.8575938940048218					per_gene																											foxb1b	0.0	-0.046293218	-0.0282995849262687
A		B2_lineage_early_map									1.7198225259780884					per_gene																											foxc1a	0.0	0.40467834	0.3698884872043041
A		B2_lineage_early_map									0.8983412384986877					per_gene																											foxc1b	0.0	0.067453146	0.067449168818171
A		B2_lineage_early_map									1.6180518865585327					per_gene																											foxd3	0.0	0.23894072	0.2083324937121483
A		B2_lineage_early_map									1.8236124515533447					per_gene																											foxd5	0.0	0.34546486	0.3647301835877326
A		B2_lineage_early_map									0.6302396059036255					per_gene																											foxg1a	0.0	0.037960574	0.0431977289816986
A		B2_lineage_early_map									1.0191915035247805					per_gene																											foxh1	0.0	0.37114736	0.4599609586248412
A		B2_lineage_early_map									1.6355116367340088					per_gene																											foxi1	0.0	0.07006631	0.08399693440662
A		B2_lineage_early_map									0.90370774269104					per_gene																											foxn2b	0.0	-0.124053694	-0.1374699425242931
A		B2_lineage_early_map									0.4105300605297088					per_gene																											foxo1a	0.0	0.048139606	0.0474663754201477
A		B2_lineage_early_map									0.9236817955970764					per_gene																											foxp1b	0.0	-0.0028606872	-0.001283104031629
A		B2_lineage_early_map									1.1357858180999756					per_gene																											foxp2	0.0	-0.014149556	-0.0165291848234711
A		B2_lineage_early_map									0.8655312061309814					per_gene																											frmd4ba	0.0	0.110305555	0.0927818817200308
A		B2_lineage_early_map									0.858290433883667					per_gene																											fscn1a	0.0	0.59339035	0.6081096636174342
A		B2_lineage_early_map									2.0493040084838867					per_gene																											fzd7a	0.0	0.10361146	0.0885919387436456
A		B2_lineage_early_map									0.7501587271690369					per_gene																											fzd7b	0.0	-0.05134152	-0.0506727871804234
A		B2_lineage_early_map									1.31190025806427					per_gene																											fzd8a	0.0	0.19378534	0.1837578563922813
A		B2_lineage_early_map									0.8511499762535095					per_gene																											gadd45gip1	0.0	-0.012023677	-0.0074592015704626
A		B2_lineage_early_map									1.7376596927642822					per_gene																											gapdh	0.0	0.0202759	0.0210834182532275
A		B2_lineage_early_map									1.9310544729232788					per_gene																											gata2a	0.0	0.14860736	0.1459240278414983
A		B2_lineage_early_map									0.6105927228927612					per_gene																											gata3	0.0	0.05417789	0.0656246087242157
A		B2_lineage_early_map									1.5722061395645142					per_gene																											gata6	0.0	0.2534698	0.2225749871258818
A		B2_lineage_early_map									1.1586902141571045					per_gene																											gbx1	0.0	-0.054786343	-0.0471912056441253
A		B2_lineage_early_map									0.6109946370124817					per_gene																											gcm2	0.0	0.029221132	0.031145061973755
A		B2_lineage_early_map									0.7210243344306946					per_gene																											gfi1aa	0.0	0.029406711	0.0212454995036131
A		B2_lineage_early_map									1.114304780960083					per_gene																											gli1	0.0	0.32989508	0.2863998224158183
A		B2_lineage_early_map									1.2304743528366089					per_gene																											gmnn	0.0	0.10804488	0.1124744397372002
A		B2_lineage_early_map									0.851235568523407					per_gene																											gpr137bb	0.0	0.03320065	0.0393609221049271
A		B2_lineage_early_map									1.2266117334365845					per_gene																											grhl1	0.0	0.07305936	0.0637557907861079
A		B2_lineage_early_map									0.8162829279899597					per_gene																											grhl2b	0.0	0.059257362	0.0569440952836402
A		B2_lineage_early_map									0.7692359089851379					per_gene																											gsc	0.0	0.02677082	0.0233886151567742
A		B2_lineage_early_map									0.860164225101471					per_gene																											h1-0	0.0	0.08702943	0.0798093508204285
A		B2_lineage_early_map									0.2454318255186081					per_gene																											hdlbpa	0.0	-0.026223365	-0.0061625194229296
A		B2_lineage_early_map									1.075659155845642					per_gene																											helb	0.0	-0.038571287	-0.0320598581884564
A		B2_lineage_early_map									0.7667071223258972					per_gene																											hells	0.0	0.07335699	0.0658821763930646
A		B2_lineage_early_map									1.813283085823059					per_gene																											her1	0.0	0.3560566	0.3626829407409581
A		B2_lineage_early_map									0.8947386741638184					per_gene																											her11	0.0	-0.012114649	-0.0093365514023505
A		B2_lineage_early_map									0.7376775741577148					per_gene																											her12	0.0	0.04762186	0.0488509166625539
A		B2_lineage_early_map									0.7854835391044617					per_gene																											her2	0.0	0.019563334	0.0204360971083312
A		B2_lineage_early_map									0.635010302066803					per_gene																											her3	0.0	0.09751512	0.0977595605117259
A		B2_lineage_early_map									1.903414726257324					per_gene																											her5	0.0	0.036785193	0.0275178592534442
A		B2_lineage_early_map									1.1163502931594849					per_gene																											her6	0.0	-0.021441728	-0.0192639149360231
A		B2_lineage_early_map									1.0526657104492188					per_gene																											her7	0.0	0.2859514	0.3095525682634972
A		B2_lineage_early_map									0.9608945250511168					per_gene																											her8a	0.0	0.4096224	0.4192759906133657
A		B2_lineage_early_map									1.8840714693069456					per_gene																											her9	0.0	0.049143888	0.0565737345648994
A		B2_lineage_early_map									0.8042582273483276					per_gene																											hes6	0.0	-0.018663807	-0.0182797410598774
A		B2_lineage_early_map									1.1596579551696775					per_gene																											hesx1	0.0	0.017952882	0.0271924654218856
A		B2_lineage_early_map									0.7468690872192383					per_gene																											hic1l	0.0	0.034277827	0.0351047623595977
A		B2_lineage_early_map									0.6922361850738525					per_gene																											higd1a	0.0	0.03087598	0.0244369074833718
A		B2_lineage_early_map									0.8303044438362122					per_gene																											hivep2a	0.0	-0.012932045	-0.0168170849495817
A		B2_lineage_early_map									1.2327353954315186					per_gene																											hoxb1b	0.0	-0.038736694	-0.0327262306264519
A		B2_lineage_early_map									0.7070181369781494					per_gene																											hoxb7a	0.0	0.09438338	0.0827887036779685
A		B2_lineage_early_map									0.7115684747695923					per_gene																											hoxb8a	0.0	0.031677682	0.03139060615044
A		B2_lineage_early_map									0.7076721787452698					per_gene																											hoxb9a	0.0	0.032181416	0.0292120515138479
A		B2_lineage_early_map									0.7473649978637695					per_gene																											hoxc3a	0.0	-0.02066685	-0.0242817953932833
A		B2_lineage_early_map									0.8801140189170837					per_gene																											hoxc6a	0.0	-0.07240245	-0.0638736489714763
A		B2_lineage_early_map									0.5275189876556396					per_gene																											hoxc8a	0.0	-0.0027698285	0.0048525870081918
A		B2_lineage_early_map									0.8927213549613953					per_gene																											hsp90aa1.2	0.0	-0.018109083	-0.0204878135735975
A		B2_lineage_early_map									1.015822410583496					per_gene																											id3	0.0	0.26608992	0.2439772717297341
A		B2_lineage_early_map									1.1657891273498535					per_gene																											igf2bp1	0.0	0.10495117	0.1153591563402045
A		B2_lineage_early_map									0.7658783793449402					per_gene																											igfbp1a	0.0	0.06876543	0.0643810929513543
A		B2_lineage_early_map									0.7573687434196472					per_gene																											irf2a	0.0	-0.018790675	-0.0220978240063209
A		B2_lineage_early_map									1.11492919921875					per_gene																											irx1b	0.0	0.19117744	0.1927742598771091
A		B2_lineage_early_map									0.7871761918067932					per_gene																											irx3a	0.0	0.027654542	0.0209114873846759
A		B2_lineage_early_map									1.0139613151550293					per_gene																											irx5a	0.0	-0.034094483	-0.0289094728109259
A		B2_lineage_early_map									1.4060481786727903					per_gene																											irx7	0.0	0.092985526	0.0990734697051201
A		B2_lineage_early_map									1.0193785429000854					per_gene																											ism1	0.0	0.24044603	0.216421067332545
A		B2_lineage_early_map									0.7032221555709839					per_gene																											itga6a	0.0	-0.0033780348	-0.0041631141224712
A		B2_lineage_early_map									0.9492367506027222					per_gene																											itgb5	0.0	0.023217395	0.0216131963101445
A		B2_lineage_early_map									1.1377954483032229					per_gene																											itm2cb	0.0	-0.0058707055	-0.0079403708851314
A		B2_lineage_early_map									0.9026553630828856					per_gene																											jcada	0.0	0.06539388	0.0617114337626072
A		B2_lineage_early_map									1.1868892908096311					per_gene																											kank1a	0.0	-0.008760593	-0.0095231560366294
A		B2_lineage_early_map									0.96683931350708					per_gene																											kazald2	0.0	0.2886985	0.2866800350615524
A		B2_lineage_early_map									0.8827565312385559					per_gene																											kdrl	0.0	0.029932382	0.0238655879967458
A		B2_lineage_early_map									0.7412736415863037					per_gene																											kif15	0.0	-0.02839666	-0.028075380283688
A		B2_lineage_early_map									1.8387433290481567					per_gene																											kirrel3l	0.0	0.46137106	0.4120018133888554
A		B2_lineage_early_map									0.7508749961853027					per_gene																											klf17	0.0	0.043080308	0.0323171135579621
A		B2_lineage_early_map									1.432231068611145					per_gene																											klf2a	0.0	0.04436647	0.0361039496871896
A		B2_lineage_early_map									1.6708581447601318					per_gene																											klf2b	0.0	0.21091029	0.2083610741215661
A		B2_lineage_early_map									1.045642375946045					per_gene																											klf3	0.0	0.06721233	0.0523040177822281
A		B2_lineage_early_map									0.7541567087173462					per_gene																											klf7a	0.0	0.02333873	0.0224472140113106
A		B2_lineage_early_map									0.8157256841659546					per_gene																											klf8	0.0	0.089639395	0.0996895607105659
A		B2_lineage_early_map									0.6791316270828247					per_gene																											kmt2bb	0.0	0.004658141	0.0026533947926435
A		B2_lineage_early_map									0.5262478590011597					per_gene																											kmt5aa	0.0	0.0673586	0.0459569361865667
A		B2_lineage_early_map									2.050732374191284					per_gene																											krt4	0.0	0.117451295	0.0984295261556467
A		B2_lineage_early_map									1.9683358669281008					per_gene																											krt8	0.0	0.11094899	0.1023572470937564
A		B2_lineage_early_map									1.3638947010040283					per_gene																											krt99	0.0	-0.11297079	-0.0990574327713085
A		B2_lineage_early_map									1.3123306035995483					per_gene																											lamb1a	0.0	0.34951028	0.3719242059434358
A		B2_lineage_early_map									0.7165780663490295					per_gene																											lamc1	0.0	-0.250617	-0.2453513156837564
A		B2_lineage_early_map									1.6156970262527466					per_gene																											lamp2	0.0	0.16090648	0.1495293578103936
A		B2_lineage_early_map									0.7033363580703735					per_gene																											lbx2	0.0	0.1046778	0.0973757827379426
A		B2_lineage_early_map									1.4043608903884888					per_gene																											lef1	0.0	0.28097928	0.2850786804367108
A		B2_lineage_early_map									0.9781177043914796					per_gene																											lft1	0.0	0.18028152	0.2174127843865544
A		B2_lineage_early_map									0.9971816539764404					per_gene																											lft2	0.0	0.156394	0.153878176189883
A		B2_lineage_early_map									0.7773990631103516					per_gene																											lgals3b	0.0	0.0011359599	-0.001438096709193
A		B2_lineage_early_map									0.7359221577644348					per_gene																											lhfpl6	0.0	0.0064078006	0.013786139869174
A		B2_lineage_early_map									0.9580041766166688					per_gene																											lhx1a	0.0	0.28007394	0.2621475162482343
A		B2_lineage_early_map									1.9534757137298584					per_gene																											lhx5	0.0	0.12909177	0.1410657613311616
A		B2_lineage_early_map									0.889223575592041					per_gene																											lima1a	0.0	-0.16848034	-0.1852408542623211
A		B2_lineage_early_map									1.0485076904296875					per_gene																											lmnb1	0.0	0.16587064	0.1630502455768371
A		B2_lineage_early_map									0.881706714630127					per_gene																											lmo2	0.0	0.0060383584	0.0048551480685196
A		B2_lineage_early_map									1.859919786453247					per_gene																											lmo4a	0.0	-0.05599541	-0.0539021685804392
A		B2_lineage_early_map									0.8304799199104309					per_gene																											lratb.1	0.0	0.014763593	0.0212936777526925
A		B2_lineage_early_map									0.8432872295379639					per_gene																											lratd1	0.0	0.018560473	0.0226421815997536
A		B2_lineage_early_map									0.7048659324645996					per_gene																											mab21l2	0.0	0.008975091	0.0081328490829418
A		B2_lineage_early_map									1.9827628135681152					per_gene																											mad1l1	0.0	0.12697478	0.1586314161020952
A		B2_lineage_early_map									0.8988731503486633					per_gene																											map1lc3b	0.0	-0.013879142	-0.0267427302028368
A		B2_lineage_early_map									0.5431929230690002					per_gene																											map2k6	0.0	0.15174088	0.1339042382175567
A		B2_lineage_early_map									0.7477113604545593					per_gene																											mcama	0.0	0.08970271	0.0875567125654716
A		B2_lineage_early_map									0.521273136138916					per_gene																											mcm2	0.0	0.20395902	0.2060477748721644
A		B2_lineage_early_map									0.5682026147842407					per_gene																											mcm3	0.0	0.28471947	0.215888168817834
A		B2_lineage_early_map									0.5369391441345215					per_gene																											mcm4	0.0	0.25661907	0.2680686694285274
A		B2_lineage_early_map									0.5789409279823303					per_gene																											mcm5	0.0	0.050925627	0.0389585481631886
A		B2_lineage_early_map									0.2917728722095489					per_gene																											mcm7	0.0	0.29171497	0.2902861091998212
A		B2_lineage_early_map									0.7920956611633301					per_gene																											mef2d	0.0	0.016035454	0.0180865977743601
A		B2_lineage_early_map									1.2743098735809326					per_gene																											meis1b	0.0	0.28643698	0.2522490413790162
A		B2_lineage_early_map									0.7219123840332031					per_gene																											meis2a	0.0	0.02116526	0.0167817936785695
A		B2_lineage_early_map									1.174899697303772					per_gene																											meis3	0.0	0.010170264	0.011295388149197
A		B2_lineage_early_map									0.8927785158157349					per_gene																											meox1	0.0	0.033558685	0.0295547830523119
A		B2_lineage_early_map									0.7380169034004211					per_gene																											mespaa	0.0	0.11811008	0.1094216801915768
A		B2_lineage_early_map									0.912947118282318					per_gene																											mespab	0.0	0.26067132	0.2150746490602599
A		B2_lineage_early_map									0.833626389503479					per_gene																											mgst3b	0.0	0.038768258	0.0435342284709322
A		B2_lineage_early_map									0.9900097250938416					per_gene																											mibp2	0.0	0.04771127	0.0456660217361929
A		B2_lineage_early_map									1.3163738250732422					per_gene																											mixl1	0.0	0.3786445	0.3644173734822495
A		B2_lineage_early_map									0.4187988638877868					per_gene																											mki67	0.0	0.0060397736	0.0094316647362752
A		B2_lineage_early_map									0.820196807384491					per_gene																											mns1	0.0	0.047912274	0.0382930396198564
A		B2_lineage_early_map									1.748447299003601					per_gene																											msgn1	0.0	0.010363427	0.0202325124939863
A		B2_lineage_early_map									1.8479857444763184					per_gene																											msx1b	0.0	-0.069725335	-0.0779939931140035
A		B2_lineage_early_map									1.076737403869629					per_gene																											msx3	0.0	-0.043084405	-0.0371070401658482
A		B2_lineage_early_map									0.5196263790130615					per_gene																											mycb	0.0	0.039416	0.0408648200407308
A		B2_lineage_early_map									1.1986113786697388					per_gene																											mych	0.0	-0.102163106	-0.0478532895732385
A		B2_lineage_early_map									1.2505508661270142					per_gene																											mycla	0.0	0.25344595	0.3106291121027358
A		B2_lineage_early_map									1.1953250169754028					per_gene																											myclb	0.0	0.25333014	0.2698280170063502
A		B2_lineage_early_map									1.253892183303833					per_gene																											mycn	0.0	0.22697526	0.22146208665152
A		B2_lineage_early_map									0.7563625574111938					per_gene																											myf5	0.0	0.019335818	0.0316905356219434
A		B2_lineage_early_map									0.7663062214851379					per_gene																											myod1	0.0	0.019107789	0.030154281893772
A		B2_lineage_early_map									2.9815433025360107					per_gene																											nanog	0.0	0.04391279	0.0628578095174736
A		B2_lineage_early_map									1.7439966201782229					per_gene																											nanos3	0.0	-0.05976263	-0.0773344304926952
A		B2_lineage_early_map									0.7642202377319336					per_gene																											nap1l1	0.0	0.063291654	0.0699934619535741
A		B2_lineage_early_map									1.2098093032836914					per_gene																											nasp	0.0	0.28727037	0.3197901262901103
A		B2_lineage_early_map									0.4499799609184265					per_gene																											ncapd2	0.0	0.28178704	0.3062432761338006
A		B2_lineage_early_map									0.6046165227890015					per_gene																											nckap5l	0.0	-0.048716012	-0.0242162386272573
A		B2_lineage_early_map									0.7426416873931885					per_gene																											ndr1	0.0	0.13803288	0.1382142946802
A		B2_lineage_early_map									1.0163336992263794					per_gene																											ndr2	0.0	0.19869888	0.1932485560598378
A		B2_lineage_early_map									1.072594165802002					per_gene																											ndufv3	0.0	0.09081955	0.0943416194811365
A		B2_lineage_early_map									1.4693377017974854					per_gene																											nid2a	0.0	0.009171615	0.009474872828748
A		B2_lineage_early_map									0.789099931716919					per_gene																											nip7	0.0	0.16062649	0.179848374940182
A		B2_lineage_early_map									0.8238668441772461					per_gene																											nkx1.2la	0.0	0.02557954	0.0246546728340241
A		B2_lineage_early_map									0.654075562953949					per_gene																											nkx2.2a	0.0	0.03998927	0.0422142559428979
A		B2_lineage_early_map									0.9015567898750304					per_gene																											nkx2.5	0.0	0.057914253	0.070383290501055
A		B2_lineage_early_map									0.8983169198036194					per_gene																											nog1	0.0	0.075514026	0.0550906952727567
A		B2_lineage_early_map									0.52667236328125					per_gene																											nop58	0.0	0.33621454	0.3474177512573545
A		B2_lineage_early_map									0.6770740151405334					per_gene																											notch1a	0.0	-0.0010515053	-0.0148536271956525
A		B2_lineage_early_map									1.998457074165344					per_gene																											noto	0.0	0.39995897	0.3510181158055351
A		B2_lineage_early_map									0.9265865683555604					per_gene																											nr2f2	0.0	0.010615016	0.0054931159350101
A		B2_lineage_early_map									0.7189387083053589					per_gene																											nr6a1a	0.0	-0.0126002515	-0.013032885680992
A		B2_lineage_early_map									1.7568230628967283					per_gene																											nrarpa	0.0	0.030281844	0.0777831450914555
A		B2_lineage_early_map									1.084310531616211					per_gene																											nsd2	0.0	0.35366738	0.3608501193977098
A		B2_lineage_early_map									0.8332790732383728					per_gene																											ntd5	0.0	-0.017307898	0.0053192431247257
A		B2_lineage_early_map									2.042630910873413					per_gene																											oclna	0.0	0.042545334	0.0418228794375707
A		B2_lineage_early_map									0.693249523639679					per_gene																											olig4	0.0	-0.013944366	-0.0129622130402429
A		B2_lineage_early_map									0.8710992336273193					per_gene																											osr1	0.0	0.37545308	0.3160307185070401
A		B2_lineage_early_map									1.4861812591552734					per_gene																											otx1	0.0	0.16876258	0.1528963636747358
A		B2_lineage_early_map									0.9614776372909546					per_gene																											otx2a	0.0	0.046442203	0.0525215986911451
A		B2_lineage_early_map									1.5630396604537964					per_gene																											otx2b	0.0	0.003112525	0.0190131894539518
A		B2_lineage_early_map									0.6459356546401978					per_gene																											pax2a	0.0	0.083868	0.0735760903541883
A		B2_lineage_early_map									0.8949658274650574					per_gene																											pax3a	0.0	0.05830581	0.0571187387795685
A		B2_lineage_early_map									0.7900983691215515					per_gene																											pax6a	0.0	0.053583436	0.0515765054572617
A		B2_lineage_early_map									0.7754865288734436					per_gene																											pax6b	0.0	0.02594858	0.022141543804167
A		B2_lineage_early_map									0.6494899988174438					per_gene																											pbx1b	0.0	0.014324825	0.013646893617337
A		B2_lineage_early_map									0.4713019132614136					per_gene																											pbx4	0.0	0.0017437544	0.0041583098769348
A		B2_lineage_early_map									1.565596580505371					per_gene																											pcdh10b	0.0	0.32287088	0.2741436602747464
A		B2_lineage_early_map									0.6429904699325562					per_gene																											pcdh7b	0.0	0.050534964	0.0537898212084445
A		B2_lineage_early_map									0.5100331902503967					per_gene																											PCDH8	0.0	0.0782531	0.080049663511217
A		B2_lineage_early_map									0.9586577415466307					per_gene																											pcdh8	0.0	0.42845038	0.420708023065294
A		B2_lineage_early_map									0.9490190744400024					per_gene																											pdap1a	0.0	0.024827095	0.028897720642479
A		B2_lineage_early_map									1.241060495376587					per_gene																											perp	0.0	0.065575056	0.0601200629446938
A		B2_lineage_early_map									1.3356847763061523					per_gene																											pfn2	0.0	0.03920912	0.0327843035281506
A		B2_lineage_early_map									0.7662744522094727					per_gene																											pitx2	0.0	0.051496904	0.0426562522554951
A		B2_lineage_early_map									0.8987158536911011					per_gene																											pknox1.1	0.0	0.37347007	0.4188678016037628
A		B2_lineage_early_map									0.7954201698303223					per_gene																											plagl2	0.0	-0.0034969752	-0.0097041724473467
A		B2_lineage_early_map									0.898036777973175					per_gene																											plekhg5b	0.0	0.19693828	0.2062670591889159
A		B2_lineage_early_map									0.6447643637657166					per_gene																											pmp22b	0.0	0.0187261	0.0202378309923649
A		B2_lineage_early_map									1.1768289804458618					per_gene																											pold3	0.0	0.033812694	0.0324770468147153
A		B2_lineage_early_map									0.7390753030776978					per_gene																											ppan	0.0	0.14014778	0.1599096693894237
A		B2_lineage_early_map									1.5759118795394895					per_gene																											prickle1b	0.0	0.23677489	0.276404544515724
A		B2_lineage_early_map									0.4180912375450134					per_gene																											prmt1	0.0	0.094556116	0.1102023199189019
A		B2_lineage_early_map									0.7730525732040405					per_gene																											prox1a	0.0	-0.03306976	-0.0356958261830168
A		B2_lineage_early_map									1.023099660873413					per_gene																											ptp4a2b	0.0	-0.07453171	-0.0710210764894077
A		B2_lineage_early_map									0.857895016670227					per_gene																											pttg1	0.0	0.0044374852	0.0050668894220917
A		B2_lineage_early_map									0.8731963038444519					per_gene																											rab11fip4a	0.0	0.11460409	0.1219094802497864
A		B2_lineage_early_map									0.951465368270874					per_gene																											rac1a	0.0	0.08334194	0.104239153922917
A		B2_lineage_early_map									0.919995903968811					per_gene																											raraa	0.0	0.07735358	0.0820400440164754
A		B2_lineage_early_map									1.6275030374526978					per_gene																											rasgef1ba	0.0	0.13354225	0.2101127821729708
A		B2_lineage_early_map									1.4364317655563354					per_gene																											rasl11b	0.0	-0.0014174758	0.0024800550604942
A		B2_lineage_early_map									0.7249101996421814					per_gene																											rbbp4	0.0	0.27476516	0.289733426249604
A		B2_lineage_early_map									0.6462946534156799					per_gene																											rbm4.3	0.0	0.05349224	0.0695666604638609
A		B2_lineage_early_map									1.6476870775222778					per_gene																											rbm7	0.0	0.041872215	0.0439644166950772
A		B2_lineage_early_map									0.4768544137477875					per_gene																											rbmx	0.0	0.10946454	0.1272885569643269
A		B2_lineage_early_map									1.2665852308273315					per_gene																											rcc1	0.0	0.17439558	0.1826704023192913
A		B2_lineage_early_map									0.7632461786270142					per_gene																											rdh10b	0.0	-0.005346783	-0.0101997092894605
A		B2_lineage_early_map									0.6839128732681274					per_gene																											rfx2	0.0	0.030216523	0.0288343057089913
A		B2_lineage_early_map									0.7466824650764465					per_gene																											rhov	0.0	0.31331065	0.330515603487737
A		B2_lineage_early_map									0.7552592754364014					per_gene																											ripply1	0.0	0.08133053	0.0783987305547999
A		B2_lineage_early_map									0.9205755591392516					per_gene																											rnd1b	0.0	0.17939596	0.1745773292619342
A		B2_lineage_early_map									1.3413968086242676					per_gene																											rpl10	0.0	0.06154467	0.0602200996457949
A		B2_lineage_early_map									0.5313850045204163					per_gene																											rpl19	0.0	0.11165914	0.128182961920367
A		B2_lineage_early_map									0.5195143818855286					per_gene																											rpl31	0.0	0.059901044	0.0492700213817212
A		B2_lineage_early_map									0.7655308842658997					per_gene																											rpl34	0.0	0.04855792	0.0407881297103982
A		B2_lineage_early_map									0.7458754777908325					per_gene																											rpl38	0.0	0.0854933	0.0934820044949025
A		B2_lineage_early_map									0.9280929565429688					per_gene																											rpl4	0.0	0.05395011	0.0519294396036969
A		B2_lineage_early_map									1.0958784818649292					per_gene																											rpl5a	0.0	0.012584261	0.0180650445701274
A		B2_lineage_early_map									0.4126087129116058					per_gene																											rpl6	0.0	0.08516453	0.0905891401063446
A		B2_lineage_early_map									0.2995897531509399					per_gene																											rplp0	0.0	0.08307383	0.0715363359827963
A		B2_lineage_early_map									0.9437983632087708					per_gene																											rplp2l	0.0	-0.013604602	0.0050729821367148
A		B2_lineage_early_map									0.7875607013702393					per_gene																											rps3	0.0	0.053551067	0.0574412532327265
A		B2_lineage_early_map									0.5906533002853394					per_gene																											rps6	0.0	0.20445578	0.2025181166478374
A		B2_lineage_early_map									1.4047455787658691					per_gene																											rrbp1b	0.0	-0.20317353	-0.1848896642927814
A		B2_lineage_early_map									1.06454336643219					per_gene																											rreb1a	0.0	-0.19447	-0.2127167438226401
A		B2_lineage_early_map									0.8815120458602905					per_gene																											rreb1b	0.0	-0.064286	-0.0715868644889644
A		B2_lineage_early_map									0.5281877517700195					per_gene																											rrm2	0.0	0.3258538	0.3132212696966201
A		B2_lineage_early_map									0.7145249247550964					per_gene																											rrp8	0.0	-1.2245277e-05	0.0031155260490945
A		B2_lineage_early_map									0.7439383268356323					per_gene																											rx3	0.0	0.047299318	0.0442519584957186
A		B2_lineage_early_map									0.683914840221405					per_gene																											rxraa	0.0	0.0643964	0.062662433255246
A		B2_lineage_early_map									0.9402431845664978					per_gene																											rxrgb	0.0	0.10703701	0.1058406050624838
A		B2_lineage_early_map									0.735368013381958					per_gene																											sall1a	0.0	0.12258408	0.1190200804026281
A		B2_lineage_early_map									0.7855640053749084					per_gene																											sall3a	0.0	0.06260335	0.0666699343131868
A		B2_lineage_early_map									0.992291271686554					per_gene																											sall3b	0.0	0.29619178	0.2221330198169643
A		B2_lineage_early_map									0.8178158402442932					per_gene																											sdc4	0.0	0.033262786	0.0245953772693333
A		B2_lineage_early_map									0.6741108894348145					per_gene																											sebox	0.0	0.20132022	0.1775766684804478
A		B2_lineage_early_map									1.7588748931884766					per_gene																											sept9a	0.0	-0.11195485	-0.0903196606661374
A		B2_lineage_early_map									0.9002804756164551					per_gene																											shha	0.0	-0.12232237	-0.0808348897219663
A		B2_lineage_early_map									0.92574805021286					per_gene																											si:ch211-106e7.2	0.0	0.07769976	0.0851154432207505
A		B2_lineage_early_map									0.7012643218040466					per_gene																											si:ch211-113a14.12	0.0	0.039565586	0.0293176603251851
A		B2_lineage_early_map									0.7778702974319458					per_gene																											si:ch211-113a14.18	0.0	0.0944871	0.0790512498673014
A		B2_lineage_early_map									0.7666213512420654					per_gene																											si:ch211-114n24.6	0.0	0.061468504	0.057973609355005
A		B2_lineage_early_map									0.5046312212944031					per_gene																											si:ch211-155e24.3	0.0	0.19816828	0.2339590150331942
A		B2_lineage_early_map									0.580374002456665					per_gene																											si:ch211-161h7.4	0.0	0.15076655	0.1814470705151575
A		B2_lineage_early_map									0.4499365389347076					per_gene																											si:ch211-163l21.7	0.0	0.022145344	0.0253765757991328
A		B2_lineage_early_map									0.9556070566177368					per_gene																											si:dkey-108k21.14	0.0	0.1480711	0.1168559265336476
A		B2_lineage_early_map									0.541418731212616					per_gene																											si:dkey-108k21.21	0.0	0.058805205	0.0663256042757281
A		B2_lineage_early_map									1.1765589714050293					per_gene																											si:dkey-261h17.1	0.0	-0.23239766	-0.2511342442409457
A		B2_lineage_early_map									0.700339138507843					per_gene																											si:dkey-261m9.12	0.0	0.20868348	0.1709898284258105
A		B2_lineage_early_map									0.5178827047348022					per_gene																											si:dkey-66i24.9	0.0	0.036805987	0.0436686093361905
A		B2_lineage_early_map									1.6690185070037842					per_gene																											si:dkey-68o6.5	0.0	0.0056716227	-0.0080077709146522
A		B2_lineage_early_map									0.6803828477859497					per_gene																											si:dkey-92i17.2	0.0	0.0014077389	-0.0012494073811024
A		B2_lineage_early_map									0.6648267507553101					per_gene																											six3b	0.0	0.047359478	0.0476704085134562
A		B2_lineage_early_map									1.523815035820007					per_gene																											six4a	0.0	0.0982818	0.1007499025775708
A		B2_lineage_early_map									1.0335679054260254					per_gene																											six4b	0.0	0.11322259	0.0799934772291598
A		B2_lineage_early_map									0.928002119064331					per_gene																											six7	0.0	0.04495765	0.053176801869242
A		B2_lineage_early_map									0.8491755127906799					per_gene																											skia	0.0	-0.011973993	-0.0145583940473436
A		B2_lineage_early_map									0.7293564081192017					per_gene																											skila	0.0	0.03622042	0.0491841072230423
A		B2_lineage_early_map									0.921524941921234					per_gene																											skilb	0.0	-0.00044015577	-0.0103115345530711
A		B2_lineage_early_map									1.379141092300415					per_gene																											smtnl	0.0	0.16194789	0.1443354634920939
A		B2_lineage_early_map									1.5327903032302856					per_gene																											snai1a	0.0	0.23318735	0.1934269290910017
A		B2_lineage_early_map									2.434534788131714					per_gene																											snai2	0.0	0.29975837	0.3579619094842884
A		B2_lineage_early_map									0.7113311290740967					per_gene																											snrpc	0.0	0.037089504	0.0449013865368829
A		B2_lineage_early_map									0.6968706250190735					per_gene																											snrpd3	0.0	0.015749991	0.0178759137106
A		B2_lineage_early_map									0.7748863101005554					per_gene																											snrpg	0.0	-0.0074543334	-0.0011507796857486
A		B2_lineage_early_map									0.604525625705719					per_gene																											sox10	0.0	-0.03473395	-0.0364425864310305
A		B2_lineage_early_map									1.2218743562698364					per_gene																											sox11a	0.0	0.55017936	0.5316844808890175
A		B2_lineage_early_map									0.6375582218170166					per_gene																											sox11b	0.0	-0.17429084	-0.2023416129985789
A		B2_lineage_early_map									0.9235078692436218					per_gene																											sox13	0.0	0.07756825	0.0826245440881956
A		B2_lineage_early_map									0.8280273079872131					per_gene																											sox17	0.0	-0.03602745	-0.0503858542722564
A		B2_lineage_early_map									1.5241312980651855					per_gene																											sox19a	0.0	0.67584246	0.6793378750865818
A		B2_lineage_early_map									1.647451877593994					per_gene																											sox2	0.0	-0.056350242	-0.0491574129072295
A		B2_lineage_early_map									1.3261168003082275					per_gene																											sox3	0.0	0.40851653	0.3428990710382037
A		B2_lineage_early_map									1.497738480567932					per_gene																											sox32	0.0	0.38651848	0.3430449227933933
A		B2_lineage_early_map									1.143926739692688					per_gene																											sox5	0.0	-0.019820938	-0.0229660856068449
A		B2_lineage_early_map									0.6315573453903198					per_gene																											sp5a	0.0	0.08805258	0.0771867681421963
A		B2_lineage_early_map									1.9844951629638672					per_gene																											sp5l	0.0	-0.15052038	-0.1754629808581069
A		B2_lineage_early_map									0.4403001666069031					per_gene																											spon1b	0.0	0.035272002	0.0403059469901982
A		B2_lineage_early_map									0.8091374039649963					per_gene																											srp19	0.0	0.052464493	0.0491107459010022
A		B2_lineage_early_map									0.974807858467102					per_gene																											srrm4	0.0	-0.012517711	-0.0101451063335617
A		B2_lineage_early_map									0.6599993705749512					per_gene																											stmn1a	0.0	0.060784757	0.0630450335240981
A		B2_lineage_early_map									0.7318577170372009					per_gene																											stox1	0.0	0.011179124	0.0099834250593576
A		B2_lineage_early_map									0.2508627474308014					per_gene																											supt16h	0.0	0.25546274	0.2543631322677269
A		B2_lineage_early_map									1.061558723449707					per_gene																											syne2b	0.0	0.14123306	0.1432581444493243
A		B2_lineage_early_map									1.2361040115356443					per_gene																											szl	0.0	-0.13698651	-0.1179300726707489
A		B2_lineage_early_map									1.057084560394287					per_gene																											tagln2	0.0	0.067772195	0.0549037878037266
A		B2_lineage_early_map									0.5547629594802856					per_gene																											tbr1b	0.0	0.025321595	0.0305069325152111
A		B2_lineage_early_map									0.7753462195396423					per_gene																											tbx1	0.0	0.19901338	0.1959409981648956
A		B2_lineage_early_map									2.514913320541382					per_gene																											tbx16	0.0	0.3315417	0.3271161140710864
A		B2_lineage_early_map									1.9439269304275515					per_gene																											tbx16l	0.0	0.37180436	0.3310061093775026
A		B2_lineage_early_map									1.006188988685608					per_gene																											tbx3b	0.0	-0.0045675603	-0.0025059013013932
A		B2_lineage_early_map									0.9481766223907472					per_gene																											tbx6	0.0	0.05133353	0.0428579389998786
A		B2_lineage_early_map									1.5883129835128784					per_gene																											tbxta	0.0	0.5070801	0.5510389025678943
A		B2_lineage_early_map									1.2617424726486206					per_gene																											tbxtb	0.0	0.00396175	0.0167637626495886
A		B2_lineage_early_map									0.6261461973190308					per_gene																											tcf3b	0.0	0.5149541	0.5477439439342708
A		B2_lineage_early_map									1.405636191368103					per_gene																											tcf7	0.0	0.17937548	0.1774088731525692
A		B2_lineage_early_map									1.1637345552444458					per_gene																											tcf7l1a	0.0	0.33604297	0.3631325156762133
A		B2_lineage_early_map									1.0599902868270874					per_gene																											tcf7l1b	0.0	0.37056625	0.376567766952855
A		B2_lineage_early_map									0.9548085331916808					per_gene																											tcf7l2	0.0	0.0046515935	0.0055204757972677
A		B2_lineage_early_map									1.5267045497894287					per_gene																											tdgf1	0.0	0.026087534	0.0195583165550197
A		B2_lineage_early_map									0.9082570672035216					per_gene																											tead1a	0.0	0.04858682	0.045483169604247
A		B2_lineage_early_map									0.7909365296363831					per_gene																											tead1b	0.0	0.03484185	0.0332106943713887
A		B2_lineage_early_map									1.824711561203003					per_gene																											tfap2a	0.0	0.18194531	0.1681316399845279
A		B2_lineage_early_map									2.137727975845337					per_gene																											tfap2c	0.0	-0.15594837	-0.1491623819610731
A		B2_lineage_early_map									0.4627485275268554					per_gene																											tgif1	0.0	0.014586824	0.0266475889840673
A		B2_lineage_early_map									0.6671912670135498					per_gene																											tlcd5a	0.0	-0.026019257	-0.0347010994496455
A		B2_lineage_early_map									0.7695889472961426					per_gene																											tmed10	0.0	0.030807061	0.0221018587496807
A		B2_lineage_early_map									0.864165723323822					per_gene																											tmed2	0.0	0.032621294	0.0303825174303326
A		B2_lineage_early_map									1.2901568412780762					per_gene																											tp63	0.0	-0.085166104	-0.0372722425548311
A		B2_lineage_early_map									0.9486922025680542					per_gene																											tph1b	0.0	0.3358986	0.2677653842242529
A		B2_lineage_early_map									0.7387264370918274					per_gene																											tpx2	0.0	0.03568908	0.0381258661064987
A		B2_lineage_early_map									0.9029998779296876					per_gene																											tram1	0.0	-0.096626736	-0.0834619166858944
A		B2_lineage_early_map									0.7751665711402893					per_gene																											trps1	0.0	-0.005264639	-0.0026022314591842
A		B2_lineage_early_map									0.8425392508506775					per_gene																											tshz3b	0.0	0.0031453676	0.0040734589532354
A		B2_lineage_early_map									2.12202262878418					per_gene																											tuba1a	0.0	-0.06381813	-0.0747482955691493
A		B2_lineage_early_map									1.0037277936935425					per_gene																											tuba8l	0.0	0.034013234	0.0456649620873375
A		B2_lineage_early_map									1.348065733909607					per_gene																											tuba8l2	0.0	-0.32187763	-0.3051698242399451
A		B2_lineage_early_map									0.2784225940704345					per_gene																											tuba8l4	0.0	0.33996478	0.3279926024717401
A		B2_lineage_early_map									0.3865223824977875					per_gene																											tubb2b	0.0	0.035115935	0.0269157492969422
A		B2_lineage_early_map									0.6121814846992493					per_gene																											twist1a	0.0	0.0049950886	0.0039952024076001
A		B2_lineage_early_map									0.7860923409461975					per_gene																											twist2	0.0	-0.0046157246	0.0066559757843375
A		B2_lineage_early_map									0.7793878316879272					per_gene																											ube2c	0.0	0.003871351	0.0070276927432997
A		B2_lineage_early_map									0.9008071422576904					per_gene																											uhrf1	0.0	0.3549483	0.3738052008796108
A		B2_lineage_early_map									0.8301941752433777					per_gene																											uncx4.1	0.0	-0.0073156566	-0.0074007721756094
A		B2_lineage_early_map									1.104647159576416					per_gene																											unga	0.0	0.08788356	0.082867528214904
A		B2_lineage_early_map									0.8629339337348938					per_gene																											usf1	0.0	0.0028383364	0.0023117559251373
A		B2_lineage_early_map									1.427904725074768					per_gene																											ved	0.0	-0.35240698	-0.340723403514774
A		B2_lineage_early_map									3.091916799545288					per_gene																											vgll4l	0.0	-0.02935228	-0.0297433331860043
A		B2_lineage_early_map									0.8499865531921387					per_gene																											vox	0.0	0.00024653945	0.0011378015676611
A		B2_lineage_early_map									0.5027956962585449					per_gene																											vrtn	0.0	0.46571156	0.5200353243413198
A		B2_lineage_early_map									0.6354423761367798					per_gene																											vsx2	0.0	0.08057789	0.0750863688330606
A		B2_lineage_early_map									1.0764862298965454					per_gene																											wnt11f2	0.0	0.39761722	0.4139022456804566
A		B2_lineage_early_map									1.1146258115768433					per_gene																											wnt8a	0.0	-0.04466563	-0.0366320362882662
A		B2_lineage_early_map									1.3736265897750854					per_gene																											xbp1	0.0	0.18032216	0.1609059466579464
A		B2_lineage_early_map									1.2107352018356323					per_gene																											ypel3	0.0	-0.011349306	-0.0092094129389494
A		B2_lineage_early_map									0.816180408000946					per_gene																											zbtb18	0.0	0.014130786	0.0177826077232649
A		B2_lineage_early_map									0.7269391417503357					per_gene																											zc4h2	0.0	0.018027848	0.013327771913404
A		B2_lineage_early_map									1.0611069202423096					per_gene																											zeb1a	0.0	0.1268509	0.1324651239987739
A		B2_lineage_early_map									1.4111826419830322					per_gene																											zeb1b	0.0	-0.05053877	-0.058665771627158
A		B2_lineage_early_map									0.7799299359321594					per_gene																											zeb2a	0.0	-0.0011462119	-0.0033178653125324
A		B2_lineage_early_map									1.0461639165878296					per_gene																											zeb2b	0.0	0.045889635	0.0477588508451925
A		B2_lineage_early_map									0.664493978023529					per_gene																											zfand5a	0.0	-0.15400344	-0.1660744918931793
A		B2_lineage_early_map									0.617691159248352					per_gene																											zgc:113372	0.0	0.025401706	0.0311882730974138
A		B2_lineage_early_map									0.5831661224365234					per_gene																											zgc:174154	0.0	0.07416725	0.0630297290010757
A		B2_lineage_early_map									0.7460477352142334					per_gene																											zgc:175088	0.0	0.039243624	0.049598135089556
A		B2_lineage_early_map									1.506774663925171					per_gene																											zic2a	0.0	0.14842878	0.1010307644069183
A		B2_lineage_early_map									1.2864199876785278					per_gene																											zic2b	0.0	0.2006788	0.3228348937277711
A		B2_lineage_early_map									0.6517534852027893					per_gene																											zmp:0000000624	0.0	0.022192119	0.0332298509742726
A		B2_lineage_early_map									0.7223995923995972					per_gene																											znf1004	0.0	0.32499757	0.2408612383917233
A		B2_lineage_early_map									1.4957152605056765					per_gene																											znf185	0.0	0.09980709	0.0806133255671483
A		B2_lineage_early_map									0.6488043665885925					per_gene																											znf576.2	0.0	0.0607538	0.0598952746670655
A		B2_lineage_early_map									1.3784990310668943					per_gene																											znfl2a	0.0	0.395693	0.4276328450042306
A		B2_lineage_early_map									0.5805522799491882					per_gene																											zswim5	0.0	0.46837845	0.4625783118543654
A		B3_mean_developmental_correction									1.0709565877914429					per_gene																											ackr3b	0.013532171	-0.026091337	-0.0358690646944312
A		B3_mean_developmental_correction									0.758514404296875					per_gene																											acvr1ba	2.0362409e-08	0.36948258	0.4202793530945567
A		B3_mean_developmental_correction									0.3373100459575653					per_gene																											add3b	-0.013989046	0.2763487	0.258176662857549
A		B3_mean_developmental_correction									0.5282666683197021					per_gene																											adka	-8.377327e-09	0.3717432	0.4327753485134435
A		B3_mean_developmental_correction									1.6452159881591797					per_gene																											admp	0.002142441	-0.27873686	-0.2862304512659477
A		B3_mean_developmental_correction									0.7084839940071106					per_gene																											ahi1	-0.011942798	0.042739548	0.0381015843846146
A		B3_mean_developmental_correction									0.2860479950904846					per_gene																											akap12b	0.0	0.10268951	0.1148781574251771
A		B3_mean_developmental_correction									0.9418402910232544					per_gene																											alcamb	-0.020965774	0.49170947	0.4879318082251225
A		B3_mean_developmental_correction									0.5761143565177917					per_gene																											aldob	0.0	0.3645815	0.4286323834769301
A		B3_mean_developmental_correction									0.482764184474945					per_gene																											anp32e	-0.047586318	0.085264646	0.0910800342387662
A		B3_mean_developmental_correction									0.7736821174621582					per_gene																											apex1	0.006442423	-0.00559889	-0.0044245191727864
A		B3_mean_developmental_correction									1.1331592798233032					per_gene																											aplnra	0.0	0.12608139	0.1480441557134036
A		B3_mean_developmental_correction									0.7438378930091858					per_gene																											aplnrb	0.0	0.034986768	0.0388535252627635
A		B3_mean_developmental_correction									1.0242799520492554					per_gene																											apoc1	-0.0015131773	0.26607314	0.2697694413396704
A		B3_mean_developmental_correction									0.4921572208404541					per_gene																											arf5	0.0	-0.0077337003	-0.0008137828801482
A		B3_mean_developmental_correction									0.4869235157966614					per_gene																											arhgap5	0.039289583	0.02378095	0.0234270479943979
A		B3_mean_developmental_correction									0.7054832577705383					per_gene																											arl4aa	-0.007652226	0.061102424	0.054017271194585
A		B3_mean_developmental_correction									0.984923243522644					per_gene																											arl4ab	0.13649909	0.09603936	0.0974165212140901
A		B3_mean_developmental_correction									0.9614486694335938					per_gene																											arl4d	0.0	0.2456995	0.2564916831528841
A		B3_mean_developmental_correction									0.7610121369361877					per_gene																											arl6ip5a	-0.013384499	0.120357014	0.1211833167469815
A		B3_mean_developmental_correction									0.7692602276802063					per_gene																											aspm	0.0	-0.0026667346	0.0052589130100919
A		B3_mean_developmental_correction									0.7415257096290588					per_gene																											atf6	0.0	-0.06288446	-0.0577074144600078
A		B3_mean_developmental_correction									0.5324829816818237					per_gene																											atoh1c	0.029694278	0.055722646	0.0591312130876593
A		B3_mean_developmental_correction									0.7156601548194885					per_gene																											atp2b1a	-0.005361761	-0.16336448	-0.161892529690791
A		B3_mean_developmental_correction									0.3531327843666076					per_gene																											atrxl	0.0	-0.052764647	-0.0671605939851341
A		B3_mean_developmental_correction									0.5177996158599854					per_gene																											aurkb	0.0	0.099020496	0.1074494164643269
A		B3_mean_developmental_correction									0.9174213409423828					per_gene																											axin2	0.083662964	0.053345595	0.046239488603598
A		B3_mean_developmental_correction									0.7659561634063721					per_gene																											bach1b	8.731862e-09	0.057556782	0.0519392452961436
A		B3_mean_developmental_correction									1.6968244314193726					per_gene																											bambia	0.0	-0.44612247	-0.4719021230466032
A		B3_mean_developmental_correction									0.6487700939178467					per_gene																											baz1b	-1.3448901e-08	0.09354374	0.1063501778695863
A		B3_mean_developmental_correction									0.6508592963218689					per_gene																											bcl2l1	-0.020791307	0.027649341	0.0296212124895827
A		B3_mean_developmental_correction									0.6755247116088867					per_gene																											bhlha15	0.002231049	0.03198851	0.0344779691295391
A		B3_mean_developmental_correction									0.7079711556434631					per_gene																											blf	0.1368345	-0.020062039	-0.0243227876766501
A		B3_mean_developmental_correction									1.5889495611190796					per_gene																											bmp2b	-0.021519868	-0.35935277	-0.4062542659725131
A		B3_mean_developmental_correction									1.424823522567749					per_gene																											bmp4	0.2649784	-0.29392424	-0.313917059851884
A		B3_mean_developmental_correction									1.3888139724731443					per_gene																											bmp7a	0.055704463	-0.3198256	-0.3441393946400758
A		B3_mean_developmental_correction									0.3276778757572174					per_gene																											brd2a	0.0	-0.0012822296	0.0145472371143569
A		B3_mean_developmental_correction									0.6776695847511292					per_gene																											btg2	-9.49752e-08	-0.008346261	-0.0073073327164633
A		B3_mean_developmental_correction									0.5860816240310669					per_gene																											c1qbp	0.0014325383	0.113350436	0.1121030087164672
A		B3_mean_developmental_correction									0.7355964183807373					per_gene																											C7H16orf87	0.0	0.0021324302	0.0012769958349992
A		B3_mean_developmental_correction									0.9924340844154358					per_gene																											ca9	0.04419313	0.095533006	0.0871066270848363
A		B3_mean_developmental_correction									0.7538973093032837					per_gene																											casz1	0.06500463	0.044998042	0.0421283569535707
A		B3_mean_developmental_correction									0.4198840856552124					per_gene																											cbx3a	0.0	0.22206467	0.2442346039814922
A		B3_mean_developmental_correction									0.4590376019477844					per_gene																											cbx5	0.0	0.19348991	0.1983147063478006
A		B3_mean_developmental_correction									0.7996777296066284					per_gene																											ccne2	-8.487152e-09	-0.016963605	-0.0146182017761872
A		B3_mean_developmental_correction									0.4630770981311798					per_gene																											ccnf	0.0070249476	-0.11235271	-0.0881555423220055
A		B3_mean_developmental_correction									0.745115339756012					per_gene																											ccng1	5.3881532e-08	0.011165922	0.0154879447628521
A		B3_mean_developmental_correction									0.7259754538536072					per_gene																											cd63	-0.019549165	0.008371809	0.0093511167012326
A		B3_mean_developmental_correction									0.5640500783920288					per_gene																											cdc14b	-5.063908e-08	-0.11612308	-0.1090084789854361
A		B3_mean_developmental_correction									0.5549131631851196					per_gene																											cdca8	0.0	0.11408874	0.1193543228154189
A		B3_mean_developmental_correction									0.6014999747276306					per_gene																											cdh1	0.0	0.3667945	0.3690687378713068
A		B3_mean_developmental_correction									0.8433961272239685					per_gene																											cdh2	0.015786568	0.018627724	0.0079331348085337
A		B3_mean_developmental_correction									0.8995888233184814					per_gene																											cdh6	-0.0057170694	0.06678325	0.0674541915186973
A		B3_mean_developmental_correction									0.912189483642578					per_gene																											cdkn1ca	0.0563436	0.02306907	0.0082644517602282
A		B3_mean_developmental_correction									0.3733828663825989					per_gene																											cdt1	-2.0875454e-07	0.011196456	-0.0011406773409274
A		B3_mean_developmental_correction									1.1320583820343018					per_gene																											cdx1a	-0.0041582054	0.05165454	0.0558036439151241
A		B3_mean_developmental_correction									2.255356311798096					per_gene																											cdx4	-0.0045532575	0.15034561	0.1210912034031944
A		B3_mean_developmental_correction									0.528809666633606					per_gene																											cenpf	0.0	0.15852562	0.1688928848324669
A		B3_mean_developmental_correction									0.6236092448234558					per_gene																											cfl1l	0.14338961	0.031496447	0.0314476476583475
A		B3_mean_developmental_correction									0.7344250679016113					per_gene																											chaf1a	-2.6461212e-08	0.028824104	0.0316588938027441
A		B3_mean_developmental_correction									0.7411283254623413					per_gene																											chst11	0.009382237	0.034211006	0.0414359033238328
A		B3_mean_developmental_correction									0.786211371421814					per_gene																											cldnd	0.06260347	-0.085272305	-0.0752351736584039
A		B3_mean_developmental_correction									0.8026340007781982					per_gene																											clic4	0.0049257167	0.23921913	0.2643822246401067
A		B3_mean_developmental_correction									0.7466138601303101					per_gene																											clocka	0.0014648233	0.030678649	0.0300754130181718
A		B3_mean_developmental_correction									0.7184057235717773					per_gene																											cmtm6	0.012540876	-0.051310655	-0.0646820228976255
A		B3_mean_developmental_correction									0.6824682354927063					per_gene																											cnmd	0.091657765	-0.008445275	-0.0029807432786412
A		B3_mean_developmental_correction									0.7385555505752563					per_gene																											cnn3a	-0.0005433903	-0.0065074284	-0.0122079175863733
A		B3_mean_developmental_correction									0.7702139019966125					per_gene																											coq10b	0.05302402	0.056993585	0.055559408442084
A		B3_mean_developmental_correction									0.875248372554779					per_gene																											crabp2b	-0.008705974	0.48227233	0.5386791363607293
A		B3_mean_developmental_correction									0.9235961437225342					per_gene																											creb3l1	0.086868756	-0.0013878501	-0.0055288434158368
A		B3_mean_developmental_correction									0.8343068957328796					per_gene																											creb3l2	0.0	-0.0397563	-0.0347665279795986
A		B3_mean_developmental_correction									0.7487438917160034					per_gene																											csrp1a	0.022552295	0.025637453	0.0259815738196295
A		B3_mean_developmental_correction									0.8420489430427551					per_gene																											cst3	0.02254138	0.13161287	0.1260165076984605
A		B3_mean_developmental_correction									0.2484908998012542					per_gene																											ctcf	1.5408932e-07	0.17400567	0.1680121047129245
A		B3_mean_developmental_correction									0.8590677976608276					per_gene																											cth1	8.336525e-08	0.12782288	0.1028158137611525
A		B3_mean_developmental_correction									0.6750114560127258					per_gene																											CU570769.1	0.025551002	-0.0036528392	-0.0076847293696522
A		B3_mean_developmental_correction									0.6213034987449646					per_gene																											cux1a	0.020160787	0.019921841	0.024606329355403
A		B3_mean_developmental_correction									0.7454717755317688					per_gene																											cxcl12b	-0.103869386	0.041784562	0.0414525146720672
A		B3_mean_developmental_correction									0.8125124573707581					per_gene																											cxcr4a	1.6718215e-07	0.16852076	0.1788004366181601
A		B3_mean_developmental_correction									1.0833244323730469					per_gene																											dact2	6.0145896e-05	0.36869368	0.4023927492255898
A		B3_mean_developmental_correction									0.6587587594985962					per_gene																											dand5	-0.00059428683	0.013583644	0.0135416557933048
A		B3_mean_developmental_correction									0.8006249666213989					per_gene																											dbx1a	0.0010058705	0.033029914	0.0229954864825275
A		B3_mean_developmental_correction									0.8583552241325378					per_gene																											ddx4	-6.582358e-08	0.39079952	0.4175382059773841
A		B3_mean_developmental_correction									0.6576555967330933					per_gene																											dharma	-0.0097535495	0.0093938	0.0139960059478714
A		B3_mean_developmental_correction									0.2784324586391449					per_gene																											dkc1	0.0	0.3676746	0.3735625948847925
A		B3_mean_developmental_correction									0.6946886777877808					per_gene																											dkk1b	0.12034181	0.19786537	0.1684686783578996
A		B3_mean_developmental_correction									1.667855739593506					per_gene																											dld	-0.0005627833	0.39086145	0.3911146532307871
A		B3_mean_developmental_correction									0.3187814056873321					per_gene																											dlgap5	-0.05832807	0.15318325	0.1746610044064907
A		B3_mean_developmental_correction									1.5825785398483276					per_gene																											dlx3b	-0.002606717	0.16383307	0.1592129102432189
A		B3_mean_developmental_correction									0.5341812372207642					per_gene																											dmd	-0.00020295472	0.14239068	0.1330988722819881
A		B3_mean_developmental_correction									1.01501202583313					per_gene																											drll.2	0.029342797	0.41122332	0.3687315664964851
A		B3_mean_developmental_correction									0.984170377254486					per_gene																											drll.3	0.03651764	0.09461946	0.0800279250254529
A		B3_mean_developmental_correction									0.5969820022583008					per_gene																											dscc1	0.011132483	0.011071873	0.0128841808679062
A		B3_mean_developmental_correction									0.7031466960906982					per_gene																											dync1li1	0.017436508	0.05184044	0.0517215285148631
A		B3_mean_developmental_correction									0.748264729976654					per_gene																											dynll2b	2.9061855e-09	0.03537753	0.0427495257939907
A		B3_mean_developmental_correction									0.710975170135498					per_gene																											ednraa	0.017514898	0.042412654	0.0511145029178622
A		B3_mean_developmental_correction									0.871581494808197					per_gene																											efna1a	0.0206152	0.2630962	0.2282175124354374
A		B3_mean_developmental_correction									0.8629872798919678					per_gene																											efnb2a	-0.026980001	0.21086572	0.1719125898677067
A		B3_mean_developmental_correction									1.093256950378418					per_gene																											efnb2b	0.02491002	0.27474076	0.2530725331286447
A		B3_mean_developmental_correction									0.7675539255142212					per_gene																											egln1b	-4.7940873e-08	-0.042412963	-0.030397788079796
A		B3_mean_developmental_correction									0.4491043984889984					per_gene																											eif3ea	9.916909e-09	0.06272311	0.0718407801579205
A		B3_mean_developmental_correction									0.7027565240859985					per_gene																											elavl3	0.0	0.014720323	0.0191822428727513
A		B3_mean_developmental_correction									1.1331876516342163					per_gene																											elf1	0.0	0.094381444	0.1036251792409198
A		B3_mean_developmental_correction									0.7646266222000122					per_gene																											elob	0.031205993	-0.026887875	-0.0290936989692176
A		B3_mean_developmental_correction									0.6765989065170288					per_gene																											emid1	0.0	0.023320386	0.0293877445330855
A		B3_mean_developmental_correction									0.64071124792099					per_gene																											emx2	0.018836653	0.022182796	0.026619029766557
A		B3_mean_developmental_correction									0.749843955039978					per_gene																											emx3	0.040445697	0.0041409223	0.0030736970948705
A		B3_mean_developmental_correction									0.8305344581604004					per_gene																											epcam	0.0948548	-0.060085036	-0.0639514240220858
A		B3_mean_developmental_correction									1.09155011177063					per_gene																											epha2a	0.0	0.3414106	0.3068224885909748
A		B3_mean_developmental_correction									1.009404540061951					per_gene																											ephb3a	0.006644644	0.05346415	0.0620512029003296
A		B3_mean_developmental_correction									1.1096200942993164					per_gene																											eppk1	-0.060954895	0.043799087	0.0398566734348321
A		B3_mean_developmental_correction									0.5649892091751099					per_gene																											erf	-5.5818738e-08	-0.1581788	-0.1688994496012501
A		B3_mean_developmental_correction									0.8309246897697449					per_gene																											esrra	0.0	-0.03996847	-0.0549435470856093
A		B3_mean_developmental_correction									0.8587396740913391					per_gene																											ets2	-0.00030452202	0.24098316	0.1534313416724303
A		B3_mean_developmental_correction									0.5551850199699402					per_gene																											etv2	0.002251873	0.025646126	0.0278436823633601
A		B3_mean_developmental_correction									0.81538987159729					per_gene																											etv4	0.0	0.26285282	0.3198562053183197
A		B3_mean_developmental_correction									0.6895555257797241					per_gene																											etv5a	-1.26000135e-08	0.02976619	0.0409614276696984
A		B3_mean_developmental_correction									0.5358743667602539					per_gene																											etv5b	0.0	0.19642116	0.2446765447655403
A		B3_mean_developmental_correction									1.4743062257766724					per_gene																											eve1	-0.013553832	0.23998861	0.2718817802599905
A		B3_mean_developmental_correction									0.7315161228179932					per_gene																											f11r.1	1.790566e-08	-0.030805971	-0.0365714835304789
A		B3_mean_developmental_correction									0.8779657483100891					per_gene																											fbln2	-0.016283546	-0.057247873	-0.0364393050297328
A		B3_mean_developmental_correction									1.015089988708496					per_gene																											fezf2	0.0033320084	-0.059572704	-0.0104465856074414
A		B3_mean_developmental_correction									1.0773344039916992					per_gene																											fgf8a	0.0073467423	0.05726312	0.1013895700646622
A		B3_mean_developmental_correction									1.158309817314148					per_gene																											flrt3	0.0036433104	0.46426314	0.4701061902042208
A		B3_mean_developmental_correction									1.2868192195892334					per_gene																											fn1a	0.009102441	-0.10405229	-0.122088296084393
A		B3_mean_developmental_correction									1.0461299419403076					per_gene																											fn1b	0.027820121	-0.09310061	-0.1045934326562823
A		B3_mean_developmental_correction									0.7206064462661743					per_gene																											fnbp1l	8.8889776e-09	-0.010894516	-0.0066479211626435
A		B3_mean_developmental_correction									0.59904944896698					per_gene																											fosab	0.017077718	0.10415636	0.1019934773897681
A		B3_mean_developmental_correction									0.8948229551315308					per_gene																											foxa	0.023325795	0.33391392	0.2989045097265533
A		B3_mean_developmental_correction									0.937209963798523					per_gene																											foxa2	0.0	0.16448909	0.1413416319095829
A		B3_mean_developmental_correction									1.4747285842895508					per_gene																											foxa3	-0.004024643	0.35925558	0.341860790800911
A		B3_mean_developmental_correction									1.2377479076385498					per_gene																											foxb1a	0.013191826	0.19268948	0.1769631096912517
A		B3_mean_developmental_correction									0.838921070098877					per_gene																											foxb1b	-0.01606559	-0.04629322	-0.0282995849270027
A		B3_mean_developmental_correction									1.5790013074874878					per_gene																											foxc1a	0.043951992	0.4046783	0.3698886377701122
A		B3_mean_developmental_correction									0.9046194553375244					per_gene																											foxc1b	0.020141615	0.067453146	0.067449168818171
A		B3_mean_developmental_correction									1.2325760126113892					per_gene																											foxd3	0.016161777	0.23897982	0.2083324937121483
A		B3_mean_developmental_correction									1.4787431955337524					per_gene																											foxd5	-0.0047995173	0.34546486	0.3647302406338717
A		B3_mean_developmental_correction									0.5757766962051392					per_gene																											foxg1a	0.082279496	0.037812788	0.0431197496565496
A		B3_mean_developmental_correction									0.8522146344184875					per_gene																											foxh1	0.0	0.37114736	0.4599609586248412
A		B3_mean_developmental_correction									1.4583770036697388					per_gene																											foxi1	-0.005376723	0.07006631	0.08399693440662
A		B3_mean_developmental_correction									0.839337944984436					per_gene																											foxn2b	0.0	-0.124053694	-0.1374699425242931
A		B3_mean_developmental_correction									0.4048886001110077					per_gene																											foxo1a	0.03239953	0.048119485	0.0474515662202957
A		B3_mean_developmental_correction									0.8815701007843018					per_gene																											foxp1b	0.0	-0.0028606872	-0.001283104031629
A		B3_mean_developmental_correction									0.8718420267105103					per_gene																											foxp2	-2.080793e-08	-0.014149556	-0.0165291848234711
A		B3_mean_developmental_correction									0.9076388478279114					per_gene																											frmd4ba	-0.0018325632	0.110305555	0.0927818817200308
A		B3_mean_developmental_correction									0.7540490627288818					per_gene																											fscn1a	0.014696008	0.5933902	0.6081096636174342
A		B3_mean_developmental_correction									0.7677264213562012					per_gene																											fzd7a	0.014901238	0.10361147	0.088591785349892
A		B3_mean_developmental_correction									0.7846197485923767					per_gene																											fzd7b	-0.17182723	-0.05134151	-0.0506727871804234
A		B3_mean_developmental_correction									1.3066402673721311					per_gene																											fzd8a	0.005269749	0.19378534	0.1837578563922813
A		B3_mean_developmental_correction									0.7381520867347717					per_gene																											gadd45gip1	0.0	-0.012023679	-0.0074592015704626
A		B3_mean_developmental_correction									0.7925792336463928					per_gene																											gapdh	1.11652625e-08	0.0202759	0.0210834182532275
A		B3_mean_developmental_correction									1.7168116569519043					per_gene																											gata2a	-0.002114854	0.14860736	0.1459241858298501
A		B3_mean_developmental_correction									0.6072570085525513					per_gene																											gata3	0.0	0.05417789	0.0656246087242157
A		B3_mean_developmental_correction									1.5082108974456787					per_gene																											gata6	0.07048596	0.2534698	0.2225749871258818
A		B3_mean_developmental_correction									1.22009539604187					per_gene																											gbx1	-0.0095054405	-0.054786343	-0.0471911236923323
A		B3_mean_developmental_correction									0.6066604256629944					per_gene																											gcm2	0.05299176	0.029221132	0.031145061973755
A		B3_mean_developmental_correction									0.7358283996582031					per_gene																											gfi1aa	0.12812784	0.02940671	0.0212454995036131
A		B3_mean_developmental_correction									1.131048560142517					per_gene																											gli1	0.01666846	0.3298951	0.2863999543962143
A		B3_mean_developmental_correction									0.5589496493339539					per_gene																											gmnn	0.0026685398	0.10804489	0.1124744146410687
A		B3_mean_developmental_correction									0.6625016331672668					per_gene																											gpr137bb	1.0535401e-08	0.033200655	0.0393609221049271
A		B3_mean_developmental_correction									1.2037715911865234					per_gene																											grhl1	0.13812323	0.07305936	0.0637557907861079
A		B3_mean_developmental_correction									0.7666617631912231					per_gene																											grhl2b	0.002909585	0.05925736	0.0569440952836402
A		B3_mean_developmental_correction									0.7417581677436829					per_gene																											gsc	0.0026395537	0.02677082	0.0233886151567742
A		B3_mean_developmental_correction									0.8092023134231567					per_gene																											h1-0	5.4168416e-09	0.08702943	0.0798093508204285
A		B3_mean_developmental_correction									0.4032946825027466					per_gene																											hdlbpa	-0.14853074	-0.026223386	-0.0061625194229296
A		B3_mean_developmental_correction									0.9472850561141968					per_gene																											helb	-3.686194e-08	-0.038571287	-0.0320598581884564
A		B3_mean_developmental_correction									0.767281174659729					per_gene																											hells	0.0	0.07335699	0.0658821763930646
A		B3_mean_developmental_correction									1.499218225479126					per_gene																											her1	-0.002560145	0.3560566	0.3626827463280634
A		B3_mean_developmental_correction									0.7799465656280518					per_gene																											her11	0.0648551	-0.012012671	-0.0093386636349901
A		B3_mean_developmental_correction									0.740773618221283					per_gene																											her12	-0.01588073	0.04762186	0.0488509166625539
A		B3_mean_developmental_correction									0.7901600003242493					per_gene																											her2	0.12950072	0.019563336	0.0204360971083312
A		B3_mean_developmental_correction									0.6331343650817871					per_gene																											her3	-0.002689687	0.097515106	0.0977595605142605
A		B3_mean_developmental_correction									0.8386598825454712					per_gene																											her5	-1.1478952e-07	0.036785193	0.0275178592534442
A		B3_mean_developmental_correction									0.925068974494934					per_gene																											her6	-0.019424174	-0.021441732	-0.0192639149360231
A		B3_mean_developmental_correction									0.958368182182312					per_gene																											her7	-0.011997736	0.28595144	0.3095524830087653
A		B3_mean_developmental_correction									1.023918390274048					per_gene																											her8a	-0.0007498907	0.4096224	0.4192759906133657
A		B3_mean_developmental_correction									1.3761351108551023					per_gene																											her9	-0.012430552	0.04914388	0.0565735498129007
A		B3_mean_developmental_correction									0.7369863390922546					per_gene																											hes6	-3.95345e-08	-0.018663809	-0.0182797410598774
A		B3_mean_developmental_correction									0.6709733605384827					per_gene																											hesx1	1.294404e-08	0.01795288	0.0271924654218856
A		B3_mean_developmental_correction									0.7397473454475403					per_gene																											hic1l	-0.012223852	0.034277827	0.0351047623595977
A		B3_mean_developmental_correction									0.6769276261329651					per_gene																											higd1a	0.056727946	0.030875985	0.0244369074833718
A		B3_mean_developmental_correction									0.7821758389472961					per_gene																											hivep2a	0.015806304	-0.013205078	-0.0168176325966731
A		B3_mean_developmental_correction									1.1299132108688354					per_gene																											hoxb1b	-0.026547188	-0.038736694	-0.0327259256242831
A		B3_mean_developmental_correction									0.7075767517089844					per_gene																											hoxb7a	-0.064270005	0.09438338	0.0827887036779685
A		B3_mean_developmental_correction									0.7056869864463806					per_gene																											hoxb8a	-0.0023432176	0.031677682	0.03139060615044
A		B3_mean_developmental_correction									0.7033059000968933					per_gene																											hoxb9a	-0.00014733204	0.03218142	0.0292120515138479
A		B3_mean_developmental_correction									0.733719527721405					per_gene																											hoxc3a	-1.1837506e-08	-0.02066685	-0.0242817953932833
A		B3_mean_developmental_correction									0.7262220978736877					per_gene																											hoxc6a	-4.748114e-08	-0.07240245	-0.0638736489714763
A		B3_mean_developmental_correction									0.5272279977798462					per_gene																											hoxc8a	0.024528839	-0.0027698292	0.0048525870081918
A		B3_mean_developmental_correction									0.747063159942627					per_gene																											hsp90aa1.2	-0.004135825	-0.018109083	-0.0204878135735975
A		B3_mean_developmental_correction									1.1147040128707886					per_gene																											id3	-0.007836664	0.26608992	0.2439771579236724
A		B3_mean_developmental_correction									0.2852405607700348					per_gene																											igf2bp1	-0.009257038	0.10495115	0.1153587373420617
A		B3_mean_developmental_correction									0.7674006223678589					per_gene																											igfbp1a	-0.1321587	0.06876544	0.0643810929513543
A		B3_mean_developmental_correction									0.8293707370758057					per_gene																											irf2a	0.028642235	-0.018790675	-0.0220978240063209
A		B3_mean_developmental_correction									1.1997148990631104					per_gene																											irx1b	-0.00011666761	0.19117746	0.1927739489181522
A		B3_mean_developmental_correction									0.705966055393219					per_gene																											irx3a	0.019053444	0.027654545	0.0209114873846759
A		B3_mean_developmental_correction									0.7231029868125916					per_gene																											irx5a	5.9728e-08	-0.034094483	-0.0289094728109259
A		B3_mean_developmental_correction									1.3662298917770386					per_gene																											irx7	-0.02310451	0.09298552	0.0990734697051201
A		B3_mean_developmental_correction									1.0199520587921145					per_gene																											ism1	0.021711811	0.24044603	0.216421067332545
A		B3_mean_developmental_correction									0.6488035321235657					per_gene																											itga6a	-0.022297459	-0.0033780371	-0.0041631141224712
A		B3_mean_developmental_correction									0.9406693577766418					per_gene																											itgb5	-0.041106105	0.023217393	0.0216131963101445
A		B3_mean_developmental_correction									0.8086199760437012					per_gene																											itm2cb	0.002932954	-0.0058707045	-0.0079402991792053
A		B3_mean_developmental_correction									0.8564667701721191					per_gene																											jcada	-0.012262788	0.065393865	0.0617114337626072
A		B3_mean_developmental_correction									0.7993724942207336					per_gene																											kank1a	3.5395583e-08	-0.008760596	-0.0095231560366294
A		B3_mean_developmental_correction									0.9124152064323424					per_gene																											kazald2	-1.9052571e-08	0.2886985	0.2866800350615524
A		B3_mean_developmental_correction									0.7732725143432617					per_gene																											kdrl	0.017417397	0.029811613	0.0238654515453768
A		B3_mean_developmental_correction									0.7325493693351746					per_gene																											kif15	0.1257002	-0.02839666	-0.028075380283688
A		B3_mean_developmental_correction									1.419515609741211					per_gene																											kirrel3l	-0.014056116	0.46137106	0.4120018133888554
A		B3_mean_developmental_correction									0.7569802403450012					per_gene																											klf17	-0.06598051	0.04308031	0.0323171135579621
A		B3_mean_developmental_correction									1.4421759843826294					per_gene																											klf2a	0.15326999	0.04452217	0.0354522740770384
A		B3_mean_developmental_correction									1.7119789123535156					per_gene																											klf2b	-0.035322882	0.2109103	0.2083610741215661
A		B3_mean_developmental_correction									1.050281047821045					per_gene																											klf3	-0.2375811	0.06721233	0.0523040177822281
A		B3_mean_developmental_correction									0.894450843334198					per_gene																											klf7a	-0.049174707	0.023338733	0.022447353565674
A		B3_mean_developmental_correction									0.7503613829612732					per_gene																											klf8	0.0061009177	0.0896394	0.0996894892169627
A		B3_mean_developmental_correction									0.7127104997634888					per_gene																											kmt2bb	0.047311056	0.004658141	0.0026533947926435
A		B3_mean_developmental_correction									0.4866779446601867					per_gene																											kmt5aa	-1.5756438e-08	0.0673586	0.0459569361865667
A		B3_mean_developmental_correction									1.9606866836547847					per_gene																											krt4	0.050689477	0.11745129	0.0984295261556467
A		B3_mean_developmental_correction									1.7891550064086914					per_gene																											krt8	0.024643896	0.11094899	0.1023572470937564
A		B3_mean_developmental_correction									1.298771858215332					per_gene																											krt99	-0.061389346	-0.112970784	-0.0990574327713085
A		B3_mean_developmental_correction									0.6536275148391724					per_gene																											lamb1a	-0.0005583446	0.3495103	0.3719242640180392
A		B3_mean_developmental_correction									0.6441656351089478					per_gene																											lamc1	0.0	-0.250617	-0.2453513156837564
A		B3_mean_developmental_correction									0.7290553450584412					per_gene																											lamp2	1.3364394e-08	0.16090646	0.1495293578103936
A		B3_mean_developmental_correction									0.7159355282783508					per_gene																											lbx2	-0.009794527	0.10467779	0.0973757827379426
A		B3_mean_developmental_correction									1.0938985347747805					per_gene																											lef1	0.00460589	0.28097928	0.2850782828182806
A		B3_mean_developmental_correction									0.9541661739349364					per_gene																											lft1	0.007984898	0.1802815	0.2174127843865544
A		B3_mean_developmental_correction									0.986687958240509					per_gene																											lft2	0.14855912	0.15726663	0.154183555634669
A		B3_mean_developmental_correction									0.7911974191665649					per_gene																											lgals3b	2.2356174e-08	0.0011359572	-0.001438096709193
A		B3_mean_developmental_correction									0.7471944093704224					per_gene																											lhfpl6	0.0	0.006407798	0.013786139869174
A		B3_mean_developmental_correction									0.920441210269928					per_gene																											lhx1a	0.08284186	0.28066114	0.2622368642772812
A		B3_mean_developmental_correction									1.4537044763565063					per_gene																											lhx5	-0.0009213113	0.12909177	0.1410663404947394
A		B3_mean_developmental_correction									0.9718396067619324					per_gene																											lima1a	1.9586162e-08	-0.16848034	-0.1852408542623211
A		B3_mean_developmental_correction									0.342935562133789					per_gene																											lmnb1	-2.7232929e-08	0.16587064	0.1630502455768371
A		B3_mean_developmental_correction									0.7740589380264282					per_gene																											lmo2	0.10491562	0.0060383566	0.0048551480685196
A		B3_mean_developmental_correction									1.315522074699402					per_gene																											lmo4a	-0.0008235604	-0.055995416	-0.0539020181498506
A		B3_mean_developmental_correction									0.8580564856529236					per_gene																											lratb.1	0.0	0.014763591	0.0212936777526925
A		B3_mean_developmental_correction									0.7800366878509521					per_gene																											lratd1	1.1139208e-08	0.018560473	0.0226421815997536
A		B3_mean_developmental_correction									0.6473340392112732					per_gene																											mab21l2	-0.0078453105	0.00897509	0.0081328490829418
A		B3_mean_developmental_correction									0.6392077207565308					per_gene																											mad1l1	1.124988e-08	0.12697478	0.1586314161020952
A		B3_mean_developmental_correction									0.7725178599357605					per_gene																											map1lc3b	-0.17933983	-0.013879148	-0.0267427302028368
A		B3_mean_developmental_correction									0.5471494197845459					per_gene																											map2k6	4.3508283e-08	0.15174085	0.1339042382175567
A		B3_mean_developmental_correction									0.8304030895233154					per_gene																											mcama	0.0033499305	0.08970271	0.0875567125654716
A		B3_mean_developmental_correction									0.4686827659606933					per_gene																											mcm2	0.0	0.20395902	0.2060477748721644
A		B3_mean_developmental_correction									0.3753272891044616					per_gene																											mcm3	0.00841312	0.2847194	0.2158882258023685
A		B3_mean_developmental_correction									0.3471766114234924					per_gene																											mcm4	0.010208309	0.25661907	0.2680686694285274
A		B3_mean_developmental_correction									0.6644012928009033					per_gene																											mcm5	-9.452985e-09	0.050925624	0.0389585481631886
A		B3_mean_developmental_correction									0.2786901295185089					per_gene																											mcm7	0.0	0.29171494	0.2902861091998212
A		B3_mean_developmental_correction									0.7663604021072388					per_gene																											mef2d	-0.0013480486	0.016035454	0.0180865977743601
A		B3_mean_developmental_correction									1.1672956943511963					per_gene																											meis1b	-0.013829823	0.28643692	0.252249410677573
A		B3_mean_developmental_correction									0.7115201354026794					per_gene																											meis2a	-0.05551541	0.02116526	0.0167817936785695
A		B3_mean_developmental_correction									1.0366885662078855					per_gene																											meis3	-0.020237261	0.010170257	0.0112953669049352
A		B3_mean_developmental_correction									0.8114272356033325					per_gene																											meox1	-0.0077796713	0.033558693	0.0295547830523119
A		B3_mean_developmental_correction									0.7404776811599731					per_gene																											mespaa	-0.00014403969	0.1181101	0.1094216801915768
A		B3_mean_developmental_correction									0.9053714871406556					per_gene																											mespab	0.0026488327	0.2606713	0.2150746490602599
A		B3_mean_developmental_correction									0.6835967302322388					per_gene																											mgst3b	-0.07525818	0.03876826	0.0435342341580653
A		B3_mean_developmental_correction									0.7280403971672058					per_gene																											mibp2	0.0035094526	0.04771128	0.0456660217361929
A		B3_mean_developmental_correction									0.9783353209495544					per_gene																											mixl1	0.050792143	0.37868813	0.3644143061833966
A		B3_mean_developmental_correction									0.2761643528938293					per_gene																											mki67	1.15362376e-07	0.0060397736	0.0094316647362752
A		B3_mean_developmental_correction									0.7679750323295593					per_gene																											mns1	-0.010362321	0.04791228	0.0382930396198564
A		B3_mean_developmental_correction									1.6729960441589355					per_gene																											msgn1	-0.004774806	0.010363422	0.0202325124939863
A		B3_mean_developmental_correction									1.6265311241149902					per_gene																											msx1b	0.012289634	-0.069725335	-0.0779938035913625
A		B3_mean_developmental_correction									0.9668681621551514					per_gene																											msx3	0.010103293	-0.043084398	-0.0371070360589994
A		B3_mean_developmental_correction									0.5201590061187744					per_gene																											mycb	-0.06926929	0.039415997	0.0408648200407308
A		B3_mean_developmental_correction									0.702306866645813					per_gene																											mych	-0.03146683	-0.10216309	-0.0478531848231982
A		B3_mean_developmental_correction									0.5064931511878967					per_gene																											mycla	0.026731927	0.25344598	0.3106291121027358
A		B3_mean_developmental_correction									1.0441621541976929					per_gene																											myclb	0.0107137915	0.25333017	0.2698285040059726
A		B3_mean_developmental_correction									1.0318145751953125					per_gene																											mycn	-0.0007364135	0.22697523	0.22146208665152
A		B3_mean_developmental_correction									0.7456958293914795					per_gene																											myf5	-0.012181874	0.019335812	0.0316905356219434
A		B3_mean_developmental_correction									0.779279351234436					per_gene																											myod1	-0.009312174	0.019107789	0.030154281893772
A		B3_mean_developmental_correction									0.9825522303581238					per_gene																											nanog	0.0	0.043912783	0.0628578095174736
A		B3_mean_developmental_correction									1.1066020727157593					per_gene																											nanos3	0.143185	-0.05718616	-0.0768597659090757
A		B3_mean_developmental_correction									0.4690739810466766					per_gene																											nap1l1	-9.257363e-08	0.063291654	0.0699934619535741
A		B3_mean_developmental_correction									0.5460547208786011					per_gene																											nasp	-8.678289e-09	0.28727037	0.3197901262901103
A		B3_mean_developmental_correction									0.3496783971786499					per_gene																											ncapd2	0.0	0.28178704	0.3062432761338006
A		B3_mean_developmental_correction									0.5158617496490479					per_gene																											nckap5l	0.0	-0.048716012	-0.0242162386272573
A		B3_mean_developmental_correction									0.7042089104652405					per_gene																											ndr1	0.2021559	0.13787895	0.1384615805773674
A		B3_mean_developmental_correction									1.0211515426635742					per_gene																											ndr2	0.29641563	0.19869888	0.1932485560598378
A		B3_mean_developmental_correction									0.7991180419921875					per_gene																											ndufv3	0.0	0.09081955	0.0943416194811365
A		B3_mean_developmental_correction									1.1658400297164917					per_gene																											nid2a	-0.008183083	0.009171617	0.009474872828748
A		B3_mean_developmental_correction									0.7529712915420532					per_gene																											nip7	1.1569749e-08	0.16062649	0.179848374940182
A		B3_mean_developmental_correction									0.7611658573150635					per_gene																											nkx1.2la	-0.012528736	0.025579538	0.0246547559537419
A		B3_mean_developmental_correction									0.6557974815368652					per_gene																											nkx2.2a	0.034391724	0.04003027	0.0422142559428979
A		B3_mean_developmental_correction									0.815561056137085					per_gene																											nkx2.5	-0.16960898	0.057914246	0.070383290501055
A		B3_mean_developmental_correction									0.8323826193809509					per_gene																											nog1	-0.0044999653	0.075514026	0.0550906952727567
A		B3_mean_developmental_correction									0.3187572360038757					per_gene																											nop58	0.006457971	0.33621457	0.347418055310876
A		B3_mean_developmental_correction									0.4499963521957397					per_gene																											notch1a	0.0	-0.0010515053	-0.0148536271956525
A		B3_mean_developmental_correction									1.1351062059402466					per_gene																											noto	0.041145988	0.40033975	0.351019944120004
A		B3_mean_developmental_correction									0.79583740234375					per_gene																											nr2f2	0.02325492	0.0106150145	0.0054931829995077
A		B3_mean_developmental_correction									0.7255616784095764					per_gene																											nr6a1a	-0.0034455615	-0.0126002515	-0.0130327258025109
A		B3_mean_developmental_correction									0.9206523299217224					per_gene																											nrarpa	-0.004750714	0.03028184	0.0777829226429777
A		B3_mean_developmental_correction									0.6903135180473328					per_gene																											nsd2	-5.071916e-08	0.35366738	0.3608501193977098
A		B3_mean_developmental_correction									0.8386278748512268					per_gene																											ntd5	-0.0024506121	-0.017307902	0.0053192431247257
A		B3_mean_developmental_correction									0.8663488626480103					per_gene																											oclna	2.0502588e-08	0.042545334	0.0418228794375707
A		B3_mean_developmental_correction									0.7180951237678528					per_gene																											olig4	-0.05109448	-0.013944368	-0.0129622130402429
A		B3_mean_developmental_correction									0.839515745639801					per_gene																											osr1	-0.007411884	0.3754531	0.3160307185070401
A		B3_mean_developmental_correction									1.4676607847213743					per_gene																											otx1	-3.5893077e-08	0.16876258	0.1528963636747358
A		B3_mean_developmental_correction									0.9101573824882508					per_gene																											otx2a	0.009395726	0.046442207	0.0525215351155995
A		B3_mean_developmental_correction									1.316574215888977					per_gene																											otx2b	-0.006250245	0.003112522	0.0190131762753214
A		B3_mean_developmental_correction									0.6416546702384949					per_gene																											pax2a	1.1041512e-08	0.083868004	0.0735760903541883
A		B3_mean_developmental_correction									0.8674079179763794					per_gene																											pax3a	-5.066849e-09	0.05830581	0.0571187387795685
A		B3_mean_developmental_correction									0.7783181667327881					per_gene																											pax6a	0.0	0.053583443	0.0515765054572617
A		B3_mean_developmental_correction									0.781092643737793					per_gene																											pax6b	-0.019684	0.025948575	0.0221417392984644
A		B3_mean_developmental_correction									0.6626306176185608					per_gene																											pbx1b	-0.039934956	0.014324822	0.013646893617337
A		B3_mean_developmental_correction									0.2816064059734344					per_gene																											pbx4	-2.8749064e-08	0.0017437487	0.0041583098769348
A		B3_mean_developmental_correction									1.33662748336792					per_gene																											pcdh10b	0.011030617	0.32287085	0.2741435337562884
A		B3_mean_developmental_correction									0.6443732380867004					per_gene																											pcdh7b	0.037990063	0.050534964	0.0537898212084445
A		B3_mean_developmental_correction									0.5081095695495605					per_gene																											PCDH8	-0.00020435543	0.0782531	0.080049663511217
A		B3_mean_developmental_correction									0.9387030601501464					per_gene																											pcdh8	0.019322118	0.4284504	0.420708023065294
A		B3_mean_developmental_correction									0.8340624570846558					per_gene																											pdap1a	-0.022851903	0.024827095	0.028897720642479
A		B3_mean_developmental_correction									1.1104363203048706					per_gene																											perp	0.015719777	0.06557506	0.0601200722563966
A		B3_mean_developmental_correction									0.6605861783027649					per_gene																											pfn2	0.03694576	0.039209124	0.032784196834354
A		B3_mean_developmental_correction									0.7428780794143677					per_gene																											pitx2	0.0	0.051496904	0.0426562522554951
A		B3_mean_developmental_correction									0.7683000564575195					per_gene																											pknox1.1	0.04046726	0.3734701	0.4188678016037628
A		B3_mean_developmental_correction									0.7962083220481873					per_gene																											plagl2	0.12676175	-0.003496975	-0.0097041724473467
A		B3_mean_developmental_correction									0.9416206479072572					per_gene																											plekhg5b	-0.00334341	0.19693829	0.2062671756207201
A		B3_mean_developmental_correction									0.6458231806755066					per_gene																											pmp22b	-0.094233654	0.018726103	0.0202378309923649
A		B3_mean_developmental_correction									0.7402851581573486					per_gene																											pold3	-2.788748e-08	0.033812694	0.0324770468147153
A		B3_mean_developmental_correction									0.6963590383529663					per_gene																											ppan	-0.003600003	0.14014776	0.1599096693894237
A		B3_mean_developmental_correction									1.2023085355758667					per_gene																											prickle1b	0.005473769	0.23677489	0.2764046418767599
A		B3_mean_developmental_correction									0.3095938265323639					per_gene																											prmt1	0.18443929	0.09455611	0.1102021989016241
A		B3_mean_developmental_correction									0.7451831698417664					per_gene																											prox1a	-0.00084451487	-0.03306976	-0.0356958261830168
A		B3_mean_developmental_correction									0.5229429602622986					per_gene																											ptp4a2b	6.238334e-08	-0.07453172	-0.0710210764894077
A		B3_mean_developmental_correction									0.6886565089225769					per_gene																											pttg1	8.3588304e-08	0.0044374852	0.0050668894220917
A		B3_mean_developmental_correction									0.8723241686820984					per_gene																											rab11fip4a	0.024832226	0.1146041	0.1219094802497864
A		B3_mean_developmental_correction									0.4667409658432007					per_gene																											rac1a	9.592515e-08	0.08334194	0.104239153922917
A		B3_mean_developmental_correction									0.8228572607040405					per_gene																											raraa	0.005007994	0.07735358	0.0820400440164754
A		B3_mean_developmental_correction									1.1471720933914185					per_gene																											rasgef1ba	0.12034344	0.13354224	0.2101127821729708
A		B3_mean_developmental_correction									0.9998148083686828					per_gene																											rasl11b	0.012310156	-0.0014174635	0.002480312155842
A		B3_mean_developmental_correction									0.4064847826957702					per_gene																											rbbp4	1.2595112e-07	0.27476516	0.289733426249604
A		B3_mean_developmental_correction									0.6433759331703186					per_gene																											rbm4.3	0.0	0.05349224	0.0695666604638609
A		B3_mean_developmental_correction									0.5892765522003174					per_gene																											rbm7	-0.004267846	0.04187221	0.0439642070524619
A		B3_mean_developmental_correction									0.3843685686588287					per_gene																											rbmx	-4.0501195e-08	0.10946454	0.1272885569643269
A		B3_mean_developmental_correction									0.3591969609260559					per_gene																											rcc1	-0.009683501	0.17439556	0.1826705400891357
A		B3_mean_developmental_correction									0.7752389311790466					per_gene																											rdh10b	-0.0014493095	-0.005346783	-0.0101997092894605
A		B3_mean_developmental_correction									0.676403284072876					per_gene																											rfx2	0.0	0.030216523	0.0288343057089913
A		B3_mean_developmental_correction									0.6998168230056763					per_gene																											rhov	0.053514656	0.31331065	0.330515603487737
A		B3_mean_developmental_correction									0.7647599577903748					per_gene																											ripply1	0.0003061674	0.08133053	0.0783987517625777
A		B3_mean_developmental_correction									0.9268733859062196					per_gene																											rnd1b	0.0	0.17939596	0.1745773292619342
A		B3_mean_developmental_correction									1.7879310846328735					per_gene																											rpl10	0.0	0.061544668	0.0602200996457949
A		B3_mean_developmental_correction									0.5600519180297852					per_gene																											rpl19	0.0	0.11165914	0.128182961920367
A		B3_mean_developmental_correction									0.4820343255996704					per_gene																											rpl31	-2.477634e-08	0.059901036	0.0492700213817212
A		B3_mean_developmental_correction									0.7595449090003967					per_gene																											rpl34	0.0020702912	0.04855792	0.0407881297103982
A		B3_mean_developmental_correction									0.7312987446784973					per_gene																											rpl38	0.023142643	0.08549329	0.0934820044949025
A		B3_mean_developmental_correction									0.6795262694358826					per_gene																											rpl4	-0.047322337	0.05395011	0.0519294396036969
A		B3_mean_developmental_correction									0.3393003940582275					per_gene																											rpl5a	-0.010001145	0.012584239	0.0180645906152124
A		B3_mean_developmental_correction									0.4209658503532409					per_gene																											rpl6	0.0	0.08516453	0.0905891401063446
A		B3_mean_developmental_correction									0.8266647458076477					per_gene																											rplp0	-6.080702e-08	0.083073825	0.0715363359827963
A		B3_mean_developmental_correction									1.474036455154419					per_gene																											rplp2l	0.03619098	-0.013604589	0.0050730759585435
A		B3_mean_developmental_correction									0.3190633952617645					per_gene																											rps3	0.0	0.053551067	0.0574412532327265
A		B3_mean_developmental_correction									0.3269877731800079					per_gene																											rps6	1.4633842e-07	0.20445578	0.2025181166478374
A		B3_mean_developmental_correction									1.1042834520339966					per_gene																											rrbp1b	-1.7933523e-08	-0.20317352	-0.1848896642927814
A		B3_mean_developmental_correction									1.2008087635040283					per_gene																											rreb1a	0.0	-0.19447	-0.2127167438226401
A		B3_mean_developmental_correction									1.0276124477386477					per_gene																											rreb1b	-0.012016797	-0.06428601	-0.0715869145622208
A		B3_mean_developmental_correction									0.4081975221633911					per_gene																											rrm2	-0.015760344	0.32585382	0.3132220432388486
A		B3_mean_developmental_correction									0.7078068256378174					per_gene																											rrp8	-0.10994398	-1.2243835e-05	0.0031155260490945
A		B3_mean_developmental_correction									0.7326478958129883					per_gene																											rx3	-0.04616548	0.047299318	0.0442519584957186
A		B3_mean_developmental_correction									0.6325854063034058					per_gene																											rxraa	0.0011828076	0.06435014	0.0626623256345063
A		B3_mean_developmental_correction									0.8195621371269226					per_gene																											rxrgb	-0.010647875	0.107037	0.1058406050624838
A		B3_mean_developmental_correction									0.7142310738563538					per_gene																											sall1a	-0.007907333	0.122584075	0.1190199285131536
A		B3_mean_developmental_correction									0.7852064371109009					per_gene																											sall3a	0.0	0.06260335	0.0666699343131868
A		B3_mean_developmental_correction									0.97903573513031					per_gene																											sall3b	0.0	0.29619178	0.2221330198169643
A		B3_mean_developmental_correction									0.7430531978607178					per_gene																											sdc4	1.7532251e-08	0.033262778	0.0245953772693333
A		B3_mean_developmental_correction									0.6028207540512085					per_gene																											sebox	0.17303985	0.20287535	0.1778476079140054
A		B3_mean_developmental_correction									1.0490953922271729					per_gene																											sept9a	-4.3917197e-08	-0.11195485	-0.0903196606661374
A		B3_mean_developmental_correction									0.87868332862854					per_gene																											shha	-0.087403156	-0.12232237	-0.0808348897219663
A		B3_mean_developmental_correction									0.9326357245445251					per_gene																											si:ch211-106e7.2	0.07403286	0.077699766	0.0851154432207505
A		B3_mean_developmental_correction									0.6916840076446533					per_gene																											si:ch211-113a14.12	0.12460652	0.03956559	0.0293176603251851
A		B3_mean_developmental_correction									0.7759822010993958					per_gene																											si:ch211-113a14.18	-0.009234442	0.0944871	0.0790512453452907
A		B3_mean_developmental_correction									0.7741342782974243					per_gene																											si:ch211-114n24.6	0.0	0.0614685	0.057973609355005
A		B3_mean_developmental_correction									0.5104383230209351					per_gene																											si:ch211-155e24.3	-0.008518304	0.19816826	0.2339586774584532
A		B3_mean_developmental_correction									0.4582489728927612					per_gene																											si:ch211-161h7.4	2.6371682e-08	0.15076655	0.1814470705151575
A		B3_mean_developmental_correction									0.4472816586494446					per_gene																											si:ch211-163l21.7	-0.06083569	0.022145336	0.0253765757991328
A		B3_mean_developmental_correction									0.7348966598510742					per_gene																											si:dkey-108k21.14	-0.028205508	0.1480711	0.1168559265336476
A		B3_mean_developmental_correction									0.5055607557296753					per_gene																											si:dkey-108k21.21	0.13367376	0.061572857	0.0665214583856265
A		B3_mean_developmental_correction									1.135856866836548					per_gene																											si:dkey-261h17.1	0.002390492	-0.23239766	-0.2511337585907848
A		B3_mean_developmental_correction									0.7554327845573425					per_gene																											si:dkey-261m9.12	-0.043649275	0.20868349	0.1709898284258105
A		B3_mean_developmental_correction									0.6297460198402405					per_gene																											si:dkey-66i24.9	0.0	0.036805984	0.0436686093361905
A		B3_mean_developmental_correction									0.7759305834770203					per_gene																											si:dkey-68o6.5	0.012390686	0.00544877	-0.0080084551000683
A		B3_mean_developmental_correction									0.8778995871543884					per_gene																											si:dkey-92i17.2	-0.06841646	0.0014077398	-0.0012490545645997
A		B3_mean_developmental_correction									0.664564847946167					per_gene																											six3b	0.02493958	0.04738367	0.0476703404089884
A		B3_mean_developmental_correction									1.2598652839660645					per_gene																											six4a	-0.003868804	0.09828179	0.1007500957938395
A		B3_mean_developmental_correction									0.9458594918251038					per_gene																											six4b	-0.020618511	0.11322258	0.0799934772291598
A		B3_mean_developmental_correction									0.9221081137657166					per_gene																											six7	-0.056642305	0.044957645	0.053176801869242
A		B3_mean_developmental_correction									0.8368396759033203					per_gene																											skia	0.00020992964	-0.011973993	-0.0145583940473436
A		B3_mean_developmental_correction									0.7071849703788757					per_gene																											skila	0.0	0.03622042	0.0491841072230423
A		B3_mean_developmental_correction									0.9210951924324036					per_gene																											skilb	0.0017195429	-0.00044015577	-0.010311003969961
A		B3_mean_developmental_correction									1.1908588409423828					per_gene																											smtnl	-0.030336987	0.16194788	0.1443356542439729
A		B3_mean_developmental_correction									1.4021304845809937					per_gene																											snai1a	5.17025e-08	0.23318732	0.1934269290910017
A		B3_mean_developmental_correction									0.9617368578910828					per_gene																											snai2	0.031019378	0.30070943	0.3579607348224747
A		B3_mean_developmental_correction									0.7020244002342224					per_gene																											snrpc	-4.649242e-09	0.037089508	0.0449013865368829
A		B3_mean_developmental_correction									0.687367856502533					per_gene																											snrpd3	0.018342199	0.01574999	0.0178759137106
A		B3_mean_developmental_correction									0.7721456289291382					per_gene																											snrpg	-0.22171636	-0.0074543324	-0.0011507796857486
A		B3_mean_developmental_correction									0.5809625387191772					per_gene																											sox10	0.0688699	-0.03440093	-0.0364401598577004
A		B3_mean_developmental_correction									1.0995663404464722					per_gene																											sox11a	-8.530135e-09	0.55017936	0.5316844808890175
A		B3_mean_developmental_correction									0.6164213418960571					per_gene																											sox11b	0.0	-0.17429085	-0.2023416129985789
A		B3_mean_developmental_correction									0.805176317691803					per_gene																											sox13	-0.0070614447	0.07756825	0.0826245440881956
A		B3_mean_developmental_correction									0.8129801750183105					per_gene																											sox17	0.17320357	-0.03602745	-0.0503858542722564
A		B3_mean_developmental_correction									1.4073855876922607					per_gene																											sox19a	3.2415212e-08	0.67584246	0.6793378750865818
A		B3_mean_developmental_correction									1.1586337089538574					per_gene																											sox2	0.009880295	-0.05635024	-0.0491579876301011
A		B3_mean_developmental_correction									1.1065728664398191					per_gene																											sox3	0.14756154	0.4141746	0.3428557003817082
A		B3_mean_developmental_correction									1.5008639097213743					per_gene																											sox32	-0.011530239	0.38651848	0.3430449227933933
A		B3_mean_developmental_correction									1.0527187585830688					per_gene																											sox5	0.021496983	-0.019820934	-0.022965328337871
A		B3_mean_developmental_correction									0.6297977566719055					per_gene																											sp5a	0.000452706	0.08805258	0.0771867681421963
A		B3_mean_developmental_correction									1.2864164113998413					per_gene																											sp5l	-0.019899659	-0.1505204	-0.1754634684363378
A		B3_mean_developmental_correction									0.4408903121948242					per_gene																											spon1b	0.017335959	0.035189785	0.040300936392474
A		B3_mean_developmental_correction									0.8001916408538818					per_gene																											srp19	0.0	0.052464493	0.0491107459010022
A		B3_mean_developmental_correction									0.7571787238121033					per_gene																											srrm4	-0.0005339023	-0.012517708	-0.0101451063335617
A		B3_mean_developmental_correction									0.6622611284255981					per_gene																											stmn1a	-0.0151203545	0.060784765	0.0630450335240981
A		B3_mean_developmental_correction									0.6222977042198181					per_gene																											stox1	-1.459907e-08	0.011179127	0.0099834250593576
A		B3_mean_developmental_correction									0.3097082078456878					per_gene																											supt16h	-3.9836944e-08	0.25546274	0.2543631322677269
A		B3_mean_developmental_correction									1.012901782989502					per_gene																											syne2b	-0.0033332633	0.14123304	0.1432581023481958
A		B3_mean_developmental_correction									1.2017232179641724					per_gene																											szl	-0.025207438	-0.13698651	-0.1179300726707489
A		B3_mean_developmental_correction									1.147157073020935					per_gene																											tagln2	0.12320557	0.06777219	0.0549037878037266
A		B3_mean_developmental_correction									0.5219044089317322					per_gene																											tbr1b	0.0187321	0.025173279	0.0305048291872256
A		B3_mean_developmental_correction									0.7695742845535278					per_gene																											tbx1	-0.019541899	0.19901338	0.1959409981648956
A		B3_mean_developmental_correction									1.635883092880249					per_gene																											tbx16	2.1678545e-08	0.33154166	0.3271161140710864
A		B3_mean_developmental_correction									1.8190619945526123					per_gene																											tbx16l	0.002994764	0.3718044	0.3310063028557432
A		B3_mean_developmental_correction									0.817632794380188					per_gene																											tbx3b	0.0037500288	-0.004567555	-0.0025061768139907
A		B3_mean_developmental_correction									0.8932124376296997					per_gene																											tbx6	-0.04471227	0.051333528	0.0428579389998786
A		B3_mean_developmental_correction									1.6379292011260986					per_gene																											tbxta	-0.07779273	0.50708	0.5510389025678943
A		B3_mean_developmental_correction									1.23835551738739					per_gene																											tbxtb	0.044810448	0.0039617517	0.0167637626495886
A		B3_mean_developmental_correction									0.6576161980628967					per_gene																											tcf3b	0.023758387	0.5149541	0.5477440872422755
A		B3_mean_developmental_correction									1.009899020195007					per_gene																											tcf7	0.002863774	0.17937548	0.1774088966646685
A		B3_mean_developmental_correction									0.997685730457306					per_gene																											tcf7l1a	0.0	0.33604297	0.3631325156762133
A		B3_mean_developmental_correction									1.0310362577438354					per_gene																											tcf7l1b	0.0049999785	0.37056625	0.376567766952855
A		B3_mean_developmental_correction									0.8185054659843445					per_gene																											tcf7l2	0.021199604	0.004651595	0.0055204757972677
A		B3_mean_developmental_correction									1.0144110918045044					per_gene																											tdgf1	-1.7146252e-08	0.026087534	0.0195583165550197
A		B3_mean_developmental_correction									1.0356963872909546					per_gene																											tead1a	-0.0046429317	0.048586812	0.0454832620423473
A		B3_mean_developmental_correction									0.7846301198005676					per_gene																											tead1b	-0.04127405	0.034841854	0.0332106943713887
A		B3_mean_developmental_correction									1.6462223529815674					per_gene																											tfap2a	-0.013099683	0.18194531	0.1681316399845279
A		B3_mean_developmental_correction									2.1525766849517822					per_gene																											tfap2c	0.04151458	-0.15594314	-0.1491624124006725
A		B3_mean_developmental_correction									0.4256170094013214					per_gene																											tgif1	0.0	0.014586828	0.0266475889840673
A		B3_mean_developmental_correction									0.5966909527778625					per_gene																											tlcd5a	0.0	-0.026019257	-0.0347010994496455
A		B3_mean_developmental_correction									0.7408574819564819					per_gene																											tmed10	1.1722597e-08	0.030807061	0.0221018587496807
A		B3_mean_developmental_correction									0.7746009826660156					per_gene																											tmed2	0.030602606	0.03262129	0.0303825174303326
A		B3_mean_developmental_correction									1.265807032585144					per_gene																											tp63	0.00069030747	-0.0851661	-0.0372722425548311
A		B3_mean_developmental_correction									0.8004345893859863					per_gene																											tph1b	0.1128478	0.3376745	0.2673985746324754
A		B3_mean_developmental_correction									0.7394578456878662					per_gene																											tpx2	-0.04288891	0.035689075	0.0381258661064987
A		B3_mean_developmental_correction									0.6420557498931885					per_gene																											tram1	-1.43794665e-08	-0.09662673	-0.0834619166858944
A		B3_mean_developmental_correction									0.6921319365501404					per_gene																											trps1	1.7257097e-08	-0.0052646394	-0.0026022314591842
A		B3_mean_developmental_correction									0.8730841279029846					per_gene																											tshz3b	-1.5909398e-08	0.0031453676	0.0040734589532354
A		B3_mean_developmental_correction									0.8647935390472412					per_gene																											tuba1a	0.004848342	-0.06381812	-0.0747484016314984
A		B3_mean_developmental_correction									0.5031484365463257					per_gene																											tuba8l	-0.006627872	0.03401322	0.0456649475169251
A		B3_mean_developmental_correction									1.2216098308563232					per_gene																											tuba8l2	0.0075638727	-0.32187763	-0.3051695244853793
A		B3_mean_developmental_correction									0.3632371425628662					per_gene																											tuba8l4	0.0	0.33996478	0.3279926024717401
A		B3_mean_developmental_correction									0.3675342798233032					per_gene																											tubb2b	0.0	0.035115935	0.0269157492969422
A		B3_mean_developmental_correction									0.6214006543159485					per_gene																											twist1a	0.17167802	0.0065484866	0.0041865130651227
A		B3_mean_developmental_correction									0.7899176478385925					per_gene																											twist2	-0.053954124	-0.0046157273	0.00665597578451
A		B3_mean_developmental_correction									0.7527705430984497					per_gene																											ube2c	-5.132095e-08	0.003871351	0.0070276927432997
A		B3_mean_developmental_correction									0.2868125438690185					per_gene																											uhrf1	0.0	0.3549483	0.3738052008796108
A		B3_mean_developmental_correction									0.8286523222923279					per_gene																											uncx4.1	-0.0022523047	-0.0073156576	-0.0074007721756094
A		B3_mean_developmental_correction									0.7615416646003723					per_gene																											unga	0.0	0.08788356	0.082867528214904
A		B3_mean_developmental_correction									0.7865630984306335					per_gene																											usf1	1.7393667e-08	0.0028383373	0.0023117559251373
A		B3_mean_developmental_correction									1.378233790397644					per_gene																											ved	0.0445442	-0.3524377	-0.3407234607264287
A		B3_mean_developmental_correction									0.9808347225189208					per_gene																											vgll4l	1.0945995e-07	-0.029352283	-0.0297433331860043
A		B3_mean_developmental_correction									0.7793740630149841					per_gene																											vox	0.026583886	0.00024654047	0.0011378278012977
A		B3_mean_developmental_correction									0.4366262555122375					per_gene																											vrtn	0.0	0.46571156	0.5200353243413198
A		B3_mean_developmental_correction									0.6361904740333557					per_gene																											vsx2	0.026106948	0.08066932	0.0750866865556794
A		B3_mean_developmental_correction									1.2895766496658323					per_gene																											wnt11f2	-0.0040980293	0.39761722	0.4139024162084719
A		B3_mean_developmental_correction									1.115425944328308					per_gene																											wnt8a	-0.022642361	-0.04466563	-0.0366320362882662
A		B3_mean_developmental_correction									1.071993112564087					per_gene																											xbp1	0.0	0.18032216	0.1609059466579464
A		B3_mean_developmental_correction									0.8123875856399536					per_gene																											ypel3	2.0936687e-08	-0.011349306	-0.0092094129389494
A		B3_mean_developmental_correction									0.77765291929245					per_gene																											zbtb18	0.0	0.014130789	0.0177826077232649
A		B3_mean_developmental_correction									0.7278163433074951					per_gene																											zc4h2	0.0	0.018027848	0.013327771913404
A		B3_mean_developmental_correction									0.9254257082939148					per_gene																											zeb1a	-0.009465922	0.12685089	0.132464988975322
A		B3_mean_developmental_correction									1.0184288024902344					per_gene																											zeb1b	0.0004213829	-0.05053877	-0.0586656106446764
A		B3_mean_developmental_correction									0.7449945211410522					per_gene																											zeb2a	0.0	-0.0011462119	-0.0033178653125324
A		B3_mean_developmental_correction									1.042372226715088					per_gene																											zeb2b	0.0	0.04588964	0.0477588508451925
A		B3_mean_developmental_correction									0.6199599504470825					per_gene																											zfand5a	-1.2392366e-08	-0.15400344	-0.1660744918931793
A		B3_mean_developmental_correction									0.6190541386604309					per_gene																											zgc:113372	1.7624362e-09	0.025401706	0.0311882730974138
A		B3_mean_developmental_correction									0.5897809267044067					per_gene																											zgc:174154	-0.017602783	0.07416725	0.0630297290010757
A		B3_mean_developmental_correction									0.7464610934257507					per_gene																											zgc:175088	0.0	0.03924362	0.049598135089556
A		B3_mean_developmental_correction									1.4535210132598877					per_gene																											zic2a	0.0030951763	0.14842875	0.1010307644069183
A		B3_mean_developmental_correction									1.145755410194397					per_gene																											zic2b	0.0	0.2006788	0.3228348937277711
A		B3_mean_developmental_correction									0.6955004930496216					per_gene																											zmp:0000000624	0.009249548	0.02219212	0.0332301173238514
A		B3_mean_developmental_correction									0.744453489780426					per_gene																											znf1004	0.012726075	0.32499757	0.2408612383917233
A		B3_mean_developmental_correction									1.4317432641983032					per_gene																											znf185	0.038726024	0.09980709	0.0806133255671483
A		B3_mean_developmental_correction									0.5607548952102661					per_gene																											znf576.2	0.0	0.060753804	0.0598952746670655
A		B3_mean_developmental_correction									1.021750569343567					per_gene																											znfl2a	0.0	0.395693	0.4276328450042306
A		B3_mean_developmental_correction									0.5581746101379395					per_gene																											zswim5	0.048598137	0.4683785	0.4625783118543654
A		B4_anchor_only_temporal									1.0267661809921265					per_gene																											ackr3b	0.48266044	0.40220731	0.3922896167151656
A		B4_anchor_only_temporal									0.7434946894645691					per_gene																											acvr1ba	0.15970871	0.37188888	0.4223246926568287
A		B4_anchor_only_temporal									0.3127838373184204					per_gene																											add3b	0.3594653	0.37312406	0.3543956125730106
A		B4_anchor_only_temporal									0.6037036776542664					per_gene																											adka	0.0	0.3717432	0.4327753485134435
A		B4_anchor_only_temporal									1.5935733318328855					per_gene																											admp	0.35747924	-0.17066438	-0.1560432400833811
A		B4_anchor_only_temporal									0.6724523305892944					per_gene																											ahi1	0.27703655	0.24691615	0.2652947604866621
A		B4_anchor_only_temporal									0.2861769795417785					per_gene																											akap12b	0.0	0.10268951	0.1148781574251771
A		B4_anchor_only_temporal									0.8701455593109131					per_gene																											alcamb	0.4330133	0.5387846	0.519325595034117
A		B4_anchor_only_temporal									0.5157721638679504					per_gene																											aldob	0.2958622	0.45463333	0.5072088797724413
A		B4_anchor_only_temporal									0.343781977891922					per_gene																											anp32e	0.4691253	0.16492218	0.1475325096423851
A		B4_anchor_only_temporal									0.7804601788520813					per_gene																											apex1	0.14349988	0.030932559	0.0384020443557273
A		B4_anchor_only_temporal									0.9791755080223083					per_gene																											aplnra	0.43226057	0.41738525	0.400026420081783
A		B4_anchor_only_temporal									0.7329269647598267					per_gene																											aplnrb	0.14343517	0.05836851	0.0791639426006585
A		B4_anchor_only_temporal									0.9473552107810974					per_gene																											apoc1	0.40650722	0.45613885	0.4503135711101226
A		B4_anchor_only_temporal									0.4545976221561432					per_gene																											arf5	0.17507482	-0.0011759455	0.0075246299004492
A		B4_anchor_only_temporal									0.4823472499847412					per_gene																											arhgap5	0.18860912	0.015262058	0.0144490835172541
A		B4_anchor_only_temporal									0.702069103717804					per_gene																											arl4aa	0.14750612	0.12946138	0.1091312732135519
A		B4_anchor_only_temporal									0.8014054894447327					per_gene																											arl4ab	0.5469369	0.2910673	0.2016613201395141
A		B4_anchor_only_temporal									0.952159583568573					per_gene																											arl4d	0.34450245	0.37279359	0.3764224311538193
A		B4_anchor_only_temporal									0.7460200190544128					per_gene																											arl6ip5a	0.20535906	0.21706814	0.20464118946112
A		B4_anchor_only_temporal									0.7593591213226318					per_gene																											aspm	0.17041555	0.05245191	0.0420322579511229
A		B4_anchor_only_temporal									0.7566474080085754					per_gene																											atf6	0.11694409	-0.033827387	-0.0301578345397736
A		B4_anchor_only_temporal									0.5349466800689697					per_gene																											atoh1c	0.108562306	0.06300626	0.0649503536227619
A		B4_anchor_only_temporal									0.6702300906181335					per_gene																											atp2b1a	0.27737433	0.23725547	0.1989500313359187
A		B4_anchor_only_temporal									0.3414990901947021					per_gene																											atrxl	0.24402377	0.1317436	0.1422135669903778
A		B4_anchor_only_temporal									0.5081095099449158					per_gene																											aurkb	0.17603497	0.1465975	0.1526632529352832
A		B4_anchor_only_temporal									0.8912867903709412					per_gene																											axin2	0.21074836	0.078822404	0.0743027655259169
A		B4_anchor_only_temporal									0.7649595737457275					per_gene																											bach1b	0.11880096	0.08157285	0.0746680482866163
A		B4_anchor_only_temporal									1.561854600906372					per_gene																											bambia	0.46730375	-0.076373	-0.0465399553727242
A		B4_anchor_only_temporal									0.656339704990387					per_gene																											baz1b	0.24338241	0.20203328	0.2035957461352292
A		B4_anchor_only_temporal									0.6504648327827454					per_gene																											bcl2l1	0.0553684	0.046970077	0.0421554854149593
A		B4_anchor_only_temporal									0.6854432225227356					per_gene																											bhlha15	0.18156524	0.040383205	0.0432862135799858
A		B4_anchor_only_temporal									0.6949276328086853					per_gene																											blf	0.34793183	0.09661196	0.0873964068998453
A		B4_anchor_only_temporal									1.6636241674423218					per_gene																											bmp2b	0.0	-0.35935277	-0.4062543273953975
A		B4_anchor_only_temporal									1.3629566431045532					per_gene																											bmp4	0.41060257	-0.2321918	-0.2512362708047522
A		B4_anchor_only_temporal									1.3018231391906738					per_gene																											bmp7a	0.5494457	-0.10643658	-0.0028066524794856
A		B4_anchor_only_temporal									0.3203743994235992					per_gene																											brd2a	0.20718673	0.091197975	0.0744053719153019
A		B4_anchor_only_temporal									0.602061927318573					per_gene																											btg2	0.31595248	0.27235782	0.2376021998073975
A		B4_anchor_only_temporal									0.5798617005348206					per_gene																											c1qbp	0.17646234	0.21454659	0.2199179091306567
A		B4_anchor_only_temporal									0.7315532565116882					per_gene																											C7H16orf87	0.1083998	0.006837809	0.0034485564811265
A		B4_anchor_only_temporal									0.9617292284965516					per_gene																											ca9	0.24210374	0.16967146	0.1733838986011142
A		B4_anchor_only_temporal									0.7560742497444153					per_gene																											casz1	0.20225522	0.06457431	0.0595769478313425
A		B4_anchor_only_temporal									0.4116102755069732					per_gene																											cbx3a	0.0	0.22206467	0.2442346039814922
A		B4_anchor_only_temporal									0.4138883054256439					per_gene																											cbx5	0.26064005	0.32277897	0.3031060290854906
A		B4_anchor_only_temporal									0.811433732509613					per_gene																											ccne2	0.17662482	0.0513239	0.0440109729415836
A		B4_anchor_only_temporal									0.448777824640274					per_gene																											ccnf	0.2734283	0.09632908	0.1013547930281797
A		B4_anchor_only_temporal									0.6777448654174805					per_gene																											ccng1	0.1742623	0.09902103	0.0981433618613721
A		B4_anchor_only_temporal									0.7190741896629333					per_gene																											cd63	0.14065708	0.011435674	0.0079139866804603
A		B4_anchor_only_temporal									0.5598282814025879					per_gene																											cdc14b	0.24388291	0.08070712	0.0842882426027574
A		B4_anchor_only_temporal									0.5455460548400879					per_gene																											cdca8	0.11269882	0.14651726	0.1395106153740288
A		B4_anchor_only_temporal									0.5958865284919739					per_gene																											cdh1	0.23967186	0.38947642	0.4019254292812732
A		B4_anchor_only_temporal									0.8016903400421143					per_gene																											cdh2	0.33499005	0.3132521	0.3398472792531316
A		B4_anchor_only_temporal									0.8529261946678162					per_gene																											cdh6	0.2585553	0.24360286	0.2220670416852161
A		B4_anchor_only_temporal									0.9097327589988708					per_gene																											cdkn1ca	0.3569975	0.101017915	0.0680716677054184
A		B4_anchor_only_temporal									0.3475150465965271					per_gene																											cdt1	0.23639144	0.19847749	0.1956671336955871
A		B4_anchor_only_temporal									1.040608048439026					per_gene																											cdx1a	0.37254173	0.37578243	0.378336537638843
A		B4_anchor_only_temporal									2.051696538925171					per_gene																											cdx4	0.35327327	0.38041344	0.370413735361853
A		B4_anchor_only_temporal									0.5227560997009277					per_gene																											cenpf	0.09593877	0.18458655	0.2021631707819813
A		B4_anchor_only_temporal									0.6207523941993713					per_gene																											cfl1l	0.14945532	0.06886515	0.0608158993471312
A		B4_anchor_only_temporal									0.7515360713005066					per_gene																											chaf1a	0.25159028	0.079030514	0.0727504400323526
A		B4_anchor_only_temporal									0.7167379856109619					per_gene																											chst11	0.20683971	0.14491458	0.1397448031740529
A		B4_anchor_only_temporal									0.7436615824699402					per_gene																											cldnd	0.24836026	-0.006899738	0.001344244547901
A		B4_anchor_only_temporal									0.771336019039154					per_gene																											clic4	0.14516482	0.2750964	0.3023312992678755
A		B4_anchor_only_temporal									0.7369475364685059					per_gene																											clocka	0.17813209	0.079983406	0.0766579331433802
A		B4_anchor_only_temporal									0.7136200666427612					per_gene																											cmtm6	0.17194022	0.07255724	0.0786339014834154
A		B4_anchor_only_temporal									0.6507617235183716					per_gene																											cnmd	0.25664777	-0.0093209	-0.0050683723345645
A		B4_anchor_only_temporal									0.7300451993942261					per_gene																											cnn3a	0.16921721	0.043913007	0.0481394415282873
A		B4_anchor_only_temporal									0.7530102133750916					per_gene																											coq10b	0.20681316	0.121177524	0.1114690020824784
A		B4_anchor_only_temporal									0.7917481064796448					per_gene																											crabp2b	0.43010235	0.58686197	0.6054588542722538
A		B4_anchor_only_temporal									0.9352712631225586					per_gene																											creb3l1	0.29459944	0.24293882	0.1421459990107758
A		B4_anchor_only_temporal									0.8234788179397583					per_gene																											creb3l2	0.25784513	0.08311022	0.0717495567335759
A		B4_anchor_only_temporal									0.7503184676170349					per_gene																											csrp1a	0.05608194	-0.017761616	-0.0146617299631354
A		B4_anchor_only_temporal									0.8523102402687073					per_gene																											cst3	0.17993574	0.17226937	0.1590168449472302
A		B4_anchor_only_temporal									0.2397403120994568					per_gene																											ctcf	0.23686312	0.2899012	0.2930748088968985
A		B4_anchor_only_temporal									0.8292993307113647					per_gene																											cth1	0.13149405	0.17466074	0.1615272485256177
A		B4_anchor_only_temporal									0.6652451157569885					per_gene																											CU570769.1	0.21603942	0.025881246	0.0202124031246225
A		B4_anchor_only_temporal									0.6220510005950928					per_gene																											cux1a	0.13145472	0.0039017375	-0.0028417270778541
A		B4_anchor_only_temporal									0.7462244629859924					per_gene																											cxcl12b	0.0	0.041784562	0.0414525146720672
A		B4_anchor_only_temporal									0.8128551244735718					per_gene																											cxcr4a	0.15700693	0.19112487	0.212584841095185
A		B4_anchor_only_temporal									1.1160860061645508					per_gene																											dact2	0.08289778	0.36756623	0.3976169931036202
A		B4_anchor_only_temporal									0.649339497089386					per_gene																											dand5	0.16975762	0.045095652	0.0438018334905162
A		B4_anchor_only_temporal									0.8116477131843567					per_gene																											dbx1a	0.19159442	0.1601319	0.1439387659371695
A		B4_anchor_only_temporal									0.8512403964996338					per_gene																											ddx4	0.18720514	0.42578056	0.4481203810889294
A		B4_anchor_only_temporal									0.6602398753166199					per_gene																											dharma	0.1302355	0.0010525341	0.005394882226615
A		B4_anchor_only_temporal									0.2628779709339142					per_gene																											dkc1	0.3134958	0.4639315	0.4715197172866778
A		B4_anchor_only_temporal									0.6603016257286072					per_gene																											dkk1b	0.3345569	0.21774739	0.1815978204026734
A		B4_anchor_only_temporal									1.6682485342025757					per_gene																											dld	0.38088837	0.51937413	0.5092520365253274
A		B4_anchor_only_temporal									0.2920800447463989					per_gene																											dlgap5	0.17667274	0.23012327	0.2646549938517253
A		B4_anchor_only_temporal									1.5154706239700315					per_gene																											dlx3b	0.41199884	0.43289432	0.4240878932333211
A		B4_anchor_only_temporal									0.5343459248542786					per_gene																											dmd	0.14035237	0.15315102	0.1413181916005721
A		B4_anchor_only_temporal									0.9550011157989502					per_gene																											drll.2	0.353056	0.48914903	0.4295158213439248
A		B4_anchor_only_temporal									0.970859706401825					per_gene																											drll.3	0.25982064	0.2040279	0.1433379198321367
A		B4_anchor_only_temporal									0.5992793440818787					per_gene																											dscc1	0.16255859	0.0139043555	0.0134649690688806
A		B4_anchor_only_temporal									0.7020668387413025					per_gene																											dync1li1	0.15806642	0.09399298	0.0909421083101614
A		B4_anchor_only_temporal									0.7405266761779785					per_gene																											dynll2b	0.19664058	0.09028044	0.0950775304435778
A		B4_anchor_only_temporal									0.7171601057052612					per_gene																											ednraa	0.099702336	0.062482085	0.0681170243773125
A		B4_anchor_only_temporal									0.8184276223182678					per_gene																											efna1a	0.21129352	0.30289444	0.2704958026225693
A		B4_anchor_only_temporal									0.8441218733787537					per_gene																											efnb2a	0.25439847	0.28927308	0.26138721388621
A		B4_anchor_only_temporal									1.0265969038009644					per_gene																											efnb2b	0.369663	0.444327	0.4467248286704118
A		B4_anchor_only_temporal									0.7372602820396423					per_gene																											egln1b	0.18200634	0.09468893	0.0856355912472706
A		B4_anchor_only_temporal									0.4452369213104248					per_gene																											eif3ea	0.27795374	0.18756099	0.1937770155220596
A		B4_anchor_only_temporal									0.8231928944587708					per_gene																											elavl3	0.0	0.014720319	0.0191822428727513
A		B4_anchor_only_temporal									1.0943748950958252					per_gene																											elf1	0.13685194	0.1725849	0.1798556626611022
A		B4_anchor_only_temporal									0.7789857387542725					per_gene																											elob	0.22002153	-0.024200927	-0.0275958856468834
A		B4_anchor_only_temporal									0.6979671120643616					per_gene																											emid1	0.19239329	0.0629687	0.0684819365897606
A		B4_anchor_only_temporal									0.6303679943084717					per_gene																											emx2	0.21743356	0.07226003	0.0744783427228066
A		B4_anchor_only_temporal									0.7343021631240845					per_gene																											emx3	0.26994854	0.059823353	0.054116156210609
A		B4_anchor_only_temporal									0.7896307706832886					per_gene																											epcam	0.34290257	0.030623516	0.0292254621405855
A		B4_anchor_only_temporal									0.988685667514801					per_gene																											epha2a	0.38139686	0.47643772	0.3887873192771604
A		B4_anchor_only_temporal									0.9263747930526732					per_gene																											ephb3a	0.40249717	0.39883852	0.4110887169592765
A		B4_anchor_only_temporal									1.115069031715393					per_gene																											eppk1	0.19077544	0.074782595	0.0701114138104715
A		B4_anchor_only_temporal									0.4815381169319153					per_gene																											erf	0.4726749	0.40990946	0.4409445759091412
A		B4_anchor_only_temporal									0.8261479735374451					per_gene																											esrra	0.17270619	0.1220888	0.1386466110299256
A		B4_anchor_only_temporal									0.8530473113059998					per_gene																											ets2	0.19283588	0.231523	0.1602358115980757
A		B4_anchor_only_temporal									0.5491074323654175					per_gene																											etv2	0.14974868	0.060080517	0.0531912898741668
A		B4_anchor_only_temporal									0.8104526996612549					per_gene																											etv4	0.26492846	0.329251	0.3816317739261669
A		B4_anchor_only_temporal									0.9508684277534484					per_gene																											etv5a	0.0	0.029766195	0.0409614276696984
A		B4_anchor_only_temporal									0.5170814990997314					per_gene																											etv5b	0.2677713	0.3295124	0.3484522183264866
A		B4_anchor_only_temporal									1.37907075881958					per_gene																											eve1	0.37173107	0.40160188	0.4271922349398477
A		B4_anchor_only_temporal									0.7537804245948792					per_gene																											f11r.1	0.0	-0.030805971	-0.0365714835304789
A		B4_anchor_only_temporal									0.8537297248840332					per_gene																											fbln2	0.25901443	0.17005546	0.1279633550226174
A		B4_anchor_only_temporal									0.9990997910499572					per_gene																											fezf2	0.27065736	0.16087724	0.1247329051712732
A		B4_anchor_only_temporal									0.9713152647018432					per_gene																											fgf8a	0.4107228	0.19625239	0.2184925924028988
A		B4_anchor_only_temporal									1.132181167602539					per_gene																											flrt3	0.21664956	0.49428248	0.4926201433902415
A		B4_anchor_only_temporal									1.124974250793457					per_gene																											fn1a	0.47218925	0.45952904	0.4694901892828392
A		B4_anchor_only_temporal									0.974278211593628					per_gene																											fn1b	0.32141605	0.25843483	0.2679528498633233
A		B4_anchor_only_temporal									1.6211812496185305					per_gene																											fnbp1l	0.0	-0.010894516	-0.0066479211626435
A		B4_anchor_only_temporal									0.5843973755836487					per_gene																											fosab	0.23024872	0.17210358	0.1408264307670432
A		B4_anchor_only_temporal									0.8782277703285217					per_gene																											foxa	0.2198818	0.39117315	0.3674844354421834
A		B4_anchor_only_temporal									0.9134805202484132					per_gene																											foxa2	0.3113293	0.29985934	0.1826137249610922
A		B4_anchor_only_temporal									1.3577958345413208					per_gene																											foxa3	0.43248296	0.4649577	0.4037183758076084
A		B4_anchor_only_temporal									1.1583799123764038					per_gene																											foxb1a	0.39486405	0.4168135	0.3919249661856408
A		B4_anchor_only_temporal									0.7650624513626099					per_gene																											foxb1b	0.3887714	0.29398105	0.246874269396931
A		B4_anchor_only_temporal									1.475027561187744					per_gene																											foxc1a	0.36743197	0.47638166	0.4516390042781451
A		B4_anchor_only_temporal									0.8856282234191895					per_gene																											foxc1b	0.22026323	0.21527061	0.2143018698395483
A		B4_anchor_only_temporal									1.207673192024231					per_gene																											foxd3	0.21434808	0.31557074	0.2828440750187875
A		B4_anchor_only_temporal									1.41051185131073					per_gene																											foxd5	0.33312726	0.44669405	0.4417192449225292
A		B4_anchor_only_temporal									0.5679066777229309					per_gene																											foxg1a	0.22497772	0.04368701	0.0486225895813751
A		B4_anchor_only_temporal									0.846644937992096					per_gene																											foxh1	0.3143813	0.46836004	0.5222474756783774
A		B4_anchor_only_temporal									1.4436922073364258					per_gene																											foxi1	0.36570802	0.36446315	0.3477612954319594
A		B4_anchor_only_temporal									0.7855607867240906					per_gene																											foxn2b	0.34781212	0.31557965	0.3372362069933619
A		B4_anchor_only_temporal									0.4057767689228058					per_gene																											foxo1a	0.10473197	0.051284015	0.0492864970923109
A		B4_anchor_only_temporal									0.8233387470245361					per_gene																											foxp1b	0.1851276	0.012713476	0.0155567926049605
A		B4_anchor_only_temporal									0.8905041813850403					per_gene																											foxp2	0.18237156	0.090318084	0.0845789706560148
A		B4_anchor_only_temporal									0.8650478720664978					per_gene																											frmd4ba	0.2062477	0.11509838	0.0982349381959784
A		B4_anchor_only_temporal									0.749315619468689					per_gene																											fscn1a	0.23354916	0.6101408	0.6276301763856822
A		B4_anchor_only_temporal									0.7062609791755676					per_gene																											fzd7a	0.37535313	0.31340104	0.3132861663562822
A		B4_anchor_only_temporal									0.7501587271690369					per_gene																											fzd7b	0.0	-0.05134152	-0.0506727871804234
A		B4_anchor_only_temporal									1.2515039443969729					per_gene																											fzd8a	0.24641727	0.2888885	0.2863816648563815
A		B4_anchor_only_temporal									0.7917293906211853					per_gene																											gadd45gip1	0.15023677	0.029163657	0.0383418242361421
A		B4_anchor_only_temporal									0.7696035504341125					per_gene																											gapdh	0.24681497	0.11092107	0.1090377116722835
A		B4_anchor_only_temporal									1.631144642829895					per_gene																											gata2a	0.38036147	0.39427328	0.3892066136709077
A		B4_anchor_only_temporal									0.5899762511253357					per_gene																											gata3	0.17229187	0.06421405	0.0727243624568299
A		B4_anchor_only_temporal									1.4625604152679443					per_gene																											gata6	0.34232438	0.33157402	0.2938277649961323
A		B4_anchor_only_temporal									1.111563205718994					per_gene																											gbx1	0.23500055	0.037545107	0.0265927430108194
A		B4_anchor_only_temporal									0.6095460057258606					per_gene																											gcm2	0.03732344	0.03438719	0.0362917478995686
A		B4_anchor_only_temporal									0.7117792367935181					per_gene																											gfi1aa	0.17859256	0.038669683	0.0265563371616692
A		B4_anchor_only_temporal									0.9068082571029664					per_gene																											gli1	0.6101199	0.63337004	0.4879032804402445
A		B4_anchor_only_temporal									0.5451634526252747					per_gene																											gmnn	0.16119866	0.15600847	0.1395274126638026
A		B4_anchor_only_temporal									0.6771319508552551					per_gene																											gpr137bb	0.20615143	0.019716768	0.0214026378508729
A		B4_anchor_only_temporal									1.1374366283416748					per_gene																											grhl1	0.34292865	0.17292191	0.1733080168908431
A		B4_anchor_only_temporal									0.796548068523407					per_gene																											grhl2b	0.050866563	0.061120022	0.0559576573155117
A		B4_anchor_only_temporal									0.7310037612915039					per_gene																											gsc	0.16274396	0.051150296	0.048930320289425
A		B4_anchor_only_temporal									0.8003119230270386					per_gene																											h1-0	0.08685416	0.08856167	0.0771076372105135
A		B4_anchor_only_temporal									0.397623211145401					per_gene																											hdlbpa	0.2252309	0.08670149	0.0830053454484607
A		B4_anchor_only_temporal									0.875370442867279					per_gene																											helb	0.40643665	0.39861992	0.4232591517057725
A		B4_anchor_only_temporal									0.7626553773880005					per_gene																											hells	0.15068996	0.13177341	0.1298937515330357
A		B4_anchor_only_temporal									1.423309564590454					per_gene																											her1	0.30108386	0.43339294	0.4215937857264064
A		B4_anchor_only_temporal									0.8947386741638184					per_gene																											her11	0.0	-0.012114649	-0.0093365514023505
A		B4_anchor_only_temporal									0.7283186316490173					per_gene																											her12	0.15214916	0.10224461	0.0980122753717847
A		B4_anchor_only_temporal									0.7752718329429626					per_gene																											her2	0.23237741	0.08144425	0.0884047076702241
A		B4_anchor_only_temporal									0.6255155205726624					per_gene																											her3	0.102543406	0.1413517	0.1408350922868398
A		B4_anchor_only_temporal									1.903414726257324					per_gene																											her5	0.0	0.036785193	0.0275178592534442
A		B4_anchor_only_temporal									0.8854741454124451					per_gene																											her6	0.2749152	0.16365673	0.1666840396479552
A		B4_anchor_only_temporal									0.9038743376731871					per_gene																											her7	0.24651684	0.35473529	0.3606664660820136
A		B4_anchor_only_temporal									0.8909707069396973					per_gene																											her8a	0.41183463	0.5078432	0.5307756597029579
A		B4_anchor_only_temporal									1.526852011680603					per_gene																											her9	0.22169366	0.20939785	0.2151922193155768
A		B4_anchor_only_temporal									0.7370710372924805					per_gene																											hes6	0.08936256	0.024206853	0.033876581213379
A		B4_anchor_only_temporal									1.1596579551696775					per_gene																											hesx1	0.0	0.017952882	0.0271924654218856
A		B4_anchor_only_temporal									0.7385656833648682					per_gene																											hic1l	0.17062025	0.047699712	0.0477575792024933
A		B4_anchor_only_temporal									0.6862411499023438					per_gene																											higd1a	0.16742575	0.035798308	0.0309225649093026
A		B4_anchor_only_temporal									0.7597678899765015					per_gene																											hivep2a	0.32390863	0.007990956	0.0071823642738675
A		B4_anchor_only_temporal									1.2327353954315186					per_gene																											hoxb1b	0.0	-0.038736694	-0.0327262306264519
A		B4_anchor_only_temporal									0.6906984448432922					per_gene																											hoxb7a	0.2104628	0.16919549	0.1525570046116294
A		B4_anchor_only_temporal									0.6952798962593079					per_gene																											hoxb8a	0.15043177	0.10979764	0.104412231376814
A		B4_anchor_only_temporal									0.6918601393699646					per_gene																											hoxb9a	0.09654148	0.06257698	0.058734698412728
A		B4_anchor_only_temporal									0.7307906746864319					per_gene																											hoxc3a	0.23932737	-0.010915647	-0.0144273218731435
A		B4_anchor_only_temporal									0.6956105828285217					per_gene																											hoxc6a	0.27073777	0.11559651	0.1100694040724556
A		B4_anchor_only_temporal									0.520564079284668					per_gene																											hoxc8a	0.17773046	0.044576414	0.0492124990359864
A		B4_anchor_only_temporal									0.7389474511146545					per_gene																											hsp90aa1.2	0.14787675	0.048233476	0.0328000214203825
A		B4_anchor_only_temporal									1.0932410955429075					per_gene																											id3	0.28796124	0.3654367	0.3654608979709343
A		B4_anchor_only_temporal									0.2738763093948364					per_gene																											igf2bp1	0.29998216	0.30089188	0.2807773892375289
A		B4_anchor_only_temporal									0.7658783793449402					per_gene																											igfbp1a	0.0	0.06876543	0.0643810929513543
A		B4_anchor_only_temporal									0.7815332412719727					per_gene																											irf2a	0.27642915	0.058270697	0.0632232242820727
A		B4_anchor_only_temporal									1.0941132307052612					per_gene																											irx1b	0.17629236	0.24568401	0.2562686318590933
A		B4_anchor_only_temporal									0.716591477394104					per_gene																											irx3a	0.13780245	0.037803244	0.0301065077250389
A		B4_anchor_only_temporal									0.7115742564201355					per_gene																											irx5a	0.18398619	0.059223723	0.0558796256574178
A		B4_anchor_only_temporal									1.3553133010864258					per_gene																											irx7	0.28610736	0.2349235	0.2382723702647381
A		B4_anchor_only_temporal									1.0053447484970093					per_gene																											ism1	0.20954901	0.3147394	0.2802692044949623
A		B4_anchor_only_temporal									0.660978376865387					per_gene																											itga6a	0.20586167	0.109172605	0.0739225893811522
A		B4_anchor_only_temporal									0.8989748358726501					per_gene																											itgb5	0.29719928	0.2956679	0.3244119535820483
A		B4_anchor_only_temporal									0.782873809337616					per_gene																											itm2cb	0.25743306	0.19876152	0.1980303730817703
A		B4_anchor_only_temporal									0.8418123126029968					per_gene																											jcada	0.2835116	0.25098482	0.251221023813072
A		B4_anchor_only_temporal									0.7840527296066284					per_gene																											kank1a	0.19394478	0.13599713	0.1368589029419265
A		B4_anchor_only_temporal									0.96683931350708					per_gene																											kazald2	0.0	0.2886985	0.2866800350615524
A		B4_anchor_only_temporal									0.7552993893623352					per_gene																											kdrl	0.32248166	0.033296447	0.0274365488294644
A		B4_anchor_only_temporal									0.7245575785636902					per_gene																											kif15	0.26223743	-0.014799213	-0.0156529139983534
A		B4_anchor_only_temporal									1.3040074110031128					per_gene																											kirrel3l	0.38115996	0.52967185	0.4878276601354401
A		B4_anchor_only_temporal									0.7443873286247253					per_gene																											klf17	0.18063243	0.098438345	0.0972107959419362
A		B4_anchor_only_temporal									1.263598084449768					per_gene																											klf2a	0.48404562	0.33192047	0.3228152558834843
A		B4_anchor_only_temporal									1.6369062662124634					per_gene																											klf2b	0.36468643	0.3257303	0.3286969439753449
A		B4_anchor_only_temporal									1.0322200059890747					per_gene																											klf3	0.3004308	0.085328594	0.0714665300909128
A		B4_anchor_only_temporal									0.7870190143585205					per_gene																											klf7a	0.1488756	0.010605167	0.0085743598554838
A		B4_anchor_only_temporal									0.7103176116943359					per_gene																											klf8	0.2869184	0.29465148	0.3361932106834377
A		B4_anchor_only_temporal									0.6539046764373779					per_gene																											kmt2bb	0.26243886	0.06819038	0.0690201893339641
A		B4_anchor_only_temporal									0.5262478590011597					per_gene																											kmt5aa	0.0	0.0673586	0.0459569361865667
A		B4_anchor_only_temporal									1.7443137168884275					per_gene																											krt4	0.46200022	0.2608941	0.2547200664563503
A		B4_anchor_only_temporal									1.6271144151687622					per_gene																											krt8	0.43528074	0.14310737	0.1507208990207007
A		B4_anchor_only_temporal									1.3039400577545166					per_gene																											krt99	0.24504934	0.14023925	0.1399012217768443
A		B4_anchor_only_temporal									0.6631681323051453					per_gene																											lamb1a	0.32866108	0.45744398	0.510554755623539
A		B4_anchor_only_temporal									0.556956946849823					per_gene																											lamc1	0.5061731	0.39159635	0.3778381504062043
A		B4_anchor_only_temporal									0.671515941619873					per_gene																											lamp2	0.24309783	0.28667483	0.2349223178208338
A		B4_anchor_only_temporal									0.6928302049636841					per_gene																											lbx2	0.24854636	0.22468764	0.1915650473203956
A		B4_anchor_only_temporal									1.0501065254211426					per_gene																											lef1	0.33921528	0.43476337	0.4577260601547827
A		B4_anchor_only_temporal									0.8943488001823425					per_gene																											lft1	0.34997135	0.24170469	0.2632951152762841
A		B4_anchor_only_temporal									0.8710224628448486					per_gene																											lft2	0.53665173	0.3187339	0.1685591641728195
A		B4_anchor_only_temporal									0.78729248046875					per_gene																											lgals3b	0.20107298	0.08835552	0.0859879583761148
A		B4_anchor_only_temporal									0.7296465039253235					per_gene																											lhfpl6	0.21113314	0.1552541	0.1499214584352365
A		B4_anchor_only_temporal									0.8250195980072021					per_gene																											lhx1a	0.50440395	0.4144084	0.3274067768558825
A		B4_anchor_only_temporal									1.369609236717224					per_gene																											lhx5	0.3965867	0.4108716	0.4148882082911221
A		B4_anchor_only_temporal									0.8110365271568298					per_gene																											lima1a	0.5132206	0.47237596	0.4929906883620586
A		B4_anchor_only_temporal									0.3478370606899261					per_gene																											lmnb1	0.15202667	0.22330816	0.2401130458657873
A		B4_anchor_only_temporal									0.761674702167511					per_gene																											lmo2	0.18026443	0.056842465	0.0532055725409118
A		B4_anchor_only_temporal									1.270290732383728					per_gene																											lmo4a	0.25085375	0.20442492	0.2148764425519146
A		B4_anchor_only_temporal									0.829731285572052					per_gene																											lratb.1	0.13603674	0.03430758	0.0419102932005454
A		B4_anchor_only_temporal									0.7822785973548889					per_gene																											lratd1	0.0770611	0.04553558	0.0433890656723059
A		B4_anchor_only_temporal									0.6264564394950867					per_gene																											mab21l2	0.19757238	0.032836538	0.0341811805556579
A		B4_anchor_only_temporal									1.9827628135681152					per_gene																											mad1l1	0.0	0.12697478	0.1586314161020952
A		B4_anchor_only_temporal									0.7886290550231934					per_gene																											map1lc3b	0.14619419	0.02661512	0.0295929551016208
A		B4_anchor_only_temporal									0.5337251424789429					per_gene																											map2k6	0.15337247	0.21620665	0.221446547801437
A		B4_anchor_only_temporal									0.7617315649986267					per_gene																											mcama	0.09432723	0.10566439	0.0991859134324342
A		B4_anchor_only_temporal									0.521273136138916					per_gene																											mcm2	0.0	0.20395902	0.2060477748721644
A		B4_anchor_only_temporal									0.3498494327068329					per_gene																											mcm3	0.321634	0.4228002	0.4170040511770317
A		B4_anchor_only_temporal									0.3507189750671386					per_gene																											mcm4	0.23666978	0.3412228	0.3689649027761369
A		B4_anchor_only_temporal									0.6121746897697449					per_gene																											mcm5	0.29873693	0.16481675	0.1231632290541712
A		B4_anchor_only_temporal									0.2593718469142914					per_gene																											mcm7	0.34174007	0.42986566	0.4078998017653147
A		B4_anchor_only_temporal									0.7583601474761963					per_gene																											mef2d	0.21090344	0.043196768	0.0450712516111417
A		B4_anchor_only_temporal									1.0680921077728271					per_gene																											meis1b	0.41029334	0.46810946	0.4253716467917635
A		B4_anchor_only_temporal									0.6642972230911255					per_gene																											meis2a	0.21937379	0.020958116	0.0213555002520764
A		B4_anchor_only_temporal									0.9989582896232604					per_gene																											meis3	0.22342034	0.2039391	0.1950619765818832
A		B4_anchor_only_temporal									0.8666488528251648					per_gene																											meox1	0.10962573	0.044615008	0.0389812218947367
A		B4_anchor_only_temporal									0.7361730337142944					per_gene																											mespaa	0.09497547	0.150395	0.1502655259538258
A		B4_anchor_only_temporal									0.8842909336090088					per_gene																											mespab	0.35942534	0.3695098	0.3401694312917957
A		B4_anchor_only_temporal									0.6906788945198059					per_gene																											mgst3b	0.3079295	0.037241694	0.0408329585299514
A		B4_anchor_only_temporal									0.9900097250938416					per_gene																											mibp2	0.0	0.04771127	0.0456660217361929
A		B4_anchor_only_temporal									0.8116329908370972					per_gene																											mixl1	0.5606115	0.40913758	0.3676194905562824
A		B4_anchor_only_temporal									0.2576708793640136					per_gene																											mki67	0.3607091	0.29903057	0.3168409879140635
A		B4_anchor_only_temporal									0.7317668199539185					per_gene																											mns1	0.24844176	0.20746212	0.207006254917707
A		B4_anchor_only_temporal									1.5147805213928225					per_gene																											msgn1	0.487091	0.48182264	0.4481195900020864
A		B4_anchor_only_temporal									1.5169910192489624					per_gene																											msx1b	0.3299702	0.27777407	0.2407004294814835
A		B4_anchor_only_temporal									0.9758398532867432					per_gene																											msx3	0.27578315	0.19238122	0.1927679661694721
A		B4_anchor_only_temporal									0.5189100503921509					per_gene																											mycb	0.07108429	0.042454667	0.0426497652513375
A		B4_anchor_only_temporal									1.1986113786697388					per_gene																											mych	0.0	-0.102163106	-0.0478532895732385
A		B4_anchor_only_temporal									1.2505508661270142					per_gene																											mycla	0.0	0.25344595	0.3106291121027358
A		B4_anchor_only_temporal									0.9903939962387084					per_gene																											myclb	0.38222432	0.42167822	0.421849425861963
A		B4_anchor_only_temporal									1.0822007656097412					per_gene																											mycn	0.3421945	0.39554247	0.4601391958854674
A		B4_anchor_only_temporal									0.7259336113929749					per_gene																											myf5	0.2114041	0.18176249	0.131958945883445
A		B4_anchor_only_temporal									0.739594578742981					per_gene																											myod1	0.22951074	0.16530511	0.1246618806872687
A		B4_anchor_only_temporal									0.9171227812767028					per_gene																											nanog	0.17736185	0.11513852	0.132779151070726
A		B4_anchor_only_temporal									1.0999798774719238					per_gene																											nanos3	0.1849512	-0.03556708	-0.0452135606661576
A		B4_anchor_only_temporal									0.448406457901001					per_gene																											nap1l1	0.30657429	0.2064332	0.1833788422501895
A		B4_anchor_only_temporal									1.2098093032836914					per_gene																											nasp	0.0	0.28727037	0.3197901262901103
A		B4_anchor_only_temporal									0.3543359041213989					per_gene																											ncapd2	0.19777586	0.28059146	0.3147220841413921
A		B4_anchor_only_temporal									0.5334851741790771					per_gene																											nckap5l	0.04202732	-0.023226216	0.0007349472344276
A		B4_anchor_only_temporal									0.6002682447433472					per_gene																											ndr1	0.53925645	0.16432919	0.1581366327920589
A		B4_anchor_only_temporal									0.9178173542022704					per_gene																											ndr2	0.4909912	0.31372297	0.2502476551789202
A		B4_anchor_only_temporal									0.8345338106155396					per_gene																											ndufv3	0.14753266	0.16105993	0.1445828065147282
A		B4_anchor_only_temporal									1.0772051811218262					per_gene																											nid2a	0.4656856	0.4542627	0.4616689338233527
A		B4_anchor_only_temporal									0.789099931716919					per_gene																											nip7	0.0	0.16062649	0.179848374940182
A		B4_anchor_only_temporal									0.7750917673110962					per_gene																											nkx1.2la	0.11626371	0.061224207	0.0581254261327916
A		B4_anchor_only_temporal									0.6515794396400452					per_gene																											nkx2.2a	0.16624431	0.065070875	0.0642928955503661
A		B4_anchor_only_temporal									0.798968493938446					per_gene																											nkx2.5	0.24133317	0.094958924	0.1084853927104211
A		B4_anchor_only_temporal									0.830224335193634					per_gene																											nog1	0.06675548	0.09850699	0.0426883654138708
A		B4_anchor_only_temporal									0.2906764447689056					per_gene																											nop58	0.23908179	0.40146762	0.4272391353686197
A		B4_anchor_only_temporal									0.4301022887229919					per_gene																											notch1a	0.29821992	0.2739782	0.2963495952102372
A		B4_anchor_only_temporal									1.0153117179870603					per_gene																											noto	0.4972779	0.59370446	0.4347591325937928
A		B4_anchor_only_temporal									0.8097302913665771					per_gene																											nr2f2	0.20490274	0.017241597	0.0176721074942768
A		B4_anchor_only_temporal									0.7136285305023193					per_gene																											nr6a1a	0.18863812	0.018473402	0.0176973801277224
A		B4_anchor_only_temporal									0.885430097579956					per_gene																											nrarpa	0.23193994	0.23475294	0.2315949105231833
A		B4_anchor_only_temporal									0.6229825615882874					per_gene																											nsd2	0.4264834	0.4965426	0.5393096545709619
A		B4_anchor_only_temporal									0.7983222007751465					per_gene																											ntd5	0.3501055	0.19930488	0.1394662614123846
A		B4_anchor_only_temporal									0.8452693819999695					per_gene																											oclna	0.14853708	0.12336837	0.1196466040087555
A		B4_anchor_only_temporal									0.6833528280258179					per_gene																											olig4	0.15080276	0.033741526	0.0307758363231099
A		B4_anchor_only_temporal									0.8516078591346741					per_gene																											osr1	0.18444128	0.38866788	0.3306966857419642
A		B4_anchor_only_temporal									1.3786180019378662					per_gene																											otx1	0.32192752	0.34740895	0.3307792588365026
A		B4_anchor_only_temporal									0.9041103720664978					per_gene																											otx2a	0.12749921	0.1383068	0.1433994979180819
A		B4_anchor_only_temporal									1.238622784614563					per_gene																											otx2b	0.34167445	0.3270901	0.3147630652427968
A		B4_anchor_only_temporal									0.6395273804664612					per_gene																											pax2a	0.094621144	0.089940146	0.076900619767601
A		B4_anchor_only_temporal									0.8499875068664551					per_gene																											pax3a	0.15504059	0.12054043	0.1093561716747536
A		B4_anchor_only_temporal									0.7638872861862183					per_gene																											pax6a	0.20365879	0.09598936	0.0946508405847172
A		B4_anchor_only_temporal									0.7735851407051086					per_gene																											pax6b	0.14335063	0.090721905	0.0701351782138713
A		B4_anchor_only_temporal									0.6425734758377075					per_gene																											pbx1b	0.15955848	0.046208147	0.0429697600299529
A		B4_anchor_only_temporal									0.2565967142581939					per_gene																											pbx4	0.30455017	0.2559223	0.2673844343033781
A		B4_anchor_only_temporal									1.1835989952087402					per_gene																											pcdh10b	0.4768648	0.5104685	0.4368076061420024
A		B4_anchor_only_temporal									0.6433731317520142					per_gene																											pcdh7b	0.113816336	0.07187119	0.0734881897698728
A		B4_anchor_only_temporal									0.5092470645904541					per_gene																											PCDH8	0.11429329	0.09594005	0.0980716668902669
A		B4_anchor_only_temporal									0.910451114177704					per_gene																											pcdh8	0.24031806	0.4569652	0.4482910449719153
A		B4_anchor_only_temporal									0.9199790358543396					per_gene																											pdap1a	0.27182734	0.033393603	0.0390504399751232
A		B4_anchor_only_temporal									1.1393901109695437					per_gene																											perp	0.19577132	0.12963036	0.1231298761533023
A		B4_anchor_only_temporal									0.6604658365249634					per_gene																											pfn2	0.23153464	0.15071133	0.1268166732353143
A		B4_anchor_only_temporal									0.7451232075691223					per_gene																											pitx2	0.20521814	0.05125399	0.0428524007983611
A		B4_anchor_only_temporal									0.7315102815628052					per_gene																											pknox1.1	0.3345018	0.4648331	0.4990803958404838
A		B4_anchor_only_temporal									0.7911109328269958					per_gene																											plagl2	0.15006539	0.002578247	-0.0050803783116963
A		B4_anchor_only_temporal									0.8851816654205322					per_gene																											plekhg5b	0.18713772	0.26702207	0.2772229633135306
A		B4_anchor_only_temporal									0.6364895701408386					per_gene																											pmp22b	0.22771555	0.092663646	0.0893956094767257
A		B4_anchor_only_temporal									0.7322244048118591					per_gene																											pold3	0.17861372	0.07975556	0.075426858616746
A		B4_anchor_only_temporal									0.7390753030776978					per_gene																											ppan	0.0	0.14014778	0.1599096693894237
A		B4_anchor_only_temporal									1.5759118795394895					per_gene																											prickle1b	0.0	0.23677489	0.276404544515724
A		B4_anchor_only_temporal									0.3383758962154388					per_gene																											prmt1	0.3227132	0.19703247	0.2017155529465524
A		B4_anchor_only_temporal									0.7499046325683594					per_gene																											prox1a	0.19480446	-0.034133557	-0.0364970800690182
A		B4_anchor_only_temporal									0.5132133364677429					per_gene																											ptp4a2b	0.19176582	0.11294956	0.1202795766983261
A		B4_anchor_only_temporal									0.6794737577438354					per_gene																											pttg1	0.208577	0.10480827	0.1275051574193859
A		B4_anchor_only_temporal									0.8731963038444519					per_gene																											rab11fip4a	0.0	0.11460409	0.1219094802497864
A		B4_anchor_only_temporal									0.4398907124996185					per_gene																											rac1a	0.29619238	0.25916037	0.2777805314530575
A		B4_anchor_only_temporal									0.8094539046287537					per_gene																											raraa	0.16877529	0.1588385	0.1807727538347658
A		B4_anchor_only_temporal									1.1270034313201904					per_gene																											rasgef1ba	0.22388089	0.21318631	0.2273131055470398
A		B4_anchor_only_temporal									1.4364317655563354					per_gene																											rasl11b	0.0	-0.0014174758	0.0024800550604942
A		B4_anchor_only_temporal									0.3896721303462982					per_gene																											rbbp4	0.22083321	0.34281522	0.348575870332895
A		B4_anchor_only_temporal									0.5709912180900574					per_gene																											rbm4.3	0.44758642	0.10635562	0.1242013352143197
A		B4_anchor_only_temporal									0.5821206569671631					per_gene																											rbm7	0.13881536	0.1163906	0.0888630119840736
A		B4_anchor_only_temporal									0.3673998117446899					per_gene																											rbmx	0.28200886	0.18751854	0.1837529671282526
A		B4_anchor_only_temporal									0.3587111532688141					per_gene																											rcc1	0.2090691	0.26770908	0.2982406334058356
A		B4_anchor_only_temporal									0.7602487206459045					per_gene																											rdh10b	0.13265811	-0.0017370075	-0.0060578968529221
A		B4_anchor_only_temporal									0.6757911443710327					per_gene																											rfx2	0.21058868	0.072318554	0.0709279291086825
A		B4_anchor_only_temporal									0.6949830055236816					per_gene																											rhov	0.26235268	0.39490208	0.4275330529491056
A		B4_anchor_only_temporal									0.7454501986503601					per_gene																											ripply1	0.073757686	0.09359691	0.0854901246069761
A		B4_anchor_only_temporal									0.8934235572814941					per_gene																											rnd1b	0.27550822	0.31708792	0.2968319931252826
A		B4_anchor_only_temporal									1.6507831811904907					per_gene																											rpl10	0.08389334	0.07830378	0.0916907526990554
A		B4_anchor_only_temporal									0.5338132977485657					per_gene																											rpl19	0.17251734	0.13913256	0.1568360140143612
A		B4_anchor_only_temporal									0.5195143818855286					per_gene																											rpl31	0.0	0.059901044	0.0492700213817212
A		B4_anchor_only_temporal									0.7568650841712952					per_gene																											rpl34	0.11626104	0.0685746	0.0593546186217785
A		B4_anchor_only_temporal									0.7401706576347351					per_gene																											rpl38	0.080579765	0.095127486	0.1095682229367941
A		B4_anchor_only_temporal									0.7370112538337708					per_gene																											rpl4	0.48273993	0.23294166	0.2501171204892047
A		B4_anchor_only_temporal									0.3352556824684143					per_gene																											rpl5a	0.16340683	0.11409062	0.1362092546050366
A		B4_anchor_only_temporal									0.418516457080841					per_gene																											rpl6	0.08775867	0.1291851	0.1465265005886924
A		B4_anchor_only_temporal									0.7961875200271606					per_gene																											rplp0	0.25903916	0.22018713	0.244658426005253
A		B4_anchor_only_temporal									1.4093384742736816					per_gene																											rplp2l	0.13375399	0.04423011	0.0688487785308061
A		B4_anchor_only_temporal									0.3137809634208679					per_gene																											rps3	0.21554516	0.15447372	0.164442109417666
A		B4_anchor_only_temporal									0.330761581659317					per_gene																											rps6	0.23125386	0.29782274	0.3245855681178308
A		B4_anchor_only_temporal									1.0527907609939575					per_gene																											rrbp1b	0.28604442	0.19436449	0.1162545623238555
A		B4_anchor_only_temporal									1.0998529195785522					per_gene																											rreb1a	0.3892866	0.29553124	0.3067546427659004
A		B4_anchor_only_temporal									0.9382312893867492					per_gene																											rreb1b	0.20932241	0.06583708	0.0612637031386711
A		B4_anchor_only_temporal									0.5281877517700195					per_gene																											rrm2	0.0	0.3258538	0.3132212696966201
A		B4_anchor_only_temporal									0.7071489691734314					per_gene																											rrp8	0.20498356	0.0048981537	0.0078454974544678
A		B4_anchor_only_temporal									0.7266280651092529					per_gene																											rx3	0.12116766	0.053479712	0.054612360683127
A		B4_anchor_only_temporal									0.6178429126739502					per_gene																											rxraa	0.109566905	0.08349726	0.0786814763263679
A		B4_anchor_only_temporal									0.849819540977478					per_gene																											rxrgb	0.22056389	0.13777496	0.1323486802863621
A		B4_anchor_only_temporal									0.719150722026825					per_gene																											sall1a	0.17001005	0.19874066	0.1950620318322579
A		B4_anchor_only_temporal									0.7629252076148987					per_gene																											sall3a	0.19265568	0.09374773	0.1025880452271015
A		B4_anchor_only_temporal									0.9234706163406372					per_gene																											sall3b	0.3480322	0.44857138	0.4309194065039038
A		B4_anchor_only_temporal									0.7333497405052185					per_gene																											sdc4	0.17955486	0.15488268	0.1599722883199279
A		B4_anchor_only_temporal									0.5286722183227539					per_gene																											sebox	0.44287747	0.20577562	0.1709611316623522
A		B4_anchor_only_temporal									0.9703583717346193					per_gene																											sept9a	0.39186686	0.36362335	0.4027654587681559
A		B4_anchor_only_temporal									0.8221083283424377					per_gene																											shha	0.4030339	0.2784848	0.1751488608954989
A		B4_anchor_only_temporal									0.8714087605476379					per_gene																											si:ch211-106e7.2	0.42645296	0.42764813	0.4499179588174088
A		B4_anchor_only_temporal									0.6951919794082642					per_gene																											si:ch211-113a14.12	0.22871678	0.0470788	0.0368621151646761
A		B4_anchor_only_temporal									0.7778702974319458					per_gene																											si:ch211-113a14.18	0.0	0.0944871	0.0790512498673014
A		B4_anchor_only_temporal									0.7632889151573181					per_gene																											si:ch211-114n24.6	0.110131025	0.106714025	0.1131883075317221
A		B4_anchor_only_temporal									0.4817221164703369					per_gene																											si:ch211-155e24.3	0.26616132	0.31440064	0.3280765390235105
A		B4_anchor_only_temporal									0.580374002456665					per_gene																											si:ch211-161h7.4	0.0	0.15076655	0.1814470705151575
A		B4_anchor_only_temporal									0.4499365389347076					per_gene																											si:ch211-163l21.7	0.0	0.022145344	0.0253765757991328
A		B4_anchor_only_temporal									0.7378085851669312					per_gene																											si:dkey-108k21.14	0.24154408	0.24527691	0.1579831308387876
A		B4_anchor_only_temporal									0.4981116056442261					per_gene																											si:dkey-108k21.21	0.20588297	0.037886716	0.0419980337005242
A		B4_anchor_only_temporal									1.0262547731399536					per_gene																											si:dkey-261h17.1	0.43871352	0.37100095	0.3727517723644062
A		B4_anchor_only_temporal									0.706861138343811					per_gene																											si:dkey-261m9.12	0.23074578	0.276488	0.2141332947245428
A		B4_anchor_only_temporal									0.5178827047348022					per_gene																											si:dkey-66i24.9	0.0	0.036805987	0.0436686093361905
A		B4_anchor_only_temporal									0.7717174291610718					per_gene																											si:dkey-68o6.5	0.24274158	-0.012059963	-0.0294245609619448
A		B4_anchor_only_temporal									0.7688083648681641					per_gene																											si:dkey-92i17.2	0.23273578	0.012723543	0.0121765246173164
A		B4_anchor_only_temporal									0.6473612189292908					per_gene																											six3b	0.26388463	0.18230212	0.1558425456032041
A		B4_anchor_only_temporal									1.1069637537002563					per_gene																											six4a	0.46325192	0.47120452	0.4239294641515858
A		B4_anchor_only_temporal									1.0335679054260254					per_gene																											six4b	0.0	0.11322259	0.0799934772291598
A		B4_anchor_only_temporal									0.910156548023224					per_gene																											six7	0.17163737	0.13986683	0.1334993574939076
A		B4_anchor_only_temporal									0.7691957950592041					per_gene																											skia	0.3688376	0.32005948	0.3586714005387205
A		B4_anchor_only_temporal									0.7293564081192017					per_gene																											skila	0.0	0.03622042	0.0491841072230423
A		B4_anchor_only_temporal									0.8541436791419983					per_gene																											skilb	0.33148742	0.30921024	0.3467328375302865
A		B4_anchor_only_temporal									1.2278027534484863					per_gene																											smtnl	0.29438296	0.31099737	0.2679872099722668
A		B4_anchor_only_temporal									1.247531175613403					per_gene																											snai1a	0.41987342	0.45780325	0.4666339451085817
A		B4_anchor_only_temporal									0.964767336845398					per_gene																											snai2	0.10145954	0.32401204	0.3711257386438034
A		B4_anchor_only_temporal									0.7027662396430969					per_gene																											snrpc	0.15362346	0.044290327	0.0524114401537942
A		B4_anchor_only_temporal									0.6877167224884033					per_gene																											snrpd3	0.23650178	0.024961364	0.0263453381646024
A		B4_anchor_only_temporal									0.7748863101005554					per_gene																											snrpg	0.0	-0.0074543334	-0.0011507796857486
A		B4_anchor_only_temporal									0.5608205199241638					per_gene																											sox10	0.24515527	0.041444007	0.0453627321688906
A		B4_anchor_only_temporal									1.017121434211731					per_gene																											sox11a	0.43260816	0.5707248	0.5500042970031129
A		B4_anchor_only_temporal									0.5876918435096741					per_gene																											sox11b	0.2583607	0.08108927	0.080993596918267
A		B4_anchor_only_temporal									0.8017156720161438					per_gene																											sox13	0.118954726	0.13720316	0.1358618197396703
A		B4_anchor_only_temporal									0.8159984350204468					per_gene																											sox17	0.2087644	-0.013198347	-0.0285629033616247
A		B4_anchor_only_temporal									1.2928102016448977					per_gene																											sox19a	0.41500065	0.6606365	0.6319031865869827
A		B4_anchor_only_temporal									0.9773220419883728					per_gene																											sox2	0.50003344	0.4633308	0.4590294945136897
A		B4_anchor_only_temporal									1.1689679622650146					per_gene																											sox3	0.23466943	0.43577033	0.3900766245068414
A		B4_anchor_only_temporal									1.4373425245285034					per_gene																											sox32	0.28937665	0.45839405	0.407573728273933
A		B4_anchor_only_temporal									0.9772167801856996					per_gene																											sox5	0.41915762	0.38019365	0.3691876645608223
A		B4_anchor_only_temporal									0.6259486675262451					per_gene																											sp5a	0.10439082	0.108731136	0.0955699851671175
A		B4_anchor_only_temporal									1.1710078716278076					per_gene																											sp5l	0.38597435	0.30126253	0.2799126963487006
A		B4_anchor_only_temporal									0.4378132820129394					per_gene																											spon1b	0.14336936	0.03993541	0.0396465193307327
A		B4_anchor_only_temporal									0.7896319031715393					per_gene																											srp19	0.154328	0.048149556	0.0453238373188357
A		B4_anchor_only_temporal									0.7327006459236145					per_gene																											srrm4	0.18500283	0.059601765	0.0586669476172366
A		B4_anchor_only_temporal									0.6608017683029175					per_gene																											stmn1a	0.14405172	0.077111594	0.081582175955882
A		B4_anchor_only_temporal									0.6350637078285217					per_gene																											stox1	0.18863913	0.06444546	0.0670230548298225
A		B4_anchor_only_temporal									0.2720363438129425					per_gene																											supt16h	0.36279804	0.41703305	0.4301890847328509
A		B4_anchor_only_temporal									0.9485223889350892					per_gene																											syne2b	0.33617583	0.3447992	0.3470330177727923
A		B4_anchor_only_temporal									1.215947151184082					per_gene																											szl	0.19644874	-0.08967437	-0.0711661638983365
A		B4_anchor_only_temporal									1.0385597944259644					per_gene																											tagln2	0.29832202	0.159801	0.1626138096313804
A		B4_anchor_only_temporal									0.5168719291687012					per_gene																											tbr1b	0.12878248	0.0649715	0.060610956175548
A		B4_anchor_only_temporal									0.7646389603614807					per_gene																											tbx1	0.1862729	0.24065454	0.2235857245833034
A		B4_anchor_only_temporal									1.4376887083053589					per_gene																											tbx16	0.48614275	0.5238892	0.5283479028244612
A		B4_anchor_only_temporal									1.701223850250244					per_gene																											tbx16l	0.45697987	0.53197867	0.4843462684806341
A		B4_anchor_only_temporal									0.7928640842437744					per_gene																											tbx3b	0.2198764	0.15162984	0.1497951270773843
A		B4_anchor_only_temporal									0.9185616970062256					per_gene																											tbx6	0.21222542	0.14567219	0.1278666947492754
A		B4_anchor_only_temporal									1.5883129835128784					per_gene																											tbxta	0.0	0.5070801	0.5510389025678943
A		B4_anchor_only_temporal									1.210719108581543					per_gene																											tbxtb	0.3727603	0.2559385	0.2441234883031499
A		B4_anchor_only_temporal									0.586948037147522					per_gene																											tcf3b	0.3286024	0.5267993	0.5452984740294193
A		B4_anchor_only_temporal									0.9953885078430176					per_gene																											tcf7	0.40749457	0.44452593	0.4588922845225939
A		B4_anchor_only_temporal									0.9226486086845398					per_gene																											tcf7l1a	0.41525912	0.48746932	0.4923031837110495
A		B4_anchor_only_temporal									0.9525710940361024					per_gene																											tcf7l1b	0.4079178	0.47375607	0.4889399229074144
A		B4_anchor_only_temporal									0.8538342714309692					per_gene																											tcf7l2	0.15455256	-0.004703781	0.0057516188747437
A		B4_anchor_only_temporal									0.950886070728302					per_gene																											tdgf1	0.3563912	0.34613758	0.3242087318585572
A		B4_anchor_only_temporal									1.0228360891342163					per_gene																											tead1a	0.28220358	0.25679466	0.2538212812832675
A		B4_anchor_only_temporal									0.7834232449531555					per_gene																											tead1b	0.12012215	0.040710133	0.0391192171344938
A		B4_anchor_only_temporal									1.6208372116088867					per_gene																											tfap2a	0.43199176	0.45147437	0.4561379579562377
A		B4_anchor_only_temporal									2.0832109451293945					per_gene																											tfap2c	0.26173615	0.011217355	0.031695774423511
A		B4_anchor_only_temporal									0.4623250961303711					per_gene																											tgif1	0.2569317	0.08988009	0.1096336514305451
A		B4_anchor_only_temporal									0.5729121565818787					per_gene																											tlcd5a	0.25980675	0.19876713	0.2286585589438803
A		B4_anchor_only_temporal									0.7349162697792053					per_gene																											tmed10	0.14742649	0.03182761	0.020919236471109
A		B4_anchor_only_temporal									0.7527194619178772					per_gene																											tmed2	0.26587808	0.035634678	0.0215830050690761
A		B4_anchor_only_temporal									1.2254565954208374					per_gene																											tp63	0.25838667	0.10428296	0.0977354168862521
A		B4_anchor_only_temporal									0.8392103910446167					per_gene																											tph1b	-0.017437726	0.22789213	0.2420671393759741
A		B4_anchor_only_temporal									0.7527235746383667					per_gene																											tpx2	0.15710138	0.04606878	0.0544909394070844
A		B4_anchor_only_temporal									0.6088549494743347					per_gene																											tram1	0.20211646	0.08067641	0.0831902648141029
A		B4_anchor_only_temporal									0.6859773993492126					per_gene																											trps1	0.13149466	0.06322652	0.065231631276031
A		B4_anchor_only_temporal									0.8157809376716614					per_gene																											tshz3b	0.30196172	0.27936572	0.2522930838329413
A		B4_anchor_only_temporal									0.9145669937133788					per_gene																											tuba1a	0.18312946	0.046188634	0.0550587824263139
A		B4_anchor_only_temporal									0.4842963218688965					per_gene																											tuba8l	0.1870402	0.007960244	0.0138056156350211
A		B4_anchor_only_temporal									1.0632761716842651					per_gene																											tuba8l2	0.5039888	0.4430102	0.4251846544872969
A		B4_anchor_only_temporal									0.3388563692569732					per_gene																											tuba8l4	0.28636363	0.4429089	0.4645309480039597
A		B4_anchor_only_temporal									0.3710308969020843					per_gene																											tubb2b	0.080471545	0.07295107	0.0554887342616722
A		B4_anchor_only_temporal									0.6169681549072266					per_gene																											twist1a	0.0802668	0.020212457	0.0170271500283132
A		B4_anchor_only_temporal									0.7765743136405945					per_gene																											twist2	0.2552988	0.08962854	0.0412026592697828
A		B4_anchor_only_temporal									0.7560418844223022					per_gene																											ube2c	0.11447349	0.00014213206	0.0063383873276542
A		B4_anchor_only_temporal									0.9008071422576904					per_gene																											uhrf1	0.0	0.3549483	0.3738052008796108
A		B4_anchor_only_temporal									0.8105496764183044					per_gene																											uncx4.1	0.18605167	0.13888517	0.1119718339466325
A		B4_anchor_only_temporal									1.104647159576416					per_gene																											unga	0.0	0.08788356	0.082867528214904
A		B4_anchor_only_temporal									0.828414797782898					per_gene																											usf1	0.1525771	0.005141924	0.0057665577060403
A		B4_anchor_only_temporal									1.427904725074768					per_gene																											ved	0.0	-0.35240698	-0.340723403514774
A		B4_anchor_only_temporal									0.9370712041854858					per_gene																											vgll4l	0.24438524	0.20718671	0.1978881098146805
A		B4_anchor_only_temporal									0.7759214639663696					per_gene																											vox	0.21839198	0.028971205	0.0343627796492166
A		B4_anchor_only_temporal									0.412683755159378					per_gene																											vrtn	0.39236197	0.5602113	0.6016406487579449
A		B4_anchor_only_temporal									0.6320546865463257					per_gene																											vsx2	0.13936056	0.0901915	0.085757393606253
A		B4_anchor_only_temporal									1.0616414546966553					per_gene																											wnt11f2	0.3157413	0.43205577	0.4554317039546744
A		B4_anchor_only_temporal									1.052266240119934					per_gene																											wnt8a	0.33195734	0.29164594	0.3122266771756843
A		B4_anchor_only_temporal									1.3736265897750854					per_gene																											xbp1	0.0	0.18032216	0.1609059466579464
A		B4_anchor_only_temporal									0.795662522315979					per_gene																											ypel3	0.2074763	0.14093623	0.1335332139089717
A		B4_anchor_only_temporal									0.7917708158493042					per_gene																											zbtb18	0.20647746	0.017118724	0.0209315099915679
A		B4_anchor_only_temporal									0.7269391417503357					per_gene																											zc4h2	0.0	0.018027848	0.013327771913404
A		B4_anchor_only_temporal									0.8669239282608032					per_gene																											zeb1a	0.36105865	0.33418897	0.3735665550837013
A		B4_anchor_only_temporal									1.0690350532531738					per_gene																											zeb1b	0.33465564	0.27931872	0.2857622957297305
A		B4_anchor_only_temporal									0.760802686214447					per_gene																											zeb2a	0.14539562	0.02770491	0.0283158890081749
A		B4_anchor_only_temporal									1.0461639165878296					per_gene																											zeb2b	0.0	0.045889635	0.0477588508451925
A		B4_anchor_only_temporal									0.6266103982925415					per_gene																											zfand5a	0.28114244	0.04605109	0.0502928169876678
A		B4_anchor_only_temporal									0.6143385767936707					per_gene																											zgc:113372	0.12902895	0.06679056	0.0689161912786265
A		B4_anchor_only_temporal									0.5770993232727051					per_gene																											zgc:174154	0.18941738	0.08705549	0.0774763809599851
A		B4_anchor_only_temporal									0.7413322925567627					per_gene																											zgc:175088	0.122150496	0.09881059	0.1246672815106012
A		B4_anchor_only_temporal									1.4087351560592651					per_gene																											zic2a	0.24355154	0.26957804	0.2432904329207365
A		B4_anchor_only_temporal									1.0994648933410645					per_gene																											zic2b	0.28538692	0.3498563	0.3976148357602181
A		B4_anchor_only_temporal									0.6628013849258423					per_gene																											zmp:0000000624	0.1805503	0.12856978	0.1463824886947429
A		B4_anchor_only_temporal									0.7056905627250671					per_gene																											znf1004	0.20493056	0.37390578	0.286993572069615
A		B4_anchor_only_temporal									1.415493130683899					per_gene																											znf185	0.27906713	0.21318717	0.2052534834023618
A		B4_anchor_only_temporal									0.5362511277198792					per_gene																											znf576.2	0.16388884	0.1256334	0.130064232316941
A		B4_anchor_only_temporal									1.0264735221862793					per_gene																											znfl2a	0.29378867	0.42678046	0.4657144011667564
A		B4_anchor_only_temporal									0.5805522799491882					per_gene																											zswim5	0.0	0.46837845	0.4625783118543654
A		B5_trajectory_free_map_t									1.3231518268585205					per_gene																											ackr3b	0.011459032	0.00075097475	0.0144835446628979
A		B5_trajectory_free_map_t									0.7893579006195068					per_gene																											acvr1ba	0.19410054	0.3714658	0.4226577342933313
A		B5_trajectory_free_map_t									0.3338673710823059					per_gene																											add3b	0.22206123	0.3136311	0.2756743420761957
A		B5_trajectory_free_map_t									0.5231024026870728					per_gene																											adka	0.21598595	0.41454235	0.4671025649882889
A		B5_trajectory_free_map_t									1.8441065549850464					per_gene																											admp	-0.5592636	-0.2947146	-0.3250201164296061
A		B5_trajectory_free_map_t									0.8370220065116882					per_gene																											ahi1	-0.17075491	-0.15638073	-0.1780749298963572
A		B5_trajectory_free_map_t									0.3858788311481476					per_gene																											akap12b	-0.09088078	-0.01696867	-0.0206336680364792
A		B5_trajectory_free_map_t									1.1680017709732056					per_gene																											alcamb	0.24320255	0.33978784	0.2937326609095034
A		B5_trajectory_free_map_t									0.6460285186767578					per_gene																											aldob	-0.09528998	0.04156391	0.0467189449053972
A		B5_trajectory_free_map_t									0.3747093677520752					per_gene																											anp32e	0.3199739	0.1959304	0.2095178242329241
A		B5_trajectory_free_map_t									0.7950242757797241					per_gene																											apex1	-0.05374144	-0.019618485	-0.024348575045262
A		B5_trajectory_free_map_t									1.0877861976623535					per_gene																											aplnra	0.29015866	0.3128397	0.308648028986094
A		B5_trajectory_free_map_t									0.7710685133934021					per_gene																											aplnrb	-0.01762961	-0.046668127	-0.0548196284552859
A		B5_trajectory_free_map_t									1.2227739095687866					per_gene																											apoc1	-0.35050207	-0.2605967	-0.2553572698280074
A		B5_trajectory_free_map_t									0.4428527951240539					per_gene																											arf5	0.24042228	0.09159378	0.1063939877440077
A		B5_trajectory_free_map_t									0.5214175581932068					per_gene																											arhgap5	0.03522594	-0.059819616	-0.0609206745275474
A		B5_trajectory_free_map_t									0.7069723606109619					per_gene																											arl4aa	0.15795638	0.12674588	0.1109653090756354
A		B5_trajectory_free_map_t									0.7969529032707214					per_gene																											arl4ab	0.5689705	0.32064673	0.2312626068686859
A		B5_trajectory_free_map_t									1.0567296743392944					per_gene																											arl4d	0.06904552	0.124880634	0.1334210693918711
A		B5_trajectory_free_map_t									0.7644217610359192					per_gene																											arl6ip5a	0.06700008	0.12962425	0.1264178305653397
A		B5_trajectory_free_map_t									0.7952583432197571					per_gene																											aspm	0.1643043	0.031250015	0.0366467018837946
A		B5_trajectory_free_map_t									0.7937683463096619					per_gene																											atf6	0.18016295	0.07152621	0.0940365821525898
A		B5_trajectory_free_map_t									0.541692316532135					per_gene																											atoh1c	-0.0064743324	0.031323012	0.0218132743084567
A		B5_trajectory_free_map_t									0.6926437616348267					per_gene																											atp2b1a	0.08690973	0.04060936	0.0493154986523912
A		B5_trajectory_free_map_t									0.3445194363594055					per_gene																											atrxl	0.24366337	0.13505763	0.1418978731588173
A		B5_trajectory_free_map_t									0.505470871925354					per_gene																											aurkb	0.19177401	0.1744689	0.1857448250010135
A		B5_trajectory_free_map_t									0.8833792209625244					per_gene																											axin2	0.06795537	0.042350966	0.0591683946540913
A		B5_trajectory_free_map_t									0.7729336619377136					per_gene																											bach1b	0.0196916	0.029784245	0.0256977595379984
A		B5_trajectory_free_map_t									2.2965712547302246					per_gene																											bambia	-0.63694453	-0.49869597	-0.5175543751093983
A		B5_trajectory_free_map_t									0.6279873251914978					per_gene																											baz1b	0.24176235	0.23043811	0.2213144830063795
A		B5_trajectory_free_map_t									0.7862230539321899					per_gene																											bcl2l1	0.0	0.027649375	0.0296213828468909
A		B5_trajectory_free_map_t									0.6916183829307556					per_gene																											bhlha15	0.10634173	0.04248967	0.0441114779418122
A		B5_trajectory_free_map_t									0.6782063841819763					per_gene																											blf	0.30016524	0.16191275	0.1575815516423668
A		B5_trajectory_free_map_t									2.301542282104492					per_gene																											bmp2b	-0.5151581	-0.40805653	-0.4348203014774794
A		B5_trajectory_free_map_t									1.7545360326766968					per_gene																											bmp4	-0.42445347	-0.44149062	-0.4494046312217628
A		B5_trajectory_free_map_t									1.8833179473876955					per_gene																											bmp7a	-0.5703201	-0.391722	-0.4226294239231255
A		B5_trajectory_free_map_t									0.3492290079593658					per_gene																											brd2a	-0.022949735	-0.06733876	-0.0703215229555847
A		B5_trajectory_free_map_t									0.5813329815864563					per_gene																											btg2	0.38892382	0.36399063	0.3241522683056402
A		B5_trajectory_free_map_t									0.5831447839736938					per_gene																											c1qbp	0.19617425	0.23437534	0.246954634810443
A		B5_trajectory_free_map_t									0.7358300685882568					per_gene																											C7H16orf87	0.0	0.0021324302	0.0012769958349992
A		B5_trajectory_free_map_t									0.9438509941101074					per_gene																											ca9	0.4249385	0.2977894	0.3147805283436993
A		B5_trajectory_free_map_t									0.8107700347900391					per_gene																											casz1	0.005760021	0.0098150065	0.0053001499630918
A		B5_trajectory_free_map_t									0.4099791049957275					per_gene																											cbx3a	0.021079024	0.21071528	0.2276583254257208
A		B5_trajectory_free_map_t									0.397162914276123					per_gene																											cbx5	0.23109238	0.29288998	0.2699448734187817
A		B5_trajectory_free_map_t									0.9432744979858398					per_gene																											ccne2	0.08617	0.032533713	0.0252022045362816
A		B5_trajectory_free_map_t									0.4687354266643524					per_gene																											ccnf	0.2588231	0.1593929	0.1682230335046979
A		B5_trajectory_free_map_t									0.570320725440979					per_gene																											ccng1	0.33607525	0.28703544	0.3146018481643458
A		B5_trajectory_free_map_t									0.7363165616989136					per_gene																											cd63	0.09037122	0.025304528	0.0284970224105402
A		B5_trajectory_free_map_t									0.5525289177894592					per_gene																											cdc14b	0.25041923	0.13026118	0.1447162299641191
A		B5_trajectory_free_map_t									0.5153704285621643					per_gene																											cdca8	0.13853614	0.15176457	0.1618820290915708
A		B5_trajectory_free_map_t									0.6627192497253418					per_gene																											cdh1	0.22558267	0.3595953	0.341675666824996
A		B5_trajectory_free_map_t									0.7896000146865845					per_gene																											cdh2	0.35796744	0.34389535	0.3816346483530365
A		B5_trajectory_free_map_t									1.1418116092681885					per_gene																											cdh6	0.09277225	0.09626765	0.1029229142932181
A		B5_trajectory_free_map_t									0.9494851231575012					per_gene																											cdkn1ca	0.0	0.023069074	0.0082644517602282
A		B5_trajectory_free_map_t									0.3496222198009491					per_gene																											cdt1	0.20129642	0.17157201	0.1770261235358559
A		B5_trajectory_free_map_t									1.5664743185043335					per_gene																											cdx1a	-0.02138616	-0.04467064	-0.0398351628783393
A		B5_trajectory_free_map_t									2.8038101196289062					per_gene																											cdx4	-0.037070602	-0.0038639654	-0.0191541418751376
A		B5_trajectory_free_map_t									0.56023108959198					per_gene																											cenpf	0.13195883	0.1866158	0.1800507830913402
A		B5_trajectory_free_map_t									0.6363391280174255					per_gene																											cfl1l	0.07204934	0.035858408	0.0264670349137974
A		B5_trajectory_free_map_t									0.7706730961799622					per_gene																											chaf1a	0.17092375	0.054518405	0.0468457459949854
A		B5_trajectory_free_map_t									0.7308164238929749					per_gene																											chst11	0.17629686	0.095357254	0.093674710019449
A		B5_trajectory_free_map_t									0.7914815545082092					per_gene																											cldnd	0.0943022	-0.05653331	-0.0513893372769213
A		B5_trajectory_free_map_t									0.7662811875343323					per_gene																											clic4	0.19720222	0.30313745	0.3237965788651181
A		B5_trajectory_free_map_t									0.7470978498458862					per_gene																											clocka	0.0	0.030678649	0.0300754130181718
A		B5_trajectory_free_map_t									0.7163992524147034					per_gene																											cmtm6	0.14344005	0.07731968	0.07579999706597
A		B5_trajectory_free_map_t									0.7095284461975098					per_gene																											cnmd	0.1502528	-0.018096497	-0.011326655514637
A		B5_trajectory_free_map_t									0.7327839732170105					per_gene																											cnn3a	0.10675758	0.010988347	0.0142533494218398
A		B5_trajectory_free_map_t									0.7629085779190063					per_gene																											coq10b	0.047309652	0.024541965	0.0181795759143626
A		B5_trajectory_free_map_t									0.8513984084129333					per_gene																											crabp2b	0.4888391	0.5775644	0.5498806009291972
A		B5_trajectory_free_map_t									0.935786247253418					per_gene																											creb3l1	0.17033948	0.1720541	0.1074010381038019
A		B5_trajectory_free_map_t									0.8641391396522522					per_gene																											creb3l2	0.22288696	0.21183066	0.1607087463862481
A		B5_trajectory_free_map_t									0.7805812358856201					per_gene																											csrp1a	-0.011087092	-0.043369062	-0.0446727495617966
A		B5_trajectory_free_map_t									0.8415682911872864					per_gene																											cst3	0.11711353	0.16976255	0.1643520393226289
A		B5_trajectory_free_map_t									0.2205528318881988					per_gene																											ctcf	0.27461678	0.32289657	0.3275729646044708
A		B5_trajectory_free_map_t									0.8547214865684509					per_gene																											cth1	0.10949311	0.13038564	0.1142248984978134
A		B5_trajectory_free_map_t									0.7164236903190613					per_gene																											CU570769.1	0.090192884	0.034422264	0.0321046501093868
A		B5_trajectory_free_map_t									0.6342801451683044					per_gene																											cux1a	0.012363853	-0.014728059	-0.0120021170895611
A		B5_trajectory_free_map_t									0.7462244629859924					per_gene																											cxcl12b	0.0	0.041784562	0.0414525146720672
A		B5_trajectory_free_map_t									0.8609097003936768					per_gene																											cxcr4a	0.0634018	0.054810587	0.0516944191453125
A		B5_trajectory_free_map_t									0.986164927482605					per_gene																											dact2	0.43876684	0.5513909	0.5804554481356689
A		B5_trajectory_free_map_t									0.672940731048584					per_gene																											dand5	0.022158038	-0.05822599	-0.0637811892149441
A		B5_trajectory_free_map_t									0.8644385933876038					per_gene																											dbx1a	-0.01568855	-0.025471102	0.0021305147269368
A		B5_trajectory_free_map_t									0.8934693932533264					per_gene																											ddx4	0.13010207	0.37232366	0.3957527025469494
A		B5_trajectory_free_map_t									0.6591914296150208					per_gene																											dharma	0.11585335	0.039226543	0.03759737100568
A		B5_trajectory_free_map_t									0.3010827302932739					per_gene																											dkc1	0.21139611	0.3057799	0.2562687425392728
A		B5_trajectory_free_map_t									0.6788169145584106					per_gene																											dkk1b	0.24843454	0.19455275	0.1544739232531182
A		B5_trajectory_free_map_t									1.9699125289916992					per_gene																											dld	-0.08439183	0.118016124	0.0983209263139847
A		B5_trajectory_free_map_t									0.3654976487159729					per_gene																											dlgap5	0.0072919554	0.06891533	0.0717860091929495
A		B5_trajectory_free_map_t									1.6728731393814087					per_gene																											dlx3b	0.14158906	0.17240109	0.1627278142992801
A		B5_trajectory_free_map_t									0.5335063934326172					per_gene																											dmd	0.10902049	0.15493901	0.1454674065578223
A		B5_trajectory_free_map_t									1.452050805091858					per_gene																											drll.2	0.0	0.41122332	0.3687315815612605
A		B5_trajectory_free_map_t									0.8898898363113403					per_gene																											drll.3	0.38328943	0.33978277	0.2999618170384672
A		B5_trajectory_free_map_t									0.625967800617218					per_gene																											dscc1	0.047768272	0.010652218	0.0110116281862537
A		B5_trajectory_free_map_t									0.8137452006340027					per_gene																											dync1li1	0.0	0.05184044	0.0517215285148631
A		B5_trajectory_free_map_t									0.8452126383781433					per_gene																											dynll2b	0.0	0.03537753	0.0427495257939907
A		B5_trajectory_free_map_t									0.7251634001731873					per_gene																											ednraa	-0.030016243	-0.0061859665	-0.0165913041332822
A		B5_trajectory_free_map_t									0.9091298580169678					per_gene																											efna1a	0.14697899	0.2381189	0.2064006607868942
A		B5_trajectory_free_map_t									0.8753847479820251					per_gene																											efnb2a	0.20867108	0.24987884	0.2193899064986398
A		B5_trajectory_free_map_t									1.1099669933319092					per_gene																											efnb2b	0.38349023	0.45231295	0.4489546039235206
A		B5_trajectory_free_map_t									0.7773088812828064					per_gene																											egln1b	0.148195	0.12723789	0.1207530653575656
A		B5_trajectory_free_map_t									0.449672669172287					per_gene																											eif3ea	0.2900628	0.2447469	0.2647947043704213
A		B5_trajectory_free_map_t									0.7177230715751648					per_gene																											elavl3	0.057721935	0.04028921	0.0513210217493447
A		B5_trajectory_free_map_t									1.095428466796875					per_gene																											elf1	-0.060604703	-0.036993384	-0.0479980789852296
A		B5_trajectory_free_map_t									0.7980801463127136					per_gene																											elob	0.12365768	0.029569972	0.0233995603735401
A		B5_trajectory_free_map_t									0.7612155675888062					per_gene																											emid1	0.07495267	0.023482447	0.0265738327682276
A		B5_trajectory_free_map_t									0.6497042179107666					per_gene																											emx2	0.14373027	0.07334421	0.0768869609164788
A		B5_trajectory_free_map_t									0.7916582226753235					per_gene																											emx3	0.19200651	0.051823225	0.0454928624730619
A		B5_trajectory_free_map_t									0.8325985670089722					per_gene																											epcam	0.10380615	-0.034478877	-0.0341595262264426
A		B5_trajectory_free_map_t									0.9654774069786072					per_gene																											epha2a	0.39844188	0.4945557	0.4148978554097369
A		B5_trajectory_free_map_t									0.9733487367630004					per_gene																											ephb3a	0.4840726	0.484564	0.5057054776921993
A		B5_trajectory_free_map_t									1.111631989479065					per_gene																											eppk1	0.17943634	0.097384706	0.0858176177249504
A		B5_trajectory_free_map_t									0.4966140687465668					per_gene																											erf	0.122197285	0.0010702948	-0.0292452969255918
A		B5_trajectory_free_map_t									0.8225470781326294					per_gene																											esrra	0.13450561	0.07013824	0.0814755187635022
A		B5_trajectory_free_map_t									0.9504270553588868					per_gene																											ets2	0.16456556	0.20864782	0.0820746278908299
A		B5_trajectory_free_map_t									0.5598432421684265					per_gene																											etv2	0.018360274	0.015166677	0.0203459808539574
A		B5_trajectory_free_map_t									0.730220377445221					per_gene																											etv4	0.42414352	0.4736041	0.5243460240200722
A		B5_trajectory_free_map_t									0.7070085406303406					per_gene																											etv5a	0.16395953	0.1579957	0.1400935925410477
A		B5_trajectory_free_map_t									0.4936102628707886					per_gene																											etv5b	0.35484442	0.38666907	0.3895901525550327
A		B5_trajectory_free_map_t									1.650989294052124					per_gene																											eve1	-0.040932234	0.08763892	0.0789278526031938
A		B5_trajectory_free_map_t									0.7537804245948792					per_gene																											f11r.1	0.0	-0.030805971	-0.0365714835304789
A		B5_trajectory_free_map_t									0.8999448418617249					per_gene																											fbln2	0.232628	0.09611299	0.0832278778405664
A		B5_trajectory_free_map_t									1.04897141456604					per_gene																											fezf2	0.0017892283	-0.038523022	-0.0210160020832901
A		B5_trajectory_free_map_t									1.038161277770996					per_gene																											fgf8a	0.3430936	0.19061619	0.1674364569207012
A		B5_trajectory_free_map_t									1.311090350151062					per_gene																											flrt3	0.006730139	0.28771952	0.2710806135868088
A		B5_trajectory_free_map_t									1.904801368713379					per_gene																											fn1a	0.048171077	0.037487563	0.0673637849742217
A		B5_trajectory_free_map_t									1.0965086221694946					per_gene																											fn1b	0.33437473	0.29605335	0.2799489679460099
A		B5_trajectory_free_map_t									0.8570343852043152					per_gene																											fnbp1l	-0.051045638	-0.049764726	-0.0621029424244167
A		B5_trajectory_free_map_t									0.593667209148407					per_gene																											fosab	0.17456986	0.16300122	0.1344877354714453
A		B5_trajectory_free_map_t									0.8837171196937561					per_gene																											foxa	0.23928769	0.37809718	0.3163503621206859
A		B5_trajectory_free_map_t									0.9187564849853516					per_gene																											foxa2	0.22828329	0.28403816	0.1678337666963843
A		B5_trajectory_free_map_t									1.4142723083496094					per_gene																											foxa3	0.380198	0.4003448	0.3766911788103211
A		B5_trajectory_free_map_t									1.8485313653945925					per_gene																											foxb1a	-0.35504347	-0.25681603	-0.2360788598559914
A		B5_trajectory_free_map_t									0.8902326226234436					per_gene																											foxb1b	0.07694538	-0.079206504	-0.06654788168876
A		B5_trajectory_free_map_t									1.5936267375946045					per_gene																											foxc1a	0.36475065	0.44543162	0.4079175146926344
A		B5_trajectory_free_map_t									0.8947696089744568					per_gene																											foxc1b	0.19590238	0.17871627	0.1557165941628229
A		B5_trajectory_free_map_t									1.3081352710723877					per_gene																											foxd3	0.07777391	0.2700172	0.2322195266096535
A		B5_trajectory_free_map_t									1.6685621738433838					per_gene																											foxd5	0.08635521	0.15426528	0.162400774688782
A		B5_trajectory_free_map_t									0.5749381184577942					per_gene																											foxg1a	0.10637671	0.008358662	0.0078126436605176
A		B5_trajectory_free_map_t									0.9531768560409546					per_gene																											foxh1	0.29721284	0.4416973	0.4564235427781387
A		B5_trajectory_free_map_t									1.5210920572280884					per_gene																											foxi1	0.031660613	0.03769518	0.0116050672984166
A		B5_trajectory_free_map_t									0.965583324432373					per_gene																											foxn2b	-0.11887118	-0.13980505	-0.1551889672500787
A		B5_trajectory_free_map_t									0.405406504869461					per_gene																											foxo1a	0.04396551	0.0387675	0.0335047625236834
A		B5_trajectory_free_map_t									0.8935903310775757					per_gene																											foxp1b	0.025258526	-0.013170265	-0.0126782267537325
A		B5_trajectory_free_map_t									0.9050583839416504					per_gene																											foxp2	0.04993028	-0.018838612	-0.0215425472473843
A		B5_trajectory_free_map_t									0.8755834102630615					per_gene																											frmd4ba	0.043719694	0.0918314	0.0635543353570543
A		B5_trajectory_free_map_t									0.7922939658164978					per_gene																											fscn1a	0.124030344	0.55931175	0.579579566942376
A		B5_trajectory_free_map_t									0.953956425189972					per_gene																											fzd7a	0.10638599	0.06857804	0.0511639785365189
A		B5_trajectory_free_map_t									0.8759011626243591					per_gene																											fzd7b	-0.17069964	-0.21834691	-0.2474762616986556
A		B5_trajectory_free_map_t									1.582392692565918					per_gene																											fzd8a	-0.07037117	-0.0044277543	-0.0002616749178344
A		B5_trajectory_free_map_t									0.7888837456703186					per_gene																											gadd45gip1	0.12813836	0.07038607	0.0829915827673838
A		B5_trajectory_free_map_t									0.7975366711616516					per_gene																											gapdh	0.20443659	0.07156526	0.0686225334699963
A		B5_trajectory_free_map_t									2.1066484451293945					per_gene																											gata2a	-0.12418926	-0.07392506	-0.0947196190377441
A		B5_trajectory_free_map_t									0.620790958404541					per_gene																											gata3	0.027867934	0.018959505	0.0238759589131612
A		B5_trajectory_free_map_t									1.6140929460525513					per_gene																											gata6	0.08743067	0.16694388	0.1195549926868617
A		B5_trajectory_free_map_t									1.164533019065857					per_gene																											gbx1	0.24070033	0.13805251	0.1388917678869721
A		B5_trajectory_free_map_t									0.6232438087463379					per_gene																											gcm2	0.06861886	0.032323852	0.0285554847838683
A		B5_trajectory_free_map_t									0.7315681576728821					per_gene																											gfi1aa	0.05336696	-0.02156587	-0.0208224858260773
A		B5_trajectory_free_map_t									1.5046849250793457					per_gene																											gli1	-0.21574256	-0.15159293	-0.0606120164499624
A		B5_trajectory_free_map_t									0.5837907791137695					per_gene																											gmnn	0.093019456	0.12470903	0.0931142597461201
A		B5_trajectory_free_map_t									0.7463408708572388					per_gene																											gpr137bb	-0.015238484	-0.10754066	-0.1126647144615371
A		B5_trajectory_free_map_t									1.1714439392089844					per_gene																											grhl1	0.26746586	0.17017406	0.1750297179604528
A		B5_trajectory_free_map_t									0.805343508720398					per_gene																											grhl2b	0.021736959	0.055827335	0.0509118855099998
A		B5_trajectory_free_map_t									0.7427831292152405					per_gene																											gsc	0.062042825	0.013304219	0.0074118529942881
A		B5_trajectory_free_map_t									0.8109443783760071					per_gene																											h1-0	0.027891854	0.04373885	0.0430339945811544
A		B5_trajectory_free_map_t									0.3834814429283142					per_gene																											hdlbpa	0.17973338	0.16043344	0.1474384323961152
A		B5_trajectory_free_map_t									0.8757914304733276					per_gene																											helb	0.45914572	0.44656694	0.4820185308778077
A		B5_trajectory_free_map_t									0.748043954372406					per_gene																											hells	0.19959818	0.20618062	0.2208281702417875
A		B5_trajectory_free_map_t									1.958511233329773					per_gene																											her1	0.05613705	0.12724595	0.1025800123802042
A		B5_trajectory_free_map_t									0.7945376634597778					per_gene																											her11	0.15242237	0.08922997	0.0848554780657696
A		B5_trajectory_free_map_t									0.7327092289924622					per_gene																											her12	0.11988896	0.08249426	0.0805578997817537
A		B5_trajectory_free_map_t									0.7751491069793701					per_gene																											her2	0.16206406	0.055583764	0.0608776316316577
A		B5_trajectory_free_map_t									0.6375277042388916					per_gene																											her3	-0.104585476	-0.005163859	-0.0174522734600675
A		B5_trajectory_free_map_t									1.268155813217163					per_gene																											her5	-0.060019083	-0.066589825	-0.0479134133312887
A		B5_trajectory_free_map_t									1.1046849489212036					per_gene																											her6	0.0005540897	-0.063921876	-0.0602921976064866
A		B5_trajectory_free_map_t									1.3366618156433103					per_gene																											her7	0.054338306	0.07088934	0.0445371420311022
A		B5_trajectory_free_map_t									1.239386796951294					per_gene																											her8a	-0.19996959	-0.095951915	-0.1011592608320432
A		B5_trajectory_free_map_t									1.499758005142212					per_gene																											her9	0.34011933	0.33701098	0.3349219421711922
A		B5_trajectory_free_map_t									0.7510510683059692					per_gene																											hes6	0.060229596	0.005257897	0.0053104593061864
A		B5_trajectory_free_map_t									0.6678652763366699					per_gene																											hesx1	0.1263726	0.110990696	0.1123650758574873
A		B5_trajectory_free_map_t									0.7342060804367065					per_gene																											hic1l	0.11869433	0.06778357	0.0745225251047808
A		B5_trajectory_free_map_t									0.6921151876449585					per_gene																											higd1a	0.05289837	0.049059473	0.0470011941699998
A		B5_trajectory_free_map_t									0.8303044438362122					per_gene																											hivep2a	0.0	-0.012932045	-0.0168170849495817
A		B5_trajectory_free_map_t									1.234200954437256					per_gene																											hoxb1b	0.1436691	0.12797973	0.1389394882537064
A		B5_trajectory_free_map_t									0.7112367153167725					per_gene																											hoxb7a	-0.03214452	0.05704937	0.0492891445026967
A		B5_trajectory_free_map_t									0.7252684235572815					per_gene																											hoxb8a	0.010832311	0.005622431	0.0033654138930231
A		B5_trajectory_free_map_t									0.6940205097198486					per_gene																											hoxb9a	0.1396486	0.12893477	0.1257859665611661
A		B5_trajectory_free_map_t									0.718505322933197					per_gene																											hoxc3a	0.20475031	0.037736576	0.0438624835078286
A		B5_trajectory_free_map_t									0.7262255549430847					per_gene																											hoxc6a	0.23306763	0.10427205	0.1010144492189154
A		B5_trajectory_free_map_t									0.5283598899841309					per_gene																											hoxc8a	0.03644585	0.0007515263	0.0095153198519344
A		B5_trajectory_free_map_t									0.8247378468513489					per_gene																											hsp90aa1.2	0.07740127	0.015230594	0.0181318612630887
A		B5_trajectory_free_map_t									1.2197707891464231					per_gene																											id3	-0.08890323	0.0044662	-0.0177807746308475
A		B5_trajectory_free_map_t									0.2731477320194244					per_gene																											igf2bp1	0.3444671	0.3539025	0.3461743212814825
A		B5_trajectory_free_map_t									0.7658783793449402					per_gene																											igfbp1a	0.0	0.06876543	0.0643810929513543
A		B5_trajectory_free_map_t									0.7585570216178894					per_gene																											irf2a	0.19959883	0.045400757	0.044961513141016
A		B5_trajectory_free_map_t									1.4585893154144287					per_gene																											irx1b	-0.1462847	-0.122135825	-0.1303135410401952
A		B5_trajectory_free_map_t									0.7349631190299988					per_gene																											irx3a	0.10231106	0.049824286	0.0411786257006472
A		B5_trajectory_free_map_t									0.7258425354957581					per_gene																											irx5a	0.1323093	0.03870984	0.0415689527849551
A		B5_trajectory_free_map_t									1.6874109506607056					per_gene																											irx7	-0.09721276	-0.046983156	-0.0549277481884293
A		B5_trajectory_free_map_t									0.992847740650177					per_gene																											ism1	0.2247351	0.3229334	0.2793606967349913
A		B5_trajectory_free_map_t									0.6634518504142761					per_gene																											itga6a	0.12243285	0.042362187	0.0421341310000286
A		B5_trajectory_free_map_t									0.8909733891487122					per_gene																											itgb5	0.3265791	0.32041484	0.360176397195745
A		B5_trajectory_free_map_t									1.0230261087417605					per_gene																											itm2cb	-0.032358445	-0.08238292	-0.079529044250172
A		B5_trajectory_free_map_t									0.8537867069244385					per_gene																											jcada	0.13969597	0.14252502	0.1519493437854178
A		B5_trajectory_free_map_t									0.7961061596870422					per_gene																											kank1a	0.17208321	0.13439716	0.1281722974352965
A		B5_trajectory_free_map_t									0.9175411462783812					per_gene																											kazald2	0.32987434	0.41883388	0.4070463613903804
A		B5_trajectory_free_map_t									0.795850932598114					per_gene																											kdrl	0.20574178	0.030338027	0.0211173358335985
A		B5_trajectory_free_map_t									0.7824687957763672					per_gene																											kif15	-0.025074141	-0.097900845	-0.0944904774722384
A		B5_trajectory_free_map_t									1.4570013284683228					per_gene																											kirrel3l	0.357731	0.46862897	0.4006164180376368
A		B5_trajectory_free_map_t									0.7472408413887024					per_gene																											klf17	0.10281215	0.09095228	0.0760235323377412
A		B5_trajectory_free_map_t									1.5182414054870603					per_gene																											klf2a	0.1310898	0.019691937	0.0277974020699535
A		B5_trajectory_free_map_t									1.7260671854019165					per_gene																											klf2b	-0.016787313	0.12974964	0.1179347179537386
A		B5_trajectory_free_map_t									1.2456110715866089					per_gene																											klf3	-0.18685122	-0.2375932	-0.2373572310469208
A		B5_trajectory_free_map_t									0.8154943585395813					per_gene																											klf7a	0.07869441	0.04386429	0.0445753720754596
A		B5_trajectory_free_map_t									0.7042207717895508					per_gene																											klf8	0.3936289	0.40529785	0.4681351349465686
A		B5_trajectory_free_map_t									0.6779426336288452					per_gene																											kmt2bb	0.09375308	0.047466025	0.0511851838192165
A		B5_trajectory_free_map_t									0.4930802583694458					per_gene																											kmt5aa	0.00566838	0.041425165	0.0308273915686299
A		B5_trajectory_free_map_t									1.9454890489578247					per_gene																											krt4	0.2932747	0.16430865	0.1624172301898128
A		B5_trajectory_free_map_t									1.9318361282348635					per_gene																											krt8	0.15484639	-0.014660325	-0.0074297661336422
A		B5_trajectory_free_map_t									1.2670998573303225					per_gene																											krt99	0.23867527	0.16548103	0.1775427288178686
A		B5_trajectory_free_map_t									1.06494402885437					per_gene																											lamb1a	-0.34821028	-0.29558763	-0.3056264411113997
A		B5_trajectory_free_map_t									0.6834158897399902					per_gene																											lamc1	0.25582802	0.21118088	0.2014664349384632
A		B5_trajectory_free_map_t									0.6615036129951477					per_gene																											lamp2	0.16021502	0.2004576	0.1663519668016938
A		B5_trajectory_free_map_t									0.7427554726600647					per_gene																											lbx2	0.28148827	0.29955316	0.2338630940708771
A		B5_trajectory_free_map_t									1.6567864418029783					per_gene																											lef1	-0.22802658	-0.1904738	-0.1548161663653497
A		B5_trajectory_free_map_t									0.9396592378616332					per_gene																											lft1	0.25480664	0.1866382	0.2080565971632445
A		B5_trajectory_free_map_t									0.8921027183532715					per_gene																											lft2	0.47040385	0.22007878	0.1410320221066006
A		B5_trajectory_free_map_t									0.7747363448143005					per_gene																											lgals3b	0.13908882	0.011771861	0.0112164969540164
A		B5_trajectory_free_map_t									0.7731671333312988					per_gene																											lhfpl6	0.012310312	-0.004920968	-0.0030506295976446
A		B5_trajectory_free_map_t									0.8245795965194702					per_gene																											lhx1a	0.46859053	0.44730544	0.2861131245638032
A		B5_trajectory_free_map_t									1.6761972904205322					per_gene																											lhx5	0.12632522	0.13057266	0.1286778398547915
A		B5_trajectory_free_map_t									1.1112066507339478					per_gene																											lima1a	-0.28101793	-0.32887504	-0.3563046230037012
A		B5_trajectory_free_map_t									0.3735763132572174					per_gene																											lmnb1	0.10137574	0.14109136	0.1601718319216182
A		B5_trajectory_free_map_t									0.8388528823852539					per_gene																											lmo2	0.13235	0.06550869	0.0685144443354992
A		B5_trajectory_free_map_t									1.531327724456787					per_gene																											lmo4a	0.337455	0.32036415	0.3457543750563027
A		B5_trajectory_free_map_t									0.8927779793739319					per_gene																											lratb.1	0.042757638	0.05733679	0.048172792629684
A		B5_trajectory_free_map_t									0.7998248338699341					per_gene																											lratd1	0.055981625	0.059156086	0.069768188166329
A		B5_trajectory_free_map_t									0.6954535245895386					per_gene																											mab21l2	0.13056396	0.01922751	0.0169058792701118
A		B5_trajectory_free_map_t									0.658815860748291					per_gene																											mad1l1	0.07969732	0.1437906	0.1595931780938678
A		B5_trajectory_free_map_t									0.8563217520713806					per_gene																											map1lc3b	-0.13928331	-0.088245474	-0.1166780456261639
A		B5_trajectory_free_map_t									0.5469685196876526					per_gene																											map2k6	0.19879813	0.24643376	0.2087414435306455
A		B5_trajectory_free_map_t									0.7874312996864319					per_gene																											mcama	-0.030569594	0.015545207	0.0186425629733669
A		B5_trajectory_free_map_t									0.5533536076545715					per_gene																											mcm2	0.029017845	0.10246624	0.0572394220531763
A		B5_trajectory_free_map_t									0.4596864581108093					per_gene																											mcm3	0.041809335	0.12953256	0.0530253544381136
A		B5_trajectory_free_map_t									0.363915741443634					per_gene																											mcm4	0.22291079	0.28007203	0.2648947821739293
A		B5_trajectory_free_map_t									0.6479372382164001					per_gene																											mcm5	0.17951699	0.14897457	0.1068021313671635
A		B5_trajectory_free_map_t									0.259278804063797					per_gene																											mcm7	0.3339822	0.39064044	0.3379585787391561
A		B5_trajectory_free_map_t									0.790905773639679					per_gene																											mef2d	0.044718105	-0.02160307	-0.01305316466072
A		B5_trajectory_free_map_t									1.108177661895752					per_gene																											meis1b	0.47239453	0.5144876	0.4561028117701972
A		B5_trajectory_free_map_t									0.7062733769416809					per_gene																											meis2a	0.063612975	-0.002427462	-0.0044239932517716
A		B5_trajectory_free_map_t									1.118273377418518					per_gene																											meis3	0.16945912	0.1607778	0.1559274372787728
A		B5_trajectory_free_map_t									0.8318712115287781					per_gene																											meox1	0.05788615	0.05245046	0.0444597654690398
A		B5_trajectory_free_map_t									0.7551383972167969					per_gene																											mespaa	-0.117473714	-0.057133105	-0.0648023018214399
A		B5_trajectory_free_map_t									0.8655754327774048					per_gene																											mespab	0.29116696	0.37589854	0.3604180282872111
A		B5_trajectory_free_map_t									0.7063019871711731					per_gene																											mgst3b	0.11505445	-0.04781672	-0.0554489583312836
A		B5_trajectory_free_map_t									0.9900097250938416					per_gene																											mibp2	0.0	0.04771127	0.0456660217361929
A		B5_trajectory_free_map_t									0.8657465577125549					per_gene																											mixl1	0.5214822	0.25227806	0.257576867378406
A		B5_trajectory_free_map_t									0.2805168628692627					per_gene																											mki67	0.2827756	0.24703959	0.2468916403856358
A		B5_trajectory_free_map_t									0.7378328442573547					per_gene																											mns1	0.2006147	0.17390563	0.183799962017284
A		B5_trajectory_free_map_t									1.8505691289901731					per_gene																											msgn1	0.5203468	0.51700354	0.4721441780747063
A		B5_trajectory_free_map_t									1.869507431983948					per_gene																											msx1b	0.09795835	0.04855933	0.0417649717258479
A		B5_trajectory_free_map_t									1.2849926948547363					per_gene																											msx3	-0.2544648	-0.28522792	-0.2813400242033891
A		B5_trajectory_free_map_t									0.5196263790130615					per_gene																											mycb	0.0	0.039416	0.0408648200407308
A		B5_trajectory_free_map_t									0.5828131437301636					per_gene																											mych	0.5131193	0.32547033	0.2605176528845935
A		B5_trajectory_free_map_t									0.6097891926765442					per_gene																											mycla	0.07533901	0.10620055	0.0878010493636978
A		B5_trajectory_free_map_t									1.188301682472229					per_gene																											myclb	0.3330846	0.38192168	0.3776225801355271
A		B5_trajectory_free_map_t									1.5016765594482422					per_gene																											mycn	-0.12941764	-0.041085053	-0.0841439718227735
A		B5_trajectory_free_map_t									0.7401559948921204					per_gene																											myf5	0.17970999	0.16424406	0.1361204618577523
A		B5_trajectory_free_map_t									0.7616153359413147					per_gene																											myod1	0.14483213	0.058332887	0.0529692227783104
A		B5_trajectory_free_map_t									0.8786563873291016					per_gene																											nanog	0.0950853	0.06479831	0.0807277888303114
A		B5_trajectory_free_map_t									1.087287425994873					per_gene																											nanos3	0.10526671	-0.05276793	-0.0557928344805912
A		B5_trajectory_free_map_t									0.4763528108596802					per_gene																											nap1l1	0.22371775	0.1906125	0.1659962348387805
A		B5_trajectory_free_map_t									1.2098093032836914					per_gene																											nasp	0.0	0.28727037	0.3197901262901103
A		B5_trajectory_free_map_t									0.4393638074398041					per_gene																											ncapd2	0.034233343	-0.00043496722	-0.0219541750100371
A		B5_trajectory_free_map_t									0.5320119857788086					per_gene																											nckap5l	0.2018427	0.17166057	0.1786895852791281
A		B5_trajectory_free_map_t									0.613452672958374					per_gene																											ndr1	0.5498777	0.08761227	0.072591168811709
A		B5_trajectory_free_map_t									0.914068877696991					per_gene																											ndr2	0.4154165	0.318967	0.2267700767394299
A		B5_trajectory_free_map_t									0.8399437665939331					per_gene																											ndufv3	0.0115293	0.056371987	0.0602837132450887
A		B5_trajectory_free_map_t									1.5839955806732178					per_gene																											nid2a	0.13244419	0.13803858	0.150876247677635
A		B5_trajectory_free_map_t									0.7751103043556213					per_gene																											nip7	0.036487207	0.12100793	0.1401349209277055
A		B5_trajectory_free_map_t									0.7726545333862305					per_gene																											nkx1.2la	-0.007245875	0.025164433	0.0235164142636623
A		B5_trajectory_free_map_t									0.6625948548316956					per_gene																											nkx2.2a	0.08550492	0.05757437	0.0541211641120755
A		B5_trajectory_free_map_t									0.8413614630699158					per_gene																											nkx2.5	0.1349103	0.12400681	0.1249048943279067
A		B5_trajectory_free_map_t									0.8615237474441528					per_gene																											nog1	0.00817587	0.05758907	-0.0141437051331447
A		B5_trajectory_free_map_t									0.3887156248092651					per_gene																											nop58	0.050078575	0.08031014	0.064752522814035
A		B5_trajectory_free_map_t									0.7878494262695312					per_gene																											notch1a	-0.0052320915	-0.0029089805	-0.0026939668614952
A		B5_trajectory_free_map_t									0.969247043132782					per_gene																											noto	0.5671199	0.6478142	0.4381667940667547
A		B5_trajectory_free_map_t									0.8751673102378845					per_gene																											nr2f2	0.05076486	0.052312043	0.0478366685261557
A		B5_trajectory_free_map_t									0.7375679612159729					per_gene																											nr6a1a	0.15428697	0.09436728	0.0910251986795327
A		B5_trajectory_free_map_t									0.8478502035140991					per_gene																											nrarpa	0.43804726	0.44848925	0.4526558118078388
A		B5_trajectory_free_map_t									1.1977720260620115					per_gene																											nsd2	-0.27173147	-0.21825217	-0.2307996464604156
A		B5_trajectory_free_map_t									0.8559790253639221					per_gene																											ntd5	0.26613656	0.24986753	0.1540131405269807
A		B5_trajectory_free_map_t									0.8647951483726501					per_gene																											oclna	0.12025514	0.12986293	0.1236447752042466
A		B5_trajectory_free_map_t									0.7722240686416626					per_gene																											olig4	0.010193563	-0.018017957	-0.025361777224939
A		B5_trajectory_free_map_t									0.8710992336273193					per_gene																											osr1	0.0	0.37545308	0.3160307185070401
A		B5_trajectory_free_map_t									1.8046334981918333					per_gene																											otx1	-0.15347196	-0.12218081	-0.1066242435589872
A		B5_trajectory_free_map_t									1.017038345336914					per_gene																											otx2a	0.083468266	0.083419986	0.0783379771022622
A		B5_trajectory_free_map_t									1.7445645332336426					per_gene																											otx2b	-0.008567691	-0.0025152098	0.0229616614258001
A		B5_trajectory_free_map_t									0.6418135762214661					per_gene																											pax2a	-0.0046577724	0.0718354	0.0608964494619255
A		B5_trajectory_free_map_t									0.8688130378723145					per_gene																											pax3a	-0.010737996	0.042808674	0.0416842843376649
A		B5_trajectory_free_map_t									0.7900983691215515					per_gene																											pax6a	0.0	0.053583436	0.0515765054572617
A		B5_trajectory_free_map_t									0.7684485912322998					per_gene																											pax6b	0.15199348	0.05579187	0.0563534787512935
A		B5_trajectory_free_map_t									0.656003475189209					per_gene																											pbx1b	-0.011721587	-0.012568031	-0.0107457722882096
A		B5_trajectory_free_map_t									0.3834471702575683					per_gene																											pbx4	0.025918046	0.0068267644	-0.0206371289416496
A		B5_trajectory_free_map_t									1.203996658325195					per_gene																											pcdh10b	0.55292225	0.5770656	0.4936963313181897
A		B5_trajectory_free_map_t									0.6468902826309204					per_gene																											pcdh7b	0.013113421	0.033291966	0.0306665939015873
A		B5_trajectory_free_map_t									0.5120502710342407					per_gene																											PCDH8	-0.019352306	0.008741629	0.0085449172841002
A		B5_trajectory_free_map_t									0.9489545822143556					per_gene																											pcdh8	0.25130513	0.44050258	0.4305190936046907
A		B5_trajectory_free_map_t									0.918676733970642					per_gene																											pdap1a	0.11431204	0.042819366	0.0471467663023348
A		B5_trajectory_free_map_t									1.1283857822418213					per_gene																											perp	0.2024196	0.1549066	0.1497227630897282
A		B5_trajectory_free_map_t									0.7021437883377075					per_gene																											pfn2	0.14467342	0.07251243	0.0703687863127851
A		B5_trajectory_free_map_t									0.7491019368171692					per_gene																											pitx2	0.16793232	0.06178902	0.0551214060223852
A		B5_trajectory_free_map_t									1.008283257484436					per_gene																											pknox1.1	-0.1705132	0.014312439	0.0422219983185189
A		B5_trajectory_free_map_t									0.8107116222381592					per_gene																											plagl2	0.14301588	0.09995252	0.0971187262011968
A		B5_trajectory_free_map_t									1.0329980850219729					per_gene																											plekhg5b	0.078023426	0.11040192	0.1202907889396268
A		B5_trajectory_free_map_t									0.6469697952270508					per_gene																											pmp22b	0.15077704	0.1319333	0.1241388160086165
A		B5_trajectory_free_map_t									0.7503626942634583					per_gene																											pold3	0.14332885	0.080979094	0.0793595878393275
A		B5_trajectory_free_map_t									0.7211108803749084					per_gene																											ppan	0.04354347	0.10132608	0.0586520526499167
A		B5_trajectory_free_map_t									1.6850383281707764					per_gene																											prickle1b	0.00028956457	0.05773519	0.026598159320001
A		B5_trajectory_free_map_t									0.3721548616886139					per_gene																											prmt1	0.16380882	0.14259233	0.1356012610952218
A		B5_trajectory_free_map_t									0.759103536605835					per_gene																											prox1a	0.1013062	-0.021371307	-0.0213015789288586
A		B5_trajectory_free_map_t									0.5151767134666443					per_gene																											ptp4a2b	0.16863975	0.10193946	0.1114927561769759
A		B5_trajectory_free_map_t									0.7394256591796875					per_gene																											pttg1	-0.11101053	-0.13415319	-0.1555605747119764
A		B5_trajectory_free_map_t									0.939997375011444					per_gene																											rab11fip4a	-0.066372395	-0.046512403	-0.0366539238224816
A		B5_trajectory_free_map_t									0.4391853511333465					per_gene																											rac1a	0.32952163	0.30655453	0.3385634153767538
A		B5_trajectory_free_map_t									0.9694159030914308					per_gene																											raraa	-0.10634711	-0.07898307	-0.0843564464065802
A		B5_trajectory_free_map_t									1.0626145601272583					per_gene																											rasgef1ba	0.37715334	0.36097738	0.3880701401679293
A		B5_trajectory_free_map_t									1.4129900932312012					per_gene																											rasl11b	0.07844751	0.106611714	0.1012402501724841
A		B5_trajectory_free_map_t									0.4675390124320984					per_gene																											rbbp4	0.12611496	0.24415375	0.2287312893791841
A		B5_trajectory_free_map_t									0.6618490815162659					per_gene																											rbm4.3	-0.17408453	-0.052679572	-0.0390581454307019
A		B5_trajectory_free_map_t									0.5935304760932922					per_gene																											rbm7	0.097376674	0.06833766	0.062109681826871
A		B5_trajectory_free_map_t									0.4205286502838135					per_gene																											rbmx	0.14138602	0.15703529	0.1333990478864878
A		B5_trajectory_free_map_t									0.3775576651096344					per_gene																											rcc1	0.11013951	0.14870219	0.1407109098686073
A		B5_trajectory_free_map_t									0.7848579287528992					per_gene																											rdh10b	0.039421465	-0.010691508	-0.0083161953295122
A		B5_trajectory_free_map_t									0.6827794313430786					per_gene																											rfx2	-0.032087978	0.038163085	0.0267170527917812
A		B5_trajectory_free_map_t									0.8048823475837708					per_gene																											rhov	-0.013962133	0.13965766	0.1818478554541171
A		B5_trajectory_free_map_t									0.7466553449630737					per_gene																											ripply1	0.06244544	0.09978869	0.0904128133579753
A		B5_trajectory_free_map_t									0.9550365209579468					per_gene																											rnd1b	0.023769384	0.11346809	0.0627458096686082
A		B5_trajectory_free_map_t									1.3413968086242676					per_gene																											rpl10	0.0	0.06154467	0.0602200996457949
A		B5_trajectory_free_map_t									0.535150945186615					per_gene																											rpl19	0.18979195	0.19325772	0.220315643634771
A		B5_trajectory_free_map_t									0.4801197946071625					per_gene																											rpl31	0.14640993	0.11742889	0.1282948826095939
A		B5_trajectory_free_map_t									0.7620255947113037					per_gene																											rpl34	-0.010920348	0.030196162	0.0304150406500733
A		B5_trajectory_free_map_t									0.7679838538169861					per_gene																											rpl38	0.0029690783	0.02851759	0.0255870576032995
A		B5_trajectory_free_map_t									0.6831077337265015					per_gene																											rpl4	0.31981882	0.11820243	0.131626891280623
A		B5_trajectory_free_map_t									0.3612791001796722					per_gene																											rpl5a	0.13419184	0.13348296	0.1356019845086715
A		B5_trajectory_free_map_t									0.3989820778369903					per_gene																											rpl6	0.25637183	0.16991748	0.1982186285067077
A		B5_trajectory_free_map_t									0.7808449268341064					per_gene																											rplp0	-0.038817022	-0.09526977	-0.0687259397827014
A		B5_trajectory_free_map_t									1.4083843231201172					per_gene																											rplp2l	-0.07028393	-0.066102736	-0.0557182446130231
A		B5_trajectory_free_map_t									0.3186301290988922					per_gene																											rps3	0.15565827	0.12000356	0.1292114060671907
A		B5_trajectory_free_map_t									0.3204180598258972					per_gene																											rps6	0.008659921	-0.07933831	-0.0502496725381855
A		B5_trajectory_free_map_t									1.0772910118103027					per_gene																											rrbp1b	0.21773435	0.16030067	0.1067255150667512
A		B5_trajectory_free_map_t									1.1308411359786987					per_gene																											rreb1a	-0.18791182	-0.26244646	-0.285811293818385
A		B5_trajectory_free_map_t									0.9292851090431212					per_gene																											rreb1b	0.014233015	-0.037233327	-0.0479099082966551
A		B5_trajectory_free_map_t									0.4764050245285034					per_gene																											rrm2	-0.0667205	0.14447524	0.148603274453841
A		B5_trajectory_free_map_t									0.712406575679779					per_gene																											rrp8	-0.034437608	-0.05738814	-0.0547322037968104
A		B5_trajectory_free_map_t									0.7587695717811584					per_gene																											rx3	0.05402621	0.045850765	0.0420080976412798
A		B5_trajectory_free_map_t									0.6186020970344543					per_gene																											rxraa	0.06250635	0.07170266	0.0693302799559188
A		B5_trajectory_free_map_t									0.9402431845664978					per_gene																											rxrgb	0.0	0.10703701	0.1058406050624838
A		B5_trajectory_free_map_t									0.7189850807189941					per_gene																											sall1a	0.17892638	0.17457223	0.1788055544572082
A		B5_trajectory_free_map_t									0.7928122878074646					per_gene																											sall3a	0.14974463	0.11475727	0.121558008067848
A		B5_trajectory_free_map_t									1.0772441625595093					per_gene																											sall3b	0.1700289	0.30754185	0.251258774847694
A		B5_trajectory_free_map_t									0.8034509420394897					per_gene																											sdc4	0.10440323	0.10901209	0.1229699134765064
A		B5_trajectory_free_map_t									0.5220702290534973					per_gene																											sebox	0.4661066	0.16651243	0.1572836030891911
A		B5_trajectory_free_map_t									1.0475599765777588					per_gene																											sept9a	0.38570687	0.37715167	0.4131902376248441
A		B5_trajectory_free_map_t									0.8244425654411316					per_gene																											shha	0.34174266	0.27865916	0.2041538550212565
A		B5_trajectory_free_map_t									0.9757898449897766					per_gene																											si:ch211-106e7.2	-0.1277224	-0.09927846	-0.1013448607879837
A		B5_trajectory_free_map_t									0.6917106509208679					per_gene																											si:ch211-113a14.12	0.10979536	0.01843143	0.009595407456414
A		B5_trajectory_free_map_t									0.788779616355896					per_gene																											si:ch211-113a14.18	-0.020655882	0.014443277	0.0050926444324227
A		B5_trajectory_free_map_t									0.7800041437149048					per_gene																											si:ch211-114n24.6	-0.0873111	-0.011243381	-0.0159641453480493
A		B5_trajectory_free_map_t									0.4880876243114471					per_gene																											si:ch211-155e24.3	0.1960335	0.27424967	0.2455539313770428
A		B5_trajectory_free_map_t									0.483308732509613					per_gene																											si:ch211-161h7.4	0.02026967	0.061056264	0.0618314600592277
A		B5_trajectory_free_map_t									0.4501628279685974					per_gene																											si:ch211-163l21.7	-0.016128253	-0.0033265003	-0.0071024333353867
A		B5_trajectory_free_map_t									0.818974494934082					per_gene																											si:dkey-108k21.14	0.1455186	0.20502926	0.1081630567515375
A		B5_trajectory_free_map_t									0.5152132511138916					per_gene																											si:dkey-108k21.21	0.12182874	0.010567093	0.018059971599638
A		B5_trajectory_free_map_t									1.101478934288025					per_gene																											si:dkey-261h17.1	0.36230233	0.30311736	0.3020761027008081
A		B5_trajectory_free_map_t									0.743361234664917					per_gene																											si:dkey-261m9.12	0.25072393	0.32580233	0.2637813652701048
A		B5_trajectory_free_map_t									0.6561904549598694					per_gene																											si:dkey-66i24.9	0.03663219	0.0519112	0.0238934502473028
A		B5_trajectory_free_map_t									0.7988969087600708					per_gene																											si:dkey-68o6.5	-0.013639192	-0.07429947	-0.0887015222247127
A		B5_trajectory_free_map_t									0.8526274561882019					per_gene																											si:dkey-92i17.2	0.1307018	0.032065995	0.0510641468921027
A		B5_trajectory_free_map_t									0.668380618095398					per_gene																											six3b	0.09865502	0.06084155	0.0612428631449493
A		B5_trajectory_free_map_t									1.0728552341461182					per_gene																											six4a	0.54951763	0.55486274	0.512785266547609
A		B5_trajectory_free_map_t									0.966752827167511					per_gene																											six4b	0.009493298	0.052356657	0.0103382063570278
A		B5_trajectory_free_map_t									0.9370521306991576					per_gene																											six7	0.20324476	0.20545903	0.2078672312223619
A		B5_trajectory_free_map_t									1.0530765056610107					per_gene																											skia	-0.24793719	-0.23074487	-0.228234325426285
A		B5_trajectory_free_map_t									0.7302117943763733					per_gene																											skila	-0.016745657	0.0020587037	0.0063988550215657
A		B5_trajectory_free_map_t									0.9111353158950806					per_gene																											skilb	0.2779338	0.27290845	0.3166030363382224
A		B5_trajectory_free_map_t									1.0916441679000854					per_gene																											smtnl	0.29629996	0.3339424	0.273781598113512
A		B5_trajectory_free_map_t									1.6549428701400757					per_gene																											snai1a	0.03227933	0.0504036	0.0676382546455844
A		B5_trajectory_free_map_t									0.8927374482154846					per_gene																											snai2	0.2637737	0.4084183	0.425072835553786
A		B5_trajectory_free_map_t									0.7113311290740967					per_gene																											snrpc	0.0	0.037089504	0.0449013865368829
A		B5_trajectory_free_map_t									0.6750236749649048					per_gene																											snrpd3	0.18529786	0.014751898	0.0160059487195831
A		B5_trajectory_free_map_t									0.7748863101005554					per_gene																											snrpg	0.0	-0.0074543334	-0.0011507796857486
A		B5_trajectory_free_map_t									0.6050187945365906					per_gene																											sox10	-0.022095447	-0.086074136	-0.0832500945199264
A		B5_trajectory_free_map_t									1.3629875183105469					per_gene																											sox11a	0.3708031	0.48800492	0.4316445173719249
A		B5_trajectory_free_map_t									0.6567320227622986					per_gene																											sox11b	0.15466511	0.07978686	0.0780053726986864
A		B5_trajectory_free_map_t									0.8201678991317749					per_gene																											sox13	0.044954836	0.072060324	0.061671895062045
A		B5_trajectory_free_map_t									0.8280273079872131					per_gene																											sox17	0.0	-0.03602745	-0.0503858542722564
A		B5_trajectory_free_map_t									1.5040652751922607					per_gene																											sox19a	0.23905782	0.4769071	0.319228826607089
A		B5_trajectory_free_map_t									1.2241448163986206					per_gene																											sox2	0.30755278	0.28447062	0.2625191782863299
A		B5_trajectory_free_map_t									1.122162103652954					per_gene																											sox3	0.2262953	0.40430078	0.3902425224015705
A		B5_trajectory_free_map_t									1.533543586730957					per_gene																											sox32	0.01826136	0.366444	0.308296850523505
A		B5_trajectory_free_map_t									0.9570616483688354					per_gene																											sox5	0.49713215	0.48144227	0.4462986627571993
A		B5_trajectory_free_map_t									0.6331084966659546					per_gene																											sp5a	0.07567761	0.06509042	0.0644903504975365
A		B5_trajectory_free_map_t									0.9546304941177368					per_gene																											sp5l	0.6896922	0.6639115	0.6416332521235555
A		B5_trajectory_free_map_t									0.4433892071247101					per_gene																											spon1b	0.03111622	0.009462737	0.0105292266451193
A		B5_trajectory_free_map_t									0.8091374039649963					per_gene																											srp19	0.0	0.052464493	0.0491107459010022
A		B5_trajectory_free_map_t									0.8300684690475464					per_gene																											srrm4	0.14223112	0.058806	0.0512981003977219
A		B5_trajectory_free_map_t									0.6599993705749512					per_gene																											stmn1a	0.0	0.060784757	0.0630450335240981
A		B5_trajectory_free_map_t									0.628761351108551					per_gene																											stox1	0.041217264	-0.026296392	-0.0308131722172847
A		B5_trajectory_free_map_t									0.327991783618927					per_gene																											supt16h	0.26618928	0.28864956	0.2521368168333631
A		B5_trajectory_free_map_t									1.0559680461883545					per_gene																											syne2b	0.10557143	0.13764508	0.1268837713159137
A		B5_trajectory_free_map_t									1.2301582098007202					per_gene																											szl	-0.1679563	-0.17561455	-0.1601934842349409
A		B5_trajectory_free_map_t									1.1909524202346802					per_gene																											tagln2	0.16924646	0.17005217	0.1718979937848766
A		B5_trajectory_free_map_t									0.5208901762962341					per_gene																											tbr1b	0.028067188	0.029908333	0.0369380901927182
A		B5_trajectory_free_map_t									0.7554606199264526					per_gene																											tbx1	0.23288213	0.2845005	0.2570732230369521
A		B5_trajectory_free_map_t									2.1759958267211914					per_gene																											tbx16	0.05966706	0.14004107	0.15130123521256
A		B5_trajectory_free_map_t									1.681647539138794					per_gene																											tbx16l	0.39683947	0.49040058	0.4390027341338259
A		B5_trajectory_free_map_t									0.8578039407730103					per_gene																											tbx3b	0.16309401	0.07901929	0.0849177461682761
A		B5_trajectory_free_map_t									0.9346187114715576					per_gene																											tbx6	0.20927307	0.2164329	0.1795267493546016
A		B5_trajectory_free_map_t									2.1180732250213623					per_gene																											tbxta	0.09158116	0.2814728	0.2623421971962038
A		B5_trajectory_free_map_t									1.2580149173736572					per_gene																											tbxtb	0.14196512	0.13522297	0.0532952618731043
A		B5_trajectory_free_map_t									0.5328953862190247					per_gene																											tcf3b	0.50487554	0.6263387	0.6521058895097781
A		B5_trajectory_free_map_t									0.9827196002006532					per_gene																											tcf7	0.31832477	0.33611327	0.3600470520342098
A		B5_trajectory_free_map_t									1.199461817741394					per_gene																											tcf7l1a	0.0018547453	0.09963298	0.1056316499557548
A		B5_trajectory_free_map_t									1.1592514514923096					per_gene																											tcf7l1b	0.12440845	0.18591304	0.193629825288276
A		B5_trajectory_free_map_t									0.8351064324378967					per_gene																											tcf7l2	0.113772266	0.052469153	0.0510575079933616
A		B5_trajectory_free_map_t									1.7817281484603882					per_gene																											tdgf1	-0.37656382	-0.34855613	-0.3709374422055499
A		B5_trajectory_free_map_t									1.1336946487426758					per_gene																											tead1a	0.23399052	0.2233287	0.2392867276843646
A		B5_trajectory_free_map_t									0.8386236429214478					per_gene																											tead1b	-0.09809636	-0.09000251	-0.0978666978424031
A		B5_trajectory_free_map_t									1.7840731143951416					per_gene																											tfap2a	0.19313489	0.21576425	0.2113114192308822
A		B5_trajectory_free_map_t									2.261803150177002					per_gene																											tfap2c	-0.31937635	-0.11446187	-0.109092150897977
A		B5_trajectory_free_map_t									0.4696001410484314					per_gene																											tgif1	0.29035205	0.13688648	0.1604178148223478
A		B5_trajectory_free_map_t									0.5943532586097717					per_gene																											tlcd5a	0.08044194	0.031777944	0.0397589321344757
A		B5_trajectory_free_map_t									0.7596272826194763					per_gene																											tmed10	0.076743245	0.022618061	0.0129853142123177
A		B5_trajectory_free_map_t									0.7903648614883423					per_gene																											tmed2	0.15148512	0.025368053	0.0225923036465187
A		B5_trajectory_free_map_t									1.2691638469696045					per_gene																											tp63	0.22447403	0.14505605	0.120958241145415
A		B5_trajectory_free_map_t									0.8002467155456543					per_gene																											tph1b	0.39705247	0.4320521	0.1906360829928769
A		B5_trajectory_free_map_t									0.7387264370918274					per_gene																											tpx2	0.0	0.03568908	0.0381258661064987
A		B5_trajectory_free_map_t									0.6318122744560242					per_gene																											tram1	0.2512481	0.20985733	0.208337197116653
A		B5_trajectory_free_map_t									0.6971395015716553					per_gene																											trps1	0.12886192	0.10976451	0.1079003775018971
A		B5_trajectory_free_map_t									0.8521666526794434					per_gene																											tshz3b	0.14300062	0.10965792	0.1103515020507314
A		B5_trajectory_free_map_t									0.8875194787979126					per_gene																											tuba1a	0.18554698	0.11380838	0.117200851934953
A		B5_trajectory_free_map_t									0.5272418260574341					per_gene																											tuba8l	0.1971664	0.14571992	0.1261760721963913
A		B5_trajectory_free_map_t									1.4071073532104492					per_gene																											tuba8l2	0.34793603	0.3057533	0.2967504754521156
A		B5_trajectory_free_map_t									0.3748020529747009					per_gene																											tuba8l4	-0.048448745	0.05445117	0.0099388210598745
A		B5_trajectory_free_map_t									0.3747226595878601					per_gene																											tubb2b	0.009517883	0.05596414	0.0453860335101826
A		B5_trajectory_free_map_t									0.6162859201431274					per_gene																											twist1a	0.045907486	0.02834654	0.0241918507353337
A		B5_trajectory_free_map_t									0.7856763005256653					per_gene																											twist2	0.09711386	0.07910982	-0.0162532120886765
A		B5_trajectory_free_map_t									0.7661008834838867					per_gene																											ube2c	-0.00451559	-0.012019424	-0.013221620255795
A		B5_trajectory_free_map_t									0.3652321398258209					per_gene																											uhrf1	0.1285988	0.20618813	0.1646129017827184
A		B5_trajectory_free_map_t									0.8393343687057495					per_gene																											uncx4.1	0.011689144	-0.0053513134	0.0041800793735323
A		B5_trajectory_free_map_t									0.8512461185455322					per_gene																											unga	0.11044799	0.127982	0.0877215718869778
A		B5_trajectory_free_map_t									0.8022477030754089					per_gene																											usf1	0.11844381	0.03394829	0.0343317594046941
A		B5_trajectory_free_map_t									1.9281883239746092					per_gene																											ved	-0.575657	-0.44655782	-0.4693392755492122
A		B5_trajectory_free_map_t									1.040658712387085					per_gene																											vgll4l	0.14864528	0.14542706	0.1340583756605591
A		B5_trajectory_free_map_t									0.8114235997200012					per_gene																											vox	0.051373642	-0.0058297445	-0.002258638601271
A		B5_trajectory_free_map_t									0.815906286239624					per_gene																											vrtn	-0.26569977	-0.10877041	-0.0414027238084749
A		B5_trajectory_free_map_t									0.6458920836448669					per_gene																											vsx2	0.05775692	0.03714263	0.0421719004861445
A		B5_trajectory_free_map_t									1.249075412750244					per_gene																											wnt11f2	0.22256094	0.31903195	0.3319974249983825
A		B5_trajectory_free_map_t									1.1949713230133057					per_gene																											wnt8a	0.13419047	0.083325095	0.0716131914114674
A		B5_trajectory_free_map_t									1.4544622898101809					per_gene																											xbp1	0.11740489	0.185121	0.1340455331032354
A		B5_trajectory_free_map_t									0.8018081784248352					per_gene																											ypel3	0.19978738	0.14702393	0.1318229319490087
A		B5_trajectory_free_map_t									0.8029162883758545					per_gene																											zbtb18	0.007823004	-0.01281958	-0.0177458495619277
A		B5_trajectory_free_map_t									0.7269391417503357					per_gene																											zc4h2	0.0	0.018027848	0.013327771913404
A		B5_trajectory_free_map_t									1.280090570449829					per_gene																											zeb1a	-0.2740675	-0.1617721	-0.2573061668860938
A		B5_trajectory_free_map_t									1.2664114236831665					per_gene																											zeb1b	-0.032539837	-0.08090489	-0.1433555836996445
A		B5_trajectory_free_map_t									0.7666465044021606					per_gene																											zeb2a	0.12969267	0.04828688	0.0503516449568097
A		B5_trajectory_free_map_t									1.403156280517578					per_gene																											zeb2b	-0.099663556	-0.06384343	-0.0504695369903136
A		B5_trajectory_free_map_t									0.6265081167221069					per_gene																											zfand5a	0.31234536	0.20971748	0.2245134997616608
A		B5_trajectory_free_map_t									0.6216587424278259					per_gene																											zgc:113372	0.058223113	0.027729359	0.0275844609000437
A		B5_trajectory_free_map_t									0.6098565459251404					per_gene																											zgc:174154	0.055854317	-0.016311016	-0.0192509088080379
A		B5_trajectory_free_map_t									0.7449477910995483					per_gene																											zgc:175088	0.061437834	0.05834635	0.0654628288498962
A		B5_trajectory_free_map_t									1.5102484226226809					per_gene																											zic2a	0.15812871	0.22353803	0.2095170879884507
A		B5_trajectory_free_map_t									1.5429571866989136					per_gene																											zic2b	-0.054025445	-0.051289883	-0.1286811143221713
A		B5_trajectory_free_map_t									0.6492520570755005					per_gene																											zmp:0000000624	0.114913926	0.10695472	0.1207514622728972
A		B5_trajectory_free_map_t									0.7379971742630005					per_gene																											znf1004	0.11858586	0.31196928	0.2387917169917442
A		B5_trajectory_free_map_t									1.390819072723389					per_gene																											znf185	0.29691088	0.26540306	0.2702685461926745
A		B5_trajectory_free_map_t									0.5499890446662903					per_gene																											znf576.2	0.15000239	0.11516764	0.1347098075980348
A		B5_trajectory_free_map_t									1.3347223997116089					per_gene																											znfl2a	-0.2544777	-0.15606156	-0.153364283633383
A		B5_trajectory_free_map_t									0.6312129497528076					per_gene																											zswim5	0.13909233	0.3872296	0.4025332999728125
A		B6_trajectory_aware_map_t									1.2504419088363647					per_gene																											ackr3b	0.17892751	0.15216678	0.1906446360904308
A		B6_trajectory_aware_map_t									0.7832949161529541					per_gene																											acvr1ba	0.18313839	0.3472326	0.4048344876745954
A		B6_trajectory_aware_map_t									0.3263340592384338					per_gene																											add3b	0.3177472	0.3814724	0.3291412103226851
A		B6_trajectory_aware_map_t									0.4991678893566131					per_gene																											adka	0.27922812	0.4529348	0.5154255180308719
A		B6_trajectory_aware_map_t									1.7878389358520508					per_gene																											admp	-0.36813602	-0.243677	-0.251348105529968
A		B6_trajectory_aware_map_t									0.7105369567871094					per_gene																											ahi1	0.041204132	0.06303795	0.0625679159272721
A		B6_trajectory_aware_map_t									0.2921584546566009					per_gene																											akap12b	-0.075420275	0.08950451	0.1000585171418094
A		B6_trajectory_aware_map_t									0.8687248229980469					per_gene																											alcamb	0.49480015	0.55856353	0.4928550978305132
A		B6_trajectory_aware_map_t									0.6012833714485168					per_gene																											aldob	0.3317417	0.45431876	0.4712526716208546
A		B6_trajectory_aware_map_t									0.4203413426876068					per_gene																											anp32e	0.23183617	0.15787807	0.1777271355350889
A		B6_trajectory_aware_map_t									0.7891371250152588					per_gene																											apex1	-0.008161087	0.009489966	0.0118255524792602
A		B6_trajectory_aware_map_t									1.11957049369812					per_gene																											aplnra	0.38191015	0.4049714	0.3898685656321596
A		B6_trajectory_aware_map_t									0.7536134123802185					per_gene																											aplnrb	0.028721372	0.017765341	0.0178265517171981
A		B6_trajectory_aware_map_t									0.9039855003356934					per_gene																											apoc1	0.5518098	0.58057255	0.5978840962034464
A		B6_trajectory_aware_map_t									0.4509751796722412					per_gene																											arf5	0.24049175	0.12477036	0.1476485519269976
A		B6_trajectory_aware_map_t									0.5353565216064453					per_gene																											arhgap5	0.13812797	0.066862114	0.0720446127962204
A		B6_trajectory_aware_map_t									0.6964237689971924					per_gene																											arl4aa	0.17478843	0.18345135	0.1698347086296966
A		B6_trajectory_aware_map_t									0.8039498329162598					per_gene																											arl4ab	0.54456484	0.3116279	0.233286447013907
A		B6_trajectory_aware_map_t									0.9049196243286132					per_gene																											arl4d	0.48931178	0.51070404	0.524018490158267
A		B6_trajectory_aware_map_t									0.7518534660339355					per_gene																											arl6ip5a	0.23011987	0.21417788	0.2206232831866077
A		B6_trajectory_aware_map_t									0.7678415775299072					per_gene																											aspm	0.17448655	0.11398917	0.1097073865428183
A		B6_trajectory_aware_map_t									0.7616506814956665					per_gene																											atf6	0.2052813	0.087953515	0.118660871283511
A		B6_trajectory_aware_map_t									0.53633713722229					per_gene																											atoh1c	0.08920073	0.076649874	0.076518728545683
A		B6_trajectory_aware_map_t									0.7541536092758179					per_gene																											atp2b1a	0.11367983	0.08907102	0.0989673108177743
A		B6_trajectory_aware_map_t									0.3455981910228729					per_gene																											atrxl	0.20234662	0.07267685	0.0701167796437213
A		B6_trajectory_aware_map_t									0.5034809112548828					per_gene																											aurkb	0.19560204	0.19865279	0.2139904714821936
A		B6_trajectory_aware_map_t									0.8856618404388428					per_gene																											axin2	0.2549072	0.16814823	0.1720414546844482
A		B6_trajectory_aware_map_t									0.7440946698188782					per_gene																											bach1b	0.09218175	0.07981877	0.0751075158499855
A		B6_trajectory_aware_map_t									1.016892910003662					per_gene																											bambia	0.86582035	0.6943626	0.691871580742868
A		B6_trajectory_aware_map_t									0.6392682790756226					per_gene																											baz1b	0.2683408	0.27087286	0.2745546307740308
A		B6_trajectory_aware_map_t									0.6932594776153564					per_gene																											bcl2l1	0.08115172	0.09389031	0.0835491541461123
A		B6_trajectory_aware_map_t									0.6599769592285156					per_gene																											bhlha15	0.18922782	0.12872364	0.129121885071702
A		B6_trajectory_aware_map_t									0.6910166144371033					per_gene																											blf	0.22816473	0.086653665	0.0811727954187868
A		B6_trajectory_aware_map_t									1.5439655780792236					per_gene																											bmp2b	0.20801282	-0.034998562	0.0617164650767319
A		B6_trajectory_aware_map_t									0.8624863028526306					per_gene																											bmp4	0.82382995	0.7681442	0.7811062392484549
A		B6_trajectory_aware_map_t									0.9897595643997192					per_gene																											bmp7a	0.73273474	0.5379287	0.5926140488366495
A		B6_trajectory_aware_map_t									0.3371467292308807					per_gene																											brd2a	0.10269026	0.015318126	0.0194841599280404
A		B6_trajectory_aware_map_t									0.608231782913208					per_gene																											btg2	0.4906149	0.4788883	0.4736434888502664
A		B6_trajectory_aware_map_t									0.6564029455184937					per_gene																											c1qbp	0.22813386	0.2506079	0.2572588109333684
A		B6_trajectory_aware_map_t									0.7358300685882568					per_gene																											C7H16orf87	0.0	0.0021324302	0.0012769958349992
A		B6_trajectory_aware_map_t									0.9129925966262816					per_gene																											ca9	0.4831721	0.4551964	0.4910058853904886
A		B6_trajectory_aware_map_t									0.7968043684959412					per_gene																											casz1	0.031787094	-0.06888299	-0.0768170583307905
A		B6_trajectory_aware_map_t									0.4164170324802398					per_gene																											cbx3a	0.032150473	0.19991277	0.2294181997942875
A		B6_trajectory_aware_map_t									0.437993049621582					per_gene																											cbx5	0.30644545	0.3529381	0.3369317220622806
A		B6_trajectory_aware_map_t									0.8952973484992981					per_gene																											ccne2	0.072963916	0.019114153	0.0107480243430755
A		B6_trajectory_aware_map_t									0.4811674356460571					per_gene																											ccnf	0.17501424	0.08407303	0.0817293280698088
A		B6_trajectory_aware_map_t									0.6569777131080627					per_gene																											ccng1	0.34599912	0.30123377	0.3422926792241165
A		B6_trajectory_aware_map_t									0.7508400082588196					per_gene																											cd63	0.063831635	0.025153441	0.0283958359531307
A		B6_trajectory_aware_map_t									0.54549241065979					per_gene																											cdc14b	0.2465038	0.13964663	0.1448123800723704
A		B6_trajectory_aware_map_t									0.536148190498352					per_gene																											cdca8	0.112653054	0.12070543	0.1435541459619395
A		B6_trajectory_aware_map_t									0.5541130304336548					per_gene																											cdh1	0.40836963	0.49630648	0.5015702513632647
A		B6_trajectory_aware_map_t									0.7634312510490417					per_gene																											cdh2	0.425807	0.4131778	0.445648174911725
A		B6_trajectory_aware_map_t									0.9475953578948976					per_gene																											cdh6	0.22811076	0.23036869	0.2207449267572951
A		B6_trajectory_aware_map_t									0.9921501874923706					per_gene																											cdkn1ca	0.1785552	0.19627982	0.1271014835439138
A		B6_trajectory_aware_map_t									0.353762537240982					per_gene																											cdt1	0.22801073	0.19014335	0.2052831779704298
A		B6_trajectory_aware_map_t									0.9025282263755798					per_gene																											cdx1a	0.6787701	0.67700315	0.6402879365008843
A		B6_trajectory_aware_map_t									1.786952257156372					per_gene																											cdx4	0.6138209	0.62426335	0.6403320235911629
A		B6_trajectory_aware_map_t									0.5130010843276978					per_gene																											cenpf	0.16781066	0.22179645	0.236970165398047
A		B6_trajectory_aware_map_t									0.6341218948364258					per_gene																											cfl1l	0.11579823	0.061579727	0.0625576386345297
A		B6_trajectory_aware_map_t									0.7922390103340149					per_gene																											chaf1a	0.18789609	0.07973246	0.0821739418187952
A		B6_trajectory_aware_map_t									0.7772578001022339					per_gene																											chst11	0.15021932	0.08645741	0.0798952953985485
A		B6_trajectory_aware_map_t									0.7574339509010315					per_gene																											cldnd	0.19355962	0.0034635721	0.003820897462255
A		B6_trajectory_aware_map_t									0.7534154653549194					per_gene																											clic4	0.29215425	0.37365872	0.4161937226087835
A		B6_trajectory_aware_map_t									0.7462553381919861					per_gene																											clocka	0.029724997	0.01651265	0.014782746244544
A		B6_trajectory_aware_map_t									0.7171009182929993					per_gene																											cmtm6	0.17967337	0.12744384	0.129778821084628
A		B6_trajectory_aware_map_t									0.7140419483184814					per_gene																											cnmd	0.11519144	-2.8564646e-05	0.0046717958983233
A		B6_trajectory_aware_map_t									0.740744411945343					per_gene																											cnn3a	0.055581823	-0.02390537	-0.0205889045023085
A		B6_trajectory_aware_map_t									0.7531799077987671					per_gene																											coq10b	0.15172568	0.104929194	0.1092355597762903
A		B6_trajectory_aware_map_t									0.7817910313606262					per_gene																											crabp2b	0.5889766	0.65383816	0.6148598040893263
A		B6_trajectory_aware_map_t									0.9288633465766908					per_gene																											creb3l1	0.17866506	0.1587319	0.1000772690827609
A		B6_trajectory_aware_map_t									0.8132599592208862					per_gene																											creb3l2	0.22565986	0.17847322	0.1478905849901656
A		B6_trajectory_aware_map_t									0.7574106454849243					per_gene																											csrp1a	0.057270277	0.027604632	0.0299991477174814
A		B6_trajectory_aware_map_t									0.8241051435470581					per_gene																											cst3	0.20703675	0.24059516	0.2409041823997606
A		B6_trajectory_aware_map_t									0.2314856201410293					per_gene																											ctcf	0.3836118	0.4137993	0.4257581641164869
A		B6_trajectory_aware_map_t									0.8492587804794312					per_gene																											cth1	0.16634898	0.19687334	0.1950108516571512
A		B6_trajectory_aware_map_t									0.6912410855293274					per_gene																											CU570769.1	0.15467283	0.097353585	0.0991220473823998
A		B6_trajectory_aware_map_t									0.6238583326339722					per_gene																											cux1a	0.07246571	0.03494171	0.0350596248207453
A		B6_trajectory_aware_map_t									0.7903746962547302					per_gene																											cxcl12b	0.0042305146	0.042079307	0.0477986368764588
A		B6_trajectory_aware_map_t									0.8164280652999878					per_gene																											cxcr4a	0.095718384	0.06999548	0.0616741771297904
A		B6_trajectory_aware_map_t									0.983270823955536					per_gene																											dact2	0.503223	0.61904615	0.6515108112310047
A		B6_trajectory_aware_map_t									0.6584781408309937					per_gene																											dand5	0.11825538	0.08201345	0.0879637204211827
A		B6_trajectory_aware_map_t									0.9491011500358582					per_gene																											dbx1a	0.047356233	0.021662233	0.0529839338708312
A		B6_trajectory_aware_map_t									0.8679438829421997					per_gene																											ddx4	0.20140213	0.40655667	0.4266762524866611
A		B6_trajectory_aware_map_t									0.6760258078575134					per_gene																											dharma	0.093598366	0.02664069	0.0278204190646028
A		B6_trajectory_aware_map_t									0.2803738415241241					per_gene																											dkc1	0.30770564	0.39830577	0.3261554093284506
A		B6_trajectory_aware_map_t									0.6863333582878113					per_gene																											dkk1b	0.23095164	0.14141954	0.058653627960036
A		B6_trajectory_aware_map_t									1.3828316926956177					per_gene																											dld	0.5557967	0.62931097	0.6106256271260055
A		B6_trajectory_aware_map_t									0.3231131434440613					per_gene																											dlgap5	0.082854	0.13919054	0.1303504889275062
A		B6_trajectory_aware_map_t									1.2534873485565186					per_gene																											dlx3b	0.6413079	0.6533881	0.6045434212946547
A		B6_trajectory_aware_map_t									0.5334511399269104					per_gene																											dmd	0.13155568	0.16110621	0.1498234718197461
A		B6_trajectory_aware_map_t									0.8622425198554993					per_gene																											drll.2	0.5680227	0.6426817	0.5984669267927183
A		B6_trajectory_aware_map_t									0.880650520324707					per_gene																											drll.3	0.49968877	0.4876446	0.4234449116000636
A		B6_trajectory_aware_map_t									0.6285960078239441					per_gene																											dscc1	0.09864026	0.013651984	0.0145129271358207
A		B6_trajectory_aware_map_t									0.7221319675445557					per_gene																											dync1li1	0.014160292	0.055174936	0.0567954157125681
A		B6_trajectory_aware_map_t									0.7616903781890869					per_gene																											dynll2b	0.13327427	0.095532246	0.0930302120402476
A		B6_trajectory_aware_map_t									0.7226958274841309					per_gene																											ednraa	0.029742563	0.04216511	0.0255730984448626
A		B6_trajectory_aware_map_t									0.8356053233146667					per_gene																											efna1a	0.26229644	0.34727228	0.3262356424454696
A		B6_trajectory_aware_map_t									0.851190447807312					per_gene																											efnb2a	0.27059552	0.33594975	0.2999480467816536
A		B6_trajectory_aware_map_t									0.9422430396080016					per_gene																											efnb2b	0.5659095	0.6118624	0.6203789128999992
A		B6_trajectory_aware_map_t									0.7408950924873352					per_gene																											egln1b	0.1853448	0.15558413	0.1603458360326228
A		B6_trajectory_aware_map_t									0.439211905002594					per_gene																											eif3ea	0.2888273	0.24333438	0.2910231519900384
A		B6_trajectory_aware_map_t									0.7325462698936462					per_gene																											elavl3	0.060281765	0.0439586	0.0498263397796445
A		B6_trajectory_aware_map_t									1.0361953973770142					per_gene																											elf1	0.25108376	0.26830947	0.2720300888439513
A		B6_trajectory_aware_map_t									0.7992948293685913					per_gene																											elob	0.16354652	0.035505235	0.0306103121196737
A		B6_trajectory_aware_map_t									0.7099229693412781					per_gene																											emid1	0.20563315	0.13995823	0.1360955070490757
A		B6_trajectory_aware_map_t									0.653954029083252					per_gene																											emx2	0.17225046	0.10527536	0.1082380280241614
A		B6_trajectory_aware_map_t									0.7773777842521667					per_gene																											emx3	0.16685034	0.047273733	0.0441641856090393
A		B6_trajectory_aware_map_t									0.8597396016120911					per_gene																											epcam	0.082119055	-0.024291731	-0.0270343798901834
A		B6_trajectory_aware_map_t									0.8948390483856201					per_gene																											epha2a	0.6046069	0.6477954	0.6119530992490845
A		B6_trajectory_aware_map_t									0.8164350986480713					per_gene																											ephb3a	0.60353106	0.60419554	0.626362438742235
A		B6_trajectory_aware_map_t									1.099490523338318					per_gene																											eppk1	0.2267356	0.1461235	0.1374008398036126
A		B6_trajectory_aware_map_t									0.4530491828918457					per_gene																											erf	0.48393947	0.4196568	0.4691257674972794
A		B6_trajectory_aware_map_t									0.7726715803146362					per_gene																											esrra	0.34680304	0.329117	0.3506949196380364
A		B6_trajectory_aware_map_t									1.006428599357605					per_gene																											ets2	0.18579558	0.22321144	0.078111580012994
A		B6_trajectory_aware_map_t									0.57086181640625					per_gene																											etv2	0.0	0.025774417	0.0278442058126882
A		B6_trajectory_aware_map_t									0.7261332273483276					per_gene																											etv4	0.5020063	0.54223937	0.5771726945494206
A		B6_trajectory_aware_map_t									0.8017454147338867					per_gene																											etv5a	0.11706169	0.114051245	0.0798523816615236
A		B6_trajectory_aware_map_t									0.5489498376846313					per_gene																											etv5b	0.3314442	0.3511738	0.3232576526084681
A		B6_trajectory_aware_map_t									0.840488851070404					per_gene																											eve1	0.8228041	0.83156186	0.822594684808549
A		B6_trajectory_aware_map_t									0.7363951206207275					per_gene																											f11r.1	-0.0030073116	-0.052098908	-0.0547773600949498
A		B6_trajectory_aware_map_t									0.8892383575439453					per_gene																											fbln2	0.24740107	0.11258094	0.0955803593549995
A		B6_trajectory_aware_map_t									1.0053426027297974					per_gene																											fezf2	0.29195616	0.18147951	0.1687212250717212
A		B6_trajectory_aware_map_t									0.9437355399131776					per_gene																											fgf8a	0.4740619	0.2997514	0.2627530016246071
A		B6_trajectory_aware_map_t									1.1420316696166992					per_gene																											flrt3	0.30645692	0.49876812	0.4977379154660559
A		B6_trajectory_aware_map_t									1.523118257522583					per_gene																											fn1a	0.3031842	0.29223317	0.2838997842834379
A		B6_trajectory_aware_map_t									0.9272377490997314					per_gene																											fn1b	0.56108236	0.5381741	0.5297896864936669
A		B6_trajectory_aware_map_t									0.7524596452713013					per_gene																											fnbp1l	-0.03862596	-0.023583498	-0.0324003926214915
A		B6_trajectory_aware_map_t									0.5926249027252197					per_gene																											fosab	0.15872799	0.15211596	0.1286638244845508
A		B6_trajectory_aware_map_t									0.9272565245628356					per_gene																											foxa	0.32980418	0.4067906	0.2729354660690597
A		B6_trajectory_aware_map_t									0.9023566842079164					per_gene																											foxa2	0.26995486	0.31218934	0.194689491242947
A		B6_trajectory_aware_map_t									1.3144762516021729					per_gene																											foxa3	0.51707333	0.52005434	0.4875369191670234
A		B6_trajectory_aware_map_t									1.1768732070922852					per_gene																											foxb1a	0.35522994	0.40551728	0.4347800027881673
A		B6_trajectory_aware_map_t									0.7719884514808655					per_gene																											foxb1b	0.40396038	0.30498704	0.2767550164944499
A		B6_trajectory_aware_map_t									1.6423488855361938					per_gene																											foxc1a	0.3901652	0.4488638	0.3831527757590076
A		B6_trajectory_aware_map_t									0.900076687335968					per_gene																											foxc1b	0.28814757	0.28945175	0.2420979675806197
A		B6_trajectory_aware_map_t									1.1293635368347168					per_gene																											foxd3	0.50510633	0.56995124	0.4941775261382301
A		B6_trajectory_aware_map_t									1.5620930194854736					per_gene																											foxd5	0.29988056	0.3578653	0.3690628663580683
A		B6_trajectory_aware_map_t									0.5718355774879456					per_gene																											foxg1a	0.16712904	0.078576	0.0777509114655966
A		B6_trajectory_aware_map_t									0.8301413655281067					per_gene																											foxh1	0.6217729	0.6866267	0.7175705063164033
A		B6_trajectory_aware_map_t									1.291674017906189					per_gene																											foxi1	0.46527797	0.46716037	0.3603484918849362
A		B6_trajectory_aware_map_t									0.7107687592506409					per_gene																											foxn2b	0.5562223	0.53979975	0.5769828252898399
A		B6_trajectory_aware_map_t									0.4069043397903442					per_gene																											foxo1a	0.036892217	0.05806322	0.0551260855897272
A		B6_trajectory_aware_map_t									0.8651164174079895					per_gene																											foxp1b	0.095767274	0.03732566	0.0441180620921331
A		B6_trajectory_aware_map_t									0.9289156198501588					per_gene																											foxp2	0.071201205	-0.00986911	-0.0013439686869238
A		B6_trajectory_aware_map_t									0.9056556820869446					per_gene																											frmd4ba	0.10285135	0.08663072	0.058085933503271
A		B6_trajectory_aware_map_t									0.596686840057373					per_gene																											fscn1a	0.61486834	0.7663365	0.7908123773073327
A		B6_trajectory_aware_map_t									0.7401689291000366					per_gene																											fzd7a	0.5702571	0.5794905	0.5690047262000183
A		B6_trajectory_aware_map_t									0.7547310590744019					per_gene																											fzd7b	0.14192174	0.014665609	0.033172642114473
A		B6_trajectory_aware_map_t									1.1514856815338137					per_gene																											fzd8a	0.444983	0.47602722	0.4635299147609039
A		B6_trajectory_aware_map_t									0.7563098073005676					per_gene																											gadd45gip1	0.113593034	0.057517774	0.0607961467452125
A		B6_trajectory_aware_map_t									0.8027319312095642					per_gene																											gapdh	0.13039795	0.01327139	0.0173577245757871
A		B6_trajectory_aware_map_t									1.6520262956619265					per_gene																											gata2a	0.38115707	0.4075125	0.401948213892053
A		B6_trajectory_aware_map_t									0.6571162343025208					per_gene																											gata3	0.0603952	-0.010217603	-0.0096796695696103
A		B6_trajectory_aware_map_t									1.5679796934127808					per_gene																											gata6	0.17942889	0.22655332	0.1738229991004381
A		B6_trajectory_aware_map_t									1.1012485027313232					per_gene																											gbx1	0.29587874	0.22883603	0.2134829184830522
A		B6_trajectory_aware_map_t									0.6109946370124817					per_gene																											gcm2	0.0	0.029221132	0.031145061973755
A		B6_trajectory_aware_map_t									0.7193711400032043					per_gene																											gfi1aa	0.099401124	0.022904692	0.0153393484745976
A		B6_trajectory_aware_map_t									1.3634804487228394					per_gene																											gli1	0.011128401	0.080998845	0.1497606465673924
A		B6_trajectory_aware_map_t									0.5823540687561035					per_gene																											gmnn	0.12369448	0.15827966	0.1415428427319109
A		B6_trajectory_aware_map_t									0.6735325455665588					per_gene																											gpr137bb	0.14882098	0.019398017	0.0176255915946292
A		B6_trajectory_aware_map_t									1.1357864141464231					per_gene																											grhl1	0.35149455	0.22085537	0.2238489443047693
A		B6_trajectory_aware_map_t									0.7996712327003479					per_gene																											grhl2b	0.09249727	0.08044277	0.075173957775427
A		B6_trajectory_aware_map_t									0.7324764132499695					per_gene																											gsc	0.19556601	0.12548634	0.1301966623252009
A		B6_trajectory_aware_map_t									0.8028052449226379					per_gene																											h1-0	0.054845873	0.09350321	0.0842038241228664
A		B6_trajectory_aware_map_t									0.4106340706348419					per_gene																											hdlbpa	0.2772835	0.24021526	0.2456936747223693
A		B6_trajectory_aware_map_t									0.7724094390869141					per_gene																											helb	0.6110993	0.6035567	0.6380435323621266
A		B6_trajectory_aware_map_t									0.7467021942138672					per_gene																											hells	0.22108833	0.22628456	0.2375048610260841
A		B6_trajectory_aware_map_t									1.3166743516921997					per_gene																											her1	0.52184397	0.5784395	0.5275873032658721
A		B6_trajectory_aware_map_t									0.775825023651123					per_gene																											her11	0.20925504	0.12198753	0.1157755759600154
A		B6_trajectory_aware_map_t									0.7412062883377075					per_gene																											her12	0.17090327	0.1250459	0.1159726537360047
A		B6_trajectory_aware_map_t									0.7770348191261292					per_gene																											her2	0.16779403	0.048800964	0.052282694849204
A		B6_trajectory_aware_map_t									0.6233406066894531					per_gene																											her3	0.14612415	0.1752698	0.180132599378293
A		B6_trajectory_aware_map_t									0.938872754573822					per_gene																											her5	0.08204525	0.07764153	0.0579560911377609
A		B6_trajectory_aware_map_t									1.2154972553253174					per_gene																											her6	-0.033227354	-0.0628375	-0.0577600092206592
A		B6_trajectory_aware_map_t									0.8568751215934753					per_gene																											her7	0.51345927	0.55008364	0.5427472713876625
A		B6_trajectory_aware_map_t									0.8384679555892944					per_gene																											her8a	0.5549571	0.6197797	0.6507637655106722
A		B6_trajectory_aware_map_t									1.501109957695007					per_gene																											her9	0.34107605	0.341301	0.3435931901454672
A		B6_trajectory_aware_map_t									0.7572847604751587					per_gene																											hes6	0.060959868	-0.005506495	-0.0062816622024263
A		B6_trajectory_aware_map_t									0.6614565849304199					per_gene																											hesx1	0.19691832	0.18903404	0.2118822488584636
A		B6_trajectory_aware_map_t									0.7416801452636719					per_gene																											hic1l	0.0682178	0.041764177	0.0401374520866039
A		B6_trajectory_aware_map_t									0.6865069270133972					per_gene																											higd1a	0.073736764	0.07003333	0.0692078610101626
A		B6_trajectory_aware_map_t									0.8158267736434937					per_gene																											hivep2a	0.10721264	-0.0063619716	-0.0095975351578201
A		B6_trajectory_aware_map_t									1.2264225482940674					per_gene																											hoxb1b	0.20085412	0.19654155	0.1545522391286915
A		B6_trajectory_aware_map_t									0.7031112313270569					per_gene																											hoxb7a	0.070134364	0.09868855	0.0892466838423028
A		B6_trajectory_aware_map_t									0.6917157769203186					per_gene																											hoxb8a	0.18580626	0.1681867	0.1630999990105191
A		B6_trajectory_aware_map_t									0.687789261341095					per_gene																											hoxb9a	0.14737521	0.13297056	0.1312567094881095
A		B6_trajectory_aware_map_t									0.7161657214164734					per_gene																											hoxc3a	0.21777873	0.075511165	0.0900230937522815
A		B6_trajectory_aware_map_t									0.7023528218269348					per_gene																											hoxc6a	0.30295417	0.17776918	0.1702822084660039
A		B6_trajectory_aware_map_t									0.5254481434822083					per_gene																											hoxc8a	0.09915639	0.0055450615	0.0130733225016209
A		B6_trajectory_aware_map_t									0.8022332191467285					per_gene																											hsp90aa1.2	0.10916143	0.053193502	0.0486181695519253
A		B6_trajectory_aware_map_t									0.8924071192741394					per_gene																											id3	0.47667575	0.51881754	0.5127441867053703
A		B6_trajectory_aware_map_t									0.2533088326454162					per_gene																											igf2bp1	0.46501306	0.465733	0.4266696111321618
A		B6_trajectory_aware_map_t									0.7658783793449402					per_gene																											igfbp1a	0.0	0.06876543	0.0643810929513543
A		B6_trajectory_aware_map_t									0.7584099769592285					per_gene																											irf2a	0.16989714	0.082046844	0.0875254443170616
A		B6_trajectory_aware_map_t									1.1118080615997314					per_gene																											irx1b	0.2544519	0.29734895	0.2726871747533958
A		B6_trajectory_aware_map_t									0.7114830613136292					per_gene																											irx3a	0.11441022	0.063188225	0.0551169260656412
A		B6_trajectory_aware_map_t									0.7097039222717285					per_gene																											irx5a	0.19076447	0.10772677	0.1007146801942639
A		B6_trajectory_aware_map_t									1.1742082834243774					per_gene																											irx7	0.56605756	0.5756788	0.5814003940659214
A		B6_trajectory_aware_map_t									1.148639440536499					per_gene																											ism1	0.31732613	0.3573619	0.2913406885553215
A		B6_trajectory_aware_map_t									0.6665893793106079					per_gene																											itga6a	0.06449378	-0.012055199	-0.0109096674225514
A		B6_trajectory_aware_map_t									0.7398293018341064					per_gene																											itgb5	0.6185221	0.61632425	0.6672703959920115
A		B6_trajectory_aware_map_t									0.8725340366363525					per_gene																											itm2cb	0.15128194	0.11416122	0.1142527261883578
A		B6_trajectory_aware_map_t									0.8143236041069031					per_gene																											jcada	0.3102909	0.30097595	0.2968003302447573
A		B6_trajectory_aware_map_t									0.8085804581642151					per_gene																											kank1a	0.23422208	0.19779402	0.187863539032414
A		B6_trajectory_aware_map_t									0.8424160480499268					per_gene																											kazald2	0.4059706	0.4842121	0.4633251384504861
A		B6_trajectory_aware_map_t									0.8138071894645691					per_gene																											kdrl	0.10223103	-0.025088508	-0.0338054084591225
A		B6_trajectory_aware_map_t									0.7271217703819275					per_gene																											kif15	0.19862415	0.007730287	0.012205516304878
A		B6_trajectory_aware_map_t									1.2779663801193235					per_gene																											kirrel3l	0.5292695	0.61176354	0.5163311073023552
A		B6_trajectory_aware_map_t									0.7935395836830139					per_gene																											klf17	0.11127641	0.13538484	0.1237406022502612
A		B6_trajectory_aware_map_t									1.1735482215881348					per_gene																											klf2a	0.5583185	0.46604753	0.3874737430439818
A		B6_trajectory_aware_map_t									1.4119492769241333					per_gene																											klf2b	0.54841506	0.5741927	0.553512946833755
A		B6_trajectory_aware_map_t									1.095787525177002					per_gene																											klf3	0.01527922	0.002877412	0.0108029894276809
A		B6_trajectory_aware_map_t									0.8561022877693176					per_gene																											klf7a	0.054005455	0.020613946	0.0256474675333412
A		B6_trajectory_aware_map_t									0.6751635670661926					per_gene																											klf8	0.4680137	0.47900286	0.5378928685527783
A		B6_trajectory_aware_map_t									0.679344117641449					per_gene																											kmt2bb	0.13070747	0.06527887	0.0634934569902112
A		B6_trajectory_aware_map_t									0.4678294360637665					per_gene																											kmt5aa	0.106811605	0.13926066	0.1638832321300667
A		B6_trajectory_aware_map_t									1.7399075031280518					per_gene																											krt4	0.47731724	0.3178566	0.3149965555211212
A		B6_trajectory_aware_map_t									1.6903542280197144					per_gene																											krt8	0.33772832	0.13637546	0.143031973794818
A		B6_trajectory_aware_map_t									1.2562001943588257					per_gene																											krt99	0.23606996	0.18802363	0.1933395274626879
A		B6_trajectory_aware_map_t									0.7395237684249878					per_gene																											lamb1a	-0.0122626275	0.14143242	0.1450194201227659
A		B6_trajectory_aware_map_t									0.7154942750930786					per_gene																											lamc1	0.37326443	0.33917126	0.3068534004796533
A		B6_trajectory_aware_map_t									0.7671263813972473					per_gene																											lamp2	0.14703539	0.17246957	0.1570131780842812
A		B6_trajectory_aware_map_t									0.6971403956413269					per_gene																											lbx2	0.23135881	0.2580973	0.1897038507020262
A		B6_trajectory_aware_map_t									1.195914626121521					per_gene																											lef1	0.20768748	0.2547703	0.2829902396859334
A		B6_trajectory_aware_map_t									0.8501381278038025					per_gene																											lft1	0.51464754	0.3746458	0.3634768783093117
A		B6_trajectory_aware_map_t									0.922702431678772					per_gene																											lft2	0.43063584	0.14913455	0.1046931874792046
A		B6_trajectory_aware_map_t									0.7746529579162598					per_gene																											lgals3b	0.17761308	0.10097112	0.1088486644677109
A		B6_trajectory_aware_map_t									0.7304965257644653					per_gene																											lhfpl6	0.19047156	0.092943944	0.0903799773077391
A		B6_trajectory_aware_map_t									0.7917353510856628					per_gene																											lhx1a	0.5422996	0.5071616	0.3016442086146012
A		B6_trajectory_aware_map_t									1.2729003429412842					per_gene																											lhx5	0.5096315	0.5159798	0.5243822157512207
A		B6_trajectory_aware_map_t									0.7362000942230225					per_gene																											lima1a	0.66396403	0.6431836	0.7305539900143525
A		B6_trajectory_aware_map_t									0.3472208976745605					per_gene																											lmnb1	0.12867112	0.16707288	0.1772463510249986
A		B6_trajectory_aware_map_t									0.8369557857513428					per_gene																											lmo2	0.13877864	0.068043776	0.0714501442956614
A		B6_trajectory_aware_map_t									1.1249154806137085					per_gene																											lmo4a	0.56457895	0.5521518	0.5601735873145128
A		B6_trajectory_aware_map_t									0.8148045539855957					per_gene																											lratb.1	0.22848696	0.15553932	0.160049332802985
A		B6_trajectory_aware_map_t									0.7970519661903381					per_gene																											lratd1	0.19595854	0.13503549	0.1384565395952787
A		B6_trajectory_aware_map_t									0.6684250235557556					per_gene																											mab21l2	0.14518552	0.021602334	0.0190243292990931
A		B6_trajectory_aware_map_t									0.6262887716293335					per_gene																											mad1l1	0.15912873	0.20389766	0.2315741698248691
A		B6_trajectory_aware_map_t									0.8206433057785034					per_gene																											map1lc3b	0.085007414	0.05779001	0.0730205430508826
A		B6_trajectory_aware_map_t									0.5467001795768738					per_gene																											map2k6	0.20836864	0.26056844	0.2355727410182406
A		B6_trajectory_aware_map_t									0.7808026075363159					per_gene																											mcama	0.008851502	0.059884965	0.0629731111321745
A		B6_trajectory_aware_map_t									0.5062151551246643					per_gene																											mcm2	0.102788456	0.18254565	0.1272739816312051
A		B6_trajectory_aware_map_t									0.3890280723571777					per_gene																											mcm3	0.22883701	0.32067925	0.2228162457757758
A		B6_trajectory_aware_map_t									0.3425403237342834					per_gene																											mcm4	0.28671667	0.35529646	0.3404540242126314
A		B6_trajectory_aware_map_t									0.6307464838027954					per_gene																											mcm5	0.20377459	0.17949487	0.1526956430758472
A		B6_trajectory_aware_map_t									0.2727303802967071					per_gene																											mcm7	0.43934414	0.4861	0.4044612090581191
A		B6_trajectory_aware_map_t									0.7811334729194641					per_gene																											mef2d	0.14219008	0.029518826	0.0310809843067033
A		B6_trajectory_aware_map_t									1.083640456199646					per_gene																											meis1b	0.48320726	0.52014077	0.4327876514400776
A		B6_trajectory_aware_map_t									0.7236766815185547					per_gene																											meis2a	-0.028830461	-0.011916413	-0.0196020465680073
A		B6_trajectory_aware_map_t									1.0282584428787231					per_gene																											meis3	0.32568455	0.32601398	0.2987376677197183
A		B6_trajectory_aware_map_t									0.8585636019706726					per_gene																											meox1	0.15699156	0.09628912	0.0844584916441537
A		B6_trajectory_aware_map_t									0.7353770732879639					per_gene																											mespaa	0.028332382	0.09220388	0.0964407413518241
A		B6_trajectory_aware_map_t									0.7592016458511353					per_gene																											mespab	0.5548248	0.5914856	0.5595181924242055
A		B6_trajectory_aware_map_t									0.7299013733863831					per_gene																											mgst3b	0.22495472	0.07276449	0.0891489768331053
A		B6_trajectory_aware_map_t									0.8059242963790894					per_gene																											mibp2	0.1461999	0.14159554	0.145638878833253
A		B6_trajectory_aware_map_t									0.8611046671867371					per_gene																											mixl1	0.48926702	0.36108792	0.3577940192031342
A		B6_trajectory_aware_map_t									0.271393209695816					per_gene																											mki67	0.31053108	0.2786372	0.2642271417526398
A		B6_trajectory_aware_map_t									0.7540905475616455					per_gene																											mns1	0.14975296	0.14472762	0.1489024215083756
A		B6_trajectory_aware_map_t									1.3631062507629397					per_gene																											msgn1	0.72195804	0.72031325	0.6424341482438315
A		B6_trajectory_aware_map_t									1.3716745376586914					per_gene																											msx1b	0.56059176	0.53543234	0.5038682587782892
A		B6_trajectory_aware_map_t									0.9254829287528992					per_gene																											msx3	0.39354894	0.34936044	0.3317749823148108
A		B6_trajectory_aware_map_t									0.5216477513313293					per_gene																											mycb	0.030728243	0.0119192265	0.0152767553838364
A		B6_trajectory_aware_map_t									0.8261348605155945					per_gene																											mych	0.4859695	0.37180892	0.3117131320867511
A		B6_trajectory_aware_map_t									0.517428994178772					per_gene																											mycla	0.22097538	0.3032807	0.3145553332814672
A		B6_trajectory_aware_map_t									1.0471879243850708					per_gene																											myclb	0.48902503	0.5235562	0.5628740344182317
A		B6_trajectory_aware_map_t									1.218950271606445					per_gene																											mycn	0.09412659	0.20168044	0.1739211302247349
A		B6_trajectory_aware_map_t									0.7191811203956604					per_gene																											myf5	0.25557542	0.23545523	0.2142624254547191
A		B6_trajectory_aware_map_t									0.7865022420883179					per_gene																											myod1	0.12825476	0.10454316	0.0841122916943527
A		B6_trajectory_aware_map_t									0.8595571517944336					per_gene																											nanog	0.3577857	0.32339916	0.3418115245896457
A		B6_trajectory_aware_map_t									1.1166975498199463					per_gene																											nanos3	0.05670923	-0.077902794	-0.0871596696088648
A		B6_trajectory_aware_map_t									0.5002121329307556					per_gene																											nap1l1	0.21757765	0.19447102	0.1619992439022735
A		B6_trajectory_aware_map_t									0.6052388548851013					per_gene																											nasp	0.0004430247	0.101397	0.0599603468070854
A		B6_trajectory_aware_map_t									0.3490111231803894					per_gene																											ncapd2	0.11652851	0.14616518	0.133071745662016
A		B6_trajectory_aware_map_t									0.5284268856048584					per_gene																											nckap5l	0.1879277	0.13662194	0.1642971991703808
A		B6_trajectory_aware_map_t									0.5973532199859619					per_gene																											ndr1	0.547639	0.13714477	0.1278768668349543
A		B6_trajectory_aware_map_t									0.9066323041915894					per_gene																											ndr2	0.45705286	0.32963485	0.2641755919027023
A		B6_trajectory_aware_map_t									0.7928252220153809					per_gene																											ndufv3	0.07951044	0.117469616	0.1214246320931109
A		B6_trajectory_aware_map_t									1.1922928094863892					per_gene																											nid2a	0.39164138	0.39227137	0.4078106016272972
A		B6_trajectory_aware_map_t									0.747894287109375					per_gene																											nip7	0.16372593	0.22638676	0.2566623758216171
A		B6_trajectory_aware_map_t									0.7998061180114746					per_gene																											nkx1.2la	-0.025064291	0.018805385	0.0166332143319008
A		B6_trajectory_aware_map_t									0.6577861905097961					per_gene																											nkx2.2a	-0.03520119	0.0071191834	0.0100274706145341
A		B6_trajectory_aware_map_t									0.8735229969024658					per_gene																											nkx2.5	0.097661085	0.07701827	0.0871543512931589
A		B6_trajectory_aware_map_t									0.8319477438926697					per_gene																											nog1	0.18863295	0.17933129	0.1309534916127953
A		B6_trajectory_aware_map_t									0.3797490298748016					per_gene																											nop58	0.0651183	0.10675899	0.0462931085006068
A		B6_trajectory_aware_map_t									0.5623021125793457					per_gene																											notch1a	0.19242135	0.1892354	0.1607166674717894
A		B6_trajectory_aware_map_t									1.0411900281906128					per_gene																											noto	0.55723673	0.65828806	0.4692173534231004
A		B6_trajectory_aware_map_t									0.8315216898918152					per_gene																											nr2f2	0.0752525	0.04268897	0.050009141746408
A		B6_trajectory_aware_map_t									0.7198407649993896					per_gene																											nr6a1a	0.18023986	0.12855239	0.1264093744236701
A		B6_trajectory_aware_map_t									0.8472193479537964					per_gene																											nrarpa	0.60458213	0.6081974	0.6174083621115363
A		B6_trajectory_aware_map_t									0.673005998134613					per_gene																											nsd2	0.32099056	0.39865237	0.421885665360066
A		B6_trajectory_aware_map_t									0.8044019937515259					per_gene																											ntd5	0.2595923	0.22199517	0.1589649965787358
A		B6_trajectory_aware_map_t									0.9319638609886168					per_gene																											oclna	0.1598657	0.17308554	0.1693195399819448
A		B6_trajectory_aware_map_t									0.7301226258277893					per_gene																											olig4	0.12894069	0.102195874	0.0902634919775906
A		B6_trajectory_aware_map_t									0.8444238305091858					per_gene																											osr1	0.21433239	0.40399694	0.3488004864946667
A		B6_trajectory_aware_map_t									1.6217546463012695					per_gene																											otx1	0.12927622	0.15628338	0.1452999857497997
A		B6_trajectory_aware_map_t									0.8541848063468933					per_gene																											otx2a	0.43024987	0.42507482	0.4325753043139657
A		B6_trajectory_aware_map_t									1.2526012659072876					per_gene																											otx2b	0.36013544	0.3543918	0.3286326514464051
A		B6_trajectory_aware_map_t									0.6401830911636353					per_gene																											pax2a	0.07661272	0.098578475	0.0906971078134926
A		B6_trajectory_aware_map_t									0.8591591119766235					per_gene																											pax3a	0.22794633	0.1765623	0.1736753647771516
A		B6_trajectory_aware_map_t									0.8121862411499023					per_gene																											pax6a	0.048744466	0.01905867	0.0107457731131514
A		B6_trajectory_aware_map_t									0.7754865288734436					per_gene																											pax6b	0.0	0.02594858	0.022141543804167
A		B6_trajectory_aware_map_t									0.6491316556930542					per_gene																											pbx1b	0.085769266	0.021735076	0.0214687054558951
A		B6_trajectory_aware_map_t									0.2697360515594482					per_gene																											pbx4	0.5458628	0.52300775	0.496846448342188
A		B6_trajectory_aware_map_t									1.0602147579193115					per_gene																											pcdh10b	0.6281921	0.646193	0.5183219154775172
A		B6_trajectory_aware_map_t									0.6426603198051453					per_gene																											pcdh7b	0.0503876	0.06125078	0.0636051932165859
A		B6_trajectory_aware_map_t									0.4988096356391907					per_gene																											PCDH8	0.18783991	0.19631696	0.1943137562370316
A		B6_trajectory_aware_map_t									0.8614121675491333					per_gene																											pcdh8	0.40760922	0.5453226	0.5472052084806155
A		B6_trajectory_aware_map_t									0.8717221617698669					per_gene																											pdap1a	0.1826449	0.101093546	0.1296699468512232
A		B6_trajectory_aware_map_t									1.1203842163085938					per_gene																											perp	0.28308967	0.23751904	0.2441155029326356
A		B6_trajectory_aware_map_t									0.6555663347244263					per_gene																											pfn2	0.23920658	0.18424967	0.1989126329306806
A		B6_trajectory_aware_map_t									0.7311100363731384					per_gene																											pitx2	0.18853252	0.101321906	0.098980760130039
A		B6_trajectory_aware_map_t									0.7900064587593079					per_gene																											pknox1.1	0.29334873	0.4351786	0.4883229832370468
A		B6_trajectory_aware_map_t									0.8107882738113403					per_gene																											plagl2	0.12592787	0.09883233	0.0935116404840031
A		B6_trajectory_aware_map_t									0.9202649593353271					per_gene																											plekhg5b	0.3911219	0.42650536	0.452457219584767
A		B6_trajectory_aware_map_t									0.6336701512336731					per_gene																											pmp22b	0.19639032	0.17119439	0.1642880236237435
A		B6_trajectory_aware_map_t									0.7441568374633789					per_gene																											pold3	0.1465734	0.0949259	0.1059465894286452
A		B6_trajectory_aware_map_t									0.7762657403945923					per_gene																											ppan	0.052403323	0.10590925	0.0609785230499518
A		B6_trajectory_aware_map_t									1.2515907287597656					per_gene																											prickle1b	0.35958257	0.39643127	0.3341871307798142
A		B6_trajectory_aware_map_t									0.3435309529304504					per_gene																											prmt1	0.25451803	0.21605977	0.2159383367554216
A		B6_trajectory_aware_map_t									0.7611720561981201					per_gene																											prox1a	0.11432089	-0.01267074	-0.0161183953561328
A		B6_trajectory_aware_map_t									0.5438836812973022					per_gene																											ptp4a2b	0.07169177	0.027533447	0.0426537956820053
A		B6_trajectory_aware_map_t									0.6880350708961487					per_gene																											pttg1	0.022989316	-0.005667072	0.0057569740956464
A		B6_trajectory_aware_map_t									0.8686294555664062					per_gene																											rab11fip4a	0.09499495	0.13023782	0.1397066073701641
A		B6_trajectory_aware_map_t									0.4547063410282135					per_gene																											rac1a	0.3260427	0.30565977	0.3441382045132595
A		B6_trajectory_aware_map_t									0.839089572429657					per_gene																											raraa	0.06569267	0.09625322	0.1057053770016844
A		B6_trajectory_aware_map_t									1.103618621826172					per_gene																											rasgef1ba	0.40538645	0.41865715	0.4461998028745359
A		B6_trajectory_aware_map_t									0.9637173414230348					per_gene																											rasl11b	0.3590094	0.3628299	0.3677047249982393
A		B6_trajectory_aware_map_t									0.4605960845947265					per_gene																											rbbp4	0.21216631	0.33531183	0.3121005811940527
A		B6_trajectory_aware_map_t									0.6732832789421082					per_gene																											rbm4.3	-0.23567162	-0.06607507	-0.0575985420274892
A		B6_trajectory_aware_map_t									0.6172869205474854					per_gene																											rbm7	0.1376874	0.12155121	0.1171470003425388
A		B6_trajectory_aware_map_t									0.4001220464706421					per_gene																											rbmx	0.1811358	0.19327912	0.1691780856429918
A		B6_trajectory_aware_map_t									0.3382719755172729					per_gene																											rcc1	0.3378193	0.37377694	0.3835561490557023
A		B6_trajectory_aware_map_t									0.7649635672569275					per_gene																											rdh10b	0.041891314	-0.014085084	-0.0149490491770231
A		B6_trajectory_aware_map_t									0.6517931818962097					per_gene																											rfx2	0.24684654	0.23657349	0.2796564703144357
A		B6_trajectory_aware_map_t									0.7380660772323608					per_gene																											rhov	0.11953485	0.31020087	0.3540855890117058
A		B6_trajectory_aware_map_t									0.7554692029953003					per_gene																											ripply1	0.12318427	0.14222473	0.1138155989295515
A		B6_trajectory_aware_map_t									0.8524718880653381					per_gene																											rnd1b	0.4463141	0.4496703	0.4409905694633885
A		B6_trajectory_aware_map_t									1.3413968086242676					per_gene																											rpl10	0.0	0.06154467	0.0602200996457949
A		B6_trajectory_aware_map_t									0.5482024550437927					per_gene																											rpl19	0.10139164	0.14096366	0.168438509831934
A		B6_trajectory_aware_map_t									0.4919933378696441					per_gene																											rpl31	0.065180875	0.06697348	0.0741828858155415
A		B6_trajectory_aware_map_t									0.7599598169326782					per_gene																											rpl34	0.08624109	0.088504985	0.0929640553772435
A		B6_trajectory_aware_map_t									0.7412807941436768					per_gene																											rpl38	0.055276074	0.09555821	0.0984726905601244
A		B6_trajectory_aware_map_t									0.7302374243736267					per_gene																											rpl4	0.22026466	0.021332804	0.0270778893391016
A		B6_trajectory_aware_map_t									0.3432890474796295					per_gene																											rpl5a	0.16970031	0.16042662	0.1746542054237482
A		B6_trajectory_aware_map_t									0.4014582335948944					per_gene																											rpl6	0.25232825	0.25562692	0.3036218755575656
A		B6_trajectory_aware_map_t									0.7850220799446106					per_gene																											rplp0	0.08477923	0.027926402	0.0566364845965527
A		B6_trajectory_aware_map_t									1.43043053150177					per_gene																											rplp2l	0.034842726	-0.008784667	0.0005064776741461
A		B6_trajectory_aware_map_t									0.3199311792850494					per_gene																											rps3	0.11565822	0.08858157	0.1066025455338856
A		B6_trajectory_aware_map_t									0.3083479702472687					per_gene																											rps6	0.19523682	0.17379656	0.2051651503661855
A		B6_trajectory_aware_map_t									1.049532771110535					per_gene																											rrbp1b	0.27645576	0.20524268	0.1787384549992902
A		B6_trajectory_aware_map_t									1.0510700941085815					per_gene																											rreb1a	0.39551148	0.32607526	0.3574787178127292
A		B6_trajectory_aware_map_t									0.8889352679252625					per_gene																											rreb1b	0.27593142	0.20371968	0.2132584493513854
A		B6_trajectory_aware_map_t									0.4307540953159332					per_gene																											rrm2	0.08857561	0.32343543	0.357818562888772
A		B6_trajectory_aware_map_t									0.7066197991371155					per_gene																											rrp8	0.030896382	-0.008617233	-0.0061013753588791
A		B6_trajectory_aware_map_t									0.7403331398963928					per_gene																											rx3	0.14147423	0.078042164	0.0730603834159139
A		B6_trajectory_aware_map_t									0.6341113448143005					per_gene																											rxraa	0.03421078	0.04368564	0.0401618675239957
A		B6_trajectory_aware_map_t									0.8665996789932251					per_gene																											rxrgb	0.16240308	0.1540932	0.1506065724710979
A		B6_trajectory_aware_map_t									0.704491376876831					per_gene																											sall1a	0.21627954	0.22921512	0.2354530221700825
A		B6_trajectory_aware_map_t									0.782599151134491					per_gene																											sall3a	0.17366275	0.13114701	0.1390390677557399
A		B6_trajectory_aware_map_t									0.939205288887024					per_gene																											sall3b	0.33884355	0.4439868	0.399046753188704
A		B6_trajectory_aware_map_t									0.762109637260437					per_gene																											sdc4	0.2097004	0.20259163	0.2500291320269529
A		B6_trajectory_aware_map_t									0.5357732772827148					per_gene																											sebox	0.44592506	0.2114793	0.1820759440542791
A		B6_trajectory_aware_map_t									0.8827214241027832					per_gene																											sept9a	0.5769845	0.5708621	0.6162773793034092
A		B6_trajectory_aware_map_t									0.8269388675689697					per_gene																											shha	0.33165565	0.21957849	0.1855064997869785
A		B6_trajectory_aware_map_t									0.8158903121948242					per_gene																											si:ch211-106e7.2	0.53422505	0.5312245	0.5604569900510559
A		B6_trajectory_aware_map_t									0.6882389187812805					per_gene																											si:ch211-113a14.12	0.17822267	0.13703106	0.128711478256771
A		B6_trajectory_aware_map_t									0.7513411641120911					per_gene																											si:ch211-113a14.18	0.17871471	0.18092908	0.1724258205912748
A		B6_trajectory_aware_map_t									0.7620773315429688					per_gene																											si:ch211-114n24.6	0.18557878	0.19789794	0.2064833790969832
A		B6_trajectory_aware_map_t									0.5521530508995056					per_gene																											si:ch211-155e24.3	0.2726578	0.31268916	0.2709058636071964
A		B6_trajectory_aware_map_t									0.4476617574691772					per_gene																											si:ch211-161h7.4	0.21904397	0.2642507	0.3142743061963761
A		B6_trajectory_aware_map_t									0.448863685131073					per_gene																											si:ch211-163l21.7	0.056469537	0.03639911	0.0382757323277868
A		B6_trajectory_aware_map_t									0.8127688765525818					per_gene																											si:dkey-108k21.14	0.20292121	0.24643254	0.1368922079523031
A		B6_trajectory_aware_map_t									0.5042579174041748					per_gene																											si:dkey-108k21.21	0.112691864	0.03376699	0.0421020566060932
A		B6_trajectory_aware_map_t									0.9499526023864746					per_gene																											si:dkey-261h17.1	0.5948132	0.5502708	0.5539230628153837
A		B6_trajectory_aware_map_t									0.7280237674713135					per_gene																											si:dkey-261m9.12	0.29529363	0.36288032	0.3134369450566928
A		B6_trajectory_aware_map_t									0.6450076103210449					per_gene																											si:dkey-66i24.9	0.037035767	0.048520785	0.0113492794091133
A		B6_trajectory_aware_map_t									0.7696046233177185					per_gene																											si:dkey-68o6.5	0.11707051	-0.01831718	-0.0308721231687333
A		B6_trajectory_aware_map_t									0.8590104579925537					per_gene																											si:dkey-92i17.2	0.091350414	0.028668597	0.0421499186119363
A		B6_trajectory_aware_map_t									0.6562361121177673					per_gene																											six3b	0.22766119	0.09817767	0.0961825502679541
A		B6_trajectory_aware_map_t									0.9259142875671388					per_gene																											six4a	0.6728049	0.67650735	0.6063221956659921
A		B6_trajectory_aware_map_t									0.9431246519088744					per_gene																											six4b	0.40425926	0.41705933	0.3100748083009648
A		B6_trajectory_aware_map_t									0.8388875126838684					per_gene																											six7	0.43005478	0.40912846	0.3926011014248249
A		B6_trajectory_aware_map_t									0.7533038258552551					per_gene																											skia	0.4280136	0.4017627	0.4596034661734277
A		B6_trajectory_aware_map_t									0.7268175482749939					per_gene																											skila	0.06641291	0.05352201	0.0649736297552491
A		B6_trajectory_aware_map_t									0.8965761661529541					per_gene																											skilb	0.36975166	0.3723299	0.4211986620318984
A		B6_trajectory_aware_map_t									1.149789333343506					per_gene																											smtnl	0.44081345	0.45918468	0.3735441858608656
A		B6_trajectory_aware_map_t									1.3300071954727173					per_gene																											snai1a	0.27945182	0.30969983	0.3334541554998097
A		B6_trajectory_aware_map_t									0.8486319780349731					per_gene																											snai2	0.39323816	0.49986845	0.5106525384173218
A		B6_trajectory_aware_map_t									0.7113311290740967					per_gene																											snrpc	0.0	0.037089504	0.0449013865368829
A		B6_trajectory_aware_map_t									0.6820699572563171					per_gene																											snrpd3	0.14013113	0.007121766	0.0104008021453326
A		B6_trajectory_aware_map_t									0.7721809148788452					per_gene																											snrpg	0.06784452	-0.005184677	-0.0001602244078293
A		B6_trajectory_aware_map_t									0.5971496105194092					per_gene																											sox10	0.09588812	-0.028905265	-0.0290256190069262
A		B6_trajectory_aware_map_t									0.9693520069122314					per_gene																											sox11a	0.6264885	0.69954354	0.661936055728803
A		B6_trajectory_aware_map_t									0.5918964743614197					per_gene																											sox11b	0.46929064	0.40473062	0.3943743459456255
A		B6_trajectory_aware_map_t									0.8481683731079102					per_gene																											sox13	0.087351374	0.094628684	0.0929112713075172
A		B6_trajectory_aware_map_t									0.8064934015274048					per_gene																											sox17	0.3157964	0.055799704	0.0356467205836299
A		B6_trajectory_aware_map_t									1.055068016052246					per_gene																											sox19a	0.66358054	0.7788503	0.6439391178226713
A		B6_trajectory_aware_map_t									0.9252170324325562					per_gene																											sox2	0.58483964	0.5647272	0.5443074149930038
A		B6_trajectory_aware_map_t									1.0017352104187012					per_gene																											sox3	0.35037252	0.49148005	0.4925464362501776
A		B6_trajectory_aware_map_t									1.4871671199798584					per_gene																											sox32	0.16146414	0.39068037	0.3376111753998353
A		B6_trajectory_aware_map_t									0.9277503490447998					per_gene																											sox5	0.46974447	0.45242178	0.3852202252347143
A		B6_trajectory_aware_map_t									0.6257323622703552					per_gene																											sp5a	0.07683358	0.105359256	0.0931176571569356
A		B6_trajectory_aware_map_t									0.6533122062683105					per_gene																											sp5l	0.8640437	0.853574	0.8041947154507967
A		B6_trajectory_aware_map_t									0.4424164891242981					per_gene																											spon1b	0.051306542	0.025360042	0.0271423628293558
A		B6_trajectory_aware_map_t									0.8091374039649963					per_gene																											srp19	0.0	0.052464493	0.0491107459010022
A		B6_trajectory_aware_map_t									0.7674742341041565					per_gene																											srrm4	0.16265507	0.10751027	0.0942053116202612
A		B6_trajectory_aware_map_t									0.6597004532814026					per_gene																											stmn1a	0.06226032	0.07331801	0.0711231329469323
A		B6_trajectory_aware_map_t									0.6014960408210754					per_gene																											stox1	0.105201505	0.07690701	0.0864482737273614
A		B6_trajectory_aware_map_t									0.3118549287319183					per_gene																											supt16h	0.256	0.29163098	0.2457478318480495
A		B6_trajectory_aware_map_t									0.9358429312705994					per_gene																											syne2b	0.4595701	0.46743602	0.4420814974928051
A		B6_trajectory_aware_map_t									0.914117693901062					per_gene																											szl	0.6975006	0.6553894	0.5899461530174397
A		B6_trajectory_aware_map_t									1.2122268676757812					per_gene																											tagln2	0.2542204	0.23164344	0.2353019160433026
A		B6_trajectory_aware_map_t									0.5206145644187927					per_gene																											tbr1b	0.06201205	0.055825114	0.0533453404902941
A		B6_trajectory_aware_map_t									0.7038858532905579					per_gene																											tbx1	0.42947572	0.46337292	0.2785109801040613
A		B6_trajectory_aware_map_t									1.3032901287078855					per_gene																											tbx16	0.6154088	0.64337003	0.6629809545055354
A		B6_trajectory_aware_map_t									1.250602960586548					per_gene																											tbx16l	0.73718363	0.7591496	0.665305023205562
A		B6_trajectory_aware_map_t									0.8607858419418335					per_gene																											tbx3b	0.09492863	0.03188737	0.0363440137880703
A		B6_trajectory_aware_map_t									0.9329900741577148					per_gene																											tbx6	0.27431512	0.27964863	0.19380643746842
A		B6_trajectory_aware_map_t									1.354116678237915					per_gene																											tbxta	0.63623	0.7125562	0.6997784241690326
A		B6_trajectory_aware_map_t									1.202469825744629					per_gene																											tbxtb	0.3739844	0.36825162	0.17398943982413
A		B6_trajectory_aware_map_t									0.4620292484760284					per_gene																											tcf3b	0.77524287	0.82087123	0.8368997844555855
A		B6_trajectory_aware_map_t									0.7948134541511536					per_gene																											tcf7	0.6385085	0.6527147	0.6865898918594892
A		B6_trajectory_aware_map_t									0.7246971130371094					per_gene																											tcf7l1a	0.70428836	0.73244256	0.7510476851547151
A		B6_trajectory_aware_map_t									0.8408963680267334					per_gene																											tcf7l1b	0.5808001	0.61634445	0.6515892640915659
A		B6_trajectory_aware_map_t									0.8698696494102478					per_gene																											tcf7l2	0.09973725	0.044549238	0.0396383962991861
A		B6_trajectory_aware_map_t									1.466691017150879					per_gene																											tdgf1	-0.16659753	-0.13422944	-0.0609184434182157
A		B6_trajectory_aware_map_t									1.0483578443527222					per_gene																											tead1a	0.26594606	0.2672326	0.3073537467992055
A		B6_trajectory_aware_map_t									0.7787640690803528					per_gene																											tead1b	0.12667662	0.054847553	0.0522068841148256
A		B6_trajectory_aware_map_t									1.4323687553405762					per_gene																											tfap2a	0.52646893	0.5450078	0.5396733302009109
A		B6_trajectory_aware_map_t									1.8401787281036377					per_gene																											tfap2c	0.5479488	0.35650462	0.424735950068371
A		B6_trajectory_aware_map_t									0.4359278678894043					per_gene																											tgif1	0.35562614	0.31647223	0.3492071418310112
A		B6_trajectory_aware_map_t									0.5992795825004578					per_gene																											tlcd5a	0.14464493	0.11022957	0.1240224295166111
A		B6_trajectory_aware_map_t									0.7553331255912781					per_gene																											tmed10	0.10298004	0.047765825	0.0406214379811241
A		B6_trajectory_aware_map_t									0.776517391204834					per_gene																											tmed2	0.18231557	0.07149505	0.0766242639831813
A		B6_trajectory_aware_map_t									1.258207082748413					per_gene																											tp63	0.21476741	0.13333948	0.1294609101448442
A		B6_trajectory_aware_map_t									0.8311379551887512					per_gene																											tph1b	0.43675107	0.46347618	0.2010126575937504
A		B6_trajectory_aware_map_t									0.7369577884674072					per_gene																											tpx2	0.07268173	0.033485025	0.0368966528505134
A		B6_trajectory_aware_map_t									0.6493996977806091					per_gene																											tram1	0.28273988	0.24878941	0.2680781516682223
A		B6_trajectory_aware_map_t									0.7112614512443542					per_gene																											trps1	0.15761332	0.12394672	0.1301699057562103
A		B6_trajectory_aware_map_t									0.7850643396377563					per_gene																											tshz3b	0.3723976	0.3288071	0.291148868563628
A		B6_trajectory_aware_map_t									0.8574737906455994					per_gene																											tuba1a	0.28269923	0.21687333	0.2232461958530867
A		B6_trajectory_aware_map_t									0.5078655481338501					per_gene																											tuba8l	0.24640334	0.20801365	0.169341502770691
A		B6_trajectory_aware_map_t									1.1025346517562866					per_gene																											tuba8l2	0.53717685	0.50260514	0.4483331502744436
A		B6_trajectory_aware_map_t									0.3515859842300415					per_gene																											tuba8l4	0.18417825	0.3356198	0.2916854973402149
A		B6_trajectory_aware_map_t									0.3831383287906647					per_gene																											tubb2b	0.023939418	0.057984926	0.0507532652662335
A		B6_trajectory_aware_map_t									0.6121348738670349					per_gene																											twist1a	0.2005641	0.1302576	0.1064595698482116
A		B6_trajectory_aware_map_t									0.761197566986084					per_gene																											twist2	0.27721876	0.21622801	0.0779131478730457
A		B6_trajectory_aware_map_t									0.7690871357917786					per_gene																											ube2c	0.035971005	-0.0018408116	-0.0040854640052039
A		B6_trajectory_aware_map_t									0.2914220988750458					per_gene																											uhrf1	0.22178167	0.3477655	0.3089217881566818
A		B6_trajectory_aware_map_t									0.8195911645889282					per_gene																											uncx4.1	0.08038272	0.051319	0.0548697105040114
A		B6_trajectory_aware_map_t									0.8361448049545288					per_gene																											unga	0.13798186	0.15922563	0.1294380208361878
A		B6_trajectory_aware_map_t									0.8249685764312744					per_gene																											usf1	0.025709052	-0.016788699	-0.0106360464637111
A		B6_trajectory_aware_map_t									1.0134425163269043					per_gene																											ved	0.761631	0.37337634	0.3866209260130472
A		B6_trajectory_aware_map_t									0.9654195308685304					per_gene																											vgll4l	0.30230486	0.29852468	0.2736812766474691
A		B6_trajectory_aware_map_t									0.8089098334312439					per_gene																											vox	0.10115362	0.012116413	0.0195990974061093
A		B6_trajectory_aware_map_t									0.7008442878723145					per_gene																											vrtn	-0.10497504	0.08247343	0.1339652344537249
A		B6_trajectory_aware_map_t									0.6466919183731079					per_gene																											vsx2	0.05768984	0.033536155	0.0326315552477888
A		B6_trajectory_aware_map_t									1.1852314472198486					per_gene																											wnt11f2	0.40202618	0.4340467	0.4452015409720776
A		B6_trajectory_aware_map_t									1.078118085861206					per_gene																											wnt8a	0.40354714	0.37572077	0.3364098386477889
A		B6_trajectory_aware_map_t									1.2466663122177124					per_gene																											xbp1	0.20714404	0.26448414	0.2413879270335523
A		B6_trajectory_aware_map_t									0.7863107323646545					per_gene																											ypel3	0.25808913	0.21057718	0.1663009027617997
A		B6_trajectory_aware_map_t									0.8040777444839478					per_gene																											zbtb18	0.14145702	0.024051316	0.0313078994812448
A		B6_trajectory_aware_map_t									0.8560890555381775					per_gene																											zc4h2	-0.021011993	-0.053477094	-0.0740366324735548
A		B6_trajectory_aware_map_t									0.9605602025985718					per_gene																											zeb1a	0.20973034	0.27514106	0.2902181176436564
A		B6_trajectory_aware_map_t									1.054978847503662					per_gene																											zeb1b	0.24911715	0.21228611	0.2517629262823965
A		B6_trajectory_aware_map_t									0.7449442744255066					per_gene																											zeb2a	0.16433764	0.13951677	0.1398028101817333
A		B6_trajectory_aware_map_t									1.1816260814666748					per_gene																											zeb2b	0.07102329	0.09337191	0.1372435768316851
A		B6_trajectory_aware_map_t									0.6202103495597839					per_gene																											zfand5a	0.3488408	0.21994579	0.2432403520510202
A		B6_trajectory_aware_map_t									0.6173213124275208					per_gene																											zgc:113372	0.049780358	0.029223448	0.0345195571395972
A		B6_trajectory_aware_map_t									0.5819903612136841					per_gene																											zgc:174154	0.11789896	0.041701518	0.0410392513904564
A		B6_trajectory_aware_map_t									0.7455365657806396					per_gene																											zgc:175088	0.12621692	0.12867014	0.1358012904112913
A		B6_trajectory_aware_map_t									1.2345738410949707					per_gene																											zic2a	0.5790114	0.5828593	0.6018852295445712
A		B6_trajectory_aware_map_t									1.0509440898895264					per_gene																											zic2b	0.5170478	0.5295012	0.4546881644673242
A		B6_trajectory_aware_map_t									0.7959751486778259					per_gene																											zmp:0000000624	0.0856144	0.07498136	0.0751977187902594
A		B6_trajectory_aware_map_t									0.6922307014465332					per_gene																											znf1004	0.35180223	0.4684882	0.3373115645928052
A		B6_trajectory_aware_map_t									1.362820744514465					per_gene																											znf185	0.36704287	0.31569755	0.3171038337384238
A		B6_trajectory_aware_map_t									0.5472803711891174					per_gene																											znf576.2	0.1850376	0.15823744	0.2008503928632483
A		B6_trajectory_aware_map_t									1.0195211172103882					per_gene																											znfl2a	0.3377478	0.4309501	0.4792521189976263
A		B6_trajectory_aware_map_t									0.5996993780136108					per_gene																											zswim5	0.23790008	0.45303306	0.460613909220784
B		B1_lineage_registered_idw									1.1925026178359983					per_gene																											ackr3b	0.0974575	0.050354663	0.0500731687832373
B		B1_lineage_registered_idw									1.036213994026184					per_gene																											acvr1ba	0.13141382	0.2895003	0.306870880527931
B		B1_lineage_registered_idw									1.309969425201416					per_gene																											add3b	0.21880034	0.27234402	0.2658083540124129
B		B1_lineage_registered_idw									0.4947987496852875					per_gene																											adka	0.06391726	0.36919335	0.4157373418007445
B		B1_lineage_registered_idw									1.6148227453231812					per_gene																											admp	0.0	-0.18090166	-0.2251912725792571
B		B1_lineage_registered_idw									1.0352271795272827					per_gene																											ahi1	-0.0006393026	-0.022574352	-0.0267388307348827
B		B1_lineage_registered_idw									0.312173992395401					per_gene																											akap12b	0.14702497	0.16923319	0.1669752001280461
B		B1_lineage_registered_idw									1.2299141883850098					per_gene																											alcamb	0.46142	0.52480537	0.4943647960640864
B		B1_lineage_registered_idw									0.6390466094017029					per_gene																											aldob	0.18251806	0.3707982	0.3250766122513083
B		B1_lineage_registered_idw									0.5078514218330383					per_gene																											anp32e	0.13308664	0.089158356	0.0550665097103881
B		B1_lineage_registered_idw									0.7936440706253052					per_gene																											apex1	0.0526747	0.029579341	0.0270832763610411
B		B1_lineage_registered_idw									1.1588152647018433					per_gene																											aplnra	0.21865663	0.16633861	0.1787891550061323
B		B1_lineage_registered_idw									0.837462842464447					per_gene																											aplnrb	-0.0031311586	0.020654043	0.0235663986070303
B		B1_lineage_registered_idw									1.0793936252593994					per_gene																											apoc1	-0.27804646	-0.27880433	-0.2924154239913579
B		B1_lineage_registered_idw									0.6075100302696228					per_gene																											arf5	0.055139955	0.064580254	0.0786397357760922
B		B1_lineage_registered_idw									0.6591885089874268					per_gene																											arhgap5	0.06291955	-0.015921755	-0.020770615012645
B		B1_lineage_registered_idw									0.7481072545051575					per_gene																											arl4aa	0.1078914	0.08478645	0.0861280803658007
B		B1_lineage_registered_idw									1.0582677125930786					per_gene																											arl4ab	-0.14291626	0.107900016	0.1174602760596266
B		B1_lineage_registered_idw									1.147381067276001					per_gene																											arl4d	-0.022953887	-0.07702426	-0.0692201149498426
B		B1_lineage_registered_idw									0.7824344635009766					per_gene																											arl6ip5a	0.13225536	0.021512223	0.0242331502997163
B		B1_lineage_registered_idw									0.7967724204063416					per_gene																											aspm	0.052771766	0.02545688	0.0288936761997983
B		B1_lineage_registered_idw									0.6617685556411743					per_gene																											atf6	0.002404774	0.03997657	0.0553771253046839
B		B1_lineage_registered_idw									0.5821760892868042					per_gene																											atoh1c	0.033579625	0.034386046	0.0272683524635286
B		B1_lineage_registered_idw									0.9393406510353088					per_gene																											atp2b1a	-0.02697682	-0.038420714	-0.0507824126860229
B		B1_lineage_registered_idw									0.3742337226867676					per_gene																											atrxl	-0.017127544	-0.036847387	-0.0210086400576441
B		B1_lineage_registered_idw									0.6668586730957031					per_gene																											aurkb	0.024756927	0.09476735	0.11323070337261
B		B1_lineage_registered_idw									0.8989149332046509					per_gene																											axin2	0.092074715	0.0018669367	0.0005823125686336
B		B1_lineage_registered_idw									0.9456303715705872					per_gene																											bach1b	0.0040558567	-0.026479866	-0.024827246532433
B		B1_lineage_registered_idw									2.3805530071258545					per_gene																											bambia	-0.5779348	-0.35712594	-0.4570181383341295
B		B1_lineage_registered_idw									0.7992468476295471					per_gene																											baz1b	0.10145181	0.13863401	0.1724215852723695
B		B1_lineage_registered_idw									0.8995592594146729					per_gene																											bcl2l1	-0.014390005	0.04599979	0.0594248013507997
B		B1_lineage_registered_idw									0.7629162669181824					per_gene																											bhlha15	-0.023270866	0.050990608	0.0473882855791822
B		B1_lineage_registered_idw									1.2444446086883545					per_gene																											blf	0.17785735	-0.07008893	-0.0644018603868038
B		B1_lineage_registered_idw									1.6577260494232178					per_gene																											bmp2b	0.0	-0.37523216	-0.4191021783374486
B		B1_lineage_registered_idw									1.3586361408233645					per_gene																											bmp4	-0.29597777	-0.24096091	-0.2442697331868034
B		B1_lineage_registered_idw									1.745794653892517					per_gene																											bmp7a	-0.5935529	-0.36962843	-0.4146682637888245
B		B1_lineage_registered_idw									0.7059996724128723					per_gene																											brd2a	-0.035712395	-0.026315626	-0.0284902183370252
B		B1_lineage_registered_idw									1.441139817237854					per_gene																											btg2	-0.04733813	-0.12711388	-0.1321703567551065
B		B1_lineage_registered_idw									0.6717447638511658					per_gene																											c1qbp	0.0076484606	0.21899909	0.2672570841647111
B		B1_lineage_registered_idw									0.8147283792495728					per_gene																											C7H16orf87	-0.047743127	0.0012305556	0.0043666304821965
B		B1_lineage_registered_idw									0.982954740524292					per_gene																											ca9	0.066158384	0.100802384	0.1073262034934225
B		B1_lineage_registered_idw									0.7907734513282776					per_gene																											casz1	0.10206866	0.025981234	0.0216311830079914
B		B1_lineage_registered_idw									0.5728846192359924					per_gene																											cbx3a	-0.057684314	0.14390032	0.1426068447634188
B		B1_lineage_registered_idw									0.8314481973648071					per_gene																											cbx5	-0.0059850854	0.118420325	0.1416467744726439
B		B1_lineage_registered_idw									1.1082384586334229					per_gene																											ccne2	-0.04740206	-0.06794106	-0.0728450533462596
B		B1_lineage_registered_idw									1.246614694595337					per_gene																											ccnf	-0.0036449665	-0.01867978	-0.0221465838110435
B		B1_lineage_registered_idw									1.2942442893981934					per_gene																											ccng1	-0.0055510504	-0.012346509	-0.0099497564667445
B		B1_lineage_registered_idw									0.8027639389038086					per_gene																											cd63	0.05723574	0.0065385327	0.0155188581984059
B		B1_lineage_registered_idw									0.6622714996337891					per_gene																											cdc14b	-0.023786668	-0.04275227	-0.0493833882504333
B		B1_lineage_registered_idw									0.7667207717895508					per_gene																											cdc42ep4a	0.0061619156	-0.009539312	-0.0092002445736323
B		B1_lineage_registered_idw									0.8809645771980286					per_gene																											cdca8	-0.024768187	0.046891008	0.067610279081023
B		B1_lineage_registered_idw									0.974112868309021					per_gene																											cdh1	0.11911297	0.37650916	0.3939959199896299
B		B1_lineage_registered_idw									0.9806625247001648					per_gene																											cdh2	0.07876394	0.09470316	0.1079841607387379
B		B1_lineage_registered_idw									1.1451014280319214					per_gene																											cdh6	0.15388322	0.077309825	0.0722293832764756
B		B1_lineage_registered_idw									0.9006450176239014					per_gene																											cdkn1ca	-0.03766734	-0.106138125	-0.1008901884553
B		B1_lineage_registered_idw									0.8489446043968201					per_gene																											cdt1	0.063095234	-0.040268496	-0.0423334606141117
B		B1_lineage_registered_idw									1.507800579071045					per_gene																											cdx1a	-0.08106447	-0.21234524	-0.2031912132387293
B		B1_lineage_registered_idw									2.524784564971924					per_gene																											cdx4	0.08071169	0.18005265	0.1022929186264936
B		B1_lineage_registered_idw									0.6259415745735168					per_gene																											cenpf	-0.0055302475	0.06462521	0.081990991961511
B		B1_lineage_registered_idw									0.6733064651489258					per_gene																											cfl1l	-0.00903613	0.018641567	0.0354656152502976
B		B1_lineage_registered_idw									0.6012942790985107					per_gene																											chaf1a	0.1099681	-0.04518026	-0.0372111054043729
B		B1_lineage_registered_idw									2.353416919708252					per_gene																											chrd	0.0	-0.30108944	-0.2010443298811302
B		B1_lineage_registered_idw									1.017389893531799					per_gene																											chst11	0.15423545	0.01144172	0.0159807898183933
B		B1_lineage_registered_idw									2.416208505630493					per_gene																											cldnd	-0.08574324	-0.05569712	-0.0470337396935418
B		B1_lineage_registered_idw									0.8875561356544495					per_gene																											clic4	0.105278604	0.21791086	0.2429515359157365
B		B1_lineage_registered_idw									0.8165056705474854					per_gene																											clocka	0.042078007	0.016346086	0.0168799628295173
B		B1_lineage_registered_idw									0.8973686099052429					per_gene																											cmtm6	-0.103333466	-0.08860289	-0.0922586579752254
B		B1_lineage_registered_idw									0.6976505517959595					per_gene																											cnmd	0.063217156	0.0047171866	0.0032182630843629
B		B1_lineage_registered_idw									0.7496907711029053					per_gene																											cnn3a	0.010115885	0.040657237	0.0443920504957865
B		B1_lineage_registered_idw									0.9209639430046082					per_gene																											coq10b	-0.027662197	-0.010758308	-0.0144199268071955
B		B1_lineage_registered_idw									1.7834200859069824					per_gene																											crabp2b	0.03202302	0.23337811	0.2486504774591529
B		B1_lineage_registered_idw									0.8977672457695007					per_gene																											creb3l1	-0.105066374	-0.003309816	-0.0070628409221849
B		B1_lineage_registered_idw									0.8811209201812744					per_gene																											creb3l2	-0.022707732	-0.049812894	-0.0534575903815098
B		B1_lineage_registered_idw									1.288325548171997					per_gene																											csrp1a	0.038251817	-0.027632108	-0.0279143387799516
B		B1_lineage_registered_idw									0.9599120616912842					per_gene																											cst3	0.012606269	0.063403025	0.0628501133604034
B		B1_lineage_registered_idw									0.5297309160232544					per_gene																											ctcf	0.05867271	0.13133664	0.1260366914268904
B		B1_lineage_registered_idw									2.538372278213501					per_gene																											cth1	0.025682524	0.0072283484	-0.0146801584171052
B		B1_lineage_registered_idw									0.7272825837135315					per_gene																											CU570769.1	0.11109793	0.06731996	0.0643777483220977
B		B1_lineage_registered_idw									0.91385418176651					per_gene																											cux1a	0.019859023	0.006655983	0.0021391982589918
B		B1_lineage_registered_idw									0.6725678443908691					per_gene																											cxcl12b	0.022008896	0.0675027	0.0646671857687006
B		B1_lineage_registered_idw									1.7510087490081787					per_gene																											cxcr4a	0.19994624	0.0915919	0.1139701806466347
B		B1_lineage_registered_idw									1.2438335418701172					per_gene																											dact2	0.0	0.25626522	0.2705755593463978
B		B1_lineage_registered_idw									0.9861702919006348					per_gene																											dand5	0.00019817852	-0.033867713	-0.0400718466499979
B		B1_lineage_registered_idw									0.8707443475723267					per_gene																											dbx1a	0.046961818	0.09063712	0.08726824887485
B		B1_lineage_registered_idw									1.7402364015579224					per_gene																											ddx4	0.07876329	0.35574287	0.4035369594846767
B		B1_lineage_registered_idw									0.7720339298248291					per_gene																											dharma	-0.017416254	0.001316108	-0.0060256084255806
B		B1_lineage_registered_idw									0.3250461518764496					per_gene																											dkc1	0.111692995	0.2003332	0.2127884514753192
B		B1_lineage_registered_idw									0.7256278395652771					per_gene																											dkk1b	-0.04728372	0.12038587	0.0682859143614939
B		B1_lineage_registered_idw									1.2085970640182495					per_gene																											dld	0.39452192	0.6566992	0.649976749054785
B		B1_lineage_registered_idw									0.402216762304306					per_gene																											dlgap5	0.21759698	0.2019566	0.211135776819543
B		B1_lineage_registered_idw									1.576585054397583					per_gene																											dlx3b	-0.064134665	0.018791633	0.018355648984572
B		B1_lineage_registered_idw									0.6373531222343445					per_gene																											dmd	0.008539119	0.088622876	0.0921576209691955
B		B1_lineage_registered_idw									0.7860320806503296					per_gene																											dnmt3bb.2	0.23405457	-0.02845937	-0.0403424417819802
B		B1_lineage_registered_idw									1.4647467136383057					per_gene																											drll.2	0.15637915	0.1311726	0.0860035468745594
B		B1_lineage_registered_idw									1.434256911277771					per_gene																											drll.3	-0.093756184	-0.036664665	-0.0361448699917876
B		B1_lineage_registered_idw									0.6858431100845337					per_gene																											dscc1	0.0338782	0.0045720516	0.0022007120988128
B		B1_lineage_registered_idw									0.8446180820465088					per_gene																											dync1li1	0.041411888	-0.004731696	0.0008723327169792
B		B1_lineage_registered_idw									1.4873712062835691					per_gene																											dynll1	0.1052746	-0.0029138383	0.008613548848681
B		B1_lineage_registered_idw									0.8596221804618835					per_gene																											dynll2b	0.036853556	0.026592165	0.0312809064851499
B		B1_lineage_registered_idw									0.7392613291740417					per_gene																											ednraa	0.0431763	0.022449272	0.0200447931493276
B		B1_lineage_registered_idw									1.0427769422531128					per_gene																											efna1a	-0.010293505	0.1211855	0.0952408245673493
B		B1_lineage_registered_idw									0.8708972334861755					per_gene																											efnb2a	0.035102904	0.15132643	0.0839071156252247
B		B1_lineage_registered_idw									1.849576711654663					per_gene																											efnb2b	0.21600172	0.31171453	0.2920715381554596
B		B1_lineage_registered_idw									0.8780533671379089					per_gene																											egln1b	0.06176026	-0.008373185	0.0030483806421584
B		B1_lineage_registered_idw									0.4874560832977295					per_gene																											eif3ea	0.13058731	0.028431095	0.0489956500537337
B		B1_lineage_registered_idw									0.7574513554573059					per_gene																											elavl3	0.026113687	0.008365976	0.0077364430826446
B		B1_lineage_registered_idw									1.3383426666259766					per_gene																											elf1	-0.05077151	0.015930552	0.0205222904707671
B		B1_lineage_registered_idw									0.7872856259346008					per_gene																											elob	0.06835876	0.01187185	0.0141223955450933
B		B1_lineage_registered_idw									0.7237220406532288					per_gene																											emid1	0.08505606	-0.009590616	-0.0105667696774771
B		B1_lineage_registered_idw									0.7037524580955505					per_gene																											emx2	0.010503164	-0.016857542	-0.0197718025296305
B		B1_lineage_registered_idw									0.7866013050079346					per_gene																											emx3	0.01858685	-0.021333484	-0.0266769475349735
B		B1_lineage_registered_idw									1.0843591690063477					per_gene																											epcam	0.0460285	0.035653178	0.0226720879345387
B		B1_lineage_registered_idw									1.556888222694397					per_gene																											epha2a	-0.2784583	-0.13034399	-0.1306432940966486
B		B1_lineage_registered_idw									1.5861291885375977					per_gene																											ephb3a	0.09487935	0.039667234	0.0342485628347417
B		B1_lineage_registered_idw									0.9665591716766356					per_gene																											eppk1	0.014409413	0.013962548	0.0056033308511838
B		B1_lineage_registered_idw									0.7104639410972595					per_gene																											erf	0.0	-0.16423643	-0.1749127809090469
B		B1_lineage_registered_idw									0.9215549230575562					per_gene																											esrra	0.051468767	0.022236083	0.0224140472562446
B		B1_lineage_registered_idw									1.548483967781067					per_gene																											ets2	-0.03111001	0.1023487	0.1007117367708551
B		B1_lineage_registered_idw									0.5961509346961975					per_gene																											etv2	-0.006306623	-0.013040819	-0.0141109303518326
B		B1_lineage_registered_idw									0.7760757207870483					per_gene																											etv4	-0.021489384	0.12707195	0.1360833950763593
B		B1_lineage_registered_idw									0.7208601832389832					per_gene																											etv5a	-0.030068342	0.013045621	0.0211502968517202
B		B1_lineage_registered_idw									0.4801458418369293					per_gene																											etv5b	-0.06347891	0.05927968	0.0273583511863843
B		B1_lineage_registered_idw									1.8794559240341189					per_gene																											eve1	-0.41406202	-0.17459248	-0.2139083585477715
B		B1_lineage_registered_idw									0.9624548554420472					per_gene																											f11r.1	-0.04546563	-0.013274544	-0.0126138280494297
B		B1_lineage_registered_idw									0.8667983412742615					per_gene																											fbln2	0.03746782	-0.020284293	-0.0158520265707512
B		B1_lineage_registered_idw									0.9588658809661864					per_gene																											fezf2	-0.05165715	-0.027382543	0.0132680067686048
B		B1_lineage_registered_idw									1.0413672924041748					per_gene																											fgf8a	0.017327422	0.17811759	0.1973915876072194
B		B1_lineage_registered_idw									1.3207789659500122					per_gene																											flrt3	0.29403344	0.45548785	0.3859600807717402
B		B1_lineage_registered_idw									1.5270785093307495					per_gene																											fn1a	-0.08266278	-0.12354748	-0.130637302161165
B		B1_lineage_registered_idw									1.182912826538086					per_gene																											fn1b	-0.11885706	-0.15288876	-0.1629157677871296
B		B1_lineage_registered_idw									1.7396223545074463					per_gene																											fnbp1l	0.052905515	0.0668999	0.0841099862075616
B		B1_lineage_registered_idw									0.6497925519943237					per_gene																											fosab	0.03889268	0.0042249626	0.0042944497778432
B		B1_lineage_registered_idw									0.9173102974891664					per_gene																											foxa	0.11008707	0.2799013	0.2359449349659096
B		B1_lineage_registered_idw									0.9618114829063416					per_gene																											foxa2	0.08341725	0.11143691	0.079867843046032
B		B1_lineage_registered_idw									1.636663794517517					per_gene																											foxa3	0.00681999	0.22720128	0.2287336565556333
B		B1_lineage_registered_idw									1.5753357410430908					per_gene																											foxb1a	0.0	-0.15612227	-0.1522879410086231
B		B1_lineage_registered_idw									1.0268487930297852					per_gene																											foxb1b	0.024372136	0.0012210013	-0.0021131826297829
B		B1_lineage_registered_idw									1.7081542015075684					per_gene																											foxc1a	0.3049323	0.43657106	0.3666662165455286
B		B1_lineage_registered_idw									1.0092450380325315					per_gene																											foxc1b	0.0	-0.016890762	-0.0127225602197457
B		B1_lineage_registered_idw									1.7546908855438232					per_gene																											foxd3	0.0	-0.08246365	-0.0786703285364258
B		B1_lineage_registered_idw									1.8453186750411987					per_gene																											foxd5	-0.09792619	0.11967473	0.1421305891611279
B		B1_lineage_registered_idw									0.8799691200256348					per_gene																											foxg1a	0.11945367	-0.02059851	-0.0203969791684076
B		B1_lineage_registered_idw									1.4966100454330444					per_gene																											foxh1	0.14213863	0.45960099	0.5292748986045929
B		B1_lineage_registered_idw									1.2984552383422852					per_gene																											foxi1	-0.11437876	-0.07204581	-0.0733456917033905
B		B1_lineage_registered_idw									0.829689621925354					per_gene																											foxn2b	-0.0065576937	0.017055877	0.0204614810793898
B		B1_lineage_registered_idw									0.4933848977088928					per_gene																											foxo1a	0.083692126	0.009309737	0.0069165892603221
B		B1_lineage_registered_idw									0.8247033953666687					per_gene																											foxp1b	0.1261641	0.024096696	0.0227384694307428
B		B1_lineage_registered_idw									1.4191632270812988					per_gene																											foxp2	-0.21724015	-0.078833915	-0.0910464330041916
B		B1_lineage_registered_idw									0.8864206075668335					per_gene																											frmd4ba	0.009314461	0.07550521	0.0477881860959165
B		B1_lineage_registered_idw									0.9412393569946288					per_gene																											fscn1a	-0.19791938	0.446473	0.4008827113461891
B		B1_lineage_registered_idw									2.2083849906921387					per_gene																											fzd7a	0.3431234	0.2100026	0.2250287116019997
B		B1_lineage_registered_idw									0.7041498422622681					per_gene																											fzd7b	0.2975514	0.015767332	0.0539568997806212
B		B1_lineage_registered_idw									1.4422532320022583					per_gene																											fzd8a	-0.24603936	-0.120354906	-0.1252717850915958
B		B1_lineage_registered_idw									0.7634651064872742					per_gene																											gadd45gip1	-0.005730555	0.033636343	0.0448396435634297
B		B1_lineage_registered_idw									1.4512356519699097					per_gene																											gapdh	0.1763007	0.0083656395	0.0093055656192622
B		B1_lineage_registered_idw									1.8717554807662964					per_gene																											gata2a	-0.34605715	-0.094300866	-0.0900900541935898
B		B1_lineage_registered_idw									0.6803396940231323					per_gene																											gata3	0.009984174	0.004630615	0.0059210801725334
B		B1_lineage_registered_idw									1.4596794843673706					per_gene																											gata6	0.26602757	0.26289785	0.2066580826848335
B		B1_lineage_registered_idw									1.3753695487976074					per_gene																											gbx1	0.056795023	-0.046369135	-0.040020403554892
B		B1_lineage_registered_idw									0.5743044018745422					per_gene																											gcm2	0.021663422	0.038877025	0.0423407229467222
B		B1_lineage_registered_idw									0.7733966708183289					per_gene																											gfi1aa	0.1377119	0.0092043225	0.0105082311386955
B		B1_lineage_registered_idw									1.3361822366714478					per_gene																											gli1	-0.30444348	-0.13948952	-0.1181212401060526
B		B1_lineage_registered_idw									0.9630043506622314					per_gene																											gli2a	0.06799661	0.07145775	0.0761609789098216
B		B1_lineage_registered_idw									1.3242641687393188					per_gene																											gmnn	-0.07431609	0.05480882	0.0771000749772457
B		B1_lineage_registered_idw									0.7724491953849792					per_gene																											gpr137bb	0.013048827	-0.041947853	-0.0446773069572888
B		B1_lineage_registered_idw									1.2023053169250488					per_gene																											grhl1	0.15944332	0.04452152	0.0319618824024675
B		B1_lineage_registered_idw									0.7652627229690552					per_gene																											grhl2b	0.10732577	0.0112580545	0.0124085216879753
B		B1_lineage_registered_idw									0.8675640225410461					per_gene																											gsc	0.049586207	-0.05400894	-0.0563489562853936
B		B1_lineage_registered_idw									1.0703239440917969					per_gene																											h1-0	-0.05639564	-0.056470994	-0.0614220445894326
B		B1_lineage_registered_idw									0.5234203934669495					per_gene																											hdlbpa	-0.05499971	-0.052801766	-0.0454800391795102
B		B1_lineage_registered_idw									1.1376652717590332					per_gene																											helb	0.08965204	0.13673778	0.1794694670759756
B		B1_lineage_registered_idw									0.8355416655540466					per_gene																											hells	0.04266114	0.04328654	0.0429797834702409
B		B1_lineage_registered_idw									1.4415662288665771					per_gene																											her1	0.31481582	0.5457644	0.4917722738471578
B		B1_lineage_registered_idw									0.8719149231910706					per_gene																											her11	0.020013731	0.014533933	0.0146272688093641
B		B1_lineage_registered_idw									0.796631932258606					per_gene																											her12	0.087237336	0.042295597	0.0454568860849908
B		B1_lineage_registered_idw									1.1146310567855835					per_gene																											her2	0.027673217	0.004784603	0.0028574128585229
B		B1_lineage_registered_idw									0.7124320268630981					per_gene																											her3	-0.044237256	-0.026324853	-0.0259281498138591
B		B1_lineage_registered_idw									1.5494595766067505					per_gene																											her5	-0.036676362	-0.06187961	-0.0700692894738871
B		B1_lineage_registered_idw									1.278357744216919					per_gene																											her6	0.028506951	0.03740599	0.0500330993107204
B		B1_lineage_registered_idw									1.0998836755752563					per_gene																											her7	0.18424006	0.2849945	0.2632581684147964
B		B1_lineage_registered_idw									1.2180126905441284					per_gene																											her8a	-0.15573816	0.13380761	0.0769036079810367
B		B1_lineage_registered_idw									1.3777302503585815					per_gene																											her9	0.0049156956	0.023496907	0.013616726520263
B		B1_lineage_registered_idw									0.9189524054527284					per_gene																											hes6	0.0	0.06857186	0.0736874795455529
B		B1_lineage_registered_idw									0.898165762424469					per_gene																											hesx1	0.027729088	0.05162674	0.0598081851616246
B		B1_lineage_registered_idw									0.7860843539237976					per_gene																											hic1l	0.0	-0.0066111414	0.0074470691365794
B		B1_lineage_registered_idw									0.6990869641304016					per_gene																											higd1a	0.06515346	-0.016109657	-0.0226822750694194
B		B1_lineage_registered_idw									0.8447261452674866					per_gene																											hivep2a	0.16574478	-0.010628814	-0.02279107982234
B		B1_lineage_registered_idw									1.429129123687744					per_gene																											hoxb1b	0.046855666	0.0014226406	0.0126791756283591
B		B1_lineage_registered_idw									0.7469850778579712					per_gene																											hoxb7a	-0.008493565	-0.0033930251	-0.0020646961006673
B		B1_lineage_registered_idw									0.7631666660308838					per_gene																											hoxb8a	0.0899963	0.042107835	0.0433337239941537
B		B1_lineage_registered_idw									0.7414712309837341					per_gene																											hoxb9a	-0.01929018	-0.02455819	-0.0236501032543773
B		B1_lineage_registered_idw									0.8374443650245667					per_gene																											hoxc3a	-0.026511176	-0.001267974	0.0003876534644286
B		B1_lineage_registered_idw									1.1703956127166748					per_gene																											hoxc6a	-0.062845394	-0.054921884	-0.0532759287413846
B		B1_lineage_registered_idw									0.6346728801727295					per_gene																											hoxc8a	0.03584231	-0.052717537	-0.0481741557685939
B		B1_lineage_registered_idw									0.9176864624023438					per_gene																											hsp90aa1.2	0.05064127	0.022115532	0.0035265671325723
B		B1_lineage_registered_idw									1.3055925369262695					per_gene																											id3	-0.27167222	-0.13480648	-0.1596670151419996
B		B1_lineage_registered_idw									0.9575260877609252					per_gene																											igf2bp1	0.10429774	0.08106138	0.0774794236517538
B		B1_lineage_registered_idw									0.8560071587562561					per_gene																											igfbp1a	0.06450533	0.06748648	0.070109401707653
B		B1_lineage_registered_idw									1.0392297506332395					per_gene																											irf2a	-0.03627237	-0.08802764	-0.0922513767329284
B		B1_lineage_registered_idw									1.5547053813934326					per_gene																											irx1b	0.01031238	0.08592547	0.0842340677519891
B		B1_lineage_registered_idw									0.7658542990684509					per_gene																											irx3a	0.13327965	0.021225803	0.01941211479424
B		B1_lineage_registered_idw									0.9809675812721252					per_gene																											irx5a	0.0978196	-0.026575364	-0.0234668043563988
B		B1_lineage_registered_idw									1.4599571228027344					per_gene																											irx7	0.03674545	0.04343101	0.0690367761595771
B		B1_lineage_registered_idw									1.1183661222457886					per_gene																											ism1	0.18623331	0.24298355	0.1858320024901641
B		B1_lineage_registered_idw									0.8085256218910217					per_gene																											itga6a	-0.049644444	-0.006425694	-0.0038264934828147
B		B1_lineage_registered_idw									0.9236193299293518					per_gene																											itgb5	0.11852249	0.0017828033	0.0129711987901701
B		B1_lineage_registered_idw									0.8994965553283691					per_gene																											itm2cb	0.11705387	0.043770075	0.0468837087354464
B		B1_lineage_registered_idw									0.9156062602996826					per_gene																											jcada	0.012403953	0.054050423	0.0498192057983649
B		B1_lineage_registered_idw									1.0736101865768433					per_gene																											kank1a	0.0017190264	-0.038747296	-0.0441268538097272
B		B1_lineage_registered_idw									0.9250759482383728					per_gene																											kazald2	0.110979564	0.2348585	0.2227858327457788
B		B1_lineage_registered_idw									0.7615900635719299					per_gene																											kdrl	0.11003964	0.034345333	0.0307064644747756
B		B1_lineage_registered_idw									0.7683110237121582					per_gene																											kif15	0.060546618	-0.035814352	-0.0401462029059291
B		B1_lineage_registered_idw									1.4695000648498535					per_gene																											kirrel3l	0.2829813	0.5445875	0.438208811958481
B		B1_lineage_registered_idw									0.7995705604553223					per_gene																											klf17	0.011574657	-0.03067096	-0.0272819265593769
B		B1_lineage_registered_idw									1.4061429500579834					per_gene																											klf2a	0.14485063	-0.03583277	-0.0490108675240998
B		B1_lineage_registered_idw									1.8081111907958984					per_gene																											klf2b	-0.2664393	0.003660014	0.015667834450431
B		B1_lineage_registered_idw									1.0909422636032104					per_gene																											klf3	0.11948997	0.08999713	0.0835012104238512
B		B1_lineage_registered_idw									0.9615954756736756					per_gene																											klf7a	0.09009849	0.046210337	0.0505588677875022
B		B1_lineage_registered_idw									0.9361947774887084					per_gene																											klf8	0.060010277	0.15102366	0.1615570158315071
B		B1_lineage_registered_idw									0.7839498519897461					per_gene																											kmt5aa	0.016241428	0.0794757	0.0858709995662968
B		B1_lineage_registered_idw									1.7628031969070437					per_gene																											krt4	0.36761713	0.09262378	0.0944467608563982
B		B1_lineage_registered_idw									1.6422849893569946					per_gene																											krt8	0.38350323	0.04918371	0.0438093240623019
B		B1_lineage_registered_idw									1.011136174201965					per_gene																											krt99	-0.1009389	-0.09160349	-0.0760125798877362
B		B1_lineage_registered_idw									1.4173028469085691					per_gene																											lamb1a	0.25797883	0.317984	0.3479373897873216
B		B1_lineage_registered_idw									0.7773241400718689					per_gene																											lamc1	-0.20588991	-0.22953482	-0.2354849635894308
B		B1_lineage_registered_idw									1.6791625022888184					per_gene																											lamp2	0.11896227	0.19301873	0.1571695923715721
B		B1_lineage_registered_idw									0.818366527557373					per_gene																											lbx2	0.04877192	0.07772541	0.0573929433691843
B		B1_lineage_registered_idw									1.524532437324524					per_gene																											lef1	0.07646393	0.024403827	0.0105818378521479
B		B1_lineage_registered_idw									1.0084688663482666					per_gene																											lft1	0.04756899	0.19449577	0.1919985669082972
B		B1_lineage_registered_idw									1.0520952939987185					per_gene																											lft2	-0.16014206	0.1615467	0.1242592875954788
B		B1_lineage_registered_idw									0.9166367650032043					per_gene																											lgals3b	0.08163687	0.031608764	0.0268987079301291
B		B1_lineage_registered_idw									0.6986297369003296					per_gene																											lhfpl6	0.101319924	0.028044311	0.0271613919831743
B		B1_lineage_registered_idw									1.1700886487960815					per_gene																											lhx1a	-0.110911615	0.2542619	0.1920108627792608
B		B1_lineage_registered_idw									1.8451025485992432					per_gene																											lhx5	0.042921253	0.10894188	0.1072802097203427
B		B1_lineage_registered_idw									0.967031180858612					per_gene																											lima1a	-0.31227937	-0.025373422	-0.0209361148074609
B		B1_lineage_registered_idw									0.933814823627472					per_gene																											lmnb1	0.011853193	0.06913751	0.0873169542064108
B		B1_lineage_registered_idw									0.7908409237861633					per_gene																											lmo2	0.07879076	-0.0027205509	0.001421280952871
B		B1_lineage_registered_idw									1.987865209579468					per_gene																											lmo4a	0.0034596168	-0.062989645	-0.040438386627901
B		B1_lineage_registered_idw									0.8211409449577332					per_gene																											lratb.1	0.08093808	0.04444237	0.042000774175896
B		B1_lineage_registered_idw									0.7963771820068359					per_gene																											lratd1	0.0015709309	0.0026745505	0.0057073844790283
B		B1_lineage_registered_idw									0.6998825073242188					per_gene																											mab21l2	0.10705014	0.0036250507	0.0002915014848798
B		B1_lineage_registered_idw									2.024679183959961					per_gene																											mad1l1	0.09447827	0.12692535	0.156711752853767
B		B1_lineage_registered_idw									0.8045533299446106					per_gene																											map1lc3b	0.06902576	0.004979038	-0.010517306105249
B		B1_lineage_registered_idw									0.630560040473938					per_gene																											map2k6	0.09756698	0.076960504	0.0979375166503787
B		B1_lineage_registered_idw									0.8355011343955994					per_gene																											mcama	0.05645042	0.03756243	0.0379616028240766
B		B1_lineage_registered_idw									0.7123904824256897					per_gene																											mcm2	-0.0025976822	0.1048053	0.1135685411626431
B		B1_lineage_registered_idw									0.5594313144683838					per_gene																											mcm3	0.16964734	0.21672845	0.201747685230632
B		B1_lineage_registered_idw									0.3110048174858093					per_gene																											mcm4	0.05338881	0.24904726	0.2634827360446237
B		B1_lineage_registered_idw									0.9095548391342164					per_gene																											mcm5	0.14397515	0.00621233	0.0038048078876585
B		B1_lineage_registered_idw									0.2915243804454803					per_gene																											mcm7	0.19220991	0.347786	0.3112941326697838
B		B1_lineage_registered_idw									0.8133638501167297					per_gene																											mef2d	0.08264967	0.012314335	0.0151151208251169
B		B1_lineage_registered_idw									1.3169264793395996					per_gene																											meis1b	0.25270453	0.24363013	0.20540199804853
B		B1_lineage_registered_idw									0.7342165112495422					per_gene																											meis2a	0.0006458677	-0.0015234139	-0.001943282924062
B		B1_lineage_registered_idw									1.234204888343811					per_gene																											meis3	0.1403619	0.10144936	0.0912023821310837
B		B1_lineage_registered_idw									0.7372230887413025					per_gene																											meox1	-0.0052195163	-0.008186948	-0.0098244007316482
B		B1_lineage_registered_idw									0.8510938286781311					per_gene																											mespaa	-0.13692798	-0.020593314	-0.0127238290005225
B		B1_lineage_registered_idw									0.9088790416717528					per_gene																											mespab	0.018876966	0.111452945	0.0734700292706813
B		B1_lineage_registered_idw									0.7698186635971069					per_gene																											mgst3b	-0.0038946695	0.011014975	0.0164494758195925
B		B1_lineage_registered_idw									1.0084178447723389					per_gene																											mibp2	0.1025564	0.031126352	0.0431637028891646
B		B1_lineage_registered_idw									1.600785255432129					per_gene																											mixl1	0.009147061	0.38659012	0.3480270624781936
B		B1_lineage_registered_idw									0.2379781007766723					per_gene																											mki67	0.24107808	0.20052876	0.2078915902840989
B		B1_lineage_registered_idw									0.8332852721214294					per_gene																											mns1	-0.09455535	-0.0007117857	-0.0141435997507813
B		B1_lineage_registered_idw									2.069911003112793					per_gene																											msgn1	0.12324799	0.08512046	0.0793942944021943
B		B1_lineage_registered_idw									1.9025077819824217					per_gene																											msx1b	-0.2324406	-0.24463056	-0.2267603742449992
B		B1_lineage_registered_idw									1.116234302520752					per_gene																											msx3	-0.1264837	-0.17230281	-0.1696269040236761
B		B1_lineage_registered_idw									0.5506795048713684					per_gene																											mycb	0.036716986	-0.013628804	-0.0109070160018497
B		B1_lineage_registered_idw									1.4521740674972534					per_gene																											mych	-0.3160596	-0.121797755	-0.0853243507481427
B		B1_lineage_registered_idw									0.9312680959701538					per_gene																											mycla	0.20225167	0.34009922	0.3625038212089754
B		B1_lineage_registered_idw									1.297510027885437					per_gene																											myclb	-0.026951559	0.14642154	0.1526463688113968
B		B1_lineage_registered_idw									1.2569478750228882					per_gene																											mycn	0.35752174	0.34192562	0.4280508042222902
B		B1_lineage_registered_idw									0.783935546875					per_gene																											myf5	0.109528385	0.0982557	0.0960834739959216
B		B1_lineage_registered_idw									0.8128849267959595					per_gene																											myod1	0.051349428	0.050687883	0.0506171061093275
B		B1_lineage_registered_idw									3.6755337715148926					per_gene																											nanog	-0.100453965	0.008107199	-0.0058321335153213
B		B1_lineage_registered_idw									0.7994908690452576					per_gene																											nap1l1	0.16883695	0.06821264	0.0920651570873139
B		B1_lineage_registered_idw									0.8653351068496704					per_gene																											nasp	0.12642309	0.25457418	0.2500991892325933
B		B1_lineage_registered_idw									0.8370860815048218					per_gene																											ncapd2	0.14000791	0.17245293	0.1758649184596009
B		B1_lineage_registered_idw									0.4603586494922638					per_gene																											nckap5l	0.08071265	0.06747296	0.0768633908525527
B		B1_lineage_registered_idw									0.7967239022254944					per_gene																											ndr1	-0.08118116	0.05308341	0.0539256934964868
B		B1_lineage_registered_idw									1.091220140457153					per_gene																											ndr2	-0.074142955	0.22176336	0.1961230552476594
B		B1_lineage_registered_idw									0.8084545731544495					per_gene																											ndufv3	0.18746674	0.087039754	0.0869523727632255
B		B1_lineage_registered_idw									1.379378080368042					per_gene																											nid2a	0.09272756	0.080057554	0.0799314286117282
B		B1_lineage_registered_idw									0.8567069172859192					per_gene																											nip7	0.04167066	0.17215572	0.2013827694886821
B		B1_lineage_registered_idw									0.7658446431159973					per_gene																											nkx1.2la	0.08670451	0.03838533	0.0344937510657605
B		B1_lineage_registered_idw									0.6915434002876282					per_gene																											nkx2.2a	0.0018429845	0.0066417702	0.0070649136859082
B		B1_lineage_registered_idw									0.913182497024536					per_gene																											nog1	0.07566576	0.044521898	0.0426775404945383
B		B1_lineage_registered_idw									0.3282826840877533					per_gene																											nop58	0.12349487	0.28069907	0.2612636135815962
B		B1_lineage_registered_idw									0.670660138130188					per_gene																											notch1a	-0.096367486	-0.097546205	-0.1221641596548796
B		B1_lineage_registered_idw									2.020446300506592					per_gene																											noto	0.0	0.06301103	0.1262837301644272
B		B1_lineage_registered_idw									0.8845255970954895					per_gene																											nr2f2	0.13131188	-0.027286204	-0.0190113442915839
B		B1_lineage_registered_idw									0.7528278827667236					per_gene																											nr6a1a	0.06612741	0.0215247	0.018280876827008
B		B1_lineage_registered_idw									1.8057349920272827					per_gene																											nrarpa	-0.016625606	0.034177054	0.0737917703224989
B		B1_lineage_registered_idw									0.9992265105247498					per_gene																											nsd2	0.041667048	0.15128887	0.1078171679381255
B		B1_lineage_registered_idw									0.8581852316856384					per_gene																											ntd5	0.12129694	0.1225524	0.0838349992399879
B		B1_lineage_registered_idw									1.5634067058563232					per_gene																											oclna	0.15511067	0.0513595	0.0426746580135699
B		B1_lineage_registered_idw									0.9327579140663148					per_gene																											olig4	0.005433418	-0.0786668	-0.0681700304610458
B		B1_lineage_registered_idw									1.471243143081665					per_gene																											otx1	0.041495647	0.16543786	0.178129152857819
B		B1_lineage_registered_idw									1.0947800874710083					per_gene																											otx2a	-0.044824887	0.014872117	0.0164543541195268
B		B1_lineage_registered_idw									1.3862580060958862					per_gene																											otx2b	0.19971268	0.19242461	0.1809190794699865
B		B1_lineage_registered_idw									0.7730024456977844					per_gene																											pax2a	0.0046291067	0.02002266	0.0232718918229365
B		B1_lineage_registered_idw									0.9570115208625792					per_gene																											pax3a	0.04200361	0.013595326	0.0047409472112033
B		B1_lineage_registered_idw									0.7966549396514893					per_gene																											pax6a	0.16610216	0.0049255695	0.0024959996559075
B		B1_lineage_registered_idw									0.7313402891159058					per_gene																											pax6b	-0.07642869	-0.029881006	-0.0363213539936812
B		B1_lineage_registered_idw									0.7361350059509277					per_gene																											pbx1b	0.059218686	-0.04959374	-0.0418621380812125
B		B1_lineage_registered_idw									0.4717774093151092					per_gene																											pbx4	0.131983	0.06831693	0.0779711097459962
B		B1_lineage_registered_idw									1.5222851037979126					per_gene																											pcdh10b	0.099722154	0.118213296	0.1051834210642281
B		B1_lineage_registered_idw									0.8043971657752991					per_gene																											pcdh7b	0.011472141	-0.043697428	-0.0488771411586965
B		B1_lineage_registered_idw									0.5136541724205017					per_gene																											PCDH8	-0.046023984	-0.05146893	-0.045126822666507
B		B1_lineage_registered_idw									1.0580987930297852					per_gene																											pcdh8	0.34332097	0.4806768	0.4588940756331044
B		B1_lineage_registered_idw									0.7536956667900085					per_gene																											pdap1a	0.098868586	0.012562118	0.0104185625957521
B		B1_lineage_registered_idw									1.042300581932068					per_gene																											perp	0.075933106	-0.016359983	-0.0227491195437739
B		B1_lineage_registered_idw									1.3248213529586792					per_gene																											pfn2	0.1674662	0.00093452685	0.0095890574918181
B		B1_lineage_registered_idw									0.9022517800331116					per_gene																											pitx2	-0.0109058	-0.009297238	-0.0094192207778875
B		B1_lineage_registered_idw									0.7199104428291321					per_gene																											pknox1.1	0.5076294	0.58009124	0.6280405483267857
B		B1_lineage_registered_idw									0.8614661693572998					per_gene																											plagl2	0.01778666	0.017993456	0.0273385667111582
B		B1_lineage_registered_idw									1.0557808876037598					per_gene																											plekhg5b	0.16736552	0.21612221	0.2191732926211089
B		B1_lineage_registered_idw									0.6988098621368408					per_gene																											pmp22b	0.044641353	-0.05555882	-0.0541877250005954
B		B1_lineage_registered_idw									1.2899482250213623					per_gene																											pold3	0.11773526	0.020036746	0.0236559941400415
B		B1_lineage_registered_idw									0.7006935477256775					per_gene																											ppan	0.033020932	0.08487973	0.106150360415164
B		B1_lineage_registered_idw									1.438889503479004					per_gene																											ppp1r7	0.124007024	0.00784203	0.0044626457064426
B		B1_lineage_registered_idw									1.2848269939422607					per_gene																											prdm1a	-0.101602696	-0.06599992	-0.0647077008290706
B		B1_lineage_registered_idw									1.6353400945663452					per_gene																											prickle1b	0.20306116	0.35613215	0.412659938967943
B		B1_lineage_registered_idw									0.3071248531341553					per_gene																											prmt1	0.11882646	0.048452776	0.0473423283583963
B		B1_lineage_registered_idw									0.7467324733734131					per_gene																											prox1a	0.06666487	-0.005790681	-0.0084438723525894
B		B1_lineage_registered_idw									0.9093632698059082					per_gene																											ptp4a2b	0.063099466	0.02902847	0.0374654415672215
B		B1_lineage_registered_idw									0.9927616119384766					per_gene																											pttg1	-0.017681453	-0.032431863	-0.031432235085316
B		B1_lineage_registered_idw									0.8744985461235046					per_gene																											rab11fip4a	0.106300786	0.08170248	0.0802011903364817
B		B1_lineage_registered_idw									0.9171334505081176					per_gene																											rac1a	0.028951509	0.09482425	0.1149297220264585
B		B1_lineage_registered_idw									0.947872757911682					per_gene																											raraa	0.042694613	0.06672641	0.0671667305028617
B		B1_lineage_registered_idw									1.6207226514816284					per_gene																											rasgef1ba	-0.14318244	0.1444154	0.1812572606556828
B		B1_lineage_registered_idw									1.3573814630508425					per_gene																											rasl11b	-0.021093521	0.06151368	0.0781787993003323
B		B1_lineage_registered_idw									0.3821834623813629					per_gene																											rbbp4	0.08485332	0.18532707	0.1672544789107559
B		B1_lineage_registered_idw									0.945499062538147					per_gene																											rbm4.3	0.09454898	-0.010472645	0.0165922405041967
B		B1_lineage_registered_idw									1.714484453201294					per_gene																											rbm7	-0.06633542	-0.01734572	-0.0135017335370103
B		B1_lineage_registered_idw									0.5243569016456604					per_gene																											rbmx	0.11480353	0.0898889	0.1011460432153695
B		B1_lineage_registered_idw									1.0859856605529783					per_gene																											rcc1	0.06930924	0.19136581	0.1843429271086476
B		B1_lineage_registered_idw									0.8737958073616028					per_gene																											rdh10b	-0.07204759	-0.012549296	-0.0165634105438155
B		B1_lineage_registered_idw									0.6914968490600586					per_gene																											rfx2	-0.06457739	-0.07640404	-0.0758459236212347
B		B1_lineage_registered_idw									0.7954086661338806					per_gene																											rhov	0.06812153	0.25978073	0.2915025897467928
B		B1_lineage_registered_idw									0.8241158127784729					per_gene																											ripply1	-0.04693806	0.0048522153	-0.0033797112407826
B		B1_lineage_registered_idw									0.9978598356246948					per_gene																											rnd1b	-0.02603985	0.03491717	0.0374916410613808
B		B1_lineage_registered_idw									1.6010141372680664					per_gene																											rpl10	0.18065594	-0.017077608	-0.0119925141900689
B		B1_lineage_registered_idw									0.6233498454093933					per_gene																											rpl19	-0.086652406	-0.008174775	0.0078774104496514
B		B1_lineage_registered_idw									0.5659066438674927					per_gene																											rpl31	-0.16310444	-0.056578733	-0.0516987472579372
B		B1_lineage_registered_idw									0.778795063495636					per_gene																											rpl34	-0.036470182	-0.021275729	-0.0277388490343478
B		B1_lineage_registered_idw									0.7866904139518738					per_gene																											rpl38	-0.030910967	0.011244862	0.0121270169593648
B		B1_lineage_registered_idw									0.6565564870834351					per_gene																											rpl4	0.051281534	0.012669103	0.0215531460667247
B		B1_lineage_registered_idw									0.9015729427337646					per_gene																											rpl5a	-0.10094665	-0.03485096	-0.0382853069270273
B		B1_lineage_registered_idw									0.4383602738380432					per_gene																											rpl6	0.015436595	0.031084659	0.0341437587415556
B		B1_lineage_registered_idw									1.3901162147521973					per_gene																											rplp0	-0.10420922	0.0877067	0.0664334276289102
B		B1_lineage_registered_idw									1.5967165231704712					per_gene																											rplp2l	0.1709992	0.04195686	0.0372712732023917
B		B1_lineage_registered_idw									0.5128421783447266					per_gene																											rps3	-0.12626003	-0.018865762	-0.0095220465316434
B		B1_lineage_registered_idw									1.0208754539489746					per_gene																											rps6	0.030589519	0.037859365	0.0434768515599276
B		B1_lineage_registered_idw									1.0921261310577393					per_gene																											rrbp1b	-0.0050596693	0.10107639	0.1121756613613027
B		B1_lineage_registered_idw									1.3816159963607788					per_gene																											rreb1a	-0.18289517	-0.17596085	-0.1810237852616456
B		B1_lineage_registered_idw									1.0349738597869873					per_gene																											rreb1b	0.0	-0.03347023	-0.0494151531013301
B		B1_lineage_registered_idw									0.8801406621932983					per_gene																											rrm2	0.1174633	0.312388	0.3090304177616348
B		B1_lineage_registered_idw									0.7615337371826172					per_gene																											rrp8	0.0913489	-0.009594682	-0.0117091647706023
B		B1_lineage_registered_idw									0.7436345815658569					per_gene																											rx3	0.07650158	0.00786701	-0.0015122193697367
B		B1_lineage_registered_idw									0.8510451316833496					per_gene																											rxrgb	0.19204314	0.07830519	0.0743859151229075
B		B1_lineage_registered_idw									0.6860589981079102					per_gene																											sall1a	0.12421439	0.101814464	0.1001681191051505
B		B1_lineage_registered_idw									0.8449258208274841					per_gene																											sall3a	0.14760467	0.017675364	0.0298867702787069
B		B1_lineage_registered_idw									1.0090731382369995					per_gene																											sall3b	0.0	0.2774749	0.257845265533469
B		B1_lineage_registered_idw									0.852493405342102					per_gene																											sdc4	0.02272168	0.040692475	0.0523413087588014
B		B1_lineage_registered_idw									0.7660704255104065					per_gene																											sebox	-0.056467347	0.1803956	0.1685644785706624
B		B1_lineage_registered_idw									2.1311912536621094					per_gene																											sept9a	-0.0870792	-0.14255452	-0.1392531859906005
B		B1_lineage_registered_idw									1.1045485734939575					per_gene																											shha	-0.019196117	0.0507682	0.0428352948969661
B		B1_lineage_registered_idw									0.8952286243438721					per_gene																											si:ch211-106e7.2	0.122690246	-0.0119937975	0.0018404230477627
B		B1_lineage_registered_idw									1.0374133586883545					per_gene																											si:ch211-113a14.18	-0.012655509	0.037633136	0.0451512109006528
B		B1_lineage_registered_idw									0.9705001711845398					per_gene																											si:ch211-114n24.6	0.07270354	-0.0008237241	0.0028356223375663
B		B1_lineage_registered_idw									0.4802955687046051					per_gene																											si:ch211-155e24.3	0.15224634	0.18982238	0.1893838592285329
B		B1_lineage_registered_idw									0.6272011399269104					per_gene																											si:ch211-161h7.4	0.12897754	0.12368936	0.1493319311985873
B		B1_lineage_registered_idw									0.4988380670547485					per_gene																											si:ch211-163l21.7	0.07881285	-0.020458147	-0.0126600029570366
B		B1_lineage_registered_idw									0.941345512866974					per_gene																											si:dkey-108k21.14	0.047086865	0.040833723	0.0320526024844345
B		B1_lineage_registered_idw									0.8205879330635071					per_gene																											si:dkey-108k21.21	0.10190714	0.009359704	0.0062177388736595
B		B1_lineage_registered_idw									1.1937832832336426					per_gene																											si:dkey-261h17.1	0.047931697	-0.08736835	-0.0914325500460252
B		B1_lineage_registered_idw									0.764724850654602					per_gene																											si:dkey-261m9.12	0.14742266	0.15511173	0.1722662181177112
B		B1_lineage_registered_idw									0.5200853943824768					per_gene																											si:dkey-66i24.9	-0.10515881	-0.046454012	-0.0527729014304108
B		B1_lineage_registered_idw									2.060220003128052					per_gene																											si:dkey-68o6.5	0.023031358	-0.0065771663	-0.0070141152358657
B		B1_lineage_registered_idw									0.8095510005950928					per_gene																											si:dkey-92i17.2	0.12825236	0.036414362	0.0330419369464272
B		B1_lineage_registered_idw									0.7085800170898438					per_gene																											six3b	-0.08764125	-0.044534653	-0.0442830498829512
B		B1_lineage_registered_idw									1.4105627536773682					per_gene																											six4a	-0.108087696	-0.1384422	-0.1292361727420868
B		B1_lineage_registered_idw									0.7900325655937195					per_gene																											six4b	0.0005324722	0.047572676	0.0455616930378076
B		B1_lineage_registered_idw									0.9484284520149232					per_gene																											six7	0.09548355	0.054450504	0.0514581646605357
B		B1_lineage_registered_idw									0.8963986039161682					per_gene																											skia	0.12446422	0.0944073	0.1157403103939386
B		B1_lineage_registered_idw									0.719342052936554					per_gene																											skila	0.0055291485	0.044358976	0.059523971015843
B		B1_lineage_registered_idw									1.0497140884399414					per_gene																											skilb	0.043655578	0.12897824	0.1641589831527113
B		B1_lineage_registered_idw									0.9818323254585266					per_gene																											smtnl	0.1464514	0.09246775	0.0854476824598875
B		B1_lineage_registered_idw									1.947974443435669					per_gene																											snai1a	-0.17360334	0.008186817	-0.0745932423358909
B		B1_lineage_registered_idw									2.492166519165039					per_gene																											snai2	0.112621464	0.12854654	0.1905625672125861
B		B1_lineage_registered_idw									0.799430787563324					per_gene																											snrpc	-0.039627846	8.152637e-05	0.0113811988651136
B		B1_lineage_registered_idw									0.8545536994934082					per_gene																											snrpd3	0.13996772	0.002666059	-0.0002952538865556
B		B1_lineage_registered_idw									0.7993466258049011					per_gene																											snrpg	0.0	0.010572689	0.0090006691800598
B		B1_lineage_registered_idw									0.649267315864563					per_gene																											sox10	0.14440486	-0.0008088426	0.0025159574590772
B		B1_lineage_registered_idw									1.4545477628707886					per_gene																											sox11a	0.24219757	0.4283294	0.3939246835899272
B		B1_lineage_registered_idw									1.0443661212921145					per_gene																											sox11b	-0.113414474	-0.16018724	-0.1689038665585784
B		B1_lineage_registered_idw									0.9217183589935304					per_gene																											sox13	6.520894e-05	-0.04349299	-0.0371780279720963
B		B1_lineage_registered_idw									0.756904125213623					per_gene																											sox17	-0.09545082	-0.03684387	-0.0569435858635165
B		B1_lineage_registered_idw									1.4237191677093506					per_gene																											sox19a	0.36828914	0.64283884	0.4826427116490372
B		B1_lineage_registered_idw									2.0475871562957764					per_gene																											sox3	0.29972845	0.41182822	0.3340400730856054
B		B1_lineage_registered_idw									1.3846442699432373					per_gene																											sox32	0.1881057	0.2630764	0.2313258596553336
B		B1_lineage_registered_idw									1.0736992359161377					per_gene																											sox5	-0.029861998	-0.077518895	-0.0783522461983844
B		B1_lineage_registered_idw									0.7024021744728088					per_gene																											sp5a	0.090759985	-0.01396647	-0.0191448945610773
B		B1_lineage_registered_idw									1.8919036388397217					per_gene																											sp5l	-0.16017903	-0.20644869	-0.2488496266040252
B		B1_lineage_registered_idw									0.4962882697582245					per_gene																											spon1b	0.081318334	0.009523622	0.0172492878029116
B		B1_lineage_registered_idw									0.7915131449699402					per_gene																											srp19	0.086425915	0.0016154561	0.0063614595639569
B		B1_lineage_registered_idw									0.970385730266571					per_gene																											srrm4	-0.047815733	-0.025847187	-0.0204910236716613
B		B1_lineage_registered_idw									0.8180897235870361					per_gene																											stmn1a	0.0050232206	0.01865529	0.0397701121555508
B		B1_lineage_registered_idw									1.034156322479248					per_gene																											stox1	0.0	0.057071008	0.0426409484681882
B		B1_lineage_registered_idw									0.234471321105957					per_gene																											supt16h	0.21903457	0.1795314	0.1793391964283933
B		B1_lineage_registered_idw									1.0777368545532229					per_gene																											syne2b	0.1965324	0.18616498	0.1719220998237586
B		B1_lineage_registered_idw									1.4585049152374268					per_gene																											tagln2	-0.12656432	-0.1619398	-0.1674094512022789
B		B1_lineage_registered_idw									0.6437046527862549					per_gene																											tbr1b	0.022663783	-0.006026936	-0.0039427725867229
B		B1_lineage_registered_idw									0.8049266338348389					per_gene																											tbx1	0.05380257	0.11713076	0.0903067091925298
B		B1_lineage_registered_idw									2.9928441047668457					per_gene																											tbx16	0.5122952	0.41875735	0.4070020336572973
B		B1_lineage_registered_idw									1.7080353498458862					per_gene																											tbx16l	0.21764848	0.31819516	0.2551351851024218
B		B1_lineage_registered_idw									0.915110170841217					per_gene																											tbx3b	0.18262076	0.0035839868	0.0023274554303501
B		B1_lineage_registered_idw									0.9377585053443908					per_gene																											tbx6	0.14422604	0.060940575	0.0530490040822844
B		B1_lineage_registered_idw									1.6618499755859375					per_gene																											tbxta	0.41303018	0.564446	0.5778443212004746
B		B1_lineage_registered_idw									1.224441647529602					per_gene																											tbxtb	0.0	0.11165544	0.1169427431073518
B		B1_lineage_registered_idw									0.7572231292724609					per_gene																											tcf3b	-0.04664981	0.5301923	0.5546474824600809
B		B1_lineage_registered_idw									1.1646311283111572					per_gene																											tcf7	-0.019761642	-0.07519805	-0.0744469098788313
B		B1_lineage_registered_idw									1.1717901229858398					per_gene																											tcf7l1a	0.3226048	0.25261292	0.2652061749776547
B		B1_lineage_registered_idw									0.9722615480422974					per_gene																											tcf7l1b	0.28435415	0.368707	0.3835821756089038
B		B1_lineage_registered_idw									0.8273429870605469					per_gene																											tcf7l2	0.031479903	-0.03366365	-0.0327358663898769
B		B1_lineage_registered_idw									1.481979250907898					per_gene																											tdgf1	-0.37958932	-0.27536196	-0.2705301121686859
B		B1_lineage_registered_idw									1.3220237493515017					per_gene																											tead1a	0.1370291	0.07860883	0.0956902442085437
B		B1_lineage_registered_idw									0.8116757869720459					per_gene																											tead1b	0.14180532	0.02969699	0.0280964831407224
B		B1_lineage_registered_idw									1.5948959589004517					per_gene																											tfap2a	0.032703627	0.16206868	0.1497374426525992
B		B1_lineage_registered_idw									2.0904343128204346					per_gene																											tfap2c	0.0	-0.09812939	-0.1095081601836285
B		B1_lineage_registered_idw									0.5290263891220093					per_gene																											tgif1	0.01470025	0.027481543	0.0141346709987011
B		B1_lineage_registered_idw									0.7596248984336853					per_gene																											tlcd5a	-0.10801338	-0.07016511	-0.0708719922707911
B		B1_lineage_registered_idw									0.780715823173523					per_gene																											tmed10	0.11375406	0.002300204	0.0004608442406848
B		B1_lineage_registered_idw									0.8348792791366577					per_gene																											tmed2	0.080962956	-0.009832281	-0.0096965263347817
B		B1_lineage_registered_idw									1.1532210111618042					per_gene																											tp63	-0.030919638	-0.048839778	-0.0255561119913229
B		B1_lineage_registered_idw									0.8347829580307007					per_gene																											tpx2	0.009782	-0.008706106	-0.0159380685575468
B		B1_lineage_registered_idw									1.0762118101119995					per_gene																											tram1	-0.023306921	-0.026922936	-0.0318107639550359
B		B1_lineage_registered_idw									0.7563394904136658					per_gene																											trps1	0.040534586	-0.041616518	-0.0453351492365599
B		B1_lineage_registered_idw									0.8924893140792847					per_gene																											tshz3b	0.013985099	-0.031189878	-0.0332969557405035
B		B1_lineage_registered_idw									1.606462836265564					per_gene																											tuba1a	-0.03799137	-0.00590847	-0.0032723252904674
B		B1_lineage_registered_idw									0.5615580677986145					per_gene																											tuba8l	0.11663689	0.026373964	0.0245787517502654
B		B1_lineage_registered_idw									1.464303493499756					per_gene																											tuba8l2	-0.2397423	-0.39503938	-0.3834270137985369
B		B1_lineage_registered_idw									0.4297678172588348					per_gene																											tuba8l4	0.22981843	0.32320422	0.2834077002309667
B		B1_lineage_registered_idw									0.5205227136611938					per_gene																											tubb2b	-0.12610345	-0.048891626	-0.041435790911151
B		B1_lineage_registered_idw									0.5879352688789368					per_gene																											twist1a	-0.095896706	0.020715257	0.0200181903390768
B		B1_lineage_registered_idw									0.8353326916694641					per_gene																											twist2	0.073066995	0.007767748	-0.0088526692877272
B		B1_lineage_registered_idw									0.7870272994041443					per_gene																											ube2c	-0.020642044	-0.0017324479	0.0095327010334061
B		B1_lineage_registered_idw									0.7787293195724487					per_gene																											uhrf1	0.33859837	0.3931335	0.4007412385652836
B		B1_lineage_registered_idw									1.691861629486084					per_gene																											unc5b	0.03699992	-0.07512089	-0.0842156533892515
B		B1_lineage_registered_idw									0.9722338318824768					per_gene																											uncx4.1	-0.08796614	0.002197212	0.0258701981599961
B		B1_lineage_registered_idw									0.6919233798980713					per_gene																											unga	0.0765528	0.075985216	0.0862023951852438
B		B1_lineage_registered_idw									0.782513439655304					per_gene																											usf1	0.08173048	0.02163148	0.0253803871590292
B		B1_lineage_registered_idw									1.6986863613128662					per_gene																											ved	0.0	-0.32088062	-0.3749668135240036
B		B1_lineage_registered_idw									3.016189813613892					per_gene																											vgll4l	-0.11328506	-0.03251574	-0.0444154630517339
B		B1_lineage_registered_idw									1.1809916496276855					per_gene																											vox	-0.06570322	-0.08099333	-0.0792672802718452
B		B1_lineage_registered_idw									0.5022259950637817					per_gene																											vrtn	0.47568324	0.41865477	0.4850669741155475
B		B1_lineage_registered_idw									0.7306361198425293					per_gene																											vsx2	0.13207676	-0.0021066528	-0.0045468707340158
B		B1_lineage_registered_idw									1.2382152080535889					per_gene																											wnt11f2	0.21279165	0.5829965	0.5847738444883916
B		B1_lineage_registered_idw									1.1812984943389893					per_gene																											wnt8a	-0.085145056	-0.12101453	-0.1168778020738861
B		B1_lineage_registered_idw									1.4871176481246948					per_gene																											xbp1	0.07829193	0.10807501	0.074168571217155
B		B1_lineage_registered_idw									0.7960061430931091					per_gene																											zbtb18	0.110094465	0.007972812	0.0128150197300641
B		B1_lineage_registered_idw									0.8599002957344055					per_gene																											zc4h2	-0.13196968	-0.10412988	-0.1199539670103226
B		B1_lineage_registered_idw									1.070150375366211					per_gene																											zeb1a	-0.29718527	-0.212956	-0.2684821048485445
B		B1_lineage_registered_idw									1.079357028007507					per_gene																											zeb1b	-0.061377607	-0.095482066	-0.0875338188098598
B		B1_lineage_registered_idw									0.7756221294403076					per_gene																											zeb2a	0.042528033	0.01668239	0.0183839995803331
B		B1_lineage_registered_idw									1.2163008451461792					per_gene																											zeb2b	-0.26987043	-0.12835495	-0.1396159463071544
B		B1_lineage_registered_idw									0.6700981855392456					per_gene																											zfand5a	-0.0636237	-0.13409019	-0.1499765976947669
B		B1_lineage_registered_idw									0.6309572458267212					per_gene																											zgc:113372	0.095257364	0.017395373	0.02120498459885
B		B1_lineage_registered_idw									1.217314839363098					per_gene																											zgc:113424	0.11670122	-0.009746147	-0.0059779803678406
B		B1_lineage_registered_idw									0.6284618973731995					per_gene																											zgc:174154	0.0081561515	0.02776649	0.0260136670642161
B		B1_lineage_registered_idw									0.7864596843719482					per_gene																											zgc:175088	-0.091502115	0.040683713	0.0550485296045999
B		B1_lineage_registered_idw									1.847326636314392					per_gene																											zic2a	0.13201734	0.25975758	0.2000097056544418
B		B1_lineage_registered_idw									1.3484282493591309					per_gene																											zic2b	0.12256448	0.1736247	0.0912412439750509
B		B1_lineage_registered_idw									1.5281310081481934					per_gene																											zic3	-0.20163122	-0.098510005	-0.110445241825227
B		B1_lineage_registered_idw									0.7844152450561523					per_gene																											zmp:0000000624	0.0	0.0015579254	0.0038189062078506
B		B1_lineage_registered_idw									0.8232808709144592					per_gene																											znf1004	0.11998668	0.17462309	0.1327850185629092
B		B1_lineage_registered_idw									1.3286688327789309					per_gene																											znf185	0.27606893	0.033539504	0.0333105528197052
B		B1_lineage_registered_idw									0.980335295200348					per_gene																											znf576.2	0.07671578	0.09556968	0.1346503382880625
B		B1_lineage_registered_idw									0.8803063035011292					per_gene																											znfl2a	0.20451601	0.4059832	0.4360602270860614
B		B1_lineage_registered_idw									0.6296561360359192					per_gene																											zswim5	0.4612282	0.5608066	0.540142353444734
B		B2_lineage_early_map									1.231567621231079					per_gene																											ackr3b	0.0	0.027920933	0.0226168013417757
B		B2_lineage_early_map									1.0475965738296509					per_gene																											acvr1ba	0.0	0.27586323	0.2981323708506953
B		B2_lineage_early_map									1.4064950942993164					per_gene																											add3b	0.0	0.20299907	0.1841842750241936
B		B2_lineage_early_map									0.4629063308238983					per_gene																											adka	0.0	0.36961043	0.4065752231187318
B		B2_lineage_early_map									1.6148227453231812					per_gene																											admp	0.0	-0.18090166	-0.2251912725792571
B		B2_lineage_early_map									0.9877342581748962					per_gene																											ahi1	0.0	0.118586406	0.134960296026203
B		B2_lineage_early_map									0.3150646090507507					per_gene																											akap12b	0.0	0.09630655	0.1017203403806343
B		B2_lineage_early_map									1.4376585483551023					per_gene																											alcamb	0.0	0.2626169	0.2186876395993697
B		B2_lineage_early_map									0.675534725189209					per_gene																											aldob	0.0	0.32433137	0.2751391982469345
B		B2_lineage_early_map									0.4901584684848785					per_gene																											anp32e	0.0	0.09037697	0.0653829449530822
B		B2_lineage_early_map									0.7237177491188049					per_gene																											apex1	0.0	-0.0056300275	-0.0006255751542313
B		B2_lineage_early_map									1.1638574600219729					per_gene																											aplnra	0.0	0.13112557	0.1416654585661267
B		B2_lineage_early_map									0.7861728072166443					per_gene																											aplnrb	0.0	0.0515179	0.0621813134982734
B		B2_lineage_early_map									0.9089170694351196					per_gene																											apoc1	0.0	0.12462793	0.1182400910136069
B		B2_lineage_early_map									0.5743111968040466					per_gene																											arf5	0.0	0.06951008	0.0951480626763146
B		B2_lineage_early_map									0.6893929243087769					per_gene																											arhgap5	0.0	-0.0031508855	-0.0078991677875214
B		B2_lineage_early_map									0.7437927722930908					per_gene																											arl4aa	0.0	0.05948064	0.050184268197176
B		B2_lineage_early_map									0.9778140783309937					per_gene																											arl4ab	0.0	0.27949694	0.2184826427682837
B		B2_lineage_early_map									1.1350038051605225					per_gene																											arl4d	0.0	-0.031546403	-0.0442064117558142
B		B2_lineage_early_map									0.7696218490600586					per_gene																											arl6ip5a	0.0	0.012066533	0.0130938840666725
B		B2_lineage_early_map									0.7719089388847351					per_gene																											aspm	0.0	0.008653465	0.0164864657648814
B		B2_lineage_early_map									0.6527296304702759					per_gene																											atf6	0.0	0.021644542	0.0320476594415718
B		B2_lineage_early_map									0.5319772958755493					per_gene																											atoh1c	0.0	0.051110964	0.0545043614378917
B		B2_lineage_early_map									0.9243736863136292					per_gene																											atp2b1a	0.0	-0.03360002	-0.0392006658325308
B		B2_lineage_early_map									0.3533336520195007					per_gene																											atrxl	0.0	-0.14323331	-0.1344120061128682
B		B2_lineage_early_map									0.7188581824302673					per_gene																											aurkb	0.0	0.121811144	0.1343100521545581
B		B2_lineage_early_map									0.866839587688446					per_gene																											axin2	0.0	0.024441183	0.0121590508918556
B		B2_lineage_early_map									0.8297112584114075					per_gene																											bach1b	0.0	0.002277047	0.002802213113256
B		B2_lineage_early_map									2.028187990188598					per_gene																											bambia	0.0	-0.075578205	-0.023167406582998
B		B2_lineage_early_map									0.7384592890739441					per_gene																											baz1b	0.0	0.1424325	0.1624453375297534
B		B2_lineage_early_map									0.9359678626060486					per_gene																											bcl2l1	0.0	0.06357162	0.0777157442389217
B		B2_lineage_early_map									0.6998206377029419					per_gene																											bhlha15	0.0	0.07323945	0.0684345206858896
B		B2_lineage_early_map									1.1703351736068726					per_gene																											blf	0.0	-0.06871355	-0.06883776827597
B		B2_lineage_early_map									1.6577260494232178					per_gene																											bmp2b	0.0	-0.37523216	-0.4191021783374486
B		B2_lineage_early_map									1.2643219232559204					per_gene																											bmp4	0.0	-0.20162661	-0.209192581789974
B		B2_lineage_early_map									1.5382897853851318					per_gene																											bmp7a	0.0	0.18135816	0.1785525549187046
B		B2_lineage_early_map									0.6660725474357605					per_gene																											brd2a	0.0	-0.028844671	-0.0173431993979176
B		B2_lineage_early_map									1.4299455881118774					per_gene																											btg2	0.0	-0.096275456	-0.0946733225767653
B		B2_lineage_early_map									0.6509262919425964					per_gene																											c1qbp	0.0	0.30866152	0.3342398263429298
B		B2_lineage_early_map									0.7495055794715881					per_gene																											C7H16orf87	0.0	0.015815018	0.0175139027914472
B		B2_lineage_early_map									0.9229556322097778					per_gene																											ca9	0.0	0.14187258	0.1218161721605293
B		B2_lineage_early_map									0.7578837275505066					per_gene																											casz1	0.0	0.036018275	0.0293721246574996
B		B2_lineage_early_map									0.5336149334907532					per_gene																											cbx3a	0.0	0.18703851	0.1903313262141271
B		B2_lineage_early_map									0.7849228382110596					per_gene																											cbx5	0.0	0.23813729	0.2166271356102242
B		B2_lineage_early_map									1.0538395643234253					per_gene																											ccne2	0.0	-0.039448686	-0.0426803593550024
B		B2_lineage_early_map									1.3167016506195068					per_gene																											ccnf	0.0	-0.028670922	-0.0293171340605218
B		B2_lineage_early_map									1.2754549980163574					per_gene																											ccng1	0.0	0.0012334012	0.0044306152054454
B		B2_lineage_early_map									0.7432319521903992					per_gene																											cd63	0.0	0.01822811	0.0163607621490852
B		B2_lineage_early_map									0.6124595999717712					per_gene																											cdc14b	0.0	-0.056248743	-0.0570321227856051
B		B2_lineage_early_map									0.7262766361236572					per_gene																											cdc42ep4a	0.0	0.0063424665	0.0040903198865505
B		B2_lineage_early_map									0.8105231523513794					per_gene																											cdca8	0.0	0.12228897	0.1373167953788582
B		B2_lineage_early_map									0.9437485933303832					per_gene																											cdh1	0.0	0.35875958	0.4025067545230484
B		B2_lineage_early_map									1.0002135038375854					per_gene																											cdh2	0.0	0.08998882	0.0967075235732174
B		B2_lineage_early_map									1.1505427360534668					per_gene																											cdh6	0.0	0.019074144	0.0169981043907134
B		B2_lineage_early_map									0.8318860530853271					per_gene																											cdkn1ca	0.0	0.17386791	0.1334139428552682
B		B2_lineage_early_map									0.869432806968689					per_gene																											cdt1	0.0	-0.06811276	-0.0654467231370125
B		B2_lineage_early_map									1.496066927909851					per_gene																											cdx1a	0.0	-0.23069926	-0.2275936124800616
B		B2_lineage_early_map									2.502903461456299					per_gene																											cdx4	0.0	0.15362294	0.1217278974554951
B		B2_lineage_early_map									0.5840867161750793					per_gene																											cenpf	0.0	0.1209545	0.143411014250308
B		B2_lineage_early_map									0.6405852437019348					per_gene																											cfl1l	0.0	0.032909337	0.0494326117295646
B		B2_lineage_early_map									0.6046426892280579					per_gene																											chaf1a	0.0	0.0060470556	0.0006306664358612
B		B2_lineage_early_map									2.353416919708252					per_gene																											chrd	0.0	-0.30108944	-0.2010443298811302
B		B2_lineage_early_map									0.9514074921607972					per_gene																											chst11	0.0	0.018213505	0.0124272958431138
B		B2_lineage_early_map									2.353426694869995					per_gene																											cldnd	0.0	-0.0030663614	0.013459525161984
B		B2_lineage_early_map									0.8849750757217407					per_gene																											clic4	0.0	0.22837585	0.2505089094614074
B		B2_lineage_early_map									0.7667083740234375					per_gene																											clocka	0.0	0.009910236	0.0063721419742827
B		B2_lineage_early_map									0.8283321261405945					per_gene																											cmtm6	0.0	-0.08099404	-0.0941548925590884
B		B2_lineage_early_map									0.6566839814186096					per_gene																											cnmd	0.0	0.034794256	0.0318674371559426
B		B2_lineage_early_map									0.7269814014434814					per_gene																											cnn3a	0.0	0.037058007	0.0322394003121307
B		B2_lineage_early_map									0.8487145900726318					per_gene																											coq10b	0.0	-0.006011484	-0.0118069320470223
B		B2_lineage_early_map									2.02155876159668					per_gene																											crabp2b	0.0	0.30642813	0.3260112874112874
B		B2_lineage_early_map									0.8038087487220764					per_gene																											creb3l1	0.0	0.1314205	0.0894729159063189
B		B2_lineage_early_map									0.8629642724990845					per_gene																											creb3l2	0.0	-0.09266996	-0.0798843105825776
B		B2_lineage_early_map									1.215805172920227					per_gene																											csrp1a	0.0	-0.0327428	-0.0355846342822089
B		B2_lineage_early_map									0.9225494861602784					per_gene																											cst3	0.0	0.09218536	0.0913478016004629
B		B2_lineage_early_map									0.5207979083061218					per_gene																											ctcf	0.0	0.11176697	0.1013331357131201
B		B2_lineage_early_map									2.482810735702514					per_gene																											cth1	0.0	-0.018149594	-0.0345205751351583
B		B2_lineage_early_map									0.691077709197998					per_gene																											CU570769.1	0.0	0.038264066	0.040389068394176
B		B2_lineage_early_map									0.7931966185569763					per_gene																											cux1a	0.0	0.022170676	0.0275384254978549
B		B2_lineage_early_map									0.641589343547821					per_gene																											cxcl12b	0.0	0.056652773	0.0590410264047606
B		B2_lineage_early_map									1.680056095123291					per_gene																											cxcr4a	0.0	0.06643426	0.0754849448419213
B		B2_lineage_early_map									1.2438335418701172					per_gene																											dact2	0.0	0.25626522	0.2705755593463978
B		B2_lineage_early_map									0.9031479358673096					per_gene																											dand5	0.0	-0.0364432	-0.043652287795093
B		B2_lineage_early_map									0.8563349843025208					per_gene																											dbx1a	0.0	0.13854215	0.1334918422876241
B		B2_lineage_early_map									1.9123287200927732					per_gene																											ddx4	0.0	0.37182435	0.4079104426104556
B		B2_lineage_early_map									0.7106449007987976					per_gene																											dharma	0.0	0.012245967	0.0074167040380931
B		B2_lineage_early_map									0.2689960896968841					per_gene																											dkc1	0.0	0.27408862	0.2291751279719279
B		B2_lineage_early_map									0.6302252411842346					per_gene																											dkk1b	0.0	0.111650355	0.0870451472973573
B		B2_lineage_early_map									1.319593906402588					per_gene																											dld	0.0	0.5702586	0.5562373721943481
B		B2_lineage_early_map									0.3707890808582306					per_gene																											dlgap5	0.0	0.104920864	0.1125525546337684
B		B2_lineage_early_map									1.5712881088256836					per_gene																											dlx3b	0.0	0.13621783	0.1367560667955921
B		B2_lineage_early_map									0.5523516535758972					per_gene																											dmd	0.0	0.09085418	0.0926040671933037
B		B2_lineage_early_map									0.8179113268852234					per_gene																											dnmt3bb.2	0.0	-0.020152034	0.0016567557259814
B		B2_lineage_early_map									1.4382826089859009					per_gene																											drll.2	0.0	0.1960799	0.1646213793021496
B		B2_lineage_early_map									1.284398913383484					per_gene																											drll.3	0.0	0.07112356	0.0469507977471889
B		B2_lineage_early_map									0.6319226622581482					per_gene																											dscc1	0.0	0.04546807	0.0453189035471648
B		B2_lineage_early_map									0.778386652469635					per_gene																											dync1li1	0.0	0.02987102	0.0275673831078145
B		B2_lineage_early_map									1.510233998298645					per_gene																											dynll1	0.0	0.07383145	0.0828317040923213
B		B2_lineage_early_map									0.797421932220459					per_gene																											dynll2b	0.0	0.06991542	0.071165213972737
B		B2_lineage_early_map									0.7207599878311157					per_gene																											ednraa	0.0	0.012035451	0.0112069613077629
B		B2_lineage_early_map									1.0774812698364258					per_gene																											efna1a	0.0	0.18182084	0.1348987851796107
B		B2_lineage_early_map									0.8105904459953308					per_gene																											efnb2a	0.0	0.16168003	0.1289840914849903
B		B2_lineage_early_map									1.9397337436676023					per_gene																											efnb2b	0.0	0.23821439	0.2189468956175564
B		B2_lineage_early_map									0.8469768762588501					per_gene																											egln1b	0.0	0.022270547	0.0185822677260148
B		B2_lineage_early_map									0.4827684462070465					per_gene																											eif3ea	0.0	0.06964058	0.0852457009703339
B		B2_lineage_early_map									0.7253090739250183					per_gene																											elavl3	0.0	0.019566523	0.0257075360939721
B		B2_lineage_early_map									1.2410839796066284					per_gene																											elf1	0.0	0.09057912	0.0982588060615133
B		B2_lineage_early_map									0.7642858624458313					per_gene																											elob	0.0	-0.03706181	-0.0386781152077666
B		B2_lineage_early_map									0.7025015354156494					per_gene																											emid1	0.0	-0.015488629	-0.0130344094631197
B		B2_lineage_early_map									0.6552868485450745					per_gene																											emx2	0.0	-0.0020382502	-0.0056688987519712
B		B2_lineage_early_map									0.7377671003341675					per_gene																											emx3	0.0	-0.0041107424	-0.0110017820994749
B		B2_lineage_early_map									1.0080162286758425					per_gene																											epcam	0.0	0.0340813	0.0205624886167557
B		B2_lineage_early_map									1.3365079164505005					per_gene																											epha2a	0.0	0.26244533	0.207597562697599
B		B2_lineage_early_map									1.6518223285675049					per_gene																											ephb3a	0.0	-0.0134868175	-0.0197657137873846
B		B2_lineage_early_map									0.9275508522987366					per_gene																											eppk1	0.0	0.031988274	0.0326811941098359
B		B2_lineage_early_map									0.7104639410972595					per_gene																											erf	0.0	-0.16423643	-0.1749127809090469
B		B2_lineage_early_map									0.9216697812080384					per_gene																											esrra	0.0	-0.06441705	-0.0764730218928404
B		B2_lineage_early_map									1.578289270401001					per_gene																											ets2	0.0	0.17053537	0.1111952635841961
B		B2_lineage_early_map									0.5514078140258789					per_gene																											etv2	0.0	0.0008862196	-0.0035527770131366
B		B2_lineage_early_map									0.7576317191123962					per_gene																											etv4	0.0	0.13885391	0.1480059979795999
B		B2_lineage_early_map									0.6812625527381897					per_gene																											etv5a	0.0	0.0125012025	0.0142721442328342
B		B2_lineage_early_map									0.4557740092277527					per_gene																											etv5b	0.0	0.1652638	0.1700696147184823
B		B2_lineage_early_map									1.4937331676483154					per_gene																											eve1	0.0	0.025015589	-0.0062345336578679
B		B2_lineage_early_map									0.8953876495361328					per_gene																											f11r.1	0.0	0.0037450339	0.0033630129115135
B		B2_lineage_early_map									0.8347220420837402					per_gene																											fbln2	0.0	-0.0133635	-0.0087842017804748
B		B2_lineage_early_map									0.9187263250350952					per_gene																											fezf2	0.0	0.0067379773	0.0420728438189988
B		B2_lineage_early_map									1.0031861066818235					per_gene																											fgf8a	0.0	0.15756482	0.1937528948546397
B		B2_lineage_early_map									1.3632246255874634					per_gene																											flrt3	0.0	0.36497372	0.3136045735003936
B		B2_lineage_early_map									1.5209873914718628					per_gene																											fn1a	0.0	-0.11506356	-0.1299117497912309
B		B2_lineage_early_map									1.246982216835022					per_gene																											fn1b	0.0	-0.19203773	-0.2005002800579583
B		B2_lineage_early_map									1.7107981443405151					per_gene																											fnbp1l	0.0	0.05385177	0.0562505061693872
B		B2_lineage_early_map									0.5909430384635925					per_gene																											fosab	0.0	0.15060917	0.1371240282239259
B		B2_lineage_early_map									0.8801832795143127					per_gene																											foxa	0.0	0.33209088	0.2723413941583986
B		B2_lineage_early_map									0.9340766072273254					per_gene																											foxa2	0.0	0.15868424	0.1135937897313642
B		B2_lineage_early_map									1.3646212816238403					per_gene																											foxa3	0.0	0.5590859	0.4853434255592552
B		B2_lineage_early_map									1.5753357410430908					per_gene																											foxb1a	0.0	-0.15612227	-0.1522879410086231
B		B2_lineage_early_map									1.0074368715286257					per_gene																											foxb1b	0.0	0.023496697	0.0300435148723651
B		B2_lineage_early_map									1.8034168481826784					per_gene																											foxc1a	0.0	0.3233772	0.2666102308580339
B		B2_lineage_early_map									1.0092450380325315					per_gene																											foxc1b	0.0	-0.016890762	-0.0127225602197457
B		B2_lineage_early_map									1.7546908855438232					per_gene																											foxd3	0.0	-0.08246365	-0.0786703285364258
B		B2_lineage_early_map									1.8167232275009155					per_gene																											foxd5	0.0	0.2563838	0.2721359333123855
B		B2_lineage_early_map									0.7944272756576538					per_gene																											foxg1a	0.0	0.009191931	0.0093563616397103
B		B2_lineage_early_map									1.4073601961135864					per_gene																											foxh1	0.0	0.46387127	0.5704573173198323
B		B2_lineage_early_map									1.219886064529419					per_gene																											foxi1	0.0	0.07308858	0.0670461983176322
B		B2_lineage_early_map									0.8098394870758057					per_gene																											foxn2b	0.0	0.065811746	0.0776077077430518
B		B2_lineage_early_map									0.4511356055736542					per_gene																											foxo1a	0.0	0.020376924	0.0273045017922838
B		B2_lineage_early_map									0.8163291811943054					per_gene																											foxp1b	0.0	0.028924495	0.0346013724658622
B		B2_lineage_early_map									1.4684953689575195					per_gene																											foxp2	0.0	0.02558865	0.0134573940039268
B		B2_lineage_early_map									0.8050040006637573					per_gene																											frmd4ba	0.0	0.09224284	0.0589641789505186
B		B2_lineage_early_map									0.9815416932106018					per_gene																											fscn1a	0.0	0.55717754	0.5541569290419351
B		B2_lineage_early_map									2.3601832389831543					per_gene																											fzd7a	0.0	-0.025210703	-0.0238964945843782
B		B2_lineage_early_map									0.7749984264373779					per_gene																											fzd7b	0.0	-0.09935965	-0.113005180345127
B		B2_lineage_early_map									1.3521358966827393					per_gene																											fzd8a	0.0	-0.0091784205	-0.0122163306207785
B		B2_lineage_early_map									0.7188708782196045					per_gene																											gadd45gip1	0.0	0.047393084	0.0591912588234262
B		B2_lineage_early_map									1.4557558298110962					per_gene																											gapdh	0.0	0.011233751	0.0145745536415125
B		B2_lineage_early_map									1.7097840309143066					per_gene																											gata2a	0.0	0.16124816	0.1540429258386272
B		B2_lineage_early_map									0.6485318541526794					per_gene																											gata3	0.0	-0.04138505	-0.0436025884868897
B		B2_lineage_early_map									1.5039008855819702					per_gene																											gata6	0.0	0.18746382	0.1393029845040209
B		B2_lineage_early_map									1.391003966331482					per_gene																											gbx1	0.0	-0.050048098	-0.0577902735833915
B		B2_lineage_early_map									0.5286352038383484					per_gene																											gcm2	0.0	0.07157023	0.0739558167730732
B		B2_lineage_early_map									0.7501629590988159					per_gene																											gfi1aa	0.0	0.002762355	0.0089233200576464
B		B2_lineage_early_map									1.2495684623718262					per_gene																											gli1	0.0	0.2452209	0.2300322728800039
B		B2_lineage_early_map									1.0274311304092407					per_gene																											gli2a	0.0	0.112647936	0.1224768559658331
B		B2_lineage_early_map									1.2803956270217896					per_gene																											gmnn	0.0	0.1261935	0.1479193444463729
B		B2_lineage_early_map									0.7235651612281799					per_gene																											gpr137bb	0.0	-0.0092146825	-0.0144041750366372
B		B2_lineage_early_map									1.1538732051849363					per_gene																											grhl1	0.0	0.052027423	0.0475029534475979
B		B2_lineage_early_map									0.7455664277076721					per_gene																											grhl2b	0.0	-0.0033785445	-0.0076255440667004
B		B2_lineage_early_map									0.7928905487060547					per_gene																											gsc	0.0	0.012144994	0.0094810485914569
B		B2_lineage_early_map									0.9330648183822632					per_gene																											h1-0	0.0	0.09103309	0.0861376763563239
B		B2_lineage_early_map									0.4814629256725311					per_gene																											hdlbpa	0.0	-0.033868812	-0.0211438595770594
B		B2_lineage_early_map									1.1346231698989868					per_gene																											helb	0.0	0.08936766	0.1104551474763864
B		B2_lineage_early_map									0.7938734292984009					per_gene																											hells	0.0	0.019026026	0.0166188962204713
B		B2_lineage_early_map									1.4953222274780271					per_gene																											her1	0.0	0.46725821	0.4266025702915414
B		B2_lineage_early_map									0.8071619272232056					per_gene																											her11	0.0	0.025667952	0.0244789311669719
B		B2_lineage_early_map									0.7731258273124695					per_gene																											her12	0.0	0.008858293	0.0054829204852861
B		B2_lineage_early_map									1.0399726629257202					per_gene																											her2	0.0	0.0060830447	0.0135610120000435
B		B2_lineage_early_map									0.691420316696167					per_gene																											her3	0.0	0.013321326	0.0143338245146098
B		B2_lineage_early_map									1.5371814966201782					per_gene																											her5	0.0	0.065493844	0.0590714634082369
B		B2_lineage_early_map									1.2722371816635132					per_gene																											her6	0.0	0.013763963	0.0163277937487366
B		B2_lineage_early_map									1.0866044759750366					per_gene																											her7	0.0	0.21683492	0.2089249469843691
B		B2_lineage_early_map									1.2123349905014038					per_gene																											her8a	0.0	0.31383157	0.2903648362723757
B		B2_lineage_early_map									1.4139766693115234					per_gene																											her9	0.0	0.054084785	0.047739370014007
B		B2_lineage_early_map									0.9189524054527284					per_gene																											hes6	0.0	0.06857186	0.0736874795455529
B		B2_lineage_early_map									0.8801935911178589					per_gene																											hesx1	0.0	0.068708174	0.0757600333783667
B		B2_lineage_early_map									0.7860843539237976					per_gene																											hic1l	0.0	-0.0066111414	0.0074470691365794
B		B2_lineage_early_map									0.6519380807876587					per_gene																											higd1a	0.0	0.014073924	0.0135040972694616
B		B2_lineage_early_map									0.8103442192077637					per_gene																											hivep2a	0.0	-0.016150763	-0.0159044734492881
B		B2_lineage_early_map									1.4373807907104492					per_gene																											hoxb1b	0.0	-0.05775942	-0.0480392722279899
B		B2_lineage_early_map									0.7087279558181763					per_gene																											hoxb7a	0.0	0.02039581	0.0174537108129022
B		B2_lineage_early_map									0.7499749064445496					per_gene																											hoxb8a	0.0	0.03250417	0.0290989503969503
B		B2_lineage_early_map									0.677298903465271					per_gene																											hoxb9a	0.0	-0.035459492	-0.0400143868480746
B		B2_lineage_early_map									0.7495080828666687					per_gene																											hoxc3a	0.0	0.04110597	0.0346353237407853
B		B2_lineage_early_map									1.052145004272461					per_gene																											hoxc6a	0.0	-0.020516578	-0.0178262935205194
B		B2_lineage_early_map									0.5917238593101501					per_gene																											hoxc8a	0.0	-0.026074769	-0.0195160380144028
B		B2_lineage_early_map									0.8691193461418152					per_gene																											hsp90aa1.2	0.0	-0.0133062145	-0.0143220525401931
B		B2_lineage_early_map									1.2279438972473145					per_gene																											id3	0.0	0.039613415	0.0257880439728022
B		B2_lineage_early_map									1.023760199546814					per_gene																											igf2bp1	0.0	0.036261726	0.0425969808939498
B		B2_lineage_early_map									0.8442850708961487					per_gene																											igfbp1a	0.0	0.07493455	0.0756808428546325
B		B2_lineage_early_map									1.0068978071212769					per_gene																											irf2a	0.0	-0.014908128	-0.0157476324458874
B		B2_lineage_early_map									1.5687029361724854					per_gene																											irx1b	0.0	0.16524315	0.1741540684955434
B		B2_lineage_early_map									0.7396661043167114					per_gene																											irx3a	0.0	0.010321291	0.0095730308151642
B		B2_lineage_early_map									0.954163134098053					per_gene																											irx5a	0.0	-0.0006897909	-0.0017151856852228
B		B2_lineage_early_map									1.4670255184173584					per_gene																											irx7	0.0	-0.009112508	0.013007722677594
B		B2_lineage_early_map									1.1366496086120603					per_gene																											ism1	0.0	0.17191274	0.131312732382732
B		B2_lineage_early_map									0.6902925372123718					per_gene																											itga6a	0.0	0.015040156	0.0098808828844933
B		B2_lineage_early_map									0.9271025657653807					per_gene																											itgb5	0.0	-0.082674704	-0.098739561150031
B		B2_lineage_early_map									0.8769710659980774					per_gene																											itm2cb	0.0	0.01562455	0.0096234690418381
B		B2_lineage_early_map									0.9032359719276428					per_gene																											jcada	0.0	0.041734204	0.0368792330703253
B		B2_lineage_early_map									1.0338488817214966					per_gene																											kank1a	0.0	-0.022429056	-0.0310768917979826
B		B2_lineage_early_map									0.9087719917297364					per_gene																											kazald2	0.0	0.22150084	0.2199360350109038
B		B2_lineage_early_map									0.7331857085227966					per_gene																											kdrl	0.0	0.03520354	0.0355922363855684
B		B2_lineage_early_map									0.7195732593536377					per_gene																											kif15	0.0	0.013203345	0.0119302391675062
B		B2_lineage_early_map									1.5104694366455078					per_gene																											kirrel3l	0.0	0.51692516	0.4323720664017819
B		B2_lineage_early_map									0.7203174233436584					per_gene																											klf17	0.0	-0.02801814	-0.036249469663085
B		B2_lineage_early_map									1.3361040353775024					per_gene																											klf2a	0.0	0.020470733	0.0198202810143472
B		B2_lineage_early_map									1.6176881790161133					per_gene																											klf2b	0.0	0.29753393	0.2869187508351545
B		B2_lineage_early_map									1.084587335586548					per_gene																											klf3	0.0	0.011715379	-0.0107333965123556
B		B2_lineage_early_map									0.9624391794204712					per_gene																											klf7a	0.0	0.045574844	0.0526078127398946
B		B2_lineage_early_map									0.8611347675323486					per_gene																											klf8	0.0	0.13689284	0.1389741474744246
B		B2_lineage_early_map									0.7310421466827393					per_gene																											kmt5aa	0.0	0.08059346	0.0876426471078256
B		B2_lineage_early_map									1.9184110164642332					per_gene																											krt4	0.0	0.08938981	0.0887151450636084
B		B2_lineage_early_map									1.9346115589141848					per_gene																											krt8	0.0	0.10090344	0.0981193497048625
B		B2_lineage_early_map									0.9812498092651368					per_gene																											krt99	0.0	-0.08210951	-0.0738318946212322
B		B2_lineage_early_map									1.492228865623474					per_gene																											lamb1a	0.0	0.20159969	0.2143915690251412
B		B2_lineage_early_map									0.7512282729148865					per_gene																											lamc1	0.0	-0.17936295	-0.1867281805688685
B		B2_lineage_early_map									1.7451825141906738					per_gene																											lamp2	0.0	0.15655655	0.1482273230666748
B		B2_lineage_early_map									0.7946422696113586					per_gene																											lbx2	0.0	0.051504456	0.0430411272183799
B		B2_lineage_early_map									1.53797709941864					per_gene																											lef1	0.0	0.006659354	-0.0091953534139955
B		B2_lineage_early_map									0.9718937873840332					per_gene																											lft1	0.0	0.16106409	0.1695419136414866
B		B2_lineage_early_map									0.9568248391151428					per_gene																											lft2	0.0	0.23869723	0.1858899119549201
B		B2_lineage_early_map									0.8530158996582031					per_gene																											lgals3b	0.0	0.024843194	0.0280168310880762
B		B2_lineage_early_map									0.662109911441803					per_gene																											lhfpl6	0.0	-0.008233136	-0.0113415310787766
B		B2_lineage_early_map									0.9917399883270264					per_gene																											lhx1a	0.0	0.3431521	0.2915755945170278
B		B2_lineage_early_map									1.8625280857086184					per_gene																											lhx5	0.0	0.15996875	0.1667336534629384
B		B2_lineage_early_map									0.9078142046928406					per_gene																											lima1a	0.0	0.20550816	0.223255944393422
B		B2_lineage_early_map									0.9306869506835938					per_gene																											lmnb1	0.0	0.101423085	0.1159233386698012
B		B2_lineage_early_map									0.7700149416923523					per_gene																											lmo2	0.0	-0.009512897	-0.0071701160164617
B		B2_lineage_early_map									2.063812732696533					per_gene																											lmo4a	0.0	-0.07698869	-0.0637212607643549
B		B2_lineage_early_map									0.7770265340805054					per_gene																											lratb.1	0.0	0.0361625	0.0419210346753574
B		B2_lineage_early_map									0.7570720314979553					per_gene																											lratd1	0.0	0.024356198	0.0247825011110821
B		B2_lineage_early_map									0.6622977256774902					per_gene																											mab21l2	0.0	0.0018803175	-0.0028591002460709
B		B2_lineage_early_map									1.9853515625					per_gene																											mad1l1	0.0	0.08914221	0.0953700750929279
B		B2_lineage_early_map									0.7727940082550049					per_gene																											map1lc3b	0.0	0.021434342	0.0185509664507439
B		B2_lineage_early_map									0.6551821827888489					per_gene																											map2k6	0.0	0.11483892	0.1218625088987904
B		B2_lineage_early_map									0.8461737036705017					per_gene																											mcama	0.0	-0.0068131955	-0.0062871753807832
B		B2_lineage_early_map									0.7219784259796143					per_gene																											mcm2	0.0	0.1977406	0.1852716851008738
B		B2_lineage_early_map									0.6332368850708008					per_gene																											mcm3	0.0	0.2294509	0.135428553861106
B		B2_lineage_early_map									0.3109976351261139					per_gene																											mcm4	0.0	0.28390402	0.2668845843413173
B		B2_lineage_early_map									0.9065575003623962					per_gene																											mcm5	0.0	0.04193662	0.0538822606909928
B		B2_lineage_early_map									0.3253878951072693					per_gene																											mcm7	0.0	0.3240537	0.2691789607508854
B		B2_lineage_early_map									0.7766496539115906					per_gene																											mef2d	0.0	-0.00112824	-0.0048157777502807
B		B2_lineage_early_map									1.3485218286514282					per_gene																											meis1b	0.0	0.0709918	0.0670067309692515
B		B2_lineage_early_map									0.7037699222564697					per_gene																											meis2a	0.0	0.022695048	0.0225874886872891
B		B2_lineage_early_map									1.2497488260269165					per_gene																											meis3	0.0	0.033073053	0.0332812394404011
B		B2_lineage_early_map									0.697952926158905					per_gene																											meox1	0.0	0.010716281	0.00612567652087
B		B2_lineage_early_map									0.7293481826782227					per_gene																											mespaa	0.0	0.04225248	0.0424278198310017
B		B2_lineage_early_map									0.8795750141143799					per_gene																											mespab	0.0	0.15162958	0.1190780345530884
B		B2_lineage_early_map									0.7293317317962646					per_gene																											mgst3b	0.0	0.0075612157	0.0082427377093752
B		B2_lineage_early_map									0.9724906086921692					per_gene																											mibp2	0.0	0.060196966	0.0621146520431188
B		B2_lineage_early_map									1.6494219303131104					per_gene																											mixl1	0.0	0.3545958	0.3190729887998483
B		B2_lineage_early_map									0.2552875578403473					per_gene																											mki67	0.0	0.10341152	0.0995755006586404
B		B2_lineage_early_map									0.863200306892395					per_gene																											mns1	0.0	0.086095646	0.0775730195910816
B		B2_lineage_early_map									2.0811216831207275					per_gene																											msgn1	0.0	-0.0023518098	0.0073789307086567
B		B2_lineage_early_map									1.836592555046081					per_gene																											msx1b	0.0	-0.074201345	-0.0677673582216134
B		B2_lineage_early_map									1.068049073219299					per_gene																											msx3	0.0	-0.09010836	-0.0902320356903133
B		B2_lineage_early_map									0.5014348030090332					per_gene																											mycb	0.0	0.021146072	0.0221450221701447
B		B2_lineage_early_map									1.284469485282898					per_gene																											mych	0.0	0.12304929	0.149438334073352
B		B2_lineage_early_map									0.8980119228363037					per_gene																											mycla	0.0	0.2841581	0.3206153825629605
B		B2_lineage_early_map									1.319286823272705					per_gene																											myclb	0.0	0.22461206	0.2336250397501952
B		B2_lineage_early_map									1.5298874378204346					per_gene																											mycn	0.0	0.16868442	0.189841684640737
B		B2_lineage_early_map									0.7908661961555481					per_gene																											myf5	0.0	-0.028858399	-0.021514028242143
B		B2_lineage_early_map									0.8003172278404236					per_gene																											myod1	0.0	0.03811131	0.0465255610595007
B		B2_lineage_early_map									3.6298890113830566					per_gene																											nanog	0.0	0.030223599	0.0297210599295011
B		B2_lineage_early_map									0.7875813841819763					per_gene																											nap1l1	0.0	0.059133966	0.0675976249507096
B		B2_lineage_early_map									0.829058051109314					per_gene																											nasp	0.0	0.21548575	0.2174655847395085
B		B2_lineage_early_map									0.7644810676574707					per_gene																											ncapd2	0.0	0.09137314	0.0791806337663213
B		B2_lineage_early_map									0.449867695569992					per_gene																											nckap5l	0.0	0.09357151	0.1054990215025036
B		B2_lineage_early_map									0.6861624717712402					per_gene																											ndr1	0.0	0.069903605	0.0862766648038354
B		B2_lineage_early_map									1.0619779825210571					per_gene																											ndr2	0.0	0.26042894	0.2213245948814019
B		B2_lineage_early_map									0.7979916334152222					per_gene																											ndufv3	0.0	0.012911106	0.0096459871557824
B		B2_lineage_early_map									1.4325780868530271					per_gene																											nid2a	0.0	0.015386935	0.005614480660009
B		B2_lineage_early_map									0.8232569098472595					per_gene																											nip7	0.0	0.17055435	0.1883781390314322
B		B2_lineage_early_map									0.744085967540741					per_gene																											nkx1.2la	0.0	0.018164206	0.0219447204527134
B		B2_lineage_early_map									0.6288454532623291					per_gene																											nkx2.2a	0.0	0.08574631	0.0781856662575032
B		B2_lineage_early_map									0.8696490526199341					per_gene																											nog1	0.0	0.050576333	0.0342204037285952
B		B2_lineage_early_map									0.3205028474330902					per_gene																											nop58	0.0	0.24004628	0.236288747333968
B		B2_lineage_early_map									0.6656149625778198					per_gene																											notch1a	0.0	-0.08275806	-0.1029355078793593
B		B2_lineage_early_map									2.020446300506592					per_gene																											noto	0.0	0.06301103	0.1262837301644272
B		B2_lineage_early_map									0.8560951352119446					per_gene																											nr2f2	0.0	-0.009557606	-0.0101383320672291
B		B2_lineage_early_map									0.7291354537010193					per_gene																											nr6a1a	0.0	0.010630345	0.0033222671403775
B		B2_lineage_early_map									1.8674532175064087					per_gene																											nrarpa	0.0	0.045968562	0.081219601025916
B		B2_lineage_early_map									0.9748657941818236					per_gene																											nsd2	0.0	0.15938812	0.1032932207773366
B		B2_lineage_early_map									0.8488874435424805					per_gene																											ntd5	0.0	0.08195607	0.0658084953153557
B		B2_lineage_early_map									1.5480287075042725					per_gene																											oclna	0.0	0.040987648	0.0369047938694504
B		B2_lineage_early_map									0.9116731882095336					per_gene																											olig4	0.0	-0.111168645	-0.1056223467753045
B		B2_lineage_early_map									1.455920696258545					per_gene																											otx1	0.0	0.22938597	0.2304566880798113
B		B2_lineage_early_map									1.0649030208587646					per_gene																											otx2a	0.0	0.1237102	0.1364028086180117
B		B2_lineage_early_map									1.486264944076538					per_gene																											otx2b	0.0	0.048021358	0.0446246762460653
B		B2_lineage_early_map									0.6764020323753357					per_gene																											pax2a	0.0	0.062332567	0.0615976233353289
B		B2_lineage_early_map									0.9321696758270264					per_gene																											pax3a	0.0	0.040171616	0.0338166491023279
B		B2_lineage_early_map									0.7800267934799194					per_gene																											pax6a	0.0	0.02883003	0.0316575542042525
B		B2_lineage_early_map									0.6519729495048523					per_gene																											pax6b	0.0	0.011775804	0.0134377743024625
B		B2_lineage_early_map									0.7065883278846741					per_gene																											pbx1b	0.0	-0.013817355	-0.0192423083379161
B		B2_lineage_early_map									0.4888066053390503					per_gene																											pbx4	0.0	-0.013861888	-0.0144832556376512
B		B2_lineage_early_map									1.543066143989563					per_gene																											pcdh10b	0.0	0.06606339	0.0596821531936811
B		B2_lineage_early_map									0.7216522693634033					per_gene																											pcdh7b	0.0	-0.022047943	-0.0261293607795832
B		B2_lineage_early_map									0.4411036074161529					per_gene																											PCDH8	0.0	-0.017838858	-0.0153066241979872
B		B2_lineage_early_map									1.110042691230774					per_gene																											pcdh8	0.0	0.3574911	0.365046471893032
B		B2_lineage_early_map									0.7356669902801514					per_gene																											pdap1a	0.0	0.03606315	0.0407987942012315
B		B2_lineage_early_map									1.029721975326538					per_gene																											perp	0.0	0.010701347	0.0207866423451471
B		B2_lineage_early_map									1.3345422744750977					per_gene																											pfn2	0.0	-0.019953338	-0.0261201261232497
B		B2_lineage_early_map									0.8087809085845947					per_gene																											pitx2	0.0	0.007033167	0.0089415454846898
B		B2_lineage_early_map									0.8191364407539368					per_gene																											pknox1.1	0.0	0.35722443	0.4011030701916494
B		B2_lineage_early_map									0.80839604139328					per_gene																											plagl2	0.0	0.00840667	0.0036318528748217
B		B2_lineage_early_map									1.0433613061904907					per_gene																											plekhg5b	0.0	0.13229291	0.124806596662912
B		B2_lineage_early_map									0.6572238802909851					per_gene																											pmp22b	0.0	-0.056694373	-0.0630923945433923
B		B2_lineage_early_map									1.2849860191345217					per_gene																											pold3	0.0	0.027709002	0.0295703307076634
B		B2_lineage_early_map									0.7169178128242493					per_gene																											ppan	0.0	0.1399823	0.1541517001305592
B		B2_lineage_early_map									1.4280279874801636					per_gene																											ppp1r7	0.0	0.007572304	0.0046937748505765
B		B2_lineage_early_map									1.2790073156356812					per_gene																											prdm1a	0.0	0.0066775465	-0.0021262645414734
B		B2_lineage_early_map									1.7267694473266602					per_gene																											prickle1b	0.0	0.29850444	0.3107653690121928
B		B2_lineage_early_map									0.3012541234493255					per_gene																											prmt1	0.0	0.08701572	0.1064016937513688
B		B2_lineage_early_map									0.7140307426452637					per_gene																											prox1a	0.0	0.002367461	-9.021472519250414e-05
B		B2_lineage_early_map									0.94584059715271					per_gene																											ptp4a2b	0.0	0.03370704	0.0300062076806556
B		B2_lineage_early_map									0.9571198225021362					per_gene																											pttg1	0.0	0.009810718	0.0218895606049029
B		B2_lineage_early_map									0.8633034229278564					per_gene																											rab11fip4a	0.0	0.046445306	0.0437511041004422
B		B2_lineage_early_map									0.8844807744026184					per_gene																											rac1a	0.0	0.116343364	0.1280590699152491
B		B2_lineage_early_map									0.9967261552810668					per_gene																											raraa	0.0	0.061772827	0.0572199039674231
B		B2_lineage_early_map									1.677134990692139					per_gene																											rasgef1ba	0.0	0.24385512	0.2751259593354885
B		B2_lineage_early_map									1.431615710258484					per_gene																											rasl11b	0.0	0.112986624	0.1266771849537314
B		B2_lineage_early_map									0.4020803868770599					per_gene																											rbbp4	0.0	0.19290929	0.1927116588992481
B		B2_lineage_early_map									0.974506676197052					per_gene																											rbm4.3	0.0	0.05722986	0.0859067289958493
B		B2_lineage_early_map									1.6534194946289062					per_gene																											rbm7	0.0	0.039206762	0.0472010934214428
B		B2_lineage_early_map									0.500041663646698					per_gene																											rbmx	0.0	0.06014238	0.077755858009903
B		B2_lineage_early_map									1.0829776525497437					per_gene																											rcc1	0.0	0.22964236	0.2128052235285231
B		B2_lineage_early_map									0.8303613662719727					per_gene																											rdh10b	0.0	0.0022514167	-0.0024870969932538
B		B2_lineage_early_map									0.6568873524665833					per_gene																											rfx2	0.0	-0.049846213	-0.0631980346066674
B		B2_lineage_early_map									0.777496337890625					per_gene																											rhov	0.0	0.26755267	0.2790606569998745
B		B2_lineage_early_map									0.7937132120132446					per_gene																											ripply1	0.0	0.026000872	0.0152674904394424
B		B2_lineage_early_map									0.893218457698822					per_gene																											rnd1b	0.0	0.13083702	0.130410266190744
B		B2_lineage_early_map									1.5477955341339111					per_gene																											rpl10	0.0	0.037551768	0.0415851959605674
B		B2_lineage_early_map									0.6440150141716003					per_gene																											rpl19	0.0	0.057986367	0.0732293229681161
B		B2_lineage_early_map									0.5816402435302734					per_gene																											rpl31	0.0	-0.029273545	-0.0242391151684472
B		B2_lineage_early_map									0.731894850730896					per_gene																											rpl34	0.0	-0.028467765	-0.0374388661610289
B		B2_lineage_early_map									0.7353931665420532					per_gene																											rpl38	0.0	0.0071745804	0.0059021329354652
B		B2_lineage_early_map									0.6344150304794312					per_gene																											rpl4	0.0	0.026651971	0.0317039490999731
B		B2_lineage_early_map									0.9479098916053772					per_gene																											rpl5a	0.0	0.020452246	0.0142058061424661
B		B2_lineage_early_map									0.4220315814018249					per_gene																											rpl6	0.0	0.047550358	0.0415610260358296
B		B2_lineage_early_map									1.363853096961975					per_gene																											rplp0	0.0	0.100084014	0.0854070242689396
B		B2_lineage_early_map									1.5685585737228394					per_gene																											rplp2l	0.0	0.04760027	0.0491431630239241
B		B2_lineage_early_map									0.5295169949531555					per_gene																											rps3	0.0	0.050708637	0.0736964425361166
B		B2_lineage_early_map									1.0289113521575928					per_gene																											rps6	0.0	-0.011701316	-0.0081843051900332
B		B2_lineage_early_map									1.063732624053955					per_gene																											rrbp1b	0.0	0.12387535	0.1336137583461911
B		B2_lineage_early_map									1.3308496475219729					per_gene																											rreb1a	0.0	-0.096228816	-0.0908114801235701
B		B2_lineage_early_map									1.0349738597869873					per_gene																											rreb1b	0.0	-0.03347023	-0.0494151531013301
B		B2_lineage_early_map									0.8267714977264404					per_gene																											rrm2	0.0	0.28887165	0.2589100098486855
B		B2_lineage_early_map									0.7335871458053589					per_gene																											rrp8	0.0	0.0250084	0.023264045740852
B		B2_lineage_early_map									0.7053600549697876					per_gene																											rx3	0.0	0.023027742	0.0220237647709698
B		B2_lineage_early_map									0.838893711566925					per_gene																											rxrgb	0.0	0.04730587	0.0515293107439219
B		B2_lineage_early_map									0.6652275323867798					per_gene																											sall1a	0.0	0.0744088	0.0697528270614375
B		B2_lineage_early_map									0.8471600413322449					per_gene																											sall3a	0.0	0.02427972	0.0280338332192982
B		B2_lineage_early_map									1.0090731382369995					per_gene																											sall3b	0.0	0.2774749	0.257845265533469
B		B2_lineage_early_map									0.8292961716651917					per_gene																											sdc4	0.0	0.026309595	0.0275011610464893
B		B2_lineage_early_map									0.686055600643158					per_gene																											sebox	0.0	0.15547687	0.1601074517341628
B		B2_lineage_early_map									2.10573410987854					per_gene																											sept9a	0.0	-0.14505912	-0.139923372216033
B		B2_lineage_early_map									0.9835287928581238					per_gene																											shha	0.0	0.04061424	0.0325809392113574
B		B2_lineage_early_map									0.8835641145706177					per_gene																											si:ch211-106e7.2	0.0	-0.02638013	-0.0260007445940167
B		B2_lineage_early_map									0.919910490512848					per_gene																											si:ch211-113a14.18	0.0	0.110310495	0.1071541201031426
B		B2_lineage_early_map									0.9051584005355836					per_gene																											si:ch211-114n24.6	0.0	0.04367945	0.0374845791323034
B		B2_lineage_early_map									0.500357449054718					per_gene																											si:ch211-155e24.3	0.0	0.12297587	0.1398560575097072
B		B2_lineage_early_map									0.5733072757720947					per_gene																											si:ch211-161h7.4	0.0	0.06781888	0.0755266353324339
B		B2_lineage_early_map									0.4601942598819732					per_gene																											si:ch211-163l21.7	0.0	0.0069869556	0.0087769175516555
B		B2_lineage_early_map									0.9210604429244996					per_gene																											si:dkey-108k21.14	0.0	0.06533638	0.0674172466635769
B		B2_lineage_early_map									0.7137629985809326					per_gene																											si:dkey-108k21.21	0.0	0.0060058567	0.0077182404862916
B		B2_lineage_early_map									1.2107902765274048					per_gene																											si:dkey-261h17.1	0.0	-0.14679806	-0.1572543172099122
B		B2_lineage_early_map									0.7692205309867859					per_gene																											si:dkey-261m9.12	0.0	0.14054793	0.1488864402889257
B		B2_lineage_early_map									0.534182608127594					per_gene																											si:dkey-66i24.9	0.0	0.0010555318	0.0015309698826686
B		B2_lineage_early_map									2.023955583572388					per_gene																											si:dkey-68o6.5	0.0	0.02560249	0.0270206069284554
B		B2_lineage_early_map									0.8158523440361023					per_gene																											si:dkey-92i17.2	0.0	0.03383694	0.0156925504923316
B		B2_lineage_early_map									0.6462942361831665					per_gene																											six3b	0.0	0.08471263	0.082809652512725
B		B2_lineage_early_map									1.4208990335464478					per_gene																											six4a	0.0	-0.081624456	-0.0779147663263201
B		B2_lineage_early_map									0.7608535885810852					per_gene																											six4b	0.0	0.122882955	0.1209121804557519
B		B2_lineage_early_map									0.935464322566986					per_gene																											six7	0.0	0.07768883	0.0805154036188932
B		B2_lineage_early_map									0.8714632987976074					per_gene																											skia	0.0	0.02646799	0.0372579630013821
B		B2_lineage_early_map									0.6934018135070801					per_gene																											skila	0.0	0.070856035	0.1062958278985828
B		B2_lineage_early_map									1.0974756479263306					per_gene																											skilb	0.0	0.11806505	0.136793491972092
B		B2_lineage_early_map									0.9829285740852356					per_gene																											smtnl	0.0	0.05092587	0.0565690836982099
B		B2_lineage_early_map									1.8781967163085935					per_gene																											snai1a	0.0	0.15588051	0.0498353739056859
B		B2_lineage_early_map									2.338157892227173					per_gene																											snai2	0.0	0.14081924	0.1750613456209401
B		B2_lineage_early_map									0.7647442817687988					per_gene																											snrpc	0.0	0.012901473	0.0252567885698188
B		B2_lineage_early_map									0.7802412509918213					per_gene																											snrpd3	0.0	0.0017527576	0.0031418065322943
B		B2_lineage_early_map									0.7993466258049011					per_gene																											snrpg	0.0	0.010572689	0.0090006691800598
B		B2_lineage_early_map									0.6134464740753174					per_gene																											sox10	0.0	-0.022770848	-0.0287815017463359
B		B2_lineage_early_map									1.3768303394317627					per_gene																											sox11a	0.0	0.37824547	0.3495191973447095
B		B2_lineage_early_map									1.0101478099822998					per_gene																											sox11b	0.0	-0.18473998	-0.2103451037606951
B		B2_lineage_early_map									0.875519335269928					per_gene																											sox13	0.0	0.10224153	0.0902455927997921
B		B2_lineage_early_map									0.6988814473152161					per_gene																											sox17	0.0	0.05317475	0.0512245817589993
B		B2_lineage_early_map									1.4272843599319458					per_gene																											sox19a	0.0	0.567386	0.3947321554504875
B		B2_lineage_early_map									1.74332594871521					per_gene																											sox3	0.0	0.32511422	0.2566230765606006
B		B2_lineage_early_map									1.3964780569076538					per_gene																											sox32	0.0	0.21526487	0.1891644211767116
B		B2_lineage_early_map									1.0559858083724976					per_gene																											sox5	0.0	-0.026134184	-0.0187474852803595
B		B2_lineage_early_map									0.6690055727958679					per_gene																											sp5a	0.0	-0.032731086	-0.0322454737950177
B		B2_lineage_early_map									2.051165103912353					per_gene																											sp5l	0.0	-0.21613383	-0.2282027813108098
B		B2_lineage_early_map									0.4586853086948395					per_gene																											spon1b	0.0	0.008431326	0.0163889729088565
B		B2_lineage_early_map									0.7715231776237488					per_gene																											srp19	0.0	0.005026166	0.0099343455854019
B		B2_lineage_early_map									0.8961371183395386					per_gene																											srrm4	0.0	-0.01263873	-0.0058028304847414
B		B2_lineage_early_map									0.7272632718086243					per_gene																											stmn1a	0.0	0.025830848	0.0382337103669814
B		B2_lineage_early_map									1.034156322479248					per_gene																											stox1	0.0	0.057071008	0.0426409484681882
B		B2_lineage_early_map									0.2129840552806854					per_gene																											supt16h	0.0	0.16853829	0.1416182519069772
B		B2_lineage_early_map									1.1048481464385986					per_gene																											syne2b	0.0	0.07030938	0.0705321431964162
B		B2_lineage_early_map									1.4706863164901731					per_gene																											tagln2	0.0	-0.15689917	-0.1621960131670465
B		B2_lineage_early_map									0.5709401965141296					per_gene																											tbr1b	0.0	0.0124703925	0.0121554989107951
B		B2_lineage_early_map									0.7849979400634766					per_gene																											tbx1	0.0	0.15466075	0.1322233113370972
B		B2_lineage_early_map									3.0560643672943115					per_gene																											tbx16	0.0	0.2133811	0.2095998733977302
B		B2_lineage_early_map									1.773465633392334					per_gene																											tbx16l	0.0	0.25084695	0.2139302587314581
B		B2_lineage_early_map									0.9329793453216552					per_gene																											tbx3b	0.0	-0.006328694	-0.0107689502758427
B		B2_lineage_early_map									0.9351841807365416					per_gene																											tbx6	0.0	-0.003245596	-0.0007695127186442
B		B2_lineage_early_map									1.9100183248519895					per_gene																											tbxta	0.0	0.46406847	0.4496477779393839
B		B2_lineage_early_map									1.224441647529602					per_gene																											tbxtb	0.0	0.11165544	0.1169427431073518
B		B2_lineage_early_map									0.7012358903884888					per_gene																											tcf3b	0.0	0.5867225	0.6231400396627585
B		B2_lineage_early_map									1.205302357673645					per_gene																											tcf7	0.0	-0.08932087	-0.0988262660749871
B		B2_lineage_early_map									1.2903040647506714					per_gene																											tcf7l1a	0.0	0.057693467	0.0696958871968652
B		B2_lineage_early_map									1.00092351436615					per_gene																											tcf7l1b	0.0	0.23281144	0.223719375068777
B		B2_lineage_early_map									0.8106094002723694					per_gene																											tcf7l2	0.0	-0.011532651	-0.0120874086125226
B		B2_lineage_early_map									1.426868557929993					per_gene																											tdgf1	0.0	0.027298754	0.0264735231325816
B		B2_lineage_early_map									1.3619074821472168					per_gene																											tead1a	0.0	0.08570885	0.087964314444794
B		B2_lineage_early_map									0.8050493001937866					per_gene																											tead1b	0.0	0.016862258	0.0186695937016268
B		B2_lineage_early_map									1.6316674947738647					per_gene																											tfap2a	0.0	0.24900442	0.2354616040441089
B		B2_lineage_early_map									2.0904343128204346					per_gene																											tfap2c	0.0	-0.09812939	-0.1095081601836285
B		B2_lineage_early_map									0.4901862144470215					per_gene																											tgif1	0.0	0.063874155	0.0739664229105491
B		B2_lineage_early_map									0.8150413632392883					per_gene																											tlcd5a	0.0	-0.027981041	-0.0222479590076524
B		B2_lineage_early_map									0.7533658146858215					per_gene																											tmed10	0.0	0.00019061202	-0.0014007155980046
B		B2_lineage_early_map									0.7871785759925842					per_gene																											tmed2	0.0	0.03893221	0.0379753596243896
B		B2_lineage_early_map									1.0981488227844238					per_gene																											tp63	0.0	-0.059143137	-0.0565277625249104
B		B2_lineage_early_map									0.7452571392059326					per_gene																											tpx2	0.0	0.008768046	-0.0026813073747119
B		B2_lineage_early_map									1.0225226879119873					per_gene																											tram1	0.0	-0.041959208	-0.0392343555855316
B		B2_lineage_early_map									0.7259445190429688					per_gene																											trps1	0.0	-0.023489963	-0.0284780138443343
B		B2_lineage_early_map									0.8166937828063965					per_gene																											tshz3b	0.0	-0.045568928	-0.043295414638381
B		B2_lineage_early_map									1.7063552141189575					per_gene																											tuba1a	0.0	-0.036838286	-0.0358338922896329
B		B2_lineage_early_map									0.5686411261558533					per_gene																											tuba8l	0.0	0.035239257	0.0346061719301999
B		B2_lineage_early_map									1.4704241752624512					per_gene																											tuba8l2	0.0	-0.31948102	-0.3024234223886432
B		B2_lineage_early_map									0.464960902929306					per_gene																											tuba8l4	0.0	0.27014506	0.2306708891411442
B		B2_lineage_early_map									0.5013744831085205					per_gene																											tubb2b	0.0	0.07835796	0.0826037798610147
B		B2_lineage_early_map									0.5130772590637207					per_gene																											twist1a	0.0	0.10155852	0.0942938641169405
B		B2_lineage_early_map									0.8412840366363525					per_gene																											twist2	0.0	-0.029080462	-0.0119823496448468
B		B2_lineage_early_map									0.7487781643867493					per_gene																											ube2c	0.0	-0.018991366	-0.0137463685896753
B		B2_lineage_early_map									0.7001977562904358					per_gene																											uhrf1	0.0	0.2568821	0.2155725225183436
B		B2_lineage_early_map									1.6968475580215454					per_gene																											unc5b	0.0	-0.084790565	-0.0901212552786119
B		B2_lineage_early_map									0.8760262727737427					per_gene																											uncx4.1	0.0	0.086529925	0.0926126674989438
B		B2_lineage_early_map									0.6747997403144836					per_gene																											unga	0.0	0.10718953	0.1190038160675554
B		B2_lineage_early_map									0.755139946937561					per_gene																											usf1	0.0	0.054881595	0.0526201193440932
B		B2_lineage_early_map									1.6986863613128662					per_gene																											ved	0.0	-0.32088062	-0.3749668135240036
B		B2_lineage_early_map									2.918843507766724					per_gene																											vgll4l	0.0	0.036710214	0.0278107439273638
B		B2_lineage_early_map									1.0868314504623413					per_gene																											vox	0.0	-0.029159494	-0.032179229435844
B		B2_lineage_early_map									0.5471277832984924					per_gene																											vrtn	0.0	0.24253647	0.3414641833123678
B		B2_lineage_early_map									0.698286235332489					per_gene																											vsx2	0.0	-0.021430908	-0.0190765419233484
B		B2_lineage_early_map									1.184630036354065					per_gene																											wnt11f2	0.0	0.52906317	0.5252580363840955
B		B2_lineage_early_map									1.163514494895935					per_gene																											wnt8a	0.0	-0.092430204	-0.1001290650204195
B		B2_lineage_early_map									1.513924241065979					per_gene																											xbp1	0.0	0.12629831	0.0489222140983131
B		B2_lineage_early_map									0.7718109488487244					per_gene																											zbtb18	0.0	0.044213664	0.0467467310301099
B		B2_lineage_early_map									0.7997363209724426					per_gene																											zc4h2	0.0	-0.0025927534	-0.0026621384037464
B		B2_lineage_early_map									1.038361430168152					per_gene																											zeb1a	0.0	-0.14470407	-0.1869446784002214
B		B2_lineage_early_map									1.0817540884017944					per_gene																											zeb1b	0.0	-0.028742345	-0.0282833041658778
B		B2_lineage_early_map									0.745996356010437					per_gene																											zeb2a	0.0	0.020502126	0.023462634441754
B		B2_lineage_early_map									1.1226177215576172					per_gene																											zeb2b	0.0	-0.03808632	-0.045217820380827
B		B2_lineage_early_map									0.6404168009757996					per_gene																											zfand5a	0.0	-0.123067975	-0.1291993416245049
B		B2_lineage_early_map									0.5941669940948486					per_gene																											zgc:113372	0.0	0.009469264	0.0143482239993441
B		B2_lineage_early_map									1.1373746395111084					per_gene																											zgc:113424	0.0	-0.0063093137	-0.0061022768435872
B		B2_lineage_early_map									0.5898264646530151					per_gene																											zgc:174154	0.0	0.031419683	0.0322298429105573
B		B2_lineage_early_map									0.7376968264579773					per_gene																											zgc:175088	0.0	0.07865599	0.0878299104302864
B		B2_lineage_early_map									1.827721357345581					per_gene																											zic2a	0.0	0.22359827	0.2085372787899481
B		B2_lineage_early_map									1.2936582565307615					per_gene																											zic2b	0.0	0.11890058	0.0589825609065691
B		B2_lineage_early_map									1.4785842895507812					per_gene																											zic3	0.0	-0.045905456	-0.0472131140607865
B		B2_lineage_early_map									0.7844152450561523					per_gene																											zmp:0000000624	0.0	0.0015579254	0.0038189062078506
B		B2_lineage_early_map									0.8124789595603943					per_gene																											znf1004	0.0	0.1844075	0.1380828893382123
B		B2_lineage_early_map									1.380961298942566					per_gene																											znf185	0.0	0.022050008	0.01364013964415
B		B2_lineage_early_map									0.964291512966156					per_gene																											znf576.2	0.0	0.08113233	0.1051420726908088
B		B2_lineage_early_map									0.8917815685272217					per_gene																											znfl2a	0.0	0.34879288	0.3726983707350728
B		B2_lineage_early_map									0.6545029878616333					per_gene																											zswim5	0.0	0.45408747	0.4674047385425867
B		B3_mean_developmental_correction									1.0389745235443115					per_gene																											ackr3b	-0.0036721202	0.027920933	0.0226168300012576
B		B3_mean_developmental_correction									0.7371034622192383					per_gene																											acvr1ba	0.014678665	0.27586326	0.2981323708506953
B		B3_mean_developmental_correction									0.3018410801887512					per_gene																											add3b	0.01775564	0.2029991	0.1841847626781812
B		B3_mean_developmental_correction									0.4697217941284179					per_gene																											adka	0.0	0.36961043	0.4065752231187318
B		B3_mean_developmental_correction									1.622276782989502					per_gene																											admp	0.03572435	-0.18087935	-0.225191131304908
B		B3_mean_developmental_correction									0.683177649974823					per_gene																											ahi1	0.014258087	0.11858642	0.134960497352985
B		B3_mean_developmental_correction									0.3258345425128937					per_gene																											akap12b	0.0	0.09630655	0.1017203403806343
B		B3_mean_developmental_correction									0.9584333896636964					per_gene																											alcamb	0.009168426	0.26261693	0.2186876645831568
B		B3_mean_developmental_correction									0.5345189571380615					per_gene																											aldob	1.396389e-07	0.32433137	0.2751391982469345
B		B3_mean_developmental_correction									0.3657929897308349					per_gene																											anp32e	-0.01878678	0.09037696	0.0653829449530822
B		B3_mean_developmental_correction									0.7425945997238159					per_gene																											apex1	-0.12547709	-0.005630026	-0.0006255751542313
B		B3_mean_developmental_correction									1.1959223747253418					per_gene																											aplnra	0.051041823	0.13112557	0.1416654328415613
B		B3_mean_developmental_correction									0.7321345210075378					per_gene																											aplnrb	0.0074642217	0.0515179	0.0621810929043619
B		B3_mean_developmental_correction									0.9871376156806946					per_gene																											apoc1	-0.00239311	0.12462792	0.1182400910136069
B		B3_mean_developmental_correction									0.4852516949176788					per_gene																											arf5	0.0	0.06951008	0.0951480626763146
B		B3_mean_developmental_correction									0.5189387798309326					per_gene																											arhgap5	0.02036022	-0.0031508831	-0.0078991287427769
B		B3_mean_developmental_correction									0.7188281416893005					per_gene																											arl4aa	0.019630581	0.05948065	0.050184268197176
B		B3_mean_developmental_correction									0.9969802498817444					per_gene																											arl4ab	0.32867447	0.27949697	0.2184826427682837
B		B3_mean_developmental_correction									1.0838130712509155					per_gene																											arl4d	-0.072100185	-0.031546406	-0.0442064117558142
B		B3_mean_developmental_correction									0.7692297697067261					per_gene																											arl6ip5a	-0.17384653	0.012066532	0.0130938840666725
B		B3_mean_developmental_correction									0.7835988402366638					per_gene																											aspm	0.0	0.008653465	0.0164864657648814
B		B3_mean_developmental_correction									0.6788486242294312					per_gene																											atf6	0.11406564	0.02164453	0.0320476594415718
B		B3_mean_developmental_correction									0.4963670670986175					per_gene																											atoh1c	0.08728115	0.0515001	0.0544669199712071
B		B3_mean_developmental_correction									0.7076743245124817					per_gene																											atp2b1a	3.4458278e-08	-0.03360002	-0.0392006658325308
B		B3_mean_developmental_correction									0.350942313671112					per_gene																											atrxl	0.0	-0.14323331	-0.1344120061128682
B		B3_mean_developmental_correction									0.5063795447349548					per_gene																											aurkb	2.489246e-08	0.121811144	0.1343100521545581
B		B3_mean_developmental_correction									0.8939749002456665					per_gene																											axin2	-0.033955008	0.024441183	0.0121590508918556
B		B3_mean_developmental_correction									0.7042814493179321					per_gene																											bach1b	0.03803997	0.0024669487	0.002802213113256
B		B3_mean_developmental_correction									1.4184540510177612					per_gene																											bambia	0.1208565	-0.0755782	-0.023167406582998
B		B3_mean_developmental_correction									0.6713080406188965					per_gene																											baz1b	0.0	0.1424325	0.1624453375297534
B		B3_mean_developmental_correction									0.6861289739608765					per_gene																											bcl2l1	-0.00017076726	0.06357162	0.0777157761527709
B		B3_mean_developmental_correction									0.6547695398330688					per_gene																											bhlha15	0.00080099347	0.07323945	0.0684345206858896
B		B3_mean_developmental_correction									0.6608477830886841					per_gene																											blf	0.2694042	-0.0700408	-0.0688169109753825
B		B3_mean_developmental_correction									1.5635042190551758					per_gene																											bmp2b	-0.020557553	-0.37523216	-0.4191019450471987
B		B3_mean_developmental_correction									1.3610355854034424					per_gene																											bmp4	0.25477314	-0.20162658	-0.209192581789974
B		B3_mean_developmental_correction									1.161598801612854					per_gene																											bmp7a	0.0045985784	0.18135819	0.1785519945669538
B		B3_mean_developmental_correction									0.3352581262588501					per_gene																											brd2a	0.16252005	-0.028844645	-0.0173431993979176
B		B3_mean_developmental_correction									0.7045491933822632					per_gene																											btg2	0.020525772	-0.096275456	-0.0946733225767653
B		B3_mean_developmental_correction									0.6818746328353882					per_gene																											c1qbp	-0.00639174	0.30866155	0.3342398263429298
B		B3_mean_developmental_correction									0.723143458366394					per_gene																											C7H16orf87	0.08048414	0.015815016	0.0175139027914472
B		B3_mean_developmental_correction									0.7673438787460327					per_gene																											ca9	7.913643e-05	0.14187258	0.1218161721605293
B		B3_mean_developmental_correction									0.7411399483680725					per_gene																											casz1	0.04219639	0.035670873	0.0293681855144644
B		B3_mean_developmental_correction									0.4348248541355133					per_gene																											cbx3a	-5.1980273e-08	0.18703851	0.1903313262141271
B		B3_mean_developmental_correction									0.4195237457752228					per_gene																											cbx5	8.306544e-09	0.23813729	0.2166271356102242
B		B3_mean_developmental_correction									0.8156123161315918					per_gene																											ccne2	-0.049779758	-0.039448686	-0.0426803593550024
B		B3_mean_developmental_correction									0.4842557907104492					per_gene																											ccnf	0.0014018263	-0.028670926	-0.0293171340605218
B		B3_mean_developmental_correction									0.6468559503555298					per_gene																											ccng1	-0.14212747	0.001233388	0.0044306152054454
B		B3_mean_developmental_correction									0.7120652794837952					per_gene																											cd63	-0.06008653	0.018228108	0.0163607621490852
B		B3_mean_developmental_correction									0.5490649938583374					per_gene																											cdc14b	3.1574192e-08	-0.056248747	-0.0570321227856051
B		B3_mean_developmental_correction									0.735586404800415					per_gene																											cdc42ep4a	0.06054033	0.006342469	0.0040902497657804
B		B3_mean_developmental_correction									0.5662712454795837					per_gene																											cdca8	0.0	0.12228898	0.1373167953788582
B		B3_mean_developmental_correction									0.5793589949607849					per_gene																											cdh1	-4.7516476e-08	0.35875958	0.4025067545230484
B		B3_mean_developmental_correction									0.8137187361717224					per_gene																											cdh2	0.010820233	0.08998882	0.0967075518136709
B		B3_mean_developmental_correction									1.0993422269821167					per_gene																											cdh6	0.0026212868	0.019074148	0.0169981043907134
B		B3_mean_developmental_correction									0.8320404291152954					per_gene																											cdkn1ca	0.13417971	0.17386791	0.1334139428552682
B		B3_mean_developmental_correction									0.3211030960083008					per_gene																											cdt1	0.0	-0.06811277	-0.0654467231370125
B		B3_mean_developmental_correction									1.3290116786956787					per_gene																											cdx1a	0.0011874269	-0.23069929	-0.2275937875154844
B		B3_mean_developmental_correction									2.244709253311157					per_gene																											cdx4	-0.014470177	0.15362294	0.1217277040942464
B		B3_mean_developmental_correction									0.5316989421844482					per_gene																											cenpf	-2.1150641e-09	0.1209545	0.143411014250308
B		B3_mean_developmental_correction									0.6223840117454529					per_gene																											cfl1l	0.0	0.032909337	0.0494326117295646
B		B3_mean_developmental_correction									0.6766072511672974					per_gene																											chaf1a	0.0	0.0060470556	0.0006306664358612
B		B3_mean_developmental_correction									2.321704387664795					per_gene																											chrd	0.42926693	-0.3010895	-0.2010443298811302
B		B3_mean_developmental_correction									0.732264518737793					per_gene																											chst11	0.073392674	0.018408027	0.0124375132300187
B		B3_mean_developmental_correction									0.7587693333625793					per_gene																											cldnd	0.041612748	-0.0029928202	0.0134592987030449
B		B3_mean_developmental_correction									0.8455531597137451					per_gene																											clic4	0.0	0.22837585	0.2505089094614074
B		B3_mean_developmental_correction									0.7446660995483398					per_gene																											clocka	0.024272364	0.009910234	0.0063721419742827
B		B3_mean_developmental_correction									0.7388492226600647					per_gene																											cmtm6	0.0491065	-0.08099403	-0.094154835113046
B		B3_mean_developmental_correction									0.6614056825637817					per_gene																											cnmd	0.047038	0.03512279	0.0318689421244055
B		B3_mean_developmental_correction									0.7274661064147949					per_gene																											cnn3a	0.0	0.037058007	0.0322394003121307
B		B3_mean_developmental_correction									0.7601727843284607					per_gene																											coq10b	0.1128475	-0.006011483	-0.0118069320470223
B		B3_mean_developmental_correction									0.8988328576087952					per_gene																											crabp2b	0.018704765	0.30642813	0.3260113606219462
B		B3_mean_developmental_correction									0.8739814758300781					per_gene																											creb3l1	0.009757332	0.13142051	0.0894729159063189
B		B3_mean_developmental_correction									0.852266252040863					per_gene																											creb3l2	-0.07025176	-0.09266996	-0.0798843105825776
B		B3_mean_developmental_correction									0.7673944234848022					per_gene																											csrp1a	-5.639145e-08	-0.0327428	-0.0355846342822089
B		B3_mean_developmental_correction									0.9044972658157348					per_gene																											cst3	-7.54791e-09	0.09218536	0.0913478016004629
B		B3_mean_developmental_correction									0.2334748059511184					per_gene																											ctcf	-1.6055374e-07	0.11176697	0.1013331357131201
B		B3_mean_developmental_correction									0.815048098564148					per_gene																											cth1	-1.9175309e-07	-0.018149594	-0.0345205751351583
B		B3_mean_developmental_correction									0.6768588423728943					per_gene																											CU570769.1	0.062561266	0.038224388	0.0403879496943323
B		B3_mean_developmental_correction									0.5917823910713196					per_gene																											cux1a	0.057091057	0.021742145	0.0275363658107414
B		B3_mean_developmental_correction									0.6698563694953918					per_gene																											cxcl12b	0.06341402	0.05665277	0.0590410264047606
B		B3_mean_developmental_correction									0.8413184881210327					per_gene																											cxcr4a	0.04161779	0.06637856	0.0754847713956329
B		B3_mean_developmental_correction									1.2237229347229004					per_gene																											dact2	-0.108020194	0.25626525	0.2705755593463978
B		B3_mean_developmental_correction									0.6427348256111145					per_gene																											dand5	0.0875804	-0.036496226	-0.043629917284826
B		B3_mean_developmental_correction									0.8231797814369202					per_gene																											dbx1a	-0.00048003235	0.13854216	0.1334918422876241
B		B3_mean_developmental_correction									0.944132924079895					per_gene																											ddx4	-0.012970715	0.37182432	0.4079104426104556
B		B3_mean_developmental_correction									0.6525402069091797					per_gene																											dharma	0.00062799256	0.012245967	0.0074167040380931
B		B3_mean_developmental_correction									0.2588318884372711					per_gene																											dkc1	0.0	0.27408862	0.2291751279719279
B		B3_mean_developmental_correction									0.6153867840766907					per_gene																											dkk1b	0.108847246	0.11181483	0.0870579688983656
B		B3_mean_developmental_correction									1.5684868097305298					per_gene																											dld	-0.011164711	0.5702586	0.5562373721943481
B		B3_mean_developmental_correction									0.2779338359832763					per_gene																											dlgap5	-0.07910176	0.104920894	0.1125525546337684
B		B3_mean_developmental_correction									1.5473127365112305					per_gene																											dlx3b	-0.005856577	0.13621782	0.1367562605080155
B		B3_mean_developmental_correction									0.4998165667057037					per_gene																											dmd	0.036517184	0.09076959	0.0926035573362784
B		B3_mean_developmental_correction									0.5024762153625488					per_gene																											dnmt3bb.2	-0.052672554	-0.020152038	0.0016565913088476
B		B3_mean_developmental_correction									1.0347331762313845					per_gene																											drll.2	0.026687529	0.19608386	0.1646213793021496
B		B3_mean_developmental_correction									0.8685687780380249					per_gene																											drll.3	0.018292025	0.07112376	0.0469507977471889
B		B3_mean_developmental_correction									0.6009392142295837					per_gene																											dscc1	0.08320084	0.04454927	0.0452623309108647
B		B3_mean_developmental_correction									0.6905552744865417					per_gene																											dync1li1	0.014266918	0.029857598	0.0275674251216303
B		B3_mean_developmental_correction									1.0751546621322632					per_gene																											dynll1	0.0	0.07383145	0.0828317040923213
B		B3_mean_developmental_correction									0.7578336596488953					per_gene																											dynll2b	-1.3371128e-08	0.06991543	0.071165213972737
B		B3_mean_developmental_correction									0.7157683968544006					per_gene																											ednraa	0.028307693	0.012035448	0.0112069613077629
B		B3_mean_developmental_correction									0.8630660772323608					per_gene																											efna1a	-0.030144488	0.18182084	0.1348987550988396
B		B3_mean_developmental_correction									0.8315913677215576					per_gene																											efnb2a	-0.019806799	0.16168003	0.1289840914849903
B		B3_mean_developmental_correction									1.0437651872634888					per_gene																											efnb2b	-0.00034474555	0.23821439	0.2189472779503655
B		B3_mean_developmental_correction									0.7425890564918518					per_gene																											egln1b	0.06213266	0.022270545	0.0185823113407065
B		B3_mean_developmental_correction									0.4671870470046997					per_gene																											eif3ea	-2.808294e-05	0.06964058	0.0852457009703339
B		B3_mean_developmental_correction									0.7177057266235352					per_gene																											elavl3	0.07697744	0.019996557	0.0257048453339613
B		B3_mean_developmental_correction									1.0238820314407349					per_gene																											elf1	0.00091442047	0.09057911	0.0982588060615133
B		B3_mean_developmental_correction									0.7896633744239807					per_gene																											elob	-0.003094241	-0.037071	-0.0386781152077666
B		B3_mean_developmental_correction									0.7038034200668335					per_gene																											emid1	0.10742988	-0.015073775	-0.013034965284672
B		B3_mean_developmental_correction									0.6396329998970032					per_gene																											emx2	0.023223193	-0.0019922163	-0.0056688330311321
B		B3_mean_developmental_correction									0.7640101313591003					per_gene																											emx3	0.016213557	-0.004217757	-0.0110020649587557
B		B3_mean_developmental_correction									0.7524138689041138					per_gene																											epcam	0.040077005	0.033317655	0.0205593246842836
B		B3_mean_developmental_correction									0.9595783352851868					per_gene																											epha2a	0.008193766	0.2624453	0.207597562697599
B		B3_mean_developmental_correction									1.061627984046936					per_gene																											ephb3a	-0.03679794	-0.013486832	-0.0197657613071049
B		B3_mean_developmental_correction									1.007548213005066					per_gene																											eppk1	-0.032263633	0.03198827	0.0326810395699156
B		B3_mean_developmental_correction									0.5756124258041382					per_gene																											erf	-8.731737e-09	-0.16423641	-0.1749127809090469
B		B3_mean_developmental_correction									0.9212735295295716					per_gene																											esrra	-0.007772644	-0.06441705	-0.0764730218928404
B		B3_mean_developmental_correction									1.0994362831115725					per_gene																											ets2	0.04461559	0.17064172	0.1111952570360366
B		B3_mean_developmental_correction									0.528249204158783					per_gene																											etv2	0.05441327	0.00044503767	-0.0035572914649669
B		B3_mean_developmental_correction									0.7258085608482361					per_gene																											etv4	2.5446095e-08	0.13885391	0.1480059979795999
B		B3_mean_developmental_correction									0.6226357221603394					per_gene																											etv5a	5.448148e-09	0.0125012025	0.0142721442328342
B		B3_mean_developmental_correction									0.4603922367095947					per_gene																											etv5b	-0.02556183	0.16526382	0.1700696147184823
B		B3_mean_developmental_correction									1.4939252138137815					per_gene																											eve1	-0.41635892	0.025015585	-0.0062345336578679
B		B3_mean_developmental_correction									0.7667264938354492					per_gene																											f11r.1	-0.048631392	0.003745031	0.0033630129115135
B		B3_mean_developmental_correction									0.8432226777076721					per_gene																											fbln2	-0.051835343	-0.0133635	-0.0087842017804748
B		B3_mean_developmental_correction									0.938638150691986					per_gene																											fezf2	0.013096001	0.006737974	0.0420728438189988
B		B3_mean_developmental_correction									1.0123504400253296					per_gene																											fgf8a	-0.14211053	0.15756482	0.1937528948546397
B		B3_mean_developmental_correction									1.294389247894287					per_gene																											flrt3	0.0036934642	0.36497378	0.3136045694876205
B		B3_mean_developmental_correction									1.479544758796692					per_gene																											fn1a	9.292239e-05	-0.11506356	-0.1299117497912309
B		B3_mean_developmental_correction									1.0926910638809204					per_gene																											fn1b	-0.041584074	-0.19203775	-0.2005002800579583
B		B3_mean_developmental_correction									0.7490739822387695					per_gene																											fnbp1l	0.0	0.05385177	0.0562505061693872
B		B3_mean_developmental_correction									0.589891791343689					per_gene																											fosab	0.01911179	0.15061203	0.1371240282239259
B		B3_mean_developmental_correction									0.892832338809967					per_gene																											foxa	0.10100878	0.3320909	0.2723413941583986
B		B3_mean_developmental_correction									0.9342041611671448					per_gene																											foxa2	-0.025428835	0.15868422	0.1135937897313642
B		B3_mean_developmental_correction									1.506225824356079					per_gene																											foxa3	0.06360291	0.5590859	0.4853434255592552
B		B3_mean_developmental_correction									1.5537080764770508					per_gene																											foxb1a	-0.015134397	-0.15612228	-0.1522879410086231
B		B3_mean_developmental_correction									0.9962649345397948					per_gene																											foxb1b	0.036399975	0.023496693	0.0300435148723651
B		B3_mean_developmental_correction									1.6448951959609983					per_gene																											foxc1a	0.0020158351	0.32337716	0.2666101165470093
B		B3_mean_developmental_correction									0.9947929978370668					per_gene																											foxc1b	0.02501037	-0.017045293	-0.0127228637823814
B		B3_mean_developmental_correction									1.5878173112869265					per_gene																											foxd3	0.030016204	-0.082487136	-0.0786702197362347
B		B3_mean_developmental_correction									1.3937891721725464					per_gene																											foxd5	0.0	0.2563838	0.2721359333123855
B		B3_mean_developmental_correction									0.5026957988739014					per_gene																											foxg1a	0.24160057	0.0090380665	0.00949093560878
B		B3_mean_developmental_correction									0.8606576323509216					per_gene																											foxh1	0.0	0.46387127	0.5704573173198323
B		B3_mean_developmental_correction									1.264213800430298					per_gene																											foxi1	0.00020479877	0.07308859	0.0670461983176322
B		B3_mean_developmental_correction									0.7680647969245911					per_gene																											foxn2b	0.0	0.065811746	0.0776077077430518
B		B3_mean_developmental_correction									0.3695322573184967					per_gene																											foxo1a	0.2033239	0.02328082	0.0271042936509828
B		B3_mean_developmental_correction									0.8267561793327332					per_gene																											foxp1b	0.029602444	0.028952822	0.0346013724658622
B		B3_mean_developmental_correction									1.0856457948684692					per_gene																											foxp2	-0.012844225	0.025588652	0.0134573940039268
B		B3_mean_developmental_correction									0.901576578617096					per_gene																											frmd4ba	0.013772918	0.09224284	0.0589641789505186
B		B3_mean_developmental_correction									0.8664746284484863					per_gene																											fscn1a	-0.0081531145	0.55717754	0.5541569290419351
B		B3_mean_developmental_correction									0.7733977437019348					per_gene																											fzd7a	-0.0028342602	-0.025210703	-0.0238960354895723
B		B3_mean_developmental_correction									0.9139218926429749					per_gene																											fzd7b	-0.16275991	-0.09935966	-0.113005180345127
B		B3_mean_developmental_correction									1.3530495166778564					per_gene																											fzd8a	-0.016849037	-0.0091784205	-0.0122163306207785
B		B3_mean_developmental_correction									0.7290394306182861					per_gene																											gadd45gip1	-2.0926851e-08	0.047393084	0.0591912588234262
B		B3_mean_developmental_correction									0.7976758480072021					per_gene																											gapdh	-3.8170057e-08	0.011233751	0.0145745536415125
B		B3_mean_developmental_correction									1.6268587112426758					per_gene																											gata2a	-0.018211244	0.16124816	0.1540433780972913
B		B3_mean_developmental_correction									0.6485434770584106					per_gene																											gata3	0.024227226	-0.04139426	-0.0436025884868897
B		B3_mean_developmental_correction									1.5050321817398071					per_gene																											gata6	0.017732387	0.18746382	0.1393029845040209
B		B3_mean_developmental_correction									1.2414391040802002					per_gene																											gbx1	-0.034783717	-0.0500481	-0.0577902735833915
B		B3_mean_developmental_correction									0.5283518433570862					per_gene																											gcm2	0.039541334	0.0715539	0.0739522929215624
B		B3_mean_developmental_correction									0.7423391938209534					per_gene																											gfi1aa	0.13111384	0.0027623551	0.0089233200576464
B		B3_mean_developmental_correction									1.2462477684020996					per_gene																											gli1	-0.0063609546	0.24522088	0.2300320349151791
B		B3_mean_developmental_correction									0.7497699856758118					per_gene																											gli2a	0.0058796527	0.11264794	0.122476906939113
B		B3_mean_developmental_correction									0.5686669945716858					per_gene																											gmnn	7.834584e-08	0.1261935	0.1479193444463729
B		B3_mean_developmental_correction									0.732292890548706					per_gene																											gpr137bb	0.070717305	-0.010833788	-0.0144385567610218
B		B3_mean_developmental_correction									1.1556007862091064					per_gene																											grhl1	0.10540512	0.052027415	0.0475029534475979
B		B3_mean_developmental_correction									0.7452378869056702					per_gene																											grhl2b	0.026734462	-0.0033785454	-0.0076255440667004
B		B3_mean_developmental_correction									0.7380265593528748					per_gene																											gsc	0.0022185203	0.01213198	0.0094810485914569
B		B3_mean_developmental_correction									0.8209887146949768					per_gene																											h1-0	-0.0130286375	0.09103309	0.0861376763563239
B		B3_mean_developmental_correction									0.3820858895778656					per_gene																											hdlbpa	0.0	-0.033868812	-0.0211438595770594
B		B3_mean_developmental_correction									0.8605225682258606					per_gene																											helb	6.906318e-08	0.08936766	0.1104551474763864
B		B3_mean_developmental_correction									0.7742970585823059					per_gene																											hells	0.04356482	0.019026026	0.0166188962204713
B		B3_mean_developmental_correction									1.4504404067993164					per_gene																											her1	-0.02807479	0.46725821	0.4266025702915414
B		B3_mean_developmental_correction									0.7443673610687256					per_gene																											her11	3.9166128e-08	0.025667952	0.0244789311669719
B		B3_mean_developmental_correction									0.7729649543762207					per_gene																											her12	-0.015375339	0.0088582905	0.0054829204852861
B		B3_mean_developmental_correction									0.7768779993057251					per_gene																											her2	0.0113847265	0.006083039	0.0135610120000435
B		B3_mean_developmental_correction									0.6596200466156006					per_gene																											her3	-0.028806984	0.013321329	0.0143338245146098
B		B3_mean_developmental_correction									0.927126169204712					per_gene																											her5	1.7974807e-07	0.065493844	0.0590714634082369
B		B3_mean_developmental_correction									1.054476618766785					per_gene																											her6	-0.012030971	0.013763961	0.0163277937487366
B		B3_mean_developmental_correction									1.0854463577270508					per_gene																											her7	0.001109742	0.21673416	0.2089249480892594
B		B3_mean_developmental_correction									1.0269083976745603					per_gene																											her8a	-0.031100258	0.31383154	0.2903648362723757
B		B3_mean_developmental_correction									1.2928344011306765					per_gene																											her9	0.0053198254	0.054084796	0.0477395754485013
B		B3_mean_developmental_correction									0.7398971319198608					per_gene																											hes6	0.05273273	0.069072634	0.0736874638772007
B		B3_mean_developmental_correction									0.6546898484230042					per_gene																											hesx1	0.0	0.068708174	0.0757600333783667
B		B3_mean_developmental_correction									0.7644336223602295					per_gene																											hic1l	0.023886371	-0.006642266	0.0074471141667242
B		B3_mean_developmental_correction									0.6564774513244629					per_gene																											higd1a	-0.031152248	0.014073924	0.0135040972694616
B		B3_mean_developmental_correction									0.7683717012405396					per_gene																											hivep2a	0.099877104	-0.01630626	-0.0159118163940204
B		B3_mean_developmental_correction									1.3029078245162964					per_gene																											hoxb1b	-0.0055366377	-0.05775942	-0.0480392722279899
B		B3_mean_developmental_correction									0.7064013481140137					per_gene																											hoxb7a	0.01679345	0.020257495	0.0174537108129022
B		B3_mean_developmental_correction									0.7153375148773193					per_gene																											hoxb8a	-0.023223927	0.032504167	0.0290989503977807
B		B3_mean_developmental_correction									0.6657392382621765					per_gene																											hoxb9a	-0.09886977	-0.035459492	-0.0400143868480746
B		B3_mean_developmental_correction									0.701003909111023					per_gene																											hoxc3a	0.06804379	0.041105974	0.034635310721441
B		B3_mean_developmental_correction									0.6828030347824097					per_gene																											hoxc6a	-3.466868e-08	-0.020516578	-0.0178262935205194
B		B3_mean_developmental_correction									0.5316474437713623					per_gene																											hoxc8a	0.1461985	-0.027080808	-0.0194912023701075
B		B3_mean_developmental_correction									0.8009742498397827					per_gene																											hsp90aa1.2	0.0	-0.0133062145	-0.0143220525401931
B		B3_mean_developmental_correction									1.224672555923462					per_gene																											id3	-0.0016355774	0.039613415	0.0257880439728022
B		B3_mean_developmental_correction									0.2695272266864776					per_gene																											igf2bp1	0.008167176	0.036261745	0.0425967461170624
B		B3_mean_developmental_correction									0.8037041425704956					per_gene																											igfbp1a	0.03993911	0.07510661	0.0756804734100408
B		B3_mean_developmental_correction									0.8785853981971741					per_gene																											irf2a	0.026560118	-0.014908129	-0.0157476324458874
B		B3_mean_developmental_correction									1.389659404754639					per_gene																											irx1b	0.006228132	0.16524315	0.1741540684955434
B		B3_mean_developmental_correction									0.7230338454246521					per_gene																											irx3a	0.03561414	0.010153666	0.0095733456701082
B		B3_mean_developmental_correction									0.7326974868774414					per_gene																											irx5a	0.04504294	-0.0008233189	-0.0017173539071908
B		B3_mean_developmental_correction									1.4075957536697388					per_gene																											irx7	0.02538697	-0.009112497	0.0130083348439605
B		B3_mean_developmental_correction									1.133530855178833					per_gene																											ism1	-0.029972479	0.17191274	0.131312732382732
B		B3_mean_developmental_correction									0.5912604331970215					per_gene																											itga6a	0.00206922	0.015037871	0.0098808828844933
B		B3_mean_developmental_correction									0.920298993587494					per_gene																											itgb5	-1.21795285e-08	-0.082674704	-0.098739561150031
B		B3_mean_developmental_correction									0.8752555847167969					per_gene																											itm2cb	0.046105523	0.015624551	0.0096234690418381
B		B3_mean_developmental_correction									0.8848943710327148					per_gene																											jcada	-0.02480153	0.041734204	0.0368792330703253
B		B3_mean_developmental_correction									0.8022421598434448					per_gene																											kank1a	-0.01990969	-0.02242905	-0.0310767377772073
B		B3_mean_developmental_correction									0.908214271068573					per_gene																											kazald2	0.03242482	0.22160056	0.2199356678821094
B		B3_mean_developmental_correction									0.7288696765899658					per_gene																											kdrl	0.07737407	0.03554536	0.0355994521906256
B		B3_mean_developmental_correction									0.7203804850578308					per_gene																											kif15	0.01931876	0.013203346	0.0119302391675062
B		B3_mean_developmental_correction									1.42716646194458					per_gene																											kirrel3l	0.015634714	0.5169252	0.4323720664017819
B		B3_mean_developmental_correction									0.7083326578140259					per_gene																											klf17	0.06018738	-0.02801814	-0.036249469663085
B		B3_mean_developmental_correction									1.3690201044082642					per_gene																											klf2a	0.11517301	0.020470733	0.0198202810143472
B		B3_mean_developmental_correction									1.6272413730621338					per_gene																											klf2b	-0.06639549	0.29753396	0.2869187508351545
B		B3_mean_developmental_correction									1.129771709442139					per_gene																											klf3	0.055061053	0.011715379	-0.0107333965123556
B		B3_mean_developmental_correction									0.9451795816421508					per_gene																											klf7a	-0.07502471	0.04557484	0.0526078127398946
B		B3_mean_developmental_correction									0.7689533829689026					per_gene																											klf8	0.0	0.13689284	0.1389741474744246
B		B3_mean_developmental_correction									0.4458043277263641					per_gene																											kmt5aa	-1.1732959e-07	0.08059346	0.0876426471078256
B		B3_mean_developmental_correction									1.826977491378784					per_gene																											krt4	-0.055539947	0.08938981	0.0887151450636084
B		B3_mean_developmental_correction									1.5802617073059082					per_gene																											krt8	-0.1467305	0.10090342	0.0981194462681783
B		B3_mean_developmental_correction									1.0278265476226809					per_gene																											krt99	0.0052214856	-0.082109496	-0.0738318946212322
B		B3_mean_developmental_correction									0.6631850004196167					per_gene																											lamb1a	0.024732968	0.20159972	0.2143915690251412
B		B3_mean_developmental_correction									0.7366381883621216					per_gene																											lamc1	3.0923737e-09	-0.17936295	-0.1867281805688685
B		B3_mean_developmental_correction									0.7449251413345337					per_gene																											lamp2	4.5867232e-08	0.15655655	0.1482273230666748
B		B3_mean_developmental_correction									0.795028030872345					per_gene																											lbx2	0.04826519	0.05150445	0.0430411272183799
B		B3_mean_developmental_correction									1.1126824617385864					per_gene																											lef1	-0.0153165795	0.0066593518	-0.0091954664648427
B		B3_mean_developmental_correction									0.9711306095123292					per_gene																											lft1	-0.13408679	0.16106406	0.1695419136414866
B		B3_mean_developmental_correction									0.909204125404358					per_gene																											lft2	-0.039096333	0.23869723	0.1858899119549201
B		B3_mean_developmental_correction									0.7883650064468384					per_gene																											lgals3b	-0.05957398	0.02484319	0.0280168310880762
B		B3_mean_developmental_correction									0.6920075416564941					per_gene																											lhfpl6	-0.0144430855	-0.008233139	-0.0113415310787766
B		B3_mean_developmental_correction									0.8819928169250488					per_gene																											lhx1a	0.089241035	0.34379	0.2916169019408557
B		B3_mean_developmental_correction									1.3163275718688965					per_gene																											lhx5	-0.0066884155	0.15996875	0.1667338300659404
B		B3_mean_developmental_correction									0.9290366768836976					per_gene																											lima1a	9.945283e-09	0.20550816	0.223255944393422
B		B3_mean_developmental_correction									0.3494355082511902					per_gene																											lmnb1	0.0	0.101423085	0.1159233386698012
B		B3_mean_developmental_correction									0.7779316306114197					per_gene																											lmo2	0.1502136	-0.009512894	-0.0071701160164617
B		B3_mean_developmental_correction									1.3993077278137207					per_gene																											lmo4a	0.024195034	-0.07698868	-0.0637212607643549
B		B3_mean_developmental_correction									0.7945871353149414					per_gene																											lratb.1	0.015327821	0.036162492	0.0419210346753574
B		B3_mean_developmental_correction									0.7560166120529175					per_gene																											lratd1	-0.031125953	0.024356198	0.0247825011110821
B		B3_mean_developmental_correction									0.6524393558502197					per_gene																											mab21l2	0.07152684	0.0016851495	-0.0028657808150018
B		B3_mean_developmental_correction									0.6566370129585266					per_gene																											mad1l1	9.883755e-08	0.08914222	0.0953700750929279
B		B3_mean_developmental_correction									0.7901948094367981					per_gene																											map1lc3b	0.022852097	0.021434344	0.0185509664507439
B		B3_mean_developmental_correction									0.5351784229278564					per_gene																											map2k6	0.06655519	0.11483891	0.1218625088987904
B		B3_mean_developmental_correction									0.792266845703125					per_gene																											mcama	-0.0052323514	-0.0068131974	-0.0062871753807832
B		B3_mean_developmental_correction									0.4901454448699951					per_gene																											mcm2	0.0	0.1977406	0.1852716851008738
B		B3_mean_developmental_correction									0.3464382290840149					per_gene																											mcm3	-0.043448046	0.2294509	0.1354285623290153
B		B3_mean_developmental_correction									0.3351539075374603					per_gene																											mcm4	0.057409216	0.28390402	0.2668845843413173
B		B3_mean_developmental_correction									0.8002908229827881					per_gene																											mcm5	0.0	0.04193662	0.0538822606909928
B		B3_mean_developmental_correction									0.2831578552722931					per_gene																											mcm7	0.0	0.3240537	0.2691789607508854
B		B3_mean_developmental_correction									0.7487382888793945					per_gene																											mef2d	-0.16045825	-0.0011282419	-0.0048157777502807
B		B3_mean_developmental_correction									1.2436730861663818					per_gene																											meis1b	-0.0052766195	0.0709918	0.0670066606872684
B		B3_mean_developmental_correction									0.708114743232727					per_gene																											meis2a	0.024113111	0.022722196	0.0225876855235745
B		B3_mean_developmental_correction									1.1074990034103394					per_gene																											meis3	-0.005649859	0.033073056	0.0332812141682018
B		B3_mean_developmental_correction									0.7510762810707092					per_gene																											meox1	0.013749838	0.010716276	0.00612567652087
B		B3_mean_developmental_correction									0.6421406269073486					per_gene																											mespaa	-0.005000509	0.042252485	0.0424278198310017
B		B3_mean_developmental_correction									0.8863865733146667					per_gene																											mespab	0.04800851	0.1516296	0.1190780345530884
B		B3_mean_developmental_correction									0.7457953691482544					per_gene																											mgst3b	0.17319447	0.0075612175	0.0082427377093752
B		B3_mean_developmental_correction									0.7412750124931335					per_gene																											mibp2	0.022909094	0.060196985	0.0621146520431188
B		B3_mean_developmental_correction									1.2623138427734375					per_gene																											mixl1	0.014277462	0.35458	0.3190729629035338
B		B3_mean_developmental_correction									0.2410767078399658					per_gene																											mki67	0.0	0.10341152	0.0995755006586404
B		B3_mean_developmental_correction									0.7449508905410767					per_gene																											mns1	-0.00878118	0.08609563	0.0775730195910816
B		B3_mean_developmental_correction									1.9441540241241453					per_gene																											msgn1	-0.021620315	-0.002351812	0.0073789307086567
B		B3_mean_developmental_correction									1.5887776613235474					per_gene																											msx1b	-0.0036393811	-0.074201345	-0.0677677616302997
B		B3_mean_developmental_correction									1.0369887351989746					per_gene																											msx3	0.012753964	-0.09010835	-0.0902320356903133
B		B3_mean_developmental_correction									0.4959014654159546					per_gene																											mycb	0.039627515	0.021118592	0.0221410466607838
B		B3_mean_developmental_correction									0.6967085599899292					per_gene																											mych	0.01828182	0.1230493	0.149438334073352
B		B3_mean_developmental_correction									0.5286193490028381					per_gene																											mycla	0.0	0.2841581	0.3206153825629605
B		B3_mean_developmental_correction									1.1151179075241089					per_gene																											myclb	0.003988881	0.22461206	0.2336250612200011
B		B3_mean_developmental_correction									1.131509780883789					per_gene																											mycn	0.015055977	0.16868442	0.1898411353673018
B		B3_mean_developmental_correction									0.780837893486023					per_gene																											myf5	0.011016491	-0.028858397	-0.021514028242143
B		B3_mean_developmental_correction									0.7958042025566101					per_gene																											myod1	-0.008613063	0.03811131	0.0465255610595007
B		B3_mean_developmental_correction									0.8509031534194946					per_gene																											nanog	-8.394746e-08	0.030223597	0.0297210599295011
B		B3_mean_developmental_correction									0.4958745539188385					per_gene																											nap1l1	0.0	0.059133966	0.0675976249507096
B		B3_mean_developmental_correction									0.5139121413230896					per_gene																											nasp	0.038799386	0.21548574	0.2174655847395085
B		B3_mean_developmental_correction									0.3215808570384979					per_gene																											ncapd2	-3.5075125e-08	0.09137314	0.0791806337663213
B		B3_mean_developmental_correction									0.449077695608139					per_gene																											nckap5l	0.0	0.09357151	0.1054990215025036
B		B3_mean_developmental_correction									0.6280945539474487					per_gene																											ndr1	0.16049948	0.06944094	0.0862166788347868
B		B3_mean_developmental_correction									1.0516897439956665					per_gene																											ndr2	0.15748134	0.26042894	0.2213245948814019
B		B3_mean_developmental_correction									0.8210040926933289					per_gene																											ndufv3	-0.022232302	0.012911103	0.0096459871557824
B		B3_mean_developmental_correction									1.3088849782943726					per_gene																											nid2a	-0.019941982	0.015386931	0.005614842931452
B		B3_mean_developmental_correction									0.760918140411377					per_gene																											nip7	0.009502356	0.17055435	0.1883781390314322
B		B3_mean_developmental_correction									0.7380229830741882					per_gene																											nkx1.2la	-0.030822476	0.018164203	0.0219447204527134
B		B3_mean_developmental_correction									0.6089978218078613					per_gene																											nkx2.2a	0.036721304	0.085797705	0.0781852802224747
B		B3_mean_developmental_correction									0.8194310665130615					per_gene																											nog1	0.0	0.050576333	0.0342204037285952
B		B3_mean_developmental_correction									0.2677026689052582					per_gene																											nop58	5.1064994e-08	0.24004628	0.236288747333968
B		B3_mean_developmental_correction									0.4712719917297363					per_gene																											notch1a	-4.4438522e-08	-0.08275806	-0.1029355078793593
B		B3_mean_developmental_correction									1.370234727859497					per_gene																											noto	0.036225304	0.063090496	0.1262844890493699
B		B3_mean_developmental_correction									0.8096547722816467					per_gene																											nr2f2	0.06436175	-0.00935721	-0.0101355853036972
B		B3_mean_developmental_correction									0.7288541793823242					per_gene																											nr6a1a	-0.044318985	0.010630346	0.0033222671403775
B		B3_mean_developmental_correction									0.8797817230224609					per_gene																											nrarpa	0.003270273	0.045968577	0.0812194399267538
B		B3_mean_developmental_correction									0.7553916573524475					per_gene																											nsd2	5.427322e-08	0.15938812	0.1032932207773366
B		B3_mean_developmental_correction									0.8497158885002136					per_gene																											ntd5	0.05274549	0.08195608	0.0658084953153557
B		B3_mean_developmental_correction									0.950542688369751					per_gene																											oclna	0.04571619	0.040625535	0.0369102443355037
B		B3_mean_developmental_correction									0.9085441827774048					per_gene																											olig4	0.061166484	-0.111168645	-0.1056223467753045
B		B3_mean_developmental_correction									1.4608817100524902					per_gene																											otx1	-0.0002468404	0.22938597	0.2304566880798113
B		B3_mean_developmental_correction									1.0310864448547363					per_gene																											otx2a	-0.006673378	0.1237102	0.1364028086180117
B		B3_mean_developmental_correction									1.2237298488616943					per_gene																											otx2b	-0.0002009696	0.048021358	0.0446246762460653
B		B3_mean_developmental_correction									0.5845598578453064					per_gene																											pax2a	0.011047996	0.0621376	0.0615976233388442
B		B3_mean_developmental_correction									0.9184443354606628					per_gene																											pax3a	-0.1533893	0.040171616	0.0338166491023279
B		B3_mean_developmental_correction									0.7903441190719604					per_gene																											pax6a	0.074753106	0.028579405	0.0316503422890229
B		B3_mean_developmental_correction									0.6570419669151306					per_gene																											pax6b	0.065370224	0.011775807	0.0134377743024625
B		B3_mean_developmental_correction									0.6877738237380981					per_gene																											pbx1b	-0.062237244	-0.013817361	-0.0192424073905358
B		B3_mean_developmental_correction									0.2632929384708404					per_gene																											pbx4	0.0	-0.013861885	-0.0144832556376512
B		B3_mean_developmental_correction									1.4099175930023191					per_gene																											pcdh10b	-0.0044565527	0.0660634	0.0596821723326824
B		B3_mean_developmental_correction									0.5823409557342529					per_gene																											pcdh7b	0.200032	-0.02184225	-0.0260629116162714
B		B3_mean_developmental_correction									0.4205415546894073					per_gene																											PCDH8	0.09328033	-0.019177828	-0.0153720524065655
B		B3_mean_developmental_correction									1.0470622777938845					per_gene																											pcdh8	-3.327253e-05	0.3574911	0.365046471893032
B		B3_mean_developmental_correction									0.9975181818008424					per_gene																											pdap1a	0.01564655	0.036063146	0.0407987599106564
B		B3_mean_developmental_correction									1.0536515712738037					per_gene																											perp	-0.15211284	0.010701348	0.0207865720278527
B		B3_mean_developmental_correction									0.6999439597129822					per_gene																											pfn2	6.454993e-08	-0.019953338	-0.0261201261232497
B		B3_mean_developmental_correction									0.7165929675102234					per_gene																											pitx2	0.039514568	0.0070331744	0.0089415454846898
B		B3_mean_developmental_correction									0.9012264013290404					per_gene																											pknox1.1	-0.0020020758	0.35722438	0.4011030701916494
B		B3_mean_developmental_correction									0.7943657040596008					per_gene																											plagl2	0.02191657	0.00840667	0.0036320129199627
B		B3_mean_developmental_correction									1.01880145072937					per_gene																											plekhg5b	0.05591963	0.13229291	0.124806596662912
B		B3_mean_developmental_correction									0.6526756286621094					per_gene																											pmp22b	0.08087177	-0.056721024	-0.0630873644728914
B		B3_mean_developmental_correction									0.7646706700325012					per_gene																											pold3	0.0	0.027709005	0.0295703307076634
B		B3_mean_developmental_correction									0.6570805311203003					per_gene																											ppan	-0.0020250778	0.1399823	0.1541517001305592
B		B3_mean_developmental_correction									0.9690836668014526					per_gene																											ppp1r7	-1.14282175e-08	0.007572304	0.0046937748505765
B		B3_mean_developmental_correction									1.2420762777328491					per_gene																											prdm1a	0.00094487675	0.006677547	-0.0021262645414734
B		B3_mean_developmental_correction									1.3414266109466553					per_gene																											prickle1b	-0.026859986	0.2985044	0.3107652449433154
B		B3_mean_developmental_correction									0.3501066267490387					per_gene																											prmt1	0.09377094	0.08701571	0.1064016937513688
B		B3_mean_developmental_correction									0.7118041515350342					per_gene																											prox1a	0.066494465	0.0023560002	-8.883689402200756e-05
B		B3_mean_developmental_correction									0.4662059843540191					per_gene																											ptp4a2b	-0.03172392	0.033707034	0.0300061301241244
B		B3_mean_developmental_correction									0.7006051540374756					per_gene																											pttg1	0.0	0.009810721	0.0218895606049029
B		B3_mean_developmental_correction									0.8718047738075256					per_gene																											rab11fip4a	-7.029185e-05	0.046445303	0.0437511041004422
B		B3_mean_developmental_correction									0.4411053359508514					per_gene																											rac1a	0.0	0.116343364	0.1280590699152491
B		B3_mean_developmental_correction									0.7951040863990784					per_gene																											raraa	0.0027860142	0.06177283	0.0572199039674231
B		B3_mean_developmental_correction									1.1928558349609375					per_gene																											rasgef1ba	0.005318888	0.24385123	0.2751259593354885
B		B3_mean_developmental_correction									0.9716699719429016					per_gene																											rasl11b	-0.0008587398	0.112986624	0.1266771864387631
B		B3_mean_developmental_correction									0.3844728767871856					per_gene																											rbbp4	0.010229293	0.1929093	0.1927116139872578
B		B3_mean_developmental_correction									0.6136132478713989					per_gene																											rbm4.3	0.20945959	0.057229843	0.0859067289958493
B		B3_mean_developmental_correction									0.5797117948532104					per_gene																											rbm7	0.0069292616	0.039206766	0.047201616474342
B		B3_mean_developmental_correction									0.364887923002243					per_gene																											rbmx	0.0	0.06014238	0.077755858009903
B		B3_mean_developmental_correction									0.3484920859336853					per_gene																											rcc1	1.2161776e-07	0.22964236	0.2128052235285231
B		B3_mean_developmental_correction									0.7598473429679871					per_gene																											rdh10b	-0.021781154	0.0022514113	-0.0024870969932538
B		B3_mean_developmental_correction									0.6079891324043274					per_gene																											rfx2	0.0090532405	-0.049846206	-0.0631980346066674
B		B3_mean_developmental_correction									0.8483842015266418					per_gene																											rhov	0.052418094	0.26755267	0.2790606569998745
B		B3_mean_developmental_correction									0.7947701811790466					per_gene																											ripply1	0.06209702	0.026000867	0.0152674904394424
B		B3_mean_developmental_correction									0.8811285495758057					per_gene																											rnd1b	-0.02345566	0.13083702	0.130410266190744
B		B3_mean_developmental_correction									1.47307288646698					per_gene																											rpl10	-0.38902152	0.037551768	0.0415851959605674
B		B3_mean_developmental_correction									0.573015570640564					per_gene																											rpl19	0.0	0.057986367	0.0732293229681161
B		B3_mean_developmental_correction									0.5117907524108887					per_gene																											rpl31	-0.0014886261	-0.029273545	-0.0242391151684472
B		B3_mean_developmental_correction									0.741406261920929					per_gene																											rpl34	0.03160781	-0.028467765	-0.0374388661610289
B		B3_mean_developmental_correction									0.7357775568962097					per_gene																											rpl38	-0.00021114347	0.0071745804	0.0059021329354652
B		B3_mean_developmental_correction									0.8148321509361267					per_gene																											rpl4	-0.0020428372	0.026651975	0.0317039490999731
B		B3_mean_developmental_correction									0.3359753489494324					per_gene																											rpl5a	-6.683296e-08	0.020452246	0.0142058061424661
B		B3_mean_developmental_correction									0.4254933297634125					per_gene																											rpl6	-7.972522e-09	0.04755036	0.0415610260358296
B		B3_mean_developmental_correction									0.781725287437439					per_gene																											rplp0	-0.111220635	0.100084014	0.0854068606251731
B		B3_mean_developmental_correction									1.2702819108963013					per_gene																											rplp2l	0.13068435	0.047600273	0.0491431630239241
B		B3_mean_developmental_correction									0.2996180951595306					per_gene																											rps3	0.0	0.050708637	0.0736964425361166
B		B3_mean_developmental_correction									0.294633686542511					per_gene																											rps6	0.0021954426	-0.011701316	-0.0081843051900332
B		B3_mean_developmental_correction									0.953470766544342					per_gene																											rrbp1b	-6.1612226e-08	0.12387535	0.1336137583461911
B		B3_mean_developmental_correction									1.2606920003890991					per_gene																											rreb1a	-1.7209834e-08	-0.096228816	-0.0908114801235701
B		B3_mean_developmental_correction									1.050936937332153					per_gene																											rreb1b	0.033233654	-0.033470232	-0.0494151531013301
B		B3_mean_developmental_correction									0.3961131274700165					per_gene																											rrm2	0.0	0.28887165	0.2589100098486855
B		B3_mean_developmental_correction									0.7426660060882568					per_gene																											rrp8	0.10863754	0.025627317	0.0232409922589846
B		B3_mean_developmental_correction									0.7084904313087463					per_gene																											rx3	0.06636469	0.023160465	0.0220237150961459
B		B3_mean_developmental_correction									0.8103222846984863					per_gene																											rxrgb	0.03337854	0.04745467	0.0515294773126106
B		B3_mean_developmental_correction									0.6933044791221619					per_gene																											sall1a	0.023344412	0.07440881	0.0697528270614375
B		B3_mean_developmental_correction									0.7868450880050659					per_gene																											sall3a	-0.011109134	0.02427972	0.0280334834333887
B		B3_mean_developmental_correction									1.007772445678711					per_gene																											sall3b	-0.06939233	0.27747494	0.257845265533469
B		B3_mean_developmental_correction									0.7771461009979248					per_gene																											sdc4	0.033391394	0.0263096	0.0275011610464893
B		B3_mean_developmental_correction									0.5434308052062988					per_gene																											sebox	0.31073037	0.15687919	0.1603201319497436
B		B3_mean_developmental_correction									1.3263354301452637					per_gene																											sept9a	6.951514e-09	-0.14505914	-0.139923372216033
B		B3_mean_developmental_correction									0.8073518872261047					per_gene																											shha	0.011871658	0.040614236	0.0325809392113574
B		B3_mean_developmental_correction									0.9615448713302612					per_gene																											si:ch211-106e7.2	0.01149808	-0.026380124	-0.0260007445940167
B		B3_mean_developmental_correction									0.76943439245224					per_gene																											si:ch211-113a14.18	1.2008093e-08	0.110310495	0.1071541201031426
B		B3_mean_developmental_correction									0.7817192077636719					per_gene																											si:ch211-114n24.6	0.0066194837	0.04367945	0.0374845791323034
B		B3_mean_developmental_correction									0.4870730638504028					per_gene																											si:ch211-155e24.3	-2.841681e-08	0.122975886	0.1398560575097072
B		B3_mean_developmental_correction									0.4340974986553192					per_gene																											si:ch211-161h7.4	0.0	0.06781888	0.0755266353324339
B		B3_mean_developmental_correction									0.4399257302284241					per_gene																											si:ch211-163l21.7	0.120276034	0.0074906736	0.0087717379932468
B		B3_mean_developmental_correction									0.782885730266571					per_gene																											si:dkey-108k21.14	0.0	0.065336384	0.0674172466635769
B		B3_mean_developmental_correction									0.4522935450077057					per_gene																											si:dkey-108k21.21	0.31958655	0.008434998	0.0076397175051754
B		B3_mean_developmental_correction									0.9997350573539734					per_gene																											si:dkey-261h17.1	-0.036585186	-0.14679807	-0.1572537149009028
B		B3_mean_developmental_correction									0.8092705011367798					per_gene																											si:dkey-261m9.12	-0.0020115855	0.14054793	0.1488864402889257
B		B3_mean_developmental_correction									0.5880240201950073					per_gene																											si:dkey-66i24.9	2.5540774e-09	0.0010555318	0.0015309698826686
B		B3_mean_developmental_correction									0.7278987765312195					per_gene																											si:dkey-68o6.5	0.0	0.025602492	0.0270206069284554
B		B3_mean_developmental_correction									0.678333044052124					per_gene																											si:dkey-92i17.2	-0.14885484	0.033836942	0.0156925461171163
B		B3_mean_developmental_correction									0.6376491785049438					per_gene																											six3b	0.032250214	0.08473936	0.0828119985732708
B		B3_mean_developmental_correction									1.2971266508102417					per_gene																											six4a	-0.0016871927	-0.081624456	-0.0779145947395602
B		B3_mean_developmental_correction									0.8078386187553406					per_gene																											six4b	0.008356616	0.12288296	0.1209122379472133
B		B3_mean_developmental_correction									0.9327121376991272					per_gene																											six7	-0.09958541	0.077688836	0.0805154036188932
B		B3_mean_developmental_correction									0.843349814414978					per_gene																											skia	-0.04190693	0.026467992	0.0372579630013821
B		B3_mean_developmental_correction									0.7107928991317749					per_gene																											skila	0.0	0.070856035	0.1062958278985828
B		B3_mean_developmental_correction									0.8928290605545044					per_gene																											skilb	-0.0019787238	0.11806505	0.1367935566783839
B		B3_mean_developmental_correction									1.1389037370681765					per_gene																											smtnl	0.0080515025	0.050925877	0.0565689594145022
B		B3_mean_developmental_correction									1.4841009378433228					per_gene																											snai1a	-0.005674789	0.15588051	0.0498354057313183
B		B3_mean_developmental_correction									0.8256213068962097					per_gene																											snai2	0.13169743	0.14326017	0.1750619638525279
B		B3_mean_developmental_correction									0.7022637128829956					per_gene																											snrpc	0.0	0.012901473	0.0252567885698188
B		B3_mean_developmental_correction									0.6855378746986389					per_gene																											snrpd3	0.1263307	0.002140647	0.0031590431855358
B		B3_mean_developmental_correction									0.7617522478103638					per_gene																											snrpg	0.045495104	0.010625861	0.0090009577780868
B		B3_mean_developmental_correction									0.587203860282898					per_gene																											sox10	0.09824375	-0.023933752	-0.0288165381244917
B		B3_mean_developmental_correction									1.0498727560043335					per_gene																											sox11a	-0.0008056749	0.37824553	0.3495191973447095
B		B3_mean_developmental_correction									0.6233150959014893					per_gene																											sox11b	0.104095615	-0.18473998	-0.2103451037606951
B		B3_mean_developmental_correction									0.8714686632156372					per_gene																											sox13	-0.16691443	0.10224153	0.0902455927997921
B		B3_mean_developmental_correction									0.7053256630897522					per_gene																											sox17	-0.030550567	0.05317475	0.0512245817604609
B		B3_mean_developmental_correction									1.3379172086715698					per_gene																											sox19a	-0.010024317	0.5673859	0.3947321554504875
B		B3_mean_developmental_correction									1.1508805751800537					per_gene																											sox3	0.21406502	0.3223892	0.2566173037864299
B		B3_mean_developmental_correction									1.4374741315841677					per_gene																											sox32	-0.006334684	0.2152649	0.1891644211767116
B		B3_mean_developmental_correction									1.0087394714355469					per_gene																											sox5	-0.01898832	-0.026134202	-0.0187474852803595
B		B3_mean_developmental_correction									0.6699238419532776					per_gene																											sp5a	0.031722628	-0.032969262	-0.0322442204283111
B		B3_mean_developmental_correction									1.328864812850952					per_gene																											sp5l	-0.012747316	-0.21613386	-0.2282027813108098
B		B3_mean_developmental_correction									0.4135859608650207					per_gene																											spon1b	0.20535822	0.010156096	0.0164414417493231
B		B3_mean_developmental_correction									0.7784057855606079					per_gene																											srp19	-0.040347423	0.0050261677	0.0099343455854019
B		B3_mean_developmental_correction									0.7851929664611816					per_gene																											srrm4	0.002655078	-0.012638731	-0.0058028304847414
B		B3_mean_developmental_correction									0.6704487204551697					per_gene																											stmn1a	3.1810245e-08	0.02583085	0.0382337103669814
B		B3_mean_developmental_correction									0.7398982644081116					per_gene																											stox1	7.9672425e-08	0.057071008	0.0426409484681882
B		B3_mean_developmental_correction									0.2208399623632431					per_gene																											supt16h	1.893346e-08	0.16853827	0.1416182519069772
B		B3_mean_developmental_correction									0.9882948994636536					per_gene																											syne2b	0.03710189	0.07030938	0.0705321168545978
B		B3_mean_developmental_correction									1.2770715951919556					per_gene																											tagln2	-0.012258672	-0.15689917	-0.1621960131670465
B		B3_mean_developmental_correction									0.4620500206947326					per_gene																											tbr1b	0.10782102	0.012655963	0.0121705707542819
B		B3_mean_developmental_correction									0.7873111367225647					per_gene																											tbx1	0.040862758	0.15466075	0.1322233113370972
B		B3_mean_developmental_correction									1.914886832237244					per_gene																											tbx16	1.4376909e-07	0.21338108	0.2095998733977302
B		B3_mean_developmental_correction									1.7149362564086914					per_gene																											tbx16l	0.0048528714	0.25084695	0.2139303173696242
B		B3_mean_developmental_correction									0.8022090196609497					per_gene																											tbx3b	0.023653692	-0.0063154893	-0.0107689502758427
B		B3_mean_developmental_correction									0.9353194236755372					per_gene																											tbx6	0.03327394	-0.0032190625	-0.0007693321000251
B		B3_mean_developmental_correction									2.0848147869110107					per_gene																											tbxta	-0.010674916	0.4640684	0.4496477779393839
B		B3_mean_developmental_correction									1.193567991256714					per_gene																											tbxtb	0.0037929562	0.11159506	0.1169427431073518
B		B3_mean_developmental_correction									0.5683798789978027					per_gene																											tcf3b	-0.17132843	0.58672243	0.6231400571628792
B		B3_mean_developmental_correction									1.0740766525268557					per_gene																											tcf7	-0.0016242294	-0.08932088	-0.0988264507246453
B		B3_mean_developmental_correction									1.0658217668533323					per_gene																											tcf7l1a	-2.5407587e-08	0.057693467	0.0696958871968652
B		B3_mean_developmental_correction									1.006456971168518					per_gene																											tcf7l1b	-0.008548488	0.23281145	0.223719375068777
B		B3_mean_developmental_correction									0.8539540767669678					per_gene																											tcf7l2	0.0052080005	-0.011532649	-0.012087555046084
B		B3_mean_developmental_correction									1.0429606437683103					per_gene																											tdgf1	-0.041035764	0.027298754	0.0264736270361286
B		B3_mean_developmental_correction									0.9026033878326416					per_gene																											tead1a	0.0027878052	0.08570885	0.087964314444794
B		B3_mean_developmental_correction									0.8073359727859497					per_gene																											tead1b	0.21438122	0.016862258	0.0186695937016268
B		B3_mean_developmental_correction									1.512344241142273					per_gene																											tfap2a	-0.0012790035	0.24900441	0.2354616040441089
B		B3_mean_developmental_correction									2.070261716842652					per_gene																											tfap2c	0.036111504	-0.09824282	-0.1095079370093393
B		B3_mean_developmental_correction									0.4536455273628235					per_gene																											tgif1	0.0	0.063874155	0.0739664229105491
B		B3_mean_developmental_correction									0.5557273626327515					per_gene																											tlcd5a	-0.002472971	-0.027981041	-0.0222479590076524
B		B3_mean_developmental_correction									0.7540633082389832					per_gene																											tmed10	-0.03178203	0.00019061202	-0.0014007155980046
B		B3_mean_developmental_correction									0.7649120688438416					per_gene																											tmed2	-0.17487334	0.03893221	0.0379753596243896
B		B3_mean_developmental_correction									1.1054362058639526					per_gene																											tp63	0.027711991	-0.059143137	-0.0565277625249104
B		B3_mean_developmental_correction									0.7178213596343994					per_gene																											tpx2	0.012000444	0.008768046	-0.0026813073747119
B		B3_mean_developmental_correction									0.6047472953796387					per_gene																											tram1	0.0	-0.041959208	-0.0392343555855316
B		B3_mean_developmental_correction									0.7197368741035461					per_gene																											trps1	0.0066910577	-0.02348996	-0.0284780138443343
B		B3_mean_developmental_correction									0.7422595024108887					per_gene																											tshz3b	0.08002242	-0.04556893	-0.043295414638381
B		B3_mean_developmental_correction									0.9545368552207948					per_gene																											tuba1a	0.00074880075	-0.036838286	-0.0358337473712472
B		B3_mean_developmental_correction									0.549401581287384					per_gene																											tuba8l	4.69739e-08	0.035239257	0.0346061719301999
B		B3_mean_developmental_correction									1.3981127738952637					per_gene																											tuba8l2	-0.13946865	-0.31948102	-0.3024234223886432
B		B3_mean_developmental_correction									0.3198717534542084					per_gene																											tuba8l4	0.0	0.27014506	0.2306708891411442
B		B3_mean_developmental_correction									0.4060451686382293					per_gene																											tubb2b	-5.526974e-08	0.07835796	0.0826037798610147
B		B3_mean_developmental_correction									0.4992088973522186					per_gene																											twist1a	-0.03817833	0.10155852	0.0942938641169405
B		B3_mean_developmental_correction									0.8170176148414612					per_gene																											twist2	-0.06252557	-0.029080467	-0.0119823496448468
B		B3_mean_developmental_correction									0.7549044489860535					per_gene																											ube2c	-0.028898511	-0.018991362	-0.0137463685896753
B		B3_mean_developmental_correction									0.2906340956687927					per_gene																											uhrf1	-6.638706e-08	0.25688207	0.2155725225183436
B		B3_mean_developmental_correction									1.0583542585372925					per_gene																											unc5b	0.00866859	-0.08479055	-0.0901210900386897
B		B3_mean_developmental_correction									0.802856981754303					per_gene																											uncx4.1	4.325573e-08	0.08652992	0.0926126674989438
B		B3_mean_developmental_correction									0.7143972516059875					per_gene																											unga	-0.13242084	0.107189536	0.1190038160675554
B		B3_mean_developmental_correction									0.7732690572738647					per_gene																											usf1	-0.015864257	0.0548816	0.0526200631959531
B		B3_mean_developmental_correction									1.5004652738571167					per_gene																											ved	0.07627083	-0.32115403	-0.3749659477571331
B		B3_mean_developmental_correction									0.9240792989730836					per_gene																											vgll4l	0.0	0.036710206	0.0278107439273638
B		B3_mean_developmental_correction									0.7825222611427307					per_gene																											vox	8.102223e-08	-0.029159494	-0.032179229435844
B		B3_mean_developmental_correction									0.6186440587043762					per_gene																											vrtn	0.0	0.24253647	0.3414641833123678
B		B3_mean_developmental_correction									0.6280708312988281					per_gene																											vsx2	0.12858045	-0.021598507	-0.0190564198514666
B		B3_mean_developmental_correction									1.202547550201416					per_gene																											wnt11f2	0.121594325	0.5290632	0.5252580363840955
B		B3_mean_developmental_correction									1.14899742603302					per_gene																											wnt8a	0.040098198	-0.09243021	-0.1001290853313218
B		B3_mean_developmental_correction									1.169887900352478					per_gene																											xbp1	0.0	0.12629831	0.0489222140983131
B		B3_mean_developmental_correction									0.7744793891906738					per_gene																											zbtb18	0.18096255	0.044213675	0.0467467310301099
B		B3_mean_developmental_correction									0.7970993518829346					per_gene																											zc4h2	0.101932645	-0.0025927592	-0.0026621384037464
B		B3_mean_developmental_correction									0.9689086079597472					per_gene																											zeb1a	0.041557737	-0.14470407	-0.1869446784002214
B		B3_mean_developmental_correction									1.0236414670944214					per_gene																											zeb1b	0.0008419165	-0.02874234	-0.0282833782793295
B		B3_mean_developmental_correction									0.7440650463104248					per_gene																											zeb2a	-0.000779129	0.020502126	0.023462634441754
B		B3_mean_developmental_correction									1.1606342792510986					per_gene																											zeb2b	0.0	-0.03808632	-0.045217820380827
B		B3_mean_developmental_correction									0.6725968718528748					per_gene																											zfand5a	-0.087316446	-0.123067975	-0.1291993416245049
B		B3_mean_developmental_correction									0.5956316590309143					per_gene																											zgc:113372	-0.15089647	0.009469269	0.0143482239993441
B		B3_mean_developmental_correction									0.6240452527999878					per_gene																											zgc:113424	0.17390198	-0.0049665435	-0.0061659479808373
B		B3_mean_developmental_correction									0.5889247059822083					per_gene																											zgc:174154	-0.10040421	0.03141968	0.0322298429105573
B		B3_mean_developmental_correction									0.7138016819953918					per_gene																											zgc:175088	-0.002166822	0.07865599	0.0878299104302864
B		B3_mean_developmental_correction									1.5189402103424072					per_gene																											zic2a	-0.007238873	0.22359829	0.2085375676038034
B		B3_mean_developmental_correction									1.0801500082015991					per_gene																											zic2b	-0.001482664	0.11890055	0.0589825609065691
B		B3_mean_developmental_correction									1.4653960466384888					per_gene																											zic3	0.001538707	-0.04590546	-0.0472131140607865
B		B3_mean_developmental_correction									0.6909719109535217					per_gene																											zmp:0000000624	-0.16078618	0.0015579251	0.0038189062078506
B		B3_mean_developmental_correction									0.8004971742630005					per_gene																											znf1004	-0.008863069	0.1844075	0.1380828893382123
B		B3_mean_developmental_correction									1.3522530794143677					per_gene																											znf185	0.13401191	0.02205001	0.01364013964415
B		B3_mean_developmental_correction									0.5816986560821533					per_gene																											znf576.2	-1.2918632e-07	0.08113233	0.1051420726908088
B		B3_mean_developmental_correction									0.7564812302589417					per_gene																											znfl2a	0.0	0.34879288	0.3726983707350728
B		B3_mean_developmental_correction									0.6647223234176636					per_gene																											zswim5	-0.04891145	0.45408747	0.4674047385425867
B		B4_anchor_only_temporal									0.909199357032776					per_gene																											ackr3b	0.41105953	0.36052066	0.365721533057917
B		B4_anchor_only_temporal									1.0475965738296509					per_gene																											acvr1ba	0.0	0.27586323	0.2981323708506953
B		B4_anchor_only_temporal									0.2869085967540741					per_gene																											add3b	0.31785163	0.29546818	0.2857124466363109
B		B4_anchor_only_temporal									0.4629063308238983					per_gene																											adka	0.0	0.36961043	0.4065752231187318
B		B4_anchor_only_temporal									1.6148227453231812					per_gene																											admp	0.0	-0.18090166	-0.2251912725792571
B		B4_anchor_only_temporal									0.6523929238319397					per_gene																											ahi1	0.333474	0.29863918	0.3095562303476206
B		B4_anchor_only_temporal									0.303536057472229					per_gene																											akap12b	0.28154793	0.17711543	0.1836158076141721
B		B4_anchor_only_temporal									0.9590666890144348					per_gene																											alcamb	0.37926242	0.44176993	0.3867075434425831
B		B4_anchor_only_temporal									0.675534725189209					per_gene																											aldob	0.0	0.32433137	0.2751391982469345
B		B4_anchor_only_temporal									0.3502660989761352					per_gene																											anp32e	0.316028	0.10223204	0.0791661125225981
B		B4_anchor_only_temporal									0.726102352142334					per_gene																											apex1	0.16813421	0.0005709253	0.0070056246235842
B		B4_anchor_only_temporal									1.1121035814285278					per_gene																											aplnra	0.4089902	0.38986453	0.3545750687336742
B		B4_anchor_only_temporal									0.7417736649513245					per_gene																											aplnrb	0.07878959	0.05170419	0.0643226996653908
B		B4_anchor_only_temporal									0.8746921420097351					per_gene																											apoc1	0.33802274	0.30345264	0.3055692924785392
B		B4_anchor_only_temporal									0.5137373805046082					per_gene																											arf5	0.121244624	0.0302989	0.046383774860049
B		B4_anchor_only_temporal									0.5052102208137512					per_gene																											arhgap5	0.2364322	0.009905125	0.0083090584558839
B		B4_anchor_only_temporal									0.7071347236633301					per_gene																											arl4aa	0.21871226	0.16540368	0.1490994437182132
B		B4_anchor_only_temporal									0.9752180576324464					per_gene																											arl4ab	0.31701216	0.36639944	0.2578010051216017
B		B4_anchor_only_temporal									1.014889121055603					per_gene																											arl4d	0.41190672	0.31759486	0.3320787324363715
B		B4_anchor_only_temporal									0.7526280879974365					per_gene																											arl6ip5a	0.30593833	0.03939105	0.03878861694043
B		B4_anchor_only_temporal									0.7663235068321228					per_gene																											aspm	0.19695167	0.041876294	0.0402322429899769
B		B4_anchor_only_temporal									0.6518280506134033					per_gene																											atf6	0.12936422	0.061174694	0.0716340007150779
B		B4_anchor_only_temporal									0.4854510426521301					per_gene																											atoh1c	0.24655858	0.08690429	0.0833427983541451
B		B4_anchor_only_temporal									0.7369993329048157					per_gene																											atp2b1a	0.1577014	0.121064164	0.1163547021496145
B		B4_anchor_only_temporal									0.3324003219604492					per_gene																											atrxl	0.32988027	0.03987294	0.0497824149891819
B		B4_anchor_only_temporal									0.5111443996429443					per_gene																											aurkb	0.11339134	0.16021375	0.1687500008247766
B		B4_anchor_only_temporal									0.8656226992607117					per_gene																											axin2	0.28966123	0.09975828	0.0790629638365302
B		B4_anchor_only_temporal									0.739467442035675					per_gene																											bach1b	0.19172798	0.021211216	0.0148675041048936
B		B4_anchor_only_temporal									1.340887427330017					per_gene																											bambia	0.31325918	0.16094981	0.1735015101018994
B		B4_anchor_only_temporal									0.6796231865882874					per_gene																											baz1b	0.15864132	0.18091016	0.1922089547403675
B		B4_anchor_only_temporal									0.6818698644638062					per_gene																											bcl2l1	0.12832557	0.04658789	0.0585033639352142
B		B4_anchor_only_temporal									0.6593903303146362					per_gene																											bhlha15	0.08624653	0.08406511	0.073938419556164
B		B4_anchor_only_temporal									0.6036734580993652					per_gene																											blf	0.48330647	0.018417746	0.0252881986056031
B		B4_anchor_only_temporal									1.5301426649093628					per_gene																											bmp2b	0.23127134	-0.2957699	-0.3110248759990811
B		B4_anchor_only_temporal									1.2045470476150513					per_gene																											bmp4	0.39455363	0.09563389	0.1011620228279851
B		B4_anchor_only_temporal									1.0930633544921875					per_gene																											bmp7a	0.45160165	0.47933045	0.4644114734437904
B		B4_anchor_only_temporal									0.33353191614151					per_gene																											brd2a	0.17287579	0.07165671	0.0604573696796837
B		B4_anchor_only_temporal									0.7493425011634827					per_gene																											btg2	0.3337831	0.23289153	0.2320897792850751
B		B4_anchor_only_temporal									0.6509262919425964					per_gene																											c1qbp	0.0	0.30866152	0.3342398263429298
B		B4_anchor_only_temporal									0.7284983396530151					per_gene																											C7H16orf87	0.06707265	0.008449285	0.0097616490198134
B		B4_anchor_only_temporal									0.7346382141113281					per_gene																											ca9	0.11586385	0.19548583	0.1783654512295756
B		B4_anchor_only_temporal									0.7176895141601562					per_gene																											casz1	0.25344262	0.034689844	0.0254282341452105
B		B4_anchor_only_temporal									0.5336149334907532					per_gene																											cbx3a	0.0	0.18703851	0.1903313262141271
B		B4_anchor_only_temporal									0.7849228382110596					per_gene																											cbx5	0.0	0.23813729	0.2166271356102242
B		B4_anchor_only_temporal									0.8053789138793945					per_gene																											ccne2	0.15218085	0.013939508	0.0145327229820089
B		B4_anchor_only_temporal									0.4758136570453644					per_gene																											ccnf	0.22269914	0.030599462	0.0145817371621945
B		B4_anchor_only_temporal									0.6494918465614319					per_gene																											ccng1	0.13853939	0.06076598	0.0759956543255699
B		B4_anchor_only_temporal									0.7168399691581726					per_gene																											cd63	0.13297567	0.02116284	0.0213805009123177
B		B4_anchor_only_temporal									0.5232486128807068					per_gene																											cdc14b	0.20532487	0.083259195	0.0720526159836554
B		B4_anchor_only_temporal									0.7104307413101196					per_gene																											cdc42ep4a	0.22976445	0.057992514	0.0608832542366408
B		B4_anchor_only_temporal									0.5629034638404846					per_gene																											cdca8	0.119352944	0.1565064	0.1634201615221236
B		B4_anchor_only_temporal									0.5549305081367493					per_gene																											cdh1	0.20463374	0.38966486	0.4251151335804697
B		B4_anchor_only_temporal									0.7714750170707703					per_gene																											cdh2	0.28950828	0.26952374	0.2813318258493977
B		B4_anchor_only_temporal									1.0499550104141235					per_gene																											cdh6	0.3307183	0.23856539	0.2091044933860429
B		B4_anchor_only_temporal									0.8091742396354675					per_gene																											cdkn1ca	0.24394156	0.27764162	0.1728462828386342
B		B4_anchor_only_temporal									0.30729740858078					per_gene																											cdt1	0.25976735	0.15391572	0.1445753776472895
B		B4_anchor_only_temporal									1.2793631553649902					per_gene																											cdx1a	0.4021144	0.25882003	0.271843227096181
B		B4_anchor_only_temporal									2.502903461456299					per_gene																											cdx4	0.0	0.15362294	0.1217278974554951
B		B4_anchor_only_temporal									0.5353999733924866					per_gene																											cenpf	0.0847812	0.14569512	0.1668427794146408
B		B4_anchor_only_temporal									0.6405852437019348					per_gene																											cfl1l	0.0	0.032909337	0.0494326117295646
B		B4_anchor_only_temporal									0.6580568552017212					per_gene																											chaf1a	0.3141556	-0.0014590049	0.0046067438454582
B		B4_anchor_only_temporal									2.236100912094116					per_gene																											chrd	0.4159702	-0.21731836	-0.0454533827889285
B		B4_anchor_only_temporal									0.7344791293144226					per_gene																											chst11	0.2771738	0.056828048	0.0545586099168471
B		B4_anchor_only_temporal									0.7514514923095703					per_gene																											cldnd	0.15122502	0.017959718	0.0220856904575535
B		B4_anchor_only_temporal									0.8740566968917847					per_gene																											clic4	0.15457045	0.25316536	0.2777638881931393
B		B4_anchor_only_temporal									0.7517544031143188					per_gene																											clocka	0.19876477	0.015123056	0.0121730668484762
B		B4_anchor_only_temporal									0.77290278673172					per_gene																											cmtm6	0.18512976	-0.038308024	-0.0416244836717504
B		B4_anchor_only_temporal									0.6500703692436218					per_gene																											cnmd	0.15401998	0.008932865	0.0092984516450997
B		B4_anchor_only_temporal									0.7223381996154785					per_gene																											cnn3a	0.11075349	0.07806237	0.0839973787382035
B		B4_anchor_only_temporal									0.7584273815155029					per_gene																											coq10b	0.14371012	0.06271436	0.0563608853220408
B		B4_anchor_only_temporal									2.02155876159668					per_gene																											crabp2b	0.0	0.30642813	0.3260112874112874
B		B4_anchor_only_temporal									0.8038087487220764					per_gene																											creb3l1	0.0	0.1314205	0.0894729159063189
B		B4_anchor_only_temporal									0.8163318634033203					per_gene																											creb3l2	0.29593357	0.20484428	0.1327007290749895
B		B4_anchor_only_temporal									0.7679561376571655					per_gene																											csrp1a	0.10124059	-0.06968538	-0.0551684806641414
B		B4_anchor_only_temporal									0.907736599445343					per_gene																											cst3	0.17069633	0.1896589	0.1692751110521441
B		B4_anchor_only_temporal									0.248693898320198					per_gene																											ctcf	0.18391791	0.2229829	0.2182660068828131
B		B4_anchor_only_temporal									0.8187069892883301					per_gene																											cth1	0.25554532	0.11222897	0.0901015826646535
B		B4_anchor_only_temporal									0.6573858857154846					per_gene																											CU570769.1	0.24078856	0.079539716	0.08208817905694
B		B4_anchor_only_temporal									0.6100860238075256					per_gene																											cux1a	0.19799846	0.019532276	0.0192433997494532
B		B4_anchor_only_temporal									0.6407544016838074					per_gene																											cxcl12b	0.15194513	0.08175122	0.0821476699039699
B		B4_anchor_only_temporal									0.8067315816879272					per_gene																											cxcr4a	0.2721379	0.06309853	0.0745846195944797
B		B4_anchor_only_temporal									1.2438335418701172					per_gene																											dact2	0.0	0.25626522	0.2705755593463978
B		B4_anchor_only_temporal									0.6189103722572327					per_gene																											dand5	0.2685055	-0.012640468	-0.0167220900995016
B		B4_anchor_only_temporal									0.815454363822937					per_gene																											dbx1a	0.16903412	0.19537242	0.1893497030045006
B		B4_anchor_only_temporal									1.9123287200927732					per_gene																											ddx4	0.0	0.37182435	0.4079104426104556
B		B4_anchor_only_temporal									0.659148097038269					per_gene																											dharma	0.10933299	0.03280759	0.018643964152394
B		B4_anchor_only_temporal									0.2689960896968841					per_gene																											dkc1	0.0	0.27408862	0.2291751279719279
B		B4_anchor_only_temporal									0.613831639289856					per_gene																											dkk1b	0.37053043	0.12135845	0.0998263245148162
B		B4_anchor_only_temporal									1.308812141418457					per_gene																											dld	0.3375872	0.6297916	0.6117493184463676
B		B4_anchor_only_temporal									0.2824636697769165					per_gene																											dlgap5	0.25627434	0.20729755	0.1943513774828618
B		B4_anchor_only_temporal									1.410942792892456					per_gene																											dlx3b	0.3729235	0.39345744	0.357024017480052
B		B4_anchor_only_temporal									0.5044849514961243					per_gene																											dmd	0.2135314	0.14230351	0.1464205077987282
B		B4_anchor_only_temporal									0.4500367641448974					per_gene																											dnmt3bb.2	0.4568615	0.14768152	0.1301898500211959
B		B4_anchor_only_temporal									0.9673123955726624					per_gene																											drll.2	0.4394042	0.40106812	0.3369247236194155
B		B4_anchor_only_temporal									0.8304479122161865					per_gene																											drll.3	0.2751889	0.22125666	0.1572824859148547
B		B4_anchor_only_temporal									0.5872080326080322					per_gene																											dscc1	0.23069473	0.02778821	0.0312107401219358
B		B4_anchor_only_temporal									0.6837489604949951					per_gene																											dync1li1	0.23905651	0.052079283	0.051281200592016
B		B4_anchor_only_temporal									1.089190125465393					per_gene																											dynll1	0.27151954	0.07514013	0.0875116956460861
B		B4_anchor_only_temporal									0.7499305009841919					per_gene																											dynll2b	0.18006676	0.08150651	0.0875443016484553
B		B4_anchor_only_temporal									0.7111894488334656					per_gene																											ednraa	0.19627026	0.020543419	0.0190904369924833
B		B4_anchor_only_temporal									0.8662280440330505					per_gene																											efna1a	0.16142927	0.23312442	0.2151021724094496
B		B4_anchor_only_temporal									0.8058100342750549					per_gene																											efnb2a	0.24384803	0.20935823	0.1866309414662219
B		B4_anchor_only_temporal									0.9592649936676024					per_gene																											efnb2b	0.35059398	0.41625902	0.4266081219956067
B		B4_anchor_only_temporal									0.7351728081703186					per_gene																											egln1b	0.18263702	0.09108648	0.0718617970359214
B		B4_anchor_only_temporal									0.4377882182598114					per_gene																											eif3ea	0.3085721	0.18324938	0.1785035164143264
B		B4_anchor_only_temporal									0.70107102394104					per_gene																											elavl3	0.22539881	0.045061015	0.0488521688785152
B		B4_anchor_only_temporal									1.0223041772842407					per_gene																											elf1	0.0511084	0.11974026	0.1265241290634821
B		B4_anchor_only_temporal									0.7603735327720642					per_gene																											elob	0.22171484	-0.029446552	-0.029154455339555
B		B4_anchor_only_temporal									0.6787722110748291					per_gene																											emid1	0.28999758	0.012631292	0.0096185563103585
B		B4_anchor_only_temporal									0.6431487798690796					per_gene																											emx2	0.23476037	0.0074357605	0.0046387783244666
B		B4_anchor_only_temporal									0.7582019567489624					per_gene																											emx3	0.20712447	0.0072582434	-0.0012814814978899
B		B4_anchor_only_temporal									0.7354190945625305					per_gene																											epcam	0.21324526	0.045307986	0.0332364267920882
B		B4_anchor_only_temporal									0.9036645889282228					per_gene																											epha2a	0.41527402	0.47850645	0.4044723361689656
B		B4_anchor_only_temporal									0.9843937158584596					per_gene																											ephb3a	0.40608436	0.36819944	0.3823031302941247
B		B4_anchor_only_temporal									0.9430277347564696					per_gene																											eppk1	0.13137527	0.071718045	0.065140143544772
B		B4_anchor_only_temporal									0.5223551392555237					per_gene																											erf	0.37528998	0.20140204	0.2065144736967244
B		B4_anchor_only_temporal									0.8929010629653931					per_gene																											esrra	0.2316187	0.14503151	0.1526524439122625
B		B4_anchor_only_temporal									1.0635573863983154					per_gene																											ets2	0.24009721	0.18196087	0.1154685479973402
B		B4_anchor_only_temporal									0.5374683141708374					per_gene																											etv2	0.23253973	0.0040186807	0.0002078248170868
B		B4_anchor_only_temporal									0.7576317191123962					per_gene																											etv4	0.0	0.13885391	0.1480059979795999
B		B4_anchor_only_temporal									0.6812625527381897					per_gene																											etv5a	0.0	0.0125012025	0.0142721442328342
B		B4_anchor_only_temporal									0.4421186745166778					per_gene																											etv5b	0.2538659	0.29399776	0.2891865159507477
B		B4_anchor_only_temporal									1.477336049079895					per_gene																											eve1	0.2202101	0.040220812	0.0077506150684708
B		B4_anchor_only_temporal									0.7789458632469177					per_gene																											f11r.1	0.010840885	-0.018413892	-0.0151983439248458
B		B4_anchor_only_temporal									0.8167982697486877					per_gene																											fbln2	0.25614044	0.05442832	0.0503665066747771
B		B4_anchor_only_temporal									0.9116804599761964					per_gene																											fezf2	0.19594389	0.04576042	0.0644095844134094
B		B4_anchor_only_temporal									0.9655967354774476					per_gene																											fgf8a	0.32129312	0.2659793	0.2560680432874941
B		B4_anchor_only_temporal									1.2640308141708374					per_gene																											flrt3	0.29292065	0.45677072	0.4045990392043005
B		B4_anchor_only_temporal									1.3822433948516846					per_gene																											fn1a	0.40047467	0.3684271	0.3534347021113713
B		B4_anchor_only_temporal									1.0595743656158447					per_gene																											fn1b	0.33815187	0.16856849	0.1651601344756369
B		B4_anchor_only_temporal									0.7573286890983582					per_gene																											fnbp1l	0.007011435	-0.03251501	-0.0307383431581725
B		B4_anchor_only_temporal									0.585329532623291					per_gene																											fosab	0.20031603	0.18250602	0.1612795455670106
B		B4_anchor_only_temporal									0.8801832795143127					per_gene																											foxa	0.0	0.33209088	0.2723413941583986
B		B4_anchor_only_temporal									0.9340766072273254					per_gene																											foxa2	0.0	0.15868424	0.1135937897313642
B		B4_anchor_only_temporal									1.3646212816238403					per_gene																											foxa3	0.0	0.5590859	0.4853434255592552
B		B4_anchor_only_temporal									1.4932690858840942					per_gene																											foxb1a	0.388896	0.013993714	0.0204974663193112
B		B4_anchor_only_temporal									0.9655701518058776					per_gene																											foxb1b	0.3204631	0.23077852	0.2110502132187832
B		B4_anchor_only_temporal									1.5796294212341309					per_gene																											foxc1a	0.358296	0.43947166	0.3998392451641984
B		B4_anchor_only_temporal									0.9886449575424194					per_gene																											foxc1b	0.25905755	0.038466718	0.0418181577697941
B		B4_anchor_only_temporal									1.7546908855438232					per_gene																											foxd3	0.0	-0.08246365	-0.0786703285364258
B		B4_anchor_only_temporal									1.381304144859314					per_gene																											foxd5	0.23969747	0.34631732	0.3519688321614992
B		B4_anchor_only_temporal									0.5171571373939514					per_gene																											foxg1a	0.43562454	0.010749215	0.0073685701305209
B		B4_anchor_only_temporal									0.8164838552474976					per_gene																											foxh1	0.2582672	0.49755335	0.5452750496577863
B		B4_anchor_only_temporal									1.1655532121658323					per_gene																											foxi1	0.30108982	0.2845466	0.2434910173309873
B		B4_anchor_only_temporal									0.7489852905273438					per_gene																											foxn2b	0.2609041	0.25032035	0.2639214593363435
B		B4_anchor_only_temporal									0.3554012775421142					per_gene																											foxo1a	0.3436955	0.052075896	0.0575918407219241
B		B4_anchor_only_temporal									0.8005605340003967					per_gene																											foxp1b	0.26879853	0.02916796	0.0354618732802769
B		B4_anchor_only_temporal									1.0964062213897705					per_gene																											foxp2	0.13460223	0.0303053	0.0240636874110937
B		B4_anchor_only_temporal									0.8252604603767395					per_gene																											frmd4ba	0.22663912	0.10384453	0.0672030022363205
B		B4_anchor_only_temporal									0.9815416932106018					per_gene																											fscn1a	0.0	0.55717754	0.5541569290419351
B		B4_anchor_only_temporal									0.7207343578338623					per_gene																											fzd7a	0.38882595	0.22549637	0.2134329812336817
B		B4_anchor_only_temporal									0.7916371822357178					per_gene																											fzd7b	0.26317275	-0.08543922	-0.0922070805528641
B		B4_anchor_only_temporal									1.3521358966827393					per_gene																											fzd8a	0.0	-0.0091784205	-0.0122163306207785
B		B4_anchor_only_temporal									0.7119766473770142					per_gene																											gadd45gip1	0.10124301	0.05341102	0.0646253869857109
B		B4_anchor_only_temporal									0.7790155410766602					per_gene																											gapdh	0.2820755	0.046371337	0.0485508921767386
B		B4_anchor_only_temporal									1.6765621900558472					per_gene																											gata2a	0.2419	0.2127368	0.2045436691507759
B		B4_anchor_only_temporal									0.6425694227218628					per_gene																											gata3	0.21951647	-0.03671004	-0.0386499795104263
B		B4_anchor_only_temporal									1.4215812683105469					per_gene																											gata6	0.29328495	0.29523554	0.2407101488860888
B		B4_anchor_only_temporal									1.283397912979126					per_gene																											gbx1	0.2527342	0.013195014	0.0092314877289666
B		B4_anchor_only_temporal									0.5259953141212463					per_gene																											gcm2	0.20402142	0.081728674	0.0843132518335182
B		B4_anchor_only_temporal									0.7241586446762085					per_gene																											gfi1aa	0.24087629	0.00092944264	-0.0028501421890661
B		B4_anchor_only_temporal									1.0467188358306885					per_gene																											gli1	0.57333446	0.59953636	0.5315146934194446
B		B4_anchor_only_temporal									0.7963206171989441					per_gene																											gli2a	0.17223853	0.20467621	0.2051862686764261
B		B4_anchor_only_temporal									0.5713337659835815					per_gene																											gmnn	0.11516643	0.14812356	0.1523725977776011
B		B4_anchor_only_temporal									0.709162175655365					per_gene																											gpr137bb	0.23387522	-0.0052827895	-0.0087827924422847
B		B4_anchor_only_temporal									1.091402888298035					per_gene																											grhl1	0.2877006	0.14481223	0.1389180535235236
B		B4_anchor_only_temporal									0.7196474671363831					per_gene																											grhl2b	0.25992942	-0.0049774875	-0.005615727057897
B		B4_anchor_only_temporal									0.7317209243774414					per_gene																											gsc	0.21203616	0.04246477	0.0263554572555132
B		B4_anchor_only_temporal									0.8713810443878174					per_gene																											h1-0	0.06501364	0.08379314	0.0765175777997407
B		B4_anchor_only_temporal									0.430627703666687					per_gene																											hdlbpa	0.21447876	0.01210547	0.0123314949079439
B		B4_anchor_only_temporal									0.8223770260810852					per_gene																											helb	0.3171415	0.32709095	0.360814470191137
B		B4_anchor_only_temporal									0.7900026440620422					per_gene																											hells	0.18185721	0.053645577	0.0541115088860315
B		B4_anchor_only_temporal									1.4953222274780271					per_gene																											her1	0.0	0.46725821	0.4266025702915414
B		B4_anchor_only_temporal									0.7625640034675598					per_gene																											her11	0.17790931	0.07804413	0.0764502704933755
B		B4_anchor_only_temporal									0.7600531578063965					per_gene																											her12	0.19626687	0.1068914	0.1021462329537804
B		B4_anchor_only_temporal									0.8037904500961304					per_gene																											her2	0.19550341	0.03453532	0.0291271581574833
B		B4_anchor_only_temporal									0.6658334732055664					per_gene																											her3	0.17613727	0.09094491	0.0814955345257292
B		B4_anchor_only_temporal									0.91581392288208					per_gene																											her5	0.14071769	0.08900902	0.0923296634230822
B		B4_anchor_only_temporal									1.014689326286316					per_gene																											her6	0.2867613	0.2558987	0.2670887623672293
B		B4_anchor_only_temporal									1.061742901802063					per_gene																											her7	0.3361396	0.28541782	0.2754634810391077
B		B4_anchor_only_temporal									0.9997841715812684					per_gene																											her8a	0.32172492	0.42249954	0.411073428317906
B		B4_anchor_only_temporal									1.3024274110794067					per_gene																											her9	0.12622336	0.119542494	0.1028750597402177
B		B4_anchor_only_temporal									0.9189524054527284					per_gene																											hes6	0.0	0.06857186	0.0736874795455529
B		B4_anchor_only_temporal									0.659919023513794					per_gene																											hesx1	0.03309831	0.020363737	0.0194317167803746
B		B4_anchor_only_temporal									0.7650393843650818					per_gene																											hic1l	-0.0054636323	-0.0018353517	0.0163380260163686
B		B4_anchor_only_temporal									0.6422870755195618					per_gene																											higd1a	0.20921408	0.07641842	0.0563522817733439
B		B4_anchor_only_temporal									0.7280408143997192					per_gene																											hivep2a	0.3591347	0.0076540806	0.0007111965607473
B		B4_anchor_only_temporal									1.332935094833374					per_gene																											hoxb1b	0.14533485	0.07455524	0.054602995796365
B		B4_anchor_only_temporal									0.6982026696205139					per_gene																											hoxb7a	0.22542273	0.040594824	0.0387549443930855
B		B4_anchor_only_temporal									0.7320956587791443					per_gene																											hoxb8a	0.16378368	0.055173896	0.0524519185900097
B		B4_anchor_only_temporal									0.6618757843971252					per_gene																											hoxb9a	0.22653303	0.049882405	0.04580222148473
B		B4_anchor_only_temporal									0.7408895492553711					per_gene																											hoxc3a	0.13136165	0.060441058	0.0487813065683772
B		B4_anchor_only_temporal									0.6831446886062622					per_gene																											hoxc6a	0.16816822	0.055911936	0.0503053864402138
B		B4_anchor_only_temporal									0.5135599970817566					per_gene																											hoxc8a	0.34477118	0.022873957	0.0278471194209211
B		B4_anchor_only_temporal									0.7863602638244629					per_gene																											hsp90aa1.2	0.21186583	0.052894436	0.0426517498763556
B		B4_anchor_only_temporal									1.2157045602798462					per_gene																											id3	0.20212598	0.0699569	0.0522538950082701
B		B4_anchor_only_temporal									0.249844029545784					per_gene																											igf2bp1	0.39436036	0.2603208	0.2433556900478513
B		B4_anchor_only_temporal									0.7899217009544373					per_gene																											igfbp1a	0.21809252	0.08357341	0.0843537282495289
B		B4_anchor_only_temporal									0.909830629825592					per_gene																											irf2a	0.16763209	0.011406417	0.0058368275252254
B		B4_anchor_only_temporal									1.4305307865142822					per_gene																											irx1b	0.17421548	0.2439031	0.2508339716989066
B		B4_anchor_only_temporal									0.7068823575973511					per_gene																											irx3a	0.2595546	0.016213655	0.0137852284624865
B		B4_anchor_only_temporal									0.7424961924552917					per_gene																											irx5a	0.31295466	0.03716565	0.030187867564542
B		B4_anchor_only_temporal									1.3464359045028689					per_gene																											irx7	0.27837896	0.26184464	0.2645328170875915
B		B4_anchor_only_temporal									1.1156437397003174					per_gene																											ism1	0.26108757	0.24195911	0.2016017275729272
B		B4_anchor_only_temporal									0.6141335368156433					per_gene																											itga6a	0.16462097	0.07252911	0.0454663747554493
B		B4_anchor_only_temporal									0.9271025657653807					per_gene																											itgb5	0.0	-0.082674704	-0.098739561150031
B		B4_anchor_only_temporal									0.8599292635917664					per_gene																											itm2cb	0.27531648	0.07932937	0.078016745326977
B		B4_anchor_only_temporal									0.8583189249038696					per_gene																											jcada	0.2512676	0.22681245	0.2130057508108733
B		B4_anchor_only_temporal									0.8050458431243896					per_gene																											kank1a	0.21908987	0.11105047	0.0920263036660739
B		B4_anchor_only_temporal									0.888725996017456					per_gene																											kazald2	0.20362173	0.278689	0.2634010938231414
B		B4_anchor_only_temporal									0.7042593955993652					per_gene																											kdrl	0.26773235	0.041306276	0.0388629165525986
B		B4_anchor_only_temporal									0.7075480222702026					per_gene																											kif15	0.21623103	0.026455386	0.0255027249334946
B		B4_anchor_only_temporal									1.5104694366455078					per_gene																											kirrel3l	0.0	0.51692516	0.4323720664017819
B		B4_anchor_only_temporal									0.7117376327514648					per_gene																											klf17	0.19383971	-0.012839533	-0.023564838488984
B		B4_anchor_only_temporal									1.205463409423828					per_gene																											klf2a	0.43797782	0.28288764	0.2496649420767506
B		B4_anchor_only_temporal									1.546314001083374					per_gene																											klf2b	0.32576767	0.4178134	0.4066760885992715
B		B4_anchor_only_temporal									1.046772599220276					per_gene																											klf3	0.31776884	0.057731207	0.0531584249688901
B		B4_anchor_only_temporal									0.9651472568511964					per_gene																											klf7a	0.20662735	0.063482255	0.065105996800507
B		B4_anchor_only_temporal									0.770168662071228					per_gene																											klf8	0.22729403	0.25468454	0.2653977508525381
B		B4_anchor_only_temporal									0.4547050297260284					per_gene																											kmt5aa	0.11781928	0.09939777	0.1154063665750106
B		B4_anchor_only_temporal									1.609148383140564					per_gene																											krt4	0.49892133	0.19894964	0.194343075798179
B		B4_anchor_only_temporal									1.5282200574874878					per_gene																											krt8	0.5142698	0.12185456	0.11831226894603
B		B4_anchor_only_temporal									0.9367311000823976					per_gene																											krt99	0.21293896	0.09469374	0.0977659111777363
B		B4_anchor_only_temporal									0.6333394646644592					per_gene																											lamb1a	0.47482017	0.45013893	0.4967007391602844
B		B4_anchor_only_temporal									0.6638255715370178					per_gene																											lamc1	0.45775357	0.30419275	0.262430982139542
B		B4_anchor_only_temporal									0.7458987832069397					per_gene																											lamp2	0.15088165	0.21236502	0.1684209395390312
B		B4_anchor_only_temporal									0.781681478023529					per_gene																											lbx2	0.31013367	0.15498082	0.1292614685768472
B		B4_anchor_only_temporal									1.088054656982422					per_gene																											lef1	0.39060944	0.31708166	0.3261597548944152
B		B4_anchor_only_temporal									0.932321846485138					per_gene																											lft1	0.3105865	0.24355976	0.2330723139926603
B		B4_anchor_only_temporal									0.9356752038002014					per_gene																											lft2	0.3893497	0.3945824	0.2006593014161817
B		B4_anchor_only_temporal									0.8111146092414856					per_gene																											lgals3b	0.23793551	0.10016988	0.0793029193798595
B		B4_anchor_only_temporal									0.6587820053100586					per_gene																											lhfpl6	0.2478534	0.0472861	0.0420301162739457
B		B4_anchor_only_temporal									0.9183035492897034					per_gene																											lhx1a	0.33711022	0.43069783	0.3153859078843134
B		B4_anchor_only_temporal									1.2600442171096802					per_gene																											lhx5	0.3095792	0.3371033	0.3344690765053674
B		B4_anchor_only_temporal									0.8800575733184814					per_gene																											lima1a	0.2874808	0.34804592	0.3887769117688156
B		B4_anchor_only_temporal									0.3405426740646362					per_gene																											lmnb1	0.10986267	0.13140287	0.1417642241080507
B		B4_anchor_only_temporal									0.7611624002456665					per_gene																											lmo2	0.2635951	-0.002023957	0.0014277700088613
B		B4_anchor_only_temporal									1.3766132593154907					per_gene																											lmo4a	0.19737966	0.094894685	0.0927061555751675
B		B4_anchor_only_temporal									0.7794593572616577					per_gene																											lratb.1	0.12988614	0.05231015	0.0590977354256888
B		B4_anchor_only_temporal									0.7495479583740234					per_gene																											lratd1	0.14131404	0.044793595	0.0521027264185483
B		B4_anchor_only_temporal									0.6370187997817993					per_gene																											mab21l2	0.24966359	0.015083189	0.0116429860482755
B		B4_anchor_only_temporal									1.9853515625					per_gene																											mad1l1	0.0	0.08914221	0.0953700750929279
B		B4_anchor_only_temporal									0.7577608823776245					per_gene																											map1lc3b	0.20397256	0.053220145	0.0599067900443704
B		B4_anchor_only_temporal									0.589085578918457					per_gene																											map2k6	0.19602755	0.15649115	0.1510805354978154
B		B4_anchor_only_temporal									0.8271438479423523					per_gene																											mcama	0.16241255	0.0071944064	0.007465514758586
B		B4_anchor_only_temporal									0.7219784259796143					per_gene																											mcm2	0.0	0.1977406	0.1852716851008738
B		B4_anchor_only_temporal									0.6332368850708008					per_gene																											mcm3	0.0	0.2294509	0.135428553861106
B		B4_anchor_only_temporal									0.3109976351261139					per_gene																											mcm4	0.0	0.28390402	0.2668845843413173
B		B4_anchor_only_temporal									0.7688713669776917					per_gene																											mcm5	0.2940409	0.13560483	0.1259732284628595
B		B4_anchor_only_temporal									0.3253878951072693					per_gene																											mcm7	0.0	0.3240537	0.2691789607508854
B		B4_anchor_only_temporal									0.7366907000541687					per_gene																											mef2d	0.25322485	0.01745739	0.0144676437241287
B		B4_anchor_only_temporal									1.141453504562378					per_gene																											meis1b	0.41818947	0.39777884	0.3475643504604396
B		B4_anchor_only_temporal									0.7020684480667114					per_gene																											meis2a	0.1764008	0.01650818	0.0119079511576089
B		B4_anchor_only_temporal									1.084644794464111					per_gene																											meis3	0.21068275	0.18628947	0.1809855543220205
B		B4_anchor_only_temporal									0.739106297492981					per_gene																											meox1	0.15840924	0.06208258	0.0547680531255232
B		B4_anchor_only_temporal									0.6510249376296997					per_gene																											mespaa	0.063242994	0.07004008	0.0668723363720515
B		B4_anchor_only_temporal									0.8538804650306702					per_gene																											mespab	0.38522092	0.30325335	0.2644875793709674
B		B4_anchor_only_temporal									0.7419544458389282					per_gene																											mgst3b	0.11456786	-0.00013307329	0.0023403056038318
B		B4_anchor_only_temporal									0.7419691681861877					per_gene																											mibp2	0.19146822	0.06917044	0.0621303423451899
B		B4_anchor_only_temporal									1.216258883476257					per_gene																											mixl1	0.43393356	0.3158874	0.2943524472214341
B		B4_anchor_only_temporal									0.2433605790138244					per_gene																											mki67	0.32366055	0.16578494	0.1602187187074799
B		B4_anchor_only_temporal									0.7271670699119568					per_gene																											mns1	0.2285229	0.2030159	0.194049387547981
B		B4_anchor_only_temporal									1.8640073537826536					per_gene																											msgn1	0.47149184	0.41881916	0.380698721429704
B		B4_anchor_only_temporal									1.5512710809707642					per_gene																											msx1b	0.38941443	0.3367536	0.3324009967069706
B		B4_anchor_only_temporal									0.993238627910614					per_gene																											msx3	0.34533292	0.19951464	0.1813115465505974
B		B4_anchor_only_temporal									0.4930242598056793					per_gene																											mycb	0.19386484	0.026630325	0.0293770075832223
B		B4_anchor_only_temporal									0.6700618267059326					per_gene																											mych	0.2832216	0.21407574	0.1708787711791248
B		B4_anchor_only_temporal									0.8980119228363037					per_gene																											mycla	0.0	0.2841581	0.3206153825629605
B		B4_anchor_only_temporal									1.319286823272705					per_gene																											myclb	0.0	0.22461206	0.2336250397501952
B		B4_anchor_only_temporal									1.1179248094558716					per_gene																											mycn	0.28483048	0.29627743	0.3384391517267549
B		B4_anchor_only_temporal									0.7771373987197876					per_gene																											myf5	0.19946377	0.026552718	0.0302027682198395
B		B4_anchor_only_temporal									0.7769256830215454					per_gene																											myod1	0.20580894	0.134486	0.1139756691295824
B		B4_anchor_only_temporal									0.8501371741294861					per_gene																											nanog	0.10840968	0.0580735	0.0583926193999466
B		B4_anchor_only_temporal									0.4737162590026855					per_gene																											nap1l1	0.29133126	0.17848453	0.1913974098945436
B		B4_anchor_only_temporal									0.829058051109314					per_gene																											nasp	0.0	0.21548575	0.2174655847395085
B		B4_anchor_only_temporal									0.7644810676574707					per_gene																											ncapd2	0.0	0.09137314	0.0791806337663213
B		B4_anchor_only_temporal									0.4465591609477997					per_gene																											nckap5l	0.16163988	0.05334021	0.0634249890041213
B		B4_anchor_only_temporal									0.5651469230651855					per_gene																											ndr1	0.45692012	0.10681361	0.1102629562455546
B		B4_anchor_only_temporal									1.041268229484558					per_gene																											ndr2	0.3818032	0.3108689	0.2402145346458529
B		B4_anchor_only_temporal									0.7977038025856018					per_gene																											ndufv3	0.2725512	0.14746377	0.1346256608296448
B		B4_anchor_only_temporal									1.2324093580245972					per_gene																											nid2a	0.44670793	0.39769876	0.3781899430015463
B		B4_anchor_only_temporal									0.7635980248451233					per_gene																											nip7	0.13096912	0.20484483	0.2220632383757084
B		B4_anchor_only_temporal									0.7250860929489136					per_gene																											nkx1.2la	0.19652049	0.04847036	0.0454325379448647
B		B4_anchor_only_temporal									0.6223974823951721					per_gene																											nkx2.2a	0.2368878	0.11406797	0.1006132559757252
B		B4_anchor_only_temporal									0.8546024560928345					per_gene																											nog1	0.17983279	0.068140484	0.0429712907845444
B		B4_anchor_only_temporal									0.3205028474330902					per_gene																											nop58	0.0	0.24004628	0.236288747333968
B		B4_anchor_only_temporal									0.6656149625778198					per_gene																											notch1a	0.0	-0.08275806	-0.1029355078793593
B		B4_anchor_only_temporal									2.020446300506592					per_gene																											noto	0.0	0.06301103	0.1262837301644272
B		B4_anchor_only_temporal									0.761221170425415					per_gene																											nr2f2	0.31692526	-0.010753106	-0.009581782443739
B		B4_anchor_only_temporal									0.7120874524116516					per_gene																											nr6a1a	0.2283226	0.043925364	0.0385375298062433
B		B4_anchor_only_temporal									0.9635941982269288					per_gene																											nrarpa	0.18441637	0.16973719	0.1481132466737183
B		B4_anchor_only_temporal									0.7104640007019043					per_gene																											nsd2	0.32649615	0.35849586	0.3650210692453875
B		B4_anchor_only_temporal									0.8215881586074829					per_gene																											ntd5	0.31523564	0.29148117	0.1448104686823805
B		B4_anchor_only_temporal									0.9461562633514404					per_gene																											oclna	0.30492467	0.104615636	0.1089020858520367
B		B4_anchor_only_temporal									0.904287040233612					per_gene																											olig4	0.2383487	-0.09771719	-0.0910502110072963
B		B4_anchor_only_temporal									1.4365477561950684					per_gene																											otx1	0.26428503	0.33037964	0.320790385722306
B		B4_anchor_only_temporal									1.0137492418289185					per_gene																											otx2a	0.18350525	0.17650445	0.1816433267093939
B		B4_anchor_only_temporal									1.1869531869888306					per_gene																											otx2b	0.248039	0.24192363	0.2213075162587817
B		B4_anchor_only_temporal									0.6323012709617615					per_gene																											pax2a	0.16616435	0.08243542	0.0784426981811632
B		B4_anchor_only_temporal									0.9112776517868042					per_gene																											pax3a	0.22067796	0.06186211	0.0544273552782161
B		B4_anchor_only_temporal									0.7543888092041016					per_gene																											pax6a	0.30751708	0.05037939	0.0540193720335415
B		B4_anchor_only_temporal									0.6519729495048523					per_gene																											pax6b	0.0	0.011775804	0.0134377743024625
B		B4_anchor_only_temporal									0.6929356455802917					per_gene																											pbx1b	0.24358499	-0.008865797	-0.0140642100066622
B		B4_anchor_only_temporal									0.2517254948616028					per_gene																											pbx4	0.3061086	0.2102814	0.1992985876657743
B		B4_anchor_only_temporal									1.277436375617981					per_gene																											pcdh10b	0.4678726	0.46874312	0.3974571179537893
B		B4_anchor_only_temporal									0.5480211973190308					per_gene																											pcdh7b	0.3465004	0.007553112	0.0044222218780762
B		B4_anchor_only_temporal									0.4105373024940491					per_gene																											PCDH8	0.26057702	0.013719421	0.0103326605958363
B		B4_anchor_only_temporal									1.110042691230774					per_gene																											pcdh8	0.0	0.3574911	0.365046471893032
B		B4_anchor_only_temporal									0.9514474868774414					per_gene																											pdap1a	0.21787219	0.041140147	0.0649014886576417
B		B4_anchor_only_temporal									1.0160804986953735					per_gene																											perp	0.22665438	0.032212168	0.0412512609925145
B		B4_anchor_only_temporal									0.6491067409515381					per_gene																											pfn2	0.31777892	0.094719894	0.0927789927513786
B		B4_anchor_only_temporal									0.746541440486908					per_gene																											pitx2	0.16580816	0.0047026067	0.0071633878425095
B		B4_anchor_only_temporal									0.8177553415298462					per_gene																											pknox1.1	0.3276365	0.46096823	0.4974188904195318
B		B4_anchor_only_temporal									0.801703691482544					per_gene																											plagl2	0.06817149	0.0089769345	0.0041443111149483
B		B4_anchor_only_temporal									1.0433613061904907					per_gene																											plekhg5b	0.0	0.13229291	0.124806596662912
B		B4_anchor_only_temporal									0.6410483121871948					per_gene																											pmp22b	0.36167622	-0.013493528	-0.0179854865896737
B		B4_anchor_only_temporal									0.7357385158538818					per_gene																											pold3	0.24855301	0.10812703	0.1004947243693263
B		B4_anchor_only_temporal									0.6647860407829285					per_gene																											ppan	0.17886409	0.2137312	0.2204277682480057
B		B4_anchor_only_temporal									1.0323405265808103					per_gene																											ppp1r7	0.23877272	0.029205859	0.0279938401053077
B		B4_anchor_only_temporal									1.192292094230652					per_gene																											prdm1a	0.20328987	0.19345638	0.1892694622726573
B		B4_anchor_only_temporal									1.7267694473266602					per_gene																											prickle1b	0.0	0.29850444	0.3107653690121928
B		B4_anchor_only_temporal									0.3322040140628814					per_gene																											prmt1	0.29268894	0.1839246	0.2000743929302327
B		B4_anchor_only_temporal									0.6902226805686951					per_gene																											prox1a	0.26921493	-0.0035893058	-0.0071421894794793
B		B4_anchor_only_temporal									0.4606357514858246					per_gene																											ptp4a2b	0.17255682	0.06711495	0.0658985242869453
B		B4_anchor_only_temporal									0.7351753115653992					per_gene																											pttg1	0.13501734	0.035373677	0.0506174257350784
B		B4_anchor_only_temporal									0.8352813720703125					per_gene																											rab11fip4a	0.23539577	0.09740975	0.0939478042484346
B		B4_anchor_only_temporal									0.4434341788291931					per_gene																											rac1a	0.2542203	0.25721744	0.2515949293242872
B		B4_anchor_only_temporal									0.8050293326377869					per_gene																											raraa	0.121981256	0.091019996	0.0935800753255097
B		B4_anchor_only_temporal									1.1659146547317505					per_gene																											rasgef1ba	0.22296357	0.2984035	0.3137737133694681
B		B4_anchor_only_temporal									0.9648810029029846					per_gene																											rasl11b	0.16393256	0.1939129	0.2061899773645998
B		B4_anchor_only_temporal									0.3716335296630859					per_gene																											rbbp4	0.17815953	0.25280762	0.2193972844249695
B		B4_anchor_only_temporal									0.6763737797737122					per_gene																											rbm4.3	0.09502552	0.05592788	0.0802155481562566
B		B4_anchor_only_temporal									0.5804213881492615					per_gene																											rbm7	0.07437787	0.07991974	0.0783580615379277
B		B4_anchor_only_temporal									0.3574838638305664					per_gene																											rbmx	0.23063518	0.13910289	0.1299798261833541
B		B4_anchor_only_temporal									1.0829776525497437					per_gene																											rcc1	0.0	0.22964236	0.2128052235285231
B		B4_anchor_only_temporal									0.7741671204566956					per_gene																											rdh10b	0.08430053	-0.007997677	-0.0131128298013891
B		B4_anchor_only_temporal									0.6568873524665833					per_gene																											rfx2	0.0	-0.049846213	-0.0631980346066674
B		B4_anchor_only_temporal									0.777496337890625					per_gene																											rhov	0.0	0.26755267	0.2790606569998745
B		B4_anchor_only_temporal									0.7896068692207336					per_gene																											ripply1	0.06947024	0.03646541	0.0264478224739874
B		B4_anchor_only_temporal									0.8589435815811157					per_gene																											rnd1b	0.24997468	0.27587628	0.2572429287377578
B		B4_anchor_only_temporal									1.5281400680541992					per_gene																											rpl10	0.48117325	0.041184425	0.0502543154199523
B		B4_anchor_only_temporal									0.6239662170410156					per_gene																											rpl19	0.12464929	0.09478035	0.1154015077760677
B		B4_anchor_only_temporal									0.5327218174934387					per_gene																											rpl31	0.054597292	-0.012995866	-0.0094144580437556
B		B4_anchor_only_temporal									0.7259610295295715					per_gene																											rpl34	0.17963119	0.05875189	0.0526256899563089
B		B4_anchor_only_temporal									0.7353931665420532					per_gene																											rpl38	0.0	0.0071745804	0.0059021329354652
B		B4_anchor_only_temporal									0.7856738567352295					per_gene																											rpl4	0.19968158	0.08832873	0.0790356635590519
B		B4_anchor_only_temporal									0.3290141522884369					per_gene																											rpl5a	0.19451639	0.12946437	0.144728366817026
B		B4_anchor_only_temporal									0.4222315847873688					per_gene																											rpl6	0.11615516	0.11043043	0.1210568342903331
B		B4_anchor_only_temporal									0.7886147499084473					per_gene																											rplp0	0.19598158	0.125631	0.1244640119934424
B		B4_anchor_only_temporal									1.3311705589294434					per_gene																											rplp2l	0.45422918	0.05246662	0.0556571757311613
B		B4_anchor_only_temporal									0.3009352385997772					per_gene																											rps3	0.08615499	0.07450502	0.0784138051854019
B		B4_anchor_only_temporal									0.2803313434123993					per_gene																											rps6	0.25384057	0.100767784	0.1141517411743365
B		B4_anchor_only_temporal									1.0059019327163696					per_gene																											rrbp1b	0.19717422	0.22946501	0.1793151709015461
B		B4_anchor_only_temporal									1.1840802431106567					per_gene																											rreb1a	0.26707867	0.17554423	0.1778313936925993
B		B4_anchor_only_temporal									1.0349738597869873					per_gene																											rreb1b	0.0	-0.03347023	-0.0494151531013301
B		B4_anchor_only_temporal									0.8267714977264404					per_gene																											rrm2	0.0	0.28887165	0.2589100098486855
B		B4_anchor_only_temporal									0.7125454545021057					per_gene																											rrp8	0.27245945	0.026523067	0.0261480828613822
B		B4_anchor_only_temporal									0.6999454498291016					per_gene																											rx3	0.19538811	0.028310213	0.0274908923297067
B		B4_anchor_only_temporal									0.7685503959655762					per_gene																											rxrgb	0.2964967	0.09052959	0.0854876806750704
B		B4_anchor_only_temporal									0.6652275323867798					per_gene																											sall1a	0.0	0.0744088	0.0697528270614375
B		B4_anchor_only_temporal									0.7902814149856567					per_gene																											sall3a	0.2613637	0.05130641	0.0623987690558375
B		B4_anchor_only_temporal									1.0090731382369995					per_gene																											sall3b	0.0	0.2774749	0.257845265533469
B		B4_anchor_only_temporal									0.7718768119812012					per_gene																											sdc4	0.11756883	0.08994438	0.0994919086648289
B		B4_anchor_only_temporal									0.5404810905456543					per_gene																											sebox	0.44492084	0.16563809	0.1656315983936231
B		B4_anchor_only_temporal									1.2773414850234983					per_gene																											sept9a	0.4054305	0.3825429	0.3774594579565459
B		B4_anchor_only_temporal									0.8956488370895386					per_gene																											shha	0.22682597	0.22188357	0.1137836952936836
B		B4_anchor_only_temporal									0.8664065003395081					per_gene																											si:ch211-106e7.2	0.3561795	0.262982	0.2804419938558861
B		B4_anchor_only_temporal									0.769999623298645					per_gene																											si:ch211-113a14.18	0.09745711	0.13359682	0.1336501240991311
B		B4_anchor_only_temporal									0.8319495916366577					per_gene																											si:ch211-114n24.6	0.1685686	0.06864327	0.0666786516610651
B		B4_anchor_only_temporal									0.4951852560043335					per_gene																											si:ch211-155e24.3	0.25406748	0.21339045	0.220972799429589
B		B4_anchor_only_temporal									0.5733072757720947					per_gene																											si:ch211-161h7.4	0.0	0.06781888	0.0755266353324339
B		B4_anchor_only_temporal									0.4436522126197815					per_gene																											si:ch211-163l21.7	0.2574553	0.009832188	0.0117136023750855
B		B4_anchor_only_temporal									0.8164493441581726					per_gene																											si:dkey-108k21.14	0.18732537	0.15822458	0.1070551894915264
B		B4_anchor_only_temporal									0.4320120811462402					per_gene																											si:dkey-108k21.21	0.40493512	0.016509492	0.0170280241343302
B		B4_anchor_only_temporal									0.9329320788383484					per_gene																											si:dkey-261h17.1	0.3973828	0.28522897	0.290562453101888
B		B4_anchor_only_temporal									0.8383285403251648					per_gene																											si:dkey-261m9.12	0.2505614	0.2402901	0.2275269992250425
B		B4_anchor_only_temporal									0.5446932911872864					per_gene																											si:dkey-66i24.9	0.087817065	0.014258517	0.0156156097504651
B		B4_anchor_only_temporal									0.7227087616920471					per_gene																											si:dkey-68o6.5	0.11239274	0.019110736	0.0150409332606712
B		B4_anchor_only_temporal									0.7169206142425537					per_gene																											si:dkey-92i17.2	0.21441424	0.040989105	0.0231896424093237
B		B4_anchor_only_temporal									0.6362539529800415					per_gene																											six3b	0.20136225	0.16720684	0.1508247685013248
B		B4_anchor_only_temporal									1.1678574085235596					per_gene																											six4a	0.4672102	0.44258973	0.3911195091236827
B		B4_anchor_only_temporal									0.7608535885810852					per_gene																											six4b	0.0	0.122882955	0.1209121804557519
B		B4_anchor_only_temporal									0.9175440073013306					per_gene																											six7	0.2541342	0.10516849	0.1066664573227901
B		B4_anchor_only_temporal									0.8124114274978638					per_gene																											skia	0.3120902	0.28013548	0.3149755671881363
B		B4_anchor_only_temporal									0.7037163376808167					per_gene																											skila	0.10741212	0.06932719	0.1035642722043561
B		B4_anchor_only_temporal									1.0974756479263306					per_gene																											skilb	0.0	0.11806505	0.136793491972092
B		B4_anchor_only_temporal									1.0612473487854004					per_gene																											smtnl	0.30580208	0.24837783	0.2144899359558108
B		B4_anchor_only_temporal									1.5168253183364868					per_gene																											snai1a	0.3436352	0.36520588	0.3270631775645155
B		B4_anchor_only_temporal									0.8427106142044067					per_gene																											snai2	0.1004795	0.15192834	0.1809086249461057
B		B4_anchor_only_temporal									0.6956848502159119					per_gene																											snrpc	0.13847882	0.026953315	0.0412977705752906
B		B4_anchor_only_temporal									0.666132926940918					per_gene																											snrpd3	0.34389928	0.035991605	0.0319307710131316
B		B4_anchor_only_temporal									0.7993466258049011					per_gene																											snrpg	0.0	0.010572689	0.0090006691800598
B		B4_anchor_only_temporal									0.5713881850242615					per_gene																											sox10	0.31390825	-0.001485099	-0.0040732460107189
B		B4_anchor_only_temporal									0.9602705240249634					per_gene																											sox11a	0.39027914	0.47954845	0.4384453453893462
B		B4_anchor_only_temporal									0.6276898384094238					per_gene																											sox11b	0.1751713	-0.0012308158	-0.0074321912793682
B		B4_anchor_only_temporal									0.8417156934738159					per_gene																											sox13	0.27319136	0.2146998	0.1837642138812169
B		B4_anchor_only_temporal									0.6932387948036194					per_gene																											sox17	0.13473606	0.12611084	0.1091758539789833
B		B4_anchor_only_temporal									1.4272843599319458					per_gene																											sox19a	0.0	0.567386	0.3947321554504875
B		B4_anchor_only_temporal									1.1391708850860596					per_gene																											sox3	0.2711758	0.34229738	0.2835479045998116
B		B4_anchor_only_temporal									1.3659955263137815					per_gene																											sox32	0.3214552	0.2996569	0.2606357530482168
B		B4_anchor_only_temporal									0.9266875982284546					per_gene																											sox5	0.3950828	0.37632582	0.365892575783362
B		B4_anchor_only_temporal									0.6604359149932861					per_gene																											sp5a	0.25040403	-0.008551726	-0.0092980776756184
B		B4_anchor_only_temporal									1.3128687143325806					per_gene																											sp5l	0.42134947	0.1871366	0.1627459985022097
B		B4_anchor_only_temporal									0.3929336667060852					per_gene																											spon1b	0.35788798	0.04003864	0.0435471873276085
B		B4_anchor_only_temporal									0.7614527940750122					per_gene																											srp19	0.18160386	-0.009619359	-0.0114623725004448
B		B4_anchor_only_temporal									0.7641666531562805					per_gene																											srrm4	0.13847278	0.05816957	0.0620750616600987
B		B4_anchor_only_temporal									0.6883538961410522					per_gene																											stmn1a	0.09928472	0.040719703	0.0572981710200201
B		B4_anchor_only_temporal									0.7791818380355835					per_gene																											stox1	0.10123007	0.08000923	0.0742387743033995
B		B4_anchor_only_temporal									0.2129840552806854					per_gene																											supt16h	0.0	0.16853829	0.1416182519069772
B		B4_anchor_only_temporal									0.9834380745887756					per_gene																											syne2b	0.31456706	0.2717278	0.2617006688694014
B		B4_anchor_only_temporal									1.3489758968353271					per_gene																											tagln2	0.2798382	0.053362887	0.0583033374560785
B		B4_anchor_only_temporal									0.5082972049713135					per_gene																											tbr1b	0.2512152	0.018148664	0.0166598359502275
B		B4_anchor_only_temporal									0.7805260419845581					per_gene																											tbx1	0.16766721	0.19094576	0.1656926020490363
B		B4_anchor_only_temporal									1.988551497459412					per_gene																											tbx16	0.43706378	0.46077132	0.4483666327272685
B		B4_anchor_only_temporal									1.5598915815353394					per_gene																											tbx16l	0.41164482	0.46090907	0.41334667673502
B		B4_anchor_only_temporal									0.822313666343689					per_gene																											tbx3b	0.2896232	0.025856128	0.0214261790754829
B		B4_anchor_only_temporal									0.9184707403182985					per_gene																											tbx6	0.28190687	0.040395528	0.0382401583459973
B		B4_anchor_only_temporal									1.9543958902359009					per_gene																											tbxta	0.08807316	0.47031525	0.4557165397283316
B		B4_anchor_only_temporal									1.224441647529602					per_gene																											tbxtb	0.0	0.11165544	0.1169427431073518
B		B4_anchor_only_temporal									0.7012358903884888					per_gene																											tcf3b	0.0	0.5867225	0.6231400396627585
B		B4_anchor_only_temporal									0.9788777232170104					per_gene																											tcf7	0.42576686	0.35401493	0.3633408295019295
B		B4_anchor_only_temporal									0.9816282391548156					per_gene																											tcf7l1a	0.4122335	0.39349964	0.4058804881597351
B		B4_anchor_only_temporal									0.9734035730361938					per_gene																											tcf7l1b	0.34238684	0.35050032	0.3490926530722638
B		B4_anchor_only_temporal									0.787217378616333					per_gene																											tcf7l2	0.23224144	0.015709454	0.0194218906663998
B		B4_anchor_only_temporal									0.9844298362731934					per_gene																											tdgf1	0.3402805	0.30606335	0.301313064315947
B		B4_anchor_only_temporal									0.9445461630821228					per_gene																											tead1a	0.29582095	0.20024726	0.2128530577905049
B		B4_anchor_only_temporal									0.7830914258956909					per_gene																											tead1b	0.24570023	0.019238802	0.0231246109556138
B		B4_anchor_only_temporal									1.3916949033737185					per_gene																											tfap2a	0.38864404	0.44956717	0.4295718321621145
B		B4_anchor_only_temporal									1.9808505773544312					per_gene																											tfap2c	0.3221751	0.06549625	0.0886953636596951
B		B4_anchor_only_temporal									0.4751608073711395					per_gene																											tgif1	0.24420093	0.1484519	0.1642867186391228
B		B4_anchor_only_temporal									0.5705848932266235					per_gene																											tlcd5a	0.22099438	0.14467612	0.1670908341927544
B		B4_anchor_only_temporal									0.7298749089241028					per_gene																											tmed10	0.26168004	-0.0016508446	-0.0042410894516365
B		B4_anchor_only_temporal									0.7467401027679443					per_gene																											tmed2	0.22021076	0.02257096	0.0176518941394561
B		B4_anchor_only_temporal									1.0981488227844238					per_gene																											tp63	0.0	-0.059143137	-0.0565277625249104
B		B4_anchor_only_temporal									0.7343918681144714					per_gene																											tpx2	0.20246068	0.0076673827	-0.0030106315475987
B		B4_anchor_only_temporal									0.6122560501098633					per_gene																											tram1	0.17569523	0.067996755	0.0629642473269087
B		B4_anchor_only_temporal									0.6982179880142212					per_gene																											trps1	0.25542352	0.0023219734	0.0074861217991861
B		B4_anchor_only_temporal									0.7870576977729797					per_gene																											tshz3b	0.3107007	0.039865937	0.0367612219505055
B		B4_anchor_only_temporal									0.9262524843215942					per_gene																											tuba1a	0.20175573	0.13280648	0.1440463719876255
B		B4_anchor_only_temporal									0.5220671892166138					per_gene																											tuba8l	0.21710789	0.012747342	-0.0025734184693808
B		B4_anchor_only_temporal									1.248762130737305					per_gene																											tuba8l2	0.46758756	0.31508878	0.2825043052670968
B		B4_anchor_only_temporal									0.3584220111370086					per_gene																											tuba8l4	0.2431356	0.35384682	0.3270847619035801
B		B4_anchor_only_temporal									0.4072507321834564					per_gene																											tubb2b	0.08108846	0.09658579	0.0918295467724934
B		B4_anchor_only_temporal									0.5151925683021545					per_gene																											twist1a	0.044415284	0.105753854	0.0979058852412994
B		B4_anchor_only_temporal									0.8412840366363525					per_gene																											twist2	0.0	-0.029080462	-0.0119823496448468
B		B4_anchor_only_temporal									0.7439887523651123					per_gene																											ube2c	0.12121124	-0.0048804143	0.0031322389379015
B		B4_anchor_only_temporal									0.2916619479656219					per_gene																											uhrf1	0.22597083	0.3200786	0.2759192579990813
B		B4_anchor_only_temporal									0.9609655737876892					per_gene																											unc5b	0.36660814	0.3052974	0.2744552218779817
B		B4_anchor_only_temporal									0.8604381680488586					per_gene																											uncx4.1	0.1698403	0.14157553	0.1393183691434143
B		B4_anchor_only_temporal									0.6919122934341431					per_gene																											unga	0.18693124	0.12634778	0.1242170588250525
B		B4_anchor_only_temporal									0.7468892931938171					per_gene																											usf1	0.21052481	0.05524148	0.0538811936747899
B		B4_anchor_only_temporal									1.4888314008712769					per_gene																											ved	0.19225867	-0.28558788	-0.3185386210082104
B		B4_anchor_only_temporal									0.9055299758911132					per_gene																											vgll4l	0.17719091	0.16553159	0.1359843675078357
B		B4_anchor_only_temporal									0.7691233158111572					per_gene																											vox	0.21799465	0.01830366	0.0170121912016878
B		B4_anchor_only_temporal									0.5248611569404602					per_gene																											vrtn	0.52665335	0.4434669	0.5174467595046869
B		B4_anchor_only_temporal									0.6071850657463074					per_gene																											vsx2	0.3628253	0.0066798166	0.0095622450315212
B		B4_anchor_only_temporal									1.1463394165039062					per_gene																											wnt11f2	0.23898892	0.53790945	0.531689481293225
B		B4_anchor_only_temporal									1.163514494895935					per_gene																											wnt8a	0.0	-0.092430204	-0.1001290650204195
B		B4_anchor_only_temporal									1.513924241065979					per_gene																											xbp1	0.0	0.12629831	0.0489222140983131
B		B4_anchor_only_temporal									0.7549569010734558					per_gene																											zbtb18	0.2271519	0.05801234	0.0632256332318988
B		B4_anchor_only_temporal									0.802740216255188					per_gene																											zc4h2	0.093255	-0.017984346	-0.0170565250262561
B		B4_anchor_only_temporal									0.9921967387199402					per_gene																											zeb1a	0.2979589	-0.07864204	-0.1140514301418645
B		B4_anchor_only_temporal									0.9994739294052124					per_gene																											zeb1b	0.35115188	0.29754603	0.3066120089580364
B		B4_anchor_only_temporal									0.7279682755470276					per_gene																											zeb2a	0.22496575	0.10567449	0.1033211509005677
B		B4_anchor_only_temporal									1.1230899095535278					per_gene																											zeb2b	0.0874797	-0.029282698	-0.035703580944705
B		B4_anchor_only_temporal									0.6226311922073364					per_gene																											zfand5a	0.30342466	0.12885626	0.1409631151337268
B		B4_anchor_only_temporal									0.577414333820343					per_gene																											zgc:113372	0.20859487	0.05304603	0.0527057131764838
B		B4_anchor_only_temporal									0.5861321091651917					per_gene																											zgc:113424	0.3570056	0.031174457	0.0271411771755865
B		B4_anchor_only_temporal									0.5731332898139954					per_gene																											zgc:174154	0.24056669	0.090327926	0.0900939792807403
B		B4_anchor_only_temporal									0.7226861715316772					per_gene																											zgc:175088	0.033119477	0.08116937	0.0936624981320309
B		B4_anchor_only_temporal									1.4820646047592163					per_gene																											zic2a	0.23387031	0.31356582	0.3023293553027354
B		B4_anchor_only_temporal									1.2936582565307615					per_gene																											zic2b	0.0	0.11890058	0.0589825609065691
B		B4_anchor_only_temporal									1.4284298419952393					per_gene																											zic3	0.22894369	0.15047659	0.1534143321770633
B		B4_anchor_only_temporal									0.7844152450561523					per_gene																											zmp:0000000624	0.0	0.0015579254	0.0038189062078506
B		B4_anchor_only_temporal									0.7592248916625977					per_gene																											znf1004	0.35441288	0.35338485	0.2874634065610962
B		B4_anchor_only_temporal									1.2807221412658691					per_gene																											znf185	0.41251382	0.1008434	0.0953187258807072
B		B4_anchor_only_temporal									0.5706720948219299					per_gene																											znf576.2	0.15183805	0.14284427	0.1506305896496756
B		B4_anchor_only_temporal									0.7641344666481018					per_gene																											znfl2a	0.27259928	0.4342684	0.4733272444946364
B		B4_anchor_only_temporal									0.6545029878616333					per_gene																											zswim5	0.0	0.45408747	0.4674047385425867
B		B5_trajectory_free_map_t									0.9897937178611756					per_gene																											ackr3b	0.22839387	0.20793557	0.2228509304910972
B		B5_trajectory_free_map_t									0.8354704976081848					per_gene																											acvr1ba	0.24137071	0.3427578	0.3642422421663974
B		B5_trajectory_free_map_t									0.3871483504772186					per_gene																											add3b	0.19046706	0.30714056	0.3218804980961912
B		B5_trajectory_free_map_t									0.46376633644104					per_gene																											adka	-0.00765044	0.35653234	0.3921932719116774
B		B5_trajectory_free_map_t									1.623088240623474					per_gene																											admp	-0.027926806	-0.16798027	-0.2055756706519982
B		B5_trajectory_free_map_t									0.766636073589325					per_gene																											ahi1	-0.01030859	-0.18548204	-0.1891133963310742
B		B5_trajectory_free_map_t									0.3493472635746002					per_gene																											akap12b	0.034073543	-0.051610526	-0.0594230878245576
B		B5_trajectory_free_map_t									1.147255301475525					per_gene																											alcamb	0.30052984	0.41302437	0.3536069423858742
B		B5_trajectory_free_map_t									0.7971205115318298					per_gene																											aldob	-0.20854387	0.16307685	0.1497988805973698
B		B5_trajectory_free_map_t									0.3685370981693268					per_gene																											anp32e	0.30611843	0.21076454	0.2040037872038979
B		B5_trajectory_free_map_t									0.7262163758277893					per_gene																											apex1	0.06883025	-0.0004569072	0.0059100140330195
B		B5_trajectory_free_map_t									1.1243994235992432					per_gene																											aplnra	0.47197396	0.40941188	0.405956665435942
B		B5_trajectory_free_map_t									0.7393941283226013					per_gene																											aplnrb	0.019410715	0.026684202	0.0327293914222599
B		B5_trajectory_free_map_t									0.988370418548584					per_gene																											apoc1	-0.11160625	-0.048593834	-0.0538870566263674
B		B5_trajectory_free_map_t									0.5743111968040466					per_gene																											arf5	0.0	0.06951008	0.0951480626763146
B		B5_trajectory_free_map_t									0.5175320506095886					per_gene																											arhgap5	0.101787694	-0.036618434	-0.0442767430150889
B		B5_trajectory_free_map_t									0.7102054953575134					per_gene																											arl4aa	0.21824671	0.16327377	0.1515060334966571
B		B5_trajectory_free_map_t									0.8823946118354797					per_gene																											arl4ab	0.43748724	0.31501415	0.2229533105737763
B		B5_trajectory_free_map_t									1.053761601448059					per_gene																											arl4d	0.16515963	0.10409998	0.1029433153290759
B		B5_trajectory_free_map_t									0.7579350471496582					per_gene																											arl6ip5a	0.17436972	0.05226317	0.0470308494126327
B		B5_trajectory_free_map_t									0.7675525546073914					per_gene																											aspm	0.14581388	-0.0024446165	-0.0068863503268596
B		B5_trajectory_free_map_t									0.6527296304702759					per_gene																											atf6	0.0	0.021644542	0.0320476594415718
B		B5_trajectory_free_map_t									0.5088158845901489					per_gene																											atoh1c	0.15998366	0.10384653	0.0964062663920896
B		B5_trajectory_free_map_t									0.7337988615036011					per_gene																											atp2b1a	0.1738783	0.13092777	0.1306910579797991
B		B5_trajectory_free_map_t									0.3439501821994781					per_gene																											atrxl	0.26316315	0.036909413	0.0356284399932379
B		B5_trajectory_free_map_t									0.5788131356239319					per_gene																											aurkb	0.10087457	0.1682349	0.1937709455693428
B		B5_trajectory_free_map_t									0.8735812306404114					per_gene																											axin2	0.17879918	0.015520776	0.0289316730024561
B		B5_trajectory_free_map_t									0.8297112584114075					per_gene																											bach1b	0.0	0.002277047	0.002802213113256
B		B5_trajectory_free_map_t									1.7822940349578855					per_gene																											bambia	-0.4177846	-0.3358225	-0.3659826476309117
B		B5_trajectory_free_map_t									0.6671940088272095					per_gene																											baz1b	0.17925662	0.21604303	0.240571881070611
B		B5_trajectory_free_map_t									0.7234576940536499					per_gene																											bcl2l1	0.07374219	0.009699231	0.0103431944066963
B		B5_trajectory_free_map_t									0.6998206377029419					per_gene																											bhlha15	0.0	0.07323945	0.0684345206858896
B		B5_trajectory_free_map_t									0.7163702249526978					per_gene																											blf	0.4474842	0.07275495	0.0756426893253331
B		B5_trajectory_free_map_t									2.119513988494873					per_gene																											bmp2b	-0.5020581	-0.40574145	-0.4242729958483712
B		B5_trajectory_free_map_t									1.618391513824463					per_gene																											bmp4	-0.39123353	-0.32644984	-0.3421418034082906
B		B5_trajectory_free_map_t									1.7039308547973633					per_gene																											bmp7a	-0.42105618	-0.2908255	-0.2943422154148922
B		B5_trajectory_free_map_t									0.3461558520793915					per_gene																											brd2a	0.05182995	-0.076452084	-0.0680943348417998
B		B5_trajectory_free_map_t									0.8133244514465332					per_gene																											btg2	0.18045738	0.11445749	0.1242574709118499
B		B5_trajectory_free_map_t									0.6501815915107727					per_gene																											c1qbp	0.25535747	0.36764202	0.3799659114282858
B		B5_trajectory_free_map_t									0.733188271522522					per_gene																											C7H16orf87	-0.039540417	-0.024368081	-0.0240499050499802
B		B5_trajectory_free_map_t									0.7262771725654602					per_gene																											ca9	0.28916213	0.2853006	0.3061723563275252
B		B5_trajectory_free_map_t									0.7638437747955322					per_gene																											casz1	0.12637451	0.04351137	0.0274810347705025
B		B5_trajectory_free_map_t									0.4921270608901977					per_gene																											cbx3a	0.05580275	0.21103369	0.2181735738702257
B		B5_trajectory_free_map_t									0.4245811104774475					per_gene																											cbx5	0.22741319	0.29905096	0.2637624671111351
B		B5_trajectory_free_map_t									0.812816858291626					per_gene																											ccne2	0.16501376	0.09152996	0.0940180717677389
B		B5_trajectory_free_map_t									0.5218655467033386					per_gene																											ccnf	0.15414628	0.026439024	-0.0021020941635327
B		B5_trajectory_free_map_t									0.5921197533607483					per_gene																											ccng1	0.23466943	0.19414099	0.2065150088342877
B		B5_trajectory_free_map_t									0.7432319521903992					per_gene																											cd63	0.0	0.01822811	0.0163607621490852
B		B5_trajectory_free_map_t									0.518696129322052					per_gene																											cdc14b	0.19082974	0.1198192	0.1291627442112213
B		B5_trajectory_free_map_t									0.7210729718208313					per_gene																											cdc42ep4a	0.107213944	0.030899048	0.0306630913270324
B		B5_trajectory_free_map_t									0.5697726011276245					per_gene																											cdca8	0.044130113	0.12999177	0.1455292438366408
B		B5_trajectory_free_map_t									0.6299747228622437					per_gene																											cdh1	0.18048635	0.25198048	0.2464463620216514
B		B5_trajectory_free_map_t									0.9069260954856871					per_gene																											cdh2	0.3166475	0.32016098	0.3443766579989344
B		B5_trajectory_free_map_t									1.0704073905944824					per_gene																											cdh6	0.25788063	0.20590897	0.1946154847904014
B		B5_trajectory_free_map_t									0.816170334815979					per_gene																											cdkn1ca	0.20809256	0.28433624	0.170714736028822
B		B5_trajectory_free_map_t									0.3197093605995178					per_gene																											cdt1	0.19180736	0.12294079	0.1293501013128884
B		B5_trajectory_free_map_t									1.6918151378631592					per_gene																											cdx1a	0.0055985516	-0.066251256	-0.046065430668676
B		B5_trajectory_free_map_t									3.2750024795532227					per_gene																											cdx4	-0.21745199	-0.06874405	-0.0670090881336036
B		B5_trajectory_free_map_t									0.5397780537605286					per_gene																											cenpf	0.06292102	0.14071144	0.1723909992873798
B		B5_trajectory_free_map_t									0.6405852437019348					per_gene																											cfl1l	0.0	0.032909337	0.0494326117295646
B		B5_trajectory_free_map_t									0.650876522064209					per_gene																											chaf1a	0.21686158	0.039162647	0.0464822229505307
B		B5_trajectory_free_map_t									2.5039846897125244					per_gene																											chrd	-0.4630557	-0.30691049	-0.2457075214023195
B		B5_trajectory_free_map_t									0.7662454843521118					per_gene																											chst11	0.23334157	0.08688976	0.0898365247605667
B		B5_trajectory_free_map_t									0.8295706510543823					per_gene																											cldnd	0.092250966	-0.053582497	-0.0761217437817537
B		B5_trajectory_free_map_t									0.8906875848770142					per_gene																											clic4	0.14232808	0.22895052	0.2505488077398026
B		B5_trajectory_free_map_t									0.7666359543800354					per_gene																											clocka	-0.014571822	0.0051091197	0.0001256790471118
B		B5_trajectory_free_map_t									0.780001699924469					per_gene																											cmtm6	0.08238554	-0.03976978	-0.0428499864033313
B		B5_trajectory_free_map_t									0.6884853839874268					per_gene																											cnmd	0.07854782	0.036348637	0.0414431703533992
B		B5_trajectory_free_map_t									0.7368684411048889					per_gene																											cnn3a	-0.028537873	0.026875937	0.0299428026130954
B		B5_trajectory_free_map_t									0.754968523979187					per_gene																											coq10b	0.12413061	0.07398626	0.0641023370259109
B		B5_trajectory_free_map_t									1.2918243408203125					per_gene																											crabp2b	0.47769734	0.54302573	0.5871353713689578
B		B5_trajectory_free_map_t									0.8174576759338379					per_gene																											creb3l1	0.23674165	0.2503916	0.1407056750047475
B		B5_trajectory_free_map_t									0.8629642724990845					per_gene																											creb3l2	0.0	-0.09266996	-0.0798843105825776
B		B5_trajectory_free_map_t									0.7577060461044312					per_gene																											csrp1a	0.16797201	0.05227478	0.0487120861254617
B		B5_trajectory_free_map_t									0.9112127423286438					per_gene																											cst3	0.14944509	0.18337642	0.1836902200050063
B		B5_trajectory_free_map_t									0.2890250384807586					per_gene																											ctcf	0.28017947	0.31843525	0.32247241115284
B		B5_trajectory_free_map_t									0.9088402390480042					per_gene																											cth1	0.1854957	0.12396598	0.1149604829664778
B		B5_trajectory_free_map_t									0.6735736131668091					per_gene																											CU570769.1	0.13990822	0.026833389	0.0241309164618701
B		B5_trajectory_free_map_t									0.6024982333183289					per_gene																											cux1a	0.13327126	0.04503799	0.0441810829755177
B		B5_trajectory_free_map_t									0.653620719909668					per_gene																											cxcl12b	0.009341935	0.057931356	0.0603013926452788
B		B5_trajectory_free_map_t									0.8215072154998779					per_gene																											cxcr4a	0.2379572	0.07909234	0.0979995920767431
B		B5_trajectory_free_map_t									1.2041804790496826					per_gene																											dact2	0.42987743	0.34029487	0.3596907435427905
B		B5_trajectory_free_map_t									0.7025164365768433					per_gene																											dand5	0.04866464	-0.093619615	-0.0939530168411536
B		B5_trajectory_free_map_t									0.8347110152244568					per_gene																											dbx1a	0.11905867	0.16376647	0.169417139858699
B		B5_trajectory_free_map_t									1.0990443229675293					per_gene																											ddx4	0.03389323	0.31251884	0.3311901649668184
B		B5_trajectory_free_map_t									0.6763581037521362					per_gene																											dharma	0.035120554	0.037020404	0.0265143482777392
B		B5_trajectory_free_map_t									0.3204860687255859					per_gene																											dkc1	0.22470063	0.37688842	0.3257147278973275
B		B5_trajectory_free_map_t									0.6203717589378357					per_gene																											dkk1b	0.27993235	0.11159735	0.0866890250793542
B		B5_trajectory_free_map_t									2.368438243865967					per_gene																											dld	-0.20840141	0.17303532	0.1433541650053228
B		B5_trajectory_free_map_t									0.2764910757541656					per_gene																											dlgap5	0.15306555	0.14920937	0.1499955672741514
B		B5_trajectory_free_map_t									1.5857205390930176					per_gene																											dlx3b	0.2437284	0.2722841	0.2446211939176971
B		B5_trajectory_free_map_t									0.5264294147491455					per_gene																											dmd	0.13846423	0.119256765	0.1231922660533541
B		B5_trajectory_free_map_t									0.4959307312965393					per_gene																											dnmt3bb.2	0.28117242	0.024312079	0.0253715616587281
B		B5_trajectory_free_map_t									1.2663989067077637					per_gene																											drll.2	0.04879651	0.06505189	0.0334140420829754
B		B5_trajectory_free_map_t									0.9745643734931946					per_gene																											drll.3	0.199671	0.14816418	0.1241867751856494
B		B5_trajectory_free_map_t									0.6081028580665588					per_gene																											dscc1	0.1538635	0.050553303	0.0511505927802014
B		B5_trajectory_free_map_t									0.6877033114433289					per_gene																											dync1li1	0.15830766	0.04035167	0.0420408793765347
B		B5_trajectory_free_map_t									1.162600874900818					per_gene																											dynll1	0.21650387	0.017898126	0.0228571007696457
B		B5_trajectory_free_map_t									0.7449845671653748					per_gene																											dynll2b	0.16416022	0.13813137	0.1398522449003063
B		B5_trajectory_free_map_t									0.7346771955490112					per_gene																											ednraa	0.09438548	0.027526803	0.0206725380273742
B		B5_trajectory_free_map_t									0.8802850842475891					per_gene																											efna1a	0.10894172	0.19611989	0.1680490612622757
B		B5_trajectory_free_map_t									0.8093823790550232					per_gene																											efnb2a	0.16234744	0.20588458	0.1894239902023883
B		B5_trajectory_free_map_t									0.9389119744300842					per_gene																											efnb2b	0.44440913	0.4906727	0.5130559012538999
B		B5_trajectory_free_map_t									0.7444567084312439					per_gene																											egln1b	0.15609498	0.11833123	0.1072843322156255
B		B5_trajectory_free_map_t									0.5118168592453003					per_gene																											eif3ea	0.05307015	-0.01207735	-0.0191166416143739
B		B5_trajectory_free_map_t									0.7136510610580444					per_gene																											elavl3	0.13725767	-0.01292259	-0.0120465594401313
B		B5_trajectory_free_map_t									1.0800522565841677					per_gene																											elf1	0.08236065	0.05018985	0.0532619711874885
B		B5_trajectory_free_map_t									0.7624072432518005					per_gene																											elob	0.13692756	-0.012907276	-0.0094762825779684
B		B5_trajectory_free_map_t									0.6926503777503967					per_gene																											emid1	0.20999739	0.0016395919	0.0039002574849003
B		B5_trajectory_free_map_t									0.6490405797958374					per_gene																											emx2	0.22562644	0.04061882	0.0412550083501011
B		B5_trajectory_free_map_t									0.7276354432106018					per_gene																											emx3	0.16251749	0.049892195	0.0464250466418469
B		B5_trajectory_free_map_t									0.769507884979248					per_gene																											epcam	0.1571585	0.070012905	0.066725939677014
B		B5_trajectory_free_map_t									1.0415879487991333					per_gene																											epha2a	0.42018265	0.48408532	0.4265783731479499
B		B5_trajectory_free_map_t									1.0970604419708252					per_gene																											ephb3a	0.4928706	0.47122675	0.4909350626773344
B		B5_trajectory_free_map_t									0.9446340799331664					per_gene																											eppk1	0.15124209	0.10254833	0.0948685752709112
B		B5_trajectory_free_map_t									0.6327517628669739					per_gene																											erf	0.17100267	-0.10240408	-0.1253775633815621
B		B5_trajectory_free_map_t									0.9388784170150756					per_gene																											esrra	0.16102645	0.12252585	0.133728703279806
B		B5_trajectory_free_map_t									1.0706716775894165					per_gene																											ets2	0.3136683	0.19011566	0.0594468955411405
B		B5_trajectory_free_map_t									0.5479548573493958					per_gene																											etv2	0.16051827	0.018350095	0.0145934897270817
B		B5_trajectory_free_map_t									0.6560024619102478					per_gene																											etv4	0.4234288	0.44357723	0.4573628651360772
B		B5_trajectory_free_map_t									0.6216375231742859					per_gene																											etv5a	0.16808061	0.15365563	0.1628506043770148
B		B5_trajectory_free_map_t									0.4201208055019378					per_gene																											etv5b	0.4289834	0.43762037	0.4178097362222779
B		B5_trajectory_free_map_t									1.6547446250915527					per_gene																											eve1	-0.15188444	-0.067323625	-0.0952639053271097
B		B5_trajectory_free_map_t									0.7841996550559998					per_gene																											f11r.1	0.039978307	0.017813979	0.0181115298221724
B		B5_trajectory_free_map_t									0.8347220420837402					per_gene																											fbln2	0.0	-0.0133635	-0.0087842017804748
B		B5_trajectory_free_map_t									0.946198344230652					per_gene																											fezf2	-0.0680112	-0.064659126	-0.0516247449767995
B		B5_trajectory_free_map_t									0.9889052510261536					per_gene																											fgf8a	0.2345557	0.21357541	0.2211454004790748
B		B5_trajectory_free_map_t									1.3987847566604614					per_gene																											flrt3	0.10313576	0.31950963	0.2938005225089751
B		B5_trajectory_free_map_t									1.5294601917266846					per_gene																											fn1a	0.28613457	0.2688224	0.2645627745623607
B		B5_trajectory_free_map_t									1.0332108736038208					per_gene																											fn1b	0.32116193	0.24360812	0.2189244505499491
B		B5_trajectory_free_map_t									0.7537811398506165					per_gene																											fnbp1l	0.08923433	0.047061685	0.0547138960299887
B		B5_trajectory_free_map_t									0.5894486308097839					per_gene																											fosab	0.19593434	0.21206892	0.182764403890817
B		B5_trajectory_free_map_t									0.9171962141990662					per_gene																											foxa	0.20234285	0.38400853	0.3264970378472741
B		B5_trajectory_free_map_t									0.9340766072273254					per_gene																											foxa2	0.0	0.15868424	0.1135937897313642
B		B5_trajectory_free_map_t									1.3646212816238403					per_gene																											foxa3	0.0	0.5590859	0.4853434255592552
B		B5_trajectory_free_map_t									1.8463960886001587					per_gene																											foxb1a	-0.46487984	-0.2695338	-0.2962095335945126
B		B5_trajectory_free_map_t									1.016250491142273					per_gene																											foxb1b	0.03140967	-0.04124439	-0.0604939285153529
B		B5_trajectory_free_map_t									1.4722509384155271					per_gene																											foxc1a	0.45338547	0.5192875	0.4689354453448221
B		B5_trajectory_free_map_t									0.9587849974632264					per_gene																											foxc1b	0.3318516	0.26644772	0.258765469338391
B		B5_trajectory_free_map_t									1.5814348459243774					per_gene																											foxd3	0.19721071	-0.002591355	0.0087202136559808
B		B5_trajectory_free_map_t									1.5978178977966309					per_gene																											foxd5	0.19612275	0.31352544	0.3141794319575015
B		B5_trajectory_free_map_t									0.4768359363079071					per_gene																											foxg1a	0.37839466	0.009127282	0.0122042836560381
B		B5_trajectory_free_map_t									0.9038842916488647					per_gene																											foxh1	0.10885263	0.31444865	0.329514810271763
B		B5_trajectory_free_map_t									1.2282538414001465					per_gene																											foxi1	0.1679544	0.18042822	0.140303526385829
B		B5_trajectory_free_map_t									0.9189913868904114					per_gene																											foxn2b	-0.11503929	-0.11035753	-0.1208217356097113
B		B5_trajectory_free_map_t									0.4122103452682495					per_gene																											foxo1a	0.11413368	0.029127968	0.0373826813003451
B		B5_trajectory_free_map_t									0.8245883584022522					per_gene																											foxp1b	0.15561391	0.031387348	0.0282031785683742
B		B5_trajectory_free_map_t									1.099975824356079					per_gene																											foxp2	0.0796454	-0.02633656	-0.0218137055131963
B		B5_trajectory_free_map_t									0.8830302953720093					per_gene																											frmd4ba	0.034122445	0.093382284	0.0548431896294203
B		B5_trajectory_free_map_t									1.0133302211761477					per_gene																											fscn1a	-0.103956774	0.53633153	0.5385159119622573
B		B5_trajectory_free_map_t									1.0251948833465576					per_gene																											fzd7a	-0.08787198	-0.14021246	-0.1512663511571875
B		B5_trajectory_free_map_t									0.8363332152366638					per_gene																											fzd7b	0.21247332	-0.06928886	-0.0767626683260305
B		B5_trajectory_free_map_t									1.597968816757202					per_gene																											fzd8a	-0.1841742	-0.1351535	-0.1204682237693588
B		B5_trajectory_free_map_t									0.6931456327438354					per_gene																											gadd45gip1	0.09995016	0.069961384	0.0872536640973055
B		B5_trajectory_free_map_t									0.7909786105155945					per_gene																											gapdh	0.24681275	0.050971128	0.0447023466010696
B		B5_trajectory_free_map_t									1.7407177686691284					per_gene																											gata2a	0.0018800527	0.14478369	0.1272899486034775
B		B5_trajectory_free_map_t									0.646537184715271					per_gene																											gata3	0.07935885	-0.0569375	-0.0586298935077534
B		B5_trajectory_free_map_t									1.4744267463684082					per_gene																											gata6	0.18268153	0.25064722	0.2044041471427852
B		B5_trajectory_free_map_t									1.2915579080581665					per_gene																											gbx1	0.19200693	0.08011313	0.0957834893505325
B		B5_trajectory_free_map_t									0.5237534642219543					per_gene																											gcm2	0.16310824	0.07893488	0.0803878772086351
B		B5_trajectory_free_map_t									0.7444865703582764					per_gene																											gfi1aa	0.04768831	0.009174621	0.0095750131439937
B		B5_trajectory_free_map_t									1.6092877388000488					per_gene																											gli1	-0.1690424	-0.12425729	-0.054523515749087
B		B5_trajectory_free_map_t									0.8342710137367249					per_gene																											gli2a	0.07421749	0.110041864	0.1158044193116117
B		B5_trajectory_free_map_t									0.6187195181846619					per_gene																											gmnn	0.012712017	0.1331255	0.1576263743381637
B		B5_trajectory_free_map_t									0.7527697682380676					per_gene																											gpr137bb	0.0820493	0.0031793863	-0.0195216154743446
B		B5_trajectory_free_map_t									1.1315702199935913					per_gene																											grhl1	0.20197657	0.09799767	0.0918794667207644
B		B5_trajectory_free_map_t									0.7389000058174133					per_gene																											grhl2b	0.12601921	0.028255744	0.0262073817518938
B		B5_trajectory_free_map_t									0.7997265458106995					per_gene																											gsc	0.08100722	0.048028894	0.0165011929208379
B		B5_trajectory_free_map_t									0.8615049719810486					per_gene																											h1-0	0.010238664	0.07443447	0.0705263542203059
B		B5_trajectory_free_map_t									0.3989183604717254					per_gene																											hdlbpa	0.14483523	0.05832638	0.0426917664083181
B		B5_trajectory_free_map_t									1.0923207998275757					per_gene																											helb	0.17786284	0.18353672	0.1930636002219043
B		B5_trajectory_free_map_t									0.8019049167633057					per_gene																											hells	0.24027736	0.19404821	0.1962033881779111
B		B5_trajectory_free_map_t									1.741965889930725					per_gene																											her1	-0.12854633	0.26954848	0.2481493641138219
B		B5_trajectory_free_map_t									0.824055016040802					per_gene																											her11	0.09583219	0.052507464	0.0390331451575433
B		B5_trajectory_free_map_t									0.7659280300140381					per_gene																											her12	0.16839008	0.060855377	0.05457089740272
B		B5_trajectory_free_map_t									0.8228440284729004					per_gene																											her2	0.1494641	0.055403713	0.0447598466321839
B		B5_trajectory_free_map_t									0.6768197417259216					per_gene																											her3	0.05185639	0.01455529	0.0150532467551935
B		B5_trajectory_free_map_t									1.042820930480957					per_gene																											her5	-0.07413231	-0.14544293	-0.1376672130013606
B		B5_trajectory_free_map_t									1.1884901523590088					per_gene																											her6	-0.25604308	-0.2796999	-0.2755278862933651
B		B5_trajectory_free_map_t									1.1169483661651611					per_gene																											her7	0.12190179	0.2361395	0.2355293099010139
B		B5_trajectory_free_map_t									1.3662424087524414					per_gene																											her8a	-0.19698037	0.018665826	-0.0176832766787719
B		B5_trajectory_free_map_t									1.392253041267395					per_gene																											her9	0.00097470114	0.006414279	-0.0140840194170381
B		B5_trajectory_free_map_t									0.751286506652832					per_gene																											hes6	0.08683049	0.08592532	0.090694301699253
B		B5_trajectory_free_map_t									0.6580810546875					per_gene																											hesx1	0.1182588	0.11563094	0.1193641706783632
B		B5_trajectory_free_map_t									0.8025473356246948					per_gene																											hic1l	-0.06764229	-0.015061153	-0.0171018200057524
B		B5_trajectory_free_map_t									0.6485841274261475					per_gene																											higd1a	0.12346186	0.037720393	0.0365170343703199
B		B5_trajectory_free_map_t									0.7757736444473267					per_gene																											hivep2a	0.2713599	0.034810204	0.0348137182376119
B		B5_trajectory_free_map_t									1.3507453203201294					per_gene																											hoxb1b	0.12052061	0.089200154	0.0709669695261011
B		B5_trajectory_free_map_t									0.7155506014823914					per_gene																											hoxb7a	0.14130329	0.047587384	0.0428905888981989
B		B5_trajectory_free_map_t									0.7111957669258118					per_gene																											hoxb8a	0.15458047	0.12118925	0.1208469086821562
B		B5_trajectory_free_map_t									0.676437497138977					per_gene																											hoxb9a	0.20429736	0.029854113	0.0224335257300173
B		B5_trajectory_free_map_t									0.7240625023841858					per_gene																											hoxc3a	0.11092675	0.07176878	0.0643160117137899
B		B5_trajectory_free_map_t									1.052145004272461					per_gene																											hoxc6a	0.0	-0.020516578	-0.0178262935205194
B		B5_trajectory_free_map_t									0.5592529773712158					per_gene																											hoxc8a	0.19877185	-0.0095281	-0.0043763907031786
B		B5_trajectory_free_map_t									0.793842613697052					per_gene																											hsp90aa1.2	0.1611318	0.038841892	0.0330805935264778
B		B5_trajectory_free_map_t									1.2258093357086182					per_gene																											id3	0.18433361	0.092744656	0.0737632184248147
B		B5_trajectory_free_map_t									0.3012496829032898					per_gene																											igf2bp1	0.38506436	0.28795907	0.2660441401602117
B		B5_trajectory_free_map_t									0.8302413821220398					per_gene																											igfbp1a	0.17652574	0.08356422	0.0843374320895861
B		B5_trajectory_free_map_t									0.9254425764083862					per_gene																											irf2a	0.20052709	0.121237434	0.1337849866129185
B		B5_trajectory_free_map_t									1.623273849487305					per_gene																											irx1b	-0.28075966	-0.23429061	-0.236856108225396
B		B5_trajectory_free_map_t									0.7189657688140869					per_gene																											irx3a	0.1898894	0.03833542	0.0332283821034918
B		B5_trajectory_free_map_t									0.7753060460090637					per_gene																											irx5a	0.20752628	0.040243447	0.0337552674878302
B		B5_trajectory_free_map_t									1.74088716506958					per_gene																											irx7	-0.032810092	-0.053702757	-0.0573323147467575
B		B5_trajectory_free_map_t									1.10647714138031					per_gene																											ism1	0.37993774	0.4096459	0.3912306549591688
B		B5_trajectory_free_map_t									0.6172122955322266					per_gene																											itga6a	0.14615254	0.08895727	0.0644718921241971
B		B5_trajectory_free_map_t									0.9325268864631652					per_gene																											itgb5	0.29942614	0.22833583	0.2297645381407616
B		B5_trajectory_free_map_t									0.8809185028076172					per_gene																											itm2cb	-0.013294912	-0.016735645	-0.0244614841168723
B		B5_trajectory_free_map_t									0.9154021143913268					per_gene																											jcada	0.08544026	0.11861265	0.1033145059969905
B		B5_trajectory_free_map_t									0.8696596622467041					per_gene																											kank1a	0.1461063	0.11916687	0.0863117135333019
B		B5_trajectory_free_map_t									0.8957328200340271					per_gene																											kazald2	0.16015793	0.26680213	0.2582255065323836
B		B5_trajectory_free_map_t									0.7180292010307312					per_gene																											kdrl	0.14946729	0.057353728	0.052609313546829
B		B5_trajectory_free_map_t									0.7243955731391907					per_gene																											kif15	0.07369506	0.020214345	0.0127613429777934
B		B5_trajectory_free_map_t									1.869799852371216					per_gene																											kirrel3l	0.29513323	0.49328583	0.4472760846855405
B		B5_trajectory_free_map_t									0.7216669917106628					per_gene																											klf17	0.089884385	-0.0044090287	-0.0135299654528587
B		B5_trajectory_free_map_t									1.289451003074646					per_gene																											klf2a	0.25823	0.14472295	0.1323280505387463
B		B5_trajectory_free_map_t									1.578396558761597					per_gene																											klf2b	0.23171778	0.37628862	0.353595779790022
B		B5_trajectory_free_map_t									1.210865139961243					per_gene																											klf3	-0.12971412	-0.07605499	-0.0911477179397748
B		B5_trajectory_free_map_t									0.9317209124565125					per_gene																											klf7a	0.0780524	-0.054488532	-0.0420874407703832
B		B5_trajectory_free_map_t									0.7549658417701721					per_gene																											klf8	0.27633345	0.30445507	0.3381062389065679
B		B5_trajectory_free_map_t									0.4319275617599487					per_gene																											kmt5aa	0.05583931	0.092886165	0.1100650897527938
B		B5_trajectory_free_map_t									1.7033734321594238					per_gene																											krt4	0.40507862	0.16844146	0.1642078897834529
B		B5_trajectory_free_map_t									1.6163731813430786					per_gene																											krt8	0.33798775	0.066362344	0.0797767760549332
B		B5_trajectory_free_map_t									0.9284887313842772					per_gene																											krt99	0.23885281	0.17582439	0.1905542714044848
B		B5_trajectory_free_map_t									0.8366924524307251					per_gene																											lamb1a	-0.38580328	-0.13138866	-0.122849765301054
B		B5_trajectory_free_map_t									0.7368612289428711					per_gene																											lamc1	0.56439954	0.49730614	0.4831729082434358
B		B5_trajectory_free_map_t									0.9559867978096008					per_gene																											lamp2	0.1366348	0.1887757	0.1925586404078623
B		B5_trajectory_free_map_t									0.7776321768760681					per_gene																											lbx2	0.3107825	0.19274284	0.171083600827355
B		B5_trajectory_free_map_t									1.5804466009140017					per_gene																											lef1	-0.14177528	-0.15350683	-0.1421299830972848
B		B5_trajectory_free_map_t									0.97987300157547					per_gene																											lft1	0.053334445	0.122004494	0.1258013381860007
B		B5_trajectory_free_map_t									0.9168577790260316					per_gene																											lft2	0.2708987	0.2635268	0.1811460863404379
B		B5_trajectory_free_map_t									0.8324368000030518					per_gene																											lgals3b	0.15157546	0.027718162	0.0317716033240375
B		B5_trajectory_free_map_t									0.6769076585769653					per_gene																											lhfpl6	0.0029787153	-0.019213125	-0.0237533453934942
B		B5_trajectory_free_map_t									0.952476680278778					per_gene																											lhx1a	0.27713332	0.3982263	0.3131423911229358
B		B5_trajectory_free_map_t									1.6688878536224363					per_gene																											lhx5	0.19209006	0.20618854	0.2043764741610254
B		B5_trajectory_free_map_t									1.212899923324585					per_gene																											lima1a	-0.101455666	-0.17429063	-0.1914381806934878
B		B5_trajectory_free_map_t									0.3318585753440857					per_gene																											lmnb1	0.18796846	0.20267364	0.228793998907214
B		B5_trajectory_free_map_t									0.7569425106048584					per_gene																											lmo2	0.20380488	0.024515213	0.0284607189980082
B		B5_trajectory_free_map_t									1.3951318264007568					per_gene																											lmo4a	0.25817126	0.19838485	0.1924776178182285
B		B5_trajectory_free_map_t									0.7801449298858643					per_gene																											lratb.1	0.15612456	0.1509902	0.1470583808807839
B		B5_trajectory_free_map_t									0.754510760307312					per_gene																											lratd1	0.0707955	0.037854563	0.0425351809569352
B		B5_trajectory_free_map_t									0.6532527208328247					per_gene																											mab21l2	0.13783164	0.0010269426	-0.0071281935096624
B		B5_trajectory_free_map_t									0.6990150213241577					per_gene																											mad1l1	0.037481625	0.07764535	0.1006994203614321
B		B5_trajectory_free_map_t									0.7969062924385071					per_gene																											map1lc3b	-0.062341902	-0.10231049	-0.1476271427545861
B		B5_trajectory_free_map_t									0.5937648415565491					per_gene																											map2k6	0.22746928	0.18635888	0.1946766655434754
B		B5_trajectory_free_map_t									0.8190944194793701					per_gene																											mcama	0.01374314	-0.01860177	-0.0264742756099191
B		B5_trajectory_free_map_t									0.5932902693748474					per_gene																											mcm2	0.10853809	0.22990847	0.1496280149342962
B		B5_trajectory_free_map_t									0.544083297252655					per_gene																											mcm3	0.07082601	0.24947917	0.1463752668908368
B		B5_trajectory_free_map_t									0.3261454105377197					per_gene																											mcm4	0.10625764	0.30040956	0.2804243476822362
B		B5_trajectory_free_map_t									0.7927127480506897					per_gene																											mcm5	0.19207655	0.11854405	0.1473606432974706
B		B5_trajectory_free_map_t									0.3317716717720032					per_gene																											mcm7	0.31089196	0.4179501	0.3622520870697703
B		B5_trajectory_free_map_t									0.7710171937942505					per_gene																											mef2d	0.1103091	0.013642072	0.0083827859500894
B		B5_trajectory_free_map_t									1.1326991319656372					per_gene																											meis1b	0.5133803	0.5097896	0.4680458814705632
B		B5_trajectory_free_map_t									0.7008852958679199					per_gene																											meis2a	0.09713674	-0.009563298	-0.0124516853654497
B		B5_trajectory_free_map_t									1.135543704032898					per_gene																											meis3	0.07160559	0.05006091	0.0682073907789262
B		B5_trajectory_free_map_t									0.7065521478652954					per_gene																											meox1	0.14173618	0.04645494	0.0423728062455733
B		B5_trajectory_free_map_t									0.7173815965652466					per_gene																											mespaa	0.008095067	0.04159634	0.043600409326682
B		B5_trajectory_free_map_t									0.8661970496177673					per_gene																											mespab	0.3501624	0.3775067	0.3592741326801144
B		B5_trajectory_free_map_t									0.7602541446685791					per_gene																											mgst3b	-0.08878229	-0.044196308	-0.0496699143951545
B		B5_trajectory_free_map_t									0.7797374725341797					per_gene																											mibp2	0.09155511	0.03770431	0.0407324322485011
B		B5_trajectory_free_map_t									1.148486852645874					per_gene																											mixl1	0.5472528	0.30204624	0.2763334281550155
B		B5_trajectory_free_map_t									0.2818181216716766					per_gene																											mki67	0.23217912	0.23347098	0.2266629785661888
B		B5_trajectory_free_map_t									0.7398300766944885					per_gene																											mns1	0.12502901	0.12860838	0.1243939470314316
B		B5_trajectory_free_map_t									1.7212376594543457					per_gene																											msgn1	0.4836324	0.47176665	0.4177788836342126
B		B5_trajectory_free_map_t									1.778019666671753					per_gene																											msx1b	0.115225665	0.057117704	0.0379152090448274
B		B5_trajectory_free_map_t									1.1635767221450806					per_gene																											msx3	-0.06924816	-0.13035433	-0.1249151313042287
B		B5_trajectory_free_map_t									0.511359453201294					per_gene																											mycb	0.07153878	0.0009700513	0.0023887488481017
B		B5_trajectory_free_map_t									0.7359829545021057					per_gene																											mych	0.20018327	0.18536004	0.1255166624584232
B		B5_trajectory_free_map_t									0.6211546659469604					per_gene																											mycla	0.13222422	0.27659604	0.2808349419946427
B		B5_trajectory_free_map_t									1.264849066734314					per_gene																											myclb	0.12789996	0.18758893	0.1935431248072948
B		B5_trajectory_free_map_t									1.5164306163787842					per_gene																											mycn	-0.16486874	0.056328934	0.0362347851343364
B		B5_trajectory_free_map_t									0.841549277305603					per_gene																											myf5	-0.05546922	-0.071639866	-0.0597192834173946
B		B5_trajectory_free_map_t									0.7891493439674377					per_gene																											myod1	0.19768457	0.18420546	0.1699279170286984
B		B5_trajectory_free_map_t									0.9347758889198304					per_gene																											nanog	0.0008055339	0.039120633	0.0285134978917559
B		B5_trajectory_free_map_t									0.4814197719097137					per_gene																											nap1l1	0.23392886	0.14651513	0.1603161631298768
B		B5_trajectory_free_map_t									0.6520922183990479					per_gene																											nasp	0.048747458	0.2062	0.1967244459549337
B		B5_trajectory_free_map_t									0.3785527646541595					per_gene																											ncapd2	-0.15581833	-0.0010987683	-0.0028330573574531
B		B5_trajectory_free_map_t									0.4782698154449463					per_gene																											nckap5l	0.1358166	0.03252366	0.0251851889755263
B		B5_trajectory_free_map_t									0.598343551158905					per_gene																											ndr1	0.35440913	-0.013812972	-0.0089270436224805
B		B5_trajectory_free_map_t									1.032817244529724					per_gene																											ndr2	0.29368544	0.30707395	0.2273758986688963
B		B5_trajectory_free_map_t									0.7846910357475281					per_gene																											ndufv3	0.091495514	0.010134754	0.0006442776919791
B		B5_trajectory_free_map_t									1.48187255859375					per_gene																											nid2a	0.34911114	0.34865156	0.3457433321247983
B		B5_trajectory_free_map_t									0.7740883231163025					per_gene																											nip7	0.04048452	0.16676916	0.1822399809471173
B		B5_trajectory_free_map_t									0.7588611245155334					per_gene																											nkx1.2la	0.13735372	0.031175418	0.0218849926940453
B		B5_trajectory_free_map_t									0.6330100297927856					per_gene																											nkx2.2a	0.1425022	0.10051354	0.0950549840751786
B		B5_trajectory_free_map_t									0.8696490526199341					per_gene																											nog1	0.0	0.050576333	0.0342204037285952
B		B5_trajectory_free_map_t									0.3249148726463318					per_gene																											nop58	0.1659749	0.2762426	0.2520811420971363
B		B5_trajectory_free_map_t									0.6199796795845032					per_gene																											notch1a	0.028865255	0.03933986	-0.0120493529322452
B		B5_trajectory_free_map_t									1.2542375326156616					per_gene																											noto	0.63834035	0.45226294	0.3535298190690339
B		B5_trajectory_free_map_t									0.7680130004882812					per_gene																											nr2f2	0.27914998	0.07583292	0.0805819096417157
B		B5_trajectory_free_map_t									0.7229419946670532					per_gene																											nr6a1a	0.14806987	0.023939446	0.0174326314691116
B		B5_trajectory_free_map_t									0.9782476425170898					per_gene																											nrarpa	0.18640217	0.17762353	0.1183791925803622
B		B5_trajectory_free_map_t									0.987139105796814					per_gene																											nsd2	-0.13937977	-0.028544268	-0.0522305886554606
B		B5_trajectory_free_map_t									0.8488874435424805					per_gene																											ntd5	0.0	0.08195607	0.0658084953153557
B		B5_trajectory_free_map_t									0.9431682229042052					per_gene																											oclna	0.23055652	0.10187933	0.0911461472132643
B		B5_trajectory_free_map_t									0.9686381220817566					per_gene																											olig4	0.025634147	-0.0402377	-0.0427464367968608
B		B5_trajectory_free_map_t									1.7334051132202148					per_gene																											otx1	-0.1649925	-0.11858531	-0.1363380387173536
B		B5_trajectory_free_map_t									1.040023922920227					per_gene																											otx2a	0.1763098	0.17177597	0.1737498463762476
B		B5_trajectory_free_map_t									1.4474955797195437					per_gene																											otx2b	-0.038326308	-0.0066203866	-0.0067343884781164
B		B5_trajectory_free_map_t									0.6354724168777466					per_gene																											pax2a	0.10168504	0.085947	0.0795704824301061
B		B5_trajectory_free_map_t									0.9691165685653688					per_gene																											pax3a	0.01398248	-0.028697483	-0.0442704257602072
B		B5_trajectory_free_map_t									0.7464715838432312					per_gene																											pax6a	0.2953949	0.1710003	0.1727215362497712
B		B5_trajectory_free_map_t									0.6513717770576477					per_gene																											pax6b	0.05080829	0.053680334	0.0538733630505809
B		B5_trajectory_free_map_t									0.7026769518852234					per_gene																											pbx1b	0.011798869	-0.06564857	-0.0722114184015496
B		B5_trajectory_free_map_t									0.3225085437297821					per_gene																											pbx4	0.015411473	-0.02712409	-0.0449513093489935
B		B5_trajectory_free_map_t									1.222170114517212					per_gene																											pcdh10b	0.5865752	0.5882244	0.518291620208262
B		B5_trajectory_free_map_t									0.6344073414802551					per_gene																											pcdh7b	0.15153266	-0.023966301	-0.0156045387285323
B		B5_trajectory_free_map_t									0.4124084413051605					per_gene																											PCDH8	0.15036291	-0.035593733	-0.0332567738981771
B		B5_trajectory_free_map_t									1.2145202159881592					per_gene																											pcdh8	0.20552263	0.39648965	0.3964778300739008
B		B5_trajectory_free_map_t									0.9757688641548156					per_gene																											pdap1a	0.17031625	0.08886426	0.1026797717468707
B		B5_trajectory_free_map_t									1.0327856540679932					per_gene																											perp	0.06651592	0.027666219	0.0481005498133835
B		B5_trajectory_free_map_t									0.785660445690155					per_gene																											pfn2	0.10424783	-0.06553109	-0.055958823266887
B		B5_trajectory_free_map_t									0.7326362133026123					per_gene																											pitx2	0.1207618	0.029417966	0.0307454240959143
B		B5_trajectory_free_map_t									1.2372996807098389					per_gene																											pknox1.1	-0.276353	0.08669132	0.1025489717131684
B		B5_trajectory_free_map_t									0.80839604139328					per_gene																											plagl2	0.0	0.00840667	0.0036318528748217
B		B5_trajectory_free_map_t									1.123727560043335					per_gene																											plekhg5b	0.005699122	0.085765414	0.0830758272439561
B		B5_trajectory_free_map_t									0.6652693152427673					per_gene																											pmp22b	0.28298935	0.15855576	0.1400765946345988
B		B5_trajectory_free_map_t									0.7418566942214966					per_gene																											pold3	0.23781481	0.12587856	0.1362838921119042
B		B5_trajectory_free_map_t									0.7148378491401672					per_gene																											ppan	0.16760306	0.20608573	0.2090671563113641
B		B5_trajectory_free_map_t									0.9590900540351868					per_gene																											ppp1r7	0.09867819	0.031760238	0.0345386400746984
B		B5_trajectory_free_map_t									1.2344404458999634					per_gene																											prdm1a	0.14090945	0.12961309	0.1120478175455879
B		B5_trajectory_free_map_t									1.673601150512695					per_gene																											prickle1b	-0.03659419	0.09762415	0.0698861853371502
B		B5_trajectory_free_map_t									0.3056554198265075					per_gene																											prmt1	0.29629016	0.26131967	0.2695533733350087
B		B5_trajectory_free_map_t									0.7030471563339233					per_gene																											prox1a	0.23865096	0.019061834	0.0163599186913074
B		B5_trajectory_free_map_t									0.4932939708232879					per_gene																											ptp4a2b	0.16900957	0.08031599	0.0907696903059859
B		B5_trajectory_free_map_t									0.7365824580192566					per_gene																											pttg1	-0.01750029	-0.089752324	-0.1042354545562827
B		B5_trajectory_free_map_t									0.8705887794494629					per_gene																											rab11fip4a	0.1019411	0.050245307	0.040350970795908
B		B5_trajectory_free_map_t									0.5262504816055298					per_gene																											rac1a	0.18689056	0.22125636	0.2936299386330744
B		B5_trajectory_free_map_t									0.8810170292854309					per_gene																											raraa	-0.009657697	0.027525587	0.0177498335702656
B		B5_trajectory_free_map_t									1.293266534805298					per_gene																											rasgef1ba	0.33173943	0.36786652	0.3795602604514917
B		B5_trajectory_free_map_t									1.2404417991638184					per_gene																											rasl11b	0.061864644	0.095046915	0.0691885379520994
B		B5_trajectory_free_map_t									0.3444157540798187					per_gene																											rbbp4	0.20684543	0.27962458	0.2714831608309443
B		B5_trajectory_free_map_t									0.7093320488929749					per_gene																											rbm4.3	0.14620592	-0.116304584	-0.1344373719274608
B		B5_trajectory_free_map_t									0.5900366902351379					per_gene																											rbm7	0.015617884	0.046315372	0.0560474825487015
B		B5_trajectory_free_map_t									0.3718732595443725					per_gene																											rbmx	0.28694466	0.241932	0.2468254201049707
B		B5_trajectory_free_map_t									0.4411526918411255					per_gene																											rcc1	0.21189389	0.27273887	0.2813070776952753
B		B5_trajectory_free_map_t									0.8303613662719727					per_gene																											rdh10b	0.0	0.0022514167	-0.0024870969932538
B		B5_trajectory_free_map_t									0.5861639380455017					per_gene																											rfx2	0.24027136	0.19581777	0.1981330038344885
B		B5_trajectory_free_map_t									0.9060092568397522					per_gene																											rhov	-0.018919446	0.20666337	0.2349464499144851
B		B5_trajectory_free_map_t									0.7902393341064453					per_gene																											ripply1	0.07718727	0.046473652	0.0335711183375892
B		B5_trajectory_free_map_t									0.8941906690597534					per_gene																											rnd1b	0.1710226	0.20537753	0.1435027405471879
B		B5_trajectory_free_map_t									1.5425794124603271					per_gene																											rpl10	0.25785387	-0.024935868	-0.0267242759278029
B		B5_trajectory_free_map_t									0.6444711089134216					per_gene																											rpl19	0.14576933	0.13370144	0.1643701952317357
B		B5_trajectory_free_map_t									0.5384247899055481					per_gene																											rpl31	0.08088854	0.019636622	0.0149591094951191
B		B5_trajectory_free_map_t									0.7326087951660156					per_gene																											rpl34	0.12079529	0.0366812	0.0312672478706138
B		B5_trajectory_free_map_t									0.7353931665420532					per_gene																											rpl38	0.0	0.0071745804	0.0059021329354652
B		B5_trajectory_free_map_t									0.8080688118934631					per_gene																											rpl4	0.15755671	0.078557275	0.11049584765457
B		B5_trajectory_free_map_t									0.3342552185058594					per_gene																											rpl5a	0.24249628	0.21599296	0.2426587309839189
B		B5_trajectory_free_map_t									0.4241408705711365					per_gene																											rpl6	0.19302396	0.17058983	0.204227359298087
B		B5_trajectory_free_map_t									0.8741953372955322					per_gene																											rplp0	-0.009233273	0.03178332	0.0225460408871171
B		B5_trajectory_free_map_t									1.4236345291137695					per_gene																											rplp2l	0.23420212	0.019381452	0.0169758957191556
B		B5_trajectory_free_map_t									0.3288286924362182					per_gene																											rps3	0.08198748	0.10463562	0.132960391025793
B		B5_trajectory_free_map_t									0.4039424359798431					per_gene																											rps6	0.0871955	-0.034508143	-0.0372012747485378
B		B5_trajectory_free_map_t									1.0238035917282104					per_gene																											rrbp1b	0.23802221	0.26085603	0.2172118102370014
B		B5_trajectory_free_map_t									1.4145830869674685					per_gene																											rreb1a	-0.15484355	-0.23261468	-0.2574965527172996
B		B5_trajectory_free_map_t									1.061742067337036					per_gene																											rreb1b	0.03039575	-0.012745015	-0.0264433524633057
B		B5_trajectory_free_map_t									0.4281308352947235					per_gene																											rrm2	0.061101243	0.28524125	0.2562630819596396
B		B5_trajectory_free_map_t									0.7509293556213379					per_gene																											rrp8	0.08518105	-0.07968441	-0.0843861344638529
B		B5_trajectory_free_map_t									0.7029181718826294					per_gene																											rx3	0.11405043	0.03405238	0.0317431033129277
B		B5_trajectory_free_map_t									0.7730755805969238					per_gene																											rxrgb	0.2845936	0.14665262	0.1354756460360201
B		B5_trajectory_free_map_t									0.7384526133537292					per_gene																											sall1a	0.15284438	0.17427993	0.1742689036049642
B		B5_trajectory_free_map_t									0.8211353421211243					per_gene																											sall3a	0.021263829	0.014874675	0.0151625897526024
B		B5_trajectory_free_map_t									1.0258349180221558					per_gene																											sall3b	0.32770702	0.4271464	0.4187951458108016
B		B5_trajectory_free_map_t									0.7873465418815613					per_gene																											sdc4	0.115395755	0.12515296	0.1314521118669017
B		B5_trajectory_free_map_t									0.5318842530250549					per_gene																											sebox	0.35389218	0.09110593	0.0861115758164327
B		B5_trajectory_free_map_t									1.443995714187622					per_gene																											sept9a	0.43268293	0.41625273	0.4200405588997603
B		B5_trajectory_free_map_t									0.8832661509513855					per_gene																											shha	0.17315966	0.19554697	0.1065729943528347
B		B5_trajectory_free_map_t									1.1787041425704956					per_gene																											si:ch211-106e7.2	-0.072555825	-0.14879051	-0.159742759339705
B		B5_trajectory_free_map_t									0.8295652866363525					per_gene																											si:ch211-113a14.18	-0.05621248	0.030064372	0.0118687173510864
B		B5_trajectory_free_map_t									0.8168779611587524					per_gene																											si:ch211-114n24.6	-0.0067413137	-0.0034342075	-0.0085311084808812
B		B5_trajectory_free_map_t									0.501905620098114					per_gene																											si:ch211-155e24.3	0.28483978	0.24323332	0.27067757827028
B		B5_trajectory_free_map_t									0.4904285967350006					per_gene																											si:ch211-161h7.4	0.04026578	0.09481901	0.1076369610241928
B		B5_trajectory_free_map_t									0.452235996723175					per_gene																											si:ch211-163l21.7	0.05710372	0.000567589	0.0003802987806732
B		B5_trajectory_free_map_t									0.8388965129852295					per_gene																											si:dkey-108k21.14	0.269262	0.26478645	0.2095014119803554
B		B5_trajectory_free_map_t									0.443529337644577					per_gene																											si:dkey-108k21.21	0.37065476	0.0038260836	0.0048377993660053
B		B5_trajectory_free_map_t									1.1718448400497437					per_gene																											si:dkey-261h17.1	0.32366285	0.27183217	0.2723215644548576
B		B5_trajectory_free_map_t									0.8090320229530334					per_gene																											si:dkey-261m9.12	0.34642112	0.3141215	0.3210959371426279
B		B5_trajectory_free_map_t									0.5595335364341736					per_gene																											si:dkey-66i24.9	0.021818485	-0.00078956556	-0.0027533322239712
B		B5_trajectory_free_map_t									0.7371221780776978					per_gene																											si:dkey-68o6.5	0.050748218	-0.014432894	-0.0213234003415545
B		B5_trajectory_free_map_t									0.7377102971076965					per_gene																											si:dkey-92i17.2	0.14192973	0.041707974	0.0280464545758211
B		B5_trajectory_free_map_t									0.6455779671669006					per_gene																											six3b	0.07289126	0.06817904	0.0656789792295261
B		B5_trajectory_free_map_t									1.1798723936080933					per_gene																											six4a	0.5249628	0.5067948	0.4366540452588725
B		B5_trajectory_free_map_t									0.7811833024024963					per_gene																											six4b	0.019901097	0.026284553	0.0122625721009214
B		B5_trajectory_free_map_t									0.9164453148841858					per_gene																											six7	0.21499193	0.14489543	0.141633778343636
B		B5_trajectory_free_map_t									1.1313989162445068					per_gene																											skia	-0.2695184	-0.25347027	-0.2705678070806014
B		B5_trajectory_free_map_t									0.6934018135070801					per_gene																											skila	0.0	0.070856035	0.1062958278985828
B		B5_trajectory_free_map_t									0.8310840725898743					per_gene																											skilb	0.28804886	0.30737022	0.33320341239343
B		B5_trajectory_free_map_t									1.0322279930114746					per_gene																											smtnl	0.24006465	0.22486109	0.2135208117840518
B		B5_trajectory_free_map_t									1.762700438499451					per_gene																											snai1a	0.2080157	0.25064877	0.2360684904223388
B		B5_trajectory_free_map_t									0.932814359664917					per_gene																											snai2	0.003456126	0.08894163	0.0889334453333821
B		B5_trajectory_free_map_t									0.7647442817687988					per_gene																											snrpc	0.0	0.012901473	0.0252567885698188
B		B5_trajectory_free_map_t									0.6798633337020874					per_gene																											snrpd3	0.21849757	0.02068271	0.0245540115480899
B		B5_trajectory_free_map_t									0.7993466258049011					per_gene																											snrpg	0.0	0.010572689	0.0090006691800598
B		B5_trajectory_free_map_t									0.6105676293373108					per_gene																											sox10	0.07065469	-0.03723719	-0.0427987626179175
B		B5_trajectory_free_map_t									0.9617136716842652					per_gene																											sox11a	0.4107438	0.48418662	0.4489806998712111
B		B5_trajectory_free_map_t									0.6252552270889282					per_gene																											sox11b	0.057797536	-0.036664177	-0.0386609046316512
B		B5_trajectory_free_map_t									0.8614586591720581					per_gene																											sox13	0.24220647	0.26287466	0.199729747373497
B		B5_trajectory_free_map_t									0.7210976481437683					per_gene																											sox17	0.04148812	0.047385965	0.0180466255651991
B		B5_trajectory_free_map_t									1.3479043245315552					per_gene																											sox19a	0.20582572	0.51612693	0.3543613265048279
B		B5_trajectory_free_map_t									1.188441038131714					per_gene																											sox3	0.17734867	0.30353972	0.2961303981048048
B		B5_trajectory_free_map_t									1.3627082109451294					per_gene																											sox32	0.26322833	0.31566185	0.2857017276852185
B		B5_trajectory_free_map_t									0.9471370577812196					per_gene																											sox5	0.4296127	0.4151283	0.3728385686902181
B		B5_trajectory_free_map_t									0.652247428894043					per_gene																											sp5a	0.24589445	0.10753998	0.111210956572699
B		B5_trajectory_free_map_t									1.0270116329193115					per_gene																											sp5l	0.60650575	0.5026799	0.4842247238540896
B		B5_trajectory_free_map_t									0.4373289942741394					per_gene																											spon1b	0.14678735	0.023550196	0.0154826588189943
B		B5_trajectory_free_map_t									0.7626971006393433					per_gene																											srp19	0.16996193	0.00031573878	0.0013058953920513
B		B5_trajectory_free_map_t									0.7609013319015503					per_gene																											srrm4	0.13421737	0.06822898	0.0627625391950705
B		B5_trajectory_free_map_t									0.7272632718086243					per_gene																											stmn1a	0.0	0.025830848	0.0382337103669814
B		B5_trajectory_free_map_t									0.7203936576843262					per_gene																											stox1	0.08150514	-0.029599397	-0.0239521270128656
B		B5_trajectory_free_map_t									0.212558627128601					per_gene																											supt16h	0.23810868	0.2873349	0.2495507574143216
B		B5_trajectory_free_map_t									1.159213662147522					per_gene																											syne2b	0.061385583	0.094593614	0.0916272025065013
B		B5_trajectory_free_map_t									1.3709927797317505					per_gene																											tagln2	0.19720957	0.05230746	0.0638326720740425
B		B5_trajectory_free_map_t									0.5163912177085876					per_gene																											tbr1b	0.13577762	0.022434909	0.0204421607923158
B		B5_trajectory_free_map_t									0.7838341593742371					per_gene																											tbx1	0.11525194	0.18460089	0.1689970066037925
B		B5_trajectory_free_map_t									2.597201108932495					per_gene																											tbx16	0.18264616	0.24058543	0.2345855141619082
B		B5_trajectory_free_map_t									1.887965202331543					per_gene																											tbx16l	0.26176864	0.32513663	0.3110208897896314
B		B5_trajectory_free_map_t									0.9632744193077089					per_gene																											tbx3b	-0.01066535	0.033100083	0.0281778762158636
B		B5_trajectory_free_map_t									0.9689180850982666					per_gene																											tbx6	0.27423188	0.18057217	0.1807076245571033
B		B5_trajectory_free_map_t									2.2793877124786377					per_gene																											tbxta	-0.16356115	0.3427333	0.3339503409880769
B		B5_trajectory_free_map_t									1.342448353767395					per_gene																											tbxtb	0.2298795	0.25653154	0.1992679913690075
B		B5_trajectory_free_map_t									0.6099175214767456					per_gene																											tcf3b	0.17336778	0.50483716	0.5237259556193535
B		B5_trajectory_free_map_t									1.071915626525879					per_gene																											tcf7	0.3400391	0.27933753	0.2679752481874661
B		B5_trajectory_free_map_t									1.321432113647461					per_gene																											tcf7l1a	0.0880362	0.12683612	0.1178818925227065
B		B5_trajectory_free_map_t									1.2199742794036863					per_gene																											tcf7l1b	0.16668797	0.26544863	0.2781427941109889
B		B5_trajectory_free_map_t									0.8016495704650879					per_gene																											tcf7l2	0.17685278	-0.025635956	-0.0256231712595982
B		B5_trajectory_free_map_t									1.4084535837173462					per_gene																											tdgf1	-0.31319144	-0.29214987	-0.3118306940939589
B		B5_trajectory_free_map_t									1.0359337329864502					per_gene																											tead1a	0.11960892	0.049185723	0.0291162330006244
B		B5_trajectory_free_map_t									0.8186478018760681					per_gene																											tead1b	-0.045639087	-0.0032760666	-7.171002424970327e-05
B		B5_trajectory_free_map_t									1.5697894096374512					per_gene																											tfap2a	0.29107252	0.35518625	0.3337278142323429
B		B5_trajectory_free_map_t									2.148245096206665					per_gene																											tfap2c	-0.20358238	-0.07584616	-0.070752858624507
B		B5_trajectory_free_map_t									0.4098297953605652					per_gene																											tgif1	0.27008173	0.27163327	0.3023985656625754
B		B5_trajectory_free_map_t									0.6302173137664795					per_gene																											tlcd5a	-0.041256145	-0.06053071	-0.0641881739439221
B		B5_trajectory_free_map_t									0.7484593987464905					per_gene																											tmed10	0.1525854	0.010578691	0.0083955578851414
B		B5_trajectory_free_map_t									0.7748697996139526					per_gene																											tmed2	0.13358085	0.061375257	0.0609630061489625
B		B5_trajectory_free_map_t									1.07447612285614					per_gene																											tp63	0.18720682	0.037214097	0.0291416749191701
B		B5_trajectory_free_map_t									0.7351483702659607					per_gene																											tpx2	0.13080359	0.0065090605	-0.0015316177245503
B		B5_trajectory_free_map_t									0.6216788291931152					per_gene																											tram1	0.17740864	0.1257466	0.1149672361685263
B		B5_trajectory_free_map_t									0.7214401364326477					per_gene																											trps1	0.22075339	0.057490032	0.0549253824793304
B		B5_trajectory_free_map_t									0.7997679710388184					per_gene																											tshz3b	0.30371276	0.09767809	0.0929519878723637
B		B5_trajectory_free_map_t									0.8943541049957275					per_gene																											tuba1a	0.24144325	0.21180914	0.2289117736543508
B		B5_trajectory_free_map_t									0.4965914785861969					per_gene																											tuba8l	0.15892927	0.036396116	0.0299963734002372
B		B5_trajectory_free_map_t									1.1598953008651731					per_gene																											tuba8l2	0.5677685	0.48758367	0.4621762342009946
B		B5_trajectory_free_map_t									0.4720128774642944					per_gene																											tuba8l4	0.06598605	0.23992255	0.1769871895284783
B		B5_trajectory_free_map_t									0.4224478900432586					per_gene																											tubb2b	0.20420276	0.22329527	0.2356832610757798
B		B5_trajectory_free_map_t									0.5130772590637207					per_gene																											twist1a	0.0	0.10155852	0.0942938641169405
B		B5_trajectory_free_map_t									0.8412840366363525					per_gene																											twist2	0.0	-0.029080462	-0.0119823496448468
B		B5_trajectory_free_map_t									0.7725033164024353					per_gene																											ube2c	-0.02706369	-0.02159288	-0.0182949762693806
B		B5_trajectory_free_map_t									0.4304817616939544					per_gene																											uhrf1	0.07418833	0.19925375	0.1422520239926267
B		B5_trajectory_free_map_t									0.9809251427650452					per_gene																											unc5b	0.4469204	0.39827242	0.3651496140173866
B		B5_trajectory_free_map_t									0.8756522536277771					per_gene																											uncx4.1	-0.09388306	-0.08843544	-0.0469207749936893
B		B5_trajectory_free_map_t									0.7630984783172607					per_gene																											unga	0.093136124	0.06275482	0.0398557914741772
B		B5_trajectory_free_map_t									0.7520954608917236					per_gene																											usf1	0.12512724	0.044144474	0.0293282893057596
B		B5_trajectory_free_map_t									1.616861343383789					per_gene																											ved	-0.078728415	-0.41332665	-0.4342659247733423
B		B5_trajectory_free_map_t									0.8903062343597412					per_gene																											vgll4l	0.27793604	0.2736008	0.2374034959268395
B		B5_trajectory_free_map_t									0.8024895787239075					per_gene																											vox	0.14798279	0.08091062	0.0637884401788044
B		B5_trajectory_free_map_t									0.6264328360557556					per_gene																											vrtn	-0.05552734	0.12216343	0.2063868190790367
B		B5_trajectory_free_map_t									0.652899980545044					per_gene																											vsx2	0.28108954	0.009479257	0.0144845689457269
B		B5_trajectory_free_map_t									1.174285650253296					per_gene																											wnt11f2	0.2774988	0.5119828	0.5163467659844277
B		B5_trajectory_free_map_t									1.2160030603408811					per_gene																											wnt8a	0.16136862	0.107709676	0.100772926744706
B		B5_trajectory_free_map_t									1.513924241065979					per_gene																											xbp1	0.0	0.12629831	0.0489222140983131
B		B5_trajectory_free_map_t									0.7774037718772888					per_gene																											zbtb18	0.11628836	-0.013917022	-0.0192178802526539
B		B5_trajectory_free_map_t									0.7965900897979736					per_gene																											zc4h2	0.07563851	0.012130726	0.0118266723643367
B		B5_trajectory_free_map_t									1.0211563110351562					per_gene																											zeb1a	-0.07709036	-0.10390431	-0.1630012295768661
B		B5_trajectory_free_map_t									1.0803214311599731					per_gene																											zeb1b	0.017236825	-0.018207062	-0.0126554463810225
B		B5_trajectory_free_map_t									0.7320358753204346					per_gene																											zeb2a	0.22846557	0.14940335	0.144775356230688
B		B5_trajectory_free_map_t									1.1350206136703491					per_gene																											zeb2b	0.004002062	-0.023849392	-0.0388836785857638
B		B5_trajectory_free_map_t									0.623503565788269					per_gene																											zfand5a	0.24516465	0.108039334	0.1037679367855778
B		B5_trajectory_free_map_t									0.6006020307540894					per_gene																											zgc:113372	0.050590657	-0.0047459304	0.0013952914624603
B		B5_trajectory_free_map_t									0.6186855435371399					per_gene																											zgc:113424	0.28623843	0.018032717	0.0091309025052298
B		B5_trajectory_free_map_t									0.5894426703453064					per_gene																											zgc:174154	0.025749937	0.006124766	0.0031390646283434
B		B5_trajectory_free_map_t									0.7223269939422607					per_gene																											zgc:175088	0.056823127	0.096310966	0.1117109205313857
B		B5_trajectory_free_map_t									1.5553184747695925					per_gene																											zic2a	0.19245093	0.24472706	0.2383538993488506
B		B5_trajectory_free_map_t									1.3763000965118408					per_gene																											zic2b	-0.19576305	-0.082813054	-0.1620814823437905
B		B5_trajectory_free_map_t									1.88580322265625					per_gene																											zic3	-0.38413757	-0.3159592	-0.3389575381180456
B		B5_trajectory_free_map_t									0.7598279714584351					per_gene																											zmp:0000000624	0.15688342	0.06556552	0.0824590344728993
B		B5_trajectory_free_map_t									0.7919479608535767					per_gene																											znf1004	0.1969566	0.24507546	0.1918890207332566
B		B5_trajectory_free_map_t									1.258555293083191					per_gene																											znf185	0.38102898	0.18200156	0.1801969850194505
B		B5_trajectory_free_map_t									0.5775364637374878					per_gene																											znf576.2	0.10987982	0.134521	0.1656013676936595
B		B5_trajectory_free_map_t									1.0793704986572266					per_gene																											znfl2a	-0.2129559	0.014877348	-0.0023440351282308
B		B5_trajectory_free_map_t									0.6545029878616333					per_gene																											zswim5	0.0	0.45408747	0.4674047385425867
B		B6_trajectory_aware_map_t									0.9352582097053528					per_gene																											ackr3b	0.31421363	0.28603232	0.3063219942908207
B		B6_trajectory_aware_map_t									0.727996826171875					per_gene																											acvr1ba	0.32273212	0.4159523	0.4516670659278456
B		B6_trajectory_aware_map_t									0.3289745151996612					per_gene																											add3b	0.279575	0.40232357	0.3734697702731763
B		B6_trajectory_aware_map_t									0.4730618894100189					per_gene																											adka	0.14645994	0.37762842	0.414907897285052
B		B6_trajectory_aware_map_t									1.5374501943588257					per_gene																											admp	0.5128838	-0.09161408	-0.0914931360738806
B		B6_trajectory_aware_map_t									0.7020023465156555					per_gene																											ahi1	0.3355995	0.2983337	0.3300435009646922
B		B6_trajectory_aware_map_t									0.3284852802753448					per_gene																											akap12b	0.19863665	0.16257678	0.1583629272893628
B		B6_trajectory_aware_map_t									0.7412318587303162					per_gene																											alcamb	0.6358797	0.66820383	0.6175376834638027
B		B6_trajectory_aware_map_t									0.6755236983299255					per_gene																											aldob	0.15447997	0.4381001	0.4692893164935221
B		B6_trajectory_aware_map_t									0.3696843683719635					per_gene																											anp32e	0.42221716	0.26921698	0.2738888322692999
B		B6_trajectory_aware_map_t									0.7326059341430664					per_gene																											apex1	-0.0156248575	-0.015632264	-0.0118510933213127
B		B6_trajectory_aware_map_t									0.9906916618347168					per_gene																											aplnra	0.5585212	0.535023	0.5166090119360489
B		B6_trajectory_aware_map_t									0.7861728072166443					per_gene																											aplnrb	0.0	0.0515179	0.0621813134982734
B		B6_trajectory_aware_map_t									0.7325071096420288					per_gene																											apoc1	0.6214395	0.6082015	0.6290666627625916
B		B6_trajectory_aware_map_t									0.5322557091712952					per_gene																											arf5	0.20962402	0.13911068	0.1800662262937302
B		B6_trajectory_aware_map_t									0.5123569965362549					per_gene																											arhgap5	0.15616927	0.010636794	0.0062307344822681
B		B6_trajectory_aware_map_t									0.6968176364898682					per_gene																											arl4aa	0.25581086	0.22728205	0.2153753435484958
B		B6_trajectory_aware_map_t									0.918103575706482					per_gene																											arl4ab	0.4698614	0.33165744	0.2445624504021388
B		B6_trajectory_aware_map_t									1.0124084949493408					per_gene																											arl4d	0.39278126	0.3270005	0.319893811310005
B		B6_trajectory_aware_map_t									0.7527171969413757					per_gene																											arl6ip5a	0.23762198	0.13473326	0.1242225160301362
B		B6_trajectory_aware_map_t									0.777682363986969					per_gene																											aspm	0.118090205	-0.03420764	-0.0457236614334006
B		B6_trajectory_aware_map_t									0.6390911340713501					per_gene																											atf6	0.23441714	0.18375447	0.2013489388885741
B		B6_trajectory_aware_map_t									0.5161132216453552					per_gene																											atoh1c	0.144705	0.07501079	0.0767718594724072
B		B6_trajectory_aware_map_t									0.7379883527755737					per_gene																											atp2b1a	0.26884657	0.2246085	0.2168357075742815
B		B6_trajectory_aware_map_t									0.3253840804100036					per_gene																											atrxl	0.39096496	0.12285397	0.1344676244332755
B		B6_trajectory_aware_map_t									0.5223016142845154					per_gene																											aurkb	0.06455244	0.107863806	0.1176514781284488
B		B6_trajectory_aware_map_t									0.8786619305610657					per_gene																											axin2	0.23328286	0.14056459	0.1587391813986737
B		B6_trajectory_aware_map_t									0.7821874618530273					per_gene																											bach1b	0.13111837	0.015385786	0.0179051932325174
B		B6_trajectory_aware_map_t									0.7652825117111206					per_gene																											bambia	0.8618037	0.83446467	0.8258501664000977
B		B6_trajectory_aware_map_t									0.7004801630973816					per_gene																											baz1b	0.30544597	0.23410533	0.2624441735518265
B		B6_trajectory_aware_map_t									0.6953985691070557					per_gene																											bcl2l1	0.108817115	0.072502404	0.0825339235175173
B		B6_trajectory_aware_map_t									0.6631032228469849					per_gene																											bhlha15	0.03090534	0.05827189	0.0521879079257497
B		B6_trajectory_aware_map_t									0.7119028568267822					per_gene																											blf	0.48433715	0.069402196	0.066327875349948
B		B6_trajectory_aware_map_t									1.5775878429412842					per_gene																											bmp2b	0.13478518	-0.09538923	-0.0818355591132179
B		B6_trajectory_aware_map_t									0.98634672164917					per_gene																											bmp4	0.76541746	0.6636291	0.6464778258737542
B		B6_trajectory_aware_map_t									0.9398451447486876					per_gene																											bmp7a	0.58776206	0.6059627	0.6365662593511229
B		B6_trajectory_aware_map_t									0.3435870409011841					per_gene																											brd2a	0.004494877	-0.074093536	-0.069264096062638
B		B6_trajectory_aware_map_t									0.661087691783905					per_gene																											btg2	0.49974978	0.45436528	0.4543273211920309
B		B6_trajectory_aware_map_t									0.6222894191741943					per_gene																											c1qbp	0.40081984	0.45289892	0.496865967074359
B		B6_trajectory_aware_map_t									0.7495055794715881					per_gene																											C7H16orf87	0.0	0.015815018	0.0175139027914472
B		B6_trajectory_aware_map_t									0.7378860712051392					per_gene																											ca9	0.36435285	0.3733192	0.4014749130475345
B		B6_trajectory_aware_map_t									0.7388691306114197					per_gene																											casz1	0.1503014	0.05309231	0.0493487557673168
B		B6_trajectory_aware_map_t									0.482851505279541					per_gene																											cbx3a	0.23502618	0.2590691	0.2834415050462666
B		B6_trajectory_aware_map_t									0.4234806299209595					per_gene																											cbx5	0.33915508	0.40103656	0.374276712423614
B		B6_trajectory_aware_map_t									0.8045904040336609					per_gene																											ccne2	0.20708834	0.12106241	0.1218192458909033
B		B6_trajectory_aware_map_t									0.4789453744888305					per_gene																											ccnf	0.17348494	0.026203744	0.023520002771333
B		B6_trajectory_aware_map_t									0.6124948263168335					per_gene																											ccng1	0.25165245	0.2550088	0.2814670922437555
B		B6_trajectory_aware_map_t									0.7432319521903992					per_gene																											cd63	0.0	0.01822811	0.0163607621490852
B		B6_trajectory_aware_map_t									0.5355913043022156					per_gene																											cdc14b	0.21432838	0.15736738	0.1701825641466749
B		B6_trajectory_aware_map_t									0.6950168013572693					per_gene																											cdc42ep4a	0.2768744	0.20670626	0.2025643270953423
B		B6_trajectory_aware_map_t									0.5929679274559021					per_gene																											cdca8	0.16331923	0.19465853	0.2199315935486796
B		B6_trajectory_aware_map_t									0.6318784356117249					per_gene																											cdh1	0.309533	0.4308361	0.4275977138996382
B		B6_trajectory_aware_map_t									0.7731372117996216					per_gene																											cdh2	0.3273306	0.34479958	0.3520121785128249
B		B6_trajectory_aware_map_t									1.0778839588165283					per_gene																											cdh6	0.2807629	0.24469112	0.2243581629646907
B		B6_trajectory_aware_map_t									0.8265260457992554					per_gene																											cdkn1ca	0.19494332	0.29509172	0.1904232665289648
B		B6_trajectory_aware_map_t									0.299850583076477					per_gene																											cdt1	0.27222246	0.21084958	0.2060738845059889
B		B6_trajectory_aware_map_t									1.0115994215011597					per_gene																											cdx1a	0.7025572	0.6697102	0.6692806611219675
B		B6_trajectory_aware_map_t									1.659393310546875					per_gene																											cdx4	0.7120335	0.699929	0.7134933893774718
B		B6_trajectory_aware_map_t									0.5453007221221924					per_gene																											cenpf	0.11674866	0.17200935	0.2070237253206256
B		B6_trajectory_aware_map_t									0.6405852437019348					per_gene																											cfl1l	0.0	0.032909337	0.0494326117295646
B		B6_trajectory_aware_map_t									0.6046426892280579					per_gene																											chaf1a	0.0	0.0060470556	0.0006306664358612
B		B6_trajectory_aware_map_t									2.2269155979156494					per_gene																											chrd	0.5936536	-0.1697535	0.0388247954374715
B		B6_trajectory_aware_map_t									0.7286214232444763					per_gene																											chst11	0.22473687	0.111076064	0.1069929918300441
B		B6_trajectory_aware_map_t									0.7793903946876526					per_gene																											cldnd	0.0995522	-0.027328838	-0.0305778117496055
B		B6_trajectory_aware_map_t									0.8520738482475281					per_gene																											clic4	0.25578007	0.31909	0.3498422418590977
B		B6_trajectory_aware_map_t									0.7637820243835449					per_gene																											clocka	-0.04163563	0.008868614	0.0036426793710328
B		B6_trajectory_aware_map_t									0.789563775062561					per_gene																											cmtm6	0.0966087	-0.055518486	-0.0657764811834494
B		B6_trajectory_aware_map_t									0.6811699271202087					per_gene																											cnmd	0.07787156	0.05852489	0.0586718537451087
B		B6_trajectory_aware_map_t									0.7269814014434814					per_gene																											cnn3a	0.0	0.037058007	0.0322394003121307
B		B6_trajectory_aware_map_t									0.7572508454322815					per_gene																											coq10b	0.16563508	0.11391445	0.1022961545591946
B		B6_trajectory_aware_map_t									0.6575251817703247					per_gene																											crabp2b	0.757182	0.78516644	0.7991470426829452
B		B6_trajectory_aware_map_t									0.809027373790741					per_gene																											creb3l1	0.21082142	0.23875421	0.1333006677717781
B		B6_trajectory_aware_map_t									0.8308917284011841					per_gene																											creb3l2	0.25251672	0.16049683	0.141303417763293
B		B6_trajectory_aware_map_t									0.7744061946868896					per_gene																											csrp1a	-0.009102311	-0.033945937	-0.029019394370697
B		B6_trajectory_aware_map_t									0.8699495792388916					per_gene																											cst3	0.2649238	0.27732083	0.2714678910260267
B		B6_trajectory_aware_map_t									0.2349234372377395					per_gene																											ctcf	0.38727874	0.41602027	0.3970102456685919
B		B6_trajectory_aware_map_t									0.8553057909011841					per_gene																											cth1	0.13220987	0.09916057	0.1031415706855094
B		B6_trajectory_aware_map_t									0.6828861236572266					per_gene																											CU570769.1	0.057651382	0.03080195	0.0322033044418664
B		B6_trajectory_aware_map_t									0.5979400277137756					per_gene																											cux1a	0.09673765	0.03328881	0.0344119167189927
B		B6_trajectory_aware_map_t									0.6661103367805481					per_gene																											cxcl12b	0.19613852	0.19464685	0.2030291494173643
B		B6_trajectory_aware_map_t									0.8309381008148193					per_gene																											cxcr4a	0.2632685	0.1690029	0.1987009476960279
B		B6_trajectory_aware_map_t									0.934917449951172					per_gene																											dact2	0.6564103	0.6598644	0.6790880892832978
B		B6_trajectory_aware_map_t									0.6395162343978882					per_gene																											dand5	0.11730323	-0.031093819	-0.0276260176916392
B		B6_trajectory_aware_map_t									0.8260124325752258					per_gene																											dbx1a	0.24246792	0.22853276	0.2140411877370562
B		B6_trajectory_aware_map_t									0.9316312670707704					per_gene																											ddx4	0.10811753	0.3431974	0.355679794180079
B		B6_trajectory_aware_map_t									0.680209755897522					per_gene																											dharma	0.01319485	0.053527996	0.0460665105641702
B		B6_trajectory_aware_map_t									0.2811665534973144					per_gene																											dkc1	0.3172476	0.4557083	0.3980536945644579
B		B6_trajectory_aware_map_t									0.5907004475593567					per_gene																											dkk1b	0.2394857	0.17170118	0.1560610824765908
B		B6_trajectory_aware_map_t									1.5151548385620115					per_gene																											dld	0.434167	0.67394304	0.6445649840694432
B		B6_trajectory_aware_map_t									0.2801813185214996					per_gene																											dlgap5	0.26100555	0.24609402	0.2443335639422282
B		B6_trajectory_aware_map_t									1.33897066116333					per_gene																											dlx3b	0.46705982	0.47942704	0.4601471292363711
B		B6_trajectory_aware_map_t									0.4962779581546783					per_gene																											dmd	0.18285084	0.18350099	0.1921300541179443
B		B6_trajectory_aware_map_t									0.4943592548370361					per_gene																											dnmt3bb.2	0.33438393	0.020395057	0.0406844487015149
B		B6_trajectory_aware_map_t									1.2302639484405518					per_gene																											drll.2	0.4519877	0.31343633	0.2623843767266376
B		B6_trajectory_aware_map_t									1.1181609630584717					per_gene																											drll.3	0.34557858	0.2159132	0.170539680976847
B		B6_trajectory_aware_map_t									0.6145650744438171					per_gene																											dscc1	0.09811286	0.056720458	0.0579766245112812
B		B6_trajectory_aware_map_t									0.7404823899269104					per_gene																											dync1li1	0.1256259	0.051219866	0.0493882330705314
B		B6_trajectory_aware_map_t									1.1242492198944092					per_gene																											dynll1	0.18949783	0.10676079	0.1268461480775928
B		B6_trajectory_aware_map_t									0.7684648633003235					per_gene																											dynll2b	0.16523004	0.10891107	0.1039753173779868
B		B6_trajectory_aware_map_t									0.7774389982223511					per_gene																											ednraa	0.054951865	0.036680467	0.0104946863550845
B		B6_trajectory_aware_map_t									0.9555205702781676					per_gene																											efna1a	0.26737946	0.312409	0.3025310215697495
B		B6_trajectory_aware_map_t									0.7836776375770569					per_gene																											efnb2a	0.3252171	0.28301397	0.2747294398879387
B		B6_trajectory_aware_map_t									0.8821923136711121					per_gene																											efnb2b	0.6124037	0.645672	0.6840970551214576
B		B6_trajectory_aware_map_t									0.8014106154441833					per_gene																											egln1b	0.14856324	0.082071796	0.0723281981363562
B		B6_trajectory_aware_map_t									0.4595035314559936					per_gene																											eif3ea	0.17118296	0.10982075	0.1450683547237361
B		B6_trajectory_aware_map_t									0.7181990146636963					per_gene																											elavl3	0.10608696	0.0052125123	0.0083067893780479
B		B6_trajectory_aware_map_t									1.1782171726226809					per_gene																											elf1	0.116778225	0.13300832	0.1381968932549157
B		B6_trajectory_aware_map_t									0.7613194584846497					per_gene																											elob	0.12308651	-0.015164074	-0.0200135399605179
B		B6_trajectory_aware_map_t									0.7115449905395508					per_gene																											emid1	0.11961015	0.046318747	0.0448874888831878
B		B6_trajectory_aware_map_t									0.6273250579833984					per_gene																											emx2	0.25573593	0.16658045	0.1729068845925349
B		B6_trajectory_aware_map_t									0.7252092957496643					per_gene																											emx3	0.14194635	0.05964785	0.0554269300318681
B		B6_trajectory_aware_map_t									0.7503473162651062					per_gene																											epcam	0.14522672	0.055955168	0.053347596617772
B		B6_trajectory_aware_map_t									0.8510276675224304					per_gene																											epha2a	0.5618618	0.62711143	0.5632771153623892
B		B6_trajectory_aware_map_t									0.8400561809539795					per_gene																											ephb3a	0.62324864	0.6108646	0.6273045554177661
B		B6_trajectory_aware_map_t									0.9835843443870544					per_gene																											eppk1	0.14241229	0.10293649	0.1008055717685923
B		B6_trajectory_aware_map_t									0.5890867710113525					per_gene																											erf	0.30391768	0.08389096	0.0820040905756324
B		B6_trajectory_aware_map_t									0.8510550856590271					per_gene																											esrra	0.39413562	0.36271337	0.3704132363558532
B		B6_trajectory_aware_map_t									1.1460024118423462					per_gene																											ets2	0.31523886	0.22099522	0.0712158707662331
B		B6_trajectory_aware_map_t									0.5290217399597168					per_gene																											etv2	0.20725931	0.04579217	0.0520883919288609
B		B6_trajectory_aware_map_t									0.6044501066207886					per_gene																											etv4	0.5820395	0.61445487	0.6149263950563508
B		B6_trajectory_aware_map_t									0.6096845269203186					per_gene																											etv5a	0.21355414	0.20989275	0.204011250081049
B		B6_trajectory_aware_map_t									0.3933516442775726					per_gene																											etv5b	0.53155863	0.5316592	0.4887345742545816
B		B6_trajectory_aware_map_t									0.905432403087616					per_gene																											eve1	0.8269431	0.74906796	0.7713932237085932
B		B6_trajectory_aware_map_t									0.8472055196762085					per_gene																											f11r.1	0.026228575	0.007273695	0.0082805774582984
B		B6_trajectory_aware_map_t									0.8153150081634521					per_gene																											fbln2	0.20332576	0.091851704	0.0901411640756218
B		B6_trajectory_aware_map_t									0.8952386379241943					per_gene																											fezf2	0.24097012	0.17676145	0.1503999698459244
B		B6_trajectory_aware_map_t									0.9540255665779114					per_gene																											fgf8a	0.4304694	0.26464835	0.2972794411380867
B		B6_trajectory_aware_map_t									1.1850688457489014					per_gene																											flrt3	0.30296767	0.4641645	0.4220385095959235
B		B6_trajectory_aware_map_t									1.182058572769165					per_gene																											fn1a	0.6211371	0.60644186	0.5859545575772058
B		B6_trajectory_aware_map_t									0.9126362800598145					per_gene																											fn1b	0.5813139	0.5307217	0.5290790691273268
B		B6_trajectory_aware_map_t									0.7567263841629028					per_gene																											fnbp1l	0.06952621	0.030994697	0.0398985904386739
B		B6_trajectory_aware_map_t									0.5845748782157898					per_gene																											fosab	0.22193997	0.26745096	0.2305564611827549
B		B6_trajectory_aware_map_t									0.9411417841911316					per_gene																											foxa	0.31538394	0.46902484	0.3886731966704956
B		B6_trajectory_aware_map_t									0.9340766072273254					per_gene																											foxa2	0.0	0.15868424	0.1135937897313642
B		B6_trajectory_aware_map_t									1.3141449689865112					per_gene																											foxa3	0.3172705	0.5988783	0.5302002752406061
B		B6_trajectory_aware_map_t									1.396229863166809					per_gene																											foxb1a	0.45056057	0.30781627	0.3284087359036544
B		B6_trajectory_aware_map_t									0.9903709888458252					per_gene																											foxb1b	0.18693079	0.12541112	0.0899717038644002
B		B6_trajectory_aware_map_t									1.2245851755142212					per_gene																											foxc1a	0.66583407	0.69678676	0.6392080392120483
B		B6_trajectory_aware_map_t									0.956600546836853					per_gene																											foxc1b	0.4198143	0.2028748	0.2027582395268889
B		B6_trajectory_aware_map_t									1.2375035285949707					per_gene																											foxd3	0.69901925	0.4193678	0.4114657220377659
B		B6_trajectory_aware_map_t									1.366668701171875					per_gene																											foxd5	0.43465576	0.4973766	0.4905124332342541
B		B6_trajectory_aware_map_t									0.49491086602211					per_gene																											foxg1a	0.21655068	-0.0143869	-0.0089835733894398
B		B6_trajectory_aware_map_t									0.6718941926956177					per_gene																											foxh1	0.6790647	0.74590254	0.79060173715732
B		B6_trajectory_aware_map_t									1.063936710357666					per_gene																											foxi1	0.4932378	0.48718524	0.4188816304512023
B		B6_trajectory_aware_map_t									0.7846701145172119					per_gene																											foxn2b	0.20778286	0.21257716	0.25382937735741
B		B6_trajectory_aware_map_t									0.3960043489933014					per_gene																											foxo1a	0.1294321	0.034156054	0.0414184157193793
B		B6_trajectory_aware_map_t									0.8256577849388123					per_gene																											foxp1b	0.17946751	0.07215851	0.0770743917234622
B		B6_trajectory_aware_map_t									1.118083119392395					per_gene																											foxp2	0.21192239	0.15057464	0.1362136179086988
B		B6_trajectory_aware_map_t									0.8173525929450989					per_gene																											frmd4ba	0.09781616	0.11100447	0.0736539394190485
B		B6_trajectory_aware_map_t									0.8400716185569763					per_gene																											fscn1a	0.3703864	0.6632155	0.6671926733309232
B		B6_trajectory_aware_map_t									0.6578848361968994					per_gene																											fzd7a	0.59146845	0.53753716	0.4612617989888633
B		B6_trajectory_aware_map_t									0.8434187769889832					per_gene																											fzd7b	0.36187252	-0.0050635757	-0.0094391979929677
B		B6_trajectory_aware_map_t									1.265923023223877					per_gene																											fzd8a	0.49800485	0.32839012	0.3313704490931383
B		B6_trajectory_aware_map_t									0.693863034248352					per_gene																											gadd45gip1	0.08718304	0.06430097	0.0837921554524378
B		B6_trajectory_aware_map_t									0.7893177270889282					per_gene																											gapdh	0.2601921	0.080794334	0.0643683749551051
B		B6_trajectory_aware_map_t									1.5183809995651243					per_gene																											gata2a	0.6569426	0.48038676	0.4599918165628693
B		B6_trajectory_aware_map_t									0.6389651894569397					per_gene																											gata3	0.23598716	0.0059097363	0.0027968879770873
B		B6_trajectory_aware_map_t									1.343685507774353					per_gene																											gata6	0.4296695	0.4428724	0.3896717831828257
B		B6_trajectory_aware_map_t									1.2980161905288696					per_gene																											gbx1	0.34161693	0.161981	0.161141917964656
B		B6_trajectory_aware_map_t									0.5176106691360474					per_gene																											gcm2	0.13796401	0.116338424	0.11568971800714
B		B6_trajectory_aware_map_t									0.7469726204872131					per_gene																											gfi1aa	0.04412378	0.015351369	0.0146296333671778
B		B6_trajectory_aware_map_t									1.2804473638534546					per_gene																											gli1	0.2080863	0.25625497	0.2926558549716064
B		B6_trajectory_aware_map_t									0.7749552130699158					per_gene																											gli2a	0.25570506	0.27661705	0.2947344066331508
B		B6_trajectory_aware_map_t									0.5631426572799683					per_gene																											gmnn	0.19434804	0.24568455	0.2811260095810123
B		B6_trajectory_aware_map_t									0.732976496219635					per_gene																											gpr137bb	0.031708654	0.010064917	0.0091811438004367
B		B6_trajectory_aware_map_t									1.1223424673080444					per_gene																											grhl1	0.32914162	0.14444065	0.1381269822915973
B		B6_trajectory_aware_map_t									0.7961195707321167					per_gene																											grhl2b	0.09966988	0.05770565	0.050933663006514
B		B6_trajectory_aware_map_t									0.7227602601051331					per_gene																											gsc	0.23117155	0.14534539	0.1444631249570221
B		B6_trajectory_aware_map_t									0.9330648183822632					per_gene																											h1-0	0.0	0.09103309	0.0861376763563239
B		B6_trajectory_aware_map_t									0.3973821103572845					per_gene																											hdlbpa	0.18822035	0.12914114	0.1375817656699667
B		B6_trajectory_aware_map_t									0.9525724053382874					per_gene																											helb	0.32931155	0.34203455	0.3696955361310633
B		B6_trajectory_aware_map_t									0.7678425908088684					per_gene																											hells	0.36557707	0.20192775	0.2109820208772708
B		B6_trajectory_aware_map_t									1.4100486040115356					per_gene																											her1	0.25033924	0.52125055	0.4752413691869646
B		B6_trajectory_aware_map_t									0.7352755665779114					per_gene																											her11	0.27288932	0.2176456	0.2117687373294391
B		B6_trajectory_aware_map_t									0.7615898847579956					per_gene																											her12	0.18701799	0.11122453	0.1038820279730238
B		B6_trajectory_aware_map_t									0.8054890632629395					per_gene																											her2	0.19961987	0.1069869	0.0923606989635045
B		B6_trajectory_aware_map_t									0.6739435791969299					per_gene																											her3	0.22503036	0.0735447	0.070749030660758
B		B6_trajectory_aware_map_t									1.055192232131958					per_gene																											her5	-0.032275908	-0.08921144	-0.0910312157885347
B		B6_trajectory_aware_map_t									1.1570192575454712					per_gene																											her6	-0.19955091	-0.22705096	-0.2259515143398278
B		B6_trajectory_aware_map_t									0.922851026058197					per_gene																											her7	0.5589742	0.5751828	0.5669501675646121
B		B6_trajectory_aware_map_t									0.9533898234367372					per_gene																											her8a	0.6198508	0.64464575	0.6373365372492026
B		B6_trajectory_aware_map_t									1.7389986515045166					per_gene																											her9	0.034329485	0.038650762	0.0185959598725532
B		B6_trajectory_aware_map_t									0.7664780616760254					per_gene																											hes6	0.07765346	0.0990422	0.105920583856761
B		B6_trajectory_aware_map_t									0.6524040699005127					per_gene																											hesx1	0.19302887	0.193436	0.218568709490156
B		B6_trajectory_aware_map_t									0.7613797187805176					per_gene																											hic1l	0.10518315	0.032562703	0.0564291699369477
B		B6_trajectory_aware_map_t									0.6560602188110352					per_gene																											higd1a	0.09814552	0.06748131	0.0663361077684369
B		B6_trajectory_aware_map_t									0.781607449054718					per_gene																											hivep2a	0.2319247	0.012031123	0.0113728060822706
B		B6_trajectory_aware_map_t									1.3748998641967771					per_gene																											hoxb1b	0.19195989	0.15877812	0.1233125661094983
B		B6_trajectory_aware_map_t									0.7239375114440918					per_gene																											hoxb7a	0.12789494	0.05329627	0.044419985306023
B		B6_trajectory_aware_map_t									0.7219045758247375					per_gene																											hoxb8a	0.24874808	0.13722657	0.1325259781917949
B		B6_trajectory_aware_map_t									0.6609804630279541					per_gene																											hoxb9a	0.21326977	0.14924747	0.1508011660573954
B		B6_trajectory_aware_map_t									0.7261581420898438					per_gene																											hoxc3a	0.11085063	0.08646592	0.0804314301560238
B		B6_trajectory_aware_map_t									1.052145004272461					per_gene																											hoxc6a	0.0	-0.020516578	-0.0178262935205194
B		B6_trajectory_aware_map_t									0.5715180039405823					per_gene																											hoxc8a	0.13256648	-0.024978856	-0.017333298061681
B		B6_trajectory_aware_map_t									0.8000542521476746					per_gene																											hsp90aa1.2	0.21774803	0.07897996	0.0689033708162573
B		B6_trajectory_aware_map_t									1.0906559228897097					per_gene																											id3	0.64060104	0.6154025	0.6157160946428368
B		B6_trajectory_aware_map_t									0.2402543872594833					per_gene																											igf2bp1	0.47246906	0.41021255	0.3456536960497816
B		B6_trajectory_aware_map_t									0.8187392354011536					per_gene																											igfbp1a	0.13240033	0.07014633	0.0738554839701644
B		B6_trajectory_aware_map_t									0.9563559293746948					per_gene																											irf2a	0.23887245	0.09202299	0.0982126519658133
B		B6_trajectory_aware_map_t									1.523953914642334					per_gene																											irx1b	0.13594945	0.22139485	0.2133129606954284
B		B6_trajectory_aware_map_t									0.7233818769454956					per_gene																											irx3a	0.18697973	0.037728753	0.0352776029641097
B		B6_trajectory_aware_map_t									0.7570682764053345					per_gene																											irx5a	0.12651467	0.004773078	0.0008033581376802
B		B6_trajectory_aware_map_t									1.2325149774551392					per_gene																											irx7	0.6616864	0.65724766	0.6725757163898314
B		B6_trajectory_aware_map_t									1.117928147315979					per_gene																											ism1	0.41943905	0.4437803	0.3926232610507908
B		B6_trajectory_aware_map_t									0.6120491027832031					per_gene																											itga6a	0.13230428	0.071411386	0.0576320151103658
B		B6_trajectory_aware_map_t									0.8528580665588379					per_gene																											itgb5	0.53886867	0.5161775	0.5480035705008132
B		B6_trajectory_aware_map_t									0.8576129674911499					per_gene																											itm2cb	0.21841443	0.118260205	0.1101696696538249
B		B6_trajectory_aware_map_t									0.8628607392311096					per_gene																											jcada	0.38255098	0.2783505	0.2705139112899254
B		B6_trajectory_aware_map_t									0.8341763019561768					per_gene																											kank1a	0.17271408	0.15313129	0.1228262449689733
B		B6_trajectory_aware_map_t									0.849473774433136					per_gene																											kazald2	0.3549257	0.41407228	0.4001960329669174
B		B6_trajectory_aware_map_t									0.7219688296318054					per_gene																											kdrl	0.12215081	0.05432145	0.0511631860355434
B		B6_trajectory_aware_map_t									0.7195732593536377					per_gene																											kif15	0.0	0.013203345	0.0119302391675062
B		B6_trajectory_aware_map_t									1.2438479661941528					per_gene																											kirrel3l	0.4658821	0.6128266	0.5391207284539542
B		B6_trajectory_aware_map_t									0.7203174233436584					per_gene																											klf17	0.0	-0.02801814	-0.036249469663085
B		B6_trajectory_aware_map_t									1.2384711503982544					per_gene																											klf2a	0.5351116	0.2569953	0.2254256721963499
B		B6_trajectory_aware_map_t									1.4948031902313232					per_gene																											klf2b	0.50110334	0.52092457	0.4995487095691098
B		B6_trajectory_aware_map_t									1.0337001085281372					per_gene																											klf3	0.4227058	0.13354044	0.1410090377492423
B		B6_trajectory_aware_map_t									0.9564774036407472					per_gene																											klf7a	0.034449402	0.017642299	0.0203428889795339
B		B6_trajectory_aware_map_t									0.6803484559059143					per_gene																											klf8	0.4814166	0.49901065	0.5433496292925204
B		B6_trajectory_aware_map_t									0.4976103603839874					per_gene																											kmt5aa	0.106019385	0.14139041	0.1744504971275893
B		B6_trajectory_aware_map_t									1.7612680196762085					per_gene																											krt4	0.42919493	0.14019948	0.1394549787517807
B		B6_trajectory_aware_map_t									1.7349835634231567					per_gene																											krt8	0.45011666	0.12560883	0.125384278417103
B		B6_trajectory_aware_map_t									0.9319770336151124					per_gene																											krt99	0.18567884	0.12101009	0.1348942717504679
B		B6_trajectory_aware_map_t									0.638249933719635					per_gene																											lamb1a	0.35698763	0.42446527	0.4530197702771086
B		B6_trajectory_aware_map_t									0.6134942770004272					per_gene																											lamc1	0.60530883	0.4900013	0.4918024157606757
B		B6_trajectory_aware_map_t									0.6871456503868103					per_gene																											lamp2	0.25963253	0.29724687	0.2877933870633046
B		B6_trajectory_aware_map_t									0.7693430781364441					per_gene																											lbx2	0.3400295	0.23597541	0.212071762924297
B		B6_trajectory_aware_map_t									1.1509605646133425					per_gene																											lef1	0.34174344	0.33992317	0.3514690919935287
B		B6_trajectory_aware_map_t									0.9316185116767884					per_gene																											lft1	0.34571946	0.25355384	0.2457725988463425
B		B6_trajectory_aware_map_t									0.9062972664833068					per_gene																											lft2	0.28787714	0.26421997	0.2088856808091084
B		B6_trajectory_aware_map_t									0.7777899503707886					per_gene																											lgals3b	0.1696288	0.081152126	0.0828575166070281
B		B6_trajectory_aware_map_t									0.6609644293785095					per_gene																											lhfpl6	0.21615809	0.14681236	0.1252378400453382
B		B6_trajectory_aware_map_t									0.8117945790290833					per_gene																											lhx1a	0.40257946	0.48055243	0.3406223679313236
B		B6_trajectory_aware_map_t									1.3614284992218018					per_gene																											lhx5	0.63605183	0.64033556	0.656279312121581
B		B6_trajectory_aware_map_t									0.7853382229804993					per_gene																											lima1a	0.55186	0.579455	0.6101677676859739
B		B6_trajectory_aware_map_t									0.3557455539703369					per_gene																											lmnb1	0.2781641	0.26551682	0.2861916945615771
B		B6_trajectory_aware_map_t									0.7597195506095886					per_gene																											lmo2	0.21056503	0.032430556	0.0322781667996663
B		B6_trajectory_aware_map_t									1.3295185565948486					per_gene																											lmo4a	0.45953593	0.41931581	0.4125340609014353
B		B6_trajectory_aware_map_t									0.7567691206932068					per_gene																											lratb.1	0.26400745	0.19699112	0.1916333853188247
B		B6_trajectory_aware_map_t									0.7820988297462463					per_gene																											lratd1	0.053687975	0.051646683	0.0668813425254779
B		B6_trajectory_aware_map_t									0.6839260458946228					per_gene																											mab21l2	0.047225684	-0.007147844	-0.0079529694945454
B		B6_trajectory_aware_map_t									0.648924708366394					per_gene																											mad1l1	0.15005398	0.18000515	0.2140448564665542
B		B6_trajectory_aware_map_t									0.7691550850868225					per_gene																											map1lc3b	0.3465959	0.26652738	0.3001169368127288
B		B6_trajectory_aware_map_t									0.6127850413322449					per_gene																											map2k6	0.23635986	0.15727146	0.1716364424742756
B		B6_trajectory_aware_map_t									0.8419439196586609					per_gene																											mcama	-0.038819112	-0.03654064	-0.0453099737066051
B		B6_trajectory_aware_map_t									0.5744323134422302					per_gene																											mcm2	0.23692723	0.31311953	0.2419315565228986
B		B6_trajectory_aware_map_t									0.4560756683349609					per_gene																											mcm3	0.1833108	0.33640692	0.2229249242973954
B		B6_trajectory_aware_map_t									0.3475499451160431					per_gene																											mcm4	0.22627597	0.35956162	0.3175952894621276
B		B6_trajectory_aware_map_t									0.9065575003623962					per_gene																											mcm5	0.0	0.04193662	0.0538822606909928
B		B6_trajectory_aware_map_t									0.3006450831890106					per_gene																											mcm7	0.42910624	0.4853855	0.4121892052397694
B		B6_trajectory_aware_map_t									0.7670120000839233					per_gene																											mef2d	0.14614601	0.073905475	0.0680887684129566
B		B6_trajectory_aware_map_t									1.1774687767028809					per_gene																											meis1b	0.47704878	0.5021014	0.4712676498294514
B		B6_trajectory_aware_map_t									0.705856204032898					per_gene																											meis2a	0.015596878	0.0062811486	0.0061090443524264
B		B6_trajectory_aware_map_t									1.0868245363235474					per_gene																											meis3	0.315526	0.3045638	0.3028971092498492
B		B6_trajectory_aware_map_t									0.7162834405899048					per_gene																											meox1	0.20496333	0.1483818	0.1212261198892026
B		B6_trajectory_aware_map_t									0.7120124101638794					per_gene																											mespaa	-0.026249446	-0.0029438143	0.0005121630824892
B		B6_trajectory_aware_map_t									0.7425499558448792					per_gene																											mespab	0.61207336	0.5968822	0.5668603961953648
B		B6_trajectory_aware_map_t									0.7293317317962646					per_gene																											mgst3b	0.0	0.0075612157	0.0082427377093752
B		B6_trajectory_aware_map_t									0.8174447417259216					per_gene																											mibp2	0.13440093	0.061357252	0.0569120864498542
B		B6_trajectory_aware_map_t									1.0449107885360718					per_gene																											mixl1	0.5936164	0.37942752	0.3556011578858181
B		B6_trajectory_aware_map_t									0.2848576009273529					per_gene																											mki67	0.23770462	0.29267374	0.2809040154439876
B		B6_trajectory_aware_map_t									0.7633350491523743					per_gene																											mns1	0.24625388	0.198649	0.1874597242426613
B		B6_trajectory_aware_map_t									1.3052654266357422					per_gene																											msgn1	0.7793068	0.76821274	0.6854231846852856
B		B6_trajectory_aware_map_t									1.5518176555633545					per_gene																											msx1b	0.32699686	0.28997576	0.2488762676000736
B		B6_trajectory_aware_map_t									0.9238784909248352					per_gene																											msx3	0.5230579	0.41032612	0.3916138221584074
B		B6_trajectory_aware_map_t									0.492631733417511					per_gene																											mycb	0.15389119	0.048931543	0.0589134207552006
B		B6_trajectory_aware_map_t									0.7881867289543152					per_gene																											mych	0.38131854	0.36460403	0.2724584736532945
B		B6_trajectory_aware_map_t									0.5307245254516602					per_gene																											mycla	0.33062857	0.4291949	0.4508514300196095
B		B6_trajectory_aware_map_t									1.2353287935256958					per_gene																											myclb	0.20507371	0.24344756	0.2463673285050211
B		B6_trajectory_aware_map_t									1.4158796072006226					per_gene																											mycn	0.090572655	0.23082614	0.2447724968336378
B		B6_trajectory_aware_map_t									0.757443904876709					per_gene																											myf5	0.31767216	0.20593138	0.1844037242631537
B		B6_trajectory_aware_map_t									0.8142911195755005					per_gene																											myod1	0.23038293	0.232847	0.1903003643570896
B		B6_trajectory_aware_map_t									0.8725918531417847					per_gene																											nanog	0.19533195	0.20529194	0.2065744369487849
B		B6_trajectory_aware_map_t									0.4709966480731964					per_gene																											nap1l1	0.3341821	0.25510016	0.22538420511785
B		B6_trajectory_aware_map_t									0.6064718961715698					per_gene																											nasp	0.13649125	0.28766525	0.2694167256071627
B		B6_trajectory_aware_map_t									0.4009512066841125					per_gene																											ncapd2	-0.12349163	0.04370478	0.0357390008270207
B		B6_trajectory_aware_map_t									0.4449526667594909					per_gene																											nckap5l	0.18098998	0.13499847	0.1420179883641652
B		B6_trajectory_aware_map_t									0.6412046551704407					per_gene																											ndr1	0.40001148	0.07842153	0.0997530597738293
B		B6_trajectory_aware_map_t									0.9994748830795288					per_gene																											ndr2	0.27872097	0.31071624	0.229349658321656
B		B6_trajectory_aware_map_t									0.778408408164978					per_gene																											ndufv3	0.15528393	0.0738228	0.0622374779663233
B		B6_trajectory_aware_map_t									0.998982310295105					per_gene																											nid2a	0.66939735	0.66490877	0.650351950509511
B		B6_trajectory_aware_map_t									0.7650883197784424					per_gene																											nip7	0.20251726	0.2485875	0.2781343651191068
B		B6_trajectory_aware_map_t									0.7439298033714294					per_gene																											nkx1.2la	0.045234006	0.018593255	0.0193863654987669
B		B6_trajectory_aware_map_t									0.6169517040252686					per_gene																											nkx2.2a	0.18554135	0.09793576	0.0922768273362115
B		B6_trajectory_aware_map_t									0.8491814732551575					per_gene																											nog1	0.093795754	0.1049936	0.0640227839934392
B		B6_trajectory_aware_map_t									0.2884612083435058					per_gene																											nop58	0.29734448	0.39084622	0.3484435730356557
B		B6_trajectory_aware_map_t									0.4529981315135956					per_gene																											notch1a	0.3605043	0.34283188	0.2983006250325516
B		B6_trajectory_aware_map_t									1.028814435005188					per_gene																											noto	0.66144973	0.56381893	0.4433019920613942
B		B6_trajectory_aware_map_t									0.7813976407051086					per_gene																											nr2f2	0.2654595	0.012110729	0.0083080190102452
B		B6_trajectory_aware_map_t									0.7219424247741699					per_gene																											nr6a1a	0.15034345	0.03683743	0.0317981471784852
B		B6_trajectory_aware_map_t									0.6582879424095154					per_gene																											nrarpa	0.6441146	0.64420915	0.6747712673079368
B		B6_trajectory_aware_map_t									0.6556406617164612					per_gene																											nsd2	0.5270341	0.5432833	0.5653674182663749
B		B6_trajectory_aware_map_t									0.8488874435424805					per_gene																											ntd5	0.0	0.08195607	0.0658084953153557
B		B6_trajectory_aware_map_t									0.954541563987732					per_gene																											oclna	0.18746184	0.10318945	0.098698062035481
B		B6_trajectory_aware_map_t									0.9187918305397034					per_gene																											olig4	-0.007105362	-0.096365854	-0.1071973387503404
B		B6_trajectory_aware_map_t									1.3975428342819214					per_gene																											otx1	0.3560686	0.41072842	0.3885553809084044
B		B6_trajectory_aware_map_t									0.993563175201416					per_gene																											otx2a	0.4776839	0.34634405	0.3618202645848837
B		B6_trajectory_aware_map_t									1.2197566032409668					per_gene																											otx2b	0.38338205	0.3734622	0.3463172641592672
B		B6_trajectory_aware_map_t									0.6173149347305298					per_gene																											pax2a	0.1439424	0.09805198	0.0965958695830338
B		B6_trajectory_aware_map_t									0.914991855621338					per_gene																											pax3a	0.1509399	0.098125	0.0863258727761125
B		B6_trajectory_aware_map_t									0.7479647397994995					per_gene																											pax6a	0.30654895	0.18613406	0.1860959168224307
B		B6_trajectory_aware_map_t									0.6687362194061279					per_gene																											pax6b	-0.03604996	-0.03323215	-0.0371026481397538
B		B6_trajectory_aware_map_t									0.7055744528770447					per_gene																											pbx1b	-0.06379213	-0.035512734	-0.0414525468852151
B		B6_trajectory_aware_map_t									0.2611050307750702					per_gene																											pbx4	0.37453204	0.35499868	0.2988038048246036
B		B6_trajectory_aware_map_t									0.940991222858429					per_gene																											pcdh10b	0.74938947	0.7502916	0.6342662309173035
B		B6_trajectory_aware_map_t									0.6242551803588867					per_gene																											pcdh7b	0.28148642	-0.008470261	-0.0091490810126126
B		B6_trajectory_aware_map_t									0.4224799871444702					per_gene																											PCDH8	0.28007838	0.057348106	0.0558635072720953
B		B6_trajectory_aware_map_t									1.049849510192871					per_gene																											pcdh8	0.39937398	0.46383452	0.4699602992468624
B		B6_trajectory_aware_map_t									0.8837741017341614					per_gene																											pdap1a	0.21499386	0.12329408	0.143718624669164
B		B6_trajectory_aware_map_t									1.0145277976989746					per_gene																											perp	0.1861781	0.054000344	0.0664269657598133
B		B6_trajectory_aware_map_t									0.7724281549453735					per_gene																											pfn2	0.15858358	-0.052986797	-0.0449197700721686
B		B6_trajectory_aware_map_t									0.7216520309448242					per_gene																											pitx2	0.16085784	0.045492586	0.0463206764058878
B		B6_trajectory_aware_map_t									0.987954080104828					per_gene																											pknox1.1	0.11497376	0.3839595	0.4488766012568344
B		B6_trajectory_aware_map_t									0.80839604139328					per_gene																											plagl2	0.0	0.00840667	0.0036318528748217
B		B6_trajectory_aware_map_t									1.0423970222473145					per_gene																											plekhg5b	0.19927871	0.2663322	0.2683197455574648
B		B6_trajectory_aware_map_t									0.623197615146637					per_gene																											pmp22b	0.33137378	0.2159469	0.2026565550391804
B		B6_trajectory_aware_map_t									0.7789903879165649					per_gene																											pold3	0.11712282	-0.026421724	-0.0274597488705142
B		B6_trajectory_aware_map_t									0.6873411536216736					per_gene																											ppan	0.322138	0.26618305	0.2773838236298395
B		B6_trajectory_aware_map_t									1.2794121503829956					per_gene																											ppp1r7	0.12279922	0.035657205	0.032640666398369
B		B6_trajectory_aware_map_t									1.137299418449402					per_gene																											prdm1a	0.3946071	0.390511	0.4026358779159965
B		B6_trajectory_aware_map_t									1.589810132980347					per_gene																											prickle1b	0.20677274	0.30447096	0.257341411882042
B		B6_trajectory_aware_map_t									0.2900967895984649					per_gene																											prmt1	0.46658155	0.23877007	0.2613844012269888
B		B6_trajectory_aware_map_t									0.7043891549110413					per_gene																											prox1a	0.18185458	0.019372538	0.0149173878149403
B		B6_trajectory_aware_map_t									0.5122286677360535					per_gene																											ptp4a2b	0.14495757	0.10824629	0.125289310206429
B		B6_trajectory_aware_map_t									0.7533375024795532					per_gene																											pttg1	0.00269674	-0.05217625	-0.0588393850104263
B		B6_trajectory_aware_map_t									0.8667905926704407					per_gene																											rab11fip4a	0.21950865	0.19030964	0.1785917300800295
B		B6_trajectory_aware_map_t									0.4612132906913757					per_gene																											rac1a	0.33562067	0.32566202	0.4009981201826478
B		B6_trajectory_aware_map_t									0.8118045926094055					per_gene																											raraa	0.22518753	0.21496257	0.2234725302280861
B		B6_trajectory_aware_map_t									1.1997979879379272					per_gene																											rasgef1ba	0.47466487	0.51414585	0.5147866213224053
B		B6_trajectory_aware_map_t									1.412275791168213					per_gene																											rasl11b	0.0910053	0.11959811	0.0929109904867221
B		B6_trajectory_aware_map_t									0.3777295649051666					per_gene																											rbbp4	0.35393772	0.39687613	0.3875040897594383
B		B6_trajectory_aware_map_t									0.6996617913246155					per_gene																											rbm4.3	0.18600897	0.003622076	-0.008405787263131
B		B6_trajectory_aware_map_t									0.593509316444397					per_gene																											rbm7	0.051592883	0.021837518	0.0439236234084593
B		B6_trajectory_aware_map_t									0.3851987421512604					per_gene																											rbmx	0.33575475	0.22417818	0.2286517652027057
B		B6_trajectory_aware_map_t									0.3561353683471679					per_gene																											rcc1	0.3910036	0.43480954	0.4277721465549426
B		B6_trajectory_aware_map_t									0.786503791809082					per_gene																											rdh10b	-0.0043202634	-0.022374848	-0.0336733817215911
B		B6_trajectory_aware_map_t									0.5583705306053162					per_gene																											rfx2	0.37050205	0.33160618	0.3511263222542497
B		B6_trajectory_aware_map_t									0.8106498718261719					per_gene																											rhov	0.15148777	0.3148948	0.3568126843343241
B		B6_trajectory_aware_map_t									0.7834529876708984					per_gene																											ripply1	0.17391251	0.15742174	0.1044681602237845
B		B6_trajectory_aware_map_t									0.8547658324241638					per_gene																											rnd1b	0.32085648	0.35089937	0.3414005204083642
B		B6_trajectory_aware_map_t									1.554025411605835					per_gene																											rpl10	0.21396112	0.055441882	0.0557211080289569
B		B6_trajectory_aware_map_t									0.6223320960998535					per_gene																											rpl19	0.22435784	0.17228939	0.2047940728524914
B		B6_trajectory_aware_map_t									0.5583908557891846					per_gene																											rpl31	-0.06908655	-0.02982561	-0.0298085074328408
B		B6_trajectory_aware_map_t									0.7313892841339111					per_gene																											rpl34	0.1512947	0.09383737	0.0944143433932664
B		B6_trajectory_aware_map_t									0.7353931665420532					per_gene																											rpl38	0.0	0.0071745804	0.0059021329354652
B		B6_trajectory_aware_map_t									0.6880725622177124					per_gene																											rpl4	0.29479086	0.17373824	0.2169360860157464
B		B6_trajectory_aware_map_t									0.3237481713294983					per_gene																											rpl5a	0.26374075	0.22715445	0.2500437786765033
B		B6_trajectory_aware_map_t									0.3950053751468658					per_gene																											rpl6	0.36910057	0.35473046	0.4030056043056289
B		B6_trajectory_aware_map_t									0.8490880727767944					per_gene																											rplp0	0.040998824	0.13274147	0.1309954277149319
B		B6_trajectory_aware_map_t									1.440469741821289					per_gene																											rplp2l	0.17996	0.044861507	0.0366118966844711
B		B6_trajectory_aware_map_t									0.2961072325706482					per_gene																											rps3	0.2107263	0.20131698	0.2366534695939424
B		B6_trajectory_aware_map_t									0.3540789783000946					per_gene																											rps6	0.23284794	0.14115678	0.137306575267233
B		B6_trajectory_aware_map_t									0.9864081740379332					per_gene																											rrbp1b	0.2319834	0.25215864	0.2463461244134514
B		B6_trajectory_aware_map_t									1.3049049377441406					per_gene																											rreb1a	0.33512604	0.054037813	0.047351779176841
B		B6_trajectory_aware_map_t									1.036548376083374					per_gene																											rreb1b	0.30225086	0.17486283	0.1677747195776467
B		B6_trajectory_aware_map_t									0.4141471683979034					per_gene																											rrm2	0.49614874	0.53929305	0.5629210616983163
B		B6_trajectory_aware_map_t									0.7974076271057129					per_gene																											rrp8	-0.016371276	-0.08964481	-0.1007678282178306
B		B6_trajectory_aware_map_t									0.7008589506149292					per_gene																											rx3	0.11337716	0.031508032	0.0274239818518796
B		B6_trajectory_aware_map_t									0.7730463147163391					per_gene																											rxrgb	0.26958752	0.15704411	0.1434842236674928
B		B6_trajectory_aware_map_t									0.6542856693267822					per_gene																											sall1a	0.2696434	0.20680983	0.2091662234252705
B		B6_trajectory_aware_map_t									0.821603000164032					per_gene																											sall3a	0.08248047	0.043823384	0.0504887603940388
B		B6_trajectory_aware_map_t									0.9291759133338928					per_gene																											sall3b	0.49709994	0.44030273	0.4612641716532105
B		B6_trajectory_aware_map_t									0.7504420280456543					per_gene																											sdc4	0.26317078	0.25971627	0.275321420603216
B		B6_trajectory_aware_map_t									0.5234495997428894					per_gene																											sebox	0.38581666	0.18819843	0.1963934992321756
B		B6_trajectory_aware_map_t									1.0123436450958252					per_gene																											sept9a	0.7438726	0.7363933	0.7284189094112482
B		B6_trajectory_aware_map_t									0.9835287928581238					per_gene																											shha	0.0	0.04061424	0.0325809392113574
B		B6_trajectory_aware_map_t									0.8709390163421631					per_gene																											si:ch211-106e7.2	0.5039577	0.4150112	0.4273975840237795
B		B6_trajectory_aware_map_t									0.7995355129241943					per_gene																											si:ch211-113a14.18	0.1569746	0.2111661	0.2153162699661904
B		B6_trajectory_aware_map_t									0.7952932715415955					per_gene																											si:ch211-114n24.6	0.21031247	0.14089821	0.1381345072316467
B		B6_trajectory_aware_map_t									0.4753466844558716					per_gene																											si:ch211-155e24.3	0.42916167	0.323761	0.3418940425717767
B		B6_trajectory_aware_map_t									0.4444268643856048					per_gene																											si:ch211-161h7.4	0.13791876	0.17060144	0.1905150424796844
B		B6_trajectory_aware_map_t									0.4591409564018249					per_gene																											si:ch211-163l21.7	0.058923606	-0.009646616	-0.0227294081428589
B		B6_trajectory_aware_map_t									0.7391555905342102					per_gene																											si:dkey-108k21.14	0.28349552	0.20997876	0.1643449160994639
B		B6_trajectory_aware_map_t									0.4406804144382477					per_gene																											si:dkey-108k21.21	0.34578627	0.014937576	0.0168048379963641
B		B6_trajectory_aware_map_t									0.9208109378814696					per_gene																											si:dkey-261h17.1	0.4519655	0.40922529	0.4174910008032121
B		B6_trajectory_aware_map_t									0.7539833784103394					per_gene																											si:dkey-261m9.12	0.4072711	0.25120446	0.2712774743954037
B		B6_trajectory_aware_map_t									0.5883846879005432					per_gene																											si:dkey-66i24.9	-0.05097044	-0.042364206	-0.0625521984208496
B		B6_trajectory_aware_map_t									0.7164905667304993					per_gene																											si:dkey-68o6.5	0.108068444	0.06956179	0.0668131026622538
B		B6_trajectory_aware_map_t									0.7592008113861084					per_gene																											si:dkey-92i17.2	0.069932126	0.07959193	0.0800331358780555
B		B6_trajectory_aware_map_t									0.6431081295013428					per_gene																											six3b	-0.009495423	0.057110712	0.0521392567137987
B		B6_trajectory_aware_map_t									0.9057182669639589					per_gene																											six4a	0.72009164	0.70918894	0.6113936201879624
B		B6_trajectory_aware_map_t									0.7847130298614502					per_gene																											six4b	0.22055158	0.19431181	0.1279942765525585
B		B6_trajectory_aware_map_t									0.8473994731903076					per_gene																											six7	0.43607432	0.42505637	0.4025836590705932
B		B6_trajectory_aware_map_t									0.8472685813903809					per_gene																											skia	0.15537144	0.16502944	0.1940062310444316
B		B6_trajectory_aware_map_t									0.6934018135070801					per_gene																											skila	0.0	0.070856035	0.1062958278985828
B		B6_trajectory_aware_map_t									0.8173114061355591					per_gene																											skilb	0.4172989	0.4332393	0.476452274729378
B		B6_trajectory_aware_map_t									0.9907951951026917					per_gene																											smtnl	0.34677485	0.33041432	0.2902651989208912
B		B6_trajectory_aware_map_t									1.3464726209640503					per_gene																											snai1a	0.5660815	0.5757506	0.5536726686762076
B		B6_trajectory_aware_map_t									0.9228792190551758					per_gene																											snai2	0.0010423999	0.1842748	0.1974789233473805
B		B6_trajectory_aware_map_t									0.7115755677223206					per_gene																											snrpc	0.059407067	0.001564024	0.0101608682024319
B		B6_trajectory_aware_map_t									0.660649299621582					per_gene																											snrpd3	0.26316047	0.052558534	0.0490445430061506
B		B6_trajectory_aware_map_t									0.7701568603515625					per_gene																											snrpg	0.08255553	0.021703266	0.0224519476792737
B		B6_trajectory_aware_map_t									0.5770299434661865					per_gene																											sox10	0.2754783	0.06954319	0.0707114418007375
B		B6_trajectory_aware_map_t									0.8235222697257996					per_gene																											sox11a	0.6403971	0.6794547	0.628552775752627
B		B6_trajectory_aware_map_t									0.6635642051696777					per_gene																											sox11b	0.22710024	0.16562307	0.138696260217382
B		B6_trajectory_aware_map_t									0.870972752571106					per_gene																											sox13	0.2538278	0.27126336	0.2302351448094954
B		B6_trajectory_aware_map_t									0.6910887956619263					per_gene																											sox17	0.1458219	0.12286992	0.1020631539142572
B		B6_trajectory_aware_map_t									1.1553494930267334					per_gene																											sox19a	0.5925256	0.72144943	0.589888586899351
B		B6_trajectory_aware_map_t									1.062735676765442					per_gene																											sox3	0.33670193	0.44523612	0.4386978305933015
B		B6_trajectory_aware_map_t									1.2196145057678225					per_gene																											sox32	0.52020913	0.52786714	0.4900390524899055
B		B6_trajectory_aware_map_t									0.8516613841056824					per_gene																											sox5	0.55766124	0.53855836	0.4743448525539552
B		B6_trajectory_aware_map_t									0.6496015191078186					per_gene																											sp5a	0.2610431	0.13410544	0.1389430242631459
B		B6_trajectory_aware_map_t									0.6073228120803833					per_gene																											sp5l	0.8830072	0.8614702	0.8458718327726787
B		B6_trajectory_aware_map_t									0.4200941026210785					per_gene																											spon1b	0.15462096	0.01295066	0.0147677344831624
B		B6_trajectory_aware_map_t									0.7633903622627258					per_gene																											srp19	0.16528788	0.022108918	0.0174124525177178
B		B6_trajectory_aware_map_t									0.7430253624916077					per_gene																											srrm4	0.18105032	0.105582245	0.0979330259446458
B		B6_trajectory_aware_map_t									0.7272632718086243					per_gene																											stmn1a	0.0	0.025830848	0.0382337103669814
B		B6_trajectory_aware_map_t									0.7809479832649231					per_gene																											stox1	0.21411164	0.13533533	0.1494463662092701
B		B6_trajectory_aware_map_t									0.2621917128562927					per_gene																											supt16h	0.30102086	0.3739769	0.3321444836922251
B		B6_trajectory_aware_map_t									0.927027463912964					per_gene																											syne2b	0.36976978	0.38317406	0.3631920612305219
B		B6_trajectory_aware_map_t									1.375229835510254					per_gene																											tagln2	0.3610602	0.10097679	0.1025729366584297
B		B6_trajectory_aware_map_t									0.5058536529541016					per_gene																											tbr1b	0.03635369	0.016660554	0.0171862501941391
B		B6_trajectory_aware_map_t									0.7095407247543335					per_gene																											tbx1	0.4282928	0.44852114	0.2804461012287805
B		B6_trajectory_aware_map_t									1.5890252590179443					per_gene																											tbx16	0.6921805	0.70306975	0.6886696251299582
B		B6_trajectory_aware_map_t									1.3302873373031616					per_gene																											tbx16l	0.66526955	0.67503065	0.5934357932782265
B		B6_trajectory_aware_map_t									0.9133144617080688					per_gene																											tbx3b	0.029272905	0.06237918	0.0599812906992083
B		B6_trajectory_aware_map_t									0.9029351472854614					per_gene																											tbx6	0.35503113	0.30182078	0.2615583047845855
B		B6_trajectory_aware_map_t									1.9501855373382568					per_gene																											tbxta	0.37588987	0.61052877	0.5952675138451029
B		B6_trajectory_aware_map_t									1.1666991710662842					per_gene																											tbxtb	0.5053141	0.50938445	0.3767926391866519
B		B6_trajectory_aware_map_t									0.4168819785118103					per_gene																											tcf3b	0.70493793	0.80803376	0.8272382638348148
B		B6_trajectory_aware_map_t									0.8552471995353699					per_gene																											tcf7	0.6763874	0.6473354	0.6619293344594229
B		B6_trajectory_aware_map_t									0.7721955180168152					per_gene																											tcf7l1a	0.7656358	0.7624013	0.7890527933709008
B		B6_trajectory_aware_map_t									0.8293050527572632					per_gene																											tcf7l1b	0.6338586	0.6526459	0.7010201612078681
B		B6_trajectory_aware_map_t									0.7891948819160461					per_gene																											tcf7l2	0.1349911	-0.015983691	-0.0303514603556014
B		B6_trajectory_aware_map_t									1.3672611713409424					per_gene																											tdgf1	-0.05984148	-0.021282531	0.0296928088010501
B		B6_trajectory_aware_map_t									0.9554949402809144					per_gene																											tead1a	0.26973897	0.23034433	0.2605332925413816
B		B6_trajectory_aware_map_t									0.8825869560241699					per_gene																											tead1b	0.026251663	-0.0057699326	-0.0110228156903366
B		B6_trajectory_aware_map_t									1.379977464675903					per_gene																											tfap2a	0.44213507	0.47688454	0.4591179021929166
B		B6_trajectory_aware_map_t									1.6908316612243652					per_gene																											tfap2c	0.5987443	0.4375696	0.4646906876862796
B		B6_trajectory_aware_map_t									0.4741421341896057					per_gene																											tgif1	0.2926557	0.24873972	0.2658042340490962
B		B6_trajectory_aware_map_t									0.6723508834838867					per_gene																											tlcd5a	0.028447837	0.0026734257	0.0080178308827691
B		B6_trajectory_aware_map_t									0.7870146036148071					per_gene																											tmed10	0.11900847	0.03502975	0.0325514294585837
B		B6_trajectory_aware_map_t									0.7871785759925842					per_gene																											tmed2	0.0	0.03893221	0.0379753596243896
B		B6_trajectory_aware_map_t									1.0469727516174316					per_gene																											tp63	0.31928676	0.16195881	0.1155151618206263
B		B6_trajectory_aware_map_t									0.7452571392059326					per_gene																											tpx2	0.0	0.008768046	-0.0026813073747119
B		B6_trajectory_aware_map_t									0.6125898361206055					per_gene																											tram1	0.25679144	0.20713282	0.2195269654469822
B		B6_trajectory_aware_map_t									0.7152034640312195					per_gene																											trps1	0.24059793	0.012914434	0.0054262024719322
B		B6_trajectory_aware_map_t									0.7159781455993652					per_gene																											tshz3b	0.38571176	0.27848548	0.2574901841509311
B		B6_trajectory_aware_map_t									0.9515861868858336					per_gene																											tuba1a	0.24094045	0.21332437	0.2250352376616226
B		B6_trajectory_aware_map_t									0.5686411261558533					per_gene																											tuba8l	0.0	0.035239257	0.0346061719301999
B		B6_trajectory_aware_map_t									0.9781779050827026					per_gene																											tuba8l2	0.7135598	0.6706664	0.6174637268187376
B		B6_trajectory_aware_map_t									0.4107975661754608					per_gene																											tuba8l4	0.21586648	0.35148895	0.2853534644239018
B		B6_trajectory_aware_map_t									0.4538154006004333					per_gene																											tubb2b	0.26702988	0.23216525	0.251443337403287
B		B6_trajectory_aware_map_t									0.4876247644424438					per_gene																											twist1a	0.16350707	0.17855571	0.1379148268010797
B		B6_trajectory_aware_map_t									0.825118362903595					per_gene																											twist2	0.1657061	0.062624745	0.00785198504003
B		B6_trajectory_aware_map_t									0.7487781643867493					per_gene																											ube2c	0.0	-0.018991366	-0.0137463685896753
B		B6_trajectory_aware_map_t									0.3216831088066101					per_gene																											uhrf1	0.28111932	0.4016758	0.3475210665634406
B		B6_trajectory_aware_map_t									0.9302235245704652					per_gene																											unc5b	0.5511769	0.52019095	0.4971611409380493
B		B6_trajectory_aware_map_t									0.8704536557197571					per_gene																											uncx4.1	0.003958374	0.04422608	0.0652466399444385
B		B6_trajectory_aware_map_t									0.7074623107910156					per_gene																											unga	0.24444938	0.18846099	0.1975597762335494
B		B6_trajectory_aware_map_t									0.7503083944320679					per_gene																											usf1	0.12555572	0.054824684	0.0488058454778607
B		B6_trajectory_aware_map_t									0.8985520601272583					per_gene																											ved	0.83516335	0.6400002	0.6460290546429357
B		B6_trajectory_aware_map_t									0.8157266974449158					per_gene																											vgll4l	0.47183862	0.468378	0.3995523897602355
B		B6_trajectory_aware_map_t									0.8340015411376953					per_gene																											vox	0.18695359	0.12738495	0.1173298522226327
B		B6_trajectory_aware_map_t									0.6308016777038574					per_gene																											vrtn	0.073580846	0.27451584	0.3345940499945277
B		B6_trajectory_aware_map_t									0.644289493560791					per_gene																											vsx2	0.2224708	0.030905334	0.0357522771619523
B		B6_trajectory_aware_map_t									1.05981183052063					per_gene																											wnt11f2	0.45590597	0.62105024	0.6342922052906221
B		B6_trajectory_aware_map_t									0.9954971671104432					per_gene																											wnt8a	0.54170024	0.48490083	0.4649500642164435
B		B6_trajectory_aware_map_t									1.2542409896850586					per_gene																											xbp1	0.14998662	0.23142679	0.1847094145374772
B		B6_trajectory_aware_map_t									0.7635338306427002					per_gene																											zbtb18	0.16377957	0.08210067	0.0862381011541027
B		B6_trajectory_aware_map_t									0.7997363209724426					per_gene																											zc4h2	0.0	-0.0025927534	-0.0026621384037464
B		B6_trajectory_aware_map_t									0.9628166556358336					per_gene																											zeb1a	0.4960423	0.10256447	0.0550811177579558
B		B6_trajectory_aware_map_t									0.9607955813407898					per_gene																											zeb1b	0.25264385	0.20886853	0.2399910545241746
B		B6_trajectory_aware_map_t									0.7359794974327087					per_gene																											zeb2a	0.19537075	0.07550852	0.0778330593409093
B		B6_trajectory_aware_map_t									1.1166833639144895					per_gene																											zeb2b	0.14587703	0.095176525	0.0765275295531091
B		B6_trajectory_aware_map_t									0.6256266832351685					per_gene																											zfand5a	0.31883657	0.050243095	0.0509336097440929
B		B6_trajectory_aware_map_t									0.5973328351974487					per_gene																											zgc:113372	0.036055703	0.014379572	0.0192473690823002
B		B6_trajectory_aware_map_t									0.6100559830665588					per_gene																											zgc:113424	0.24313913	0.020199705	0.0158644474399454
B		B6_trajectory_aware_map_t									0.5858789086341858					per_gene																											zgc:174154	0.13719778	0.03650546	0.0405243491736249
B		B6_trajectory_aware_map_t									0.7193605899810791					per_gene																											zgc:175088	0.17928757	0.1274201	0.1459286877106751
B		B6_trajectory_aware_map_t									1.4802956581115725					per_gene																											zic2a	0.46836793	0.5017633	0.4883600674801954
B		B6_trajectory_aware_map_t									0.9568147659301758					per_gene																											zic2b	0.52738154	0.5542097	0.4690809859863044
B		B6_trajectory_aware_map_t									1.376001000404358					per_gene																											zic3	0.3772664	0.33853987	0.3295386224909823
B		B6_trajectory_aware_map_t									0.7844152450561523					per_gene																											zmp:0000000624	0.0	0.0015579254	0.0038189062078506
B		B6_trajectory_aware_map_t									0.7769367098808289					per_gene																											znf1004	0.5002111	0.3307146	0.266154246808045
B		B6_trajectory_aware_map_t									1.2936358451843262					per_gene																											znf185	0.41780958	0.1087359	0.1039369387948277
B		B6_trajectory_aware_map_t									0.5720852017402649					per_gene																											znf576.2	0.1670612	0.17911884	0.2213056978232501
B		B6_trajectory_aware_map_t									0.7398295998573303					per_gene																											znfl2a	0.3586713	0.530354	0.5707215499893231
B		B6_trajectory_aware_map_t									0.5921143889427185					per_gene																											zswim5	0.30379966	0.51591724	0.5386448298219455
