gene,gene_index,MAP_spatial_pearson,CONCERT_spatial_pearson,MAP_residual_pearson,CONCERT_residual_pearson,MAP_log1p_rmse,CONCERT_log1p_rmse,MAP_minus_CONCERT_spatial_pearson,MAP_minus_CONCERT_residual_pearson,favorable_MAP_minus_CONCERT_RMSE
1110017D15Rik,410,0.41793406,0.0020579016,0.7443325,0.64939624,0.30273232,0.3574486,0.41587615,0.09493625,0.05471629
1700007K13Rik,603,0.4366891,0.023369854,0.72907895,0.61959004,0.2637177,0.31348917,0.41331926,0.109488904,0.049771458
1700016K19Rik,1438,0.3836092,0.015726529,0.73431987,0.6677696,0.18400176,0.20665021,0.36788267,0.066550255,0.022648454
1700047M11Rik,1488,0.3273866,0.11526257,0.6470668,0.60124844,0.38233277,0.4045105,0.21212402,0.04581833,0.022177726
1700094D03Rik,274,0.3612013,0.0039288695,0.7140464,0.6287056,0.35115388,0.40662897,0.35727242,0.0853408,0.055475086
2010204K13Rik,890,0.47596112,0.19210513,0.7141059,0.5979448,0.55038327,0.65325695,0.28385597,0.11616111,0.10287368
2010300C02Rik,421,0.6596444,0.064511865,0.8080786,0.18516065,0.6192638,2.3517988,0.5951326,0.62291795,1.7325349
2410004P03Rik,437,0.5136284,0.082311384,0.78286356,0.6601673,0.18158074,0.22649921,0.43131703,0.12269628,0.044918478
2810468N07Rik,637,0.36282682,0.097747326,0.6140607,0.53900117,0.5761017,0.65045524,0.2650795,0.07505953,0.074353516
2900026A02Rik,1967,0.2626178,0.08380813,0.57175714,0.51916593,0.44688657,0.47461545,0.17880967,0.052591205,0.027728885
9130024F11Rik,1366,0.245544,0.18969071,0.73293304,0.68430215,0.3515242,0.35977057,0.055853292,0.048630893,0.008246362
9630013A20Rik,322,0.11788378,0.041254304,0.68653727,0.6973458,0.33428398,0.33897957,0.076629475,-0.0108085275,0.0046955943
A2m,246,0.19334298,0.24140196,0.38903394,0.35844144,0.49851608,0.4935439,-0.04805897,0.030592501,-0.0049721897
A2ml1,1345,0.28159815,0.19804482,0.64245373,0.60405356,0.45810544,0.4846479,0.08355333,0.038400173,0.026542455
A830036E02Rik,1533,0.29853252,0.23244977,0.66540956,0.63251925,0.3613137,0.37509784,0.066082746,0.03289032,0.01378414
AI506816,1157,0.17767014,0.28825924,0.35090458,0.38969168,0.4780142,0.47561252,-0.1105891,-0.038787097,-0.0024016798
AI593442,1454,0.23782922,0.06137756,0.59114945,0.20174985,0.7438089,2.0157945,0.17645167,0.3893996,1.2719855
AW551984,202,0.62502694,0.14529742,0.8531967,0.72773504,0.36435887,0.4851748,0.47972953,0.12546164,0.12081593
Abhd12b,350,0.47663212,0.12980017,0.8055823,0.7466672,0.1883386,0.20570944,0.34683195,0.05891508,0.01737085
Ace,110,0.15288587,-0.010349153,0.60799927,0.5618755,0.4396254,0.46529844,0.16323502,0.046123743,0.025673032
Ache,812,0.54397625,0.26140147,0.72854084,0.591473,0.6020324,0.7166508,0.28257477,0.13706785,0.11461836
Ackr1,1548,0.2917327,0.04614721,0.5396865,0.32154894,0.54875624,0.66671866,0.24558549,0.21813756,0.11796242
Acly,1020,0.32166085,0.015956137,0.56758904,0.10349476,0.629201,1.9832397,0.3057047,0.46409428,1.3540387
Actn1,1620,0.45633987,0.030005971,0.6435719,0.16641586,0.5923661,1.5178423,0.4263339,0.47715604,0.9254762
Actn2,773,0.5170722,0.10193658,0.6570469,0.47481743,0.41213194,0.4862549,0.41513562,0.18222949,0.074122965
Adam11,1960,0.4505355,0.10781654,0.6119693,0.3516501,0.5378503,0.76686496,0.34271896,0.2603192,0.22901464
Adam8,1405,0.09265983,0.18463962,0.0,0.22084081,0.3615284,0.4703411,-0.09197979,-0.22084081,0.10881269
Adamts1,1744,0.18921734,0.16101487,0.47113952,0.41237238,0.37792054,0.3956846,0.028202474,0.05876714,0.017764062
Adamts2,1328,0.038186297,0.024174238,0.59485203,0.61559755,0.3050095,0.29475412,0.014012059,-0.020745516,-0.010255396
Adarb1,398,0.43359193,0.080195844,0.6679246,0.32523116,0.6814255,1.2608169,0.3533961,0.34269342,0.5793914
Adarb2,1572,0.24654865,0.13097857,0.67751145,0.6575722,0.33122084,0.34108603,0.11557008,0.019939244,0.009865195
Adcy1,425,0.5564932,-0.010412467,0.79870325,0.19618213,0.7135058,2.4768376,0.5669057,0.6025211,1.7633319
Adcy5,214,0.6565315,0.04725957,0.73014855,0.15933022,0.6874604,1.9760481,0.60927194,0.5708183,1.2885877
Adcyap1,324,0.24049485,0.17136604,0.61724406,0.6527602,0.37572265,0.37066284,0.06912881,-0.035516143,-0.0050598085
Adgra1,1264,0.37223217,0.10891896,0.6297414,0.5049928,0.57410437,0.6727204,0.2633132,0.12474859,0.098616004
Adgrb2,1854,0.5546243,0.014540215,0.7455373,0.0957432,0.60025245,2.4360952,0.5400841,0.6497941,1.8358428
Adgre1,1939,0.07445778,0.19596796,0.30097243,0.30104634,0.4540869,0.46287107,-0.12151018,-7.390976e-05,0.008784175
Adora2a,149,0.8008185,0.12404377,0.8547893,0.54753625,0.4133196,0.72574073,0.67677474,0.30725306,0.31242114
Adra1b,1162,0.25723368,0.15857291,0.66489786,0.6213126,0.44697225,0.46254668,0.09866077,0.04358524,0.015574425
Adra2a,1996,0.12805894,-0.0068533435,0.6098226,0.5924418,0.4238282,0.43623495,0.13491228,0.017380774,0.012406737
Adra2c,1540,0.43263164,0.18722712,0.7030434,0.614281,0.43969354,0.4905816,0.24540453,0.0887624,0.05088806
Aebp1,261,0.43469265,0.19248383,0.765625,0.6672215,0.39082587,0.48176768,0.24220882,0.09840351,0.09094182
Agt,146,0.5335118,0.19326063,0.8667848,0.71225566,0.7287879,0.94681406,0.3402512,0.15452915,0.21802616
Ahi1,273,0.65272874,0.016347857,0.8029041,0.16812813,0.62541145,1.9388556,0.63638085,0.634776,1.3134441
Aif1,1249,0.18818705,0.060354162,0.37955114,0.13111378,0.64633197,1.0798463,0.12783289,0.24843736,0.4335143
Aifm3,1685,0.31585786,0.03614002,0.6354199,0.29938176,0.56196415,0.9293027,0.27971783,0.33603814,0.36733854
Ak5,483,0.4870799,-0.0041023917,0.7287612,0.14016812,0.6054447,2.332149,0.49118227,0.58859307,1.7267044
Akap12,1719,0.26203874,0.06691654,0.57650214,0.4987868,0.4553629,0.4902595,0.1951222,0.07771534,0.034896612
Akap5,1057,0.5571983,0.20101048,0.72075367,0.5592918,0.492865,0.5893116,0.35618782,0.16146189,0.0964466
Alcam,1269,0.47825328,0.034968626,0.7009763,0.16045146,0.62254447,1.7638706,0.44328466,0.54052484,1.1413262
Aldh1a1,1130,0.22106822,0.11421808,0.59707236,0.5890375,0.66203576,0.68961287,0.10685014,0.008034885,0.027577102
Aldh1a2,270,0.3846582,0.18527202,0.6872805,0.5849456,0.2736427,0.3299211,0.19938616,0.10233486,0.056278408
Aldh3b2,1182,0.25625536,0.108109355,0.6853749,0.66017437,0.21249165,0.21991242,0.148146,0.025200546,0.0074207783
Alox5ap,1911,0.002539022,0.06857742,0.0,0.13792975,0.54941225,1.0245806,-0.0660384,-0.13792975,0.47516835
Alpl,584,0.16076913,0.0069861845,0.72436696,0.6915438,0.26455763,0.28301477,0.15378295,0.032823145,0.018457144
Amigo2,265,0.27523926,0.12253848,0.68504333,0.65527076,0.3761833,0.3994116,0.15270078,0.02977258,0.023228288
Amotl1,341,0.4095151,0.1143473,0.72431684,0.6259437,0.52339214,0.5928649,0.2951678,0.098373115,0.06947273
Amph,1470,0.5272657,0.018485878,0.66389257,0.09332124,0.5839426,2.224065,0.5087798,0.5705713,1.6401224
Angptl2,1228,0.25595504,0.06688077,0.60755914,0.52425164,0.19336103,0.21206576,0.18907428,0.083307505,0.018704727
Ankrd63,765,0.6105807,0.14287582,0.7471068,0.54626566,0.42826477,0.5507071,0.46770486,0.20084113,0.122442335
Anln,547,0.42919436,0.22006525,0.66306716,0.57918775,0.47790655,0.55516917,0.20912911,0.08387941,0.07726261
Ano1,633,0.009935549,0.018667437,0.0,0.7155843,0.29774973,0.20808367,-0.008731888,-0.7155843,-0.08966605
Ano2,1740,0.33908293,0.022157868,0.6716387,0.6145328,0.22045928,0.23557393,0.31692505,0.0571059,0.01511465
Ano3,658,0.6222567,0.09786216,0.74721646,0.3081714,0.5753538,1.2353745,0.5243945,0.43904507,0.66002065
Anxa11,984,0.2632283,0.03851403,0.63063747,0.5624649,0.42683628,0.45396224,0.22471426,0.068172574,0.027125955
Anxa2,371,0.35102877,0.16401803,0.49295774,0.24037857,0.6359201,1.2231591,0.18701074,0.25257915,0.58723897
Ap1s2,1390,0.4892923,0.09299481,0.69271183,0.520003,0.5938273,0.6878249,0.39629748,0.17270881,0.0939976
Apod,57,0.58550674,0.10436501,0.77784115,0.29292238,0.8610237,2.3129091,0.48114172,0.48491877,1.4518855
Aqp4,942,0.17688395,0.0014355892,0.57066244,0.2866426,0.7117336,1.131065,0.17544836,0.28401983,0.41933143
Arc,461,0.25593165,0.02511687,0.72331053,0.16243328,0.7432534,2.2222362,0.23081477,0.56087726,1.4789827
Arhgap33,1921,0.53070396,0.0604336,0.73196864,0.20145772,0.56776005,1.6312217,0.47027037,0.5305109,1.0634615
Arhgap36,217,0.5395053,0.12837353,0.8102806,0.7222504,0.27825424,0.33298063,0.41113177,0.08803022,0.054726392
Arhgap6,1398,0.30313578,0.096571095,0.67445,0.6208727,0.31382945,0.3327908,0.2065647,0.053577304,0.01896134
Arhgef10,1232,0.35499725,0.14191085,0.63587624,0.5556943,0.5007207,0.5629637,0.2130864,0.08018196,0.062243044
Arhgef25,830,0.47450498,0.021278514,0.64332294,0.12985243,0.5899258,1.9701262,0.45322648,0.51347053,1.3802004
Arpc1b,362,0.30358437,0.17680873,0.5356129,0.2791164,0.76465696,1.257889,0.12677564,0.2564965,0.49323207
Arpc5,1707,0.14675297,0.009182803,0.49051166,0.07559441,0.65777135,2.248235,0.13757017,0.41491723,1.5904636
Arsg,1244,0.34372982,0.132134,0.62871534,0.5662121,0.42221913,0.4712297,0.21159582,0.06250322,0.049010575
Asic4,739,0.53117937,0.115095414,0.6913354,0.52932405,0.4087968,0.4895257,0.41608396,0.16201133,0.08072892
Aspa,590,0.44456753,0.16595262,0.68954724,0.6002807,0.47533283,0.55102897,0.2786149,0.08926654,0.07569614
Ass1,1923,0.40520945,0.12544632,0.6583354,0.560311,0.5032609,0.5656338,0.27976313,0.09802437,0.062372863
Atp2b1,748,0.58532566,0.0200169,0.749269,0.13724774,0.65529746,2.5007882,0.56530875,0.61202127,1.8454907
Atp2b4,487,0.3819717,0.031041896,0.68785286,0.20509069,0.65225697,1.6231476,0.3509298,0.48276216,0.97089064
Atp6ap1l,1730,0.06598163,0.11832377,0.5449222,0.57265276,0.39695033,0.38249075,-0.052342147,-0.027730584,-0.01445958
Atrnl1,1714,0.43871605,0.05927303,0.68604374,0.2648584,0.53561825,1.2724019,0.37944302,0.42118534,0.7367837
Avp,3,0.13566636,0.08134893,0.0,0.52814806,0.792198,0.996264,0.054317422,-0.52814806,0.20406598
B2m,363,0.20601328,0.13990697,0.4766306,0.172341,1.0369707,2.4380953,0.066106305,0.30428958,1.4011246
B3galt2,1351,0.36184976,0.16314244,0.62978995,0.55888194,0.47457078,0.5202418,0.19870731,0.07090801,0.045671016
B3gnt2,1755,0.36077747,0.06579692,0.60953856,0.5023176,0.47311231,0.52200174,0.29498056,0.10722095,0.04888943
B630019K06Rik,859,0.5771453,0.230357,0.75972456,0.60583687,0.53585625,0.653604,0.3467883,0.15388769,0.117747724
Baiap2,645,0.7457382,0.032747462,0.8570232,0.16144198,0.5926292,2.5909975,0.71299076,0.6955812,1.9983683
Bc1,780,0.09236138,-0.0063600764,0.55780303,0.16172396,0.9954238,2.417047,0.09872146,0.39607906,1.4216232
Bcas1,304,0.59523255,0.04455672,0.7434022,0.24631567,0.67396754,1.8372966,0.5506758,0.49708652,1.1633291
Bcl11a,1510,0.49263,0.042078037,0.706219,0.19782887,0.55490553,1.5521554,0.45055196,0.5083901,0.99724984
Bcl11b,622,0.5558662,0.18737192,0.7212866,0.557326,0.55204934,0.6810915,0.36849427,0.16396058,0.12904215
Bdnf,757,0.4032747,0.24540369,0.6520971,0.5904103,0.3731238,0.4105589,0.157871,0.061686814,0.037435114
Bex1,1147,0.59624815,0.052067384,0.719991,0.15559131,0.61768866,1.6715335,0.54418075,0.5643997,1.0538448
Bex4,1956,0.40516743,0.17685123,0.65497893,0.56215155,0.5028418,0.55787,0.2283162,0.09282738,0.0550282
Bgn,440,0.38683376,0.12484339,0.6427672,0.3644466,0.4459308,0.74167514,0.26199037,0.27832058,0.29574433
Bhlhe22,332,0.40833294,0.26234177,0.7268718,0.64672476,0.4505633,0.48916563,0.14599118,0.08014703,0.038602322
Bhlhe40,916,0.3916739,0.014891121,0.6483548,0.121758126,0.60632783,2.3333542,0.37678277,0.5265967,1.7270265
Birc5,1393,-0.0056701354,0.25501552,0.3191959,0.3804361,0.3644327,0.36118487,-0.26068565,-0.061240196,-0.0032478273
Bmp3,1394,0.3096092,0.18833165,0.6682768,0.6256376,0.30693337,0.32224193,0.121277556,0.042639196,0.015308559
Bmp4,1788,0.13154332,0.038558975,0.7616355,0.75675696,0.21847445,0.22291632,0.09298435,0.004878521,0.0044418722
Bmp6,838,0.31297177,0.07821229,0.751144,0.6618111,0.26918828,0.3190689,0.23475948,0.08933288,0.049880624
Bmp7,1117,0.27099708,0.06118858,0.7088633,0.6611332,0.31277317,0.3411591,0.2098085,0.04773009,0.028385937
Bok,290,0.44307455,0.064081855,0.71117324,0.41414952,0.6108405,0.9820389,0.3789927,0.2970237,0.37119842
Brinp1,869,0.49946657,0.061554745,0.7273112,0.1691492,0.6210819,2.313799,0.4379118,0.558162,1.6927171
Bsn,792,0.6058278,0.024168318,0.7754812,0.14161149,0.58250123,2.3974986,0.5816595,0.63386977,1.8149974
Bst2,166,0.30322397,0.1267177,0.4129931,0.18095784,0.70759887,1.2482316,0.17650627,0.23203526,0.5406328
Btbd11,1512,0.36555782,0.16921206,0.6483937,0.56762695,0.4503959,0.492461,0.19634576,0.08076674,0.042065084
Btbd3,861,0.34423843,0.0064389245,0.5941838,0.11278561,0.7069759,2.139625,0.33779952,0.4813982,1.4326491
C1qa,372,0.25608423,0.10020318,0.4597681,0.13269202,1.0051241,2.4492636,0.15588105,0.32707608,1.4441395
C1qb,299,0.2091729,0.15926965,0.4072901,0.18307255,1.1295207,2.335699,0.04990326,0.22421755,1.2061784
C1qc,330,0.23466486,0.100226015,0.45605633,0.1278387,1.0581926,2.461082,0.13443884,0.32821763,1.4028894
C1ql1,816,0.116299294,-0.00896476,0.5718096,0.5508139,0.42408192,0.43963894,0.12526405,0.020995677,0.015557021
C1ql2,126,0.20879622,0.1064026,0.6206722,0.6019054,0.31017324,0.3216625,0.10239362,0.01876682,0.011489242
C1ql3,935,0.27577916,0.17644568,0.66254777,0.634664,0.30197045,0.31492737,0.09933348,0.027883768,0.012956917
C4b,195,0.22488083,0.13027883,0.4850475,0.27265486,0.8774915,0.9767303,0.094602,0.21239263,0.09923881
Cab39l,755,0.20624863,-0.004363158,0.5272415,0.44468644,0.44139042,0.48511326,0.21061179,0.082555085,0.04372284
Cabp1,302,0.53469086,0.06669717,0.8216167,0.22893803,0.6885178,2.504766,0.46799368,0.59267867,1.8162482
Cabp7,132,0.055911776,0.12180587,0.0,0.58216935,0.6412564,0.5405487,-0.0658941,-0.58216935,-0.10070771
Cachd1,1575,0.14849849,0.063719556,0.56666476,0.55774933,0.38498965,0.3876814,0.084778935,0.008915424,0.0026917458
Cacna1a,1963,0.4186574,0.053617258,0.6570456,0.21511917,0.5398685,1.4133257,0.36504012,0.44192642,0.8734572
Cacna1e,1535,0.49303392,0.13821897,0.6682847,0.38326254,0.55432487,0.7873493,0.35481495,0.28502217,0.23302442
Cacna1g,987,0.46679822,0.24878882,0.7051883,0.62145597,0.5147727,0.5812543,0.2180094,0.08373231,0.06648159
Cacna1h,1275,0.30179995,0.15654351,0.5909148,0.52951676,0.4808638,0.5072296,0.14525644,0.06139803,0.026365817
Cacna2d1,1663,0.45783815,0.041424748,0.6749172,0.16713476,0.56039435,1.9409207,0.4164134,0.50778246,1.3805263
Cacna2d2,1352,0.4389824,0.15610872,0.70853835,0.60849077,0.47078416,0.5363775,0.2828737,0.10004759,0.06559333
Cacna2d3,1023,0.45869896,0.28551334,0.667949,0.5898703,0.5874522,0.6663373,0.17318562,0.07807875,0.07888514
Cacnb3,695,0.5643565,0.025653107,0.7453584,0.13404876,0.5995462,2.5686998,0.5387034,0.61130965,1.9691536
Cacng3,831,0.57388234,0.08030746,0.7836407,0.21650432,0.5652399,2.0488505,0.4935749,0.56713635,1.4836106
Cacng5,1122,0.2622088,0.016513675,0.6448362,0.59086937,0.42689463,0.45441255,0.24569511,0.05396682,0.027517915
Cadm3,1289,0.5349334,0.057045925,0.6721077,0.14428529,0.58823866,1.784533,0.47788745,0.5278224,1.1962943
Cadps2,588,0.43182054,0.24454552,0.68752545,0.6165722,0.53828084,0.6148555,0.18727502,0.07095325,0.07657468
Calb1,455,0.23073895,0.060468346,0.55169374,0.2100323,0.8395806,1.969937,0.1702706,0.34166145,1.1303563
Calb2,17,0.48956302,0.15220289,0.82241076,0.6643,0.76172704,1.0051816,0.33736014,0.15811074,0.24345452
Calca,204,0.11513788,0.051004097,0.5773979,0.57715815,0.20036502,0.20106108,0.064133786,0.00023972988,0.00069606304
Cald1,1777,0.2758444,0.06690518,0.6075978,0.34354854,0.4495093,0.6870207,0.20893922,0.2640493,0.23751143
Caln1,1219,0.5661891,0.1273401,0.73271614,0.4375205,0.557209,0.81849664,0.43884903,0.29519564,0.26128763
Camk1d,1801,0.40822032,0.032157257,0.63144666,0.18516225,0.5674531,1.4822232,0.37606305,0.4462844,0.91477007
Camk2a,519,0.3561674,0.04326212,0.84045607,0.21764259,0.8313863,2.5647142,0.31290528,0.62281346,1.7333279
Camk2b,1063,0.6173776,0.021089291,0.72292036,0.084165305,0.6176877,2.4737296,0.59628826,0.6387551,1.8560419
Camk2d,534,0.3799695,0.07246201,0.6421845,0.31442377,0.64462537,0.9854575,0.30750751,0.32776073,0.3408321
Camk2g,1704,0.4458575,0.025097841,0.68109995,0.10656083,0.64610076,2.4620063,0.42075965,0.5745391,1.8159056
Camk2n2,843,0.6386505,0.046196748,0.7566364,0.17158143,0.7022163,2.4285004,0.5924537,0.58505493,1.726284
Camkk1,1444,0.45206976,0.051681694,0.6456001,0.1657161,0.5713127,1.657482,0.40038806,0.47988397,1.0861692
Camkk2,1230,0.5268986,0.07716549,0.76655346,0.19229473,0.5910005,2.3207715,0.44973314,0.57425874,1.7297709
Camkv,1184,0.5895459,0.0069388277,0.72817045,0.09180998,0.6530946,2.4454474,0.5826071,0.63636047,1.7923529
Camta2,1077,0.5137277,0.019912323,0.7022369,0.10720984,0.59512204,2.4654648,0.4938154,0.595027,1.8703427
Car10,723,0.46563697,0.07715221,0.72581655,0.30323854,0.5592577,1.2824234,0.38848478,0.422578,0.7231657
Car12,295,0.38409603,-0.037545998,0.66356903,0.52093005,0.342671,0.39442503,0.42164204,0.14263898,0.051754028
Car14,662,0.31508932,0.14670697,0.64879394,0.5899636,0.4093744,0.4539919,0.16838235,0.05883032,0.044617504
Car2,361,0.4847759,0.007106843,0.6449973,0.11376687,0.6855202,2.5245364,0.47766906,0.53123045,1.8390162
Car4,1109,0.37574843,0.20651288,0.6776845,0.6100307,0.48038945,0.52432656,0.16923554,0.067653775,0.043937117
Carhsp1,1012,0.44151187,0.075116955,0.6253868,0.32093054,0.5932657,0.96684104,0.3663949,0.30445623,0.37357533
Cartpt,11,0.28340647,0.15441358,0.75321317,0.71742207,0.6422171,0.7376044,0.12899289,0.0357911,0.09538728
Cavin1,1831,0.27994597,0.11917406,0.55933565,0.46257862,0.47701558,0.5097945,0.1607719,0.096757025,0.03277889
Cbln1,74,0.342813,0.1686145,0.6803687,0.6256933,0.4677123,0.5146502,0.17419848,0.0546754,0.046937913
Cbln2,619,0.16192557,0.19415899,0.61001587,0.6344478,0.48702273,0.4753215,-0.032233417,-0.024431944,-0.011701226
Cbln4,280,0.1085904,0.1517303,0.66026074,0.6659064,0.42905855,0.4170135,-0.043139897,-0.0056456923,-0.012045056
Cbr3,1815,0.4330654,0.053135175,0.6234287,0.48741066,0.39993513,0.45276892,0.37993023,0.13601804,0.052833796
Ccdc136,337,0.53552,0.042889565,0.73631674,0.32191977,0.6548408,1.2498829,0.49263045,0.41439697,0.5950421
Ccdc152,962,0.12712246,0.019888729,0.61098284,0.5863183,0.3773905,0.40068057,0.10723373,0.024664521,0.023290068
Ccdc3,941,0.26950872,0.018130766,0.5935107,0.52186465,0.35379466,0.37673315,0.25137794,0.071646035,0.02293849
Cckbr,986,0.48926902,0.23496662,0.7468378,0.64566654,0.41921648,0.5001252,0.25430238,0.101171255,0.080908746
Ccl19,1127,0.18084212,0.059020113,0.766752,0.75683695,0.18990006,0.19639117,0.121822,0.009915054,0.0064911097
Ccl27a,1068,0.45264947,0.019966675,0.7254223,0.13399605,0.67203456,2.3550003,0.4326828,0.59142625,1.6829658
Ccl6,810,0.2018187,0.17288364,0.3240155,0.25074717,0.45975816,0.59046257,0.02893506,0.073268324,0.1307044
Ccn2,79,0.24061187,0.017254718,0.65725183,0.23318338,0.59980154,1.4477557,0.22335714,0.42406845,0.84795415
Ccn3,148,0.40782204,0.019296268,0.8009499,0.19020374,0.629242,2.5024288,0.38852578,0.61074615,1.8731868
Ccna2,1691,-0.012676854,0.19762729,0.0,0.38583624,0.33077195,0.3114517,-0.21030414,-0.38583624,-0.01932025
Ccnb1,1408,0.19100206,-0.0029228907,0.53387046,0.16498087,0.37868157,0.77303606,0.19392495,0.36888957,0.3943545
Ccnd1,572,0.05877623,0.04860046,0.0,0.12926295,0.7026774,1.2063746,0.010175768,-0.12926295,0.5036972
Ccnd2,1152,0.12284303,-0.006586964,0.5710811,0.30936208,0.5948251,0.8540203,0.12943,0.26171902,0.2591952
Cd14,1120,0.15915771,0.1898418,0.33048737,0.2836848,0.41076592,0.47234127,-0.030684099,0.04680258,0.061575353
Cd24a,165,0.36622107,0.203523,0.6517033,0.5280188,0.4691874,0.5518446,0.16269808,0.123684525,0.08265719
Cd34,1391,0.167545,0.0061238096,0.6469316,0.21841545,0.54004735,1.222206,0.1614212,0.42851615,0.68215865
Cd4,752,0.46055487,0.07425333,0.6563625,0.52229875,0.33241153,0.3755723,0.38630155,0.13406372,0.043160766
Cd44,1004,0.1239446,0.28602237,0.3333467,0.37990835,0.40674886,0.41860214,-0.16207775,-0.04656166,0.011853278
Cd52,306,0.19687517,0.13620572,0.29548123,0.17112005,0.80118984,1.2467883,0.060669452,0.12436119,0.44559842
Cd53,1758,0.062899426,0.06477642,0.0,0.107713975,0.5927158,1.1239558,-0.001876995,-0.107713975,0.53124005
Cd59a,964,0.12566558,0.030544639,0.5679162,0.5455639,0.38955486,0.40709528,0.09512094,0.022352338,0.017540425
Cd63,751,0.3124289,0.14066043,0.5640006,0.20693187,0.77873987,2.3043365,0.17176846,0.35706872,1.5255966
Cd68,509,0.021043072,0.1401459,0.28962067,0.18886441,0.7114563,1.2602578,-0.11910283,0.10075626,0.54880154
Cd74,88,0.24973293,0.14477208,0.36531314,0.19167082,0.5656453,1.1012135,0.104960844,0.17364232,0.5355682
Cd82,1082,0.3958205,0.19271,0.65038556,0.56418866,0.44162944,0.5051833,0.2031105,0.0861969,0.06355384
Cd83,1062,0.4025148,0.12430617,0.6935976,0.612227,0.4389831,0.49242678,0.2782086,0.08137059,0.05344367
Cd9,345,0.41450545,0.15116577,0.64957625,0.33183822,0.744848,1.2675648,0.2633397,0.31773803,0.52271676
Cd93,1829,0.12228582,0.21455164,0.37270132,0.37089518,0.40181944,0.4167985,-0.09226582,0.00180614,0.014979064
Cdc42ep2,1271,0.3460927,0.10817134,0.6224072,0.5354865,0.46046504,0.5213904,0.23792136,0.08692068,0.060925335
Cdh13,1266,0.33896923,0.10783901,0.62075466,0.49636436,0.6054828,0.7122209,0.23113021,0.124390304,0.10673809
Cdh9,1750,0.24132371,0.1375416,0.6048371,0.56278396,0.33993912,0.35048977,0.1037821,0.042053163,0.010550648
Cdhr1,1054,-0.035419088,0.11888087,0.0,0.5737354,0.2730988,0.22487287,-0.15429996,-0.5737354,-0.048225924
Cdk14,1516,0.51412565,0.0060686977,0.6493791,0.15537514,0.57019705,1.5849108,0.50805694,0.49400395,1.0147138
Cdk17,1997,0.57571423,0.039281536,0.70964164,0.12398046,0.5762994,2.2039871,0.5364327,0.5856612,1.6276877
Cdk5r1,1664,0.5870452,0.028099077,0.7312877,0.12035054,0.5985648,2.4878547,0.55894613,0.6109372,1.8892899
Cdk5r2,1592,0.5060194,0.05622009,0.71434027,0.13381518,0.64504933,2.3458679,0.44979933,0.5805251,1.7008185
Cdkn1c,1286,0.17580606,0.026957383,0.6548729,0.60305256,0.23624258,0.2553897,0.14884868,0.051820338,0.019147113
Cebpd,700,-0.004607109,0.055752914,0.0,0.12797694,0.5986912,0.9947869,-0.060360022,-0.12797694,0.3960957
Celf6,1015,0.3904787,0.14386371,0.7061872,0.6250552,0.40257916,0.44693708,0.246615,0.081131995,0.044357926
Cers2,661,0.4185233,0.095668666,0.6550598,0.3074867,0.6138459,1.1115915,0.32285464,0.3475731,0.49774557
Cfap126,430,0.5013554,0.09346279,0.8026707,0.70607924,0.19337122,0.2363385,0.4078926,0.09659147,0.042967275
Cfap54,1531,0.37117776,0.013184109,0.70947075,0.63711584,0.181121,0.20157187,0.35799366,0.07235491,0.02045086
Cfap65,1568,0.38442978,0.015769985,0.7028799,0.61907196,0.16056319,0.1807632,0.3686598,0.083807945,0.020200014
Cfh,379,0.30451432,0.04327516,0.6823452,0.3838733,0.4940597,0.8264329,0.26123917,0.2984719,0.33237317
Cgnl1,1437,0.21162306,0.06533615,0.56581646,0.49482977,0.29663798,0.31761742,0.1462869,0.07098669,0.020979434
Chgb,215,0.64227116,0.036104143,0.7679542,0.12051108,0.62944645,2.5448127,0.606167,0.6474431,1.9153662
Chil1,263,0.067469,0.1041285,0.3789188,0.35803473,0.5769579,0.5557806,-0.0366595,0.020884067,-0.021177292
Chn2,1502,0.13809209,0.092382975,0.36536026,0.5051408,0.6623637,0.6452126,0.04570911,-0.13978052,-0.017151117
Chrm1,1018,0.6418929,0.062644385,0.81497806,0.20664476,0.5523619,2.0382392,0.57924855,0.6083333,1.4858773
Chrna4,901,0.3277367,0.15423933,0.61307913,0.5463421,0.47549346,0.5086949,0.17349738,0.066737056,0.033201426
Chst1,1551,0.5949704,0.024476014,0.73129624,0.09573359,0.5865589,2.4928682,0.5704944,0.63556266,1.9063094
Chst8,1220,0.31887418,0.18278183,0.65266734,0.60955125,0.3811358,0.4043763,0.13609235,0.043116093,0.023240507
Cit,643,0.4312999,0.27047116,0.687288,0.61315995,0.6099253,0.67081124,0.16082874,0.07412803,0.060885906
Cited1,644,0.26161575,0.09312346,0.68277675,0.63939977,0.3039947,0.31882915,0.16849229,0.043376982,0.014834464
Cldn11,94,0.71007997,0.079013325,0.81245655,0.23866586,0.7147996,2.434554,0.6310666,0.57379067,1.7197545
Cldn5,1151,0.16754103,-0.014053912,0.5645903,0.11618503,0.65788555,1.7414461,0.18159494,0.44840524,1.0835606
Clic1,699,0.2323715,0.117069334,0.462296,0.20256142,0.64356154,1.1704843,0.11530216,0.25973457,0.52692276
Clic4,1357,0.41534415,0.08449599,0.644604,0.2866283,0.6247268,1.2022473,0.33084816,0.35797572,0.5775205
Clic6,36,0.45519784,0.043061968,0.7200303,0.5363847,0.3819715,0.4855752,0.41213587,0.1836456,0.10360369
Clmn,1448,0.3544376,0.13766226,0.62958366,0.55218697,0.5217705,0.5763058,0.21677533,0.07739669,0.05453533
Clstn2,1123,0.45210484,0.05877989,0.6341942,0.29096815,0.5494855,0.911205,0.39332494,0.34322605,0.3617195
Cmbl,1994,0.15939896,0.04598667,0.64162296,0.63849,0.34890142,0.355855,0.11341229,0.0031329393,0.0069535673
Cmtm5,717,0.4185721,0.08163432,0.64188033,0.37614262,0.66706777,0.9432638,0.3369378,0.2657377,0.27619606
Cnih3,680,0.26726952,0.2169574,0.63492185,0.6059337,0.55174136,0.6040855,0.050312117,0.028988123,0.052344143
Cnksr2,917,0.5566176,0.045579094,0.7847716,0.19819528,0.5435631,1.9797792,0.51103854,0.58657634,1.4362161
Cnksr3,1538,0.14069687,0.04447661,0.57944274,0.5723019,0.31792662,0.32504335,0.096220255,0.0071408153,0.007116735
Cnn2,1909,0.22880103,0.111661814,0.59936374,0.4167157,0.37459898,0.5097721,0.11713921,0.18264803,0.13517314
Cnn3,576,0.280478,0.029888833,0.5624679,0.15416373,0.6972049,1.5853008,0.25058916,0.40830415,0.8880959
Cnr1,284,0.11885404,0.11817881,0.3924143,0.33082452,0.8487642,1.2882924,0.0006752312,0.061589777,0.43952823
Cnrip1,1367,0.48606074,0.01635731,0.655284,0.11408925,0.544043,1.7783027,0.46970344,0.54119474,1.2342596
Cntn2,1285,0.3864926,0.07972922,0.6180119,0.50276697,0.56317824,0.66814405,0.30676338,0.115244925,0.104965806
Cobl,1884,0.18718688,0.059646208,0.6481362,0.236564,0.5777075,1.2289506,0.12754068,0.41157222,0.6512431
Coch,807,-0.079570346,0.036731873,0.0,0.36614904,0.7075415,0.89608335,-0.11630222,-0.36614904,0.18854183
Col12a1,1907,0.13881184,0.050254393,0.64312166,0.6184129,0.2975022,0.3127749,0.08855745,0.024708748,0.015272707
Col16a1,1343,0.107328296,0.06844543,0.5082696,0.47780824,0.3985748,0.41253805,0.038882867,0.030461371,0.013963252
Col18a1,1332,0.25396353,0.13952667,0.56936944,0.5080495,0.31607658,0.33926383,0.114436865,0.061319947,0.02318725
Col1a1,49,0.42167127,0.09434176,0.5909243,0.22248806,0.47343898,1.179548,0.32732952,0.36843628,0.70610905
Col1a2,60,0.4352777,0.10849223,0.65081614,0.2822629,0.52331156,1.2391174,0.32678548,0.36855325,0.7158058
Col23a1,1703,0.06863842,-0.0294804,0.66984886,0.65845823,0.24656129,0.24809402,0.09811882,0.011390626,0.0015327334
Col25a1,553,0.31985685,0.2081638,0.7008171,0.64394444,0.4958938,0.53364295,0.111693054,0.056872666,0.03774914
Col3a1,18,0.41331038,0.12812968,0.33067974,0.14252053,0.47113648,1.2146072,0.2851807,0.18815921,0.7434708
Col4a1,1173,0.16253756,0.008466537,0.43302104,0.116407774,0.60436356,1.1398809,0.15407102,0.31661326,0.53551733
Col6a1,912,0.27809286,0.0434555,0.68878865,0.6449829,0.44770315,0.4844106,0.23463736,0.043805778,0.03670746
Col8a1,411,0.20354109,0.06710176,0.5637811,0.44870996,0.20724146,0.22822793,0.13643932,0.11507112,0.020986468
Col9a3,254,0.19550999,0.05156118,0.5606262,0.50134575,0.43637264,0.48486134,0.14394881,0.059280455,0.048488706
Colec12,1065,0.25899965,0.07424651,0.7431597,0.69016963,0.29878363,0.33658496,0.18475313,0.05299008,0.037801325
Coro6,1642,0.32711574,0.15434834,0.66549176,0.60173583,0.41793552,0.44843248,0.1727674,0.06375593,0.030496955
Cort,111,0.2655085,0.19074802,0.763272,0.7554772,0.38505897,0.40063033,0.07476048,0.0077947974,0.015571356
Cotl1,1545,0.11021576,0.037747875,0.49001572,0.13480717,0.7310434,1.6819462,0.072467886,0.35520855,0.95090276
Cox6a2,419,0.2105437,0.17897822,0.64286554,0.6538463,0.6082345,0.61274874,0.031565487,-0.010980785,0.0045142174
Cox6b2,1550,0.1960652,0.05874641,0.6512773,0.6159611,0.2780744,0.29638475,0.13731879,0.03531623,0.018310338
Cp,1170,0.28948987,0.1344299,0.5846438,0.49787506,0.3430921,0.37410298,0.15505996,0.08676872,0.031010866
Cplx2,606,0.58387667,0.036246646,0.76145524,0.13170905,0.67671317,2.5301218,0.54763,0.6297462,1.8534086
Cplx3,102,-0.043611396,0.026118329,0.0,0.6527553,0.65042865,0.5199445,-0.06972972,-0.6527553,-0.13048416
Cpne4,328,0.27542242,0.26859397,0.67557496,0.63788944,0.5819094,0.5958457,0.006828457,0.037685513,0.013936281
Cpne5,777,0.6409065,0.28154102,0.77024156,0.5865734,0.54814553,0.69989777,0.3593655,0.18366814,0.15175223
Cpne6,193,0.37214768,0.0048301285,0.5719554,0.14401396,0.7382334,1.773831,0.36731756,0.42794144,1.0355976
Cpne7,436,0.37545732,0.23600094,0.7015781,0.64176375,0.53413767,0.57873064,0.13945638,0.059814334,0.044592977
Cpne9,338,0.3519704,0.21816774,0.7246643,0.6807366,0.56160694,0.5964148,0.13380267,0.04392767,0.03480786
Crabp1,319,0.2337432,-0.0026944422,0.60406137,0.5587652,0.34371606,0.3580099,0.23643765,0.045296192,0.0142938495
Crabp2,610,0.18766133,0.041733053,0.8037568,0.78521496,0.19466709,0.19918029,0.14592828,0.018541813,0.004513204
Crh,551,0.10603393,0.08481913,0.6084685,0.60402495,0.29527065,0.2972641,0.021214798,0.0044435263,0.0019934475
Crhbp,394,0.23276012,0.17664318,0.6379051,0.61550814,0.35346577,0.37146723,0.05611694,0.022396982,0.018001467
Crim1,1943,0.25026044,0.1621709,0.6153465,0.57444334,0.51919585,0.5471562,0.08808954,0.04090315,0.02796036
Crip1,357,0.36694887,0.050131828,0.675067,0.31050465,0.5667483,1.138622,0.31681705,0.36456236,0.5718737
Crlf1,438,-0.024850154,0.07333306,0.0,0.57302624,0.3373604,0.2786361,-0.098183215,-0.57302624,-0.058724314
Crtac1,928,0.2253946,0.14167894,0.53043246,0.49115393,0.5418755,0.55450886,0.08371566,0.039278537,0.012633383
Cryab,170,0.61854345,0.05018549,0.73460764,0.18399425,0.67860764,2.5256906,0.56835794,0.5506134,1.8470829
Crym,145,0.35329804,0.009685725,0.5408824,0.32833365,0.9035925,1.4386574,0.3436123,0.21254876,0.5350649
Csf1r,1747,0.19806318,-0.0012292833,0.52938753,0.071381174,0.7728991,2.0849419,0.19929247,0.45800635,1.3120427
Csrp1,839,0.4629787,-0.009088432,0.6391728,0.105684064,0.66109943,2.4012127,0.47206712,0.53348875,1.7401133
Csrp2,1087,0.29393893,0.10907947,0.61771166,0.5339608,0.35690662,0.39734462,0.18485945,0.083750844,0.040437996
Ctla2a,482,0.14914685,0.022284562,0.38866177,0.11194703,0.7451441,1.1553069,0.12686229,0.27671474,0.4101628
Ctsc,452,0.2028311,0.14210184,0.34350786,0.18925975,0.65897286,1.2078766,0.060729265,0.1542481,0.5489037
Ctsh,870,0.24783574,0.0864864,0.42374253,0.16359024,0.6928709,1.2330421,0.16134934,0.26015228,0.5401712
Ctss,505,0.25233904,0.08799121,0.48500478,0.13397987,1.0435053,2.41643,0.16434783,0.35102493,1.3729247
Ctsz,373,0.19966953,0.14459763,0.38245285,0.16423278,0.9836478,2.4834166,0.05507189,0.21822007,1.4997687
Ctxn2,1546,0.4600956,0.19956543,0.7030215,0.6003514,0.5131467,0.58221686,0.26053017,0.10267013,0.06907016
Ctxn3,72,0.03460026,0.022515317,0.70741147,0.72032404,0.3234553,0.29790902,0.012084944,-0.012912571,-0.025546283
Cul4b,1361,0.18775947,0.008625734,0.5366299,0.48070517,0.29088616,0.3069119,0.17913374,0.055924743,0.016025722
Cux2,983,0.26174828,0.24177329,0.6552977,0.62236357,0.5309077,0.5405054,0.019974992,0.03293413,0.009597719
Cxcl12,1741,0.15626158,-0.0056969835,0.5985785,0.36333847,0.5091913,0.68613535,0.16195856,0.23524004,0.17694408
Cxcl14,1354,0.20931828,0.045512553,0.6418858,0.14592345,0.71008307,2.124604,0.16380572,0.49596238,1.414521
Cyba,539,0.21350805,0.17503901,0.34146214,0.21418774,0.77305394,1.458978,0.038469046,0.1272744,0.6859241
Cygb,1128,0.4141651,0.2092988,0.66567206,0.5719045,0.5646234,0.62868065,0.2048663,0.09376758,0.06405723
Cyp26b1,281,0.14614809,0.09731045,0.6805091,0.6629166,0.30119297,0.30655813,0.048837632,0.01759249,0.005365163
Cyp46a1,1824,0.52573,0.05276461,0.7101135,0.14148277,0.641758,2.365126,0.47296542,0.56863075,1.7233679
Dab2,1196,0.24637698,0.17289908,0.47798383,0.33449686,0.46094275,0.620481,0.073477894,0.14348698,0.15953827
Dach1,1099,0.33173165,0.073115245,0.5563014,0.5001382,0.38064417,0.39962855,0.2586164,0.05616319,0.018984377
Dagla,1577,0.40226138,0.06779765,0.64442986,0.2584016,0.55921227,1.16283,0.33446372,0.38602826,0.6036177
Dbndd1,1974,0.21610539,0.16879939,0.64538604,0.62815124,0.44609222,0.44903746,0.047306,0.017234802,0.0029452443
Dbndd2,457,0.51131076,-0.001513027,0.63053656,0.11340761,0.64505,2.531158,0.51282376,0.51712894,1.8861079
Dbpht2,1940,0.41100702,0.030243276,0.64689475,0.1585216,0.5614626,1.6149541,0.38076374,0.48837316,1.0534916
Dcn,48,0.45745912,0.079021074,0.66325516,0.2704393,0.5107578,1.1910838,0.37843806,0.39281586,0.680326
Ddc,703,0.2895579,0.09018841,0.6489444,0.5993723,0.36629948,0.39169255,0.19936949,0.04957205,0.025393069
Ddit4l,769,-0.061253745,0.10885736,0.0,0.60023504,0.5590252,0.45310602,-0.1701111,-0.60023504,-0.10591921
Ddn,587,0.6066216,0.02142561,0.8454103,0.17521858,0.7257927,2.5937304,0.585196,0.6701917,1.8679378
Ddr1,973,0.36171517,0.04549871,0.6072246,0.22545151,0.60307306,1.2707536,0.31621647,0.38177305,0.66768056
Desi1,1221,0.39636526,-0.02235896,0.5631173,0.09273114,0.6345518,2.405833,0.4187242,0.47038618,1.7712812
Dgat2,1662,0.44397923,-0.0008190629,0.6045806,0.08860147,0.58532476,1.9530007,0.4447983,0.5159791,1.3676759
Dgkb,726,0.5407672,0.09418187,0.73520535,0.3245575,0.6035295,1.216915,0.44658533,0.41064784,0.6133855
Dgkh,1830,0.36386287,0.18382521,0.63047904,0.5173344,0.5290268,0.604312,0.18003766,0.113144636,0.0752852
Dgkk,1050,0.36485663,0.08922019,0.7504876,0.69392854,0.20632331,0.2225912,0.27563643,0.056559086,0.016267896
Dgkz,1165,0.5058857,0.0053711743,0.7482586,0.11393789,0.6316916,2.605984,0.50051457,0.6343207,1.9742924
Dhrs1,592,0.095635235,0.020504449,0.38384655,0.06844651,0.84010726,2.2205577,0.07513079,0.31540003,1.3804505
Diras2,1129,0.4713818,0.0318273,0.70214766,0.14698371,0.6568587,2.460424,0.4395545,0.555164,1.8035653
Disp2,1508,0.65078586,0.002657336,0.7719893,0.118325084,0.6009545,2.130497,0.6481285,0.65366423,1.5295424
Dkk3,346,-0.11966973,-0.029526934,0.0,0.13830848,1.0292236,2.5415406,-0.090142794,-0.13830848,1.5123171
Dkkl1,511,0.2602611,0.26908767,0.725962,0.68701005,0.40508342,0.40956748,-0.008826584,0.038951933,0.0044840574
Dlgap1,948,0.5324335,0.02654394,0.7460664,0.14282769,0.6367991,2.510354,0.5058896,0.6032387,1.873555
Dlk1,76,0.58893853,0.112300776,0.83433676,0.7106586,0.44505528,0.587035,0.47663775,0.12367815,0.14197972
Dlx1,1187,0.22207765,0.042610843,0.6479903,0.60617256,0.35081863,0.36803737,0.17946681,0.041817725,0.017218739
Dlx5,1587,0.3445774,0.089972295,0.6256258,0.5457966,0.3367797,0.3629535,0.2546051,0.079829216,0.0261738
Dlx6,1992,0.4710133,0.09429302,0.65457547,0.5262707,0.35408,0.4013044,0.37672028,0.12830478,0.047224402
Dmkn,845,0.42325273,-0.0025163942,0.6447477,0.5027325,0.36228362,0.41075167,0.42576912,0.14201516,0.048468053
Dnah9,1544,0.19702621,-0.013114578,0.63653165,0.6116662,0.19732155,0.20410798,0.21014078,0.024865448,0.006786436
Dner,652,0.51614946,0.008015002,0.67139655,0.096724175,0.65242845,2.3098712,0.5081345,0.5746724,1.6574428
Doc2a,897,0.484517,0.28217918,0.6809483,0.58516294,0.48211238,0.5574898,0.20233783,0.09578538,0.075377434
Doc2b,1340,0.37347224,0.1760538,0.63422954,0.55733967,0.4204092,0.446978,0.19741844,0.07688987,0.0265688
Dock10,1804,0.29628026,0.06623098,0.5675295,0.5026497,0.5215184,0.5685566,0.23004928,0.064879775,0.047038198
Dock4,931,0.24087365,0.04376265,0.55753493,0.29631233,0.62045854,0.871172,0.197111,0.2612226,0.25071347
Dock9,1690,0.25923458,0.15335365,0.5507972,0.5038263,0.52863604,0.5635759,0.10588093,0.046970904,0.034939885
Dpp10,1461,0.40925774,0.017868884,0.63941526,0.11170679,0.61876583,2.126011,0.39138886,0.5277085,1.5072451
Dpp6,1791,0.50607353,0.015580987,0.676862,0.12767385,0.5963097,1.8008782,0.49049255,0.54918814,1.2045684
Drd1,243,0.70241857,0.111848176,0.79560375,0.5294881,0.4652269,0.6862121,0.5905704,0.26611567,0.22098523
Drd2,244,0.71975166,0.11674272,0.7682738,0.48090264,0.4332302,0.64525527,0.6030089,0.28737113,0.21202508
Dusp14,1356,0.48451722,0.03900532,0.72132874,0.20368437,0.5440876,1.7021003,0.4455119,0.51764435,1.1580126
Dusp5,940,0.17440265,0.07001618,0.5362403,0.5003241,0.39683196,0.4033917,0.10438647,0.03591621,0.0065597296
Dusp6,1590,0.36463043,0.0054409406,0.62633556,0.12164226,0.55698496,1.9802638,0.35918948,0.50469327,1.4232788
Dynlrb2,160,0.6000681,0.10148386,0.84971637,0.7189927,0.22230105,0.31407794,0.49858424,0.13072366,0.09177689
Ecel1,158,0.5346756,0.15959518,0.7662235,0.6546238,0.50592667,0.6208686,0.3750804,0.111599684,0.114941955
Ecrg4,7,0.6093423,0.18394835,0.8335579,0.5987188,0.38891268,0.62898403,0.42539394,0.23483908,0.24007136
Efemp1,774,0.26997662,0.060842294,0.7034727,0.6204943,0.33092618,0.37909684,0.20913433,0.08297837,0.048170656
Efhd1,1066,0.39105216,0.15030134,0.6828039,0.60578054,0.46464315,0.5284129,0.24075082,0.07702339,0.06376973
Efhd2,932,0.5420468,-0.020973265,0.6990688,0.086177,0.6411941,2.6453815,0.56302005,0.6128918,2.0041873
Efnb3,1002,0.5003212,0.11130425,0.6854117,0.4710524,0.60455596,0.82238275,0.38901696,0.21435928,0.21782678
Efr3a,1886,0.38306394,0.06874271,0.61940485,0.43896797,0.5623533,0.70347863,0.31432122,0.18043688,0.14112532
Egr1,466,0.5732022,0.058314215,0.8111561,0.19912112,0.72172827,2.5121431,0.514888,0.612035,1.7904148
Egr3,612,0.54041415,0.06323151,0.78059465,0.21716265,0.61875296,1.9853019,0.47718263,0.563432,1.3665489
Egr4,878,0.37692562,0.14766084,0.70349973,0.5505122,0.5422295,0.67913145,0.22926478,0.15298754,0.13690197
Elavl2,1589,0.4470446,0.26073596,0.6472406,0.544864,0.56397325,0.63006216,0.18630865,0.10237658,0.066088915
Elavl4,1852,0.48699248,0.016739357,0.6441873,0.14401293,0.5414974,1.4325148,0.4702531,0.50017434,0.8910174
Elfn1,1141,0.28379488,0.08991932,0.63242215,0.570515,0.4143436,0.43489537,0.19387555,0.061907172,0.02055177
Elmod1,1376,0.6127908,0.044797678,0.7237732,0.10146684,0.6204963,2.4330742,0.56799316,0.62230635,1.812578
Eln,1009,0.22322915,0.022058928,0.73962,0.7058129,0.22897823,0.24471016,0.20117022,0.0338071,0.01573193
Elovl1,1846,0.2872658,0.13745865,0.55947995,0.48940086,0.54372084,0.5988698,0.14980716,0.07007909,0.05514896
Emb,552,0.23012109,0.014183168,0.5685174,0.38648152,0.47183704,0.5820449,0.21593793,0.18203586,0.110207856
Emp3,877,0.2779304,0.1652279,0.52852803,0.30364832,0.4216415,0.66739017,0.112702504,0.22487971,0.24574867
Emx1,1902,0.37301305,0.1559156,0.71635586,0.6433498,0.33454862,0.36844316,0.21709745,0.073006034,0.03389454
Enc1,329,0.6588781,0.0041168774,0.81949145,0.14505939,0.6552946,2.6269073,0.6547612,0.67443204,1.9716127
Endou,1235,0.19546974,0.09623674,0.5800485,0.5524439,0.22919834,0.23300214,0.099232994,0.02760458,0.0038038045
Enkur,852,0.3775352,0.033931296,0.7408333,0.663614,0.19293392,0.21766107,0.3436039,0.07721931,0.02472715
Enpp2,4,0.40658954,0.054250102,0.6297278,0.19636512,0.7680142,2.6088395,0.35233945,0.43336266,1.8408253
Enpp6,620,0.30078852,0.15128545,0.6516196,0.60795236,0.37903252,0.41087046,0.14950307,0.043667257,0.03183794
Epha10,1552,0.28109667,0.2070611,0.5491054,0.5110953,0.43102896,0.4493415,0.07403557,0.03801012,0.018312544
Epha4,1093,0.30855414,0.055281326,0.64655113,0.26884687,0.6340793,1.2552264,0.25327283,0.37770426,0.6211471
Epha5,937,0.33875513,0.08092946,0.5724573,0.2748331,0.5784221,0.96354747,0.25782567,0.2976242,0.38512534
Epha7,646,0.2394725,0.13091074,0.6146149,0.4979608,0.55875355,0.66689986,0.108561754,0.1166541,0.10814631
Ephb6,1588,0.21591096,0.02884923,0.6712702,0.19343923,0.5686709,1.6834341,0.18706173,0.47783095,1.1147633
Ephx4,1072,0.54606014,0.057062883,0.7740579,0.1987925,0.5207338,1.9942557,0.48899725,0.5752654,1.473522
Epn3,936,0.42829505,0.0757047,0.71642375,0.62998056,0.22342314,0.24905062,0.35259035,0.086443186,0.025627479
Epop,679,-0.09999504,0.052020106,0.0,0.28234828,0.86477923,1.6555604,-0.15201515,-0.28234828,0.79078114
Eps8l2,435,0.31854036,0.07461347,0.7121403,0.6803317,0.2578919,0.2718947,0.2439269,0.031808615,0.0140028
Erbin,1917,0.3209819,0.026400141,0.5715857,0.23290105,0.6038752,1.0771523,0.29458174,0.33868468,0.47327703
Erc2,995,0.5185139,0.06006131,0.7158564,0.17148429,0.5607844,1.7708575,0.4584526,0.5443721,1.210073
Ermn,241,0.60877913,0.11884215,0.75106066,0.38382086,0.5776616,1.126562,0.48993698,0.3672398,0.5489004
Esrrg,1256,0.2101541,0.09907629,0.5833533,0.54040074,0.40590966,0.4218854,0.11107781,0.042952538,0.015975744
Esyt3,1652,0.20660548,0.041817944,0.75013995,0.7453763,0.12838444,0.12975445,0.16478753,0.004763663,0.0013700128
Etl4,1541,0.35119155,0.20034657,0.67453176,0.61961955,0.52294904,0.5741071,0.15084498,0.05491221,0.05115807
Etnppl,1293,0.44009104,0.18495138,0.7736519,0.70804864,0.47240642,0.51419437,0.25513965,0.065603256,0.041787952
Ets2,1786,0.44172284,0.048832536,0.6324518,0.21874404,0.5505964,1.0844349,0.3928903,0.41370773,0.53383845
Etv1,954,0.22108693,-0.028830582,0.53288525,0.14890772,0.62076694,1.4621137,0.24991752,0.38397753,0.8413468
Evi2a,567,0.44515648,0.19005652,0.6736408,0.5809102,0.54771495,0.6426824,0.25509995,0.09273058,0.094967425
Ezr,722,0.19318159,0.01333394,0.58174723,0.13631958,0.67462915,1.7451204,0.17984764,0.44542766,1.0704913
F2r,1890,0.29640934,0.04825598,0.66446847,0.61512786,0.2947573,0.31386584,0.24815336,0.049340606,0.019108534
Fa2h,248,0.5651795,0.20154746,0.73033404,0.58136004,0.55879074,0.73159736,0.36363208,0.148974,0.17280662
Faah,1246,0.45097294,-0.013261874,0.6632866,0.12318298,0.5097937,1.7646259,0.46423483,0.5401037,1.2548323
Fabp3,1892,0.55498314,0.024049347,0.6904165,0.10071731,0.6351121,2.506432,0.5309338,0.5896992,1.87132
Fabp7,121,0.016793495,0.05038613,0.0,0.16080181,0.8951698,1.5367776,-0.033592634,-0.16080181,0.6416078
Fam131a,427,0.6361961,0.020440374,0.8011072,0.14469351,0.59230953,2.5217035,0.6157557,0.65641373,1.929394
Fam163b,458,0.4214876,0.03089881,0.69819444,0.17766862,0.59795624,1.8290552,0.3905888,0.5205258,1.2310989
Fam183b,314,0.5061835,0.0049858387,0.81847525,0.7312444,0.292848,0.3637472,0.5011977,0.08723086,0.07089922
Fam81a,1389,0.35006055,0.03739175,0.70003414,0.19665419,0.55693287,1.6642523,0.3126688,0.50337994,1.1073194
Fbln1,521,0.2828127,0.05874255,0.66481036,0.5907914,0.36447188,0.40981522,0.22407016,0.074018955,0.04534334
Fbln5,1658,0.19005533,0.017140236,0.7486207,0.73203135,0.25925794,0.269983,0.17291509,0.016589344,0.010725051
Fbxo34,1808,0.37447825,0.04331143,0.6114841,0.16731918,0.49621722,1.3324779,0.33116683,0.44416493,0.8362607
Fbxw7,1833,0.49550557,0.019407637,0.7100465,0.14544119,0.5693602,2.0455506,0.47609794,0.56460536,1.4761903
Fcer1g,352,0.16546443,0.15707497,0.35579666,0.20033872,0.8994898,1.5977455,0.008389458,0.15545794,0.6982557
Fcgr1,1947,0.18469323,0.2174362,0.28709328,0.31131497,0.4560633,0.45177913,-0.032742962,-0.024221689,-0.0042841733
Fcgr2b,1585,0.07558614,0.18056418,0.28046834,0.26539227,0.5061781,0.5144444,-0.10497804,0.015076071,0.00826633
Fcgr3,1142,0.13904983,0.059697147,0.38835493,0.14942104,0.71322185,1.1610951,0.07935268,0.23893389,0.4478733
Fcrls,264,0.15329017,0.16616558,0.32627702,0.22112165,0.9294445,1.3537388,-0.012875408,0.10515536,0.4242943
Fezf2,595,0.24834128,0.08593895,0.71767074,0.65266126,0.39197037,0.41569385,0.16240233,0.065009475,0.023723483
Fgf13,1617,0.4277413,0.22070396,0.6753468,0.528927,0.6093079,0.76425105,0.20703733,0.14641976,0.15494317
Fgfr2,1988,0.29331216,0.0939109,0.61693126,0.5444787,0.5084426,0.57155144,0.19940126,0.072452545,0.06310886
Fhl2,950,0.51550883,0.026403407,0.7566748,0.20242073,0.45787582,1.612475,0.48910543,0.5542541,1.1545992
Fhod3,1736,0.34527627,0.20203103,0.65765995,0.598599,0.44979373,0.4871093,0.14324524,0.05906093,0.037315577
Fibcd1,312,-0.0042218342,0.13222185,0.0,0.63428974,0.41269675,0.31924984,-0.13644367,-0.63428974,-0.09344691
Filip1,1255,0.33342537,0.12654524,0.7010544,0.6424989,0.29515046,0.31457803,0.20688014,0.058555484,0.019427568
Fkbp1b,1718,0.3715619,0.19724105,0.6570485,0.59150237,0.49420616,0.5371657,0.17432086,0.065546155,0.04295954
Flna,1686,0.21555935,0.041786607,0.52596974,0.18281774,0.61912626,1.26228,0.17377274,0.343152,0.6431537
Fmnl1,1181,0.4740521,0.060230803,0.7146051,0.22875082,0.5240899,1.5281911,0.4138213,0.48585427,1.0041013
Fn1,201,0.30660725,0.07653687,0.5394506,0.1412221,0.75829977,2.326413,0.23007038,0.39822847,1.5681131
Fndc5,1945,0.41174984,0.23346092,0.6306834,0.53790957,0.58413583,0.64299285,0.17828892,0.092773855,0.058857024
Fndc9,1787,0.3331323,0.08844305,0.6665837,0.59651595,0.25300077,0.2698394,0.24468926,0.07006776,0.01683864
Folr1,42,0.49516323,0.1324741,0.71521163,0.46332386,0.24142201,0.32749414,0.36268914,0.25188777,0.08607213
Fos,1355,0.18670559,0.07741492,0.55892426,0.52964467,0.509956,0.52693355,0.10929067,0.02927959,0.016977549
Foxc1,1451,0.2405041,0.07335612,0.70361346,0.66050774,0.31320667,0.34005752,0.16714798,0.04310572,0.02685085
Foxd1,1134,0.257364,0.1211259,0.70976734,0.6624067,0.20568879,0.22291882,0.1362381,0.04736066,0.017230034
Foxj1,212,0.5126623,0.15283144,0.7591238,0.61808544,0.32147467,0.41669813,0.35983086,0.14103836,0.09522346
Foxo1,1910,0.35566926,0.019782118,0.5509236,0.4324787,0.4773128,0.52317804,0.33588713,0.11844489,0.045865238
Foxp1,1168,0.40639055,0.13619164,0.6240708,0.50467396,0.572845,0.6437947,0.2701989,0.119396865,0.07094973
Foxp2,906,0.3381431,0.11639776,0.67715406,0.6105363,0.42649448,0.46275127,0.22174534,0.06661779,0.03625679
Frmd8,1336,0.31774628,0.16760333,0.5901632,0.48095024,0.5309481,0.62651336,0.15014295,0.109212935,0.09556526
Frzb,988,0.33178368,0.19802575,0.69765383,0.65681666,0.30640897,0.32630515,0.13375793,0.04083717,0.01989618
Fstl5,1998,0.299472,0.11973747,0.6329303,0.57251865,0.3608873,0.38355288,0.17973453,0.060411632,0.02266559
Fxyd1,348,0.22277372,0.0232775,0.5865147,0.12292951,0.7261818,2.0848336,0.19949621,0.4635852,1.3586519
Fxyd5,945,0.28897786,0.1009232,0.4304768,0.17632586,0.6248738,1.3333127,0.18805465,0.25415096,0.70843893
Fxyd6,442,0.47740182,-0.016615257,0.71542436,0.14572601,0.69385344,1.9794537,0.49401706,0.56969833,1.2856002
Fxyd7,740,0.53009033,0.0045387084,0.7118476,0.12655465,0.70625687,2.4881353,0.5255516,0.58529294,1.7818785
Fzd5,999,0.09729747,0.029074216,0.66123486,0.6599904,0.17452453,0.17555732,0.06822325,0.0012444854,0.0010327846
Gab1,1654,0.33245668,0.10696826,0.62642473,0.5474284,0.4722905,0.5279684,0.22548842,0.0789963,0.05567792
Gabbr2,791,0.63764155,0.01044524,0.7599158,0.1505274,0.6006751,2.4204907,0.6271963,0.6093884,1.8198156
Gabra4,1090,0.40374473,0.290884,0.6798816,0.6174331,0.5976315,0.64717287,0.11286074,0.0624485,0.049541354
Gabra5,517,0.17346525,0.19570835,0.5251247,0.58409023,0.565425,0.5527902,-0.022243097,-0.058965504,-0.012634754
Gabrd,1014,0.4667231,0.13435355,0.72090155,0.42512056,0.6145618,1.0174637,0.33236957,0.295781,0.4029019
Gabrg1,1270,0.4714848,0.15767725,0.71700233,0.61668134,0.465296,0.53798264,0.31380755,0.100320995,0.07268664
Gabrq,593,0.47852448,0.07578591,0.7751703,0.6949311,0.20355444,0.2338924,0.40273857,0.08023924,0.03033796
Gad1,291,0.526294,0.04245614,0.7125303,0.15305452,0.77275664,2.369781,0.48383784,0.5594758,1.5970244
Gad2,397,0.6527803,0.07600871,0.77727133,0.280009,0.68844813,1.4339832,0.5767716,0.49726233,0.7455351
Gadd45a,1104,0.1175353,0.0017388588,0.607199,0.6058354,0.36034513,0.37608588,0.11579644,0.0013636351,0.015740752
Gadd45g,1689,0.092045926,0.025239548,0.5285866,0.45321536,0.52006716,0.58050644,0.066806376,0.075371265,0.06043929
Gal,26,0.4188238,0.073564105,0.8197878,0.7754726,0.29350442,0.33059138,0.3452597,0.04431522,0.037086964
Gal3st1,977,0.37653443,0.14572097,0.6492534,0.56756943,0.48410702,0.5476447,0.23081346,0.08168399,0.06353766
Galnt16,1753,0.46564117,0.029064046,0.64819115,0.18423468,0.5864796,1.2187167,0.4365771,0.46395648,0.63223714
Galnt17,1017,0.3321704,0.24223852,0.5841382,0.5347751,0.50820607,0.5309579,0.089931875,0.049363136,0.022751808
Galnt6,1247,0.34340167,0.1997606,0.59076643,0.50773144,0.35822654,0.3956561,0.14364107,0.08303499,0.03742957
Galnt9,888,0.5224152,0.012074046,0.7382579,0.1901664,0.5629483,1.9503113,0.51034117,0.5480915,1.387363
Gamt,1200,0.32484433,0.08193949,0.56672406,0.4913385,0.5657211,0.61879617,0.24290484,0.07538557,0.053075075
Gap43,507,0.53825706,0.0051936554,0.74337536,0.120007634,0.7253254,2.5663855,0.5330634,0.6233677,1.8410602
Garnl3,1927,0.29120505,0.06481523,0.6224187,0.46061996,0.52119154,0.6503358,0.22638983,0.16179875,0.12914425
Gas6,1774,0.2053802,0.00061216496,0.5340495,0.10231048,0.58174187,1.5715834,0.20476803,0.43173903,0.9898415
Gatm,415,0.4827133,0.040938016,0.6812641,0.22294845,0.6299707,1.6341256,0.4417753,0.45831567,1.0041549
Gbp2,1463,0.15637402,0.13300844,0.5616029,0.5231626,0.28472978,0.29028362,0.023365587,0.038440287,0.0055538416
Gbx2,293,0.32897502,0.14066449,0.76450425,0.7252083,0.26224422,0.27583003,0.18831053,0.03929597,0.013585806
Gcnt2,1807,0.20587058,0.0026972212,0.556505,0.4992578,0.47508422,0.49041763,0.20317337,0.05724722,0.015333414
Gda,800,0.5652983,0.038078837,0.7641317,0.12757674,0.61429876,2.464342,0.5272195,0.63655496,1.8500433
Gfap,47,0.15514062,0.08153679,0.6345677,0.29624298,1.5940804,1.9676994,0.07360383,0.3383247,0.37361896
Gfra1,653,0.13796194,0.059867848,0.5527058,0.5426658,0.59452444,0.59315413,0.078094095,0.010040045,-0.0013703108
Gfra2,904,0.3796545,0.06278776,0.65985584,0.48598322,0.5160833,0.6684157,0.31686676,0.17387262,0.15233243
Gjb1,677,0.41232,0.19923723,0.6805296,0.61168426,0.41471255,0.47061336,0.21308276,0.06884533,0.055900812
Gjb2,607,0.26653874,0.06997216,0.79062325,0.7625024,0.2986066,0.32440117,0.19656658,0.028120875,0.025794566
Gjc2,613,0.4138223,0.16511886,0.6692555,0.5797672,0.45750389,0.53094214,0.24870344,0.08948827,0.07343826
Gjc3,659,0.41522005,0.15030737,0.65412134,0.56696916,0.5114053,0.5899722,0.26491266,0.08715218,0.07856691
Gkn3,946,0.13676444,0.006390163,0.7426838,0.75335604,0.2008195,0.1990339,0.13037427,-0.010672212,-0.0017856061
Glra2,1717,0.31423298,0.13997394,0.6544123,0.5891308,0.3835,0.41014853,0.17425904,0.06528151,0.026648521
Glra3,1524,0.30515411,0.12661012,0.636412,0.5853999,0.2854713,0.30251238,0.178544,0.0510121,0.017041087
Gltp,498,0.45199645,0.1067053,0.6669106,0.31271005,0.6217284,1.1694864,0.34529114,0.35420054,0.547758
Gm11549,669,0.5102026,0.221048,0.7676237,0.6532214,0.4362968,0.5170844,0.2891546,0.114402294,0.08078763
Gm13889,1404,0.37857485,0.11500994,0.61392003,0.50727105,0.5671637,0.64434177,0.2635649,0.10664898,0.07717806
Gm14964,1287,0.30557793,0.079179585,0.6991045,0.6447405,0.2339405,0.25917095,0.22639835,0.054363966,0.025230452
Gm19935,180,0.564207,0.11567608,0.8112932,0.6733494,0.25824255,0.34247407,0.44853094,0.1379438,0.084231526
Gm2115,647,0.022516137,0.09797927,0.0,0.5385567,0.45070517,0.3849008,-0.07546313,-0.5385567,-0.06580436
Gm2694,1687,0.02853792,0.10771828,0.4348669,0.64291096,0.37573934,0.3175843,-0.07918036,-0.20804405,-0.05815503
Gm33651,746,0.39494905,0.094422065,0.7411857,0.6922481,0.23009692,0.23390359,0.30052698,0.04893762,0.0038066655
Gm9989,1380,0.45226845,0.13811019,0.67945766,0.57400966,0.33052206,0.37322876,0.31415826,0.10544801,0.0427067
Gna12,1591,0.37431026,0.012730152,0.60412747,0.14288086,0.6145387,1.7682095,0.3615801,0.4612466,1.1536708
Gnal,712,0.5811098,0.13989681,0.6971776,0.3387209,0.649425,1.1473714,0.441213,0.3584567,0.49794638
Gnb4,837,0.14081167,0.117269635,0.5890401,0.5745899,0.50267583,0.5052802,0.023542032,0.014450192,0.0026043653
Gng11,1216,0.33878362,0.07546776,0.62478083,0.34793413,0.60101765,0.9639023,0.26331586,0.2768467,0.36288464
Gng2,1215,0.55684686,0.01151665,0.68035096,0.12521732,0.5928396,2.227547,0.5453302,0.55513364,1.6347073
Gng4,884,0.39973494,0.16599454,0.6632809,0.580037,0.5186285,0.5816618,0.2337404,0.08324391,0.06303334
Gng7,192,0.7033508,0.11654744,0.7824542,0.4194577,0.638046,1.1053183,0.5868033,0.3629965,0.46727228
Golga7b,1514,0.40780744,0.07199309,0.67568165,0.2504244,0.58043194,1.3392876,0.33581436,0.42525724,0.7588557
Golm1,1977,0.057924587,0.06277724,0.45355454,0.41773877,0.43529272,0.4336126,-0.0048526563,0.035815775,-0.0016801059
Gpd1,808,0.25923946,-0.010649037,0.5249032,0.10758618,0.6782027,1.7017063,0.2698885,0.417317,1.0235035
Gpr101,688,0.4399158,0.12140411,0.7215467,0.626073,0.2801999,0.31133366,0.3185117,0.09547371,0.031133771
Gpr153,1262,0.33026996,0.14208923,0.6771605,0.6237021,0.4740148,0.51005113,0.18818073,0.053458393,0.036036342
Gpr158,1841,0.47980842,0.076790534,0.66168857,0.18078983,0.5980995,1.7526106,0.40301788,0.48089874,1.154511
Gpr161,1467,0.006683891,0.079599835,0.0,0.53235,0.31352648,0.26731125,-0.07291594,-0.53235,-0.046215236
Gpr17,562,0.14078099,0.043377843,0.5506666,0.50714105,0.57541704,0.6209286,0.09740314,0.043525517,0.045511544
Gpr22,1906,0.40469575,0.23075742,0.6478117,0.5638406,0.43937936,0.47486696,0.17393833,0.08397108,0.035487592
Gpr26,1046,0.43503678,0.070909746,0.7102208,0.21453784,0.53376347,1.5810889,0.36412704,0.49568295,1.0473254
Gpr37,429,0.53593135,0.19009633,0.71366996,0.5694771,0.5742683,0.732308,0.34583503,0.14419287,0.15803969
Gpr6,301,0.72508734,0.098791935,0.7822607,0.49733233,0.37670696,0.560346,0.6262954,0.28492838,0.18363905
Gpr83,513,0.5675264,0.13194253,0.7560496,0.58325684,0.4793416,0.5992365,0.4355839,0.17279273,0.11989489
Gpr88,62,0.76770306,0.07267333,0.8268099,0.22838767,0.7169316,2.3135452,0.69502974,0.5984222,1.5966136
Gprasp1,1240,0.6137124,0.022687884,0.75059634,0.09991934,0.6223822,2.3526382,0.59102446,0.650677,1.7302561
Gprasp2,502,0.62205094,0.26344573,0.7757848,0.59452564,0.58950853,0.7564976,0.3586052,0.18125916,0.16698909
Gprin1,1111,0.4927678,0.06465501,0.6633815,0.20718412,0.5174461,1.2986394,0.4281128,0.45619738,0.7811933
Gpx3,119,0.5673646,0.040452633,0.817002,0.6965572,0.45608708,0.61196023,0.5269119,0.120444775,0.15587315
Gpx8,821,0.27490845,0.1463625,0.63353854,0.54659265,0.35265127,0.39468336,0.12854595,0.08694589,0.042032093
Grasp,794,0.46884355,0.3036906,0.7216075,0.6437308,0.48932007,0.5388463,0.16515294,0.07787669,0.049526244
Grb10,1929,0.42996994,0.10890146,0.6915295,0.5791743,0.4581268,0.52255225,0.32106847,0.11235523,0.06442544
Grb14,358,0.5135992,0.017815756,0.694315,0.21589912,0.6121508,1.5992047,0.49578345,0.4784159,0.9870539
Gria1,1051,0.3482828,0.022887083,0.49565458,0.117721,0.7213836,2.0037975,0.32539573,0.3779336,1.282414
Gria2,1769,0.6240342,0.035073057,0.75121206,0.09202444,0.5967093,2.5197787,0.5889612,0.6591876,1.9230695
Gria3,1486,0.511374,0.04498918,0.7283614,0.16091575,0.58868027,2.197174,0.46638483,0.5674457,1.6084938
Grin2a,910,0.46576893,0.037484918,0.73681474,0.19078135,0.62279874,2.0241723,0.42828402,0.5460334,1.4013736
Grin2b,1914,0.47977054,0.05850615,0.7026563,0.21404094,0.5635295,1.5215617,0.42126438,0.4886154,0.95803225
Grm1,938,0.3819256,0.22182207,0.6906957,0.6253179,0.48406908,0.5256556,0.16010354,0.06537783,0.041586548
Grm2,718,0.080687486,0.23417287,0.0,0.5989989,0.5767253,0.47334573,-0.15348539,-0.5989989,-0.10337958
Grm4,1401,0.27576923,0.17871457,0.6390576,0.60586303,0.45720693,0.47379506,0.09705466,0.033194542,0.016588122
Grn,449,0.037816744,0.11654183,0.24511623,0.13807756,1.0632998,2.520583,-0.078725085,0.10703868,1.4572831
Grp,868,0.0031440838,0.07686504,0.0,0.6433042,0.33537516,0.2602593,-0.073720954,-0.6433042,-0.07511586
Gsg1l,1295,0.426108,0.2692655,0.6969444,0.62226915,0.49339458,0.5396802,0.1568425,0.07467526,0.0462856
Gsn,178,0.5550325,0.15232457,0.72431964,0.3083261,0.7229368,1.5483919,0.40270793,0.41599354,0.8254551
Gstp1,356,0.26729348,0.0020049252,0.59186536,0.12382141,1.1142883,1.8824955,0.26528856,0.46804395,0.7682072
Gucy1a1,656,0.38321018,0.18720776,0.6295316,0.56076235,0.588811,0.65213895,0.19600242,0.068769276,0.06332797
Gucy1b1,1775,0.48517358,0.051986244,0.6804366,0.11955145,0.6025632,2.1906576,0.43318734,0.5608852,1.5880945
H2-D1,578,0.23751271,0.095749475,0.49438393,0.14348353,0.97487766,2.2341053,0.14176324,0.3509004,1.2592278
H2-K1,472,0.32886264,0.13526364,0.47643638,0.17741223,0.97716457,2.0388,0.193599,0.29902416,1.0616355
Hap1,120,0.62622947,0.056828354,0.84195185,0.38140526,0.6938427,1.3119916,0.5694011,0.46054658,0.61814886
Hapln2,805,0.39406577,0.17534043,0.609829,0.52590066,0.4469383,0.5028868,0.21872534,0.08392835,0.055948466
Hapln4,690,0.51878136,0.018173967,0.71997803,0.25058457,0.60256344,1.302501,0.5006074,0.46939346,0.6999375
Hbb-bs,16,0.10617128,0.100447096,0.90383387,0.87823963,0.2974835,0.36267266,0.005724184,0.025594234,0.06518915
Hcn1,1624,0.27580523,0.21851158,0.6573911,0.5846775,0.52429205,0.541722,0.057293653,0.072713554,0.017429948
Hcn4,1962,0.2848417,0.13944072,0.6951199,0.66425186,0.24056686,0.24887131,0.14540097,0.030868053,0.008304447
Hcrt,8,0.026173795,-0.007536382,0.59931755,0.82173556,0.47911415,0.47094998,0.033710178,-0.22241801,-0.008164167
Hemk1,702,0.18913203,-0.046912234,0.5599782,0.4956901,0.38423958,0.4158472,0.23604427,0.06428808,0.031607628
Hexb,980,0.18360956,0.04815125,0.5017659,0.09433336,0.8635852,2.4439242,0.1354583,0.40743256,1.580339
Hhip,1525,0.2214818,0.04779361,0.59321976,0.5567155,0.3143988,0.33144632,0.17368819,0.03650427,0.017047524
Hivep2,1838,0.47940195,0.08103005,0.7073142,0.27062583,0.5646009,1.3881704,0.3983719,0.43668836,0.8235695
Hlf,1358,0.19421516,0.023677787,0.60246557,0.1414663,0.7426143,2.3664184,0.17053738,0.46099925,1.6238041
Hmgb2,471,0.12671365,0.16259351,0.48729154,0.34484804,0.54395837,0.7083494,-0.035879865,0.14244351,0.16439104
Hmgn2,956,0.2470714,0.005660458,0.5461667,0.14456505,0.63463753,1.572814,0.24141094,0.40160167,0.93817645
Hmox1,116,-0.011686269,0.16607395,0.0,0.18475612,0.5903782,1.217301,-0.17776021,-0.18475612,0.6269228
Homer1,1213,0.5849725,0.0432093,0.77412176,0.15190132,0.5919049,2.3762789,0.5417632,0.62222046,1.784374
Homer3,558,-0.009183165,0.05335249,0.0,0.5294718,0.4279176,0.36924627,-0.06253566,-0.5294718,-0.058671325
Hopx,589,0.12245228,0.0030361868,0.6321993,0.6087036,0.6550227,0.71141475,0.119416095,0.023495674,0.056392074
Hpca,63,0.5669852,0.03931706,0.7527371,0.18532686,0.82254714,2.5850294,0.5276681,0.56741023,1.7624822
Hpcal1,326,0.47841775,0.014042572,0.6959286,0.23253919,0.61312526,1.209086,0.46437517,0.4633894,0.5959607
Hpcal4,549,0.6168429,-0.0070650033,0.80607146,0.1265688,0.67745185,2.6052995,0.6239079,0.67950267,1.9278476
Hrh3,1650,0.3369563,0.072148554,0.620743,0.25600937,0.6841633,1.3636271,0.26480773,0.3647336,0.6794638
Hrk,1941,0.2667646,0.15710944,0.6328337,0.58704895,0.37423977,0.38982067,0.10965517,0.04578477,0.015580893
Hs3st2,462,0.268599,0.0550479,0.7030084,0.3299476,0.54068375,1.1723791,0.2135511,0.37306082,0.6316954
Hs3st4,580,0.2844237,0.16744137,0.60701,0.56539404,0.5998971,0.6220546,0.11698234,0.041615963,0.02215749
Hsd11b1,1628,0.19852336,0.1536504,0.56984764,0.5538885,0.47966132,0.4839451,0.044872954,0.015959144,0.004283786
Hspa1b,1434,0.06283279,0.0138774095,0.61455584,0.6209371,0.38774392,0.39845315,0.048955377,-0.0063812733,0.010709226
Hspa2,1523,0.2250074,0.01205447,0.5403032,0.21325926,0.54648757,0.9253438,0.21295293,0.3270439,0.37885624
Hspb1,1381,0.24949557,0.0440888,0.62046605,0.32348084,0.4864457,0.74929833,0.20540677,0.2969852,0.26285264
Hspb6,1849,0.054592818,0.10616466,0.41595533,0.3929478,0.4521806,0.44165602,-0.05157184,0.023007542,-0.010524571
Hspb8,1705,0.19718571,0.12096623,0.5467279,0.4841882,0.4348438,0.46080992,0.07621948,0.0625397,0.025966108
Htr1b,914,0.54521954,0.11736581,0.6634991,0.47723436,0.40176618,0.4797372,0.42785373,0.18626475,0.07797101
Htr2a,1803,0.23706746,0.20214199,0.65908027,0.6276936,0.434116,0.4484546,0.034925476,0.031386673,0.014338583
Htr2c,474,0.27734485,0.14767492,0.63002557,0.6189521,0.5932403,0.60978025,0.12966993,0.01107347,0.016539931
Htr3a,1656,0.08144994,0.045120943,0.5745327,0.5667859,0.20669283,0.2071502,0.036328997,0.0077468157,0.00045737624
Icam5,721,0.6768159,0.048447248,0.8246928,0.1850146,0.5732881,2.217745,0.6283687,0.6396782,1.644457
Id2,1754,-0.044971228,0.03009816,0.0,0.10576353,0.8591191,2.5022602,-0.07506939,-0.10576353,1.643141
Id3,626,0.3065392,0.024241341,0.6627325,0.1848572,0.7210838,1.9811751,0.28229788,0.4778753,1.2600913
Id4,1115,0.36813655,0.013530977,0.6363773,0.21535139,0.6923724,1.4231039,0.3546056,0.42102587,0.73073155
Ido1,872,0.51817584,0.075892955,0.7071808,0.57430214,0.26717088,0.31616864,0.4422829,0.13287866,0.04899776
Ier5,798,-0.10962585,0.030249363,0.0,0.1589327,0.91080743,2.4310334,-0.13987522,-0.1589327,1.520226
Ifi27,490,0.16585256,0.022408256,0.5333965,0.14426751,0.73820585,1.469635,0.1434443,0.38912898,0.73142916
Ifi27l2a,157,0.17767143,0.14726636,0.2974207,0.18768524,1.1736156,1.3215413,0.030405074,0.109735474,0.14792573
Ifi30,489,0.13665126,0.1435823,0.20212494,0.15849471,0.6221327,1.1532885,-0.0069310367,0.043630227,0.53115577
Ifit3,640,0.0869445,0.088886105,0.48628202,0.43756655,0.46686614,0.47570446,-0.0019416064,0.048715472,0.008838326
Ifit3b,1582,0.07662507,0.036050957,0.47558573,0.45141873,0.3423735,0.34371054,0.040574115,0.024167001,0.0013370514
Ifitm1,236,0.27817857,0.07156302,0.5726389,0.2318985,0.49616495,1.0864811,0.20661555,0.34074044,0.5903162
Ifitm2,819,0.2933604,0.07139451,0.54530805,0.20980923,0.58625567,1.1876229,0.22196591,0.3354988,0.60136724
Ifitm3,131,0.36011204,0.15051605,0.5571726,0.26354516,0.95737237,1.5755925,0.209596,0.29362744,0.61822015
Igf2,35,0.41085616,0.045678224,0.7990542,0.38718352,0.511822,1.2799741,0.36517793,0.4118707,0.7681521
Igfbp2,25,0.24782182,0.05242483,0.65863717,0.21055007,0.82004863,2.250525,0.19539699,0.4480871,1.4304764
Igfbp3,1283,0.08756629,0.046240043,0.4842125,0.19975479,0.47820735,0.9383915,0.041326243,0.28445768,0.46018416
Igfbp4,424,0.30679062,-0.020171141,0.688042,0.121786274,0.6531237,2.3291733,0.32696176,0.5662557,1.6760497
Igfbp5,333,0.13508856,-0.02389565,0.6258271,0.13194457,0.7634544,2.0997694,0.15898421,0.4938825,1.3363149
Igfbp6,527,0.39327398,0.013532615,0.7930588,0.20631595,0.6055904,2.1796823,0.37974137,0.5867429,1.5740919
Igfbp7,409,0.27505615,0.031756677,0.5465192,0.12982947,0.7099206,2.1401606,0.24329948,0.41668975,1.4302399
Igfn1,473,0.05464846,0.19720308,0.0,0.61961174,0.33942568,0.27005684,-0.14255463,-0.61961174,-0.06936884
Ighm,327,-0.067756236,-0.032701407,0.0,0.34243676,0.74293494,0.85996133,-0.03505483,-0.34243676,0.11702639
Igsf1,447,0.53861654,0.17549996,0.8406698,0.7535563,0.3851106,0.4608934,0.36311656,0.0871135,0.075782806
Igsf21,1091,0.31466278,0.061412234,0.625063,0.37486616,0.52887625,0.78974754,0.25325054,0.25019684,0.2608713
Il16,963,-0.009634941,0.045234013,0.0,0.46981394,0.31101683,0.2748057,-0.054868955,-0.46981394,-0.036211133
Il33,923,0.39922166,0.085613705,0.62802994,0.32233605,0.59982926,0.9656933,0.31360796,0.3056939,0.36586404
Ildr2,1049,0.348287,0.15148287,0.6429544,0.5612631,0.5943114,0.6504273,0.19680412,0.081691325,0.056115866
Impact,1112,0.60584146,0.006685812,0.76157695,0.08980755,0.6271871,2.1752038,0.59915566,0.6717694,1.5480168
Inf2,541,0.50627065,0.0053291395,0.6746499,0.12019206,0.6806259,2.1618571,0.5009415,0.55445784,1.4812312
Inka2,1236,0.5244517,0.034052517,0.7580311,0.16445804,0.5368865,1.983003,0.49039915,0.59357303,1.4461164
Ipcef1,967,-0.05086556,0.051510125,0.0,0.34242114,0.6660469,0.95646614,-0.102375686,-0.34242114,0.29041922
Iqgap2,1212,-0.021874676,0.067647904,0.0,0.5522321,0.42936242,0.3630024,-0.08952258,-0.5522321,-0.06636003
Irf7,1474,0.012738205,0.18041416,0.31709382,0.33617783,0.39322054,0.38347518,-0.16767596,-0.019084007,-0.009745359
Irgm1,1477,0.09877401,0.13483909,0.40225193,0.37224472,0.49084583,0.48633257,-0.03606508,0.030007213,-0.0045132637
Irs4,127,0.46623874,0.056866363,0.81050867,0.7374578,0.24280007,0.28119916,0.4093724,0.07305086,0.038399085
Isg15,420,0.07757054,0.20146398,0.3744458,0.37256983,0.43863907,0.4471719,-0.12389344,0.0018759668,0.008532822
Isl1,1149,0.3043734,0.12079233,0.6454449,0.5930901,0.28486052,0.29994667,0.18358108,0.052354813,0.015086144
Islr,405,0.2718985,0.040989522,0.83152574,0.79351777,0.31881085,0.36311924,0.23090899,0.038007975,0.044308394
Islr2,1481,0.3403668,0.14066763,0.6240595,0.5560412,0.43846205,0.46484622,0.19969918,0.06801832,0.026384175
Itgb2,1772,0.1026583,0.10485679,0.30693337,0.17037283,0.46390533,0.6675098,-0.0021984875,0.13656054,0.20360446
Itgb4,1579,0.33391413,0.17272912,0.6292297,0.5720432,0.36169732,0.39686823,0.16118501,0.057186544,0.035170913
Itih3,259,0.38962027,0.16697015,0.8161936,0.7068999,0.570284,0.6428416,0.22265013,0.1092937,0.07255757
Itpka,406,0.58184725,0.044123296,0.8423709,0.1943927,0.6951371,2.6544394,0.53772396,0.64797825,1.9593024
Itpr1,1462,0.61245763,0.031628914,0.79832727,0.15912157,0.63891584,2.511465,0.5808287,0.6392057,1.8725493
Jam3,1696,0.2998898,0.04973193,0.60067326,0.4058713,0.5283479,0.6888802,0.25015786,0.19480196,0.1605323
Jdp2,1631,0.282192,0.04470611,0.62144107,0.17797168,0.5385676,1.4648408,0.23748589,0.4434694,0.92627317
Josd2,1813,0.33039492,0.004362725,0.5543468,0.10594087,0.6424177,1.8637486,0.3260322,0.44840592,1.2213309
Jun,1254,-0.011972926,-0.0060510784,0.0,0.11131794,0.68247753,1.5771341,-0.005921847,-0.11131794,0.8946566
Junb,1056,0.29858372,-0.0051556183,0.60531265,0.103598885,0.63971585,1.7752361,0.30373934,0.50171375,1.1355202
Kalrn,599,0.6558313,0.04243219,0.8149045,0.1767114,0.5918932,2.5185094,0.6133991,0.63819313,1.9266162
Kcna5,1806,0.3994529,0.105591394,0.6583474,0.56532186,0.29760444,0.32670978,0.2938615,0.093025565,0.029105335
Kcnab1,416,0.57415986,0.10177315,0.6854715,0.28709972,0.6498647,1.2864779,0.47238672,0.39837176,0.63661325
Kcnab2,1484,0.5271655,0.010306695,0.70102376,0.12180346,0.6227446,2.3093112,0.51685876,0.5792203,1.6865666
Kcnab3,223,0.34102777,0.14630002,0.71592313,0.62733656,0.5738046,0.62960243,0.19472775,0.08858657,0.055797815
Kcnc1,1000,0.49649766,0.034843735,0.6938732,0.18304549,0.634759,1.7228149,0.46165392,0.5108277,1.0880558
Kcnc2,485,0.55925035,0.039671525,0.72137827,0.3289867,0.60033506,1.1362803,0.5195788,0.39239156,0.53594524
Kcnc3,1400,0.2219897,0.22670217,0.59971976,0.5892677,0.5628037,0.57557344,-0.0047124624,0.010452092,0.012769759
Kcnc4,1441,0.47455534,0.058255002,0.6275268,0.27931985,0.5430431,0.891695,0.41630036,0.34820697,0.34865195
Kcnf1,851,0.44599354,0.026539752,0.6950026,0.1551369,0.5657634,1.8745607,0.4194538,0.53986573,1.3087974
Kcng1,1638,0.16230583,0.18443656,0.65137744,0.6314042,0.3749001,0.38047448,-0.022130728,0.019973218,0.0055743754
Kcng2,1539,0.11341757,0.08389703,0.6195007,0.6039646,0.31363806,0.3195439,0.029520541,0.01553607,0.005905837
Kcng4,342,0.02814438,0.08343602,0.0,0.601461,0.33074453,0.26786137,-0.055291638,-0.601461,-0.06288317
Kcnh3,1055,0.56802267,0.079048246,0.81778955,0.24708599,0.54075,1.9474417,0.48897442,0.57070357,1.4066917
Kcnh7,1116,-0.050596226,0.2564494,0.0,0.6586525,0.67566514,0.5186185,-0.30704564,-0.6586525,-0.15704662
Kcnip1,609,0.36857042,0.13484044,0.66979796,0.5877199,0.5100695,0.568802,0.23372997,0.08207804,0.05873251
Kcnip2,573,0.5374734,0.06009258,0.72486234,0.18340345,0.6767133,2.2082753,0.4773808,0.5414589,1.5315621
Kcnip3,1800,0.4170104,0.07279424,0.64599603,0.24982457,0.56749225,1.1285447,0.34421617,0.39617145,0.56105244
Kcnip4,1670,0.4115056,0.32929048,0.62927073,0.5802448,0.57405066,0.6148808,0.08221513,0.049025953,0.040830135
Kcnj10,1851,0.45380262,0.0060852966,0.68488425,0.15895857,0.6645712,1.9936298,0.4477173,0.5259257,1.3290586
Kcnj3,1692,0.47604227,0.031173145,0.6800392,0.17474593,0.5279408,1.7446054,0.44486913,0.5052933,1.2166646
Kcnj4,667,0.6382398,0.080516204,0.8129671,0.2548128,0.5362408,1.6714872,0.5577236,0.55815434,1.1352464
Kcnj9,1469,0.48613653,0.13373421,0.70657873,0.49165642,0.535688,0.7502742,0.35240233,0.21492231,0.2145862
Kcnk2,1409,0.36286184,0.17646344,0.6010635,0.5168008,0.5426318,0.5917993,0.1863984,0.08426267,0.049167514
Kcnk9,1768,0.36401245,0.2062738,0.6136353,0.5374861,0.49364206,0.5301062,0.15773866,0.076149225,0.036464125
Kcnma1,1007,0.4140859,0.060477953,0.63421804,0.25821033,0.5488985,1.1115241,0.35360795,0.3760077,0.5626256
Kcnmb4,1509,0.34289864,0.008606369,0.64964247,0.15430163,0.6022113,1.8776474,0.33429226,0.49534082,1.2754362
Kcnq5,1665,0.4195974,0.29988384,0.7004618,0.64507216,0.51090485,0.5555723,0.119713545,0.055389643,0.044667423
Kcns1,1887,0.21747978,0.15163974,0.6488705,0.617507,0.36130694,0.37627754,0.065840036,0.031363547,0.014970601
Kcnv1,834,0.5088369,0.09889022,0.7655669,0.34886718,0.46087277,1.0789363,0.4099467,0.4166997,0.61806357
Kctd1,1776,0.43971744,0.04894763,0.6853752,0.20437855,0.5488248,1.4801712,0.3907698,0.48099667,0.9313464
Kctd4,905,0.11180649,0.13280551,0.58190304,0.55879325,0.42329952,0.42437604,-0.020999022,0.023109794,0.0010765195
Kctd8,1402,0.2462055,0.11177514,0.62128097,0.5805131,0.35147306,0.36615324,0.13443035,0.04076785,0.014680177
Khdrbs3,1276,0.4851996,-0.0043380647,0.70629185,0.10334668,0.6040694,2.463809,0.48953766,0.60294515,1.8597395
Kit,1379,0.13682185,0.06306471,0.6160936,0.5919936,0.41064644,0.42408037,0.07375714,0.024100006,0.013433933
Kitl,1203,0.236049,0.1334333,0.6374488,0.6072583,0.5472121,0.56567186,0.1026157,0.030190468,0.018459737
Kl,12,0.46402764,0.10589236,0.69465655,0.48236105,0.315988,0.42462412,0.35813528,0.2122955,0.10863611
Klhdc8a,1407,0.33166352,0.11534605,0.6418181,0.5723358,0.45985094,0.49922225,0.21631747,0.06948233,0.03937131
Klhl13,1016,0.5509235,0.16128762,0.7190519,0.5512662,0.5209803,0.6299956,0.38963592,0.1677857,0.109015286
Klk6,114,0.3295724,0.33986917,0.49857926,0.47954026,0.6583279,0.6673251,-0.010296762,0.019039005,0.008997202
Klk8,892,-0.028902417,0.08895105,0.0,0.46108118,0.32853803,0.2952128,-0.11785347,-0.46108118,-0.033325225
Kndc1,1501,0.44919464,0.0843524,0.6211981,0.46894833,0.59727615,0.70955163,0.36484224,0.15224978,0.11227548
Krt12,824,0.38791335,0.24676044,0.7177661,0.6700806,0.439141,0.47943935,0.1411529,0.047685504,0.040298343
Ksr1,1937,-0.015436236,0.12694266,0.0,0.5284951,0.5588064,0.47900972,-0.1423789,-0.5284951,-0.0797967
Lamb3,1938,0.1456055,0.050547708,0.69833606,0.6959755,0.14810452,0.14963348,0.0950578,0.0023605824,0.0015289634
Lamc2,1987,0.15559168,0.17537864,0.57627887,0.56032765,0.27077654,0.2663029,-0.019786954,0.015951216,-0.0044736266
Lamp5,174,0.23520227,0.055926293,0.75085324,0.2434752,0.89617807,2.5180945,0.17927597,0.50737804,1.6219165
Laptm5,1330,0.13330233,0.08779272,0.39453077,0.15660997,0.8198183,1.475418,0.045509614,0.2379208,0.65559965
Lats2,1928,0.087409325,0.026168304,0.57928985,0.5478743,0.42498925,0.44254693,0.061241023,0.03141558,0.01755768
Lbhd2,112,0.47794977,0.07114813,0.7950222,0.71235204,0.3954564,0.4790717,0.40680164,0.08267015,0.0836153
Lbp,71,0.5795384,0.18008246,0.76154846,0.5349613,0.28995293,0.40722394,0.39945596,0.22658718,0.117271006
Lcp1,1094,0.17394666,0.112278365,0.27920786,0.13237786,0.5590971,1.0784771,0.0616683,0.14682999,0.51938003
Ldb2,1327,0.17691082,0.15720181,0.5902056,0.58217317,0.46472463,0.4733472,0.019709006,0.008032441,0.008622557
Lef1,663,0.43345213,0.12493249,0.748908,0.673253,0.31174493,0.34894276,0.30851963,0.07565498,0.03719783
Lefty1,252,-0.0027572783,0.07079197,0.0,0.5605137,0.26863697,0.22458713,-0.07354925,-0.5605137,-0.044049844
Lgals1,86,0.31698424,0.21738975,0.2901148,0.21398999,1.096972,2.386414,0.09959449,0.0761248,1.2894421
Lgals3bp,408,0.1385164,0.06851236,0.42124864,0.17356358,0.8563768,1.2028431,0.07000404,0.24768506,0.34646624
Lgals9,1433,0.13203828,0.12622714,0.3731945,0.26499823,0.5465727,0.6176046,0.00581114,0.10819626,0.07103193
Lgi2,913,0.25543213,0.16364768,0.59428287,0.5469306,0.5504356,0.5834087,0.09178445,0.047352254,0.03297311
Lgmn,927,0.13663493,0.08857814,0.40696505,0.1296372,0.8516228,2.2511697,0.04805679,0.27732784,1.3995469
Lhx2,1570,0.2673606,0.041876744,0.6909421,0.27075848,0.5152913,1.2338179,0.22548385,0.42018363,0.71852666
Lhx6,1464,0.25369892,0.073056765,0.635329,0.58602244,0.3412706,0.3580638,0.18064216,0.04930657,0.016793191
Lhx8,649,0.23688702,0.100042425,0.71565986,0.6574851,0.27493477,0.27722657,0.1368446,0.05817473,0.0022917986
Lhx9,476,0.21466981,0.12274078,0.7150049,0.66778785,0.25482094,0.25502002,0.091929026,0.04721707,0.00019907951
Limd2,898,0.3837733,0.013993993,0.6264093,0.098748446,0.6146013,2.111907,0.3697793,0.52766085,1.4973056
Lingo1,387,0.6257103,0.038606614,0.8263542,0.19170243,0.68378305,2.5813885,0.5871037,0.6346518,1.8976054
Lingo3,854,0.5123399,0.16728474,0.6603496,0.5029525,0.49986586,0.58907413,0.34505516,0.15739709,0.089208275
Litaf,614,0.3827343,0.14583409,0.62647754,0.31564644,0.62805945,1.1513101,0.23690021,0.3108311,0.52325064
Lmo1,864,-0.0058930577,0.11043767,0.0,0.5762389,0.5665906,0.46281883,-0.11633073,-0.5762389,-0.103771776
Lmo3,167,0.42930666,0.047724545,0.6960668,0.17433637,0.6683758,2.1181679,0.3815821,0.5217304,1.4497921
Lmo4,479,0.49205807,0.007754307,0.7581987,0.11910001,0.68675095,2.6192334,0.48430377,0.63909864,1.9324825
Lmo7,1241,0.4571902,0.22358511,0.68753165,0.58548325,0.47099808,0.52727693,0.23360507,0.1020484,0.056278855
Loxl1,1966,0.23280221,0.18300873,0.49940336,0.4434816,0.2597087,0.2779157,0.04979348,0.055921763,0.018206984
Lpar1,711,0.42684498,0.15305789,0.6535588,0.54935646,0.5181612,0.60583127,0.27378708,0.10420233,0.08767009
Lpl,1113,0.3138902,0.03965135,0.54183835,0.42957234,0.5000119,0.52780914,0.27423882,0.112266004,0.027797222
Lrg1,841,0.18104978,0.081574865,0.6490894,0.60416836,0.2540311,0.26956472,0.099474914,0.04492104,0.015533626
Lrrc10b,208,0.52381593,0.085947365,0.67053723,0.4585422,0.59370536,0.71886426,0.43786857,0.21199504,0.1251589
Lrrc17,743,0.14042784,-0.05377171,0.0,0.10603329,1.2251593,2.6647723,0.19419955,-0.10603329,1.439613
Lrrc55,99,0.13678731,0.08158423,0.6254737,0.61788356,0.40008876,0.3944877,0.05520308,0.007590115,-0.0056010485
Lrrn2,1574,0.34291053,0.032681957,0.5651782,0.18110202,0.62320834,1.340799,0.3102286,0.38407618,0.71759063
Lrrtm1,1067,0.35646453,0.29002255,0.6460078,0.60307723,0.6003642,0.6327938,0.06644198,0.042930543,0.032429576
Ltc4s,1729,0.16013092,0.01769667,0.49669084,0.42000678,0.5082998,0.5180024,0.14243425,0.07668406,0.009702563
Lum,288,0.3298923,0.17636597,0.5750379,0.40467015,0.31058517,0.41460717,0.15352634,0.17036775,0.104021996
Lurap1l,1999,0.24781269,0.12988861,0.60142064,0.5492187,0.39790738,0.41893753,0.11792408,0.052201927,0.021030158
Ly6a,761,0.2511899,-0.0035303214,0.5560632,0.10165053,0.6882321,2.100266,0.2547202,0.45441264,1.4120338
Ly6e,1666,0.39525232,0.0025792331,0.55946463,0.069353275,0.644171,2.5348802,0.39267308,0.49011135,1.8907092
Ly86,418,0.16711481,0.08015378,0.4043553,0.16628282,0.815574,1.2959503,0.08696103,0.23807247,0.4803763
Lynx1,1368,0.40615162,0.014058656,0.65317607,0.13354333,0.65018225,2.2107537,0.39209297,0.51963276,1.5605714
Lypd1,253,0.27691206,0.17470582,0.6770355,0.56491596,0.6677962,0.72561026,0.102206245,0.112119555,0.05781406
Lypd6,1684,0.123852886,0.1440965,0.6271641,0.61384064,0.38403508,0.3875432,-0.020243607,0.013323486,0.0035081208
Lypd6b,1143,0.17051291,0.13691056,0.65017873,0.63255525,0.34637642,0.35304108,0.033602357,0.017623484,0.0066646636
Lyz2,14,0.29409924,0.28220752,0.2925305,0.29879555,1.0733577,1.9554244,0.011891723,-0.006265044,0.8820667
Lzts1,1712,0.44656214,0.17623658,0.6936326,0.5175172,0.55610406,0.69183415,0.27032554,0.1761154,0.13573009
Lzts3,1243,0.54163694,0.12119595,0.7177496,0.38634717,0.57531565,0.9642647,0.420441,0.33140242,0.38894904
Mag,98,0.68381065,0.07483225,0.78614694,0.2681822,0.6875674,1.9290239,0.6089784,0.5179647,1.2414565
Magel2,676,0.4827009,0.091049336,0.7672968,0.6822359,0.24470513,0.28283128,0.39165157,0.085060894,0.038126156
Mal2,1743,0.4497955,0.054992903,0.7159186,0.17279983,0.6112314,2.1833432,0.3948026,0.5431188,1.5721118
Maob,1507,-0.054333154,0.046139788,0.0,0.6085461,0.54087085,0.4312438,-0.10047294,-0.6085461,-0.10962704
Map2k1,1440,0.60295874,0.016594931,0.70875853,0.06007548,0.5767872,2.5004926,0.5863638,0.6486831,1.9237053
Marcksl1,720,0.29703197,-0.023189558,0.6074874,0.07655843,0.7042511,2.525718,0.3202215,0.53092897,1.8214669
Mas1,1259,0.31555483,0.17206354,0.65881175,0.60663193,0.28747427,0.30311093,0.14349128,0.052179813,0.015636653
Matn2,1021,0.14317425,-0.0052399472,0.55283695,0.5030914,0.43541303,0.44433758,0.1484142,0.04974556,0.008924544
Mb21d2,1895,0.2645906,0.18669689,0.604948,0.5856068,0.5035331,0.5183428,0.077893704,0.01934117,0.014809668
Mctp1,832,0.5303102,0.13717836,0.6987949,0.53129494,0.5089918,0.6057335,0.39313185,0.16749996,0.096741736
Mdfic,1930,0.22654624,0.19793431,0.44289175,0.39906332,0.28292122,0.29544473,0.028611928,0.043828428,0.012523502
Medag,1780,0.31159237,0.11744153,0.68024445,0.62331325,0.36401108,0.3897617,0.19415084,0.056931198,0.025750607
Mef2c,385,0.5582615,0.02076101,0.8287463,0.1717387,0.7129937,2.6710656,0.5375005,0.65700763,1.958072
Megf11,1908,0.12876211,0.053076606,0.55562496,0.5272106,0.36752614,0.37808737,0.0756855,0.028414369,0.010561228
Meig1,715,0.42182457,0.022696054,0.7438121,0.64706105,0.26013568,0.30825472,0.39912853,0.096751034,0.04811904
Meis2,349,0.6581462,0.066948086,0.7832101,0.30217063,0.6237923,1.4109554,0.5911981,0.48103946,0.78716314
Mgp,22,0.3946352,0.07179234,0.7458291,0.29295185,0.783351,2.2833068,0.32284287,0.45287725,1.4999559
Mgst3,1757,0.4820069,-4.327043e-05,0.6688195,0.09700032,0.7139745,2.562184,0.48205018,0.5718192,1.8482096
Mia,130,0.5640908,0.09867405,0.81084377,0.6616054,0.27994472,0.38213047,0.46541673,0.14923835,0.102185756
Miat,1333,0.5172153,0.03723892,0.67503166,0.20809244,0.54063493,1.2936054,0.4799764,0.4669392,0.7529705
Mical2,600,0.55012804,0.015015234,0.78946537,0.17259407,0.6017074,2.1716597,0.5351128,0.6168713,1.5699522
Minar2,495,0.5215748,0.17796962,0.7507725,0.613863,0.5124094,0.62311065,0.34360516,0.13690948,0.11070126
Mlip,1250,0.4010444,0.2728584,0.7207276,0.6620397,0.39317885,0.4267281,0.12818599,0.058687925,0.03354925
Mmd,1226,0.54105896,-0.003251088,0.73173636,0.08768385,0.6061365,2.5413613,0.54431003,0.6440525,1.9352248
Mme,1809,0.35067448,0.062356904,0.5782663,0.49434948,0.3159819,0.34117222,0.28831756,0.08391684,0.025190324
Mmp17,943,0.5805058,0.024610927,0.76564234,0.15528736,0.57357657,2.1732213,0.55589485,0.610355,1.5996448
Mog,142,0.67262936,0.08289282,0.78085214,0.3337307,0.63994753,1.4490719,0.5897365,0.44712144,0.80912435
Moxd1,1478,0.09203339,0.062249627,0.53333133,0.49334422,0.27588922,0.29051268,0.029783767,0.039987117,0.014623463
Mpeg1,399,0.07164675,0.13759236,0.0,0.16588657,0.8971781,1.6212349,-0.06594561,-0.16588657,0.7240568
Mpp3,1731,0.36012784,0.2304274,0.6365848,0.5870058,0.46430662,0.4965879,0.12970044,0.049579024,0.03228128
Mpped1,665,0.47132897,0.049554568,0.761699,0.21562898,0.6029269,1.9226383,0.42177442,0.54607004,1.3197114
Mrap2,1473,0.412136,0.106216885,0.71739125,0.6252448,0.32804534,0.36350152,0.3059191,0.092146456,0.03545618
Mrc2,1779,0.23696446,0.0857465,0.6955819,0.64870095,0.24227548,0.26298073,0.15121797,0.04688096,0.020705253
Mrps6,1089,0.12104499,0.017397009,0.46026966,0.06957048,0.7014866,2.3904893,0.103647985,0.39069918,1.6890028
Mrtfb,1922,0.60452354,0.04234458,0.74113375,0.119223826,0.5763074,2.3468523,0.56217897,0.6219099,1.7705449
Msn,1008,0.27067575,0.13361996,0.42209136,0.21795614,0.5964351,0.9432823,0.13705578,0.20413522,0.34684718
Msx1,164,0.44733176,0.11983472,0.7462136,0.6057977,0.24429314,0.30480316,0.32749704,0.1404159,0.060510024
Mtfp1,1637,0.4845221,0.013772187,0.6361944,0.12038201,0.54923195,1.8495356,0.4707499,0.5158124,1.3003037
Myh11,550,0.25769725,-0.010457865,0.76455384,0.756327,0.22138993,0.22818065,0.26815513,0.0082268715,0.0067907125
Myh7,1211,0.29904982,0.14911321,0.6838047,0.63176703,0.39161658,0.42081025,0.14993662,0.052037656,0.02919367
Myl4,222,-0.05978663,0.0043729264,0.0,0.33888876,0.7694513,1.2153777,-0.06415956,-0.33888876,0.44592637
Myl9,544,0.27985176,0.076528445,0.6913652,0.63665015,0.48106405,0.5396785,0.20332332,0.054715037,0.058614463
Myo16,1258,0.1384667,0.1228613,0.5666602,0.5747292,0.3992764,0.39267716,0.0156053975,-0.008068979,-0.0065992475
Myo5b,1175,0.34747133,0.11207997,0.6442211,0.561341,0.43532476,0.4735979,0.23539135,0.08288014,0.038273156
Myoc,33,0.29297623,0.029479569,0.8280206,0.8085189,0.428207,0.47498062,0.26349667,0.019501686,0.046773612
Myrf,650,0.47562513,0.1850884,0.6674812,0.53612715,0.5236624,0.62838477,0.29053673,0.13135403,0.10472238
Napb,1085,0.616329,0.009716147,0.7281067,0.07541055,0.58961457,2.4947233,0.60661286,0.65269613,1.9051087
Nat8l,1667,0.5062435,0.04476728,0.70418197,0.15055412,0.63735276,2.2697842,0.46147624,0.55362785,1.6324315
Nbl1,554,0.2216065,-0.012199265,0.67162013,0.21312286,0.6021793,1.642254,0.23380576,0.4584973,1.0400747
Ncald,696,0.6296892,-0.013986923,0.75289804,0.105887465,0.64689547,2.6194744,0.64367616,0.64701056,1.972579
Ndnf,887,0.022069441,-0.016721653,0.6742296,0.6807642,0.36137947,0.33601013,0.038791094,-0.0065345764,-0.025369346
Ndrg1,376,0.48874053,0.07740219,0.68495893,0.33728614,0.6468405,1.1283963,0.41133833,0.3476728,0.48155576
Ndst4,1199,0.1314145,0.10100829,0.64629215,0.63366646,0.246436,0.24782963,0.030406214,0.012625694,0.0013936311
Neat1,560,0.28212243,0.10251388,0.5382872,0.24383481,0.65172666,1.1805178,0.17960855,0.29445243,0.5287911
Necab1,555,0.299721,0.26816306,0.63198465,0.5949575,0.62531304,0.65619636,0.031557947,0.03702718,0.030883312
Necab2,159,0.5116614,0.22945748,0.71065086,0.5650552,0.6936979,0.83704966,0.2822039,0.14559567,0.14335173
Necab3,305,0.4343226,0.06017554,0.704115,0.28607938,0.579868,1.3864875,0.37414706,0.4180356,0.80661947
Nefh,395,0.519293,0.20162743,0.711312,0.577303,0.5734782,0.6864054,0.31766558,0.134009,0.1129272
Nefl,970,0.5804648,0.01864877,0.72532064,0.12105856,0.66368455,2.507319,0.56181604,0.60426205,1.8436344
Nefm,548,0.39177004,0.052247677,0.6717922,0.19352387,0.7376868,2.2172956,0.33952236,0.47826833,1.4796088
Negr1,1901,0.36024514,0.043263987,0.6797702,0.13191597,0.6455076,2.2426484,0.31698114,0.5478542,1.5971408
Nell1,911,0.40308142,0.25494653,0.6727784,0.60894376,0.5203606,0.56764203,0.14813489,0.06383467,0.047281444
Nell2,570,0.5863491,-0.004623243,0.76866454,0.13890772,0.6563871,2.5333047,0.59097236,0.6297568,1.8769176
Nes,575,0.12685551,0.23289292,0.2767447,0.288618,0.46829727,0.5285549,-0.10603741,-0.011873305,0.060257643
Neto1,1799,0.4842931,0.05376451,0.6966894,0.26072773,0.5456982,1.1772362,0.43052858,0.4359617,0.631538
Neurod1,1360,0.37377325,0.19857608,0.66599995,0.6033671,0.2740799,0.29451326,0.17519717,0.06263286,0.020433366
Neurod2,381,0.5953105,0.08420318,0.78930956,0.4862558,0.46420965,0.7669203,0.5111073,0.30305377,0.30271068
Neurod6,137,-0.073975004,0.0010465749,0.0,0.3215183,0.8226599,1.2867314,-0.07502158,-0.3215183,0.46407145
Nexn,1445,0.3855578,0.09582975,0.64498264,0.5640239,0.33176073,0.3648577,0.28972805,0.080958724,0.03309697
Nfam1,1848,-0.014878128,0.11347494,0.0,0.4322571,0.31182504,0.28391045,-0.12835307,-0.4322571,-0.027914584
Nfasc,1273,0.26843718,-0.020562677,0.5407452,0.07159573,0.6472556,2.4311976,0.28899986,0.46914947,1.783942
Nfix,1814,0.16702051,0.0032914479,0.62970597,0.16353758,0.6296222,1.5206877,0.16372907,0.4661684,0.8910655
Nfkb2,384,0.23090513,0.08095085,0.6552263,0.6219318,0.510858,0.5497998,0.14995429,0.0332945,0.0389418
Ngb,232,0.5724874,0.10559195,0.8462886,0.7501542,0.3342277,0.43216553,0.46689546,0.096134424,0.09793782
Ngef,782,0.70474046,0.05389124,0.832578,0.16596444,0.628689,2.548333,0.6508492,0.6666136,1.9196439
Nkx2-1,1383,0.17408323,0.041978836,0.70111275,0.6947739,0.21106625,0.2118424,0.1321044,0.0063388348,0.0007761568
Nkx6-2,571,0.49295685,0.17981005,0.73389095,0.6219907,0.5027922,0.6057793,0.3131468,0.11190027,0.10298711
Nlk,1277,0.44735458,0.04316698,0.690103,0.14837122,0.5434634,1.9303913,0.40418762,0.5417318,1.3869278
Nme7,218,0.24072771,0.028650954,0.5808699,0.17557545,0.76868325,1.8989531,0.21207675,0.40529448,1.1302698
Nmral1,1292,0.30296966,0.13946337,0.60997057,0.5568176,0.48889682,0.54116213,0.1635063,0.05315298,0.052265316
Nnat,67,0.5729048,-0.013567117,0.8404644,0.23334436,0.8265987,2.5924306,0.5864719,0.60712004,1.765832
Nos1,598,0.28435194,0.11621072,0.6268482,0.56849223,0.39465526,0.4139941,0.16814122,0.058355987,0.019338846
Npas4,1529,0.11556513,0.13081768,0.6043049,0.598092,0.38275155,0.37744197,-0.015252553,0.00621289,-0.0053095818
Npnt,1480,0.03002747,0.004953891,0.0,0.52006626,0.4249471,0.36856782,0.025073579,-0.52006626,-0.05637929
Npr1,1710,0.20470901,0.029200194,0.6312207,0.6062767,0.17396753,0.17983429,0.17550881,0.024944007,0.005866766
Nptx1,267,0.6896015,-0.004033928,0.81306165,0.14341398,0.63324124,2.577756,0.6936354,0.6696477,1.9445148
Nptx2,317,0.40450487,0.021617712,0.6612459,0.20169534,0.54977125,1.3494991,0.38288715,0.45955056,0.79972786
Npy,43,0.16728073,0.028004503,0.7878914,0.25045496,0.9734757,2.6372118,0.13927624,0.5374364,1.6637361
Npy2r,705,0.2502357,0.10542192,0.64045256,0.597953,0.29638672,0.31012893,0.14481378,0.042499542,0.0137422085
Nr2f1,1471,0.42969203,0.026978636,0.646486,0.22039692,0.5783592,1.5701135,0.4027134,0.42608905,0.99175435
Nr2f2,402,0.21149309,0.05196114,0.6562012,0.584969,0.55634594,0.58215,0.15953195,0.0712322,0.025804043
Nr3c2,1207,-0.017888568,0.1214135,0.0,0.55173653,0.5283484,0.44530988,-0.13930207,-0.55173653,-0.08303851
Nr4a1,585,0.4685692,0.03342368,0.6826029,0.1809914,0.6611252,1.5816151,0.4351455,0.5016115,0.9204899
Nr4a2,107,-0.026885107,0.20980704,0.0,0.6652402,0.67241925,0.5241611,-0.23669215,-0.6652402,-0.14825815
Nr4a3,1074,0.19115447,0.14977993,0.62159187,0.5987992,0.3897439,0.4080188,0.041374534,0.022792637,0.018274903
Nrep,730,0.24790914,0.032811295,0.58400685,0.40928042,0.5834318,0.73504,0.21509784,0.17472643,0.15160823
Nrip3,453,0.48778483,0.26413876,0.69362193,0.5804489,0.6112514,0.7051478,0.22364607,0.11317301,0.09389639
Nrn1,278,0.68871015,0.02009724,0.8275663,0.19733067,0.63304645,2.6284964,0.6686129,0.6302357,1.99545
Nrp2,863,-0.0069633,-0.012212426,0.0,0.54234236,0.56572556,0.48294368,0.0052491263,-0.54234236,-0.08278188
Nrsn2,480,0.6458208,0.16651984,0.8122468,0.44396544,0.6544369,1.1098547,0.47930098,0.36828136,0.4554178
Nrxn1,1985,0.5383104,0.023180543,0.6906164,0.11578194,0.6093018,2.329646,0.51512986,0.57483447,1.7203443
Nrxn3,1976,0.4166161,0.019488847,0.5902806,0.07972169,0.6232323,2.0916874,0.39712727,0.5105589,1.4684551
Nsmf,431,0.5399113,-0.017646296,0.70865697,0.1426492,0.67435294,2.375402,0.55755764,0.56600773,1.7010491
Nt5dc3,915,0.3713028,0.27471328,0.6277067,0.551106,0.6003869,0.63444215,0.096589535,0.07660073,0.034055233
Ntng1,128,0.5040977,0.20644826,0.79288405,0.69175917,0.5369312,0.6553595,0.29764944,0.10112488,0.11842829
Ntrk1,335,0.017532947,0.081104286,0.0,0.62018126,0.30691862,0.24182852,-0.06357134,-0.62018126,-0.065090105
Nts,69,0.33447766,0.13381448,0.7505513,0.6710202,0.5156211,0.57297784,0.20066318,0.07953107,0.057356715
Numbl,1885,0.45159173,0.057369664,0.64646816,0.23416239,0.5202298,1.069588,0.39422208,0.41230577,0.5493581
Nupr1,672,0.21538974,-0.0017549997,0.63075024,0.26315957,0.47181916,0.89122134,0.21714474,0.36759067,0.41940218
Nwd2,101,0.051030297,0.22703551,0.0,0.64230996,0.5632639,0.44481805,-0.17600521,-0.64230996,-0.11844584
Nxph1,1530,0.23185815,0.15702473,0.59587413,0.56972426,0.47248873,0.49399462,0.07483342,0.026149869,0.021505892
Nxph3,522,0.35312036,0.045449425,0.684192,0.604091,0.36460114,0.4059987,0.30767092,0.08010101,0.04139757
Nxph4,491,0.20698671,0.04595017,0.640226,0.60685104,0.311156,0.32354644,0.16103654,0.033374965,0.012390435
Oasl2,1644,0.10077522,0.1791491,0.3649168,0.34756014,0.38243684,0.38007903,-0.07837389,0.017356664,-0.0023578107
Ociad2,1517,0.42676976,0.044200182,0.6822738,0.23807855,0.5844355,1.3975378,0.38256958,0.44419527,0.8131023
Ogfrl1,1542,0.410434,0.027468761,0.6321948,0.20206495,0.605556,1.4492878,0.38296524,0.4301299,0.84373176
Ogn,176,0.3850647,0.07008728,0.83021384,0.7084227,0.2430631,0.33257946,0.3149774,0.121791124,0.08951636
Oip5os1,1010,0.5076061,-0.014864343,0.6857576,0.08477792,0.6119096,2.5786724,0.5224704,0.6009797,1.9667628
Olfm2,1052,0.3965776,0.021331703,0.6681449,0.13556047,0.62468636,2.165603,0.3752459,0.5325844,1.5409166
Olfm3,1633,0.13687645,0.21570098,0.584162,0.5763839,0.532401,0.5249031,-0.078824535,0.007778108,-0.0074979067
Olfml2b,728,-0.002071386,0.059903547,0.0,0.5102529,0.3391789,0.29490817,-0.06197493,-0.5102529,-0.044270724
Olfml3,944,0.16111739,0.046229232,0.44847512,0.15223452,0.7288229,1.2264146,0.11488816,0.2962406,0.49759167
Olig1,772,0.494398,0.040843934,0.68642515,0.15383594,0.6606549,2.4055555,0.45355406,0.5325892,1.7449006
Opalin,187,0.5347782,0.18510048,0.74527234,0.63413674,0.59403354,0.7197687,0.34967768,0.1111356,0.12573516
Oprk1,1561,0.20163943,0.1473828,0.63151,0.60488886,0.30551764,0.31075305,0.054256633,0.026621163,0.005235404
Orai2,862,0.17479885,0.20693515,0.58613914,0.5576613,0.5521628,0.55006486,-0.032136306,0.028477848,-0.0020979643
Osbp2,1742,0.3713208,0.073186755,0.6569374,0.23063402,0.55012673,1.399774,0.29813406,0.4263034,0.8496472
Osbpl1a,978,0.37296116,-0.0021607692,0.6953099,0.111919224,0.7057417,2.6001432,0.37512192,0.58339065,1.8944016
Otof,636,0.21674655,0.15033984,0.6859353,0.6864705,0.32530954,0.32263654,0.06640671,-0.0005351901,-0.002673
Otp,133,0.23356737,0.10045477,0.6771717,0.56717163,0.28319967,0.2913158,0.13311261,0.110000074,0.008116126
Otx2,169,0.4922905,0.08084752,0.73769027,0.59763736,0.18303399,0.22657366,0.411443,0.14005291,0.043539673
Ovol2,1724,0.1661039,0.14223947,0.6961355,0.65538937,0.26757964,0.26688728,0.023864433,0.040746152,-0.00069236755
Oxt,1,0.17216456,-0.086287834,-0.09658531,0.0052077803,0.9504326,3.1070662,0.2584524,-0.10179309,2.1566336
Pacs2,525,0.50027823,0.005109252,0.6603771,0.1865843,0.6402156,1.7099072,0.49516898,0.4737928,1.0696917
Padi2,1893,0.28315008,0.11501277,0.6184623,0.56799525,0.413079,0.44546106,0.16813731,0.050467074,0.03238207
Pafah1b3,1965,0.27945647,0.016680826,0.65324694,0.5826117,0.444157,0.48081097,0.26277563,0.07063526,0.036653966
Pak1,1350,0.5373897,0.0070705856,0.68413395,0.076238535,0.6220383,2.5436146,0.5303191,0.60789543,1.9215763
Pakap.1,1145,0.37258753,0.08740666,0.65566486,0.5566187,0.52342963,0.58411354,0.28518087,0.09904617,0.060683906
Pamr1,1282,0.2706745,0.1464534,0.6542782,0.6184055,0.39378858,0.41590866,0.1242211,0.035872698,0.022120088
Parm1,1218,0.31730208,0.094249226,0.6261815,0.5457532,0.51395744,0.56449383,0.22305286,0.0804283,0.050536394
Patj,336,0.45190966,0.20231031,0.74978024,0.66994697,0.40799364,0.46031198,0.24959935,0.07983327,0.052318335
Pbx3,1209,0.41522956,0.100992866,0.65748507,0.54527915,0.44727954,0.49671635,0.3142367,0.11220592,0.049436808
Pcbd1,545,0.48227012,0.1532198,0.78544873,0.7027631,0.42176077,0.4844793,0.3290503,0.08268565,0.06271854
Pcdh20,654,0.12083891,0.10393787,0.55825496,0.54364675,0.41026774,0.40582493,0.016901039,0.014608204,-0.004442811
Pcdh8,732,0.29008475,0.20391811,0.6372445,0.570743,0.5508936,0.5751557,0.086166635,0.0665015,0.02426207
Pcolce,311,0.35549772,0.122502975,0.6989735,0.5869716,0.33947626,0.4045591,0.23299474,0.112001896,0.06508285
Pcolce2,686,0.20387204,0.075686336,0.5427285,0.4798052,0.34568655,0.36878648,0.1281857,0.06292328,0.02309993
Pcp4l1,260,0.5125058,0.035577074,0.6177415,0.18092911,0.7645779,2.037231,0.47692877,0.4368124,1.2726531
Pcsk1,1847,0.25345144,0.14022113,0.5842239,0.5422929,0.37066635,0.39128122,0.1132303,0.041931033,0.020614862
Pcsk2,1342,0.49444607,0.019635355,0.7290415,0.14108278,0.67146015,2.5337093,0.47481072,0.58795875,1.8622491
Pcsk9,1856,-0.031208651,0.14326258,0.0,0.6439127,0.22368205,0.17155243,-0.17447123,-0.6439127,-0.05212961
Pde10a,70,0.7588342,0.040707305,0.7957024,0.15554927,0.6810034,2.3817234,0.7181269,0.6401531,1.7007201
Pde1a,627,-0.07083418,3.2391272e-06,0.0,0.12996843,0.90372515,2.3143213,-0.07083742,-0.12996843,1.4105961
Pde1b,163,0.7149326,0.031642154,0.7826376,0.13389051,0.66304034,2.4585433,0.6832905,0.6487471,1.7955029
Pde2a,840,0.6689794,0.033076104,0.7933213,0.12167448,0.60813504,2.517386,0.6359033,0.67164683,1.909251
Pdlim2,359,0.5343229,0.09995457,0.7189007,0.40158018,0.5933447,1.0156791,0.43436834,0.3173205,0.42233443
Pdp1,586,0.43829095,0.089200646,0.68819994,0.2954339,0.68059474,1.5032111,0.3490903,0.39276603,0.8226164
Pdpn,1102,0.17797248,0.21258807,0.40689254,0.3487275,0.51363254,0.57449526,-0.03461559,0.058165044,0.06086272
Pdyn,141,0.48126796,0.13713405,0.76110744,0.6250761,0.6239617,0.75146085,0.3441339,0.13603133,0.12749916
Pdzd2,1201,0.45404515,0.12400194,0.64162755,0.51580644,0.49536714,0.55907446,0.3300432,0.12582111,0.06370732
Pdzrn3,1374,0.045087676,0.14027941,0.0,0.57463723,0.45707545,0.38208637,-0.09519173,-0.57463723,-0.07498908
Peg10,1003,0.35842404,0.07486682,0.70974785,0.6380523,0.31826946,0.3473121,0.28355724,0.071695566,0.029042631
Peg3,968,0.62256265,0.024876356,0.76625925,0.15836705,0.60249186,1.68996,0.5976863,0.6078922,1.0874681
Pgbd5,1160,0.483904,0.032280754,0.6936765,0.13033223,0.5878349,2.1710908,0.45162326,0.56334424,1.583256
Pgm2l1,875,0.60675615,0.0011558171,0.7441146,0.11781218,0.5952956,2.5290198,0.60560036,0.6263024,1.9337242
Pgrmc1,1013,0.5982099,0.004307468,0.74379873,0.06977341,0.6148148,2.4910429,0.59390247,0.6740253,1.8762281
Phactr1,1005,0.6497073,0.038348116,0.77541256,0.119934656,0.6247508,2.4617543,0.6113592,0.6554779,1.8370035
Phlda3,1995,0.37187967,0.03489304,0.63966745,0.20652752,0.5868978,1.3183348,0.33698663,0.43313992,0.731437
Phldb1,768,0.4261248,0.0033443372,0.6347951,0.18154037,0.59921414,1.4274696,0.42278048,0.45325476,0.8282555
Phyhip,1581,0.5774724,0.08802054,0.73241097,0.23828454,0.5839958,1.3825659,0.48945186,0.49412644,0.79857004
Pid1,1916,0.20114367,0.064572655,0.5083336,0.46290192,0.5122587,0.5293008,0.13657102,0.045431703,0.0170421
Pip5k1b,1751,0.18841867,0.075455174,0.5819616,0.5458097,0.396566,0.41146243,0.1129635,0.036151886,0.014896423
Pip5k1c,1688,0.51920253,0.019870205,0.7423715,0.10626496,0.6013979,2.4991558,0.49933234,0.63610655,1.8977579
Pitpnm2,1169,0.48000646,0.02558759,0.7005415,0.11430166,0.58806974,2.1745713,0.45441887,0.5862398,1.5865016
Pkp2,1559,0.10187452,0.11453108,0.55182916,0.545664,0.3098443,0.30197036,-0.012656555,0.006165147,-0.007873923
Plaat3,1154,0.38024557,0.072561815,0.6191506,0.35203114,0.6013099,0.88534975,0.30768377,0.26711944,0.28403986
Plcb1,1639,0.5714774,0.05013837,0.7485226,0.13857661,0.5834135,2.4464962,0.52133906,0.60994595,1.8630828
Plcb4,497,0.4296068,0.19706924,0.72748,0.6304484,0.58745223,0.66126806,0.23253755,0.09703159,0.07381582
Plch2,582,0.38782874,0.27523005,0.64385617,0.59120077,0.5024035,0.5423404,0.11259869,0.0526554,0.0399369
Plcxd2,559,0.37454966,0.24714923,0.6460405,0.5823119,0.5504353,0.5902174,0.12740043,0.06372857,0.039782107
Pld4,1924,0.09911501,0.17225868,0.37018263,0.3371036,0.5587631,0.5416451,-0.07314367,0.033079028,-0.017117977
Pld5,1802,0.1721912,0.068909526,0.61087346,0.6080298,0.32428852,0.32844645,0.10328168,0.002843678,0.0041579306
Plekhg1,307,0.5265812,0.14852549,0.7540431,0.63419574,0.35885596,0.42963108,0.37805575,0.11984736,0.07077512
Plekhg3,1436,0.30610043,0.11193072,0.60001034,0.5225126,0.38236868,0.4296131,0.1941697,0.07749772,0.04724443
Plekhh1,629,0.44984356,0.16585189,0.6705,0.56518656,0.47824454,0.5628102,0.28399166,0.10531342,0.08456564
Plin2,140,0.21989138,0.26930392,0.22904716,0.28045478,0.7599392,1.333142,-0.049412534,-0.05140762,0.57320285
Plk2,764,0.6569181,0.026098816,0.79606897,0.15648128,0.6334779,2.3399456,0.6308193,0.6395877,1.7064676
Plk5,799,0.29728663,0.19997977,0.6538152,0.6199979,0.35035965,0.36848292,0.09730686,0.03381729,0.01812327
Pllp,292,0.5300742,0.07185374,0.70655304,0.3064523,0.6336898,1.3093297,0.45822042,0.40010074,0.6756399
Plppr1,1159,0.55122775,0.14771138,0.7067303,0.5291359,0.4061462,0.48933518,0.40351635,0.17759442,0.08318898
Plppr2,1695,0.5423352,0.02719626,0.7015795,0.116248585,0.56107754,2.0991464,0.5151389,0.5853309,1.5380688
Plppr4,997,0.60864824,0.040514912,0.744587,0.1314891,0.6004707,2.1846097,0.56813335,0.6130979,1.5841389
Pls3,1651,0.43550837,-0.008460526,0.6160287,0.10410691,0.59190726,1.9607898,0.4439689,0.5119218,1.3688825
Pltp,531,0.32523343,0.007924797,0.64861524,0.21689457,0.606754,1.3351579,0.31730863,0.43172067,0.72840387
Plxdc1,1571,0.28875932,0.15513757,0.6478053,0.6074094,0.44668046,0.47495076,0.13362175,0.040395856,0.028270304
Plxnb3,1905,0.27558547,0.121170044,0.6092991,0.5593266,0.38106743,0.41164616,0.15441543,0.049972534,0.030578732
Plxnd1,632,0.36380816,0.03936557,0.7000301,0.16501285,0.55,1.8858947,0.3244426,0.53501725,1.3358946
Pmch,2,0.10150918,0.0021812185,0.56961185,0.68153,0.9565711,1.7163496,0.09932797,-0.11191815,0.7597785
Pmp22,1458,0.27461472,0.06185757,0.592782,0.26642704,0.58928347,0.98016644,0.21275716,0.32635498,0.39088297
Pnck,514,0.5990032,0.25065306,0.77343196,0.595551,0.5673854,0.7341621,0.34835014,0.17788094,0.16677672
Pnmal2,833,0.59645516,0.022313362,0.73963064,0.08836352,0.642014,2.3109941,0.5741418,0.6512671,1.6689801
Pnoc,533,0.38255873,0.09854529,0.6974823,0.62760586,0.43386242,0.48716664,0.28401345,0.06987643,0.053304225
Podxl2,1106,0.63210255,0.01998812,0.7367713,0.093663104,0.6104776,2.2174935,0.6121144,0.6431082,1.6070158
Pomc,81,0.11523247,0.033168335,0.7326042,0.72715974,0.25844342,0.26861477,0.08206414,0.005444467,0.010171354
Pou3f1,756,0.03392603,0.10837295,0.0,0.5899655,0.6773475,0.5585644,-0.07444692,-0.5899655,-0.11878306
Ppfia2,1825,0.34892926,0.022835301,0.58888024,0.14057575,0.515349,1.447025,0.32609394,0.44830447,0.931676
Ppm1e,803,0.55391806,0.01999326,0.7067353,0.20435466,0.58626056,1.4804307,0.5339248,0.50238067,0.89417017
Ppp1r14a,227,0.56625295,0.12602264,0.7388031,0.4634634,0.63110447,0.99224067,0.4402303,0.2753397,0.3611362
Ppp1r1a,763,0.5164884,0.011338427,0.7535484,0.1392078,0.6800043,2.5430064,0.50514996,0.6143406,1.8630021
Ppp1r1b,58,0.7874592,0.046601534,0.8452048,0.1737767,0.74353486,2.6564033,0.74085766,0.6714281,1.9128685
Ppp1r2,532,0.49598095,0.0007098859,0.68166494,0.06450822,0.64680856,2.412134,0.49527106,0.61715674,1.7653253
Ppp1r9a,1982,0.5922391,0.045491558,0.709074,0.1152625,0.5956387,2.2202435,0.5467475,0.5938115,1.6246047
Prdm8,234,0.46499732,0.026006714,0.71750385,0.3367624,0.41318285,0.7910409,0.4389906,0.38074145,0.37785804
Prelp,434,0.40137878,0.04040708,0.7363264,0.6283336,0.3543673,0.42423546,0.3609717,0.10799277,0.06986818
Prkar2b,1931,0.40790287,0.1738985,0.6431923,0.5387537,0.53383803,0.590519,0.23400436,0.1044386,0.056680977
Prkca,601,0.36291155,0.032976214,0.6510172,0.1828603,0.5994108,1.6753955,0.32993534,0.46815687,1.0759847
Prkcb,1108,0.6211828,0.040127873,0.8020263,0.14136498,0.6497843,2.5296926,0.5810549,0.6606613,1.8799083
Prkce,1680,0.53643066,0.03548732,0.7038801,0.13180117,0.59029925,2.2530274,0.50094336,0.5720789,1.6627282
Prkcg,298,0.4962957,0.005506044,0.70500237,0.15409985,0.69338495,2.3732479,0.49078965,0.5509025,1.679863
Prkch,991,0.27437723,0.10232576,0.6548967,0.59952456,0.4332733,0.449066,0.17205146,0.05537212,0.015792727
Prkcq,657,0.16884302,0.034014072,0.6043928,0.5717583,0.32402062,0.33896828,0.13482894,0.032634556,0.014947653
Prlr,308,0.31700262,0.0459304,0.6873329,0.6039975,0.22616558,0.25000757,0.2710722,0.0833354,0.023841992
Prmt2,1204,0.5036691,0.06913297,0.7061207,0.43642154,0.56217986,0.77672243,0.4345361,0.2696992,0.21454257
Prox1,1075,0.2579545,0.10683566,0.6036881,0.5515158,0.36793414,0.38700387,0.15111884,0.052172303,0.019069731
Prr18,574,0.5224708,0.18420203,0.7015421,0.56534815,0.5686562,0.70577306,0.33826876,0.13619393,0.13711685
Prr5l,1839,0.29137734,0.17596786,0.59855914,0.54884046,0.37192765,0.4015878,0.11540948,0.049718678,0.029660165
Prss12,1377,0.3059721,0.10762781,0.6696682,0.6159272,0.31527644,0.33822814,0.19834429,0.05374098,0.022951692
Prss23,1229,0.21235351,-0.010738257,0.5763132,0.35756063,0.45614585,0.5867043,0.22309177,0.21875256,0.13055846
Psd,1449,0.5603015,0.041540407,0.8189633,0.16940236,0.6640575,2.5154305,0.5187611,0.6495609,1.851373
Ptgs2,1558,0.19843161,0.0809692,0.5488214,0.51115483,0.27205434,0.27647337,0.11746241,0.03766656,0.0044190288
Pthlh,1468,0.19427176,0.054014828,0.613298,0.5933101,0.22590645,0.23287766,0.14025693,0.019987881,0.0069712102
Ptk2b,463,0.6093884,0.023424385,0.79752415,0.16221578,0.662414,2.4769607,0.585964,0.6353084,1.8145466
Ptpn3,229,0.5035034,0.22755079,0.74170494,0.6230071,0.5314814,0.6317786,0.27595258,0.11869782,0.10029721
Ptpn4,501,0.45988345,0.23205757,0.69675183,0.5985207,0.5873063,0.6716816,0.22782588,0.09823114,0.08437526
Ptpn5,617,0.6486259,0.040450536,0.71792907,0.12310643,0.62999797,2.3334987,0.6081754,0.59482265,1.7035007
Ptprd,1821,0.35450482,-0.009244508,0.5748958,0.0799248,0.6251274,2.1853943,0.36374933,0.494971,1.560267
Ptpro,858,0.32898393,0.12630895,0.64529896,0.5732178,0.47039035,0.51199996,0.20267498,0.07208115,0.041609615
Ptprt,1915,0.14708574,0.11790509,0.5834932,0.44990954,0.5675252,0.6559471,0.029180653,0.13358364,0.08842188
Ptpru,1715,0.27908346,0.11960652,0.6244053,0.5738719,0.41551828,0.44222525,0.15947694,0.050533414,0.026706964
Pvalb,41,0.40951183,-0.023024997,0.70836735,0.18355834,0.8675428,2.504436,0.43253684,0.524809,1.6368933
Pycard,1439,0.08748641,0.1429547,0.32250518,0.24487615,0.54772234,0.60796964,-0.0554683,0.07762903,0.060247302
R3hdm1,1496,0.42967498,0.02310945,0.69401145,0.09638039,0.64283806,2.4650655,0.40656555,0.59763104,1.8222275
Rab15,1728,0.54931945,0.053012315,0.72820264,0.13031502,0.57226586,2.1430209,0.49630713,0.59788764,1.570755
Rab26,1452,0.30788502,0.19638886,0.6280162,0.5798334,0.5150919,0.5502497,0.111496165,0.048182786,0.0351578
Rab37,323,0.4623851,0.15724008,0.7609369,0.67755824,0.30951574,0.34551808,0.30514503,0.08337867,0.036002338
Rab3b,390,0.35147524,0.04311204,0.63565475,0.1897466,0.653485,1.588389,0.3083632,0.44590813,0.93490404
Rab3c,784,0.4904851,0.078310475,0.69819903,0.24402525,0.6811885,1.5754424,0.41217464,0.4541738,0.8942539
Rab40b,990,0.48804784,0.23968227,0.69096994,0.57498556,0.51209545,0.5834013,0.24836557,0.11598438,0.07130587
Rac2,1661,0.111518085,0.23261674,0.26386657,0.29293308,0.47907364,0.47292113,-0.12109865,-0.029066503,-0.0061525106
Ramp3,108,0.43837646,0.19806118,0.7526045,0.67724556,0.5936446,0.6958335,0.24031527,0.07535893,0.102188885
Rap1gap,1584,0.54039,0.021835199,0.63396114,0.095142424,0.6389647,2.3378382,0.5185548,0.5388187,1.6988735
Rapgef5,1022,0.20125628,0.055176523,0.576546,0.3639755,0.59682417,0.7523065,0.14607975,0.21257052,0.15548235
Rapgefl1,1088,0.5022059,0.05378304,0.69521236,0.20216678,0.5254108,1.4893945,0.44842288,0.49304557,0.9639838
Rarb,641,0.622498,0.06520197,0.7115913,0.47044292,0.39476243,0.51223606,0.55729604,0.24114838,0.11747363
Rarres2,93,0.43367258,0.11137915,0.7534442,0.6421245,0.4791654,0.58258724,0.32229343,0.11131972,0.10342184
Rasal1,1288,0.35729203,0.2362441,0.6393958,0.60606366,0.54471403,0.5945306,0.12104793,0.03333211,0.04981655
Rasd1,190,0.44741407,0.1483937,0.7440699,0.65378255,0.43641067,0.4992716,0.29902035,0.09028733,0.062860936
Rasd2,183,0.6623544,0.08131538,0.6989767,0.19076581,0.70385075,1.8493,0.581039,0.5082109,1.1454493
Rasgef1a,1362,0.62561965,0.046801046,0.764919,0.13249922,0.5863798,2.2247245,0.5788186,0.63241976,1.6383448
Rasgef1c,924,0.304501,0.2566109,0.6550169,0.632739,0.45212808,0.46561155,0.047890097,0.022277892,0.013483465
Rasgrf2,524,0.4683287,0.022384576,0.65675807,0.11407295,0.6241302,2.1537514,0.44594413,0.54268515,1.5296211
Rasgrp1,749,0.5985101,0.010795499,0.7609784,0.13801937,0.66880447,2.4999008,0.5877146,0.622959,1.8310964
Rasgrp2,742,0.4815797,0.15895954,0.65612674,0.52110606,0.56914395,0.6684115,0.32262015,0.13502067,0.09926754
Rasl10a,414,0.51911026,0.066073634,0.7682595,0.23996925,0.49844122,1.7349243,0.45303664,0.5282903,1.2364831
Rasl11b,907,0.4450998,0.027962482,0.7252901,0.2130057,0.49769333,1.4564177,0.41713732,0.5122844,0.9587244
Rassf3,1700,0.14595252,0.09583017,0.6370123,0.6255397,0.42780435,0.42465857,0.05012235,0.011472583,-0.0031457841
Rbfox3,1564,0.587812,0.045713514,0.7551703,0.1409697,0.5772156,2.3104937,0.5420985,0.6142006,1.733278
Rbp1,417,0.28229275,0.028948136,0.6094461,0.2717462,0.6411271,1.2075415,0.25334463,0.33769992,0.56641436
Rbp4,939,0.18687369,0.10873524,0.66350883,0.63409704,0.39282057,0.4214226,0.07813845,0.029411793,0.028602034
Rcn3,1632,0.24463928,0.17297669,0.5385559,0.46460584,0.3175773,0.35285464,0.07166259,0.07395008,0.035277337
Rdh5,464,0.21043284,0.06190349,0.68280077,0.650958,0.27678218,0.28959814,0.14852935,0.03184277,0.012815952
Reln,896,0.02174688,0.18791743,0.0,0.5964059,0.6847362,0.5514362,-0.16617055,-0.5964059,-0.1333
Rem2,848,0.50187194,0.1254109,0.68603563,0.53814334,0.38452306,0.45005217,0.37646103,0.1478923,0.06552911
Rerg,1752,0.26165506,0.076565474,0.6060305,0.5532166,0.36427364,0.38169524,0.18508959,0.052813947,0.017421603
Resp18,109,0.7192025,0.051900107,0.838576,0.30356404,0.7059669,1.5906087,0.6673024,0.535012,0.8846418
Ret,1047,0.33798647,0.12467333,0.6966288,0.6378543,0.2818887,0.30174872,0.21331313,0.05877453,0.01986003
Rfx3,1369,0.20446146,0.1376969,0.5853164,0.54618436,0.45588806,0.47080472,0.06676455,0.03913206,0.014916658
Rgl1,1832,0.40432444,0.041911323,0.6109314,0.21527863,0.5488772,1.0205178,0.3624131,0.39565277,0.47164065
Rgs12,635,0.18763168,0.092502706,0.63684386,0.49753797,0.5317935,0.62700474,0.095128976,0.13930589,0.09521127
Rgs14,168,0.4070462,0.23453629,0.68798685,0.6137832,0.5475031,0.5958749,0.17250991,0.07420367,0.04837179
Rgs16,316,0.4009049,0.07641904,0.7370756,0.671135,0.4040897,0.4562012,0.32448584,0.06594062,0.052111506
Rgs2,1554,0.5190857,0.061195463,0.6443939,0.2839485,0.5853445,0.9142601,0.45789024,0.3604454,0.3289156
Rgs3,979,0.33928278,0.046590295,0.6545326,0.56574994,0.5277119,0.590642,0.29269248,0.08878267,0.06293005
Rgs4,467,0.19601476,0.06846918,0.6345636,0.19481175,0.89327794,2.51954,0.12754558,0.43975186,1.6262622
Rgs7bp,1946,0.4561466,0.06387088,0.7119449,0.23038493,0.6549966,1.8464183,0.39227572,0.48155993,1.1914217
Rgs8,1968,0.30178934,0.25319192,0.56206137,0.5531764,0.6074884,0.616294,0.048597425,0.008884966,0.008805633
Rgs9,115,0.77196693,0.1486349,0.8262941,0.5134308,0.5534179,0.9451866,0.623332,0.31286335,0.3917687
Rhog,668,0.4415482,0.1035249,0.67503196,0.36512232,0.59844494,0.9986863,0.3380233,0.30990964,0.40024137
Riiad1,670,0.35562602,0.008639938,0.72242665,0.65012807,0.3379722,0.38670906,0.3469861,0.07229859,0.04873687
Rilpl1,1290,0.33641508,0.009975287,0.6079371,0.12218916,0.54399836,1.6855097,0.3264398,0.48574793,1.1415113
Rimbp2,1961,0.45803395,0.025579497,0.66079813,0.1402085,0.5280643,1.6943946,0.43245447,0.52058965,1.1663303
Rims3,568,0.4519988,0.30706728,0.73713064,0.64126825,0.6833312,0.74710345,0.14493152,0.09586239,0.06377226
Rit2,1964,0.5307544,0.33578613,0.71411735,0.60947734,0.6020494,0.673971,0.19496825,0.10464001,0.07192159
Rnase4,1702,0.209837,0.038792673,0.5027675,0.19750176,0.59138006,0.97054595,0.17104433,0.30526572,0.3791659
Rnf112,1158,0.53356886,0.0016857134,0.72174287,0.11953189,0.634862,2.431222,0.5318831,0.602211,1.79636
Rnf13,1771,0.360038,-0.00475751,0.5859769,0.12355566,0.63735366,1.6047324,0.36479554,0.46242124,0.96737874
Robo3,516,0.27541673,0.128435,0.650322,0.5877144,0.41719818,0.42974615,0.14698173,0.062607646,0.01254797
Rora,238,0.464384,0.21895711,0.7143162,0.6270117,0.587426,0.67444676,0.24542688,0.08730447,0.087020755
Rorb,989,0.28461096,0.13130619,0.64280605,0.59671515,0.46965894,0.49902797,0.15330477,0.0460909,0.029369026
Rph3a,1756,0.49267456,0.0350505,0.6784391,0.14357434,0.6434037,2.2367973,0.45762405,0.5348647,1.5933936
Rprm,144,0.26046547,0.025682589,0.6281658,0.2106185,0.6938572,1.5812074,0.23478289,0.4175473,0.8873502
Rprml,786,0.5327852,0.034184273,0.7985366,0.19675846,0.6022968,2.0632393,0.4986009,0.60177815,1.4609425
Rrad,1749,0.20021136,0.012232538,0.6401488,0.62170845,0.19205566,0.19765349,0.18797882,0.018440366,0.00559783
Rreb1,1206,0.10939201,0.03190659,0.6098904,0.59631485,0.35189572,0.35936406,0.07748542,0.013575554,0.007468343
Rsph1,251,0.5515007,0.062900916,0.79595643,0.64266354,0.25248766,0.34058967,0.48859978,0.1532929,0.08810201
Rspo1,1086,0.15049098,0.082496375,0.679884,0.68074226,0.28252313,0.28518057,0.06799461,-0.0008582473,0.0026574433
Rtn4r,630,0.5683839,0.060560424,0.7991125,0.3123437,0.53655344,1.4881426,0.50782347,0.4867688,0.95158917
Rtn4rl1,1191,0.38843402,0.064678274,0.64364004,0.27303633,0.54708743,1.1471621,0.32375574,0.3706037,0.60007465
Rwdd2a,1635,0.40965757,0.18225203,0.66176194,0.5744357,0.4467044,0.49791196,0.22740553,0.08732623,0.051207572
Rxfp1,1834,0.16205715,0.10669523,0.6511133,0.63262844,0.23605187,0.23989224,0.05536192,0.01848483,0.003840372
Rxrg,388,0.5547104,0.1406595,0.7091079,0.5355518,0.440153,0.54434437,0.41405088,0.17355609,0.10419136
Ryr2,1476,0.46861184,0.03560858,0.6726497,0.17141342,0.5114238,1.4480764,0.43300325,0.50123626,0.93665254
Ryr3,1522,0.41578725,0.16872858,0.6235821,0.5257213,0.4197025,0.46729803,0.24705867,0.09786081,0.04759553
S100a10,1272,0.15366466,0.048332896,0.51701075,0.11148464,0.696317,2.2963023,0.10533176,0.4055261,1.5999854
S100a11,225,0.27798375,0.19646907,0.45848694,0.27316406,0.7234061,1.202529,0.08151469,0.18532288,0.47912288
S100a4,276,0.24146391,0.10444666,0.38728404,0.17098957,0.5640381,0.9292187,0.13701725,0.21629447,0.3651806
S100a6,83,0.2873756,0.17489196,0.49658343,0.20784353,1.1299683,2.621733,0.112483636,0.28873992,1.4917647
S1pr3,1024,0.09660088,0.1414569,0.41813192,0.36229625,0.3692054,0.39512444,-0.04485602,0.055835664,0.02591905
S1pr5,1278,0.37086987,0.15327612,0.6259258,0.5359095,0.43695354,0.49264702,0.21759376,0.090016305,0.055693477
Satb1,655,0.38019037,0.027464017,0.7230222,0.21697418,0.58427715,1.6488835,0.35272634,0.506048,1.0646063
Satb2,675,-0.092110306,0.13118811,0.0,0.6250308,0.65311664,0.5464011,-0.22329842,-0.6250308,-0.10671556
Scg2,220,0.5236916,0.014971749,0.7610042,0.13816077,0.7308161,2.0928328,0.50871986,0.62284344,1.3620167
Schip1,876,0.5455324,-0.0038116013,0.6950957,0.06624832,0.5960356,2.606727,0.549344,0.6288474,2.0106912
Scn3b,879,0.3537935,0.30265656,0.58361536,0.5596009,0.6143603,0.626885,0.05113694,0.024014473,0.012524724
Scn4b,125,0.68446285,0.11080595,0.73320895,0.33298534,0.6732258,1.3216593,0.5736569,0.4002236,0.6484335
Scn5a,1455,0.32807818,0.09664669,0.69555444,0.6370036,0.2496696,0.26598424,0.23143148,0.058550835,0.01631464
Scn7a,1238,0.16881077,0.0051526735,0.67283136,0.6594595,0.16561599,0.16957434,0.1636581,0.013371885,0.0039583445
Scnn1a,1855,0.18822342,-0.014493699,0.5798698,0.55395454,0.19254206,0.19773133,0.20271713,0.025915265,0.00518927
Scrt1,1245,0.37900937,0.042526614,0.6808229,0.20920007,0.66538227,1.7938089,0.33648276,0.47162282,1.1284267
Scube1,1732,0.21994132,0.13173863,0.6463221,0.62079525,0.2430141,0.24966,0.088202685,0.025526822,0.006645903
Sec14l5,1790,0.33934546,0.130309,0.622475,0.5506937,0.3652338,0.4087827,0.20903645,0.07178134,0.043548882
Sel1l3,1746,0.38427606,0.10574015,0.6485403,0.5452698,0.47537673,0.5350644,0.2785359,0.10327053,0.059687674
Sema3b,693,0.27049994,0.072483376,0.6915601,0.61419433,0.17638667,0.1991703,0.19801657,0.077365756,0.022783637
Sema3e,1975,0.030662866,0.099247485,0.0,0.5403912,0.5213627,0.4453623,-0.06858462,-0.5403912,-0.07600042
Sema4d,691,0.34657368,0.041778635,0.6126699,0.276269,0.594307,1.0460448,0.30479506,0.3364009,0.45173782
Sema5a,1208,-0.0074431244,0.08137185,0.0,0.555675,0.622768,0.5262039,-0.088814974,-0.555675,-0.096564114
Sema5b,1823,0.024376968,0.047848266,0.0,0.5606863,0.5039758,0.42547938,-0.023471298,-0.5606863,-0.07849643
Sema6a,1640,0.23582731,0.039521407,0.5741477,0.51925015,0.4873488,0.52749276,0.1963059,0.054897547,0.040143967
Sema7a,1944,0.3343041,0.009835557,0.64556664,0.16365223,0.6006924,1.721913,0.32446852,0.4819144,1.1212206
Sept4,258,0.6041038,0.006481906,0.711642,0.17193222,0.6754949,2.3810554,0.5976219,0.5397098,1.7055604
Sept9,1918,0.22801341,-0.0068535744,0.55866337,0.08865038,0.55964154,2.0864522,0.23486699,0.470013,1.5268106
Serpina3n,29,-0.01669577,0.18437894,0.26411173,0.23225284,1.2565963,1.4698921,-0.2010747,0.03185889,0.21329582
Serpina9,767,0.5449173,0.09393988,0.70483893,0.5348592,0.28946415,0.3481637,0.4509774,0.16997975,0.05869955
Serpinb1a,981,0.31558225,0.13612708,0.6484162,0.61353236,0.37699047,0.40852597,0.17945516,0.034883857,0.031535506
Serpind1,1942,0.12889923,0.05871601,0.7302939,0.7025103,0.1963386,0.20417672,0.07018322,0.027783632,0.00783813
Serpinf1,922,0.26383173,0.12330755,0.6423617,0.5878211,0.41327122,0.44301388,0.14052418,0.054540575,0.029742658
Serping1,433,0.35899755,0.16958703,0.72623426,0.6307679,0.3649424,0.4241624,0.18941052,0.095466375,0.059219986
Serpinh1,492,0.29452598,0.082027756,0.5487669,0.21793199,0.5463248,1.1622434,0.21249822,0.33083493,0.6159186
Serpini1,401,0.5499459,0.010921288,0.72962666,0.123853765,0.6555181,2.5563896,0.5390246,0.6057729,1.9008715
Sertm1,1694,0.016137522,0.17241883,0.0,0.5404064,0.47371387,0.40308198,-0.1562813,-0.5404064,-0.07063189
Sez6,820,0.5930289,0.012093778,0.7188944,0.105111085,0.6342383,2.374324,0.5809351,0.61378336,1.7400858
Sez6l,1553,0.61098075,0.00831502,0.7111392,0.114115685,0.58129114,2.1749523,0.6026657,0.5970235,1.5936611
Sfrp1,1737,0.08652947,0.05033822,0.5930226,0.5599789,0.2834327,0.29498255,0.03619125,0.033043683,0.01154986
Sfrp5,1978,0.29698503,0.07511027,0.7672618,0.7424581,0.24422185,0.25103235,0.22187476,0.024803698,0.006810501
Sgk1,1096,0.40861738,-0.011405211,0.5504982,0.057449188,0.7313996,2.3355691,0.42002258,0.493049,1.6041696
Sgms2,1622,0.23134744,0.061639,0.5692256,0.51335907,0.19762273,0.20976143,0.16970845,0.05586654,0.0121386945
Sh2d5,1562,0.57139444,0.047101196,0.6976145,0.16406012,0.562515,1.6248769,0.52429324,0.5335544,1.0623618
Sh3d19,1891,0.26713833,0.05093819,0.60782737,0.5506908,0.3507403,0.37649217,0.21620014,0.057136536,0.025751859
Sh3gl2,874,0.6364145,-0.0013842644,0.7404421,0.096705705,0.60830134,2.5526059,0.6377988,0.64373636,1.9443045
Sh3gl3,1773,0.25109884,0.018872717,0.55694264,0.5051787,0.5935076,0.65292364,0.23222612,0.05176395,0.059416056
Sh3rf2,1678,0.4523108,0.049465436,0.6572791,0.53155583,0.23520322,0.265345,0.40284535,0.12572324,0.030141786
Shisa6,484,0.24621451,0.095364355,0.5937725,0.5369977,0.43125454,0.44397703,0.15085015,0.056774795,0.012722492
Shisal1,822,0.0077629923,0.20353587,0.0,0.6237262,0.664182,0.5308446,-0.19577287,-0.6237262,-0.13333738
Shox2,152,0.60087186,0.18420367,0.81071144,0.6796496,0.33041477,0.4145305,0.41666818,0.13106185,0.084115714
Sidt1,1453,0.4641346,0.1212922,0.6992746,0.5126553,0.41630253,0.5585007,0.3428424,0.18661928,0.14219818
Sipa1l3,1853,0.1337923,0.112398945,0.52152014,0.49480835,0.4822465,0.49560842,0.021393351,0.026711792,0.013361931
Sirt1,1621,0.06380475,-0.0019009073,0.5269117,0.50955987,0.3620886,0.3709437,0.06570566,0.017351806,0.008855104
Sirt2,814,0.40277115,-0.007803226,0.5882656,0.09316188,0.65392166,2.3431797,0.41057438,0.49510372,1.6892581
Six3,216,0.47215843,0.127296,0.65555024,0.53305906,0.5021063,0.5832573,0.34486243,0.12249118,0.08115101
Slain1,1349,0.329016,0.035728134,0.56776494,0.3722022,0.5716802,0.7661493,0.29328787,0.19556275,0.1944691
Slc10a4,203,0.31252325,0.12292308,0.6422166,0.57422227,0.3453536,0.36372003,0.18960017,0.067994356,0.018366426
Slc12a2,664,0.41504225,0.10492274,0.6243861,0.4367105,0.5895226,0.7573781,0.3101195,0.18767557,0.1678555
Slc13a3,450,0.14875346,-0.0039890967,0.69962436,0.68047,0.4768208,0.50452554,0.15274256,0.01915437,0.027704746
Slc13a4,162,0.377074,0.12005218,0.83849907,0.7732199,0.25506067,0.2964712,0.2570218,0.065279186,0.041410536
Slc17a6,124,0.49118114,0.2467593,0.7760126,0.6546583,0.66005445,0.79078025,0.24442184,0.12135428,0.1307258
Slc17a8,736,0.1009567,0.07132452,0.5797836,0.56803936,0.22424392,0.2249854,0.02963218,0.011744261,0.0007414818
Slc18a2,245,0.18893422,0.043711137,0.67704624,0.6713631,0.14621806,0.14892326,0.14522308,0.005683124,0.0027052015
Slc18a3,268,0.21542718,0.09216916,0.63131064,0.5848723,0.30189368,0.30973244,0.12325802,0.046438336,0.007838756
Slc22a6,404,0.3384627,0.015672747,0.8700188,0.8435388,0.16774516,0.18479766,0.32278997,0.02647996,0.017052501
Slc22a8,611,0.20453525,-0.03970855,0.7618125,0.7379823,0.30471578,0.3258654,0.2442438,0.023830235,0.021149606
Slc24a2,738,0.558436,-0.022003332,0.714094,0.11054268,0.6519776,2.5621336,0.5804393,0.6035513,1.910156
Slc24a3,747,0.46657744,0.17302199,0.697315,0.47829998,0.63257766,0.82069653,0.29355544,0.219015,0.18811888
Slc25a22,960,0.5866441,0.025773963,0.72159594,0.112026654,0.5849161,2.4064074,0.5608702,0.6095693,1.8214912
Slc29a1,1844,0.18574394,0.06306961,0.5984207,0.5707991,0.4771583,0.4980526,0.12267433,0.027621567,0.020894289
Slc29a4,766,0.17910562,-0.020279478,0.57498485,0.5178004,0.37441912,0.39380106,0.1993851,0.057184458,0.01938194
Slc2a12,719,0.23397262,-0.022520324,0.6085041,0.52627933,0.2585253,0.2873447,0.25649294,0.08222479,0.028819382
Slc30a3,181,0.6583808,0.05203973,0.82982355,0.1840166,0.5694601,2.5213358,0.60634106,0.64580697,1.9518757
Slc31a1,1150,0.1684934,0.042164546,0.49982023,0.42909822,0.46232405,0.49264467,0.12632886,0.07072201,0.030320615
Slc32a1,441,0.62899876,0.1877075,0.77127665,0.487442,0.7153353,1.0300237,0.44129127,0.28383467,0.31468838
Slc35d3,758,0.54891807,0.0917825,0.7114354,0.5487588,0.3239394,0.39360133,0.45713556,0.16267657,0.069661915
Slc38a2,1981,0.25938764,-0.014208744,0.61284155,0.10566013,0.6425568,2.0899234,0.27359638,0.5071814,1.4473666
Slc39a10,1505,0.46749735,0.02061239,0.6802334,0.1211367,0.580265,2.275815,0.44688496,0.5590967,1.69555
Slc44a1,499,0.46225178,0.016218513,0.656122,0.16320828,0.62547004,1.7996502,0.44603327,0.49291375,1.1741802
Slc4a2,706,0.30828524,0.13199422,0.5895654,0.50943565,0.48677143,0.5402551,0.17629102,0.08012974,0.053483695
Slc5a5,1935,0.27641454,0.12120762,0.59587806,0.55279744,0.4391199,0.46772537,0.15520692,0.043080628,0.028605461
Slc5a7,173,0.260571,0.1133276,0.67073107,0.62157863,0.35813364,0.37667778,0.14724341,0.049152434,0.018544137
Slc6a11,370,0.6126568,0.2771198,0.81749773,0.6747108,0.6721932,0.8480511,0.335537,0.14278692,0.17585784
Slc6a13,339,0.341519,0.028243734,0.8238816,0.77910477,0.24699336,0.2827359,0.31327528,0.044776857,0.03574255
Slc6a20a,286,0.3244061,0.0005337104,0.80175996,0.7004223,0.35081074,0.4562857,0.3238724,0.10133767,0.10547495
Slc6a7,1565,0.357012,0.24092747,0.6178441,0.5670562,0.47310126,0.5039848,0.11608453,0.050787926,0.03088355
Slc7a11,1183,0.23579097,0.0070142695,0.63048,0.56696624,0.47309148,0.518834,0.2287767,0.063513756,0.04574251
Slc7a14,1616,0.37768173,0.2551379,0.61530304,0.54272515,0.5677105,0.599955,0.12254384,0.072577894,0.032244503
Slc8a1,1926,0.39364865,0.013101368,0.65025336,0.1308554,0.61730105,1.996573,0.38054729,0.519398,1.379272
Slc8a2,1498,0.5278335,0.092145585,0.7320416,0.28948146,0.5734097,1.2959356,0.43568793,0.44256014,0.72252595
Slco1c1,1532,0.18088134,-0.036398474,0.55097055,0.5167369,0.5315385,0.56709146,0.2172798,0.03423363,0.03555298
Slit1,873,0.26469198,0.17175563,0.57468826,0.5432558,0.43292704,0.44332305,0.09293635,0.03143245,0.010396004
Slitrk6,776,0.37674665,0.13676535,0.7555332,0.7042885,0.22986634,0.24756104,0.23998131,0.051244736,0.017694697
Smco3,1547,0.30037,0.10071716,0.65124816,0.60310113,0.34305024,0.37467167,0.19965285,0.048147023,0.031621426
Smoc2,959,0.3036994,0.07283869,0.6074001,0.5561319,0.29724762,0.3136517,0.23086071,0.05126822,0.016404092
Smpd3,1268,0.5169268,0.20710278,0.6596918,0.502101,0.5449481,0.6354724,0.30982405,0.1575908,0.090524316
Snca,368,0.67398787,0.039638497,0.8194062,0.15582195,0.64398336,2.57152,0.63434935,0.66358423,1.9275367
Sncg,103,0.4556804,0.09196929,0.7787326,0.7040412,0.37768242,0.44549108,0.36371112,0.074691415,0.06780866
Sorbs2,1527,0.42851698,0.05766501,0.68591213,0.18865538,0.56543523,1.8090862,0.37085196,0.49725676,1.2436509
Sorl1,1763,0.15950501,-0.03459015,0.5998097,0.05343832,0.6824476,2.4911313,0.19409516,0.5463714,1.8086836
Sostdc1,52,0.42751074,0.09328109,0.6829533,0.47271454,0.24105911,0.31199765,0.33422965,0.21023875,0.07093854
Sowaha,847,0.56515783,0.09757783,0.7469755,0.29019472,0.5913767,1.2712004,0.46758,0.45678076,0.6798237
Sowahc,1983,0.16328728,0.055539835,0.49419594,0.44624043,0.34241828,0.35775173,0.10774745,0.047955513,0.015333444
Sox1,849,0.24231572,0.034200788,0.6361868,0.5792746,0.45616615,0.4792194,0.20811494,0.056912184,0.023053259
Sox10,605,0.43162858,0.16217092,0.6577637,0.54895145,0.54533154,0.6533806,0.26945767,0.10881227,0.108049035
Sox11,1708,0.15579109,0.023592785,0.5990108,0.5642347,0.43243775,0.44641903,0.1321983,0.03477615,0.013981283
Sox2ot,1811,0.28023636,0.11764243,0.61427593,0.57449937,0.43411496,0.46726826,0.16259393,0.039776564,0.033153296
Sp9,1646,0.34017786,0.06491823,0.62529707,0.5511287,0.34442246,0.37338117,0.27525964,0.074168384,0.028958708
Sphk1,1110,0.20824832,0.073371306,0.74026746,0.7025761,0.1753623,0.19037108,0.13487701,0.037691355,0.015008777
Sphkap,608,0.48516798,0.016690638,0.6664037,0.14062947,0.6133451,1.9148935,0.46847734,0.52577424,1.3015485
Spink8,77,-0.018222189,0.11982662,0.0,0.5833176,0.4171956,0.3456464,-0.13804881,-0.5833176,-0.07154918
Spint2,360,0.44192532,-0.012212482,0.69424874,0.57741964,0.49981454,0.59875435,0.4541378,0.1168291,0.098939806
Spock3,701,0.4450887,0.17976846,0.57037777,0.38400447,0.7232258,0.96030873,0.26532024,0.1863733,0.23708296
Spon1,1560,0.32022607,0.14058694,0.6504502,0.5751433,0.5714702,0.6182927,0.17963913,0.07530695,0.04682249
Spp1,2001,0.19502197,0.3765935,0.24561985,0.37956154,1.2943391,2.3357224,-0.18157153,-0.1339417,1.0413834
Sprn,1188,0.5748406,0.03529714,0.7267115,0.16066092,0.54873544,2.0782113,0.53954345,0.5660506,1.5294759
Sptbn2,1279,0.503875,0.030815832,0.80468994,0.14754297,0.6804795,2.558525,0.47305918,0.657147,1.8780456
Srgn,468,0.25783312,0.16732414,0.36455426,0.21782972,0.6959801,1.449226,0.09050898,0.14672454,0.75324595
Sst,32,0.20906664,0.022379326,0.6598025,0.18427634,1.0039078,2.6766274,0.18668732,0.47552615,1.6727196
Sstr2,969,-0.030592544,0.17674851,0.0,0.63292557,0.4922973,0.38709593,-0.20734106,-0.63292557,-0.10520136
St6galnac5,811,0.15825312,0.23016094,0.5962254,0.59618753,0.5571907,0.543999,-0.07190782,3.784895e-05,-0.0131917
St8sia3,1053,0.58192605,0.110484846,0.6680332,0.22777174,0.60457784,1.3180126,0.4714412,0.44026142,0.71343476
Stab1,639,0.20046614,0.10025904,0.36637568,0.15137121,0.57501024,1.1343919,0.1002071,0.21500447,0.55938166
Stac2,829,0.2210748,0.016256675,0.69184685,0.24389093,0.59769267,1.3479646,0.20481813,0.4479559,0.750272
Stard8,1176,0.010087716,0.06487767,0.0,0.5770542,0.4888825,0.40613905,-0.05478995,-0.5770542,-0.082743466
Stat1,1959,0.062482405,0.057750124,0.38747397,0.2502293,0.56065553,0.6420624,0.004732281,0.13724467,0.08140689
Steap2,1497,0.2427575,0.01980712,0.5433983,0.48520398,0.334622,0.35560533,0.22295038,0.05819434,0.020983338
Stk32c,1534,0.4325975,0.1385567,0.6755404,0.41291198,0.57556874,0.85380703,0.2940408,0.2626284,0.2782383
Stra6,1578,0.11866944,0.10846297,0.6067243,0.580916,0.26015854,0.2666918,0.010206476,0.025808334,0.006533265
Strip2,412,0.48368576,0.10581269,0.69849926,0.5650577,0.53188443,0.6232567,0.37787306,0.13344157,0.09137225
Strn,1765,0.41402444,0.07059368,0.54769826,0.35778737,0.5887218,0.71777266,0.34343076,0.18991089,0.12905085
Stum,536,0.45170903,0.028889425,0.7228791,0.23855437,0.63489956,1.6654681,0.4228196,0.48432475,1.0305686
Stx1a,331,0.61307997,0.037119705,0.82500106,0.18593808,0.6677998,2.6932297,0.5759603,0.639063,2.02543
Stxbp6,1080,0.11723435,0.18831521,0.58969074,0.5849108,0.58528185,0.5780434,-0.07108086,0.004779935,-0.0072384477
Sulf1,206,0.15102942,0.035336744,0.5973703,0.29335478,0.45976368,0.7085543,0.115692675,0.30401555,0.24879065
Sv2b,334,0.7332399,7.25569e-05,0.85637504,0.17618255,0.59277827,2.6263568,0.73316735,0.6801925,2.0335786
Sv2c,771,0.52408177,0.14429274,0.71818453,0.560962,0.513845,0.60636413,0.37978902,0.15722251,0.092519104
Syn2,439,0.59336865,0.01105136,0.71506953,0.08754909,0.66371113,2.5475812,0.5823173,0.62752044,1.8838701
Syndig1l,275,0.6411182,0.121230446,0.7202127,0.48893514,0.49315575,0.67436427,0.5198878,0.23127756,0.18120852
Syne1,1816,0.45357856,0.0722337,0.694743,0.23632681,0.58676887,1.4686044,0.38134485,0.45841616,0.8818356
Synpo,1179,0.5014886,0.042924527,0.7581172,0.22005743,0.55610615,1.7151765,0.4585641,0.5380598,1.1590703
Synpo2,211,0.5276453,0.18798207,0.7943034,0.6856365,0.41094676,0.49227366,0.3396632,0.1086669,0.0813269
Synpr,233,0.53760695,0.08469201,0.74085236,0.26676622,0.67675686,1.6408311,0.45291495,0.47408614,0.96407425
Syt13,1163,0.635745,-0.00091566634,0.73285764,0.10418112,0.5916467,2.4664514,0.63666064,0.62867653,1.8748047
Syt17,537,0.37577495,0.2799092,0.61473507,0.5707517,0.48824456,0.51584107,0.095865756,0.04398334,0.027596503
Syt2,538,0.23072271,0.116666056,0.63123226,0.5882569,0.5258131,0.5480717,0.114056654,0.042975366,0.02225858
Syt5,1957,0.5722137,0.008558372,0.70530635,0.077477604,0.59618187,2.3391857,0.5636553,0.6278287,1.7430038
Syt6,477,0.42208537,0.07059779,0.65857506,0.5560866,0.45310768,0.5161254,0.35148758,0.10248846,0.063017696
Syt7,996,0.52165717,0.017007368,0.6899901,0.14316386,0.6275535,2.105115,0.5046498,0.54682624,1.4775615
Syt9,198,0.2637373,0.15057775,0.71905416,0.6761456,0.37919316,0.38659975,0.11315954,0.04290855,0.0074065924
Sytl2,1528,0.26369762,0.025089316,0.65025926,0.24284728,0.5264829,1.1201984,0.2386083,0.407412,0.5937155
Tac1,45,0.7344634,0.056191135,0.84216577,0.3042054,0.71661544,1.9763697,0.67827225,0.5379604,1.2597543
Tac2,9,0.120096266,0.102073036,0.6014895,0.64166886,0.5956804,0.6111164,0.01802323,-0.04017937,0.015435994
Tacr1,1217,0.26539227,0.08330519,0.5855841,0.5341582,0.2785394,0.28893548,0.1820871,0.051425934,0.010396093
Tafa1,623,0.4424301,0.2439125,0.6889887,0.6014704,0.40229306,0.44911608,0.1985176,0.087518275,0.046823025
Tafa2,235,0.42044353,0.20760465,0.6210563,0.4317819,0.5563137,0.7209036,0.21283889,0.18927443,0.16458988
Tafa4,1252,0.3158503,0.10681016,0.7333274,0.6944904,0.15927306,0.16530909,0.20904014,0.038837016,0.0060360283
Tagln,247,0.3190012,0.26010022,0.6618805,0.58811057,0.52073973,0.5727223,0.058900982,0.07376993,0.05198258
Tagln2,797,0.24249463,0.114760496,0.41133562,0.18365695,0.6146699,1.1696228,0.12773412,0.22767867,0.55495286
Tanc1,899,0.2683079,0.09426031,0.60575795,0.554038,0.47730622,0.49721822,0.17404759,0.051719964,0.019912004
Tbc1d8,1485,0.44161424,0.101686776,0.583937,0.45576164,0.45031857,0.51060885,0.33992746,0.12817535,0.060290277
Tbc1d9,1896,0.31789273,0.009152597,0.5576342,0.1182754,0.5368899,1.6829144,0.30874014,0.43935877,1.1460245
Tbr1,400,0.4522799,0.05592202,0.79156494,0.21324237,0.63750124,2.2447686,0.39635786,0.5783226,1.6072674
Tcap,1224,-0.06863835,0.17540355,0.0,0.7531728,0.33880368,0.22202659,-0.24404189,-0.7531728,-0.11677709
Tcerg1l,1475,0.29160956,0.075041674,0.63605344,0.5889866,0.3380152,0.35891518,0.21656787,0.047066867,0.020899981
Tcf4,1894,0.2629024,0.01949486,0.6597227,0.115890004,0.6687862,2.4338653,0.24340755,0.54383266,1.765079
Tcf7l2,51,0.52843857,0.21728499,0.8101661,0.6990703,0.611229,0.7703996,0.3111536,0.111095846,0.15917057
Tcn2,1197,0.2026806,0.046331923,0.53096086,0.2859931,0.52173656,0.7083977,0.15634868,0.24496776,0.18666112
Tenm2,1720,0.18760186,0.19350946,0.588782,0.5671713,0.51001537,0.51565737,-0.005907595,0.021610737,0.005641997
Tesc,564,0.5778455,0.088144995,0.76623815,0.27164117,0.6169403,1.6646061,0.48970053,0.494597,1.0476658
Tgfa,1817,0.38341263,0.010404653,0.5653345,0.4276192,0.52630043,0.5980391,0.37300798,0.13771531,0.07173866
Tgfbi,282,0.25244668,0.19348733,0.30610445,0.20359534,0.5396928,1.0891103,0.05895935,0.10250911,0.54941744
Th,221,0.25550282,0.08831886,0.67334574,0.645428,0.26583275,0.27881235,0.16718397,0.027917743,0.012979597
Thbd,310,0.26367474,0.09796798,0.7505221,0.6855974,0.35346827,0.411276,0.16570675,0.06492466,0.057807744
Thbs4,143,0.08749217,0.22251196,0.4779497,0.4465489,0.46228433,0.46198192,-0.1350198,0.0314008,-0.00030240417
Thsd4,1359,0.057771113,0.021920046,0.6375448,0.6351826,0.19871633,0.20108072,0.03585107,0.0023621917,0.002364397
Tiam1,597,0.27497506,0.2710194,0.62931645,0.6176742,0.600415,0.6120939,0.0039556623,0.011642277,0.011678934
Tiam2,1186,0.5055826,0.06824245,0.7114666,0.324145,0.52190113,0.9713356,0.4373401,0.38732162,0.44943446
Timp2,1738,0.36512804,-0.03734098,0.6546524,0.06181774,0.6585033,2.4899955,0.402469,0.59283465,1.8314922
Timp3,1083,0.31124362,0.010951705,0.6610184,0.31361187,0.63679856,1.1053349,0.30029193,0.3474065,0.46853632
Tm4sf1,432,0.34462038,0.08144282,0.6023235,0.24290629,0.5421147,1.1295778,0.26317757,0.3594172,0.5874631
Tmbim1,1456,0.3350068,0.10654554,0.5936155,0.4202229,0.5538702,0.70772153,0.22846127,0.17339256,0.15385133
Tmem125,1267,0.30818766,0.1099963,0.65397936,0.6100832,0.34855175,0.37472543,0.19819137,0.04389614,0.026173681
Tmem130,240,0.6970255,0.17976254,0.82276034,0.50963205,0.6133655,0.96931475,0.51726294,0.3131283,0.35594928
Tmem132a,1114,0.6073099,0.001594274,0.76890945,0.10864568,0.5992984,2.5788646,0.60571563,0.6602638,1.9795661
Tmem132e,1648,0.23262608,0.15146129,0.6153231,0.57316226,0.37636855,0.3896562,0.08116479,0.04216087,0.013287634
Tmem145,1503,0.357795,0.19315504,0.638887,0.56292707,0.44820344,0.4852077,0.16463996,0.07595992,0.037004262
Tmem158,303,0.7054982,0.09200262,0.7550513,0.2246268,0.6341652,1.5980682,0.6134956,0.53042454,0.963903
Tmem163,966,0.30674538,0.1350637,0.6489851,0.60879546,0.5224361,0.55608785,0.17168169,0.040189624,0.03365177
Tmem176b,1969,0.16580857,0.04357094,0.5709321,0.2523458,0.6659346,1.1066206,0.12223764,0.3185863,0.44068593
Tmem178,985,0.41247597,0.009627569,0.7120163,0.19984251,0.5446079,1.5203317,0.4028484,0.5121738,0.97572386
Tmem212,53,0.6325788,0.08923528,0.8627877,0.6949465,0.2368766,0.3768746,0.5433435,0.1678412,0.13999799
Tmem215,871,0.31179014,0.16922812,0.6780177,0.6204565,0.32143512,0.34217203,0.14256202,0.05756116,0.020736903
Tmem252,1669,0.079436235,0.10678635,0.39294457,0.3461959,0.32347667,0.32542083,-0.027350113,0.046748668,0.0019441545
Tmem255a,628,0.52525306,0.13716015,0.76168495,0.6459927,0.45586884,0.55485076,0.3880929,0.11569226,0.09898192
Tmem35a,1655,0.33772492,0.21831794,0.59069234,0.52915585,0.5191298,0.550114,0.11940698,0.06153649,0.030984163
Tmem56,1845,0.3654405,0.21574946,0.63488865,0.5674297,0.52491665,0.56976664,0.14969103,0.06745893,0.04484999
Tmem59l,1735,0.6453002,0.024812898,0.7348191,0.08677586,0.5894342,2.4364178,0.62048733,0.6480433,1.8469837
Tmem63a,741,0.39635715,0.18683346,0.6506107,0.5754196,0.50093776,0.5740661,0.2095237,0.07519108,0.07312834
Tmem88b,403,0.56741357,0.24399848,0.72944164,0.5866254,0.5496425,0.7077982,0.3234151,0.14281625,0.15815568
Tmem91,867,0.5450349,0.20905836,0.7652138,0.63889563,0.51738024,0.6342072,0.33597654,0.12631816,0.11682695
Tmem98,1153,0.31591,0.17397684,0.6167054,0.55867976,0.41465905,0.4583495,0.14193317,0.058025658,0.043690443
Tnc,526,0.11814877,0.25465477,0.424435,0.3950547,0.3877283,0.43999186,-0.13650599,0.029380292,0.052263558
Tnfaip6,826,0.40249705,0.14793898,0.6557994,0.56273746,0.455151,0.5225589,0.2545581,0.093061924,0.067407936
Tnfaip8l3,1836,-0.0043822327,0.09395202,0.0,0.55404633,0.30202475,0.25307965,-0.09833425,-0.55404633,-0.0489451
Tnfrsf1a,1770,0.19348665,0.19404054,0.4556172,0.39168105,0.50440717,0.54537165,-0.00055389106,0.063936144,0.040964484
Tnnc1,934,0.19130011,0.15324193,0.6538181,0.6445419,0.28591844,0.29394764,0.038058177,0.009276152,0.008029193
Tnnt1,85,0.39851984,0.12736297,0.7639792,0.73699236,0.3836998,0.4082675,0.27115688,0.026986837,0.024567693
Tpbg,1536,0.26523015,0.05661727,0.6116259,0.5439499,0.44380817,0.46847734,0.20861287,0.06767601,0.02466917
Tpbgl,1888,0.09649602,0.002549497,0.52975476,0.51428396,0.25754842,0.2594438,0.093946524,0.015470803,0.0018953681
Tpm2,1431,0.19756134,0.046465654,0.62019634,0.583807,0.4083853,0.42596415,0.15109569,0.03638935,0.01757884
Tppp3,565,0.5044468,0.07451383,0.7082536,0.39766017,0.6142262,0.9887809,0.42993298,0.31059346,0.3745547
Tprn,1095,0.37940946,0.14711419,0.6099322,0.51440877,0.49014208,0.5575874,0.23229527,0.09552342,0.06744531
Trbc2,340,-0.086455844,0.06445184,0.0,0.71777344,0.69206446,0.5037758,-0.1509077,-0.71777344,-0.18828869
Trem2,1242,0.025866898,0.08354179,0.0,0.154819,0.80201626,1.4421781,-0.057674892,-0.154819,0.6401619
Trf,31,0.5775866,0.20147099,0.77434653,0.3520719,0.9836852,2.4268007,0.37611562,0.42227462,1.4431155
Trh,19,0.412843,0.11522428,0.6361503,0.55626124,0.4426351,0.49338403,0.29761872,0.07988906,0.050748944
Trhde,1837,0.20717008,0.09178317,0.61168444,0.5755934,0.3407056,0.35696363,0.11538691,0.03609103,0.016258031
Trhr,1659,0.20679788,0.07446302,0.68279904,0.66752833,0.16602577,0.17038931,0.13233486,0.01527071,0.004363537
Trim59,1371,0.31654912,0.14613569,0.6244244,0.57520086,0.4265605,0.45939055,0.17041343,0.049223542,0.03283006
Trim9,1980,0.51778406,0.011971976,0.70567256,0.08871275,0.5870098,2.4519258,0.5058121,0.6169598,1.864916
Trp53i11,543,0.31253782,0.03142911,0.63232154,0.2554405,0.6170411,1.3020822,0.2811087,0.37688103,0.68504107
Trpm3,256,0.3153834,-0.010486285,0.5942637,0.34219885,0.5160393,0.73143023,0.32586968,0.25206482,0.21539092
Tshz2,697,0.17039983,0.1106204,0.5861815,0.5657268,0.43315855,0.4326901,0.059779428,0.020454705,-0.0004684329
Tspan13,1643,0.51453716,-0.0034720262,0.690682,0.0703536,0.5889542,2.4434216,0.5180092,0.6203284,1.8544674
Tspan15,1372,0.3128523,0.12062461,0.62131304,0.5544769,0.48055223,0.53367287,0.19222769,0.06683612,0.053120643
Tspan18,556,0.21451913,0.042706203,0.62633026,0.5983393,0.21782333,0.22466485,0.17181292,0.027990937,0.0068415254
Tspan2,172,0.6592751,0.10699246,0.7658275,0.35148677,0.64716667,1.3760575,0.55228263,0.4143407,0.72889084
Tspan33,1828,0.31637076,0.0677398,0.62113434,0.55060357,0.46624395,0.5134245,0.24863096,0.07053077,0.047180563
Tspo,523,0.2348937,0.12981689,0.44260302,0.2129981,0.65840167,1.1345247,0.105076805,0.22960491,0.47612303
Ttc9b,377,0.59817004,0.05986784,0.8106885,0.17590152,0.70576787,2.608936,0.5383022,0.63478696,1.9031682
Ttr,0,0.27123907,0.17841642,0.0,0.6258914,1.8135687,3.041186,0.092822656,-0.6258914,1.2276174
Ttyh2,678,0.4539636,0.178935,0.667686,0.5532631,0.55260116,0.64893985,0.2750286,0.11442286,0.09633869
Tunar,1457,0.36229733,0.18731736,0.68613386,0.6305097,0.36927152,0.3969718,0.17497997,0.055624187,0.027700275
Txnip,1519,0.27471352,0.08354788,0.62208575,0.4547181,0.46793392,0.5908687,0.19116563,0.16736764,0.12293479
Tyrobp,445,0.22690313,0.09940317,0.39513767,0.124222875,0.94403857,2.5768745,0.12749995,0.2709148,1.6328359
Ubash3b,1265,0.11434826,0.02647742,0.51563853,0.48105574,0.4737538,0.48513043,0.08787084,0.034582794,0.011376619
Ube2ql1,1344,0.60986,0.02656372,0.7172176,0.12801723,0.601265,2.2612607,0.5832963,0.5892004,1.6599958
Ucp2,602,0.2521897,0.13719304,0.50913006,0.25311777,0.7461054,1.2346365,0.11499666,0.2560123,0.48853117
Ugt8a,226,0.5690918,0.12829655,0.73336005,0.41966283,0.5854923,1.0015718,0.44079524,0.31369722,0.41607946
Ulk4,1818,0.13218565,-0.022508865,0.56856954,0.530276,0.41078863,0.44002715,0.15469451,0.03829354,0.029238522
Unc13a,1950,0.50823665,0.052847352,0.70438844,0.13981898,0.5804916,2.1921046,0.4553893,0.5645695,1.611613
Unc13c,958,0.34725013,0.1834224,0.6447491,0.58315104,0.5335229,0.57792944,0.16382773,0.061598063,0.044406533
Unc5a,1903,0.49986485,0.046239775,0.70586634,0.2135809,0.5200123,1.4281472,0.45362508,0.49228543,0.9081349
Unc5d,1627,0.34529516,0.20877016,0.6263954,0.5672917,0.40125135,0.4294674,0.136525,0.059103727,0.028216064
Usp29,1537,0.49743745,0.19563363,0.7177205,0.61074334,0.4607934,0.53438294,0.30180383,0.106977165,0.07358953
Vamp1,386,0.5417021,0.044467676,0.760205,0.31984293,0.67672056,1.3134431,0.4972344,0.44036204,0.6367225
Vamp8,1329,0.24249958,0.045542076,0.52721715,0.20226137,0.5633249,1.0509789,0.1969575,0.32495576,0.48765397
Vat1,423,0.4506645,0.02423527,0.73610896,0.60708565,0.5461005,0.6503956,0.4264292,0.12902331,0.104295075
Vat1l,347,0.5360133,0.13507007,0.78506637,0.59819883,0.59281874,0.73566055,0.40094322,0.18686754,0.14284182
Vav3,470,0.30991676,0.12346283,0.72128886,0.6753364,0.35655364,0.37038985,0.18645394,0.04595244,0.013836205
Vcam1,1713,0.1914389,0.027522461,0.5767241,0.46516714,0.479955,0.5426158,0.16391644,0.11155698,0.06266078
Vgf,1465,0.5265787,0.030939987,0.68617487,0.09301159,0.64603525,2.3131266,0.49563873,0.59316325,1.6670914
Vim,20,0.36338046,0.25241432,0.51325035,0.30668783,1.368559,2.2929604,0.110966146,0.20656252,0.9244014
Vip,39,0.011708577,0.09574845,0.0,0.626115,0.7409683,0.6477251,-0.08403987,-0.626115,-0.09324318
Vstm2b,1784,0.30670103,0.26653832,0.6296055,0.6031887,0.5177777,0.5401732,0.040162712,0.026416779,0.022395492
Vstm2l,1064,0.54729205,0.046264905,0.7213106,0.12568527,0.64915496,2.1943204,0.50102717,0.59562534,1.5451655
Vtn,380,0.15875275,-0.019485818,0.688909,0.35728565,0.64267975,1.1510482,0.17823857,0.33162335,0.50836843
Vwf,566,0.21623142,0.035142686,0.6079539,0.5554395,0.44180954,0.46602622,0.18108873,0.052514434,0.024216682
Vxn,224,-0.10113896,-0.0040938836,0.0,0.18076302,1.1653881,2.729769,-0.09704507,-0.18076302,1.5643809
Wasf1,804,0.6145584,0.030436223,0.74894696,0.109373964,0.60257894,2.5452678,0.5841222,0.639573,1.942689
Wdr6,318,0.66080445,0.04467957,0.80080885,0.26737568,0.6101413,1.4269356,0.61612487,0.5334332,0.8167943
Wfs1,155,0.36204982,0.02275843,0.66058564,0.18568166,0.81732744,1.8538965,0.3392914,0.474904,1.0365691
Whrn,1341,0.23864233,0.05977093,0.6353636,0.5935624,0.4577887,0.4912254,0.17887141,0.041801155,0.033436686
Wipf3,186,0.3805592,0.014609103,0.7057958,0.15337771,0.74820966,2.2606556,0.3659501,0.5524181,1.5124459
Yjefn3,454,0.21137126,0.1315351,0.5736649,0.54709804,0.4519523,0.47695693,0.07983616,0.026566863,0.025004625
Zbtb18,382,0.56577975,0.023066139,0.791781,0.17562161,0.6354048,2.5733516,0.5427136,0.6161594,1.9379468
Zbtb20,982,0.08040106,0.056756277,0.57378906,0.5366671,0.5878977,0.59233487,0.023644786,0.03712195,0.0044371486
Zcchc12,213,0.64039177,0.22083251,0.84931,0.66213953,0.6631577,0.90472776,0.41955924,0.18717045,0.24157006
Zdhhc22,734,0.36454225,0.2119575,0.65191114,0.58136535,0.5255384,0.56651616,0.15258475,0.07054579,0.040977776
Zfhx3,1489,0.32878897,0.11711737,0.6606948,0.586838,0.41085482,0.43584046,0.21167159,0.07385677,0.024985641
Zfp423,1576,0.33592114,0.12123573,0.7026889,0.6454579,0.3760817,0.40647927,0.21468541,0.05723095,0.030397564
Zic1,96,0.5795412,0.12944007,0.8289957,0.70372254,0.59074825,0.7811815,0.45010114,0.12527317,0.19043326
Zic4,674,0.29526708,0.041136514,0.74508935,0.69519186,0.24384661,0.26024875,0.25413057,0.049897492,0.01640214
Zic5,965,0.25745273,0.020972118,0.68693924,0.6492944,0.2430083,0.25568208,0.23648061,0.037644863,0.01267378
Zmat4,1061,0.387146,0.20369464,0.6663134,0.6028164,0.46012995,0.50343865,0.18345135,0.06349701,0.043308705
